workload,protocol,fold,query_id,predicted_assignment,hint,postgres_first_s,execution_first_s,first_timed_out,inference_s
JOB,base_query,base_query_a,10a,HNHHHH,HashJoin(mc cn) NestLoop(t mc cn) HashJoin(ci t mc cn) HashJoin(ci t mc cn rt) HashJoin(ci t mc cn rt chn) HashJoin(ci t mc cn rt chn ct),0.5806204304099083,2.9031021520495415,True,0.011260628700256348
JOB,base_query,base_query_a,10b,HNHHHH,HashJoin(mc cn) NestLoop(t mc cn) HashJoin(ci t mc cn) HashJoin(ci t mc cn rt) HashJoin(ci t mc cn rt chn) HashJoin(ci t mc cn rt chn ct),0.36309486627578735,1.8154743313789368,True,0.003840722143650055
JOB,base_query,base_query_a,10c,HHHHHH,HashJoin(mc cn) HashJoin(mc cn t) HashJoin(ci mc cn t) HashJoin(ci mc cn t chn) HashJoin(ci mc cn t chn ct) HashJoin(ci mc cn t chn ct rt),5.478261210024357,7.931686371564865,False,0.003975711762905121
JOB,base_query,base_query_a,13a,HNHHHHHH,HashJoin(mi it2) NestLoop(mc cn) HashJoin(mi_idx it1) HashJoin(mc cn mi_idx it1) HashJoin(mc cn mi_idx it1 ct) HashJoin(t mc cn mi_idx it1 ct) HashJoin(t mc cn mi_idx it1 ct kt) HashJoin(mi it2 t mc cn mi_idx it1 ct kt),3.759452171623707,6.352419994771481,False,0.009958483278751373
JOB,base_query,base_query_a,13b,HNNHNNHH,HashJoin(mi it2) NestLoop(mc t) NestLoop(miidx it) HashJoin(mc t miidx it) NestLoop(mc t miidx it cn) NestLoop(mc t miidx it cn ct) HashJoin(mi it2 mc t miidx it cn ct) HashJoin(mi it2 mc t miidx it cn ct kt),0.901690661907196,3.469696246087551,False,0.008432410657405853
JOB,base_query,base_query_a,13c,HNNHNNHH,HashJoin(mi it2) NestLoop(mc t) NestLoop(miidx it) HashJoin(mc t miidx it) NestLoop(mc t miidx it cn) NestLoop(mc t miidx it cn ct) HashJoin(mi it2 mc t miidx it cn ct) HashJoin(mi it2 mc t miidx it cn ct kt),0.8472070544958115,3.226751282811165,False,0.009098440408706665
JOB,base_query,base_query_a,13d,HNNHHHHH,HashJoin(mi it2) NestLoop(miidx it) NestLoop(t miidx it) HashJoin(t miidx it kt) HashJoin(mc t miidx it kt) HashJoin(mi it2 mc t miidx it kt) HashJoin(mi it2 mc t miidx it kt cn) HashJoin(mi it2 mc t miidx it kt cn ct),4.470435217022896,3.587814450263977,False,0.015584073960781097
JOB,base_query,base_query_a,16a,HHHHHHH,HashJoin(ci t) HashJoin(mk k) HashJoin(mc mk k) HashJoin(mc mk k cn) HashJoin(ci t mc mk k cn) HashJoin(n ci t mc mk k cn) HashJoin(n ci t mc mk k cn an),0.12747180461883545,0.6373590230941772,True,0.013437502086162567
JOB,base_query,base_query_a,16b,HHNNNHH,HashJoin(mk k) HashJoin(mc mk k) NestLoop(mc mk k cn) NestLoop(t mc mk k cn) NestLoop(ci t mc mk k cn) HashJoin(ci t mc mk k cn an) HashJoin(n ci t mc mk k cn an),15.015479139983654,8.936102226376534,False,0.012406624853610992
JOB,base_query,base_query_a,16c,HHNNNHH,HashJoin(mk k) HashJoin(mc mk k) NestLoop(mc mk k cn) NestLoop(t mc mk k cn) NestLoop(ci t mc mk k cn) HashJoin(ci t mc mk k cn an) HashJoin(n ci t mc mk k cn an),1.2663530632853508,2.092003472149372,False,0.013152465224266052
JOB,base_query,base_query_a,16d,HHNNNHH,HashJoin(mk k) HashJoin(mc mk k) NestLoop(mc mk k cn) NestLoop(t mc mk k cn) NestLoop(ci t mc mk k cn) HashJoin(ci t mc mk k cn an) HashJoin(n ci t mc mk k cn an),1.0040639117360115,2.015478380024433,False,0.014060541987419128
JOB,base_query,base_query_a,18a,HHHHHH,HashJoin(ci n) HashJoin(mi it1) HashJoin(mi_idx it2) HashJoin(t mi_idx it2) HashJoin(mi it1 t mi_idx it2) HashJoin(ci n mi it1 t mi_idx it2),7.898458912968636,5.97921322286129,False,0.0044784098863601685
JOB,base_query,base_query_a,18b,HHHHHH,HashJoin(ci n) HashJoin(mi it1) HashJoin(mi_idx it2) HashJoin(t mi_idx it2) HashJoin(mi it1 t mi_idx it2) HashJoin(ci n mi it1 t mi_idx it2),0.22944894433021545,1.1472447216510773,True,0.00535796582698822
JOB,base_query,base_query_a,18c,HHHHHH,HashJoin(mi it1) HashJoin(mi_idx it2) HashJoin(t mi_idx it2) HashJoin(mi it1 t mi_idx it2) HashJoin(ci mi it1 t mi_idx it2) HashJoin(n ci mi it1 t mi_idx it2),7.277804754674435,7.705050408840179,False,0.007182858884334564
JOB,base_query,base_query_a,1a,NNHH,NestLoop(mi_idx it) NestLoop(mc mi_idx it) HashJoin(mc mi_idx it ct) HashJoin(t mc mi_idx it ct),0.024187058210372925,0.12093529105186462,True,0.005209758877754211
JOB,base_query,base_query_a,1b,NNHH,NestLoop(mi_idx it) NestLoop(mc mi_idx it) HashJoin(mc mi_idx it ct) HashJoin(t mc mi_idx it ct),0.0015445873141288757,0.007722936570644379,True,0.004739917814731598
JOB,base_query,base_query_a,1c,NNHH,NestLoop(mi_idx it) NestLoop(mc mi_idx it) HashJoin(mc mi_idx it ct) HashJoin(t mc mi_idx it ct),0.0043245404958724976,0.021622702479362488,True,0.004548013210296631
JOB,base_query,base_query_a,1d,NNHH,NestLoop(mi_idx it) NestLoop(mc mi_idx it) HashJoin(mc mi_idx it ct) HashJoin(t mc mi_idx it ct),0.000966876745223999,0.004834383726119995,True,0.004523642361164093
JOB,base_query,base_query_a,20a,HHHHHHHHH,HashJoin(ci chn) HashJoin(mk k) HashJoin(cc mk k) HashJoin(t cc mk k) HashJoin(t cc mk k kt) HashJoin(ci chn t cc mk k kt) HashJoin(n ci chn t cc mk k kt) HashJoin(n ci chn t cc mk k kt cct1) HashJoin(n ci chn t cc mk k kt cct1 cct2),3.5338196009397507,4.501158110797405,False,0.03498896211385727
JOB,base_query,base_query_a,20b,HHHHHHHHH,HashJoin(ci n) HashJoin(ci n chn) HashJoin(mk k) HashJoin(cc mk k) HashJoin(t cc mk k) HashJoin(t cc mk k kt) HashJoin(ci n chn t cc mk k kt) HashJoin(ci n chn t cc mk k kt cct1) HashJoin(ci n chn t cc mk k kt cct1 cct2),1.3177167922258377,4.6384380385279655,False,0.026812858879566193
JOB,base_query,base_query_a,20c,HHHHHHHHH,HashJoin(ci chn) HashJoin(mk k) HashJoin(cc mk k) HashJoin(t cc mk k) HashJoin(t cc mk k kt) HashJoin(ci chn t cc mk k kt) HashJoin(ci chn t cc mk k kt cct1) HashJoin(ci chn t cc mk k kt cct1 cct2) HashJoin(n ci chn t cc mk k kt cct1 cct2),0.6594979912042618,3.297489956021309,True,0.025937460362911224
JOB,base_query,base_query_a,22a,HNHHHHHHHH,HashJoin(mi it1) NestLoop(mk k) HashJoin(mi_idx it2) HashJoin(mc mi_idx it2) HashJoin(mc mi_idx it2 cn) HashJoin(t mc mi_idx it2 cn) HashJoin(t mc mi_idx it2 cn kt) HashJoin(mk k t mc mi_idx it2 cn kt) HashJoin(mi it1 mk k t mc mi_idx it2 cn kt) HashJoin(mi it1 mk k t mc mi_idx it2 cn kt ct),0.358443446457386,1.79221723228693,True,0.04426638036966324
JOB,base_query,base_query_a,22b,HNHHHHHHHH,HashJoin(mi it1) NestLoop(mk k) HashJoin(mi_idx it2) HashJoin(mc mi_idx it2) HashJoin(mc mi_idx it2 cn) HashJoin(t mc mi_idx it2 cn) HashJoin(t mc mi_idx it2 cn kt) HashJoin(mk k t mc mi_idx it2 cn kt) HashJoin(mi it1 mk k t mc mi_idx it2 cn kt) HashJoin(mi it1 mk k t mc mi_idx it2 cn kt ct),0.18809515237808228,0.9404757618904114,True,0.04229295998811722
JOB,base_query,base_query_a,22c,HNHHHHHHHH,HashJoin(mi it1) NestLoop(mk k) HashJoin(mi_idx it2) HashJoin(mc mi_idx it2) HashJoin(mc mi_idx it2 cn) HashJoin(t mc mi_idx it2 cn) HashJoin(t mc mi_idx it2 cn kt) HashJoin(mk k t mc mi_idx it2 cn kt) HashJoin(mi it1 mk k t mc mi_idx it2 cn kt) HashJoin(mi it1 mk k t mc mi_idx it2 cn kt ct),1.6295182183384895,4.3984964191913605,False,0.0440516471862793
JOB,base_query,base_query_a,22d,HNNHHHHHHH,HashJoin(mi it1) NestLoop(mk k) NestLoop(mc mk k) HashJoin(mc mk k cn) HashJoin(mi it1 mc mk k cn) HashJoin(mi_idx it2) HashJoin(t mi_idx it2) HashJoin(t mi_idx it2 kt) HashJoin(mi it1 mc mk k cn t mi_idx it2 kt) HashJoin(mi it1 mc mk k cn t mi_idx it2 kt ct),0.5866287052631378,2.933143526315689,True,0.03218869864940643
JOB,base_query,base_query_a,27a,NNNHHHHHHHH,NestLoop(ml lt) NestLoop(mi ml lt) NestLoop(mi ml lt t) HashJoin(mi ml lt t cc) HashJoin(mi ml lt t cc mc) HashJoin(mi ml lt t cc mc mk) HashJoin(mi ml lt t cc mc mk k) HashJoin(mi ml lt t cc mc mk k cct1) HashJoin(mi ml lt t cc mc mk k cct1 cct2) HashJoin(mi ml lt t cc mc mk k cct1 cct2 cn) HashJoin(mi ml lt t cc mc mk k cct1 cct2 cn ct),0.0798066183924675,0.3195931687951088,False,0.09679850935935974
JOB,base_query,base_query_a,27b,NNNNHHHHHHH,NestLoop(ml lt) NestLoop(mc ml lt) NestLoop(mc ml lt cn) NestLoop(mc ml lt cn ct) HashJoin(mk mc ml lt cn ct) HashJoin(mk mc ml lt cn ct k) HashJoin(mi mk mc ml lt cn ct k) HashJoin(mi mk mc ml lt cn ct k t) HashJoin(mi mk mc ml lt cn ct k t cc) HashJoin(mi mk mc ml lt cn ct k t cc cct2) HashJoin(mi mk mc ml lt cn ct k t cc cct2 cct1),0.0759497582912445,0.33048582822084427,False,0.0747494250535965
JOB,base_query,base_query_a,27c,NNHHHHHHHHH,NestLoop(ml lt) NestLoop(cc ml lt) HashJoin(cc ml lt cct1) HashJoin(cc ml lt cct1 cct2) HashJoin(t cc ml lt cct1 cct2) HashJoin(t cc ml lt cct1 cct2 mc) HashJoin(t cc ml lt cct1 cct2 mc mi) HashJoin(t cc ml lt cct1 cct2 mc mi mk) HashJoin(t cc ml lt cct1 cct2 mc mi mk k) HashJoin(t cc ml lt cct1 cct2 mc mi mk k cn) HashJoin(t cc ml lt cct1 cct2 mc mi mk k cn ct),0.09277883917093277,0.38781820982694626,False,0.08584042638540268
JOB,base_query,base_query_a,32a,HNNHH,HashJoin(mk t1) NestLoop(mk t1 ml) NestLoop(mk t1 ml k) HashJoin(t2 mk t1 ml k) HashJoin(t2 mk t1 ml k lt),0.02180134505033493,0.08509966731071472,False,0.006074406206607819
JOB,base_query,base_query_a,32b,HNNHH,HashJoin(mk t1) NestLoop(mk t1 ml) NestLoop(mk t1 ml k) HashJoin(t2 mk t1 ml k) HashJoin(t2 mk t1 ml k lt),0.08330462872982025,0.39019593596458435,False,0.005419045686721802
JOB,base_query,base_query_a,5a,HHHH,HashJoin(mc ct) HashJoin(t mc ct) HashJoin(mi t mc ct) HashJoin(mi t mc ct it),0.1813460886478424,0.32763076573610306,False,0.004643529653549194
JOB,base_query,base_query_a,5b,HHHH,HashJoin(mc ct) HashJoin(t mc ct) HashJoin(mi t mc ct) HashJoin(mi t mc ct it),0.16592179238796234,0.4207531213760376,False,0.0044478848576545715
JOB,base_query,base_query_a,5c,HHHH,HashJoin(mc ct) HashJoin(t mc ct) HashJoin(mi t mc ct) HashJoin(mi t mc ct it),0.5617303401231766,2.6941804364323616,False,0.00424174964427948
JOB,base_query,base_query_a,9a,HHHHHHH,HashJoin(an n) HashJoin(ci an n) HashJoin(ci an n rt) HashJoin(mc cn) HashJoin(ci an n rt mc cn) HashJoin(chn ci an n rt mc cn) HashJoin(t chn ci an n rt mc cn),0.6741217374801636,3.370608687400818,True,0.014267593622207642
JOB,base_query,base_query_a,9b,HHHHHHH,HashJoin(an n) HashJoin(ci an n) HashJoin(ci an n rt) HashJoin(mc cn) HashJoin(ci an n rt mc cn) HashJoin(chn ci an n rt mc cn) HashJoin(t chn ci an n rt mc cn),0.5684668123722076,2.842334061861038,True,0.014631107449531555
JOB,base_query,base_query_a,9c,HHHHHHH,HashJoin(an n) HashJoin(ci an n) HashJoin(ci an n rt) HashJoin(mc ci an n rt) HashJoin(t mc ci an n rt) HashJoin(t mc ci an n rt cn) HashJoin(t mc ci an n rt cn chn),1.8051206320524216,5.5908840745687485,False,0.013782031834125519
JOB,base_query,base_query_a,9d,HHHHHHH,HashJoin(ci rt) HashJoin(an n) HashJoin(ci rt an n) HashJoin(t ci rt an n) HashJoin(t ci rt an n chn) HashJoin(mc cn) HashJoin(t ci rt an n chn mc cn),4.932755649089813,6.78691989928484,False,0.014041095972061157
JOB,base_query,base_query_b,12a,HNHHHHH,HashJoin(mi it1) NestLoop(mi_idx it2) HashJoin(mc mi_idx it2) HashJoin(mc mi_idx it2 cn) HashJoin(mc mi_idx it2 cn ct) HashJoin(t mc mi_idx it2 cn ct) HashJoin(mi it1 t mc mi_idx it2 cn ct),1.0089552849531174,2.4501331001520157,False,0.012840509414672852
JOB,base_query,base_query_b,12b,HHNHHHH,HashJoin(mi it1) HashJoin(mc t) NestLoop(mi_idx it2) HashJoin(mc t mi_idx it2) HashJoin(mc t mi_idx it2 cn) HashJoin(mc t mi_idx it2 cn ct) HashJoin(mi it1 mc t mi_idx it2 cn ct),0.006240934133529663,0.031204670667648315,True,0.013792119920253754
JOB,base_query,base_query_b,12c,HNHHHHH,HashJoin(mi it1) NestLoop(mi_idx it2) HashJoin(mc mi_idx it2) HashJoin(mc mi_idx it2 cn) HashJoin(mc mi_idx it2 cn ct) HashJoin(t mc mi_idx it2 cn ct) HashJoin(mi it1 t mc mi_idx it2 cn ct),4.282901421189308,3.0409070774912834,False,0.013743110001087189
JOB,base_query,base_query_b,14a,HNNHHHH,HashJoin(mi it1) NestLoop(mk k) NestLoop(mi_idx it2) HashJoin(t mi_idx it2) HashJoin(t mi_idx it2 kt) HashJoin(mk k t mi_idx it2 kt) HashJoin(mi it1 mk k t mi_idx it2 kt),0.441165030002594,2.20582515001297,True,0.01210986077785492
JOB,base_query,base_query_b,14b,HHHHHHH,HashJoin(mi t) HashJoin(mi t it1) HashJoin(mk k) HashJoin(mi_idx it2) HashJoin(mk k mi_idx it2) HashJoin(mi t it1 mk k mi_idx it2) HashJoin(mi t it1 mk k mi_idx it2 kt),0.07637690752744675,0.38188453763723373,True,0.012098543345928192
JOB,base_query,base_query_b,14c,HNNHHHH,HashJoin(mi it1) NestLoop(mk k) NestLoop(mi_idx it2) HashJoin(t mi_idx it2) HashJoin(t mi_idx it2 kt) HashJoin(mk k t mi_idx it2 kt) HashJoin(mi it1 mk k t mi_idx it2 kt),0.47162313014268875,2.3581156507134438,True,0.012655206024646759
JOB,base_query,base_query_b,17a,HHHHHH,HashJoin(ci n) HashJoin(mk k) HashJoin(mc mk k) HashJoin(mc mk k cn) HashJoin(t mc mk k cn) HashJoin(ci n t mc mk k cn),8.3059740960598,5.61477792263031,False,0.008785180747509003
JOB,base_query,base_query_b,17b,HHHHHH,HashJoin(ci n) HashJoin(mk k) HashJoin(t mk k) HashJoin(mc t mk k) HashJoin(ci n mc t mk k) HashJoin(ci n mc t mk k cn),4.916364811360836,4.726394675672054,False,0.0088796466588974
JOB,base_query,base_query_b,17c,HHHHHH,HashJoin(ci n) HashJoin(mk k) HashJoin(t mk k) HashJoin(mc t mk k) HashJoin(ci n mc t mk k) HashJoin(ci n mc t mk k cn),4.464103192090988,4.4290042370557785,False,0.008902795612812042
JOB,base_query,base_query_b,17d,HHHHHH,HashJoin(ci n) HashJoin(mk k) HashJoin(t mk k) HashJoin(mc t mk k) HashJoin(ci n mc t mk k) HashJoin(ci n mc t mk k cn),5.658944234251976,4.65529865026474,False,0.008908398449420929
JOB,base_query,base_query_b,17e,HNNNNH,HashJoin(mk k) NestLoop(mc mk k) NestLoop(mc mk k cn) NestLoop(t mc mk k cn) NestLoop(ci t mc mk k cn) HashJoin(n ci t mc mk k cn),7.955952100455761,4.719456844031811,False,0.008941471576690674
JOB,base_query,base_query_b,17f,HHHHHH,HashJoin(ci n) HashJoin(mk k) HashJoin(t mk k) HashJoin(mc t mk k) HashJoin(mc t mk k cn) HashJoin(ci n mc t mk k cn),6.493402779102325,6.403037667274475,False,0.008420184254646301
JOB,base_query,base_query_b,25a,HNNNHHHH,HashJoin(mi it1) NestLoop(mk k) NestLoop(t mk k) NestLoop(ci t mk k) HashJoin(mi_idx it2) HashJoin(ci t mk k mi_idx it2) HashJoin(n ci t mk k mi_idx it2) HashJoin(mi it1 n ci t mk k mi_idx it2),1.9522379413247108,5.928635120391846,False,0.023013323545455933
JOB,base_query,base_query_b,25b,HNHHHHHH,HashJoin(mi it1) NestLoop(ci t) HashJoin(mk k) HashJoin(mi_idx it2) HashJoin(mk k mi_idx it2) HashJoin(ci t mk k mi_idx it2) HashJoin(n ci t mk k mi_idx it2) HashJoin(mi it1 n ci t mk k mi_idx it2),0.20671850442886353,1.0335925221443176,True,0.017142362892627716
JOB,base_query,base_query_b,25c,HNHHHHHH,HashJoin(mi it1) NestLoop(mk k) HashJoin(t mk k) HashJoin(mi it1 t mk k) HashJoin(ci mi it1 t mk k) HashJoin(mi_idx it2) HashJoin(ci mi it1 t mk k mi_idx it2) HashJoin(ci mi it1 t mk k mi_idx it2 n),5.044643007218838,7.419132649898529,False,0.01819029450416565
JOB,base_query,base_query_b,28a,HNNNHHHHHHHHH,HashJoin(mi it1) NestLoop(mk k) NestLoop(cc mk k) NestLoop(mc cc mk k) HashJoin(mc cc mk k cct2) HashJoin(t mc cc mk k cct2) HashJoin(t mc cc mk k cct2 kt) HashJoin(mi it1 t mc cc mk k cct2 kt) HashJoin(mi_idx it2) HashJoin(mi it1 t mc cc mk k cct2 kt mi_idx it2) HashJoin(mi it1 t mc cc mk k cct2 kt mi_idx it2 cct1) HashJoin(mi it1 t mc cc mk k cct2 kt mi_idx it2 cct1 cn) HashJoin(mi it1 t mc cc mk k cct2 kt mi_idx it2 cct1 cn ct),0.8413541540503502,4.206770770251751,True,0.25481224060058594
JOB,base_query,base_query_b,28b,HNNNHHHHHHHHH,HashJoin(mi it1) NestLoop(mk k) NestLoop(cc mk k) NestLoop(mc cc mk k) HashJoin(mc cc mk k cct2) HashJoin(t mc cc mk k cct2) HashJoin(t mc cc mk k cct2 kt) HashJoin(mi it1 t mc cc mk k cct2 kt) HashJoin(mi_idx it2) HashJoin(mi it1 t mc cc mk k cct2 kt mi_idx it2) HashJoin(mi it1 t mc cc mk k cct2 kt mi_idx it2 cct1) HashJoin(mi it1 t mc cc mk k cct2 kt mi_idx it2 cct1 cn) HashJoin(mi it1 t mc cc mk k cct2 kt mi_idx it2 cct1 cn ct),0.526406466960907,2.632032334804535,True,0.22125593572854996
JOB,base_query,base_query_b,28c,HNNNHHHHHHHHH,HashJoin(mi it1) NestLoop(mk k) NestLoop(cc mk k) NestLoop(mc cc mk k) HashJoin(t mc cc mk k) HashJoin(t mc cc mk k kt) HashJoin(mi it1 t mc cc mk k kt) HashJoin(mi_idx it2) HashJoin(mi it1 t mc cc mk k kt mi_idx it2) HashJoin(mi it1 t mc cc mk k kt mi_idx it2 cct1) HashJoin(mi it1 t mc cc mk k kt mi_idx it2 cct1 cct2) HashJoin(mi it1 t mc cc mk k kt mi_idx it2 cct1 cct2 cn) HashJoin(mi it1 t mc cc mk k kt mi_idx it2 cct1 cct2 cn ct),1.1592425107955933,4.303302377462387,False,0.24440276622772217
JOB,base_query,base_query_b,2a,HHHH,HashJoin(mk k) HashJoin(mc cn) HashJoin(mk k mc cn) HashJoin(t mk k mc cn),0.4946235865354538,1.0120136514306068,False,0.004910968244075775
JOB,base_query,base_query_b,2b,HHHH,HashJoin(mk k) HashJoin(mc cn) HashJoin(t mc cn) HashJoin(mk k t mc cn),0.3892000615596771,1.0410602390766144,False,0.0037764310836791992
JOB,base_query,base_query_b,2c,HHHH,HashJoin(mk k) HashJoin(mc cn) HashJoin(t mc cn) HashJoin(mk k t mc cn),0.36774277687072754,0.8688622340559959,False,0.004565209150314331
JOB,base_query,base_query_b,2d,HNNH,HashJoin(mk k) NestLoop(mc mk k) NestLoop(mc mk k cn) HashJoin(t mc mk k cn),0.5314609259366989,1.0699814707040787,False,0.00444001704454422
JOB,base_query,base_query_b,30a,HNNHHHHHHHH,HashJoin(mi it1) NestLoop(mk k) NestLoop(cc mk k) HashJoin(cc mk k cct1) HashJoin(t cc mk k cct1) HashJoin(ci t cc mk k cct1) HashJoin(mi_idx it2) HashJoin(ci t cc mk k cct1 mi_idx it2) HashJoin(n ci t cc mk k cct1 mi_idx it2) HashJoin(mi it1 n ci t cc mk k cct1 mi_idx it2) HashJoin(mi it1 n ci t cc mk k cct1 mi_idx it2 cct2),2.118618316948414,6.46084488928318,False,0.08206252008676529
JOB,base_query,base_query_b,30b,HNHHHHHHHHH,HashJoin(mi it1) NestLoop(ci t) HashJoin(mk k) HashJoin(cc mk k) HashJoin(cc mk k cct1) HashJoin(ci t cc mk k cct1) HashJoin(n ci t cc mk k cct1) HashJoin(mi it1 n ci t cc mk k cct1) HashJoin(mi_idx it2) HashJoin(mi it1 n ci t cc mk k cct1 mi_idx it2) HashJoin(mi it1 n ci t cc mk k cct1 mi_idx it2 cct2),0.3277008980512619,1.6385044902563095,True,0.07150386273860931
JOB,base_query,base_query_b,30c,HNHHHHHHHHH,HashJoin(mi it1) NestLoop(mk k) HashJoin(cc mk k) HashJoin(t cc mk k) HashJoin(mi it1 t cc mk k) HashJoin(ci mi it1 t cc mk k) HashJoin(mi_idx it2) HashJoin(ci mi it1 t cc mk k mi_idx it2) HashJoin(ci mi it1 t cc mk k mi_idx it2 cct1) HashJoin(ci mi it1 t cc mk k mi_idx it2 cct1 cct2) HashJoin(ci mi it1 t cc mk k mi_idx it2 cct1 cct2 n),2.045658975839615,7.193393059074879,False,0.07347387075424194
JOB,base_query,base_query_b,3a,HHH,HashJoin(mk k) HashJoin(mk k t) HashJoin(mi mk k t),1.4268985465168953,3.6815461441874504,False,0.0025710538029670715
JOB,base_query,base_query_b,3b,HHH,HashJoin(mk k) HashJoin(mk k t) HashJoin(mi mk k t),0.06457240134477615,0.32286200672388077,True,0.0026215165853500366
JOB,base_query,base_query_b,3c,HNH,HashJoin(mk k) NestLoop(mi mk k) HashJoin(t mi mk k),1.8214874565601349,1.3725766614079475,False,0.003562621772289276
JOB,base_query,base_query_b,4a,HHHH,HashJoin(mk k) HashJoin(mi_idx it) HashJoin(t mi_idx it) HashJoin(mk k t mi_idx it),0.1350385844707489,0.6751929223537445,True,0.0036228373646736145
JOB,base_query,base_query_b,4b,HHHH,HashJoin(mk k) HashJoin(mi_idx it) HashJoin(t mi_idx it) HashJoin(mk k t mi_idx it),0.11292567104101181,0.564628355205059,True,0.0042859092354774475
JOB,base_query,base_query_b,4c,HHHH,HashJoin(mk k) HashJoin(mi_idx it) HashJoin(t mi_idx it) HashJoin(mk k t mi_idx it),0.08079557865858078,0.4039778932929039,True,0.00439278781414032
JOB,base_query,base_query_b,6a,HHHH,HashJoin(ci n) HashJoin(mk k) HashJoin(t mk k) HashJoin(ci n t mk k),0.02463454008102417,0.12317270040512085,True,0.004208780825138092
JOB,base_query,base_query_b,6b,NHHH,NestLoop(ci t) HashJoin(ci t n) HashJoin(mk k) HashJoin(ci t n mk k),0.5970637202262878,1.1042670086026192,False,0.004927374422550201
JOB,base_query,base_query_b,6c,NHHH,NestLoop(ci t) HashJoin(ci t n) HashJoin(mk k) HashJoin(ci t n mk k),0.011540010571479797,0.05770005285739899,True,0.004779055714607239
JOB,base_query,base_query_b,6d,HHHH,HashJoin(ci n) HashJoin(mk k) HashJoin(t mk k) HashJoin(ci n t mk k),5.049897387623787,3.859762489795685,False,0.004767753183841705
JOB,base_query,base_query_b,6e,HHHH,HashJoin(ci n) HashJoin(mk k) HashJoin(t mk k) HashJoin(ci n t mk k),0.015145570039749146,0.07572785019874573,True,0.0049352943897247314
JOB,base_query,base_query_b,6f,HNHH,HashJoin(mk k) NestLoop(t mk k) HashJoin(ci t mk k) HashJoin(n ci t mk k),3.444357819855213,6.124259442090988,False,0.004952490329742432
JOB,base_query,base_query_c,11a,NNHHHHH,NestLoop(ml lt) NestLoop(mc ml lt) HashJoin(mc ml lt cn) HashJoin(mc ml lt cn ct) HashJoin(t mc ml lt cn ct) HashJoin(t mc ml lt cn ct mk) HashJoin(t mc ml lt cn ct mk k),0.0597853884100914,0.19549773633480072,False,0.012499921023845673
JOB,base_query,base_query_c,11b,HHHHHHH,HashJoin(ml t) HashJoin(ml t mc) HashJoin(ml t mc mk) HashJoin(ml t mc mk cn) HashJoin(ml t mc mk cn ct) HashJoin(ml t mc mk cn ct k) HashJoin(ml t mc mk cn ct k lt),0.02559657394886017,0.12798286974430084,True,0.012084543704986572
JOB,base_query,base_query_c,11c,HHHHHHH,HashJoin(ml mc) HashJoin(ml mc cn) HashJoin(ml mc cn ct) HashJoin(t ml mc cn ct) HashJoin(t ml mc cn ct mk) HashJoin(t ml mc cn ct mk k) HashJoin(t ml mc cn ct mk k lt),0.12997153401374817,0.3420775979757309,False,0.012928448617458344
JOB,base_query,base_query_c,11d,HNNHHHH,HashJoin(mk t) NestLoop(mk t ml) NestLoop(mk t ml k) HashJoin(mk t ml k lt) HashJoin(mc mk t ml k lt) HashJoin(mc mk t ml k lt ct) HashJoin(cn mc mk t ml k lt ct),0.09929066151380539,0.15020713210105896,False,0.012819662690162659
JOB,base_query,base_query_c,15a,HNHHHHHH,HashJoin(mi it1) NestLoop(mc cn) HashJoin(aka_t mc cn) HashJoin(t aka_t mc cn) HashJoin(mk t aka_t mc cn) HashJoin(mi it1 mk t aka_t mc cn) HashJoin(mi it1 mk t aka_t mc cn ct) HashJoin(mi it1 mk t aka_t mc cn ct k),0.7079700008034706,2.605469696223736,False,0.023855887353420258
JOB,base_query,base_query_c,15b,HNHHHHHH,HashJoin(mi it1) NestLoop(mc cn) HashJoin(at mc cn) HashJoin(t at mc cn) HashJoin(t at mc cn ct) HashJoin(mk t at mc cn ct) HashJoin(mi it1 mk t at mc cn ct) HashJoin(mi it1 mk t at mc cn ct k),0.054566316306591034,0.27283158153295517,True,0.01576399803161621
JOB,base_query,base_query_c,15c,HHHHHHHH,HashJoin(mi it1) HashJoin(mi it1 at) HashJoin(mc mi it1 at) HashJoin(mc mi it1 at cn) HashJoin(t mc mi it1 at cn) HashJoin(t mc mi it1 at cn ct) HashJoin(mk t mc mi it1 at cn ct) HashJoin(mk t mc mi it1 at cn ct k),0.8213805556297302,2.4209821224212646,False,0.018208496272563934
JOB,base_query,base_query_c,15d,HHHHHHHH,HashJoin(mi it1) HashJoin(mi it1 at) HashJoin(mc mi it1 at) HashJoin(mc mi it1 at cn) HashJoin(t mc mi it1 at cn) HashJoin(t mc mi it1 at cn ct) HashJoin(mk t mc mi it1 at cn ct) HashJoin(mk t mc mi it1 at cn ct k),0.8002559840679169,2.3351917266845703,False,0.015689082443714142
JOB,base_query,base_query_c,19a,HHHHHHHHH,HashJoin(mi it) HashJoin(an n) HashJoin(ci an n) HashJoin(ci an n rt) HashJoin(mc cn) HashJoin(ci an n rt mc cn) HashJoin(chn ci an n rt mc cn) HashJoin(t chn ci an n rt mc cn) HashJoin(mi it t chn ci an n rt mc cn),0.6202254146337509,3.1011270731687546,True,0.020397521555423737
JOB,base_query,base_query_c,19b,HHHHHHHHH,HashJoin(mi it) HashJoin(ci t) HashJoin(ci t rt) HashJoin(chn ci t rt) HashJoin(mi it chn ci t rt) HashJoin(mc cn) HashJoin(mi it chn ci t rt mc cn) HashJoin(an n) HashJoin(mi it chn ci t rt mc cn an n),0.36053840816020966,1.8026920408010483,True,0.01801394671201706
JOB,base_query,base_query_c,19c,HHHHHHHHH,HashJoin(mi it) HashJoin(an n) HashJoin(ci an n) HashJoin(ci an n rt) HashJoin(t ci an n rt) HashJoin(mi it t ci an n rt) HashJoin(chn mi it t ci an n rt) HashJoin(mc cn) HashJoin(chn mi it t ci an n rt mc cn),1.6200740113854408,7.150234527885914,False,0.0176936537027359
JOB,base_query,base_query_c,19d,HHHHHHHHH,HashJoin(ci rt) HashJoin(an n) HashJoin(ci rt an n) HashJoin(ci rt an n chn) HashJoin(mi it) HashJoin(mc cn) HashJoin(mc cn t) HashJoin(mi it mc cn t) HashJoin(ci rt an n chn mi it mc cn t),11.541226454079151,9.154072895646095,False,0.020552024245262146
JOB,base_query,base_query_c,21a,NNHHHHHH,NestLoop(ml lt) NestLoop(t ml lt) HashJoin(t ml lt mi) HashJoin(t ml lt mi mk) HashJoin(t ml lt mi mk mc) HashJoin(t ml lt mi mk mc k) HashJoin(t ml lt mi mk mc k cn) HashJoin(t ml lt mi mk mc k cn ct),0.08325603604316711,0.2829255014657974,False,0.013373121619224548
JOB,base_query,base_query_c,21b,NNNHHHHH,NestLoop(ml lt) NestLoop(mi ml lt) NestLoop(mi ml lt t) HashJoin(mi ml lt t mk) HashJoin(mi ml lt t mk mc) HashJoin(mi ml lt t mk mc k) HashJoin(mi ml lt t mk mc k cn) HashJoin(mi ml lt t mk mc k cn ct),0.05952189117670059,0.20322339236736298,False,0.01182883232831955
JOB,base_query,base_query_c,21c,NNHHHHHH,NestLoop(ml lt) NestLoop(mc ml lt) HashJoin(mc ml lt cn) HashJoin(mc ml lt cn ct) HashJoin(t mc ml lt cn ct) HashJoin(t mc ml lt cn ct mi) HashJoin(t mc ml lt cn ct mi mk) HashJoin(t mc ml lt cn ct mi mk k),0.06461533159017563,0.31314409524202347,False,0.010899022221565247
JOB,base_query,base_query_c,23a,HHHHHHHHHH,HashJoin(mi it1) HashJoin(cc cct1) HashJoin(t cc cct1) HashJoin(t cc cct1 kt) HashJoin(mc t cc cct1 kt) HashJoin(mc t cc cct1 kt cn) HashJoin(mk mc t cc cct1 kt cn) HashJoin(mi it1 mk mc t cc cct1 kt cn) HashJoin(mi it1 mk mc t cc cct1 kt cn ct) HashJoin(mi it1 mk mc t cc cct1 kt cn ct k),0.26845138520002365,1.3422569260001183,True,0.03520742803812027
JOB,base_query,base_query_c,23b,HHHHHHHHHH,HashJoin(mi it1) HashJoin(mk k) HashJoin(cc mk k) HashJoin(mc cc mk k) HashJoin(mc cc mk k cn) HashJoin(t mc cc mk k cn) HashJoin(t mc cc mk k cn kt) HashJoin(mi it1 t mc cc mk k cn kt) HashJoin(mi it1 t mc cc mk k cn kt cct1) HashJoin(mi it1 t mc cc mk k cn kt cct1 ct),0.06959796696901321,0.34798983484506607,True,0.030787475407123566
JOB,base_query,base_query_c,23c,HHHHHHHHHH,HashJoin(mi it1) HashJoin(cc cct1) HashJoin(t cc cct1) HashJoin(t cc cct1 kt) HashJoin(mc t cc cct1 kt) HashJoin(mc t cc cct1 kt cn) HashJoin(mk mc t cc cct1 kt cn) HashJoin(mi it1 mk mc t cc cct1 kt cn) HashJoin(mi it1 mk mc t cc cct1 kt cn ct) HashJoin(mi it1 mk mc t cc cct1 kt cn ct k),0.27663156390190125,1.3831578195095062,True,0.030110090970993042
JOB,base_query,base_query_c,24a,HHHHHHHHHHH,HashJoin(mi it) HashJoin(mk k) HashJoin(t mk k) HashJoin(ci t mk k) HashJoin(ci t mk k rt) HashJoin(chn ci t mk k rt) HashJoin(mc chn ci t mk k rt) HashJoin(mi it mc chn ci t mk k rt) HashJoin(an n) HashJoin(mi it mc chn ci t mk k rt an n) HashJoin(mi it mc chn ci t mk k rt an n cn),0.24047645181417465,1.2023822590708733,True,0.07493327558040619
JOB,base_query,base_query_c,24b,HHHHHHHHHHH,HashJoin(mi it) HashJoin(mk k) HashJoin(ci t) HashJoin(ci t rt) HashJoin(chn ci t rt) HashJoin(mk k chn ci t rt) HashJoin(mi it mk k chn ci t rt) HashJoin(mc cn) HashJoin(mi it mk k chn ci t rt mc cn) HashJoin(an n) HashJoin(mi it mk k chn ci t rt mc cn an n),0.36583182215690613,1.8291591107845306,True,0.06339568644762039
JOB,base_query,base_query_c,26a,HHHHHHHHHHH,HashJoin(ci chn) HashJoin(mk k) HashJoin(mi_idx it2) HashJoin(cc mi_idx it2) HashJoin(cc mi_idx it2 cct1) HashJoin(cc mi_idx it2 cct1 cct2) HashJoin(t cc mi_idx it2 cct1 cct2) HashJoin(t cc mi_idx it2 cct1 cct2 kt) HashJoin(mk k t cc mi_idx it2 cct1 cct2 kt) HashJoin(ci chn mk k t cc mi_idx it2 cct1 cct2 kt) HashJoin(n ci chn mk k t cc mi_idx it2 cct1 cct2 kt),1.1154577061533928,5.159038305282593,False,0.04870736598968506
JOB,base_query,base_query_c,26b,HHHHHHHHHHH,HashJoin(ci chn) HashJoin(mk k) HashJoin(mi_idx it2) HashJoin(cc mi_idx it2) HashJoin(cc mi_idx it2 cct1) HashJoin(cc mi_idx it2 cct1 cct2) HashJoin(t cc mi_idx it2 cct1 cct2) HashJoin(t cc mi_idx it2 cct1 cct2 kt) HashJoin(mk k t cc mi_idx it2 cct1 cct2 kt) HashJoin(ci chn mk k t cc mi_idx it2 cct1 cct2 kt) HashJoin(n ci chn mk k t cc mi_idx it2 cct1 cct2 kt),0.12625917047262192,0.6312958523631096,True,0.048001863062381744
JOB,base_query,base_query_c,26c,HHHHHHHHHHH,HashJoin(ci chn) HashJoin(mk k) HashJoin(cc mk k) HashJoin(t cc mk k) HashJoin(t cc mk k kt) HashJoin(ci chn t cc mk k kt) HashJoin(mi_idx it2) HashJoin(ci chn t cc mk k kt mi_idx it2) HashJoin(n ci chn t cc mk k kt mi_idx it2) HashJoin(n ci chn t cc mk k kt mi_idx it2 cct1) HashJoin(n ci chn t cc mk k kt mi_idx it2 cct1 cct2),3.3529703468084335,5.229056276381016,False,0.0506281703710556
JOB,base_query,base_query_c,29a,HHHHHHHHHHHHHHHH,HashJoin(ci chn) HashJoin(mi it) HashJoin(mc t) HashJoin(mc t cn) HashJoin(mi it mc t cn) HashJoin(ci chn mi it mc t cn) HashJoin(pi it3) HashJoin(an n) HashJoin(pi it3 an n) HashJoin(ci chn mi it mc t cn pi it3 an n) HashJoin(mk k) HashJoin(cc mk k) HashJoin(ci chn mi it mc t cn pi it3 an n cc mk k) HashJoin(ci chn mi it mc t cn pi it3 an n cc mk k cct1) HashJoin(ci chn mi it mc t cn pi it3 an n cc mk k cct1 cct2) HashJoin(ci chn mi it mc t cn pi it3 an n cc mk k cct1 cct2 rt),2.185063235461712,10.273314654827118,False,2.253023698925972
JOB,base_query,base_query_c,29b,HHHHHHHHHHHHHHHH,HashJoin(ci chn) HashJoin(mi it) HashJoin(mc t) HashJoin(mc t cn) HashJoin(mi it mc t cn) HashJoin(ci chn mi it mc t cn) HashJoin(pi it3) HashJoin(an n) HashJoin(pi it3 an n) HashJoin(ci chn mi it mc t cn pi it3 an n) HashJoin(mk k) HashJoin(cc mk k) HashJoin(ci chn mi it mc t cn pi it3 an n cc mk k) HashJoin(ci chn mi it mc t cn pi it3 an n cc mk k cct1) HashJoin(ci chn mi it mc t cn pi it3 an n cc mk k cct1 cct2) HashJoin(ci chn mi it mc t cn pi it3 an n cc mk k cct1 cct2 rt),2.1171550527215004,8.974823325872421,False,1.9545971304178238
JOB,base_query,base_query_c,29c,HHHHHHHHHHHHHHHH,HashJoin(mi it) HashJoin(pi it3) HashJoin(mk k) HashJoin(cc mk k) HashJoin(ci cc mk k) HashJoin(ci cc mk k cct1) HashJoin(chn ci cc mk k cct1) HashJoin(mc chn ci cc mk k cct1) HashJoin(t mc chn ci cc mk k cct1) HashJoin(t mc chn ci cc mk k cct1 cct2) HashJoin(pi it3 t mc chn ci cc mk k cct1 cct2) HashJoin(mi it pi it3 t mc chn ci cc mk k cct1 cct2) HashJoin(an n) HashJoin(mi it pi it3 t mc chn ci cc mk k cct1 cct2 an n) HashJoin(mi it pi it3 t mc chn ci cc mk k cct1 cct2 an n cn) HashJoin(mi it pi it3 t mc chn ci cc mk k cct1 cct2 an n cn rt),9.681666105985641,10.580024532973766,False,2.259999454021454
JOB,base_query,base_query_c,31a,HNHHHHHHHH,HashJoin(mi it1) NestLoop(mk k) HashJoin(mc cn) HashJoin(mi_idx it2) HashJoin(mc cn mi_idx it2) HashJoin(t mc cn mi_idx it2) HashJoin(mk k t mc cn mi_idx it2) HashJoin(mi it1 mk k t mc cn mi_idx it2) HashJoin(ci mi it1 mk k t mc cn mi_idx it2) HashJoin(ci mi it1 mk k t mc cn mi_idx it2 n),4.19164876639843,6.4936120212078094,False,0.04242434352636337
JOB,base_query,base_query_c,31b,NHHHHHHHHH,NestLoop(ci t) HashJoin(mi it1) HashJoin(mk k) HashJoin(mc cn) HashJoin(mi_idx it2) HashJoin(mc cn mi_idx it2) HashJoin(mk k mc cn mi_idx it2) HashJoin(mi it1 mk k mc cn mi_idx it2) HashJoin(ci t mi it1 mk k mc cn mi_idx it2) HashJoin(ci t mi it1 mk k mc cn mi_idx it2 n),0.31346698105335236,1.5673349052667618,True,0.04280132055282593
JOB,base_query,base_query_c,31c,HHHHHHHHHH,HashJoin(mi it1) HashJoin(mk k) HashJoin(mc cn) HashJoin(mi_idx it2) HashJoin(mc cn mi_idx it2) HashJoin(t mc cn mi_idx it2) HashJoin(mk k t mc cn mi_idx it2) HashJoin(ci mk k t mc cn mi_idx it2) HashJoin(n ci mk k t mc cn mi_idx it2) HashJoin(mi it1 n ci mk k t mc cn mi_idx it2),6.316461533308029,7.59915878623724,False,0.04007638990879059
JOB,base_query,base_query_c,33a,NNHHHHHHHHHHH,NestLoop(mi_idx2 it2) NestLoop(ml mi_idx2 it2) HashJoin(mi_idx1 ml mi_idx2 it2) HashJoin(mi_idx1 ml mi_idx2 it2 it1) HashJoin(mi_idx1 ml mi_idx2 it2 it1 lt) HashJoin(mc2 mi_idx1 ml mi_idx2 it2 it1 lt) HashJoin(cn2 mc2 mi_idx1 ml mi_idx2 it2 it1 lt) HashJoin(mc1 cn2 mc2 mi_idx1 ml mi_idx2 it2 it1 lt) HashJoin(mc1 cn2 mc2 mi_idx1 ml mi_idx2 it2 it1 lt t1) HashJoin(mc1 cn2 mc2 mi_idx1 ml mi_idx2 it2 it1 lt t1 kt1) HashJoin(t2 mc1 cn2 mc2 mi_idx1 ml mi_idx2 it2 it1 lt t1 kt1) HashJoin(t2 mc1 cn2 mc2 mi_idx1 ml mi_idx2 it2 it1 lt t1 kt1 cn1) HashJoin(t2 mc1 cn2 mc2 mi_idx1 ml mi_idx2 it2 it1 lt t1 kt1 cn1 kt2),0.26787878572940826,0.9776857271790504,False,0.2438468486070633
JOB,base_query,base_query_c,33b,NNHHHHHHHHHHH,NestLoop(mi_idx2 it2) NestLoop(ml mi_idx2 it2) HashJoin(mi_idx1 ml mi_idx2 it2) HashJoin(mi_idx1 ml mi_idx2 it2 it1) HashJoin(mc2 mi_idx1 ml mi_idx2 it2 it1) HashJoin(cn2 mc2 mi_idx1 ml mi_idx2 it2 it1) HashJoin(mc1 cn2 mc2 mi_idx1 ml mi_idx2 it2 it1) HashJoin(mc1 cn2 mc2 mi_idx1 ml mi_idx2 it2 it1 t1) HashJoin(mc1 cn2 mc2 mi_idx1 ml mi_idx2 it2 it1 t1 cn1) HashJoin(mc1 cn2 mc2 mi_idx1 ml mi_idx2 it2 it1 t1 cn1 kt1) HashJoin(t2 mc1 cn2 mc2 mi_idx1 ml mi_idx2 it2 it1 t1 cn1 kt1) HashJoin(t2 mc1 cn2 mc2 mi_idx1 ml mi_idx2 it2 it1 t1 cn1 kt1 lt) HashJoin(t2 mc1 cn2 mc2 mi_idx1 ml mi_idx2 it2 it1 t1 cn1 kt1 lt kt2),0.2124902531504631,0.9187988936901093,False,0.24472013860940933
JOB,base_query,base_query_c,33c,NNHHHHHHHHHHH,NestLoop(mi_idx2 it2) NestLoop(ml mi_idx2 it2) HashJoin(mi_idx1 ml mi_idx2 it2) HashJoin(mi_idx1 ml mi_idx2 it2 it1) HashJoin(mc1 mi_idx1 ml mi_idx2 it2 it1) HashJoin(cn1 mc1 mi_idx1 ml mi_idx2 it2 it1) HashJoin(t1 cn1 mc1 mi_idx1 ml mi_idx2 it2 it1) HashJoin(t1 cn1 mc1 mi_idx1 ml mi_idx2 it2 it1 kt1) HashJoin(mc2 t1 cn1 mc1 mi_idx1 ml mi_idx2 it2 it1 kt1) HashJoin(cn2 mc2 t1 cn1 mc1 mi_idx1 ml mi_idx2 it2 it1 kt1) HashJoin(t2 cn2 mc2 t1 cn1 mc1 mi_idx1 ml mi_idx2 it2 it1 kt1) HashJoin(t2 cn2 mc2 t1 cn1 mc1 mi_idx1 ml mi_idx2 it2 it1 kt1 lt) HashJoin(t2 cn2 mc2 t1 cn1 mc1 mi_idx1 ml mi_idx2 it2 it1 kt1 lt kt2),0.15741056203842163,0.7870528101921082,True,0.16965540498495102
JOB,base_query,base_query_c,7a,NHHHHHH,NestLoop(ci t) HashJoin(pi it) HashJoin(an pi it) HashJoin(n an pi it) HashJoin(ci t n an pi it) HashJoin(ml lt) HashJoin(ci t n an pi it ml lt),1.1774419844150543,5.887209922075272,True,0.007513225078582764
JOB,base_query,base_query_c,7b,HHHHHHH,HashJoin(ci n) HashJoin(ci n t) HashJoin(pi it) HashJoin(an pi it) HashJoin(ci n t an pi it) HashJoin(ml lt) HashJoin(ci n t an pi it ml lt),0.15047204494476318,0.7523602247238159,True,0.009149305522441864
JOB,base_query,base_query_c,7c,HHHHHHH,HashJoin(ci n) HashJoin(pi it) HashJoin(pi it an) HashJoin(ci n pi it an) HashJoin(ml lt) HashJoin(ci n pi it an ml lt) HashJoin(t ci n pi it an ml lt),4.566941447556019,6.7738596349954605,False,0.013657771050930023
JOB,base_query,base_query_c,8a,HNNNHH,HashJoin(mc cn) NestLoop(t mc cn) NestLoop(ci t mc cn) NestLoop(ci t mc cn rt) HashJoin(an1 n1) HashJoin(ci t mc cn rt an1 n1),2.4172974079847336,2.3741103783249855,False,0.009503290057182312
JOB,base_query,base_query_c,8b,NHHHHH,NestLoop(ci t) HashJoin(mc cn) HashJoin(ci t mc cn) HashJoin(an n) HashJoin(ci t mc cn an n) HashJoin(ci t mc cn an n rt),0.3673224300146103,1.1424687206745148,False,0.009388774633407593
JOB,base_query,base_query_c,8c,HHH,HashJoin(ci rt t mc cn) HashJoin(ci rt t mc cn n1) HashJoin(a1 ci rt t mc cn n1),4.624605715274811,7.854694217443466,False,0.008649975061416626
JOB,base_query,base_query_c,8d,HHH,HashJoin(ci rt t mc cn) HashJoin(ci rt t mc cn n1) HashJoin(an1 ci rt t mc cn n1),2.1970138400793076,6.181397467851639,False,0.00830955058336258
JOB,leave_one_out,leave_one_out_a,10b,HNNNHH,HashJoin(mc cn) NestLoop(t mc cn) NestLoop(ci t mc cn) NestLoop(ci t mc cn rt) HashJoin(ci t mc cn rt chn) HashJoin(ci t mc cn rt chn ct),0.36309486627578735,1.6005501076579094,False,0.007141530513763428
JOB,leave_one_out,leave_one_out_a,11a,NNNHNHH,NestLoop(ml lt) NestLoop(mc ml lt) NestLoop(mc ml lt cn) HashJoin(mc ml lt cn ct) NestLoop(t mc ml lt cn ct) HashJoin(t mc ml lt cn ct mk) HashJoin(t mc ml lt cn ct mk k),0.0597853884100914,0.14306170493364334,False,0.012384451925754547
JOB,leave_one_out,leave_one_out_a,12a,HNNNHHH,HashJoin(mi it1) NestLoop(mi_idx it2) NestLoop(mc mi_idx it2) NestLoop(mc mi_idx it2 cn) HashJoin(mc mi_idx it2 cn ct) HashJoin(t mc mi_idx it2 cn ct) HashJoin(mi it1 t mc mi_idx it2 cn ct),1.0089552849531174,2.568378269672394,False,0.010594949126243591
JOB,leave_one_out,leave_one_out_a,13b,HHNHHHHH,HashJoin(mi it2) HashJoin(mc t) NestLoop(miidx it) HashJoin(mc t miidx it) HashJoin(mc t miidx it cn) HashJoin(mc t miidx it cn ct) HashJoin(mi it2 mc t miidx it cn ct) HashJoin(mi it2 mc t miidx it cn ct kt),0.901690661907196,2.696557328104973,False,0.01685202866792679
JOB,leave_one_out,leave_one_out_a,14a,HNNHHNH,HashJoin(mi it1) NestLoop(mk k) NestLoop(mi_idx it2) HashJoin(t mi_idx it2) HashJoin(t mi_idx it2 kt) NestLoop(mk k t mi_idx it2 kt) HashJoin(mi it1 mk k t mi_idx it2 kt),0.441165030002594,2.20582515001297,True,0.010408639907836914
JOB,leave_one_out,leave_one_out_a,15a,HNNNHHHH,HashJoin(mi it1) NestLoop(mc cn) NestLoop(aka_t mc cn) NestLoop(t aka_t mc cn) HashJoin(mk t aka_t mc cn) HashJoin(mi it1 mk t aka_t mc cn) HashJoin(mi it1 mk t aka_t mc cn ct) HashJoin(mi it1 mk t aka_t mc cn ct k),0.7079700008034706,2.438971057534218,False,0.02503877878189087
JOB,leave_one_out,leave_one_out_a,15d,HNNNNNNN,HashJoin(mi it1) NestLoop(mi it1 at) NestLoop(mc mi it1 at) NestLoop(mc mi it1 at cn) NestLoop(t mc mi it1 at cn) NestLoop(t mc mi it1 at cn ct) NestLoop(mk t mc mi it1 at cn ct) NestLoop(mk t mc mi it1 at cn ct k),0.8002559840679169,1.6021992191672325,False,0.016534827649593353
JOB,leave_one_out,leave_one_out_a,16c,HHNNNHH,HashJoin(mk k) HashJoin(mc mk k) NestLoop(mc mk k cn) NestLoop(t mc mk k cn) NestLoop(ci t mc mk k cn) HashJoin(ci t mc mk k cn an) HashJoin(n ci t mc mk k cn an),1.2663530632853508,2.3647637218236923,False,0.008517585694789886
JOB,leave_one_out,leave_one_out_a,17e,HHNNNH,HashJoin(mk k) HashJoin(mc mk k) NestLoop(mc mk k cn) NestLoop(t mc mk k cn) NestLoop(ci t mc mk k cn) HashJoin(n ci t mc mk k cn),7.955952100455761,5.685974158346653,False,0.00836220383644104
JOB,leave_one_out,leave_one_out_a,17f,HNNHHH,HashJoin(ci n) NestLoop(mk k) NestLoop(t mk k) HashJoin(mc t mk k) HashJoin(mc t mk k cn) HashJoin(ci n mc t mk k cn),6.493402779102325,6.387275665998459,False,0.008499927818775177
JOB,leave_one_out,leave_one_out_a,18c,HHHHHH,HashJoin(mi it1) HashJoin(mi_idx it2) HashJoin(t mi_idx it2) HashJoin(mi it1 t mi_idx it2) HashJoin(ci mi it1 t mi_idx it2) HashJoin(n ci mi it1 t mi_idx it2),7.277804754674435,8.08720526844263,False,0.008521564304828644
JOB,leave_one_out,leave_one_out_a,19b,HHHHHHHHH,HashJoin(mi it) HashJoin(ci t) HashJoin(ci t rt) HashJoin(chn ci t rt) HashJoin(mi it chn ci t rt) HashJoin(mc cn) HashJoin(mi it chn ci t rt mc cn) HashJoin(an n) HashJoin(mi it chn ci t rt mc cn an n),0.36053840816020966,1.8026920408010483,True,0.03019367903470993
JOB,leave_one_out,leave_one_out_a,1b,NNNH,NestLoop(mi_idx it) NestLoop(mc mi_idx it) NestLoop(mc mi_idx it ct) HashJoin(t mc mi_idx it ct),0.0015445873141288757,0.007722936570644379,True,0.00295962393283844
JOB,leave_one_out,leave_one_out_a,1d,NNNH,NestLoop(mi_idx it) NestLoop(mc mi_idx it) NestLoop(mc mi_idx it ct) HashJoin(t mc mi_idx it ct),0.000966876745223999,0.004834383726119995,True,0.002626471221446991
JOB,leave_one_out,leave_one_out_a,20c,HHNHHHHHH,HashJoin(ci chn) HashJoin(mk k) NestLoop(cc mk k) HashJoin(t cc mk k) HashJoin(t cc mk k kt) HashJoin(ci chn t cc mk k kt) HashJoin(ci chn t cc mk k kt cct1) HashJoin(ci chn t cc mk k kt cct1 cct2) HashJoin(n ci chn t cc mk k kt cct1 cct2),0.6594979912042618,3.297489956021309,True,0.024011529982089996
JOB,leave_one_out,leave_one_out_a,21a,NNHHHHHH,NestLoop(ml lt) NestLoop(t ml lt) HashJoin(t ml lt mi) HashJoin(t ml lt mi mk) HashJoin(t ml lt mi mk mc) HashJoin(t ml lt mi mk mc k) HashJoin(t ml lt mi mk mc k cn) HashJoin(t ml lt mi mk mc k cn ct),0.08325603604316711,0.29593268781900406,False,0.01635345071554184
JOB,leave_one_out,leave_one_out_a,22c,HNNHHHHHNN,HashJoin(mi it1) NestLoop(mk k) NestLoop(mi_idx it2) HashJoin(mc mi_idx it2) HashJoin(mc mi_idx it2 cn) HashJoin(t mc mi_idx it2 cn) HashJoin(t mc mi_idx it2 cn kt) HashJoin(mk k t mc mi_idx it2 cn kt) NestLoop(mi it1 mk k t mc mi_idx it2 cn kt) NestLoop(mi it1 mk k t mc mi_idx it2 cn kt ct),1.6295182183384895,8.147591091692448,True,0.03496713936328888
JOB,leave_one_out,leave_one_out_a,22d,HNHHHHHHHH,HashJoin(mi it1) NestLoop(mk k) HashJoin(mc mk k) HashJoin(mc mk k cn) HashJoin(mi it1 mc mk k cn) HashJoin(mi_idx it2) HashJoin(t mi_idx it2) HashJoin(t mi_idx it2 kt) HashJoin(mi it1 mc mk k cn t mi_idx it2 kt) HashJoin(mi it1 mc mk k cn t mi_idx it2 kt ct),0.5866287052631378,2.933143526315689,True,0.02851395308971405
JOB,leave_one_out,leave_one_out_a,23a,HNNNHNNNNN,HashJoin(mi it1) NestLoop(cc cct1) NestLoop(t cc cct1) NestLoop(t cc cct1 kt) HashJoin(mc t cc cct1 kt) NestLoop(mc t cc cct1 kt cn) NestLoop(mk mc t cc cct1 kt cn) NestLoop(mi it1 mk mc t cc cct1 kt cn) NestLoop(mi it1 mk mc t cc cct1 kt cn ct) NestLoop(mi it1 mk mc t cc cct1 kt cn ct k),0.26845138520002365,1.3422569260001183,True,0.0316588431596756
JOB,leave_one_out,leave_one_out_a,24a,HNHHHHHHHHH,HashJoin(mi it) NestLoop(mk k) HashJoin(t mk k) HashJoin(ci t mk k) HashJoin(ci t mk k rt) HashJoin(chn ci t mk k rt) HashJoin(mc chn ci t mk k rt) HashJoin(mi it mc chn ci t mk k rt) HashJoin(an n) HashJoin(mi it mc chn ci t mk k rt an n) HashJoin(mi it mc chn ci t mk k rt an n cn),0.24047645181417465,1.2023822590708733,True,0.07417402416467667
JOB,leave_one_out,leave_one_out_a,25c,HNNHHHHH,HashJoin(mi it1) NestLoop(mk k) NestLoop(t mk k) HashJoin(mi it1 t mk k) HashJoin(ci mi it1 t mk k) HashJoin(mi_idx it2) HashJoin(ci mi it1 t mk k mi_idx it2) HashJoin(ci mi it1 t mk k mi_idx it2 n),5.044643007218838,7.373952217400074,False,0.012217052280902863
JOB,leave_one_out,leave_one_out_a,26c,HHNHHHHHHHH,HashJoin(ci chn) HashJoin(mk k) NestLoop(cc mk k) HashJoin(t cc mk k) HashJoin(t cc mk k kt) HashJoin(ci chn t cc mk k kt) HashJoin(mi_idx it2) HashJoin(ci chn t cc mk k kt mi_idx it2) HashJoin(n ci chn t cc mk k kt mi_idx it2) HashJoin(n ci chn t cc mk k kt mi_idx it2 cct1) HashJoin(n ci chn t cc mk k kt mi_idx it2 cct1 cct2),3.3529703468084335,5.415756046772003,False,0.05127173662185669
JOB,leave_one_out,leave_one_out_a,27a,NNNHHHHHHHH,NestLoop(ml lt) NestLoop(mi ml lt) NestLoop(mi ml lt t) HashJoin(mi ml lt t cc) HashJoin(mi ml lt t cc mc) HashJoin(mi ml lt t cc mc mk) HashJoin(mi ml lt t cc mc mk k) HashJoin(mi ml lt t cc mc mk k cct1) HashJoin(mi ml lt t cc mc mk k cct1 cct2) HashJoin(mi ml lt t cc mc mk k cct1 cct2 cn) HashJoin(mi ml lt t cc mc mk k cct1 cct2 cn ct),0.0798066183924675,0.26894432306289673,False,0.07460761070251465
JOB,leave_one_out,leave_one_out_a,28c,HNHHHHHHHHHHH,HashJoin(mi it1) NestLoop(mk k) HashJoin(cc mk k) HashJoin(mc cc mk k) HashJoin(t mc cc mk k) HashJoin(t mc cc mk k kt) HashJoin(mi it1 t mc cc mk k kt) HashJoin(mi_idx it2) HashJoin(mi it1 t mc cc mk k kt mi_idx it2) HashJoin(mi it1 t mc cc mk k kt mi_idx it2 cct1) HashJoin(mi it1 t mc cc mk k kt mi_idx it2 cct1 cct2) HashJoin(mi it1 t mc cc mk k kt mi_idx it2 cct1 cct2 cn) HashJoin(mi it1 t mc cc mk k kt mi_idx it2 cct1 cct2 cn ct),1.1592425107955933,4.5669238567352295,False,0.2172374129295349
JOB,leave_one_out,leave_one_out_a,29b,HHNNNNHNNNNNHHNH,HashJoin(ci chn) HashJoin(mi it) NestLoop(mc t) NestLoop(mc t cn) NestLoop(mi it mc t cn) NestLoop(ci chn mi it mc t cn) HashJoin(pi it3) NestLoop(an n) NestLoop(pi it3 an n) NestLoop(ci chn mi it mc t cn pi it3 an n) NestLoop(mk k) NestLoop(cc mk k) HashJoin(ci chn mi it mc t cn pi it3 an n cc mk k) HashJoin(ci chn mi it mc t cn pi it3 an n cc mk k cct1) NestLoop(ci chn mi it mc t cn pi it3 an n cc mk k cct1 cct2) HashJoin(ci chn mi it mc t cn pi it3 an n cc mk k cct1 cct2 rt),2.1171550527215004,8.835056282579899,False,1.9576880484819412
JOB,leave_one_out,leave_one_out_a,2c,HNNH,HashJoin(mk k) NestLoop(mc cn) NestLoop(t mc cn) HashJoin(mk k t mc cn),0.36774277687072754,0.4070335328578949,False,0.0033168941736221313
JOB,leave_one_out,leave_one_out_a,30b,HHNHHHHHHHH,HashJoin(mi it1) HashJoin(ci t) NestLoop(mk k) HashJoin(cc mk k) HashJoin(cc mk k cct1) HashJoin(ci t cc mk k cct1) HashJoin(n ci t cc mk k cct1) HashJoin(mi it1 n ci t cc mk k cct1) HashJoin(mi_idx it2) HashJoin(mi it1 n ci t cc mk k cct1 mi_idx it2) HashJoin(mi it1 n ci t cc mk k cct1 mi_idx it2 cct2),0.3277008980512619,1.6385044902563095,True,0.07447773218154907
JOB,leave_one_out,leave_one_out_a,31b,NHHHHHHHHH,NestLoop(ci t) HashJoin(mi it1) HashJoin(mk k) HashJoin(mc cn) HashJoin(mi_idx it2) HashJoin(mc cn mi_idx it2) HashJoin(mk k mc cn mi_idx it2) HashJoin(mi it1 mk k mc cn mi_idx it2) HashJoin(ci t mi it1 mk k mc cn mi_idx it2) HashJoin(ci t mi it1 mk k mc cn mi_idx it2 n),0.31346698105335236,1.5673349052667618,True,0.05190044641494751
JOB,leave_one_out,leave_one_out_a,32a,HNNNH,HashJoin(mk t1) NestLoop(mk t1 ml) NestLoop(mk t1 ml k) NestLoop(t2 mk t1 ml k) HashJoin(t2 mk t1 ml k lt),0.02180134505033493,0.08321919292211533,False,0.003168158233165741
JOB,leave_one_out,leave_one_out_a,33b,NNNHHHHHHHHHH,NestLoop(mi_idx2 it2) NestLoop(ml mi_idx2 it2) NestLoop(mi_idx1 ml mi_idx2 it2) HashJoin(mi_idx1 ml mi_idx2 it2 it1) HashJoin(mc2 mi_idx1 ml mi_idx2 it2 it1) HashJoin(cn2 mc2 mi_idx1 ml mi_idx2 it2 it1) HashJoin(mc1 cn2 mc2 mi_idx1 ml mi_idx2 it2 it1) HashJoin(mc1 cn2 mc2 mi_idx1 ml mi_idx2 it2 it1 t1) HashJoin(mc1 cn2 mc2 mi_idx1 ml mi_idx2 it2 it1 t1 cn1) HashJoin(mc1 cn2 mc2 mi_idx1 ml mi_idx2 it2 it1 t1 cn1 kt1) HashJoin(t2 mc1 cn2 mc2 mi_idx1 ml mi_idx2 it2 it1 t1 cn1 kt1) HashJoin(t2 mc1 cn2 mc2 mi_idx1 ml mi_idx2 it2 it1 t1 cn1 kt1 lt) HashJoin(t2 mc1 cn2 mc2 mi_idx1 ml mi_idx2 it2 it1 t1 cn1 kt1 lt kt2),0.2124902531504631,0.9651744812726974,False,0.24159502238035202
JOB,leave_one_out,leave_one_out_a,3b,HHH,HashJoin(mk k) HashJoin(mk k t) HashJoin(mi mk k t),0.06457240134477615,0.32286200672388077,True,0.0030057430267333984
JOB,leave_one_out,leave_one_out_a,4a,HNNH,HashJoin(mk k) NestLoop(mi_idx it) NestLoop(t mi_idx it) HashJoin(mk k t mi_idx it),0.1350385844707489,0.6751929223537445,True,0.004051439464092255
JOB,leave_one_out,leave_one_out_a,5a,HNNN,HashJoin(mc ct) NestLoop(t mc ct) NestLoop(mi t mc ct) NestLoop(mi t mc ct it),0.1813460886478424,0.3407176434993744,False,0.005206473171710968
JOB,leave_one_out,leave_one_out_a,6c,NNNH,NestLoop(ci t) NestLoop(ci t n) NestLoop(mk k) HashJoin(ci t n mk k),0.011540010571479797,0.05770005285739899,True,0.004690632224082947
JOB,leave_one_out,leave_one_out_a,6f,HHHH,HashJoin(mk k) HashJoin(t mk k) HashJoin(ci t mk k) HashJoin(n ci t mk k),3.444357819855213,6.366506978869438,False,0.004263244569301605
JOB,leave_one_out,leave_one_out_a,7b,HHHHHHH,HashJoin(ci n) HashJoin(ci n t) HashJoin(pi it) HashJoin(an pi it) HashJoin(ci n t an pi it) HashJoin(ml lt) HashJoin(ci n t an pi it ml lt),0.15047204494476318,0.7523602247238159,True,0.0129852294921875
JOB,leave_one_out,leave_one_out_a,8b,NHHHHH,NestLoop(ci t) HashJoin(mc cn) HashJoin(ci t mc cn) HashJoin(an n) HashJoin(ci t mc cn an n) HashJoin(ci t mc cn an n rt),0.3673224300146103,1.1552342250943184,False,0.008828088641166687
JOB,leave_one_out,leave_one_out_a,9c,NNHHHHH,NestLoop(an n) NestLoop(ci an n) HashJoin(ci an n rt) HashJoin(mc ci an n rt) HashJoin(t mc ci an n rt) HashJoin(t mc ci an n rt cn) HashJoin(t mc ci an n rt cn chn),1.8051206320524216,2.5611594766378403,False,0.01380961388349533
JOB,leave_one_out,leave_one_out_a,9d,HHHHHHH,HashJoin(ci rt) HashJoin(an n) HashJoin(ci rt an n) HashJoin(t ci rt an n) HashJoin(t ci rt an n chn) HashJoin(mc cn) HashJoin(t ci rt an n chn mc cn),4.932755649089813,6.645005248486996,False,0.014552317559719086
JOB,leave_one_out,leave_one_out_b,10a,HNNNHN,HashJoin(mc cn) NestLoop(t mc cn) NestLoop(ci t mc cn) NestLoop(ci t mc cn rt) HashJoin(ci t mc cn rt chn) NestLoop(ci t mc cn rt chn ct),0.5806204304099083,0.5335119962692261,False,0.008337467908859253
JOB,leave_one_out,leave_one_out_b,11b,HHHHHHH,HashJoin(ml t) HashJoin(ml t mc) HashJoin(ml t mc mk) HashJoin(ml t mc mk cn) HashJoin(ml t mc mk cn ct) HashJoin(ml t mc mk cn ct k) HashJoin(ml t mc mk cn ct k lt),0.02559657394886017,0.12798286974430084,True,0.012905962765216827
JOB,leave_one_out,leave_one_out_b,11c,HHHHHHH,HashJoin(ml mc) HashJoin(ml mc cn) HashJoin(ml mc cn ct) HashJoin(t ml mc cn ct) HashJoin(t ml mc cn ct mk) HashJoin(t ml mc cn ct mk k) HashJoin(t ml mc cn ct mk k lt),0.12997153401374817,0.33922748267650604,False,0.01320725679397583
JOB,leave_one_out,leave_one_out_b,12c,HNNNHHH,HashJoin(mi it1) NestLoop(mi_idx it2) NestLoop(mc mi_idx it2) NestLoop(mc mi_idx it2 cn) HashJoin(mc mi_idx it2 cn ct) HashJoin(t mc mi_idx it2 cn ct) HashJoin(mi it1 t mc mi_idx it2 cn ct),4.282901421189308,3.4980505108833313,False,0.013329610228538513
JOB,leave_one_out,leave_one_out_b,13c,HNNHHHHH,HashJoin(mi it2) NestLoop(mc t) NestLoop(miidx it) HashJoin(mc t miidx it) HashJoin(mc t miidx it cn) HashJoin(mc t miidx it cn ct) HashJoin(mi it2 mc t miidx it cn ct) HashJoin(mi it2 mc t miidx it cn ct kt),0.8472070544958115,2.101954162120819,False,0.017620906233787537
JOB,leave_one_out,leave_one_out_b,14b,HHHHHHH,HashJoin(mi t) HashJoin(mi t it1) HashJoin(mk k) HashJoin(mi_idx it2) HashJoin(mk k mi_idx it2) HashJoin(mi t it1 mk k mi_idx it2) HashJoin(mi t it1 mk k mi_idx it2 kt),0.07637690752744675,0.38188453763723373,True,0.011421844363212585
JOB,leave_one_out,leave_one_out_b,15c,HNNNHHNN,HashJoin(mi it1) NestLoop(mi it1 at) NestLoop(mc mi it1 at) NestLoop(mc mi it1 at cn) HashJoin(t mc mi it1 at cn) HashJoin(t mc mi it1 at cn ct) NestLoop(mk t mc mi it1 at cn ct) NestLoop(mk t mc mi it1 at cn ct k),0.8213805556297302,1.7742031514644623,False,0.024718284606933594
JOB,leave_one_out,leave_one_out_b,16a,HHHHHHH,HashJoin(ci t) HashJoin(mk k) HashJoin(mc mk k) HashJoin(mc mk k cn) HashJoin(ci t mc mk k cn) HashJoin(n ci t mc mk k cn) HashJoin(n ci t mc mk k cn an),0.12747180461883545,0.6373590230941772,True,0.009723998606204987
JOB,leave_one_out,leave_one_out_b,16b,HNNNNHN,HashJoin(mk k) NestLoop(mc mk k) NestLoop(mc mk k cn) NestLoop(t mc mk k cn) NestLoop(ci t mc mk k cn) HashJoin(ci t mc mk k cn an) NestLoop(n ci t mc mk k cn an),15.015479139983654,8.496970117092133,False,0.013878509402275085
JOB,leave_one_out,leave_one_out_b,17a,HNNHHH,HashJoin(ci n) NestLoop(mk k) NestLoop(mc mk k) HashJoin(mc mk k cn) HashJoin(t mc mk k cn) HashJoin(ci n t mc mk k cn),8.3059740960598,5.1476529985666275,False,0.008743956685066223
JOB,leave_one_out,leave_one_out_b,17c,HNNNNH,HashJoin(ci n) NestLoop(mk k) NestLoop(t mk k) NestLoop(mc t mk k) NestLoop(ci n mc t mk k) HashJoin(ci n mc t mk k cn),4.464103192090988,14.895262636244297,False,0.009653814136981964
JOB,leave_one_out,leave_one_out_b,18a,HNNHNN,HashJoin(ci n) NestLoop(mi it1) NestLoop(mi_idx it2) HashJoin(t mi_idx it2) NestLoop(mi it1 t mi_idx it2) NestLoop(ci n mi it1 t mi_idx it2),7.898458912968636,3.7783951088786125,False,0.02213384211063385
JOB,leave_one_out,leave_one_out_b,19c,HHHHHHHHH,HashJoin(mi it) HashJoin(an n) HashJoin(ci an n) HashJoin(ci an n rt) HashJoin(t ci an n rt) HashJoin(mi it t ci an n rt) HashJoin(chn mi it t ci an n rt) HashJoin(mc cn) HashJoin(chn mi it t ci an n rt mc cn),1.6200740113854408,7.237649247050285,False,0.03201515972614288
JOB,leave_one_out,leave_one_out_b,1a,NNNH,NestLoop(mi_idx it) NestLoop(mc mi_idx it) NestLoop(mc mi_idx it ct) HashJoin(t mc mi_idx it ct),0.024187058210372925,0.12093529105186462,True,0.002269744873046875
JOB,leave_one_out,leave_one_out_b,20b,HHHHHHHHH,HashJoin(ci n) HashJoin(ci n chn) HashJoin(mk k) HashJoin(cc mk k) HashJoin(t cc mk k) HashJoin(t cc mk k kt) HashJoin(ci n chn t cc mk k kt) HashJoin(ci n chn t cc mk k kt cct1) HashJoin(ci n chn t cc mk k kt cct1 cct2),1.3177167922258377,4.649526722729206,False,0.011966243386268616
JOB,leave_one_out,leave_one_out_b,21c,NNNHNHHH,NestLoop(ml lt) NestLoop(mc ml lt) NestLoop(mc ml lt cn) HashJoin(mc ml lt cn ct) NestLoop(t mc ml lt cn ct) HashJoin(t mc ml lt cn ct mi) HashJoin(t mc ml lt cn ct mi mk) HashJoin(t mc ml lt cn ct mi mk k),0.06461533159017563,0.28903959691524506,False,0.011448696255683899
JOB,leave_one_out,leave_one_out_b,22a,HNNHHHHHNN,HashJoin(mi it1) NestLoop(mk k) NestLoop(mi_idx it2) HashJoin(mc mi_idx it2) HashJoin(mc mi_idx it2 cn) HashJoin(t mc mi_idx it2 cn) HashJoin(t mc mi_idx it2 cn kt) HashJoin(mk k t mc mi_idx it2 cn kt) NestLoop(mi it1 mk k t mc mi_idx it2 cn kt) NestLoop(mi it1 mk k t mc mi_idx it2 cn kt ct),0.358443446457386,1.79221723228693,True,0.02843066304922104
JOB,leave_one_out,leave_one_out_b,23c,HNNHHNNNNN,HashJoin(mi it1) NestLoop(cc cct1) NestLoop(t cc cct1) HashJoin(t cc cct1 kt) HashJoin(mc t cc cct1 kt) NestLoop(mc t cc cct1 kt cn) NestLoop(mk mc t cc cct1 kt cn) NestLoop(mi it1 mk mc t cc cct1 kt cn) NestLoop(mi it1 mk mc t cc cct1 kt cn ct) NestLoop(mi it1 mk mc t cc cct1 kt cn ct k),0.27663156390190125,1.3831578195095062,True,0.029020532965660095
JOB,leave_one_out,leave_one_out_b,24a,HNNNHHHHHHH,HashJoin(mi it) NestLoop(mk k) NestLoop(t mk k) NestLoop(ci t mk k) HashJoin(ci t mk k rt) HashJoin(chn ci t mk k rt) HashJoin(mc chn ci t mk k rt) HashJoin(mi it mc chn ci t mk k rt) HashJoin(an n) HashJoin(mi it mc chn ci t mk k rt an n) HashJoin(mi it mc chn ci t mk k rt an n cn),0.24047645181417465,1.2023822590708733,True,0.07315737009048462
JOB,leave_one_out,leave_one_out_b,25a,HNNNHHHH,HashJoin(mi it1) NestLoop(mk k) NestLoop(t mk k) NestLoop(ci t mk k) HashJoin(mi_idx it2) HashJoin(ci t mk k mi_idx it2) HashJoin(n ci t mk k mi_idx it2) HashJoin(mi it1 n ci t mk k mi_idx it2),1.9522379413247108,4.914288744330406,False,0.013076744973659515
JOB,leave_one_out,leave_one_out_b,26a,HHNHNNNHNNN,HashJoin(ci chn) HashJoin(mk k) NestLoop(mi_idx it2) HashJoin(cc mi_idx it2) NestLoop(cc mi_idx it2 cct1) NestLoop(cc mi_idx it2 cct1 cct2) NestLoop(t cc mi_idx it2 cct1 cct2) HashJoin(t cc mi_idx it2 cct1 cct2 kt) NestLoop(mk k t cc mi_idx it2 cct1 cct2 kt) NestLoop(ci chn mk k t cc mi_idx it2 cct1 cct2 kt) NestLoop(n ci chn mk k t cc mi_idx it2 cct1 cct2 kt),1.1154577061533928,4.210550390183926,False,0.050391338765621185
JOB,leave_one_out,leave_one_out_b,27c,NNHHHHHHHHH,NestLoop(ml lt) NestLoop(cc ml lt) HashJoin(cc ml lt cct1) HashJoin(cc ml lt cct1 cct2) HashJoin(t cc ml lt cct1 cct2) HashJoin(t cc ml lt cct1 cct2 mc) HashJoin(t cc ml lt cct1 cct2 mc mi) HashJoin(t cc ml lt cct1 cct2 mc mi mk) HashJoin(t cc ml lt cct1 cct2 mc mi mk k) HashJoin(t cc ml lt cct1 cct2 mc mi mk k cn) HashJoin(t cc ml lt cct1 cct2 mc mi mk k cn ct),0.09277883917093277,0.38141820579767227,False,0.07507190108299255
JOB,leave_one_out,leave_one_out_b,28b,HNNNHHNHNHHNH,HashJoin(mi it1) NestLoop(mk k) NestLoop(cc mk k) NestLoop(mc cc mk k) HashJoin(mc cc mk k cct2) HashJoin(t mc cc mk k cct2) NestLoop(t mc cc mk k cct2 kt) HashJoin(mi it1 t mc cc mk k cct2 kt) NestLoop(mi_idx it2) HashJoin(mi it1 t mc cc mk k cct2 kt mi_idx it2) HashJoin(mi it1 t mc cc mk k cct2 kt mi_idx it2 cct1) NestLoop(mi it1 t mc cc mk k cct2 kt mi_idx it2 cct1 cn) HashJoin(mi it1 t mc cc mk k cct2 kt mi_idx it2 cct1 cn ct),0.526406466960907,2.632032334804535,True,0.2096351981163025
JOB,leave_one_out,leave_one_out_b,29c,HHHHHHHHHHHHHHHH,HashJoin(mi it) HashJoin(pi it3) HashJoin(mk k) HashJoin(cc mk k) HashJoin(ci cc mk k) HashJoin(ci cc mk k cct1) HashJoin(chn ci cc mk k cct1) HashJoin(mc chn ci cc mk k cct1) HashJoin(t mc chn ci cc mk k cct1) HashJoin(t mc chn ci cc mk k cct1 cct2) HashJoin(pi it3 t mc chn ci cc mk k cct1 cct2) HashJoin(mi it pi it3 t mc chn ci cc mk k cct1 cct2) HashJoin(an n) HashJoin(mi it pi it3 t mc chn ci cc mk k cct1 cct2 an n) HashJoin(mi it pi it3 t mc chn ci cc mk k cct1 cct2 an n cn) HashJoin(mi it pi it3 t mc chn ci cc mk k cct1 cct2 an n cn rt),9.681666105985641,10.227782301604748,False,2.243152901530266
JOB,leave_one_out,leave_one_out_b,2b,HNNH,HashJoin(mk k) NestLoop(mc cn) NestLoop(t mc cn) HashJoin(mk k t mc cn),0.3892000615596771,0.7050360590219498,False,0.003821924328804016
JOB,leave_one_out,leave_one_out_b,2d,HNNH,HashJoin(mk k) NestLoop(mc mk k) NestLoop(mc mk k cn) HashJoin(t mc mk k cn),0.5314609259366989,1.089950054883957,False,0.003849126398563385
JOB,leave_one_out,leave_one_out_b,30a,HNNHHHHHHHH,HashJoin(mi it1) NestLoop(mk k) NestLoop(cc mk k) HashJoin(cc mk k cct1) HashJoin(t cc mk k cct1) HashJoin(ci t cc mk k cct1) HashJoin(mi_idx it2) HashJoin(ci t cc mk k cct1 mi_idx it2) HashJoin(n ci t cc mk k cct1 mi_idx it2) HashJoin(mi it1 n ci t cc mk k cct1 mi_idx it2) HashJoin(mi it1 n ci t cc mk k cct1 mi_idx it2 cct2),2.118618316948414,6.521690674126148,False,0.08350256830453873
JOB,leave_one_out,leave_one_out_b,31a,HNHHHHHHHH,HashJoin(mi it1) NestLoop(mk k) HashJoin(mc cn) HashJoin(mi_idx it2) HashJoin(mc cn mi_idx it2) HashJoin(t mc cn mi_idx it2) HashJoin(mk k t mc cn mi_idx it2) HashJoin(mi it1 mk k t mc cn mi_idx it2) HashJoin(ci mi it1 mk k t mc cn mi_idx it2) HashJoin(ci mi it1 mk k t mc cn mi_idx it2 n),4.19164876639843,6.502072900533676,False,0.03870029002428055
JOB,leave_one_out,leave_one_out_b,32a,HNNNH,HashJoin(mk t1) NestLoop(mk t1 ml) NestLoop(mk t1 ml k) NestLoop(t2 mk t1 ml k) HashJoin(t2 mk t1 ml k lt),0.02180134505033493,0.08362268656492233,False,0.00317305326461792
JOB,leave_one_out,leave_one_out_b,33a,NNNHHHHHHHHHH,NestLoop(mi_idx2 it2) NestLoop(ml mi_idx2 it2) NestLoop(mi_idx1 ml mi_idx2 it2) HashJoin(mi_idx1 ml mi_idx2 it2 it1) HashJoin(mi_idx1 ml mi_idx2 it2 it1 lt) HashJoin(mc2 mi_idx1 ml mi_idx2 it2 it1 lt) HashJoin(cn2 mc2 mi_idx1 ml mi_idx2 it2 it1 lt) HashJoin(mc1 cn2 mc2 mi_idx1 ml mi_idx2 it2 it1 lt) HashJoin(mc1 cn2 mc2 mi_idx1 ml mi_idx2 it2 it1 lt t1) HashJoin(mc1 cn2 mc2 mi_idx1 ml mi_idx2 it2 it1 lt t1 kt1) HashJoin(t2 mc1 cn2 mc2 mi_idx1 ml mi_idx2 it2 it1 lt t1 kt1) HashJoin(t2 mc1 cn2 mc2 mi_idx1 ml mi_idx2 it2 it1 lt t1 kt1 cn1) HashJoin(t2 mc1 cn2 mc2 mi_idx1 ml mi_idx2 it2 it1 lt t1 kt1 cn1 kt2),0.26787878572940826,1.0308712646365166,False,0.24209141731262207
JOB,leave_one_out,leave_one_out_b,3c,HNH,HashJoin(mk k) NestLoop(mi mk k) HashJoin(t mi mk k),1.8214874565601349,0.9476233422756195,False,0.002347886562347412
JOB,leave_one_out,leave_one_out_b,4c,HNNH,HashJoin(mk k) NestLoop(mi_idx it) NestLoop(t mi_idx it) HashJoin(mk k t mi_idx it),0.08079557865858078,0.4039778932929039,True,0.0023263394832611084
JOB,leave_one_out,leave_one_out_b,5c,HNNN,HashJoin(mc ct) NestLoop(t mc ct) NestLoop(mi t mc ct) NestLoop(mi t mc ct it),0.5617303401231766,0.44911525398492813,False,0.002627737820148468
JOB,leave_one_out,leave_one_out_b,6d,HNNN,HashJoin(ci n) NestLoop(mk k) NestLoop(t mk k) NestLoop(ci n t mk k),5.049897387623787,5.269907586276531,False,0.0023142993450164795
JOB,leave_one_out,leave_one_out_b,6e,HNNN,HashJoin(ci n) NestLoop(mk k) NestLoop(t mk k) NestLoop(ci n t mk k),0.015145570039749146,0.07572785019874573,True,0.002852894365787506
JOB,leave_one_out,leave_one_out_b,7a,NHHHHHH,NestLoop(ci t) HashJoin(pi it) HashJoin(an pi it) HashJoin(n an pi it) HashJoin(ci t n an pi it) HashJoin(ml lt) HashJoin(ci t n an pi it ml lt),1.1774419844150543,5.887209922075272,True,0.005433417856693268
JOB,leave_one_out,leave_one_out_b,8d,HHH,HashJoin(ci rt t mc cn) HashJoin(ci rt t mc cn n1) HashJoin(an1 ci rt t mc cn n1),2.1970138400793076,6.263354301452637,False,0.003840930759906769
JOB,leave_one_out,leave_one_out_b,9a,NNHNNNN,NestLoop(an n) NestLoop(ci an n) HashJoin(ci an n rt) NestLoop(mc cn) NestLoop(ci an n rt mc cn) NestLoop(chn ci an n rt mc cn) NestLoop(t chn ci an n rt mc cn),0.6741217374801636,0.9562299475073814,False,0.0058120861649513245
JOB,leave_one_out,leave_one_out_c,10c,HHHHHH,HashJoin(mc cn) HashJoin(mc cn t) HashJoin(ci mc cn t) HashJoin(ci mc cn t chn) HashJoin(ci mc cn t chn ct) HashJoin(ci mc cn t chn ct rt),5.478261210024357,6.082811392843723,False,0.0031633228063583374
JOB,leave_one_out,leave_one_out_c,11d,NNNHHHH,NestLoop(mk t) NestLoop(mk t ml) NestLoop(mk t ml k) HashJoin(mk t ml k lt) HashJoin(mc mk t ml k lt) HashJoin(mc mk t ml k lt ct) HashJoin(cn mc mk t ml k lt ct),0.09929066151380539,0.16450173407793045,False,0.004837974905967712
JOB,leave_one_out,leave_one_out_c,12b,HHNHHHH,HashJoin(mi it1) HashJoin(mc t) NestLoop(mi_idx it2) HashJoin(mc t mi_idx it2) HashJoin(mc t mi_idx it2 cn) HashJoin(mc t mi_idx it2 cn ct) HashJoin(mi it1 mc t mi_idx it2 cn ct),0.006240934133529663,0.031204670667648315,True,0.004869498312473297
JOB,leave_one_out,leave_one_out_c,13a,HNHHHHHH,HashJoin(mi it2) NestLoop(mc cn) HashJoin(mi_idx it1) HashJoin(mc cn mi_idx it1) HashJoin(mc cn mi_idx it1 ct) HashJoin(t mc cn mi_idx it1 ct) HashJoin(t mc cn mi_idx it1 ct kt) HashJoin(mi it2 t mc cn mi_idx it1 ct kt),3.759452171623707,4.8325609639286995,False,0.006927259266376495
JOB,leave_one_out,leave_one_out_c,13d,HNNHHHHH,HashJoin(mi it2) NestLoop(miidx it) NestLoop(t miidx it) HashJoin(t miidx it kt) HashJoin(mc t miidx it kt) HashJoin(mi it2 mc t miidx it kt) HashJoin(mi it2 mc t miidx it kt cn) HashJoin(mi it2 mc t miidx it kt cn ct),4.470435217022896,3.38029445707798,False,0.006980903446674347
JOB,leave_one_out,leave_one_out_c,14c,HNNHHNH,HashJoin(mi it1) NestLoop(mk k) NestLoop(mi_idx it2) HashJoin(t mi_idx it2) HashJoin(t mi_idx it2 kt) NestLoop(mk k t mi_idx it2 kt) HashJoin(mi it1 mk k t mi_idx it2 kt),0.47162313014268875,2.3581156507134438,True,0.004749581217765808
JOB,leave_one_out,leave_one_out_c,15b,HNNNHHHH,HashJoin(mi it1) NestLoop(mc cn) NestLoop(at mc cn) NestLoop(t at mc cn) HashJoin(t at mc cn ct) HashJoin(mk t at mc cn ct) HashJoin(mi it1 mk t at mc cn ct) HashJoin(mi it1 mk t at mc cn ct k),0.054566316306591034,0.27283158153295517,True,0.010962530970573425
JOB,leave_one_out,leave_one_out_c,16d,HHNNNHH,HashJoin(mk k) HashJoin(mc mk k) NestLoop(mc mk k cn) NestLoop(t mc mk k cn) NestLoop(ci t mc mk k cn) HashJoin(ci t mc mk k cn an) HashJoin(n ci t mc mk k cn an),1.0040639117360115,2.0104721188545227,False,0.005411550402641296
JOB,leave_one_out,leave_one_out_c,17b,HNNNNH,HashJoin(ci n) NestLoop(mk k) NestLoop(t mk k) NestLoop(mc t mk k) NestLoop(ci n mc t mk k) HashJoin(ci n mc t mk k cn),4.916364811360836,14.877946510910988,False,0.0037146583199501038
JOB,leave_one_out,leave_one_out_c,17d,HNNNNH,HashJoin(ci n) NestLoop(mk k) NestLoop(t mk k) NestLoop(mc t mk k) NestLoop(ci n mc t mk k) HashJoin(ci n mc t mk k cn),5.658944234251976,15.201859049499035,False,0.005327075719833374
JOB,leave_one_out,leave_one_out_c,18b,HNHHNH,HashJoin(ci n) NestLoop(mi it1) HashJoin(mi_idx it2) HashJoin(t mi_idx it2) NestLoop(mi it1 t mi_idx it2) HashJoin(ci n mi it1 t mi_idx it2),0.22944894433021545,1.1472447216510773,True,0.007061868906021118
JOB,leave_one_out,leave_one_out_c,19a,HHHHHHHHH,HashJoin(mi it) HashJoin(an n) HashJoin(ci an n) HashJoin(ci an n rt) HashJoin(mc cn) HashJoin(ci an n rt mc cn) HashJoin(chn ci an n rt mc cn) HashJoin(t chn ci an n rt mc cn) HashJoin(mi it t chn ci an n rt mc cn),0.6202254146337509,3.1011270731687546,True,0.0315525084733963
JOB,leave_one_out,leave_one_out_c,19d,HHHHHHHHH,HashJoin(ci rt) HashJoin(an n) HashJoin(ci rt an n) HashJoin(ci rt an n chn) HashJoin(mi it) HashJoin(mc cn) HashJoin(mc cn t) HashJoin(mi it mc cn t) HashJoin(ci rt an n chn mi it mc cn t),11.541226454079151,9.307380057871342,False,0.02138688415288925
JOB,leave_one_out,leave_one_out_c,1c,NNNH,NestLoop(mi_idx it) NestLoop(mc mi_idx it) NestLoop(mc mi_idx it ct) HashJoin(t mc mi_idx it ct),0.0043245404958724976,0.021622702479362488,True,0.0029023215174674988
JOB,leave_one_out,leave_one_out_c,20a,HHHHHHHHH,HashJoin(ci chn) HashJoin(mk k) HashJoin(cc mk k) HashJoin(t cc mk k) HashJoin(t cc mk k kt) HashJoin(ci chn t cc mk k kt) HashJoin(n ci chn t cc mk k kt) HashJoin(n ci chn t cc mk k kt cct1) HashJoin(n ci chn t cc mk k kt cct1 cct2),3.5338196009397507,4.386555261909962,False,0.017404459416866302
JOB,leave_one_out,leave_one_out_c,21b,NNNHHHHH,NestLoop(ml lt) NestLoop(mi ml lt) NestLoop(mi ml lt t) HashJoin(mi ml lt t mk) HashJoin(mi ml lt t mk mc) HashJoin(mi ml lt t mk mc k) HashJoin(mi ml lt t mk mc k cn) HashJoin(mi ml lt t mk mc k cn ct),0.05952189117670059,0.20936670154333115,False,0.01555699110031128
JOB,leave_one_out,leave_one_out_c,22b,HNNHHHHHNN,HashJoin(mi it1) NestLoop(mk k) NestLoop(mi_idx it2) HashJoin(mc mi_idx it2) HashJoin(mc mi_idx it2 cn) HashJoin(t mc mi_idx it2 cn) HashJoin(t mc mi_idx it2 cn kt) HashJoin(mk k t mc mi_idx it2 cn kt) NestLoop(mi it1 mk k t mc mi_idx it2 cn kt) NestLoop(mi it1 mk k t mc mi_idx it2 cn kt ct),0.18809515237808228,0.9404757618904114,True,0.03386083245277405
JOB,leave_one_out,leave_one_out_c,23b,HNNHHHHHHH,HashJoin(mi it1) NestLoop(mk k) NestLoop(cc mk k) HashJoin(mc cc mk k) HashJoin(mc cc mk k cn) HashJoin(t mc cc mk k cn) HashJoin(t mc cc mk k cn kt) HashJoin(mi it1 t mc cc mk k cn kt) HashJoin(mi it1 t mc cc mk k cn kt cct1) HashJoin(mi it1 t mc cc mk k cn kt cct1 ct),0.06959796696901321,0.34798983484506607,True,0.028070814907550812
JOB,leave_one_out,leave_one_out_c,24b,HNHHHHHHHHH,HashJoin(mi it) NestLoop(mk k) HashJoin(ci t) HashJoin(ci t rt) HashJoin(chn ci t rt) HashJoin(mk k chn ci t rt) HashJoin(mi it mk k chn ci t rt) HashJoin(mc cn) HashJoin(mi it mk k chn ci t rt mc cn) HashJoin(an n) HashJoin(mi it mk k chn ci t rt mc cn an n),0.36583182215690613,1.8291591107845306,True,0.08311548084020615
JOB,leave_one_out,leave_one_out_c,25b,HNNHHHHH,HashJoin(mi it1) NestLoop(ci t) NestLoop(mk k) HashJoin(mi_idx it2) HashJoin(mk k mi_idx it2) HashJoin(ci t mk k mi_idx it2) HashJoin(n ci t mk k mi_idx it2) HashJoin(mi it1 n ci t mk k mi_idx it2),0.20671850442886353,1.0335925221443176,True,0.015702851116657257
JOB,leave_one_out,leave_one_out_c,26b,HHNHNNNHNNN,HashJoin(ci chn) HashJoin(mk k) NestLoop(mi_idx it2) HashJoin(cc mi_idx it2) NestLoop(cc mi_idx it2 cct1) NestLoop(cc mi_idx it2 cct1 cct2) NestLoop(t cc mi_idx it2 cct1 cct2) HashJoin(t cc mi_idx it2 cct1 cct2 kt) NestLoop(mk k t cc mi_idx it2 cct1 cct2 kt) NestLoop(ci chn mk k t cc mi_idx it2 cct1 cct2 kt) NestLoop(n ci chn mk k t cc mi_idx it2 cct1 cct2 kt),0.12625917047262192,0.6312958523631096,True,0.048536501824855804
JOB,leave_one_out,leave_one_out_c,27b,NNNNHHHHHHH,NestLoop(ml lt) NestLoop(mc ml lt) NestLoop(mc ml lt cn) NestLoop(mc ml lt cn ct) HashJoin(mk mc ml lt cn ct) HashJoin(mk mc ml lt cn ct k) HashJoin(mi mk mc ml lt cn ct k) HashJoin(mi mk mc ml lt cn ct k t) HashJoin(mi mk mc ml lt cn ct k t cc) HashJoin(mi mk mc ml lt cn ct k t cc cct2) HashJoin(mi mk mc ml lt cn ct k t cc cct2 cct1),0.0759497582912445,0.3157903179526329,False,0.07742787152528763
JOB,leave_one_out,leave_one_out_c,28a,HNNHNNNNNHNNH,HashJoin(mi it1) NestLoop(mk k) NestLoop(cc mk k) HashJoin(mc cc mk k) NestLoop(mc cc mk k cct2) NestLoop(t mc cc mk k cct2) NestLoop(t mc cc mk k cct2 kt) NestLoop(mi it1 t mc cc mk k cct2 kt) NestLoop(mi_idx it2) HashJoin(mi it1 t mc cc mk k cct2 kt mi_idx it2) NestLoop(mi it1 t mc cc mk k cct2 kt mi_idx it2 cct1) NestLoop(mi it1 t mc cc mk k cct2 kt mi_idx it2 cct1 cn) HashJoin(mi it1 t mc cc mk k cct2 kt mi_idx it2 cct1 cn ct),0.8413541540503502,4.206770770251751,True,0.20593754202127457
JOB,leave_one_out,leave_one_out_c,29a,HHNNNNHNNHNNHHNH,HashJoin(ci chn) HashJoin(mi it) NestLoop(mc t) NestLoop(mc t cn) NestLoop(mi it mc t cn) NestLoop(ci chn mi it mc t cn) HashJoin(pi it3) NestLoop(an n) NestLoop(pi it3 an n) HashJoin(ci chn mi it mc t cn pi it3 an n) NestLoop(mk k) NestLoop(cc mk k) HashJoin(ci chn mi it mc t cn pi it3 an n cc mk k) HashJoin(ci chn mi it mc t cn pi it3 an n cc mk k cct1) NestLoop(ci chn mi it mc t cn pi it3 an n cc mk k cct1 cct2) HashJoin(ci chn mi it mc t cn pi it3 an n cc mk k cct1 cct2 rt),2.185063235461712,9.433698691427708,False,1.946826010942459
JOB,leave_one_out,leave_one_out_c,2a,HHHH,HashJoin(mk k) HashJoin(mc cn) HashJoin(mk k mc cn) HashJoin(t mk k mc cn),0.4946235865354538,1.0250125229358673,False,0.004057541489601135
JOB,leave_one_out,leave_one_out_c,30c,HNHHHHHHHHH,HashJoin(mi it1) NestLoop(mk k) HashJoin(cc mk k) HashJoin(t cc mk k) HashJoin(mi it1 t cc mk k) HashJoin(ci mi it1 t cc mk k) HashJoin(mi_idx it2) HashJoin(ci mi it1 t cc mk k mi_idx it2) HashJoin(ci mi it1 t cc mk k mi_idx it2 cct1) HashJoin(ci mi it1 t cc mk k mi_idx it2 cct1 cct2) HashJoin(ci mi it1 t cc mk k mi_idx it2 cct1 cct2 n),2.045658975839615,7.337189383804798,False,0.07186183333396912
JOB,leave_one_out,leave_one_out_c,31c,HNHHHHHHHH,HashJoin(mi it1) NestLoop(mk k) HashJoin(mc cn) HashJoin(mi_idx it2) HashJoin(mc cn mi_idx it2) HashJoin(t mc cn mi_idx it2) HashJoin(mk k t mc cn mi_idx it2) HashJoin(ci mk k t mc cn mi_idx it2) HashJoin(n ci mk k t mc cn mi_idx it2) HashJoin(mi it1 n ci mk k t mc cn mi_idx it2),6.316461533308029,7.270827315747738,False,0.03906054049730301
JOB,leave_one_out,leave_one_out_c,32b,NNNNH,NestLoop(mk t1) NestLoop(mk t1 ml) NestLoop(mk t1 ml k) NestLoop(t2 mk t1 ml k) HashJoin(t2 mk t1 ml k lt),0.08330462872982025,0.10620695352554321,False,0.0034464597702026367
JOB,leave_one_out,leave_one_out_c,33c,NNNHNHNHHHHHH,NestLoop(mi_idx2 it2) NestLoop(ml mi_idx2 it2) NestLoop(mi_idx1 ml mi_idx2 it2) HashJoin(mi_idx1 ml mi_idx2 it2 it1) NestLoop(mc1 mi_idx1 ml mi_idx2 it2 it1) HashJoin(cn1 mc1 mi_idx1 ml mi_idx2 it2 it1) NestLoop(t1 cn1 mc1 mi_idx1 ml mi_idx2 it2 it1) HashJoin(t1 cn1 mc1 mi_idx1 ml mi_idx2 it2 it1 kt1) HashJoin(mc2 t1 cn1 mc1 mi_idx1 ml mi_idx2 it2 it1 kt1) HashJoin(cn2 mc2 t1 cn1 mc1 mi_idx1 ml mi_idx2 it2 it1 kt1) HashJoin(t2 cn2 mc2 t1 cn1 mc1 mi_idx1 ml mi_idx2 it2 it1 kt1) HashJoin(t2 cn2 mc2 t1 cn1 mc1 mi_idx1 ml mi_idx2 it2 it1 kt1 lt) HashJoin(t2 cn2 mc2 t1 cn1 mc1 mi_idx1 ml mi_idx2 it2 it1 kt1 lt kt2),0.15741056203842163,0.7870528101921082,True,0.1690363734960556
JOB,leave_one_out,leave_one_out_c,3a,HHH,HashJoin(mk k) HashJoin(mk k t) HashJoin(mi mk k t),1.4268985465168953,3.6894703954458237,False,0.001849941909313202
JOB,leave_one_out,leave_one_out_c,4b,HNHH,HashJoin(mk k) NestLoop(mi_idx it) HashJoin(t mi_idx it) HashJoin(mk k t mi_idx it),0.11292567104101181,0.564628355205059,True,0.0020141154527664185
JOB,leave_one_out,leave_one_out_c,5b,HNNN,HashJoin(mc ct) NestLoop(t mc ct) NestLoop(mi t mc ct) NestLoop(mi t mc ct it),0.16592179238796234,0.31122492998838425,False,0.002167731523513794
JOB,leave_one_out,leave_one_out_c,6a,HNNH,HashJoin(ci n) NestLoop(mk k) NestLoop(t mk k) HashJoin(ci n t mk k),0.02463454008102417,0.12317270040512085,True,0.002605527639389038
JOB,leave_one_out,leave_one_out_c,6b,NNNN,NestLoop(ci t) NestLoop(ci t n) NestLoop(mk k) NestLoop(ci t n mk k),0.5970637202262878,0.4108620807528496,False,0.0025755614042282104
JOB,leave_one_out,leave_one_out_c,7c,HHHHHHH,HashJoin(ci n) HashJoin(pi it) HashJoin(pi it an) HashJoin(ci n pi it an) HashJoin(ml lt) HashJoin(ci n pi it an ml lt) HashJoin(t ci n pi it an ml lt),4.566941447556019,6.737273395061493,False,0.011503525078296661
JOB,leave_one_out,leave_one_out_c,8a,HNNNHH,HashJoin(mc cn) NestLoop(t mc cn) NestLoop(ci t mc cn) NestLoop(ci t mc cn rt) HashJoin(an1 n1) HashJoin(ci t mc cn rt an1 n1),2.4172974079847336,2.0434108674526215,False,0.008698910474777222
JOB,leave_one_out,leave_one_out_c,8c,HNH,HashJoin(ci rt t mc cn) NestLoop(ci rt t mc cn n1) HashJoin(a1 ci rt t mc cn n1),4.624605715274811,7.3509396612644196,False,0.00818481296300888
JOB,leave_one_out,leave_one_out_c,9b,NNHNNNN,NestLoop(an n) NestLoop(ci an n) HashJoin(ci an n rt) NestLoop(mc cn) NestLoop(ci an n rt mc cn) NestLoop(chn ci an n rt mc cn) NestLoop(t chn ci an n rt mc cn),0.5684668123722076,0.9541468620300293,False,0.014843568205833435
JOB,random,random_a,10c,HHHHHH,HashJoin(mc cn) HashJoin(mc cn t) HashJoin(ci mc cn t) HashJoin(ci mc cn t chn) HashJoin(ci mc cn t chn ct) HashJoin(ci mc cn t chn ct rt),5.478261210024357,7.102501593530178,False,0.007626086473464966
JOB,random,random_a,11d,HNNHHHH,HashJoin(mk t) NestLoop(mk t ml) NestLoop(mk t ml k) HashJoin(mk t ml k lt) HashJoin(mc mk t ml k lt) HashJoin(mc mk t ml k lt ct) HashJoin(cn mc mk t ml k lt ct),0.09929066151380539,0.17015795409679413,False,0.012167267501354218
JOB,random,random_a,13a,HNHHHHHH,HashJoin(mi it2) NestLoop(mc cn) HashJoin(mi_idx it1) HashJoin(mc cn mi_idx it1) HashJoin(mc cn mi_idx it1 ct) HashJoin(t mc cn mi_idx it1 ct) HashJoin(t mc cn mi_idx it1 ct kt) HashJoin(mi it2 t mc cn mi_idx it1 ct kt),3.759452171623707,5.222832463681698,False,0.016433648765087128
JOB,random,random_a,13b,HHNHHHHH,HashJoin(mi it2) HashJoin(mc t) NestLoop(miidx it) HashJoin(mc t miidx it) HashJoin(mc t miidx it cn) HashJoin(mc t miidx it cn ct) HashJoin(mi it2 mc t miidx it cn ct) HashJoin(mi it2 mc t miidx it cn ct kt),0.901690661907196,2.4869189709424973,False,0.019123584032058716
JOB,random,random_a,13d,HNNHHHHH,HashJoin(mi it2) NestLoop(miidx it) NestLoop(t miidx it) HashJoin(t miidx it kt) HashJoin(mc t miidx it kt) HashJoin(mi it2 mc t miidx it kt) HashJoin(mi it2 mc t miidx it kt cn) HashJoin(mi it2 mc t miidx it kt cn ct),4.470435217022896,3.390535056591034,False,0.018731512129306793
JOB,random,random_a,15c,HNNNHHNN,HashJoin(mi it1) NestLoop(mi it1 at) NestLoop(mc mi it1 at) NestLoop(mc mi it1 at cn) HashJoin(t mc mi it1 at cn) HashJoin(t mc mi it1 at cn ct) NestLoop(mk t mc mi it1 at cn ct) NestLoop(mk t mc mi it1 at cn ct k),0.8213805556297302,1.7458642721176147,False,0.025953851640224457
JOB,random,random_a,17d,HNNNNH,HashJoin(ci n) NestLoop(mk k) NestLoop(t mk k) NestLoop(mc t mk k) NestLoop(ci n mc t mk k) HashJoin(ci n mc t mk k cn),5.658944234251976,15.244805447757244,False,0.005109168589115143
JOB,random,random_a,18b,HNHHNH,HashJoin(ci n) NestLoop(mi it1) HashJoin(mi_idx it2) HashJoin(t mi_idx it2) NestLoop(mi it1 t mi_idx it2) HashJoin(ci n mi it1 t mi_idx it2),0.22944894433021545,1.1472447216510773,True,0.004836827516555786
JOB,random,random_a,18c,HHHHHH,HashJoin(mi it1) HashJoin(mi_idx it2) HashJoin(t mi_idx it2) HashJoin(mi it1 t mi_idx it2) HashJoin(ci mi it1 t mi_idx it2) HashJoin(n ci mi it1 t mi_idx it2),7.277804754674435,7.652121119201183,False,0.008629240095615387
JOB,random,random_a,19b,HHHHHHHHH,HashJoin(mi it) HashJoin(ci t) HashJoin(ci t rt) HashJoin(chn ci t rt) HashJoin(mi it chn ci t rt) HashJoin(mc cn) HashJoin(mi it chn ci t rt mc cn) HashJoin(an n) HashJoin(mi it chn ci t rt mc cn an n),0.36053840816020966,1.8026920408010483,True,0.026537783443927765
JOB,random,random_a,19c,HHHHHHHHH,HashJoin(mi it) HashJoin(an n) HashJoin(ci an n) HashJoin(ci an n rt) HashJoin(t ci an n rt) HashJoin(mi it t ci an n rt) HashJoin(chn mi it t ci an n rt) HashJoin(mc cn) HashJoin(chn mi it t ci an n rt mc cn),1.6200740113854408,7.278666108846664,False,0.03329549729824066
JOB,random,random_a,1a,NNNH,NestLoop(mi_idx it) NestLoop(mc mi_idx it) NestLoop(mc mi_idx it ct) HashJoin(t mc mi_idx it ct),0.024187058210372925,0.12093529105186462,True,0.004004217684268951
JOB,random,random_a,20a,HHHHHHHHH,HashJoin(ci chn) HashJoin(mk k) HashJoin(cc mk k) HashJoin(t cc mk k) HashJoin(t cc mk k kt) HashJoin(ci chn t cc mk k kt) HashJoin(n ci chn t cc mk k kt) HashJoin(n ci chn t cc mk k kt cct1) HashJoin(n ci chn t cc mk k kt cct1 cct2),3.5338196009397507,4.361793905496597,False,0.026367470622062683
JOB,random,random_a,22a,HNNHHHHHNN,HashJoin(mi it1) NestLoop(mk k) NestLoop(mi_idx it2) HashJoin(mc mi_idx it2) HashJoin(mc mi_idx it2 cn) HashJoin(t mc mi_idx it2 cn) HashJoin(t mc mi_idx it2 cn kt) HashJoin(mk k t mc mi_idx it2 cn kt) NestLoop(mi it1 mk k t mc mi_idx it2 cn kt) NestLoop(mi it1 mk k t mc mi_idx it2 cn kt ct),0.358443446457386,1.79221723228693,True,0.03483522683382034
JOB,random,random_a,22c,HNNHHHHHNN,HashJoin(mi it1) NestLoop(mk k) NestLoop(mi_idx it2) HashJoin(mc mi_idx it2) HashJoin(mc mi_idx it2 cn) HashJoin(t mc mi_idx it2 cn) HashJoin(t mc mi_idx it2 cn kt) HashJoin(mk k t mc mi_idx it2 cn kt) NestLoop(mi it1 mk k t mc mi_idx it2 cn kt) NestLoop(mi it1 mk k t mc mi_idx it2 cn kt ct),1.6295182183384895,8.147591091692448,True,0.03094540536403656
JOB,random,random_a,22d,HNNHHHHHHH,HashJoin(mi it1) NestLoop(mk k) NestLoop(mc mk k) HashJoin(mc mk k cn) HashJoin(mi it1 mc mk k cn) HashJoin(mi_idx it2) HashJoin(t mi_idx it2) HashJoin(t mi_idx it2 kt) HashJoin(mi it1 mc mk k cn t mi_idx it2 kt) HashJoin(mi it1 mc mk k cn t mi_idx it2 kt ct),0.5866287052631378,2.933143526315689,True,0.036639466881752014
JOB,random,random_a,23b,HNNHHHHHHH,HashJoin(mi it1) NestLoop(mk k) NestLoop(cc mk k) HashJoin(mc cc mk k) HashJoin(mc cc mk k cn) HashJoin(t mc cc mk k cn) HashJoin(t mc cc mk k cn kt) HashJoin(mi it1 t mc cc mk k cn kt) HashJoin(mi it1 t mc cc mk k cn kt cct1) HashJoin(mi it1 t mc cc mk k cn kt cct1 ct),0.06959796696901321,0.34798983484506607,True,0.039515383541584015
JOB,random,random_a,26b,HHNHNNNHNNN,HashJoin(ci chn) HashJoin(mk k) NestLoop(mi_idx it2) HashJoin(cc mi_idx it2) NestLoop(cc mi_idx it2 cct1) NestLoop(cc mi_idx it2 cct1 cct2) NestLoop(t cc mi_idx it2 cct1 cct2) HashJoin(t cc mi_idx it2 cct1 cct2 kt) NestLoop(mk k t cc mi_idx it2 cct1 cct2 kt) NestLoop(ci chn mk k t cc mi_idx it2 cct1 cct2 kt) NestLoop(n ci chn mk k t cc mi_idx it2 cct1 cct2 kt),0.12625917047262192,0.6312958523631096,True,0.0485336035490036
JOB,random,random_a,28c,HNNHHHHHHHHHH,HashJoin(mi it1) NestLoop(mk k) NestLoop(cc mk k) HashJoin(mc cc mk k) HashJoin(t mc cc mk k) HashJoin(t mc cc mk k kt) HashJoin(mi it1 t mc cc mk k kt) HashJoin(mi_idx it2) HashJoin(mi it1 t mc cc mk k kt mi_idx it2) HashJoin(mi it1 t mc cc mk k kt mi_idx it2 cct1) HashJoin(mi it1 t mc cc mk k kt mi_idx it2 cct1 cct2) HashJoin(mi it1 t mc cc mk k kt mi_idx it2 cct1 cct2 cn) HashJoin(mi it1 t mc cc mk k kt mi_idx it2 cct1 cct2 cn ct),1.1592425107955933,4.516056478023529,False,0.21487398445606232
JOB,random,random_a,2a,HHHH,HashJoin(mk k) HashJoin(mc cn) HashJoin(mk k mc cn) HashJoin(t mk k mc cn),0.4946235865354538,1.0110493451356888,False,0.0031156912446022034
JOB,random,random_a,30b,HHNHHHHHHHH,HashJoin(mi it1) HashJoin(ci t) NestLoop(mk k) HashJoin(cc mk k) HashJoin(cc mk k cct1) HashJoin(ci t cc mk k cct1) HashJoin(n ci t cc mk k cct1) HashJoin(mi it1 n ci t cc mk k cct1) HashJoin(mi_idx it2) HashJoin(mi it1 n ci t cc mk k cct1 mi_idx it2) HashJoin(mi it1 n ci t cc mk k cct1 mi_idx it2 cct2),0.3277008980512619,1.6385044902563095,True,0.07545246928930283
JOB,random,random_a,30c,HNHHHHHHHHH,HashJoin(mi it1) NestLoop(mk k) HashJoin(cc mk k) HashJoin(t cc mk k) HashJoin(mi it1 t cc mk k) HashJoin(ci mi it1 t cc mk k) HashJoin(mi_idx it2) HashJoin(ci mi it1 t cc mk k mi_idx it2) HashJoin(ci mi it1 t cc mk k mi_idx it2 cct1) HashJoin(ci mi it1 t cc mk k mi_idx it2 cct1 cct2) HashJoin(ci mi it1 t cc mk k mi_idx it2 cct1 cct2 n),2.045658975839615,7.296101488173008,False,0.0823250338435173
JOB,random,random_a,31c,HNHHHHHHHH,HashJoin(mi it1) NestLoop(mk k) HashJoin(mc cn) HashJoin(mi_idx it2) HashJoin(mc cn mi_idx it2) HashJoin(t mc cn mi_idx it2) HashJoin(mk k t mc cn mi_idx it2) HashJoin(ci mk k t mc cn mi_idx it2) HashJoin(n ci mk k t mc cn mi_idx it2) HashJoin(mi it1 n ci mk k t mc cn mi_idx it2),6.316461533308029,7.243461892008781,False,0.03562914580106735
JOB,random,random_a,32a,HNNNH,HashJoin(mk t1) NestLoop(mk t1 ml) NestLoop(mk t1 ml k) NestLoop(t2 mk t1 ml k) HashJoin(t2 mk t1 ml k lt),0.02180134505033493,0.08504882454872131,False,0.0035869181156158447
JOB,random,random_a,33a,NNNHHHHHHHHHH,NestLoop(mi_idx2 it2) NestLoop(ml mi_idx2 it2) NestLoop(mi_idx1 ml mi_idx2 it2) HashJoin(mi_idx1 ml mi_idx2 it2 it1) HashJoin(mi_idx1 ml mi_idx2 it2 it1 lt) HashJoin(mc2 mi_idx1 ml mi_idx2 it2 it1 lt) HashJoin(cn2 mc2 mi_idx1 ml mi_idx2 it2 it1 lt) HashJoin(mc1 cn2 mc2 mi_idx1 ml mi_idx2 it2 it1 lt) HashJoin(mc1 cn2 mc2 mi_idx1 ml mi_idx2 it2 it1 lt t1) HashJoin(mc1 cn2 mc2 mi_idx1 ml mi_idx2 it2 it1 lt t1 kt1) HashJoin(t2 mc1 cn2 mc2 mi_idx1 ml mi_idx2 it2 it1 lt t1 kt1) HashJoin(t2 mc1 cn2 mc2 mi_idx1 ml mi_idx2 it2 it1 lt t1 kt1 cn1) HashJoin(t2 mc1 cn2 mc2 mi_idx1 ml mi_idx2 it2 it1 lt t1 kt1 cn1 kt2),0.26787878572940826,0.9748773351311684,False,0.24339402467012405
JOB,random,random_a,33b,NNNHHHHHHHHHH,NestLoop(mi_idx2 it2) NestLoop(ml mi_idx2 it2) NestLoop(mi_idx1 ml mi_idx2 it2) HashJoin(mi_idx1 ml mi_idx2 it2 it1) HashJoin(mc2 mi_idx1 ml mi_idx2 it2 it1) HashJoin(cn2 mc2 mi_idx1 ml mi_idx2 it2 it1) HashJoin(mc1 cn2 mc2 mi_idx1 ml mi_idx2 it2 it1) HashJoin(mc1 cn2 mc2 mi_idx1 ml mi_idx2 it2 it1 t1) HashJoin(mc1 cn2 mc2 mi_idx1 ml mi_idx2 it2 it1 t1 cn1) HashJoin(mc1 cn2 mc2 mi_idx1 ml mi_idx2 it2 it1 t1 cn1 kt1) HashJoin(t2 mc1 cn2 mc2 mi_idx1 ml mi_idx2 it2 it1 t1 cn1 kt1) HashJoin(t2 mc1 cn2 mc2 mi_idx1 ml mi_idx2 it2 it1 t1 cn1 kt1 lt) HashJoin(t2 mc1 cn2 mc2 mi_idx1 ml mi_idx2 it2 it1 t1 cn1 kt1 lt kt2),0.2124902531504631,0.9397325664758682,False,0.23440955579280853
JOB,random,random_a,3b,HHH,HashJoin(mk k) HashJoin(mk k t) HashJoin(mi mk k t),0.06457240134477615,0.32286200672388077,True,0.0046035125851631165
JOB,random,random_a,3c,HNH,HashJoin(mk k) NestLoop(mi mk k) HashJoin(t mi mk k),1.8214874565601349,0.9453268572688103,False,0.003928937017917633
JOB,random,random_a,4a,HNHH,HashJoin(mk k) NestLoop(mi_idx it) HashJoin(t mi_idx it) HashJoin(mk k t mi_idx it),0.1350385844707489,0.6751929223537445,True,0.004035167396068573
JOB,random,random_a,4b,HNHH,HashJoin(mk k) NestLoop(mi_idx it) HashJoin(t mi_idx it) HashJoin(mk k t mi_idx it),0.11292567104101181,0.564628355205059,True,0.005550459027290344
JOB,random,random_a,5b,HNNN,HashJoin(mc ct) NestLoop(t mc ct) NestLoop(mi t mc ct) NestLoop(mi t mc ct it),0.16592179238796234,0.30927376449108124,False,0.004433661699295044
JOB,random,random_a,6b,NNNN,NestLoop(ci t) NestLoop(ci t n) NestLoop(mk k) NestLoop(ci t n mk k),0.5970637202262878,0.41619110107421875,False,0.003310076892375946
JOB,random,random_a,6f,HNHH,HashJoin(mk k) NestLoop(t mk k) HashJoin(ci t mk k) HashJoin(n ci t mk k),3.444357819855213,6.033214122056961,False,0.003101244568824768
JOB,random,random_a,8a,HNNNHH,HashJoin(mc cn) NestLoop(t mc cn) NestLoop(ci t mc cn) NestLoop(ci t mc cn rt) HashJoin(an1 n1) HashJoin(ci t mc cn rt an1 n1),2.4172974079847336,2.042763374745846,False,0.005388379096984863
JOB,random,random_a,9a,NNHHHHH,NestLoop(an n) NestLoop(ci an n) HashJoin(ci an n rt) HashJoin(mc cn) HashJoin(ci an n rt mc cn) HashJoin(chn ci an n rt mc cn) HashJoin(t chn ci an n rt mc cn),0.6741217374801636,1.545456349849701,False,0.008299432694911957
JOB,random,random_a,9b,NNHHHHH,NestLoop(an n) NestLoop(ci an n) HashJoin(ci an n rt) HashJoin(mc cn) HashJoin(ci an n rt mc cn) HashJoin(chn ci an n rt mc cn) HashJoin(t chn ci an n rt mc cn),0.5684668123722076,1.5344736948609352,False,0.00821974128484726
JOB,random,random_a,9d,HHHHHHH,HashJoin(ci rt) HashJoin(an n) HashJoin(ci rt an n) HashJoin(t ci rt an n) HashJoin(t ci rt an n chn) HashJoin(mc cn) HashJoin(t ci rt an n chn mc cn),4.932755649089813,6.707108177244663,False,0.008375436067581177
JOB,random,random_b,10a,HNHHHH,HashJoin(mc cn) NestLoop(t mc cn) HashJoin(ci t mc cn) HashJoin(ci t mc cn rt) HashJoin(ci t mc cn rt chn) HashJoin(ci t mc cn rt chn ct),0.5806204304099083,2.9031021520495415,True,0.0062914565205574036
JOB,random,random_b,10b,HNHHHH,HashJoin(mc cn) NestLoop(t mc cn) HashJoin(ci t mc cn) HashJoin(ci t mc cn rt) HashJoin(ci t mc cn rt chn) HashJoin(ci t mc cn rt chn ct),0.36309486627578735,1.8154743313789368,True,0.007728368043899536
JOB,random,random_b,11b,HHHHHHH,HashJoin(ml t) HashJoin(ml t mc) HashJoin(ml t mc mk) HashJoin(ml t mc mk cn) HashJoin(ml t mc mk cn ct) HashJoin(ml t mc mk cn ct k) HashJoin(ml t mc mk cn ct k lt),0.02559657394886017,0.12798286974430084,True,0.013167709112167358
JOB,random,random_b,11c,HHHHHHH,HashJoin(ml mc) HashJoin(ml mc cn) HashJoin(ml mc cn ct) HashJoin(t ml mc cn ct) HashJoin(t ml mc cn ct mk) HashJoin(t ml mc cn ct mk k) HashJoin(t ml mc cn ct mk k lt),0.12997153401374817,0.3326036259531975,False,0.012449555099010468
JOB,random,random_b,12b,HHNHHHH,HashJoin(mi it1) HashJoin(mc t) NestLoop(mi_idx it2) HashJoin(mc t mi_idx it2) HashJoin(mc t mi_idx it2 cn) HashJoin(mc t mi_idx it2 cn ct) HashJoin(mi it1 mc t mi_idx it2 cn ct),0.006240934133529663,0.031204670667648315,True,0.01157456636428833
JOB,random,random_b,12c,HNNNHHH,HashJoin(mi it1) NestLoop(mi_idx it2) NestLoop(mc mi_idx it2) NestLoop(mc mi_idx it2 cn) HashJoin(mc mi_idx it2 cn ct) HashJoin(t mc mi_idx it2 cn ct) HashJoin(mi it1 t mc mi_idx it2 cn ct),4.282901421189308,3.434310406446457,False,0.013234570622444153
JOB,random,random_b,14b,HHHHHHH,HashJoin(mi t) HashJoin(mi t it1) HashJoin(mk k) HashJoin(mi_idx it2) HashJoin(mk k mi_idx it2) HashJoin(mi t it1 mk k mi_idx it2) HashJoin(mi t it1 mk k mi_idx it2 kt),0.07637690752744675,0.38188453763723373,True,0.01199088990688324
JOB,random,random_b,14c,HNNHHNH,HashJoin(mi it1) NestLoop(mk k) NestLoop(mi_idx it2) HashJoin(t mi_idx it2) HashJoin(t mi_idx it2 kt) NestLoop(mk k t mi_idx it2 kt) HashJoin(mi it1 mk k t mi_idx it2 kt),0.47162313014268875,2.3581156507134438,True,0.012465089559555054
JOB,random,random_b,15d,HNNNNNNN,HashJoin(mi it1) NestLoop(mi it1 at) NestLoop(mc mi it1 at) NestLoop(mc mi it1 at cn) NestLoop(t mc mi it1 at cn) NestLoop(t mc mi it1 at cn ct) NestLoop(mk t mc mi it1 at cn ct) NestLoop(mk t mc mi it1 at cn ct k),0.8002559840679169,1.330476589500904,False,0.03461029380559921
JOB,random,random_b,16a,HHHHHHH,HashJoin(ci t) HashJoin(mk k) HashJoin(mc mk k) HashJoin(mc mk k cn) HashJoin(ci t mc mk k cn) HashJoin(n ci t mc mk k cn) HashJoin(n ci t mc mk k cn an),0.12747180461883545,0.6373590230941772,True,0.00740070641040802
JOB,random,random_b,16b,HHNNNHN,HashJoin(mk k) HashJoin(mc mk k) NestLoop(mc mk k cn) NestLoop(t mc mk k cn) NestLoop(ci t mc mk k cn) HashJoin(ci t mc mk k cn an) NestLoop(n ci t mc mk k cn an),15.015479139983654,8.851410418748856,False,0.014371521770954132
JOB,random,random_b,17f,HNNHHH,HashJoin(ci n) NestLoop(mk k) NestLoop(t mk k) HashJoin(mc t mk k) HashJoin(mc t mk k cn) HashJoin(ci n mc t mk k cn),6.493402779102325,5.898713111877441,False,0.008993163704872131
JOB,random,random_b,18a,HNNHNN,HashJoin(ci n) NestLoop(mi it1) NestLoop(mi_idx it2) HashJoin(t mi_idx it2) NestLoop(mi it1 t mi_idx it2) NestLoop(ci n mi it1 t mi_idx it2),7.898458912968636,3.7322135269641876,False,0.008974812924861908
JOB,random,random_b,19a,HHHHHHHHH,HashJoin(mi it) HashJoin(an n) HashJoin(ci an n) HashJoin(ci an n rt) HashJoin(mc cn) HashJoin(ci an n rt mc cn) HashJoin(chn ci an n rt mc cn) HashJoin(t chn ci an n rt mc cn) HashJoin(mi it t chn ci an n rt mc cn),0.6202254146337509,3.1011270731687546,True,0.034270279109478
JOB,random,random_b,1d,NNNH,NestLoop(mi_idx it) NestLoop(mc mi_idx it) NestLoop(mc mi_idx it ct) HashJoin(t mc mi_idx it ct),0.000966876745223999,0.004834383726119995,True,0.003302730619907379
JOB,random,random_b,20b,HHHHHHHHH,HashJoin(ci n) HashJoin(ci n chn) HashJoin(mk k) HashJoin(cc mk k) HashJoin(t cc mk k) HashJoin(t cc mk k kt) HashJoin(ci n chn t cc mk k kt) HashJoin(ci n chn t cc mk k kt cct1) HashJoin(ci n chn t cc mk k kt cct1 cct2),1.3177167922258377,4.6312210112810135,False,0.02572137862443924
JOB,random,random_b,22b,HNNHHHHHNN,HashJoin(mi it1) NestLoop(mk k) NestLoop(mi_idx it2) HashJoin(mc mi_idx it2) HashJoin(mc mi_idx it2 cn) HashJoin(t mc mi_idx it2 cn) HashJoin(t mc mi_idx it2 cn kt) HashJoin(mk k t mc mi_idx it2 cn kt) NestLoop(mi it1 mk k t mc mi_idx it2 cn kt) NestLoop(mi it1 mk k t mc mi_idx it2 cn kt ct),0.18809515237808228,0.9404757618904114,True,0.03354654461145401
JOB,random,random_b,23c,HNNHHNNNNN,HashJoin(mi it1) NestLoop(cc cct1) NestLoop(t cc cct1) HashJoin(t cc cct1 kt) HashJoin(mc t cc cct1 kt) NestLoop(mc t cc cct1 kt cn) NestLoop(mk mc t cc cct1 kt cn) NestLoop(mi it1 mk mc t cc cct1 kt cn) NestLoop(mi it1 mk mc t cc cct1 kt cn ct) NestLoop(mi it1 mk mc t cc cct1 kt cn ct k),0.27663156390190125,1.3831578195095062,True,0.03106079250574112
JOB,random,random_b,24a,HNHHHHHHHHH,HashJoin(mi it) NestLoop(mk k) HashJoin(t mk k) HashJoin(ci t mk k) HashJoin(ci t mk k rt) HashJoin(chn ci t mk k rt) HashJoin(mc chn ci t mk k rt) HashJoin(mi it mc chn ci t mk k rt) HashJoin(an n) HashJoin(mi it mc chn ci t mk k rt an n) HashJoin(mi it mc chn ci t mk k rt an n cn),0.24047645181417465,1.2023822590708733,True,0.07032182067632675
JOB,random,random_b,25c,HNNHHHHH,HashJoin(mi it1) NestLoop(mk k) NestLoop(t mk k) HashJoin(mi it1 t mk k) HashJoin(ci mi it1 t mk k) HashJoin(mi_idx it2) HashJoin(ci mi it1 t mk k mi_idx it2) HashJoin(ci mi it1 t mk k mi_idx it2 n),5.044643007218838,7.164785407483578,False,0.03318311274051666
JOB,random,random_b,26a,HHNHNNNHNNN,HashJoin(ci chn) HashJoin(mk k) NestLoop(mi_idx it2) HashJoin(cc mi_idx it2) NestLoop(cc mi_idx it2 cct1) NestLoop(cc mi_idx it2 cct1 cct2) NestLoop(t cc mi_idx it2 cct1 cct2) HashJoin(t cc mi_idx it2 cct1 cct2 kt) NestLoop(mk k t cc mi_idx it2 cct1 cct2 kt) NestLoop(ci chn mk k t cc mi_idx it2 cct1 cct2 kt) NestLoop(n ci chn mk k t cc mi_idx it2 cct1 cct2 kt),1.1154577061533928,3.7083137780427933,False,0.04560432583093643
JOB,random,random_b,27a,NNNHHHHHHHH,NestLoop(ml lt) NestLoop(mi ml lt) NestLoop(mi ml lt t) HashJoin(mi ml lt t cc) HashJoin(mi ml lt t cc mc) HashJoin(mi ml lt t cc mc mk) HashJoin(mi ml lt t cc mc mk k) HashJoin(mi ml lt t cc mc mk k cct1) HashJoin(mi ml lt t cc mc mk k cct1 cct2) HashJoin(mi ml lt t cc mc mk k cct1 cct2 cn) HashJoin(mi ml lt t cc mc mk k cct1 cct2 cn ct),0.0798066183924675,0.2784133031964302,False,0.07240412384271622
JOB,random,random_b,27c,NNHHHHHHHHH,NestLoop(ml lt) NestLoop(cc ml lt) HashJoin(cc ml lt cct1) HashJoin(cc ml lt cct1 cct2) HashJoin(t cc ml lt cct1 cct2) HashJoin(t cc ml lt cct1 cct2 mc) HashJoin(t cc ml lt cct1 cct2 mc mi) HashJoin(t cc ml lt cct1 cct2 mc mi mk) HashJoin(t cc ml lt cct1 cct2 mc mi mk k) HashJoin(t cc ml lt cct1 cct2 mc mi mk k cn) HashJoin(t cc ml lt cct1 cct2 mc mi mk k cn ct),0.09277883917093277,0.37685658782720566,False,0.0734710842370987
JOB,random,random_b,28b,HNHHHHNHNHHNH,HashJoin(mi it1) NestLoop(mk k) HashJoin(cc mk k) HashJoin(mc cc mk k) HashJoin(mc cc mk k cct2) HashJoin(t mc cc mk k cct2) NestLoop(t mc cc mk k cct2 kt) HashJoin(mi it1 t mc cc mk k cct2 kt) NestLoop(mi_idx it2) HashJoin(mi it1 t mc cc mk k cct2 kt mi_idx it2) HashJoin(mi it1 t mc cc mk k cct2 kt mi_idx it2 cct1) NestLoop(mi it1 t mc cc mk k cct2 kt mi_idx it2 cct1 cn) HashJoin(mi it1 t mc cc mk k cct2 kt mi_idx it2 cct1 cn ct),0.526406466960907,2.632032334804535,True,0.2033173143863678
JOB,random,random_b,29b,HHNNNNHNNNNNHHNH,HashJoin(ci chn) HashJoin(mi it) NestLoop(mc t) NestLoop(mc t cn) NestLoop(mi it mc t cn) NestLoop(ci chn mi it mc t cn) HashJoin(pi it3) NestLoop(an n) NestLoop(pi it3 an n) NestLoop(ci chn mi it mc t cn pi it3 an n) NestLoop(mk k) NestLoop(cc mk k) HashJoin(ci chn mi it mc t cn pi it3 an n cc mk k) HashJoin(ci chn mi it mc t cn pi it3 an n cc mk k cct1) NestLoop(ci chn mi it mc t cn pi it3 an n cc mk k cct1 cct2) HashJoin(ci chn mi it mc t cn pi it3 an n cc mk k cct1 cct2 rt),2.1171550527215004,8.742736622691154,False,1.9524484276771545
JOB,random,random_b,2b,HHHH,HashJoin(mk k) HashJoin(mc cn) HashJoin(t mc cn) HashJoin(mk k t mc cn),0.3892000615596771,1.0546213760972023,False,0.0030603259801864624
JOB,random,random_b,2c,HHHH,HashJoin(mk k) HashJoin(mc cn) HashJoin(t mc cn) HashJoin(mk k t mc cn),0.36774277687072754,0.857908807694912,False,0.003796190023422241
JOB,random,random_b,2d,HHNH,HashJoin(mk k) HashJoin(mc mk k) NestLoop(mc mk k cn) HashJoin(t mc mk k cn),0.5314609259366989,1.2619673311710358,False,0.004057429730892181
JOB,random,random_b,3a,HHH,HashJoin(mk k) HashJoin(mk k t) HashJoin(mi mk k t),1.4268985465168953,3.6610877364873886,False,0.003596872091293335
JOB,random,random_b,4c,HNNH,HashJoin(mk k) NestLoop(mi_idx it) NestLoop(t mi_idx it) HashJoin(mk k t mi_idx it),0.08079557865858078,0.4039778932929039,True,0.004021808505058289
JOB,random,random_b,5c,HNNN,HashJoin(mc ct) NestLoop(t mc ct) NestLoop(mi t mc ct) NestLoop(mi t mc ct it),0.5617303401231766,0.41144073754549026,False,0.004502095282077789
JOB,random,random_b,6a,HNNH,HashJoin(ci n) NestLoop(mk k) NestLoop(t mk k) HashJoin(ci n t mk k),0.02463454008102417,0.12317270040512085,True,0.005631253123283386
JOB,random,random_b,6c,NNNH,NestLoop(ci t) NestLoop(ci t n) NestLoop(mk k) HashJoin(ci t n mk k),0.011540010571479797,0.05770005285739899,True,0.004139021039009094
JOB,random,random_b,7b,HHHHHHH,HashJoin(ci n) HashJoin(ci n t) HashJoin(pi it) HashJoin(an pi it) HashJoin(ci n t an pi it) HashJoin(ml lt) HashJoin(ci n t an pi it ml lt),0.15047204494476318,0.7523602247238159,True,0.009690865874290466
JOB,random,random_b,7c,HHHHHHH,HashJoin(ci n) HashJoin(pi it) HashJoin(pi it an) HashJoin(ci n pi it an) HashJoin(ml lt) HashJoin(ci n pi it an ml lt) HashJoin(t ci n pi it an ml lt),4.566941447556019,6.669516518712044,False,0.005549564957618713
JOB,random,random_b,8b,NHHHHH,NestLoop(ci t) HashJoin(mc cn) HashJoin(ci t mc cn) HashJoin(an n) HashJoin(ci t mc cn an n) HashJoin(ci t mc cn an n rt),0.3673224300146103,1.152483269572258,False,0.0044099390506744385
JOB,random,random_b,8c,HNH,HashJoin(ci rt t mc cn) NestLoop(ci rt t mc cn n1) HashJoin(a1 ci rt t mc cn n1),4.624605715274811,7.232885047793388,False,0.008024565875530243
JOB,random,random_c,11a,NNHHHHH,NestLoop(ml lt) NestLoop(mc ml lt) HashJoin(mc ml lt cn) HashJoin(mc ml lt cn ct) HashJoin(t mc ml lt cn ct) HashJoin(t mc ml lt cn ct mk) HashJoin(t mc ml lt cn ct mk k),0.0597853884100914,0.1926264837384224,False,0.010298460721969604
JOB,random,random_c,12a,HNNNHHH,HashJoin(mi it1) NestLoop(mi_idx it2) NestLoop(mc mi_idx it2) NestLoop(mc mi_idx it2 cn) HashJoin(mc mi_idx it2 cn ct) HashJoin(t mc mi_idx it2 cn ct) HashJoin(mi it1 t mc mi_idx it2 cn ct),1.0089552849531174,2.2420403510332108,False,0.013579003512859344
JOB,random,random_c,13c,HNNHHHHH,HashJoin(mi it2) NestLoop(mc t) NestLoop(miidx it) HashJoin(mc t miidx it) HashJoin(mc t miidx it cn) HashJoin(mc t miidx it cn ct) HashJoin(mi it2 mc t miidx it cn ct) HashJoin(mi it2 mc t miidx it cn ct kt),0.8472070544958115,2.103677026927471,False,0.018755808472633362
JOB,random,random_c,14a,HNNHHNH,HashJoin(mi it1) NestLoop(mk k) NestLoop(mi_idx it2) HashJoin(t mi_idx it2) HashJoin(t mi_idx it2 kt) NestLoop(mk k t mi_idx it2 kt) HashJoin(mi it1 mk k t mi_idx it2 kt),0.441165030002594,2.20582515001297,True,0.01109255850315094
JOB,random,random_c,15a,HNHHHHHH,HashJoin(mi it1) NestLoop(mc cn) HashJoin(aka_t mc cn) HashJoin(t aka_t mc cn) HashJoin(mk t aka_t mc cn) HashJoin(mi it1 mk t aka_t mc cn) HashJoin(mi it1 mk t aka_t mc cn ct) HashJoin(mi it1 mk t aka_t mc cn ct k),0.7079700008034706,2.58099065721035,False,0.023025423288345337
JOB,random,random_c,15b,HNHHHHHH,HashJoin(mi it1) NestLoop(mc cn) HashJoin(at mc cn) HashJoin(t at mc cn) HashJoin(t at mc cn ct) HashJoin(mk t at mc cn ct) HashJoin(mi it1 mk t at mc cn ct) HashJoin(mi it1 mk t at mc cn ct k),0.054566316306591034,0.27283158153295517,True,0.015181489288806915
JOB,random,random_c,16c,HHNNNHH,HashJoin(mk k) HashJoin(mc mk k) NestLoop(mc mk k cn) NestLoop(t mc mk k cn) NestLoop(ci t mc mk k cn) HashJoin(ci t mc mk k cn an) HashJoin(n ci t mc mk k cn an),1.2663530632853508,2.0528896898031235,False,0.006902799010276794
JOB,random,random_c,16d,HHNNNHH,HashJoin(mk k) HashJoin(mc mk k) NestLoop(mc mk k cn) NestLoop(t mc mk k cn) NestLoop(ci t mc mk k cn) HashJoin(ci t mc mk k cn an) HashJoin(n ci t mc mk k cn an),1.0040639117360115,1.9843728691339493,False,0.008405327796936035
JOB,random,random_c,17a,HNNHHH,HashJoin(ci n) NestLoop(mk k) NestLoop(mc mk k) HashJoin(mc mk k cn) HashJoin(t mc mk k cn) HashJoin(ci n t mc mk k cn),8.3059740960598,5.049952022731304,False,0.008799172937870026
JOB,random,random_c,17b,HNNNNH,HashJoin(ci n) NestLoop(mk k) NestLoop(t mk k) NestLoop(mc t mk k) NestLoop(ci n mc t mk k) HashJoin(ci n mc t mk k cn),4.916364811360836,14.780501291155815,False,0.008812852203845978
JOB,random,random_c,17c,HNNNNH,HashJoin(ci n) NestLoop(mk k) NestLoop(t mk k) NestLoop(mc t mk k) NestLoop(ci n mc t mk k) HashJoin(ci n mc t mk k cn),4.464103192090988,14.785452865064144,False,0.008555121719837189
JOB,random,random_c,17e,HHNNNH,HashJoin(mk k) HashJoin(mc mk k) NestLoop(mc mk k cn) NestLoop(t mc mk k cn) NestLoop(ci t mc mk k cn) HashJoin(n ci t mc mk k cn),7.955952100455761,4.9466452077031136,False,0.008847519755363464
JOB,random,random_c,19d,HHHHHHHHH,HashJoin(ci rt) HashJoin(an n) HashJoin(ci rt an n) HashJoin(ci rt an n chn) HashJoin(mi it) HashJoin(mc cn) HashJoin(mc cn t) HashJoin(mi it mc cn t) HashJoin(ci rt an n chn mi it mc cn t),11.541226454079151,8.950580827891827,False,0.03264423459768295
JOB,random,random_c,1b,NNNH,NestLoop(mi_idx it) NestLoop(mc mi_idx it) NestLoop(mc mi_idx it ct) HashJoin(t mc mi_idx it ct),0.0015445873141288757,0.007722936570644379,True,0.004623830318450928
JOB,random,random_c,1c,NNNH,NestLoop(mi_idx it) NestLoop(mc mi_idx it) NestLoop(mc mi_idx it ct) HashJoin(t mc mi_idx it ct),0.0043245404958724976,0.021622702479362488,True,0.004569187760353088
JOB,random,random_c,20c,HHNHHHHHH,HashJoin(ci chn) HashJoin(mk k) NestLoop(cc mk k) HashJoin(t cc mk k) HashJoin(t cc mk k kt) HashJoin(ci chn t cc mk k kt) HashJoin(ci chn t cc mk k kt cct1) HashJoin(ci chn t cc mk k kt cct1 cct2) HashJoin(n ci chn t cc mk k kt cct1 cct2),0.6594979912042618,3.297489956021309,True,0.027469314634799957
JOB,random,random_c,21a,NNHHHHHH,NestLoop(ml lt) NestLoop(t ml lt) HashJoin(t ml lt mi) HashJoin(t ml lt mi mk) HashJoin(t ml lt mi mk mc) HashJoin(t ml lt mi mk mc k) HashJoin(t ml lt mi mk mc k cn) HashJoin(t ml lt mi mk mc k cn ct),0.08325603604316711,0.28791777044534683,False,0.02365203946828842
JOB,random,random_c,21b,NNNHHHHH,NestLoop(ml lt) NestLoop(mi ml lt) NestLoop(mi ml lt t) HashJoin(mi ml lt t mk) HashJoin(mi ml lt t mk mc) HashJoin(mi ml lt t mk mc k) HashJoin(mi ml lt t mk mc k cn) HashJoin(mi ml lt t mk mc k cn ct),0.05952189117670059,0.20509039610624313,False,0.027024447917938232
JOB,random,random_c,21c,NNHHHHHH,NestLoop(ml lt) NestLoop(mc ml lt) HashJoin(mc ml lt cn) HashJoin(mc ml lt cn ct) HashJoin(t mc ml lt cn ct) HashJoin(t mc ml lt cn ct mi) HashJoin(t mc ml lt cn ct mi mk) HashJoin(t mc ml lt cn ct mi mk k),0.06461533159017563,0.2925751358270645,False,0.012823216617107391
JOB,random,random_c,23a,HNNNHNNNNN,HashJoin(mi it1) NestLoop(cc cct1) NestLoop(t cc cct1) NestLoop(t cc cct1 kt) HashJoin(mc t cc cct1 kt) NestLoop(mc t cc cct1 kt cn) NestLoop(mk mc t cc cct1 kt cn) NestLoop(mi it1 mk mc t cc cct1 kt cn) NestLoop(mi it1 mk mc t cc cct1 kt cn ct) NestLoop(mi it1 mk mc t cc cct1 kt cn ct k),0.26845138520002365,1.3422569260001183,True,0.04265371710062027
JOB,random,random_c,24b,HNHHHHHHHHH,HashJoin(mi it) NestLoop(mk k) HashJoin(ci t) HashJoin(ci t rt) HashJoin(chn ci t rt) HashJoin(mk k chn ci t rt) HashJoin(mi it mk k chn ci t rt) HashJoin(mc cn) HashJoin(mi it mk k chn ci t rt mc cn) HashJoin(an n) HashJoin(mi it mk k chn ci t rt mc cn an n),0.36583182215690613,1.8291591107845306,True,0.07794477045536041
JOB,random,random_c,25a,HNNNHHHH,HashJoin(mi it1) NestLoop(mk k) NestLoop(t mk k) NestLoop(ci t mk k) HashJoin(mi_idx it2) HashJoin(ci t mk k mi_idx it2) HashJoin(n ci t mk k mi_idx it2) HashJoin(mi it1 n ci t mk k mi_idx it2),1.9522379413247108,4.713337294757366,False,0.023823894560337067
JOB,random,random_c,25b,HNNHHHHH,HashJoin(mi it1) NestLoop(ci t) NestLoop(mk k) HashJoin(mi_idx it2) HashJoin(mk k mi_idx it2) HashJoin(ci t mk k mi_idx it2) HashJoin(n ci t mk k mi_idx it2) HashJoin(mi it1 n ci t mk k mi_idx it2),0.20671850442886353,1.0335925221443176,True,0.02226255089044571
JOB,random,random_c,26c,HHNHHHHHHHH,HashJoin(ci chn) HashJoin(mk k) NestLoop(cc mk k) HashJoin(t cc mk k) HashJoin(t cc mk k kt) HashJoin(ci chn t cc mk k kt) HashJoin(mi_idx it2) HashJoin(ci chn t cc mk k kt mi_idx it2) HashJoin(n ci chn t cc mk k kt mi_idx it2) HashJoin(n ci chn t cc mk k kt mi_idx it2 cct1) HashJoin(n ci chn t cc mk k kt mi_idx it2 cct1 cct2),3.3529703468084335,5.2781951278448105,False,0.05982551723718643
JOB,random,random_c,27b,NNHHHHHHHHH,NestLoop(ml lt) NestLoop(mc ml lt) HashJoin(mc ml lt cn) HashJoin(mc ml lt cn ct) HashJoin(mk mc ml lt cn ct) HashJoin(mk mc ml lt cn ct k) HashJoin(mi mk mc ml lt cn ct k) HashJoin(mi mk mc ml lt cn ct k t) HashJoin(mi mk mc ml lt cn ct k t cc) HashJoin(mi mk mc ml lt cn ct k t cc cct2) HashJoin(mi mk mc ml lt cn ct k t cc cct2 cct1),0.0759497582912445,0.3736664950847626,False,0.07768731564283371
JOB,random,random_c,28a,HNNNNNNNNHNNH,HashJoin(mi it1) NestLoop(mk k) NestLoop(cc mk k) NestLoop(mc cc mk k) NestLoop(mc cc mk k cct2) NestLoop(t mc cc mk k cct2) NestLoop(t mc cc mk k cct2 kt) NestLoop(mi it1 t mc cc mk k cct2 kt) NestLoop(mi_idx it2) HashJoin(mi it1 t mc cc mk k cct2 kt mi_idx it2) NestLoop(mi it1 t mc cc mk k cct2 kt mi_idx it2 cct1) NestLoop(mi it1 t mc cc mk k cct2 kt mi_idx it2 cct1 cn) HashJoin(mi it1 t mc cc mk k cct2 kt mi_idx it2 cct1 cn ct),0.8413541540503502,4.206770770251751,True,0.22620925307273865
JOB,random,random_c,29a,HHNNNNHNNHNNHHNH,HashJoin(ci chn) HashJoin(mi it) NestLoop(mc t) NestLoop(mc t cn) NestLoop(mi it mc t cn) NestLoop(ci chn mi it mc t cn) HashJoin(pi it3) NestLoop(an n) NestLoop(pi it3 an n) HashJoin(ci chn mi it mc t cn pi it3 an n) NestLoop(mk k) NestLoop(cc mk k) HashJoin(ci chn mi it mc t cn pi it3 an n cc mk k) HashJoin(ci chn mi it mc t cn pi it3 an n cc mk k cct1) NestLoop(ci chn mi it mc t cn pi it3 an n cc mk k cct1 cct2) HashJoin(ci chn mi it mc t cn pi it3 an n cc mk k cct1 cct2 rt),2.185063235461712,9.26649010926485,False,1.9185702949762344
JOB,random,random_c,29c,HHHHHHHHHHHHHHHH,HashJoin(mi it) HashJoin(pi it3) HashJoin(mk k) HashJoin(cc mk k) HashJoin(ci cc mk k) HashJoin(ci cc mk k cct1) HashJoin(chn ci cc mk k cct1) HashJoin(mc chn ci cc mk k cct1) HashJoin(t mc chn ci cc mk k cct1) HashJoin(t mc chn ci cc mk k cct1 cct2) HashJoin(pi it3 t mc chn ci cc mk k cct1 cct2) HashJoin(mi it pi it3 t mc chn ci cc mk k cct1 cct2) HashJoin(an n) HashJoin(mi it pi it3 t mc chn ci cc mk k cct1 cct2 an n) HashJoin(mi it pi it3 t mc chn ci cc mk k cct1 cct2 an n cn) HashJoin(mi it pi it3 t mc chn ci cc mk k cct1 cct2 an n cn rt),9.681666105985641,10.16910557448864,False,2.156129866838455
JOB,random,random_c,30a,HNNHHHHHHHH,HashJoin(mi it1) NestLoop(mk k) NestLoop(cc mk k) HashJoin(cc mk k cct1) HashJoin(t cc mk k cct1) HashJoin(ci t cc mk k cct1) HashJoin(mi_idx it2) HashJoin(ci t cc mk k cct1 mi_idx it2) HashJoin(n ci t cc mk k cct1 mi_idx it2) HashJoin(mi it1 n ci t cc mk k cct1 mi_idx it2) HashJoin(mi it1 n ci t cc mk k cct1 mi_idx it2 cct2),2.118618316948414,6.464431680738926,False,0.07812339812517166
JOB,random,random_c,31a,HNHHHHHHHH,HashJoin(mi it1) NestLoop(mk k) HashJoin(mc cn) HashJoin(mi_idx it2) HashJoin(mc cn mi_idx it2) HashJoin(t mc cn mi_idx it2) HashJoin(mk k t mc cn mi_idx it2) HashJoin(mi it1 mk k t mc cn mi_idx it2) HashJoin(ci mi it1 mk k t mc cn mi_idx it2) HashJoin(ci mi it1 mk k t mc cn mi_idx it2 n),4.19164876639843,6.540947064757347,False,0.04180912673473358
JOB,random,random_c,31b,NHHHHHHHHH,NestLoop(ci t) HashJoin(mi it1) HashJoin(mk k) HashJoin(mc cn) HashJoin(mi_idx it2) HashJoin(mc cn mi_idx it2) HashJoin(mk k mc cn mi_idx it2) HashJoin(mi it1 mk k mc cn mi_idx it2) HashJoin(ci t mi it1 mk k mc cn mi_idx it2) HashJoin(ci t mi it1 mk k mc cn mi_idx it2 n),0.31346698105335236,1.5673349052667618,True,0.050108738243579865
JOB,random,random_c,32b,HNNNH,HashJoin(mk t1) NestLoop(mk t1 ml) NestLoop(mk t1 ml k) NestLoop(t2 mk t1 ml k) HashJoin(t2 mk t1 ml k lt),0.08330462872982025,0.10395662486553192,False,0.0063341110944747925
JOB,random,random_c,33c,NNNHNHNHHHHHH,NestLoop(mi_idx2 it2) NestLoop(ml mi_idx2 it2) NestLoop(mi_idx1 ml mi_idx2 it2) HashJoin(mi_idx1 ml mi_idx2 it2 it1) NestLoop(mc1 mi_idx1 ml mi_idx2 it2 it1) HashJoin(cn1 mc1 mi_idx1 ml mi_idx2 it2 it1) NestLoop(t1 cn1 mc1 mi_idx1 ml mi_idx2 it2 it1) HashJoin(t1 cn1 mc1 mi_idx1 ml mi_idx2 it2 it1 kt1) HashJoin(mc2 t1 cn1 mc1 mi_idx1 ml mi_idx2 it2 it1 kt1) HashJoin(cn2 mc2 t1 cn1 mc1 mi_idx1 ml mi_idx2 it2 it1 kt1) HashJoin(t2 cn2 mc2 t1 cn1 mc1 mi_idx1 ml mi_idx2 it2 it1 kt1) HashJoin(t2 cn2 mc2 t1 cn1 mc1 mi_idx1 ml mi_idx2 it2 it1 kt1 lt) HashJoin(t2 cn2 mc2 t1 cn1 mc1 mi_idx1 ml mi_idx2 it2 it1 kt1 lt kt2),0.15741056203842163,0.7870528101921082,True,0.17995423078536987
JOB,random,random_c,5a,HNNN,HashJoin(mc ct) NestLoop(t mc ct) NestLoop(mi t mc ct) NestLoop(mi t mc ct it),0.1813460886478424,0.32592450082302094,False,0.00345630943775177
JOB,random,random_c,6d,HNNN,HashJoin(ci n) NestLoop(mk k) NestLoop(t mk k) NestLoop(ci n t mk k),5.049897387623787,5.27193795889616,False,0.0032358318567276
JOB,random,random_c,6e,HNNN,HashJoin(ci n) NestLoop(mk k) NestLoop(t mk k) NestLoop(ci n t mk k),0.015145570039749146,0.07572785019874573,True,0.0035520121455192566
JOB,random,random_c,7a,NHHHHHH,NestLoop(ci t) HashJoin(pi it) HashJoin(an pi it) HashJoin(n an pi it) HashJoin(ci t n an pi it) HashJoin(ml lt) HashJoin(ci t n an pi it ml lt),1.1774419844150543,5.887209922075272,True,0.013569287955760956
JOB,random,random_c,8d,HHH,HashJoin(ci rt t mc cn) HashJoin(ci rt t mc cn n1) HashJoin(an1 ci rt t mc cn n1),2.1970138400793076,6.240382358431816,False,0.006947815418243408
JOB,random,random_c,9c,NNHHHHH,NestLoop(an n) NestLoop(ci an n) HashJoin(ci an n rt) HashJoin(mc ci an n rt) HashJoin(t mc ci an n rt) HashJoin(t mc ci an n rt cn) HashJoin(t mc ci an n rt cn chn),1.8051206320524216,2.121570974588394,False,0.014309301972389221
