workload,query_id,hint,collection_timeout_s,run1_charged_s,run1_timed_out
JOB,1a,63,0.031154975295066833,0.025252752006053925,False
JOB,1a,62,0.031154975295066833,0.0054302215576171875,False
JOB,1a,61,0.031154975295066833,0.030173443257808685,False
JOB,1a,60,0.031154975295066833,0.0054662227630615234,False
JOB,1a,59,0.031154975295066833,0.005684010684490204,False
JOB,1a,58,0.031154975295066833,0.015207350254058838,False
JOB,1a,57,0.031154975295066833,0.031154975295066833,True
JOB,1a,56,0.031154975295066833,0.031154975295066833,True
JOB,1a,55,0.031154975295066833,0.031154975295066833,True
JOB,1a,54,0.031154975295066833,0.031154975295066833,True
JOB,1a,53,0.031154975295066833,0.031154975295066833,True
JOB,1a,52,0.031154975295066833,0.031154975295066833,True
JOB,1a,51,0.031154975295066833,0.031154975295066833,True
JOB,1a,50,0.031154975295066833,0.031154975295066833,True
JOB,1a,49,0.031154975295066833,0.031154975295066833,True
JOB,1a,48,0.031154975295066833,0.031154975295066833,True
JOB,1a,47,0.031154975295066833,0.006142571568489075,False
JOB,1a,46,0.031154975295066833,0.005126543343067169,False
JOB,1a,45,0.031154975295066833,0.005116820335388184,False
JOB,1a,44,0.031154975295066833,0.005043789744377136,False
JOB,1a,43,0.031154975295066833,0.005313090980052948,False
JOB,1a,42,0.031154975295066833,0.005339466035366058,False
JOB,1a,41,0.031154975295066833,0.031154975295066833,True
JOB,1a,40,0.031154975295066833,0.031154975295066833,True
JOB,1a,39,0.031154975295066833,0.031154975295066833,True
JOB,1a,38,0.031154975295066833,0.031154975295066833,True
JOB,1a,37,0.031154975295066833,0.031154975295066833,True
JOB,1a,36,0.031154975295066833,0.031154975295066833,True
JOB,1a,35,0.031154975295066833,0.031154975295066833,True
JOB,1a,34,0.031154975295066833,0.031154975295066833,True
JOB,1a,33,0.031154975295066833,0.031154975295066833,True
JOB,1a,32,0.031154975295066833,0.031154975295066833,True
JOB,1a,31,0.031154975295066833,0.007194250822067261,False
JOB,1a,30,0.031154975295066833,0.005435846745967865,False
JOB,1a,29,0.031154975295066833,0.005756065249443054,False
JOB,1a,28,0.031154975295066833,0.005370467901229858,False
JOB,1a,27,0.031154975295066833,0.0059883370995521545,False
JOB,1a,26,0.031154975295066833,0.013051256537437439,False
JOB,1a,25,0.031154975295066833,0.031154975295066833,True
JOB,1a,24,0.031154975295066833,0.031154975295066833,True
JOB,1a,23,0.031154975295066833,0.031154975295066833,True
JOB,1a,22,0.031154975295066833,0.031154975295066833,True
JOB,1a,21,0.031154975295066833,0.031154975295066833,True
JOB,1a,20,0.031154975295066833,0.031154975295066833,True
JOB,1a,19,0.031154975295066833,0.031154975295066833,True
JOB,1a,18,0.031154975295066833,0.031154975295066833,True
JOB,1a,17,0.031154975295066833,0.031154975295066833,True
JOB,1a,16,0.031154975295066833,0.031154975295066833,True
JOB,1a,15,0.031154975295066833,0.006903126835823059,False
JOB,1a,14,0.031154975295066833,0.005271419882774353,False
JOB,1a,13,0.031154975295066833,0.005383260548114777,False
JOB,1a,12,0.031154975295066833,0.007149793207645416,False
JOB,1a,11,0.031154975295066833,0.006012372672557831,False
JOB,1a,10,0.031154975295066833,0.005696870386600494,False
JOB,1a,9,0.031154975295066833,0.031154975295066833,True
JOB,1a,8,0.031154975295066833,0.031154975295066833,True
JOB,1a,7,0.031154975295066833,0.031154975295066833,True
JOB,1a,6,0.031154975295066833,0.031154975295066833,True
JOB,1a,5,0.031154975295066833,0.031154975295066833,True
JOB,1a,4,0.031154975295066833,0.031154975295066833,True
JOB,1a,3,0.031154975295066833,0.007069528102874756,False
JOB,1a,2,0.031154975295066833,0.005655892193317413,False
JOB,1a,1,0.031154975295066833,0.031154975295066833,True
JOB,1a,0,0.031154975295066833,0.031154975295066833,True
JOB,1b,63,0.00423826277256012,0.004201360046863556,False
JOB,1b,62,0.00423826277256012,0.0007752478122711182,False
JOB,1b,61,0.00423826277256012,0.0008348971605300903,False
JOB,1b,60,0.00423826277256012,0.0011183395981788635,False
JOB,1b,59,0.00423826277256012,0.0012054443359375,False
JOB,1b,58,0.00423826277256012,0.001140989363193512,False
JOB,1b,57,0.00423826277256012,0.00423826277256012,True
JOB,1b,56,0.00423826277256012,0.00423826277256012,True
JOB,1b,55,0.00423826277256012,0.00423826277256012,True
JOB,1b,54,0.00423826277256012,0.00423826277256012,True
JOB,1b,53,0.00423826277256012,0.00423826277256012,True
JOB,1b,52,0.00423826277256012,0.00423826277256012,True
JOB,1b,51,0.00423826277256012,0.00423826277256012,True
JOB,1b,50,0.00423826277256012,0.00423826277256012,True
JOB,1b,49,0.00423826277256012,0.00423826277256012,True
JOB,1b,48,0.00423826277256012,0.00423826277256012,True
JOB,1b,47,0.00423826277256012,0.0008806213736534119,False
JOB,1b,46,0.00423826277256012,0.0009465217590332031,False
JOB,1b,45,0.00423826277256012,0.0008638948202133179,False
JOB,1b,44,0.00423826277256012,0.000601060688495636,False
JOB,1b,43,0.00423826277256012,0.0013560429215431213,False
JOB,1b,42,0.00423826277256012,0.0007965192198753357,False
JOB,1b,41,0.00423826277256012,0.00423826277256012,True
JOB,1b,40,0.00423826277256012,0.00423826277256012,True
JOB,1b,39,0.00423826277256012,0.00423826277256012,True
JOB,1b,38,0.00423826277256012,0.00423826277256012,True
JOB,1b,37,0.00423826277256012,0.00423826277256012,True
JOB,1b,36,0.00423826277256012,0.00423826277256012,True
JOB,1b,35,0.00423826277256012,0.00423826277256012,True
JOB,1b,34,0.00423826277256012,0.00423826277256012,True
JOB,1b,33,0.00423826277256012,0.00423826277256012,True
JOB,1b,32,0.00423826277256012,0.00423826277256012,True
JOB,1b,31,0.00423826277256012,0.001760244369506836,False
JOB,1b,30,0.00423826277256012,0.0009339302778244019,False
JOB,1b,29,0.00423826277256012,0.0009254887700080872,False
JOB,1b,28,0.00423826277256012,0.0008424818515777588,False
JOB,1b,27,0.00423826277256012,0.0013167411088943481,False
JOB,1b,26,0.00423826277256012,0.0020068585872650146,False
JOB,1b,25,0.00423826277256012,0.00423826277256012,True
JOB,1b,24,0.00423826277256012,0.00423826277256012,True
JOB,1b,23,0.00423826277256012,0.00423826277256012,True
JOB,1b,22,0.00423826277256012,0.00423826277256012,True
JOB,1b,21,0.00423826277256012,0.00423826277256012,True
JOB,1b,20,0.00423826277256012,0.00423826277256012,True
JOB,1b,19,0.00423826277256012,0.00423826277256012,True
JOB,1b,18,0.00423826277256012,0.00423826277256012,True
JOB,1b,17,0.00423826277256012,0.00423826277256012,True
JOB,1b,16,0.00423826277256012,0.00423826277256012,True
JOB,1b,15,0.00423826277256012,0.0014636367559432983,False
JOB,1b,14,0.00423826277256012,0.0006122663617134094,False
JOB,1b,13,0.00423826277256012,0.0006017684936523438,False
JOB,1b,12,0.00423826277256012,0.0007420331239700317,False
JOB,1b,11,0.00423826277256012,0.0010080039501190186,False
JOB,1b,10,0.00423826277256012,0.0006270110607147217,False
JOB,1b,9,0.00423826277256012,0.00423826277256012,True
JOB,1b,8,0.00423826277256012,0.00423826277256012,True
JOB,1b,7,0.00423826277256012,0.00423826277256012,True
JOB,1b,6,0.00423826277256012,0.00423826277256012,True
JOB,1b,5,0.00423826277256012,0.00423826277256012,True
JOB,1b,4,0.00423826277256012,0.00423826277256012,True
JOB,1b,3,0.00423826277256012,0.0014942586421966553,False
JOB,1b,2,0.00423826277256012,0.0013542696833610535,False
JOB,1b,1,0.00423826277256012,0.00423826277256012,True
JOB,1b,0,0.00423826277256012,0.00423826277256012,True
JOB,1c,63,0.021659284830093384,0.013419628143310547,False
JOB,1c,62,0.021659284830093384,0.004867240786552429,False
JOB,1c,61,0.021659284830093384,0.010145232081413269,False
JOB,1c,60,0.021659284830093384,0.004413701593875885,False
JOB,1c,59,0.021659284830093384,0.021659284830093384,True
JOB,1c,58,0.021659284830093384,0.021659284830093384,True
JOB,1c,57,0.021659284830093384,0.021659284830093384,True
JOB,1c,56,0.021659284830093384,0.021659284830093384,True
JOB,1c,55,0.021659284830093384,0.021659284830093384,True
JOB,1c,54,0.021659284830093384,0.021659284830093384,True
JOB,1c,53,0.021659284830093384,0.021659284830093384,True
JOB,1c,52,0.021659284830093384,0.021659284830093384,True
JOB,1c,51,0.021659284830093384,0.021659284830093384,True
JOB,1c,50,0.021659284830093384,0.021659284830093384,True
JOB,1c,49,0.021659284830093384,0.021659284830093384,True
JOB,1c,48,0.021659284830093384,0.021659284830093384,True
JOB,1c,47,0.021659284830093384,0.005480058491230011,False
JOB,1c,46,0.021659284830093384,0.004080139100551605,False
JOB,1c,45,0.021659284830093384,0.0039708614349365234,False
JOB,1c,44,0.021659284830093384,0.0039151981472969055,False
JOB,1c,43,0.021659284830093384,0.021659284830093384,True
JOB,1c,42,0.021659284830093384,0.021659284830093384,True
JOB,1c,41,0.021659284830093384,0.021659284830093384,True
JOB,1c,40,0.021659284830093384,0.021659284830093384,True
JOB,1c,39,0.021659284830093384,0.021659284830093384,True
JOB,1c,38,0.021659284830093384,0.021659284830093384,True
JOB,1c,37,0.021659284830093384,0.021659284830093384,True
JOB,1c,36,0.021659284830093384,0.021659284830093384,True
JOB,1c,35,0.021659284830093384,0.021659284830093384,True
JOB,1c,34,0.021659284830093384,0.021659284830093384,True
JOB,1c,33,0.021659284830093384,0.021659284830093384,True
JOB,1c,32,0.021659284830093384,0.021659284830093384,True
JOB,1c,31,0.021659284830093384,0.005367398262023926,False
JOB,1c,30,0.021659284830093384,0.004129238426685333,False
JOB,1c,29,0.021659284830093384,0.004150092601776123,False
JOB,1c,28,0.021659284830093384,0.004165634512901306,False
JOB,1c,27,0.021659284830093384,0.021659284830093384,True
JOB,1c,26,0.021659284830093384,0.021659284830093384,True
JOB,1c,25,0.021659284830093384,0.021659284830093384,True
JOB,1c,24,0.021659284830093384,0.021659284830093384,True
JOB,1c,23,0.021659284830093384,0.021659284830093384,True
JOB,1c,22,0.021659284830093384,0.021659284830093384,True
JOB,1c,21,0.021659284830093384,0.021659284830093384,True
JOB,1c,20,0.021659284830093384,0.021659284830093384,True
JOB,1c,19,0.021659284830093384,0.021659284830093384,True
JOB,1c,18,0.021659284830093384,0.021659284830093384,True
JOB,1c,17,0.021659284830093384,0.021659284830093384,True
JOB,1c,16,0.021659284830093384,0.021659284830093384,True
JOB,1c,15,0.021659284830093384,0.0053594037890434265,False
JOB,1c,14,0.021659284830093384,0.0041805654764175415,False
JOB,1c,13,0.021659284830093384,0.004160791635513306,False
JOB,1c,12,0.021659284830093384,0.003805816173553467,False
JOB,1c,11,0.021659284830093384,0.021659284830093384,True
JOB,1c,10,0.021659284830093384,0.021659284830093384,True
JOB,1c,9,0.021659284830093384,0.021659284830093384,True
JOB,1c,8,0.021659284830093384,0.021659284830093384,True
JOB,1c,7,0.021659284830093384,0.021659284830093384,True
JOB,1c,6,0.021659284830093384,0.021659284830093384,True
JOB,1c,5,0.021659284830093384,0.021659284830093384,True
JOB,1c,4,0.021659284830093384,0.021659284830093384,True
JOB,1c,3,0.021659284830093384,0.021659284830093384,True
JOB,1c,2,0.021659284830093384,0.021659284830093384,True
JOB,1c,1,0.021659284830093384,0.021659284830093384,True
JOB,1c,0,0.021659284830093384,0.021659284830093384,True
JOB,1d,63,0.004147551953792572,0.003292568027973175,False
JOB,1d,62,0.004147551953792572,0.000987522304058075,False
JOB,1d,61,0.004147551953792572,0.0007868185639381409,False
JOB,1d,60,0.004147551953792572,0.0008284971117973328,False
JOB,1d,59,0.004147551953792572,0.0008300244808197021,False
JOB,1d,58,0.004147551953792572,0.0008359476923942566,False
JOB,1d,57,0.004147551953792572,0.004147551953792572,True
JOB,1d,56,0.004147551953792572,0.004147551953792572,True
JOB,1d,55,0.004147551953792572,0.004147551953792572,True
JOB,1d,54,0.004147551953792572,0.004147551953792572,True
JOB,1d,53,0.004147551953792572,0.004147551953792572,True
JOB,1d,52,0.004147551953792572,0.004147551953792572,True
JOB,1d,51,0.004147551953792572,0.004147551953792572,True
JOB,1d,50,0.004147551953792572,0.004147551953792572,True
JOB,1d,49,0.004147551953792572,0.004147551953792572,True
JOB,1d,48,0.004147551953792572,0.004147551953792572,True
JOB,1d,47,0.004147551953792572,0.0007695183157920837,False
JOB,1d,46,0.004147551953792572,0.0007067099213600159,False
JOB,1d,45,0.004147551953792572,0.0006369352340698242,False
JOB,1d,44,0.004147551953792572,0.0006192922592163086,False
JOB,1d,43,0.004147551953792572,0.0006387308239936829,False
JOB,1d,42,0.004147551953792572,0.0006894320249557495,False
JOB,1d,41,0.004147551953792572,0.004147551953792572,True
JOB,1d,40,0.004147551953792572,0.004147551953792572,True
JOB,1d,39,0.004147551953792572,0.004147551953792572,True
JOB,1d,38,0.004147551953792572,0.004147551953792572,True
JOB,1d,37,0.004147551953792572,0.004147551953792572,True
JOB,1d,36,0.004147551953792572,0.004147551953792572,True
JOB,1d,35,0.004147551953792572,0.004147551953792572,True
JOB,1d,34,0.004147551953792572,0.004147551953792572,True
JOB,1d,33,0.004147551953792572,0.004147551953792572,True
JOB,1d,32,0.004147551953792572,0.004147551953792572,True
JOB,1d,31,0.004147551953792572,0.001750156283378601,False
JOB,1d,30,0.004147551953792572,0.0016709938645362854,False
JOB,1d,29,0.004147551953792572,0.002070479094982147,False
JOB,1d,28,0.004147551953792572,0.001347966492176056,False
JOB,1d,27,0.004147551953792572,0.0015095174312591553,False
JOB,1d,26,0.004147551953792572,0.0014955401420593262,False
JOB,1d,25,0.004147551953792572,0.004147551953792572,True
JOB,1d,24,0.004147551953792572,0.004147551953792572,True
JOB,1d,23,0.004147551953792572,0.004147551953792572,True
JOB,1d,22,0.004147551953792572,0.004147551953792572,True
JOB,1d,21,0.004147551953792572,0.004147551953792572,True
JOB,1d,20,0.004147551953792572,0.004147551953792572,True
JOB,1d,19,0.004147551953792572,0.004147551953792572,True
JOB,1d,18,0.004147551953792572,0.004147551953792572,True
JOB,1d,17,0.004147551953792572,0.004147551953792572,True
JOB,1d,16,0.004147551953792572,0.004147551953792572,True
JOB,1d,15,0.004147551953792572,0.0007471367716789246,False
JOB,1d,14,0.004147551953792572,0.0006453990936279297,False
JOB,1d,13,0.004147551953792572,0.0006101429462432861,False
JOB,1d,12,0.004147551953792572,0.0005916059017181396,False
JOB,1d,11,0.004147551953792572,0.0006044507026672363,False
JOB,1d,10,0.004147551953792572,0.0006089881062507629,False
JOB,1d,9,0.004147551953792572,0.004147551953792572,True
JOB,1d,8,0.004147551953792572,0.004147551953792572,True
JOB,1d,7,0.004147551953792572,0.004147551953792572,True
JOB,1d,6,0.004147551953792572,0.004147551953792572,True
JOB,1d,5,0.004147551953792572,0.004147551953792572,True
JOB,1d,4,0.004147551953792572,0.004147551953792572,True
JOB,1d,3,0.004147551953792572,0.0009978041052818298,False
JOB,1d,2,0.004147551953792572,0.0009303092956542969,False
JOB,1d,1,0.004147551953792572,0.004147551953792572,True
JOB,1d,0,0.004147551953792572,0.004147551953792572,True
JOB,2a,63,1.9528209418058395,1.9528209418058395,True
JOB,2a,62,1.9528209418058395,0.4026064947247505,False
JOB,2a,61,1.9528209418058395,0.4488835781812668,False
JOB,2a,60,1.9528209418058395,0.43994493037462234,False
JOB,2a,59,1.9528209418058395,0.5105454996228218,False
JOB,2a,58,1.9528209418058395,0.5018909275531769,False
JOB,2a,57,1.9528209418058395,1.9528209418058395,True
JOB,2a,56,1.9528209418058395,1.9528209418058395,True
JOB,2a,55,1.9528209418058395,1.4949822500348091,False
JOB,2a,54,1.9528209418058395,1.088569737970829,False
JOB,2a,53,1.9528209418058395,1.9528209418058395,True
JOB,2a,52,1.9528209418058395,1.9528209418058395,True
JOB,2a,51,1.9528209418058395,1.0985069423913956,False
JOB,2a,50,1.9528209418058395,1.1023844555020332,False
JOB,2a,49,1.9528209418058395,1.9528209418058395,True
JOB,2a,48,1.9528209418058395,1.9528209418058395,True
JOB,2a,47,1.9528209418058395,0.405027337372303,False
JOB,2a,46,1.9528209418058395,0.40291600674390793,False
JOB,2a,45,1.9528209418058395,0.44564712792634964,False
JOB,2a,44,1.9528209418058395,0.4395650029182434,False
JOB,2a,43,1.9528209418058395,0.5134172141551971,False
JOB,2a,42,1.9528209418058395,0.5609756633639336,False
JOB,2a,41,1.9528209418058395,1.9528209418058395,True
JOB,2a,40,1.9528209418058395,1.9528209418058395,True
JOB,2a,39,1.9528209418058395,1.0868347957730293,False
JOB,2a,38,1.9528209418058395,1.0836254581809044,False
JOB,2a,37,1.9528209418058395,1.9528209418058395,True
JOB,2a,36,1.9528209418058395,1.9528209418058395,True
JOB,2a,35,1.9528209418058395,1.0944720357656479,False
JOB,2a,34,1.9528209418058395,1.098689429461956,False
JOB,2a,33,1.9528209418058395,1.9528209418058395,True
JOB,2a,32,1.9528209418058395,1.9528209418058395,True
JOB,2a,31,1.9528209418058395,0.41825588047504425,False
JOB,2a,30,1.9528209418058395,0.41884778439998627,False
JOB,2a,29,1.9528209418058395,0.4418679028749466,False
JOB,2a,28,1.9528209418058395,0.4487038254737854,False
JOB,2a,27,1.9528209418058395,0.5122518092393875,False
JOB,2a,26,1.9528209418058395,0.5132819637656212,False
JOB,2a,25,1.9528209418058395,1.9528209418058395,True
JOB,2a,24,1.9528209418058395,1.9528209418058395,True
JOB,2a,23,1.9528209418058395,1.9528209418058395,True
JOB,2a,22,1.9528209418058395,1.9528209418058395,True
JOB,2a,21,1.9528209418058395,1.9528209418058395,True
JOB,2a,20,1.9528209418058395,1.9528209418058395,True
JOB,2a,19,1.9528209418058395,1.9528209418058395,True
JOB,2a,18,1.9528209418058395,1.9528209418058395,True
JOB,2a,17,1.9528209418058395,1.9528209418058395,True
JOB,2a,16,1.9528209418058395,1.9528209418058395,True
JOB,2a,15,1.9528209418058395,0.40550003945827484,False
JOB,2a,14,1.9528209418058395,0.39946475625038147,False
JOB,2a,13,1.9528209418058395,0.4431426003575325,False
JOB,2a,12,1.9528209418058395,0.4678304046392441,False
JOB,2a,11,1.9528209418058395,0.5136616230010986,False
JOB,2a,10,1.9528209418058395,0.5364345908164978,False
JOB,2a,9,1.9528209418058395,1.9528209418058395,True
JOB,2a,8,1.9528209418058395,1.9528209418058395,True
JOB,2a,7,1.9528209418058395,1.3327436447143555,False
JOB,2a,6,1.9528209418058395,1.2987902238965034,False
JOB,2a,5,1.9528209418058395,1.3425213620066643,False
JOB,2a,4,1.9528209418058395,1.3700314536690712,False
JOB,2a,3,1.9528209418058395,0.5103791430592537,False
JOB,2a,2,1.9528209418058395,0.5202017277479172,False
JOB,2a,1,1.9528209418058395,1.9528209418058395,True
JOB,2a,0,1.9528209418058395,1.9528209418058395,True
JOB,2b,63,1.8688015639781952,0.4125038906931877,False
JOB,2b,62,1.8688015639781952,0.39504631608724594,False
JOB,2b,61,1.8688015639781952,0.43195509165525436,False
JOB,2b,60,1.8688015639781952,0.43217113614082336,False
JOB,2b,59,1.8688015639781952,0.500895768404007,False
JOB,2b,58,1.8688015639781952,0.5005079507827759,False
JOB,2b,57,1.8688015639781952,1.8688015639781952,True
JOB,2b,56,1.8688015639781952,1.8688015639781952,True
JOB,2b,55,1.8688015639781952,1.1157751232385635,False
JOB,2b,54,1.8688015639781952,1.1172682866454124,False
JOB,2b,53,1.8688015639781952,1.8688015639781952,True
JOB,2b,52,1.8688015639781952,1.8688015639781952,True
JOB,2b,51,1.8688015639781952,1.1136865988373756,False
JOB,2b,50,1.8688015639781952,1.1223424822092056,False
JOB,2b,49,1.8688015639781952,1.8688015639781952,True
JOB,2b,48,1.8688015639781952,1.8688015639781952,True
JOB,2b,47,1.8688015639781952,0.39970290660858154,False
JOB,2b,46,1.8688015639781952,0.3994428515434265,False
JOB,2b,45,1.8688015639781952,0.43244022130966187,False
JOB,2b,44,1.8688015639781952,0.44154755026102066,False
JOB,2b,43,1.8688015639781952,0.5077116712927818,False
JOB,2b,42,1.8688015639781952,0.5079697892069817,False
JOB,2b,41,1.8688015639781952,1.8688015639781952,True
JOB,2b,40,1.8688015639781952,1.8688015639781952,True
JOB,2b,39,1.8688015639781952,1.1182684302330017,False
JOB,2b,38,1.8688015639781952,1.1194863244891167,False
JOB,2b,37,1.8688015639781952,1.8688015639781952,True
JOB,2b,36,1.8688015639781952,1.8688015639781952,True
JOB,2b,35,1.8688015639781952,1.1068151071667671,False
JOB,2b,34,1.8688015639781952,1.1085531413555145,False
JOB,2b,33,1.8688015639781952,1.8688015639781952,True
JOB,2b,32,1.8688015639781952,1.8688015639781952,True
JOB,2b,31,1.8688015639781952,0.3984469771385193,False
JOB,2b,30,1.8688015639781952,0.3940913900732994,False
JOB,2b,29,1.8688015639781952,0.4304497018456459,False
JOB,2b,28,1.8688015639781952,0.42792652547359467,False
JOB,2b,27,1.8688015639781952,0.5076377019286156,False
JOB,2b,26,1.8688015639781952,0.5047531500458717,False
JOB,2b,25,1.8688015639781952,1.8688015639781952,True
JOB,2b,24,1.8688015639781952,1.8688015639781952,True
JOB,2b,23,1.8688015639781952,1.8688015639781952,True
JOB,2b,22,1.8688015639781952,1.8688015639781952,True
JOB,2b,21,1.8688015639781952,1.8688015639781952,True
JOB,2b,20,1.8688015639781952,1.8688015639781952,True
JOB,2b,19,1.8688015639781952,1.8688015639781952,True
JOB,2b,18,1.8688015639781952,1.8688015639781952,True
JOB,2b,17,1.8688015639781952,1.8688015639781952,True
JOB,2b,16,1.8688015639781952,1.8688015639781952,True
JOB,2b,15,1.8688015639781952,0.39914368838071823,False
JOB,2b,14,1.8688015639781952,0.3921372517943382,False
JOB,2b,13,1.8688015639781952,0.42731882631778717,False
JOB,2b,12,1.8688015639781952,0.43631501495838165,False
JOB,2b,11,1.8688015639781952,0.49867717176675797,False
JOB,2b,10,1.8688015639781952,0.5074880495667458,False
JOB,2b,9,1.8688015639781952,1.8688015639781952,True
JOB,2b,8,1.8688015639781952,1.8688015639781952,True
JOB,2b,7,1.8688015639781952,1.2948296889662743,False
JOB,2b,6,1.8688015639781952,1.3109038472175598,False
JOB,2b,5,1.8688015639781952,1.3338720574975014,False
JOB,2b,4,1.8688015639781952,1.331181101500988,False
JOB,2b,3,1.8688015639781952,0.5229649022221565,False
JOB,2b,2,1.8688015639781952,0.4987391158938408,False
JOB,2b,1,1.8688015639781952,1.8688015639781952,True
JOB,2b,0,1.8688015639781952,1.8688015639781952,True
JOB,2c,63,1.8109626695513725,0.3871912211179733,False
JOB,2c,62,1.8109626695513725,0.3829672187566757,False
JOB,2c,61,1.8109626695513725,0.41426578164100647,False
JOB,2c,60,1.8109626695513725,0.42081446945667267,False
JOB,2c,59,1.8109626695513725,0.47896384447813034,False
JOB,2c,58,1.8109626695513725,0.49264781922101974,False
JOB,2c,57,1.8109626695513725,1.7588412910699844,False
JOB,2c,56,1.8109626695513725,1.7288841977715492,False
JOB,2c,55,1.8109626695513725,0.8824631795287132,False
JOB,2c,54,1.8109626695513725,0.8836936354637146,False
JOB,2c,53,1.8109626695513725,1.8109626695513725,True
JOB,2c,52,1.8109626695513725,1.8109626695513725,True
JOB,2c,51,1.8109626695513725,0.8937381580471992,False
JOB,2c,50,1.8109626695513725,0.8841303363442421,False
JOB,2c,49,1.8109626695513725,1.7141451016068459,False
JOB,2c,48,1.8109626695513725,1.7051291689276695,False
JOB,2c,47,1.8109626695513725,0.3804042935371399,False
JOB,2c,46,1.8109626695513725,0.38280025124549866,False
JOB,2c,45,1.8109626695513725,0.41234027594327927,False
JOB,2c,44,1.8109626695513725,0.4169481173157692,False
JOB,2c,43,1.8109626695513725,0.48329276591539383,False
JOB,2c,42,1.8109626695513725,0.47851164638996124,False
JOB,2c,41,1.8109626695513725,1.7142930552363396,False
JOB,2c,40,1.8109626695513725,1.6979974806308746,False
JOB,2c,39,1.8109626695513725,0.8906433507800102,False
JOB,2c,38,1.8109626695513725,0.886006236076355,False
JOB,2c,37,1.8109626695513725,1.8109626695513725,True
JOB,2c,36,1.8109626695513725,1.8109626695513725,True
JOB,2c,35,1.8109626695513725,0.8842054381966591,False
JOB,2c,34,1.8109626695513725,0.8823421522974968,False
JOB,2c,33,1.8109626695513725,1.7022392600774765,False
JOB,2c,32,1.8109626695513725,1.6931514739990234,False
JOB,2c,31,1.8109626695513725,0.38757769018411636,False
JOB,2c,30,1.8109626695513725,0.3812519609928131,False
JOB,2c,29,1.8109626695513725,0.4169560670852661,False
JOB,2c,28,1.8109626695513725,0.4195939376950264,False
JOB,2c,27,1.8109626695513725,0.4878469184041023,False
JOB,2c,26,1.8109626695513725,0.48265425860881805,False
JOB,2c,25,1.8109626695513725,1.709249459207058,False
JOB,2c,24,1.8109626695513725,1.7064446061849594,False
JOB,2c,23,1.8109626695513725,1.5340376421809196,False
JOB,2c,22,1.8109626695513725,1.5244220420718193,False
JOB,2c,21,1.8109626695513725,1.637144647538662,False
JOB,2c,20,1.8109626695513725,1.633826307952404,False
JOB,2c,19,1.8109626695513725,1.8109626695513725,True
JOB,2c,18,1.8109626695513725,1.8109626695513725,True
JOB,2c,17,1.8109626695513725,1.7114351615309715,False
JOB,2c,16,1.8109626695513725,1.7053526118397713,False
JOB,2c,15,1.8109626695513725,0.38308822363615036,False
JOB,2c,14,1.8109626695513725,0.3870481997728348,False
JOB,2c,13,1.8109626695513725,0.4102490767836571,False
JOB,2c,12,1.8109626695513725,0.4170316383242607,False
JOB,2c,11,1.8109626695513725,0.486607626080513,False
JOB,2c,10,1.8109626695513725,0.4785207286477089,False
JOB,2c,9,1.8109626695513725,1.7054838761687279,False
JOB,2c,8,1.8109626695513725,1.7013980820775032,False
JOB,2c,7,1.8109626695513725,1.2808996587991714,False
JOB,2c,6,1.8109626695513725,1.266684502363205,False
JOB,2c,5,1.8109626695513725,1.3193929567933083,False
JOB,2c,4,1.8109626695513725,1.315030299127102,False
JOB,2c,3,1.8109626695513725,0.49452633410692215,False
JOB,2c,2,1.8109626695513725,0.49439556151628494,False
JOB,2c,1,1.8109626695513725,1.702167198061943,False
JOB,2c,0,1.8109626695513725,1.7072263434529305,False
JOB,2d,63,2.3714104667305946,0.5103353559970856,False
JOB,2d,62,2.3714104667305946,0.5062497556209564,False
JOB,2d,61,2.3714104667305946,0.5198009833693504,False
JOB,2d,60,2.3714104667305946,0.5477146357297897,False
JOB,2d,59,2.3714104667305946,0.6296479105949402,False
JOB,2d,58,2.3714104667305946,0.6241693794727325,False
JOB,2d,57,2.3714104667305946,2.3714104667305946,True
JOB,2d,56,2.3714104667305946,2.3714104667305946,True
JOB,2d,55,2.3714104667305946,1.160341091454029,False
JOB,2d,54,2.3714104667305946,1.1542781218886375,False
JOB,2d,53,2.3714104667305946,2.3714104667305946,True
JOB,2d,52,2.3714104667305946,2.3714104667305946,True
JOB,2d,51,2.3714104667305946,1.1545322760939598,False
JOB,2d,50,2.3714104667305946,1.16616852581501,False
JOB,2d,49,2.3714104667305946,2.3714104667305946,True
JOB,2d,48,2.3714104667305946,2.3714104667305946,True
JOB,2d,47,2.3714104667305946,0.5051805451512337,False
JOB,2d,46,2.3714104667305946,0.4995901808142662,False
JOB,2d,45,2.3714104667305946,0.5301874801516533,False
JOB,2d,44,2.3714104667305946,0.5361848920583725,False
JOB,2d,43,2.3714104667305946,0.627886451780796,False
JOB,2d,42,2.3714104667305946,0.6149614751338959,False
JOB,2d,41,2.3714104667305946,2.3714104667305946,True
JOB,2d,40,2.3714104667305946,2.3714104667305946,True
JOB,2d,39,2.3714104667305946,1.1661606207489967,False
JOB,2d,38,2.3714104667305946,1.1680159643292427,False
JOB,2d,37,2.3714104667305946,2.3714104667305946,True
JOB,2d,36,2.3714104667305946,2.3714104667305946,True
JOB,2d,35,2.3714104667305946,1.1649753227829933,False
JOB,2d,34,2.3714104667305946,1.1730680167675018,False
JOB,2d,33,2.3714104667305946,2.366303011775017,False
JOB,2d,32,2.3714104667305946,2.3714104667305946,True
JOB,2d,31,2.3714104667305946,0.5012216195464134,False
JOB,2d,30,2.3714104667305946,0.49892889708280563,False
JOB,2d,29,2.3714104667305946,0.5355996787548065,False
JOB,2d,28,2.3714104667305946,0.5365432277321815,False
JOB,2d,27,2.3714104667305946,0.6163662299513817,False
JOB,2d,26,2.3714104667305946,0.6178293973207474,False
JOB,2d,25,2.3714104667305946,2.3714104667305946,True
JOB,2d,24,2.3714104667305946,2.3714104667305946,True
JOB,2d,23,2.3714104667305946,1.9839370995759964,False
JOB,2d,22,2.3714104667305946,1.9894148707389832,False
JOB,2d,21,2.3714104667305946,2.055828422307968,False
JOB,2d,20,2.3714104667305946,2.0585421547293663,False
JOB,2d,19,2.3714104667305946,2.3714104667305946,True
JOB,2d,18,2.3714104667305946,2.3714104667305946,True
JOB,2d,17,2.3714104667305946,2.3714104667305946,True
JOB,2d,16,2.3714104667305946,2.3714104667305946,True
JOB,2d,15,2.3714104667305946,0.499007947742939,False
JOB,2d,14,2.3714104667305946,0.5038093999028206,False
JOB,2d,13,2.3714104667305946,0.5328355357050896,False
JOB,2d,12,2.3714104667305946,0.5379837155342102,False
JOB,2d,11,2.3714104667305946,0.64228355884552,False
JOB,2d,10,2.3714104667305946,0.6157275885343552,False
JOB,2d,9,2.3714104667305946,2.3714104667305946,True
JOB,2d,8,2.3714104667305946,2.3714104667305946,True
JOB,2d,7,2.3714104667305946,1.4002545028924942,False
JOB,2d,6,2.3714104667305946,1.4223060384392738,False
JOB,2d,5,2.3714104667305946,1.4524117559194565,False
JOB,2d,4,2.3714104667305946,1.4469635710120201,False
JOB,2d,3,2.3714104667305946,0.6241821795701981,False
JOB,2d,2,2.3714104667305946,0.621887557208538,False
JOB,2d,1,2.3714104667305946,2.3714104667305946,True
JOB,2d,0,2.3714104667305946,2.3714104667305946,True
JOB,3a,63,0.49435269087553024,0.49435269087553024,True
JOB,3a,62,0.49435269087553024,0.10920051485300064,False
JOB,3a,61,0.49435269087553024,0.1416546031832695,False
JOB,3a,60,0.49435269087553024,0.140791617333889,False
JOB,3a,59,0.49435269087553024,0.11922330409288406,False
JOB,3a,58,0.49435269087553024,0.1238764226436615,False
JOB,3a,57,0.49435269087553024,0.49435269087553024,True
JOB,3a,56,0.49435269087553024,0.49435269087553024,True
JOB,3a,55,0.49435269087553024,0.49435269087553024,True
JOB,3a,54,0.49435269087553024,0.49435269087553024,True
JOB,3a,53,0.49435269087553024,0.49435269087553024,True
JOB,3a,52,0.49435269087553024,0.49435269087553024,True
JOB,3a,51,0.49435269087553024,0.49435269087553024,True
JOB,3a,50,0.49435269087553024,0.49435269087553024,True
JOB,3a,49,0.49435269087553024,0.49435269087553024,True
JOB,3a,48,0.49435269087553024,0.49435269087553024,True
JOB,3a,47,0.49435269087553024,0.11390683054924011,False
JOB,3a,46,0.49435269087553024,0.10534168779850006,False
JOB,3a,45,0.49435269087553024,0.1410129889845848,False
JOB,3a,44,0.49435269087553024,0.1408098116517067,False
JOB,3a,43,0.49435269087553024,0.12072613090276718,False
JOB,3a,42,0.49435269087553024,0.11944210529327393,False
JOB,3a,41,0.49435269087553024,0.49435269087553024,True
JOB,3a,40,0.49435269087553024,0.49435269087553024,True
JOB,3a,39,0.49435269087553024,0.49435269087553024,True
JOB,3a,38,0.49435269087553024,0.49435269087553024,True
JOB,3a,37,0.49435269087553024,0.49435269087553024,True
JOB,3a,36,0.49435269087553024,0.49435269087553024,True
JOB,3a,35,0.49435269087553024,0.49435269087553024,True
JOB,3a,34,0.49435269087553024,0.49435269087553024,True
JOB,3a,33,0.49435269087553024,0.49435269087553024,True
JOB,3a,32,0.49435269087553024,0.49435269087553024,True
JOB,3a,31,0.49435269087553024,0.11261686682701111,False
JOB,3a,30,0.49435269087553024,0.1071513369679451,False
JOB,3a,29,0.49435269087553024,0.1695966273546219,False
JOB,3a,28,0.49435269087553024,0.1461252048611641,False
JOB,3a,27,0.49435269087553024,0.11806514114141464,False
JOB,3a,26,0.49435269087553024,0.11897875368595123,False
JOB,3a,25,0.49435269087553024,0.49435269087553024,True
JOB,3a,24,0.49435269087553024,0.49435269087553024,True
JOB,3a,23,0.49435269087553024,0.49435269087553024,True
JOB,3a,22,0.49435269087553024,0.49435269087553024,True
JOB,3a,21,0.49435269087553024,0.49435269087553024,True
JOB,3a,20,0.49435269087553024,0.49435269087553024,True
JOB,3a,19,0.49435269087553024,0.49435269087553024,True
JOB,3a,18,0.49435269087553024,0.49435269087553024,True
JOB,3a,17,0.49435269087553024,0.49435269087553024,True
JOB,3a,16,0.49435269087553024,0.49435269087553024,True
JOB,3a,15,0.49435269087553024,0.11106401681900024,False
JOB,3a,14,0.49435269087553024,0.10576935857534409,False
JOB,3a,13,0.49435269087553024,0.13823693245649338,False
JOB,3a,12,0.49435269087553024,0.1438303291797638,False
JOB,3a,11,0.49435269087553024,0.11883164197206497,False
JOB,3a,10,0.49435269087553024,0.11478975415229797,False
JOB,3a,9,0.49435269087553024,0.49435269087553024,True
JOB,3a,8,0.49435269087553024,0.49435269087553024,True
JOB,3a,7,0.49435269087553024,0.49435269087553024,True
JOB,3a,6,0.49435269087553024,0.49435269087553024,True
JOB,3a,5,0.49435269087553024,0.49435269087553024,True
JOB,3a,4,0.49435269087553024,0.49435269087553024,True
JOB,3a,3,0.49435269087553024,0.1251014694571495,False
JOB,3a,2,0.49435269087553024,0.11642594635486603,False
JOB,3a,1,0.49435269087553024,0.49435269087553024,True
JOB,3a,0,0.49435269087553024,0.49435269087553024,True
JOB,3b,63,0.3251664340496063,0.07717663794755936,False
JOB,3b,62,0.3251664340496063,0.06472114473581314,False
JOB,3b,61,0.3251664340496063,0.10089115798473358,False
JOB,3b,60,0.3251664340496063,0.09758498519659042,False
JOB,3b,59,0.3251664340496063,0.07201766967773438,False
JOB,3b,58,0.3251664340496063,0.07011426985263824,False
JOB,3b,57,0.3251664340496063,0.3251664340496063,True
JOB,3b,56,0.3251664340496063,0.3251664340496063,True
JOB,3b,55,0.3251664340496063,0.3251664340496063,True
JOB,3b,54,0.3251664340496063,0.3251664340496063,True
JOB,3b,53,0.3251664340496063,0.3251664340496063,True
JOB,3b,52,0.3251664340496063,0.3251664340496063,True
JOB,3b,51,0.3251664340496063,0.3251664340496063,True
JOB,3b,50,0.3251664340496063,0.3251664340496063,True
JOB,3b,49,0.3251664340496063,0.3251664340496063,True
JOB,3b,48,0.3251664340496063,0.3251664340496063,True
JOB,3b,47,0.3251664340496063,0.07389125227928162,False
JOB,3b,46,0.3251664340496063,0.06864878535270691,False
JOB,3b,45,0.3251664340496063,0.09683474153280258,False
JOB,3b,44,0.3251664340496063,0.10111652314662933,False
JOB,3b,43,0.3251664340496063,0.07201570272445679,False
JOB,3b,42,0.3251664340496063,0.07423669099807739,False
JOB,3b,41,0.3251664340496063,0.3251664340496063,True
JOB,3b,40,0.3251664340496063,0.3251664340496063,True
JOB,3b,39,0.3251664340496063,0.3251664340496063,True
JOB,3b,38,0.3251664340496063,0.3251664340496063,True
JOB,3b,37,0.3251664340496063,0.3251664340496063,True
JOB,3b,36,0.3251664340496063,0.3251664340496063,True
JOB,3b,35,0.3251664340496063,0.3251664340496063,True
JOB,3b,34,0.3251664340496063,0.3251664340496063,True
JOB,3b,33,0.3251664340496063,0.3251664340496063,True
JOB,3b,32,0.3251664340496063,0.3251664340496063,True
JOB,3b,31,0.3251664340496063,0.07478787750005722,False
JOB,3b,30,0.3251664340496063,0.06432760506868362,False
JOB,3b,29,0.3251664340496063,0.10123082250356674,False
JOB,3b,28,0.3251664340496063,0.10083483159542084,False
JOB,3b,27,0.3251664340496063,0.07461857050657272,False
JOB,3b,26,0.3251664340496063,0.06951219588518143,False
JOB,3b,25,0.3251664340496063,0.3251664340496063,True
JOB,3b,24,0.3251664340496063,0.3251664340496063,True
JOB,3b,23,0.3251664340496063,0.3251664340496063,True
JOB,3b,22,0.3251664340496063,0.3251664340496063,True
JOB,3b,21,0.3251664340496063,0.3251664340496063,True
JOB,3b,20,0.3251664340496063,0.3251664340496063,True
JOB,3b,19,0.3251664340496063,0.3251664340496063,True
JOB,3b,18,0.3251664340496063,0.3251664340496063,True
JOB,3b,17,0.3251664340496063,0.3251664340496063,True
JOB,3b,16,0.3251664340496063,0.3251664340496063,True
JOB,3b,15,0.3251664340496063,0.07270297408103943,False
JOB,3b,14,0.3251664340496063,0.06524918228387833,False
JOB,3b,13,0.3251664340496063,0.09847134351730347,False
JOB,3b,12,0.3251664340496063,0.1032266914844513,False
JOB,3b,11,0.3251664340496063,0.07238786667585373,False
JOB,3b,10,0.3251664340496063,0.07090109586715698,False
JOB,3b,9,0.3251664340496063,0.3251664340496063,True
JOB,3b,8,0.3251664340496063,0.3251664340496063,True
JOB,3b,7,0.3251664340496063,0.3251664340496063,True
JOB,3b,6,0.3251664340496063,0.3251664340496063,True
JOB,3b,5,0.3251664340496063,0.3251664340496063,True
JOB,3b,4,0.3251664340496063,0.3251664340496063,True
JOB,3b,3,0.3251664340496063,0.07937335968017578,False
JOB,3b,2,0.3251664340496063,0.07320164889097214,False
JOB,3b,1,0.3251664340496063,0.3251664340496063,True
JOB,3b,0,0.3251664340496063,0.3251664340496063,True
JOB,3c,63,0.8802308142185211,0.8802308142185211,True
JOB,3c,62,0.8802308142185211,0.20619115978479385,False
JOB,3c,61,0.8802308142185211,0.23266427218914032,False
JOB,3c,60,0.8802308142185211,0.2255503088235855,False
JOB,3c,59,0.8802308142185211,0.23395323008298874,False
JOB,3c,58,0.8802308142185211,0.2203243523836136,False
JOB,3c,57,0.8802308142185211,0.8802308142185211,True
JOB,3c,56,0.8802308142185211,0.8802308142185211,True
JOB,3c,55,0.8802308142185211,0.8802308142185211,True
JOB,3c,54,0.8802308142185211,0.8802308142185211,True
JOB,3c,53,0.8802308142185211,0.8802308142185211,True
JOB,3c,52,0.8802308142185211,0.8802308142185211,True
JOB,3c,51,0.8802308142185211,0.8802308142185211,True
JOB,3c,50,0.8802308142185211,0.8802308142185211,True
JOB,3c,49,0.8802308142185211,0.8802308142185211,True
JOB,3c,48,0.8802308142185211,0.8802308142185211,True
JOB,3c,47,0.8802308142185211,0.20128363370895386,False
JOB,3c,46,0.8802308142185211,0.19021231681108475,False
JOB,3c,45,0.8802308142185211,0.23446444422006607,False
JOB,3c,44,0.8802308142185211,0.2308407947421074,False
JOB,3c,43,0.8802308142185211,0.2200050950050354,False
JOB,3c,42,0.8802308142185211,0.22214151173830032,False
JOB,3c,41,0.8802308142185211,0.8802308142185211,True
JOB,3c,40,0.8802308142185211,0.8802308142185211,True
JOB,3c,39,0.8802308142185211,0.8802308142185211,True
JOB,3c,38,0.8802308142185211,0.8802308142185211,True
JOB,3c,37,0.8802308142185211,0.8802308142185211,True
JOB,3c,36,0.8802308142185211,0.8802308142185211,True
JOB,3c,35,0.8802308142185211,0.8802308142185211,True
JOB,3c,34,0.8802308142185211,0.8802308142185211,True
JOB,3c,33,0.8802308142185211,0.8802308142185211,True
JOB,3c,32,0.8802308142185211,0.8802308142185211,True
JOB,3c,31,0.8802308142185211,0.19968323409557343,False
JOB,3c,30,0.8802308142185211,0.19042681902647018,False
JOB,3c,29,0.8802308142185211,0.22515087574720383,False
JOB,3c,28,0.8802308142185211,0.23810617625713348,False
JOB,3c,27,0.8802308142185211,0.22061387449502945,False
JOB,3c,26,0.8802308142185211,0.22635173052549362,False
JOB,3c,25,0.8802308142185211,0.8802308142185211,True
JOB,3c,24,0.8802308142185211,0.8802308142185211,True
JOB,3c,23,0.8802308142185211,0.8802308142185211,True
JOB,3c,22,0.8802308142185211,0.8802308142185211,True
JOB,3c,21,0.8802308142185211,0.8802308142185211,True
JOB,3c,20,0.8802308142185211,0.8802308142185211,True
JOB,3c,19,0.8802308142185211,0.8802308142185211,True
JOB,3c,18,0.8802308142185211,0.8802308142185211,True
JOB,3c,17,0.8802308142185211,0.8802308142185211,True
JOB,3c,16,0.8802308142185211,0.8802308142185211,True
JOB,3c,15,0.8802308142185211,0.19828130304813385,False
JOB,3c,14,0.8802308142185211,0.19545778632164001,False
JOB,3c,13,0.8802308142185211,0.2234632447361946,False
JOB,3c,12,0.8802308142185211,0.22606829553842545,False
JOB,3c,11,0.8802308142185211,0.22276294976472855,False
JOB,3c,10,0.8802308142185211,0.21815858781337738,False
JOB,3c,9,0.8802308142185211,0.8802308142185211,True
JOB,3c,8,0.8802308142185211,0.8802308142185211,True
JOB,3c,7,0.8802308142185211,0.8802308142185211,True
JOB,3c,6,0.8802308142185211,0.8802308142185211,True
JOB,3c,5,0.8802308142185211,0.8802308142185211,True
JOB,3c,4,0.8802308142185211,0.8802308142185211,True
JOB,3c,3,0.8802308142185211,0.22435332834720612,False
JOB,3c,2,0.8802308142185211,0.22177215665578842,False
JOB,3c,1,0.8802308142185211,0.8802308142185211,True
JOB,3c,0,0.8802308142185211,0.8802308142185211,True
JOB,4a,63,0.35431139171123505,0.2586567550897598,False
JOB,4a,62,0.35431139171123505,0.06677316874265671,False
JOB,4a,61,0.35431139171123505,0.10283954441547394,False
JOB,4a,60,0.35431139171123505,0.10503940284252167,False
JOB,4a,59,0.35431139171123505,0.07695532590150833,False
JOB,4a,58,0.35431139171123505,0.0840754583477974,False
JOB,4a,57,0.35431139171123505,0.35431139171123505,True
JOB,4a,56,0.35431139171123505,0.35431139171123505,True
JOB,4a,55,0.35431139171123505,0.35431139171123505,True
JOB,4a,54,0.35431139171123505,0.35431139171123505,True
JOB,4a,53,0.35431139171123505,0.35431139171123505,True
JOB,4a,52,0.35431139171123505,0.35431139171123505,True
JOB,4a,51,0.35431139171123505,0.35431139171123505,True
JOB,4a,50,0.35431139171123505,0.35431139171123505,True
JOB,4a,49,0.35431139171123505,0.35431139171123505,True
JOB,4a,48,0.35431139171123505,0.35431139171123505,True
JOB,4a,47,0.35431139171123505,0.07183649390935898,False
JOB,4a,46,0.35431139171123505,0.06773054599761963,False
JOB,4a,45,0.35431139171123505,0.10046067088842392,False
JOB,4a,44,0.35431139171123505,0.10272666066884995,False
JOB,4a,43,0.35431139171123505,0.08024662733078003,False
JOB,4a,42,0.35431139171123505,0.07291489094495773,False
JOB,4a,41,0.35431139171123505,0.35431139171123505,True
JOB,4a,40,0.35431139171123505,0.35431139171123505,True
JOB,4a,39,0.35431139171123505,0.35431139171123505,True
JOB,4a,38,0.35431139171123505,0.35431139171123505,True
JOB,4a,37,0.35431139171123505,0.35431139171123505,True
JOB,4a,36,0.35431139171123505,0.35431139171123505,True
JOB,4a,35,0.35431139171123505,0.35431139171123505,True
JOB,4a,34,0.35431139171123505,0.35431139171123505,True
JOB,4a,33,0.35431139171123505,0.35431139171123505,True
JOB,4a,32,0.35431139171123505,0.35431139171123505,True
JOB,4a,31,0.35431139171123505,0.08432958275079727,False
JOB,4a,30,0.35431139171123505,0.07272444665431976,False
JOB,4a,29,0.35431139171123505,0.10226437449455261,False
JOB,4a,28,0.35431139171123505,0.10618007183074951,False
JOB,4a,27,0.35431139171123505,0.07546772062778473,False
JOB,4a,26,0.35431139171123505,0.07535327970981598,False
JOB,4a,25,0.35431139171123505,0.35431139171123505,True
JOB,4a,24,0.35431139171123505,0.35431139171123505,True
JOB,4a,23,0.35431139171123505,0.35431139171123505,True
JOB,4a,22,0.35431139171123505,0.35431139171123505,True
JOB,4a,21,0.35431139171123505,0.35431139171123505,True
JOB,4a,20,0.35431139171123505,0.35431139171123505,True
JOB,4a,19,0.35431139171123505,0.35431139171123505,True
JOB,4a,18,0.35431139171123505,0.35431139171123505,True
JOB,4a,17,0.35431139171123505,0.35431139171123505,True
JOB,4a,16,0.35431139171123505,0.35431139171123505,True
JOB,4a,15,0.35431139171123505,0.07231142371892929,False
JOB,4a,14,0.35431139171123505,0.0674397423863411,False
JOB,4a,13,0.35431139171123505,0.10554585605859756,False
JOB,4a,12,0.35431139171123505,0.10419556498527527,False
JOB,4a,11,0.35431139171123505,0.0791701227426529,False
JOB,4a,10,0.35431139171123505,0.0751991793513298,False
JOB,4a,9,0.35431139171123505,0.35431139171123505,True
JOB,4a,8,0.35431139171123505,0.35431139171123505,True
JOB,4a,7,0.35431139171123505,0.35431139171123505,True
JOB,4a,6,0.35431139171123505,0.35431139171123505,True
JOB,4a,5,0.35431139171123505,0.35431139171123505,True
JOB,4a,4,0.35431139171123505,0.35431139171123505,True
JOB,4a,3,0.35431139171123505,0.09233067184686661,False
JOB,4a,2,0.35431139171123505,0.07696697860956192,False
JOB,4a,1,0.35431139171123505,0.35431139171123505,True
JOB,4a,0,0.35431139171123505,0.35431139171123505,True
JOB,4b,63,0.349113792181015,0.09017720818519592,False
JOB,4b,62,0.349113792181015,0.07074518501758575,False
JOB,4b,61,0.349113792181015,0.07153007388114929,False
JOB,4b,60,0.349113792181015,0.06944924592971802,False
JOB,4b,59,0.349113792181015,0.07253123074769974,False
JOB,4b,58,0.349113792181015,0.07054493576288223,False
JOB,4b,57,0.349113792181015,0.2141784131526947,False
JOB,4b,56,0.349113792181015,0.21403486281633377,False
JOB,4b,55,0.349113792181015,0.349113792181015,True
JOB,4b,54,0.349113792181015,0.349113792181015,True
JOB,4b,53,0.349113792181015,0.349113792181015,True
JOB,4b,52,0.349113792181015,0.349113792181015,True
JOB,4b,51,0.349113792181015,0.349113792181015,True
JOB,4b,50,0.349113792181015,0.349113792181015,True
JOB,4b,49,0.349113792181015,0.22627399116754532,False
JOB,4b,48,0.349113792181015,0.22724366933107376,False
JOB,4b,47,0.349113792181015,0.07337307184934616,False
JOB,4b,46,0.349113792181015,0.07539816945791245,False
JOB,4b,45,0.349113792181015,0.07513684034347534,False
JOB,4b,44,0.349113792181015,0.07220404595136642,False
JOB,4b,43,0.349113792181015,0.07463421672582626,False
JOB,4b,42,0.349113792181015,0.0734202191233635,False
JOB,4b,41,0.349113792181015,0.2282869592308998,False
JOB,4b,40,0.349113792181015,0.22302278876304626,False
JOB,4b,39,0.349113792181015,0.349113792181015,True
JOB,4b,38,0.349113792181015,0.349113792181015,True
JOB,4b,37,0.349113792181015,0.349113792181015,True
JOB,4b,36,0.349113792181015,0.349113792181015,True
JOB,4b,35,0.349113792181015,0.349113792181015,True
JOB,4b,34,0.349113792181015,0.349113792181015,True
JOB,4b,33,0.349113792181015,0.2141340747475624,False
JOB,4b,32,0.349113792181015,0.22421269118785858,False
JOB,4b,31,0.349113792181015,0.06987515091896057,False
JOB,4b,30,0.349113792181015,0.0738852247595787,False
JOB,4b,29,0.349113792181015,0.08018611371517181,False
JOB,4b,28,0.349113792181015,0.06836053729057312,False
JOB,4b,27,0.349113792181015,0.07049141079187393,False
JOB,4b,26,0.349113792181015,0.07016213238239288,False
JOB,4b,25,0.349113792181015,0.21483076363801956,False
JOB,4b,24,0.349113792181015,0.21507490426301956,False
JOB,4b,23,0.349113792181015,0.349113792181015,True
JOB,4b,22,0.349113792181015,0.349113792181015,True
JOB,4b,21,0.349113792181015,0.349113792181015,True
JOB,4b,20,0.349113792181015,0.349113792181015,True
JOB,4b,19,0.349113792181015,0.349113792181015,True
JOB,4b,18,0.349113792181015,0.349113792181015,True
JOB,4b,17,0.349113792181015,0.22141145914793015,False
JOB,4b,16,0.349113792181015,0.21311482042074203,False
JOB,4b,15,0.349113792181015,0.07316501438617706,False
JOB,4b,14,0.349113792181015,0.06850158423185349,False
JOB,4b,13,0.349113792181015,0.06887267529964447,False
JOB,4b,12,0.349113792181015,0.07061686366796494,False
JOB,4b,11,0.349113792181015,0.07134151458740234,False
JOB,4b,10,0.349113792181015,0.06919460743665695,False
JOB,4b,9,0.349113792181015,0.21292360872030258,False
JOB,4b,8,0.349113792181015,0.21818944066762924,False
JOB,4b,7,0.349113792181015,0.2140711024403572,False
JOB,4b,6,0.349113792181015,0.20916815847158432,False
JOB,4b,5,0.349113792181015,0.2160322219133377,False
JOB,4b,4,0.349113792181015,0.2092495635151863,False
JOB,4b,3,0.349113792181015,0.0699167251586914,False
JOB,4b,2,0.349113792181015,0.07039717584848404,False
JOB,4b,1,0.349113792181015,0.21318504214286804,False
JOB,4b,0,0.349113792181015,0.21241887658834457,False
JOB,4c,63,0.3858834505081177,0.09725750237703323,False
JOB,4c,62,0.3858834505081177,0.0820179432630539,False
JOB,4c,61,0.3858834505081177,0.12048327922821045,False
JOB,4c,60,0.3858834505081177,0.11190613359212875,False
JOB,4c,59,0.3858834505081177,0.0871741846203804,False
JOB,4c,58,0.3858834505081177,0.09294883906841278,False
JOB,4c,57,0.3858834505081177,0.3858834505081177,True
JOB,4c,56,0.3858834505081177,0.3858834505081177,True
JOB,4c,55,0.3858834505081177,0.3858834505081177,True
JOB,4c,54,0.3858834505081177,0.3858834505081177,True
JOB,4c,53,0.3858834505081177,0.3858834505081177,True
JOB,4c,52,0.3858834505081177,0.3858834505081177,True
JOB,4c,51,0.3858834505081177,0.3858834505081177,True
JOB,4c,50,0.3858834505081177,0.3858834505081177,True
JOB,4c,49,0.3858834505081177,0.3858834505081177,True
JOB,4c,48,0.3858834505081177,0.3858834505081177,True
JOB,4c,47,0.3858834505081177,0.07994023710489273,False
JOB,4c,46,0.3858834505081177,0.0755753219127655,False
JOB,4c,45,0.3858834505081177,0.12051334232091904,False
JOB,4c,44,0.3858834505081177,0.11338234692811966,False
JOB,4c,43,0.3858834505081177,0.08238162845373154,False
JOB,4c,42,0.3858834505081177,0.08143413811922073,False
JOB,4c,41,0.3858834505081177,0.3858834505081177,True
JOB,4c,40,0.3858834505081177,0.3858834505081177,True
JOB,4c,39,0.3858834505081177,0.3858834505081177,True
JOB,4c,38,0.3858834505081177,0.3858834505081177,True
JOB,4c,37,0.3858834505081177,0.3858834505081177,True
JOB,4c,36,0.3858834505081177,0.3858834505081177,True
JOB,4c,35,0.3858834505081177,0.3858834505081177,True
JOB,4c,34,0.3858834505081177,0.3858834505081177,True
JOB,4c,33,0.3858834505081177,0.3858834505081177,True
JOB,4c,32,0.3858834505081177,0.3858834505081177,True
JOB,4c,31,0.3858834505081177,0.08781310170888901,False
JOB,4c,30,0.3858834505081177,0.07413887977600098,False
JOB,4c,29,0.3858834505081177,0.11306652426719666,False
JOB,4c,28,0.3858834505081177,0.10921728610992432,False
JOB,4c,27,0.3858834505081177,0.08213841170072556,False
JOB,4c,26,0.3858834505081177,0.0805034413933754,False
JOB,4c,25,0.3858834505081177,0.3858834505081177,True
JOB,4c,24,0.3858834505081177,0.3858834505081177,True
JOB,4c,23,0.3858834505081177,0.3858834505081177,True
JOB,4c,22,0.3858834505081177,0.3858834505081177,True
JOB,4c,21,0.3858834505081177,0.3858834505081177,True
JOB,4c,20,0.3858834505081177,0.3858834505081177,True
JOB,4c,19,0.3858834505081177,0.3858834505081177,True
JOB,4c,18,0.3858834505081177,0.3858834505081177,True
JOB,4c,17,0.3858834505081177,0.3858834505081177,True
JOB,4c,16,0.3858834505081177,0.3858834505081177,True
JOB,4c,15,0.3858834505081177,0.07984327524900436,False
JOB,4c,14,0.3858834505081177,0.07653458416461945,False
JOB,4c,13,0.3858834505081177,0.10825347155332565,False
JOB,4c,12,0.3858834505081177,0.10926368087530136,False
JOB,4c,11,0.3858834505081177,0.09474217891693115,False
JOB,4c,10,0.3858834505081177,0.08028507977724075,False
JOB,4c,9,0.3858834505081177,0.3858834505081177,True
JOB,4c,8,0.3858834505081177,0.3858834505081177,True
JOB,4c,7,0.3858834505081177,0.3858834505081177,True
JOB,4c,6,0.3858834505081177,0.3858834505081177,True
JOB,4c,5,0.3858834505081177,0.3858834505081177,True
JOB,4c,4,0.3858834505081177,0.3858834505081177,True
JOB,4c,3,0.3858834505081177,0.09002361446619034,False
JOB,4c,2,0.3858834505081177,0.09279680252075195,False
JOB,4c,1,0.3858834505081177,0.3858834505081177,True
JOB,4c,0,0.3858834505081177,0.3858834505081177,True
JOB,5a,63,0.8141088485717773,0.18959113210439682,False
JOB,5a,62,0.8141088485717773,0.1723519191145897,False
JOB,5a,61,0.8141088485717773,0.16750480234622955,False
JOB,5a,60,0.8141088485717773,0.17962804436683655,False
JOB,5a,59,0.8141088485717773,0.15796718001365662,False
JOB,5a,58,0.8141088485717773,0.16912048310041428,False
JOB,5a,57,0.8141088485717773,0.8066944554448128,False
JOB,5a,56,0.8141088485717773,0.6834014132618904,False
JOB,5a,55,0.8141088485717773,0.34215203672647476,False
JOB,5a,54,0.8141088485717773,0.34092387557029724,False
JOB,5a,53,0.8141088485717773,0.8141088485717773,True
JOB,5a,52,0.8141088485717773,0.8141088485717773,True
JOB,5a,51,0.8141088485717773,0.3461159020662308,False
JOB,5a,50,0.8141088485717773,0.3420170247554779,False
JOB,5a,49,0.8141088485717773,0.6730665862560272,False
JOB,5a,48,0.8141088485717773,0.6859337761998177,False
JOB,5a,47,0.8141088485717773,0.17155014723539352,False
JOB,5a,46,0.8141088485717773,0.16912061721086502,False
JOB,5a,45,0.8141088485717773,0.1735013723373413,False
JOB,5a,44,0.8141088485717773,0.16361714154481888,False
JOB,5a,43,0.8141088485717773,0.15709209442138672,False
JOB,5a,42,0.8141088485717773,0.1679190993309021,False
JOB,5a,41,0.8141088485717773,0.6794941276311874,False
JOB,5a,40,0.8141088485717773,0.6839947998523712,False
JOB,5a,39,0.8141088485717773,0.34212302416563034,False
JOB,5a,38,0.8141088485717773,0.35508575290441513,False
JOB,5a,37,0.8141088485717773,0.8141088485717773,True
JOB,5a,36,0.8141088485717773,0.8141088485717773,True
JOB,5a,35,0.8141088485717773,0.3455233871936798,False
JOB,5a,34,0.8141088485717773,0.3432367816567421,False
JOB,5a,33,0.8141088485717773,0.6748562604188919,False
JOB,5a,32,0.8141088485717773,0.6954770162701607,False
JOB,5a,31,0.8141088485717773,0.1712774559855461,False
JOB,5a,30,0.8141088485717773,0.16788938641548157,False
JOB,5a,29,0.8141088485717773,0.17902757972478867,False
JOB,5a,28,0.8141088485717773,0.1760639101266861,False
JOB,5a,27,0.8141088485717773,0.16151054948568344,False
JOB,5a,26,0.8141088485717773,0.15469734370708466,False
JOB,5a,25,0.8141088485717773,0.6787448450922966,False
JOB,5a,24,0.8141088485717773,0.6848280876874924,False
JOB,5a,23,0.8141088485717773,0.34590014815330505,False
JOB,5a,22,0.8141088485717773,0.3429808169603348,False
JOB,5a,21,0.8141088485717773,0.4722913131117821,False
JOB,5a,20,0.8141088485717773,0.4673607498407364,False
JOB,5a,19,0.8141088485717773,0.8141088485717773,True
JOB,5a,18,0.8141088485717773,0.8141088485717773,True
JOB,5a,17,0.8141088485717773,0.6708021089434624,False
JOB,5a,16,0.8141088485717773,0.6742896139621735,False
JOB,5a,15,0.8141088485717773,0.17116890847682953,False
JOB,5a,14,0.8141088485717773,0.1678391918540001,False
JOB,5a,13,0.8141088485717773,0.18042152374982834,False
JOB,5a,12,0.8141088485717773,0.16555137187242508,False
JOB,5a,11,0.8141088485717773,0.15978559106588364,False
JOB,5a,10,0.8141088485717773,0.15568626672029495,False
JOB,5a,9,0.8141088485717773,0.678179070353508,False
JOB,5a,8,0.8141088485717773,0.6756032556295395,False
JOB,5a,7,0.8141088485717773,0.6687322333455086,False
JOB,5a,6,0.8141088485717773,0.6617081984877586,False
JOB,5a,5,0.8141088485717773,0.6611974835395813,False
JOB,5a,4,0.8141088485717773,0.6649198979139328,False
JOB,5a,3,0.8141088485717773,0.1545959636569023,False
JOB,5a,2,0.8141088485717773,0.15479127317667007,False
JOB,5a,1,0.8141088485717773,0.6774314865469933,False
JOB,5a,0,0.8141088485717773,0.6815693154931068,False
JOB,5b,63,0.8252255246043205,0.18929120898246765,False
JOB,5b,62,0.8252255246043205,0.1675833761692047,False
JOB,5b,61,0.8252255246043205,0.17208339273929596,False
JOB,5b,60,0.8252255246043205,0.16951395571231842,False
JOB,5b,59,0.8252255246043205,0.16523484885692596,False
JOB,5b,58,0.8252255246043205,0.16031721979379654,False
JOB,5b,57,0.8252255246043205,0.458239808678627,False
JOB,5b,56,0.8252255246043205,0.4540586620569229,False
JOB,5b,55,0.8252255246043205,0.44810548424720764,False
JOB,5b,54,0.8252255246043205,0.4342082440853119,False
JOB,5b,53,0.8252255246043205,0.8252255246043205,True
JOB,5b,52,0.8252255246043205,0.8252255246043205,True
JOB,5b,51,0.8252255246043205,0.4343540742993355,False
JOB,5b,50,0.8252255246043205,0.4363032355904579,False
JOB,5b,49,0.8252255246043205,0.44780268520116806,False
JOB,5b,48,0.8252255246043205,0.46310634911060333,False
JOB,5b,47,0.8252255246043205,0.18177343904972076,False
JOB,5b,46,0.8252255246043205,0.16532967239618301,False
JOB,5b,45,0.8252255246043205,0.17056724429130554,False
JOB,5b,44,0.8252255246043205,0.16534662246704102,False
JOB,5b,43,0.8252255246043205,0.1644374057650566,False
JOB,5b,42,0.8252255246043205,0.1555313616991043,False
JOB,5b,41,0.8252255246043205,0.4576830342411995,False
JOB,5b,40,0.8252255246043205,0.45066459476947784,False
JOB,5b,39,0.8252255246043205,0.43133948743343353,False
JOB,5b,38,0.8252255246043205,0.4535040482878685,False
JOB,5b,37,0.8252255246043205,0.8252255246043205,True
JOB,5b,36,0.8252255246043205,0.8252255246043205,True
JOB,5b,35,0.8252255246043205,0.44557221978902817,False
JOB,5b,34,0.8252255246043205,0.4324047639966011,False
JOB,5b,33,0.8252255246043205,0.4540568068623543,False
JOB,5b,32,0.8252255246043205,0.4543079435825348,False
JOB,5b,31,0.8252255246043205,0.1806895211338997,False
JOB,5b,30,0.8252255246043205,0.16498688608407974,False
JOB,5b,29,0.8252255246043205,0.16824933141469955,False
JOB,5b,28,0.8252255246043205,0.18338806182146072,False
JOB,5b,27,0.8252255246043205,0.15719211101531982,False
JOB,5b,26,0.8252255246043205,0.15760386735200882,False
JOB,5b,25,0.8252255246043205,0.452465295791626,False
JOB,5b,24,0.8252255246043205,0.4548393189907074,False
JOB,5b,23,0.8252255246043205,0.31854890286922455,False
JOB,5b,22,0.8252255246043205,0.31975558400154114,False
JOB,5b,21,0.8252255246043205,0.44241368770599365,False
JOB,5b,20,0.8252255246043205,0.4406295567750931,False
JOB,5b,19,0.8252255246043205,0.32226020842790604,False
JOB,5b,18,0.8252255246043205,0.32128800451755524,False
JOB,5b,17,0.8252255246043205,0.4585001468658447,False
JOB,5b,16,0.8252255246043205,0.45265715569257736,False
JOB,5b,15,0.8252255246043205,0.18013564497232437,False
JOB,5b,14,0.8252255246043205,0.1760261431336403,False
JOB,5b,13,0.8252255246043205,0.1762632057070732,False
JOB,5b,12,0.8252255246043205,0.17352399230003357,False
JOB,5b,11,0.8252255246043205,0.16795958578586578,False
JOB,5b,10,0.8252255246043205,0.15669547021389008,False
JOB,5b,9,0.8252255246043205,0.4499410018324852,False
JOB,5b,8,0.8252255246043205,0.4564405307173729,False
JOB,5b,7,0.8252255246043205,0.447811521589756,False
JOB,5b,6,0.8252255246043205,0.46230871230363846,False
JOB,5b,5,0.8252255246043205,0.45206234604120255,False
JOB,5b,4,0.8252255246043205,0.4458509236574173,False
JOB,5b,3,0.8252255246043205,0.1719789057970047,False
JOB,5b,2,0.8252255246043205,0.17311955243349075,False
JOB,5b,1,0.8252255246043205,0.45226017385721207,False
JOB,5b,0,0.8252255246043205,0.44988369196653366,False
JOB,5c,63,0.9511951729655266,0.33165672421455383,False
JOB,5c,62,0.9511951729655266,0.1962684690952301,False
JOB,5c,61,0.9511951729655266,0.19017032533884048,False
JOB,5c,60,0.9511951729655266,0.18931974470615387,False
JOB,5c,59,0.9511951729655266,0.5489530488848686,False
JOB,5c,58,0.9511951729655266,0.5405274480581284,False
JOB,5c,57,0.9511951729655266,0.8117037862539291,False
JOB,5c,56,0.9511951729655266,0.820492222905159,False
JOB,5c,55,0.9511951729655266,0.9511951729655266,True
JOB,5c,54,0.9511951729655266,0.9511951729655266,True
JOB,5c,53,0.9511951729655266,0.9511951729655266,True
JOB,5c,52,0.9511951729655266,0.9511951729655266,True
JOB,5c,51,0.9511951729655266,0.9511951729655266,True
JOB,5c,50,0.9511951729655266,0.9511951729655266,True
JOB,5c,49,0.9511951729655266,0.9511951729655266,True
JOB,5c,48,0.9511951729655266,0.9511951729655266,True
JOB,5c,47,0.9511951729655266,0.19438811391592026,False
JOB,5c,46,0.9511951729655266,0.19541266560554504,False
JOB,5c,45,0.9511951729655266,0.19180630147457123,False
JOB,5c,44,0.9511951729655266,0.18935862928628922,False
JOB,5c,43,0.9511951729655266,0.5468500852584839,False
JOB,5c,42,0.9511951729655266,0.5610761716961861,False
JOB,5c,41,0.9511951729655266,0.8241321071982384,False
JOB,5c,40,0.9511951729655266,0.8353070765733719,False
JOB,5c,39,0.9511951729655266,0.9511951729655266,True
JOB,5c,38,0.9511951729655266,0.9511951729655266,True
JOB,5c,37,0.9511951729655266,0.9511951729655266,True
JOB,5c,36,0.9511951729655266,0.9511951729655266,True
JOB,5c,35,0.9511951729655266,0.9511951729655266,True
JOB,5c,34,0.9511951729655266,0.9511951729655266,True
JOB,5c,33,0.9511951729655266,0.9511951729655266,True
JOB,5c,32,0.9511951729655266,0.9511951729655266,True
JOB,5c,31,0.9511951729655266,0.19980517774820328,False
JOB,5c,30,0.9511951729655266,0.18918906152248383,False
JOB,5c,29,0.9511951729655266,0.18986738473176956,False
JOB,5c,28,0.9511951729655266,0.19038913398981094,False
JOB,5c,27,0.9511951729655266,0.18522853404283524,False
JOB,5c,26,0.9511951729655266,0.1890849694609642,False
JOB,5c,25,0.9511951729655266,0.8142148777842522,False
JOB,5c,24,0.9511951729655266,0.81658935546875,False
JOB,5c,23,0.9511951729655266,0.9511951729655266,True
JOB,5c,22,0.9511951729655266,0.9511951729655266,True
JOB,5c,21,0.9511951729655266,0.9511951729655266,True
JOB,5c,20,0.9511951729655266,0.9511951729655266,True
JOB,5c,19,0.9511951729655266,0.9511951729655266,True
JOB,5c,18,0.9511951729655266,0.9511951729655266,True
JOB,5c,17,0.9511951729655266,0.9511951729655266,True
JOB,5c,16,0.9511951729655266,0.9511951729655266,True
JOB,5c,15,0.9511951729655266,0.19684868305921555,False
JOB,5c,14,0.9511951729655266,0.19950058311223984,False
JOB,5c,13,0.9511951729655266,0.19425588846206665,False
JOB,5c,12,0.9511951729655266,0.18783122301101685,False
JOB,5c,11,0.9511951729655266,0.18621675670146942,False
JOB,5c,10,0.9511951729655266,0.18472686409950256,False
JOB,5c,9,0.9511951729655266,0.8325540646910667,False
JOB,5c,8,0.9511951729655266,0.8280321583151817,False
JOB,5c,7,0.9511951729655266,0.781639501452446,False
JOB,5c,6,0.9511951729655266,0.7760173976421356,False
JOB,5c,5,0.9511951729655266,0.8007455244660378,False
JOB,5c,4,0.9511951729655266,0.7925483658909798,False
JOB,5c,3,0.9511951729655266,0.1893014758825302,False
JOB,5c,2,0.9511951729655266,0.18456553667783737,False
JOB,5c,1,0.9511951729655266,0.8243231698870659,False
JOB,5c,0,0.9511951729655266,0.8194908946752548,False
JOB,6a,63,0.07588393986225128,0.07588393986225128,True
JOB,6a,62,0.07588393986225128,0.07588393986225128,True
JOB,6a,61,0.07588393986225128,0.058706894516944885,False
JOB,6a,60,0.07588393986225128,0.045129112899303436,False
JOB,6a,59,0.07588393986225128,0.016152799129486084,False
JOB,6a,58,0.07588393986225128,0.01582752913236618,False
JOB,6a,57,0.07588393986225128,0.07588393986225128,True
JOB,6a,56,0.07588393986225128,0.07588393986225128,True
JOB,6a,55,0.07588393986225128,0.07588393986225128,True
JOB,6a,54,0.07588393986225128,0.07588393986225128,True
JOB,6a,53,0.07588393986225128,0.07588393986225128,True
JOB,6a,52,0.07588393986225128,0.07588393986225128,True
JOB,6a,51,0.07588393986225128,0.07588393986225128,True
JOB,6a,50,0.07588393986225128,0.07588393986225128,True
JOB,6a,49,0.07588393986225128,0.07588393986225128,True
JOB,6a,48,0.07588393986225128,0.07588393986225128,True
JOB,6a,47,0.07588393986225128,0.016084954142570496,False
JOB,6a,46,0.07588393986225128,0.014156639575958252,False
JOB,6a,45,0.07588393986225128,0.04441547393798828,False
JOB,6a,44,0.07588393986225128,0.05821271985769272,False
JOB,6a,43,0.07588393986225128,0.015499047935009003,False
JOB,6a,42,0.07588393986225128,0.015149533748626709,False
JOB,6a,41,0.07588393986225128,0.07588393986225128,True
JOB,6a,40,0.07588393986225128,0.07588393986225128,True
JOB,6a,39,0.07588393986225128,0.07588393986225128,True
JOB,6a,38,0.07588393986225128,0.07588393986225128,True
JOB,6a,37,0.07588393986225128,0.07588393986225128,True
JOB,6a,36,0.07588393986225128,0.07588393986225128,True
JOB,6a,35,0.07588393986225128,0.07588393986225128,True
JOB,6a,34,0.07588393986225128,0.07588393986225128,True
JOB,6a,33,0.07588393986225128,0.07588393986225128,True
JOB,6a,32,0.07588393986225128,0.07588393986225128,True
JOB,6a,31,0.07588393986225128,0.01664801687002182,False
JOB,6a,30,0.07588393986225128,0.014059141278266907,False
JOB,6a,29,0.07588393986225128,0.043192096054553986,False
JOB,6a,28,0.07588393986225128,0.04869220405817032,False
JOB,6a,27,0.07588393986225128,0.015432283282279968,False
JOB,6a,26,0.07588393986225128,0.01458558440208435,False
JOB,6a,25,0.07588393986225128,0.07588393986225128,True
JOB,6a,24,0.07588393986225128,0.07588393986225128,True
JOB,6a,23,0.07588393986225128,0.07588393986225128,True
JOB,6a,22,0.07588393986225128,0.07588393986225128,True
JOB,6a,21,0.07588393986225128,0.07588393986225128,True
JOB,6a,20,0.07588393986225128,0.07588393986225128,True
JOB,6a,19,0.07588393986225128,0.07588393986225128,True
JOB,6a,18,0.07588393986225128,0.07588393986225128,True
JOB,6a,17,0.07588393986225128,0.07588393986225128,True
JOB,6a,16,0.07588393986225128,0.07588393986225128,True
JOB,6a,15,0.07588393986225128,0.01586943119764328,False
JOB,6a,14,0.07588393986225128,0.013839848339557648,False
JOB,6a,13,0.07588393986225128,0.04677986353635788,False
JOB,6a,12,0.07588393986225128,0.04593059420585632,False
JOB,6a,11,0.07588393986225128,0.016068458557128906,False
JOB,6a,10,0.07588393986225128,0.01557958871126175,False
JOB,6a,9,0.07588393986225128,0.07588393986225128,True
JOB,6a,8,0.07588393986225128,0.07588393986225128,True
JOB,6a,7,0.07588393986225128,0.07588393986225128,True
JOB,6a,6,0.07588393986225128,0.07588393986225128,True
JOB,6a,5,0.07588393986225128,0.07588393986225128,True
JOB,6a,4,0.07588393986225128,0.07588393986225128,True
JOB,6a,3,0.07588393986225128,0.016500160098075867,False
JOB,6a,2,0.07588393986225128,0.014857098460197449,False
JOB,6a,1,0.07588393986225128,0.07588393986225128,True
JOB,6a,0,0.07588393986225128,0.07588393986225128,True
JOB,6b,63,0.6920794397592545,0.20508182793855667,False
JOB,6b,62,0.6920794397592545,0.14612599462270737,False
JOB,6b,61,0.6920794397592545,0.1893821582198143,False
JOB,6b,60,0.6920794397592545,0.19266516715288162,False
JOB,6b,59,0.6920794397592545,0.16498829424381256,False
JOB,6b,58,0.6920794397592545,0.16636734455823898,False
JOB,6b,57,0.6920794397592545,0.6920794397592545,True
JOB,6b,56,0.6920794397592545,0.6920794397592545,True
JOB,6b,55,0.6920794397592545,0.6920794397592545,True
JOB,6b,54,0.6920794397592545,0.6920794397592545,True
JOB,6b,53,0.6920794397592545,0.6920794397592545,True
JOB,6b,52,0.6920794397592545,0.6920794397592545,True
JOB,6b,51,0.6920794397592545,0.6920794397592545,True
JOB,6b,50,0.6920794397592545,0.6920794397592545,True
JOB,6b,49,0.6920794397592545,0.6920794397592545,True
JOB,6b,48,0.6920794397592545,0.6920794397592545,True
JOB,6b,47,0.6920794397592545,0.15175986289978027,False
JOB,6b,46,0.6920794397592545,0.14126282930374146,False
JOB,6b,45,0.6920794397592545,0.18065662682056427,False
JOB,6b,44,0.6920794397592545,0.1863158866763115,False
JOB,6b,43,0.6920794397592545,0.16014137864112854,False
JOB,6b,42,0.6920794397592545,0.16221827268600464,False
JOB,6b,41,0.6920794397592545,0.6920794397592545,True
JOB,6b,40,0.6920794397592545,0.6920794397592545,True
JOB,6b,39,0.6920794397592545,0.6920794397592545,True
JOB,6b,38,0.6920794397592545,0.6920794397592545,True
JOB,6b,37,0.6920794397592545,0.6920794397592545,True
JOB,6b,36,0.6920794397592545,0.6920794397592545,True
JOB,6b,35,0.6920794397592545,0.6920794397592545,True
JOB,6b,34,0.6920794397592545,0.6920794397592545,True
JOB,6b,33,0.6920794397592545,0.6920794397592545,True
JOB,6b,32,0.6920794397592545,0.6920794397592545,True
JOB,6b,31,0.6920794397592545,0.16037744283676147,False
JOB,6b,30,0.6920794397592545,0.1430218741297722,False
JOB,6b,29,0.6920794397592545,0.19839580357074738,False
JOB,6b,28,0.6920794397592545,0.18473504483699799,False
JOB,6b,27,0.6920794397592545,0.15625810623168945,False
JOB,6b,26,0.6920794397592545,0.15830927342176437,False
JOB,6b,25,0.6920794397592545,0.6920794397592545,True
JOB,6b,24,0.6920794397592545,0.6920794397592545,True
JOB,6b,23,0.6920794397592545,0.6920794397592545,True
JOB,6b,22,0.6920794397592545,0.6920794397592545,True
JOB,6b,21,0.6920794397592545,0.6920794397592545,True
JOB,6b,20,0.6920794397592545,0.6920794397592545,True
JOB,6b,19,0.6920794397592545,0.6920794397592545,True
JOB,6b,18,0.6920794397592545,0.6920794397592545,True
JOB,6b,17,0.6920794397592545,0.6920794397592545,True
JOB,6b,16,0.6920794397592545,0.6920794397592545,True
JOB,6b,15,0.6920794397592545,0.15657918900251389,False
JOB,6b,14,0.6920794397592545,0.14173803478479385,False
JOB,6b,13,0.6920794397592545,0.18651899695396423,False
JOB,6b,12,0.6920794397592545,0.18514569848775864,False
JOB,6b,11,0.6920794397592545,0.1629018411040306,False
JOB,6b,10,0.6920794397592545,0.15534792840480804,False
JOB,6b,9,0.6920794397592545,0.6920794397592545,True
JOB,6b,8,0.6920794397592545,0.6920794397592545,True
JOB,6b,7,0.6920794397592545,0.6920794397592545,True
JOB,6b,6,0.6920794397592545,0.6920794397592545,True
JOB,6b,5,0.6920794397592545,0.6920794397592545,True
JOB,6b,4,0.6920794397592545,0.6920794397592545,True
JOB,6b,3,0.6920794397592545,0.16818169504404068,False
JOB,6b,2,0.6920794397592545,0.16061895340681076,False
JOB,6b,1,0.6920794397592545,0.6920794397592545,True
JOB,6b,0,0.6920794397592545,0.6920794397592545,True
JOB,6c,63,0.05197640508413315,0.025391899049282074,False
JOB,6c,62,0.05197640508413315,0.010534435510635376,False
JOB,6c,61,0.05197640508413315,0.0385676845908165,False
JOB,6c,60,0.05197640508413315,0.05197640508413315,True
JOB,6c,59,0.05197640508413315,0.011349663138389587,False
JOB,6c,58,0.05197640508413315,0.010657943785190582,False
JOB,6c,57,0.05197640508413315,0.05197640508413315,True
JOB,6c,56,0.05197640508413315,0.05197640508413315,True
JOB,6c,55,0.05197640508413315,0.05197640508413315,True
JOB,6c,54,0.05197640508413315,0.05197640508413315,True
JOB,6c,53,0.05197640508413315,0.05197640508413315,True
JOB,6c,52,0.05197640508413315,0.05197640508413315,True
JOB,6c,51,0.05197640508413315,0.05197640508413315,True
JOB,6c,50,0.05197640508413315,0.05197640508413315,True
JOB,6c,49,0.05197640508413315,0.05197640508413315,True
JOB,6c,48,0.05197640508413315,0.05197640508413315,True
JOB,6c,47,0.05197640508413315,0.011800862848758698,False
JOB,6c,46,0.05197640508413315,0.010420061647891998,False
JOB,6c,45,0.05197640508413315,0.037355974316596985,False
JOB,6c,44,0.05197640508413315,0.05150589346885681,False
JOB,6c,43,0.05197640508413315,0.01092877984046936,False
JOB,6c,42,0.05197640508413315,0.010807037353515625,False
JOB,6c,41,0.05197640508413315,0.05197640508413315,True
JOB,6c,40,0.05197640508413315,0.05197640508413315,True
JOB,6c,39,0.05197640508413315,0.05197640508413315,True
JOB,6c,38,0.05197640508413315,0.05197640508413315,True
JOB,6c,37,0.05197640508413315,0.05197640508413315,True
JOB,6c,36,0.05197640508413315,0.05197640508413315,True
JOB,6c,35,0.05197640508413315,0.05197640508413315,True
JOB,6c,34,0.05197640508413315,0.05197640508413315,True
JOB,6c,33,0.05197640508413315,0.05197640508413315,True
JOB,6c,32,0.05197640508413315,0.05197640508413315,True
JOB,6c,31,0.05197640508413315,0.011357761919498444,False
JOB,6c,30,0.05197640508413315,0.011239655315876007,False
JOB,6c,29,0.05197640508413315,0.04849126189947128,False
JOB,6c,28,0.05197640508413315,0.03773435950279236,False
JOB,6c,27,0.05197640508413315,0.011528827250003815,False
JOB,6c,26,0.05197640508413315,0.01134386658668518,False
JOB,6c,25,0.05197640508413315,0.05197640508413315,True
JOB,6c,24,0.05197640508413315,0.05197640508413315,True
JOB,6c,23,0.05197640508413315,0.05197640508413315,True
JOB,6c,22,0.05197640508413315,0.05197640508413315,True
JOB,6c,21,0.05197640508413315,0.05197640508413315,True
JOB,6c,20,0.05197640508413315,0.05197640508413315,True
JOB,6c,19,0.05197640508413315,0.05197640508413315,True
JOB,6c,18,0.05197640508413315,0.05197640508413315,True
JOB,6c,17,0.05197640508413315,0.05197640508413315,True
JOB,6c,16,0.05197640508413315,0.05197640508413315,True
JOB,6c,15,0.05197640508413315,0.011950008571147919,False
JOB,6c,14,0.05197640508413315,0.010124564170837402,False
JOB,6c,13,0.05197640508413315,0.04038550704717636,False
JOB,6c,12,0.05197640508413315,0.03943989425897598,False
JOB,6c,11,0.05197640508413315,0.010436460375785828,False
JOB,6c,10,0.05197640508413315,0.011415354907512665,False
JOB,6c,9,0.05197640508413315,0.05197640508413315,True
JOB,6c,8,0.05197640508413315,0.05197640508413315,True
JOB,6c,7,0.05197640508413315,0.05197640508413315,True
JOB,6c,6,0.05197640508413315,0.05197640508413315,True
JOB,6c,5,0.05197640508413315,0.05197640508413315,True
JOB,6c,4,0.05197640508413315,0.05197640508413315,True
JOB,6c,3,0.05197640508413315,0.01147807389497757,False
JOB,6c,2,0.05197640508413315,0.017847009003162384,False
JOB,6c,1,0.05197640508413315,0.05197640508413315,True
JOB,6c,0,0.05197640508413315,0.05197640508413315,True
JOB,6d,63,17.325669564306736,13.384976461529732,False
JOB,6d,62,17.325669564306736,3.0909499377012253,False
JOB,6d,61,17.325669564306736,3.1277181804180145,False
JOB,6d,60,17.325669564306736,3.124439276754856,False
JOB,6d,59,17.325669564306736,3.6710769534111023,False
JOB,6d,58,17.325669564306736,3.6697752326726913,False
JOB,6d,57,17.325669564306736,5.299260497093201,False
JOB,6d,56,17.325669564306736,5.284477137029171,False
JOB,6d,55,17.325669564306736,7.7597853392362595,False
JOB,6d,54,17.325669564306736,4.110971115529537,False
JOB,6d,53,17.325669564306736,4.0194478034973145,False
JOB,6d,52,17.325669564306736,4.010638348758221,False
JOB,6d,51,17.325669564306736,4.118790149688721,False
JOB,6d,50,17.325669564306736,4.115052051842213,False
JOB,6d,49,17.325669564306736,9.137061178684235,False
JOB,6d,48,17.325669564306736,8.540964715182781,False
JOB,6d,47,17.325669564306736,3.0813427567481995,False
JOB,6d,46,17.325669564306736,3.076618306338787,False
JOB,6d,45,17.325669564306736,3.1145522370934486,False
JOB,6d,44,17.325669564306736,3.1157288625836372,False
JOB,6d,43,17.325669564306736,3.6726382449269295,False
JOB,6d,42,17.325669564306736,3.6608043238520622,False
JOB,6d,41,17.325669564306736,5.28373809158802,False
JOB,6d,40,17.325669564306736,5.315794751048088,False
JOB,6d,39,17.325669564306736,4.1206008568406105,False
JOB,6d,38,17.325669564306736,4.131174333393574,False
JOB,6d,37,17.325669564306736,10.871546544134617,False
JOB,6d,36,17.325669564306736,9.488122038543224,False
JOB,6d,35,17.325669564306736,4.1222540363669395,False
JOB,6d,34,17.325669564306736,4.120612010359764,False
JOB,6d,33,17.325669564306736,8.503680720925331,False
JOB,6d,32,17.325669564306736,8.510152630507946,False
JOB,6d,31,17.325669564306736,3.0846463292837143,False
JOB,6d,30,17.325669564306736,3.0899621918797493,False
JOB,6d,29,17.325669564306736,3.1191805973649025,False
JOB,6d,28,17.325669564306736,3.1214679926633835,False
JOB,6d,27,17.325669564306736,3.6999893337488174,False
JOB,6d,26,17.325669564306736,3.6726537123322487,False
JOB,6d,25,17.325669564306736,5.300067208707333,False
JOB,6d,24,17.325669564306736,5.305283918976784,False
JOB,6d,23,17.325669564306736,2.8605873212218285,False
JOB,6d,22,17.325669564306736,2.864851303398609,False
JOB,6d,21,17.325669564306736,3.9363076835870743,False
JOB,6d,20,17.325669564306736,3.939834348857403,False
JOB,6d,19,17.325669564306736,10.960770107805729,False
JOB,6d,18,17.325669564306736,10.821177378296852,False
JOB,6d,17,17.325669564306736,8.517608515918255,False
JOB,6d,16,17.325669564306736,8.509504936635494,False
JOB,6d,15,17.325669564306736,3.0637220814824104,False
JOB,6d,14,17.325669564306736,3.0654825046658516,False
JOB,6d,13,17.325669564306736,3.1124896109104156,False
JOB,6d,12,17.325669564306736,3.112261302769184,False
JOB,6d,11,17.325669564306736,3.672703094780445,False
JOB,6d,10,17.325669564306736,3.6712808310985565,False
JOB,6d,9,17.325669564306736,5.32126572728157,False
JOB,6d,8,17.325669564306736,5.29926885664463,False
JOB,6d,7,17.325669564306736,7.255833603441715,False
JOB,6d,6,17.325669564306736,7.303344182670116,False
JOB,6d,5,17.325669564306736,7.28019455075264,False
JOB,6d,4,17.325669564306736,7.337087944149971,False
JOB,6d,3,17.325669564306736,3.712489128112793,False
JOB,6d,2,17.325669564306736,3.676435597240925,False
JOB,6d,1,17.325669564306736,8.578314289450645,False
JOB,6d,0,17.325669564306736,8.57022624462843,False
JOB,6e,63,0.06979454308748245,0.030605614185333252,False
JOB,6e,62,0.06979454308748245,0.013881899416446686,False
JOB,6e,61,0.06979454308748245,0.04500575363636017,False
JOB,6e,60,0.06979454308748245,0.04227401316165924,False
JOB,6e,59,0.06979454308748245,0.015973754227161407,False
JOB,6e,58,0.06979454308748245,0.014039859175682068,False
JOB,6e,57,0.06979454308748245,0.06979454308748245,True
JOB,6e,56,0.06979454308748245,0.06979454308748245,True
JOB,6e,55,0.06979454308748245,0.06979454308748245,True
JOB,6e,54,0.06979454308748245,0.06979454308748245,True
JOB,6e,53,0.06979454308748245,0.06979454308748245,True
JOB,6e,52,0.06979454308748245,0.06979454308748245,True
JOB,6e,51,0.06979454308748245,0.06979454308748245,True
JOB,6e,50,0.06979454308748245,0.06979454308748245,True
JOB,6e,49,0.06979454308748245,0.06979454308748245,True
JOB,6e,48,0.06979454308748245,0.06979454308748245,True
JOB,6e,47,0.06979454308748245,0.015197627246379852,False
JOB,6e,46,0.06979454308748245,0.013499028980731964,False
JOB,6e,45,0.06979454308748245,0.046143218874931335,False
JOB,6e,44,0.06979454308748245,0.04395366460084915,False
JOB,6e,43,0.06979454308748245,0.023650623857975006,False
JOB,6e,42,0.06979454308748245,0.014435805380344391,False
JOB,6e,41,0.06979454308748245,0.06979454308748245,True
JOB,6e,40,0.06979454308748245,0.06979454308748245,True
JOB,6e,39,0.06979454308748245,0.06979454308748245,True
JOB,6e,38,0.06979454308748245,0.06979454308748245,True
JOB,6e,37,0.06979454308748245,0.06979454308748245,True
JOB,6e,36,0.06979454308748245,0.06979454308748245,True
JOB,6e,35,0.06979454308748245,0.06979454308748245,True
JOB,6e,34,0.06979454308748245,0.06979454308748245,True
JOB,6e,33,0.06979454308748245,0.06979454308748245,True
JOB,6e,32,0.06979454308748245,0.06979454308748245,True
JOB,6e,31,0.06979454308748245,0.015944749116897583,False
JOB,6e,30,0.06979454308748245,0.013809189200401306,False
JOB,6e,29,0.06979454308748245,0.04145147651433945,False
JOB,6e,28,0.06979454308748245,0.04307948797941208,False
JOB,6e,27,0.06979454308748245,0.014397457242012024,False
JOB,6e,26,0.06979454308748245,0.013900302350521088,False
JOB,6e,25,0.06979454308748245,0.06979454308748245,True
JOB,6e,24,0.06979454308748245,0.06979454308748245,True
JOB,6e,23,0.06979454308748245,0.06979454308748245,True
JOB,6e,22,0.06979454308748245,0.06979454308748245,True
JOB,6e,21,0.06979454308748245,0.06979454308748245,True
JOB,6e,20,0.06979454308748245,0.06979454308748245,True
JOB,6e,19,0.06979454308748245,0.06979454308748245,True
JOB,6e,18,0.06979454308748245,0.06979454308748245,True
JOB,6e,17,0.06979454308748245,0.06979454308748245,True
JOB,6e,16,0.06979454308748245,0.06979454308748245,True
JOB,6e,15,0.06979454308748245,0.015999197959899902,False
JOB,6e,14,0.06979454308748245,0.015317454934120178,False
JOB,6e,13,0.06979454308748245,0.041080594062805176,False
JOB,6e,12,0.06979454308748245,0.04554594308137894,False
JOB,6e,11,0.06979454308748245,0.014686383306980133,False
JOB,6e,10,0.06979454308748245,0.02282208949327469,False
JOB,6e,9,0.06979454308748245,0.06979454308748245,True
JOB,6e,8,0.06979454308748245,0.06979454308748245,True
JOB,6e,7,0.06979454308748245,0.06979454308748245,True
JOB,6e,6,0.06979454308748245,0.06979454308748245,True
JOB,6e,5,0.06979454308748245,0.06979454308748245,True
JOB,6e,4,0.06979454308748245,0.06979454308748245,True
JOB,6e,3,0.06979454308748245,0.015899747610092163,False
JOB,6e,2,0.06979454308748245,0.014046184718608856,False
JOB,6e,1,0.06979454308748245,0.06979454308748245,True
JOB,6e,0,0.06979454308748245,0.06979454308748245,True
JOB,6f,63,17.17213198542595,3.090011663734913,False
JOB,6f,62,17.17213198542595,3.0738753974437714,False
JOB,6f,61,17.17213198542595,3.126227632164955,False
JOB,6f,60,17.17213198542595,3.120058201253414,False
JOB,6f,59,17.17213198542595,3.7915954291820526,False
JOB,6f,58,17.17213198542595,3.7635008692741394,False
JOB,6f,57,17.17213198542595,5.370692998170853,False
JOB,6f,56,17.17213198542595,5.408140413463116,False
JOB,6f,55,17.17213198542595,5.942227587103844,False
JOB,6f,54,17.17213198542595,5.948083251714706,False
JOB,6f,53,17.17213198542595,10.838920764625072,False
JOB,6f,52,17.17213198542595,10.784830145537853,False
JOB,6f,51,17.17213198542595,5.922933593392372,False
JOB,6f,50,17.17213198542595,5.979169853031635,False
JOB,6f,49,17.17213198542595,11.533553883433342,False
JOB,6f,48,17.17213198542595,11.524250194430351,False
JOB,6f,47,17.17213198542595,3.0677666142582893,False
JOB,6f,46,17.17213198542595,3.114748567342758,False
JOB,6f,45,17.17213198542595,3.1815653666853905,False
JOB,6f,44,17.17213198542595,3.1656118631362915,False
JOB,6f,43,17.17213198542595,3.7764046788215637,False
JOB,6f,42,17.17213198542595,3.8321337774395943,False
JOB,6f,41,17.17213198542595,5.411658614873886,False
JOB,6f,40,17.17213198542595,5.40670794993639,False
JOB,6f,39,17.17213198542595,5.951237991452217,False
JOB,6f,38,17.17213198542595,5.990023553371429,False
JOB,6f,37,17.17213198542595,11.520960353314877,False
JOB,6f,36,17.17213198542595,11.455049075186253,False
JOB,6f,35,17.17213198542595,5.924240410327911,False
JOB,6f,34,17.17213198542595,5.969701372087002,False
JOB,6f,33,17.17213198542595,11.47971560806036,False
JOB,6f,32,17.17213198542595,11.48762259632349,False
JOB,6f,31,17.17213198542595,3.0708304345607758,False
JOB,6f,30,17.17213198542595,3.0610944852232933,False
JOB,6f,29,17.17213198542595,3.109194114804268,False
JOB,6f,28,17.17213198542595,3.098355270922184,False
JOB,6f,27,17.17213198542595,3.7357707396149635,False
JOB,6f,26,17.17213198542595,3.7381009981036186,False
JOB,6f,25,17.17213198542595,5.331254407763481,False
JOB,6f,24,17.17213198542595,5.305714391171932,False
JOB,6f,23,17.17213198542595,17.17213198542595,True
JOB,6f,22,17.17213198542595,17.17213198542595,True
JOB,6f,21,17.17213198542595,17.17213198542595,True
JOB,6f,20,17.17213198542595,17.17213198542595,True
JOB,6f,19,17.17213198542595,17.17213198542595,True
JOB,6f,18,17.17213198542595,17.17213198542595,True
JOB,6f,17,17.17213198542595,11.58632754534483,False
JOB,6f,16,17.17213198542595,11.576463520526886,False
JOB,6f,15,17.17213198542595,3.0970253571867943,False
JOB,6f,14,17.17213198542595,3.0651620626449585,False
JOB,6f,13,17.17213198542595,3.104360595345497,False
JOB,6f,12,17.17213198542595,3.112097844481468,False
JOB,6f,11,17.17213198542595,3.775790497660637,False
JOB,6f,10,17.17213198542595,3.788980297744274,False
JOB,6f,9,17.17213198542595,5.432072795927525,False
JOB,6f,8,17.17213198542595,5.3762069791555405,False
JOB,6f,7,17.17213198542595,9.459037438035011,False
JOB,6f,6,17.17213198542595,9.524532988667488,False
JOB,6f,5,17.17213198542595,9.521725103259087,False
JOB,6f,4,17.17213198542595,9.502008698880672,False
JOB,6f,3,17.17213198542595,3.779052212834358,False
JOB,6f,2,17.17213198542595,3.7695917189121246,False
JOB,6f,1,17.17213198542595,11.512889862060547,False
JOB,6f,0,17.17213198542595,11.532425977289677,False
JOB,7a,63,2.7182239666581154,1.0665564760565758,False
JOB,7a,62,2.7182239666581154,0.5368288680911064,False
JOB,7a,61,2.7182239666581154,0.5263288840651512,False
JOB,7a,60,2.7182239666581154,0.5361546948552132,False
JOB,7a,59,2.7182239666581154,0.6298262625932693,False
JOB,7a,58,2.7182239666581154,0.6300278753042221,False
JOB,7a,57,2.7182239666581154,1.7373337000608444,False
JOB,7a,56,2.7182239666581154,0.758148655295372,False
JOB,7a,55,2.7182239666581154,2.7182239666581154,True
JOB,7a,54,2.7182239666581154,2.7182239666581154,True
JOB,7a,53,2.7182239666581154,2.7182239666581154,True
JOB,7a,52,2.7182239666581154,2.7182239666581154,True
JOB,7a,51,2.7182239666581154,2.7182239666581154,True
JOB,7a,50,2.7182239666581154,2.7182239666581154,True
JOB,7a,49,2.7182239666581154,0.7670602798461914,False
JOB,7a,48,2.7182239666581154,0.7587794661521912,False
JOB,7a,47,2.7182239666581154,0.532777413725853,False
JOB,7a,46,2.7182239666581154,0.5344944596290588,False
JOB,7a,45,2.7182239666581154,0.52457245439291,False
JOB,7a,44,2.7182239666581154,0.5378837436437607,False
JOB,7a,43,2.7182239666581154,0.6293794959783554,False
JOB,7a,42,2.7182239666581154,0.6301848292350769,False
JOB,7a,41,2.7182239666581154,0.7647190392017365,False
JOB,7a,40,2.7182239666581154,0.7551591917872429,False
JOB,7a,39,2.7182239666581154,2.7182239666581154,True
JOB,7a,38,2.7182239666581154,2.7182239666581154,True
JOB,7a,37,2.7182239666581154,2.7182239666581154,True
JOB,7a,36,2.7182239666581154,2.7182239666581154,True
JOB,7a,35,2.7182239666581154,2.7182239666581154,True
JOB,7a,34,2.7182239666581154,2.7182239666581154,True
JOB,7a,33,2.7182239666581154,0.7581053450703621,False
JOB,7a,32,2.7182239666581154,0.7567460313439369,False
JOB,7a,31,2.7182239666581154,0.5399218574166298,False
JOB,7a,30,2.7182239666581154,0.5384370982646942,False
JOB,7a,29,2.7182239666581154,0.5245816856622696,False
JOB,7a,28,2.7182239666581154,0.5307097807526588,False
JOB,7a,27,2.7182239666581154,0.6321112439036369,False
JOB,7a,26,2.7182239666581154,0.6214557439088821,False
JOB,7a,25,2.7182239666581154,0.7661973908543587,False
JOB,7a,24,2.7182239666581154,0.7532044947147369,False
JOB,7a,23,2.7182239666581154,2.7182239666581154,True
JOB,7a,22,2.7182239666581154,2.7182239666581154,True
JOB,7a,21,2.7182239666581154,2.7182239666581154,True
JOB,7a,20,2.7182239666581154,2.7182239666581154,True
JOB,7a,19,2.7182239666581154,2.7182239666581154,True
JOB,7a,18,2.7182239666581154,2.7182239666581154,True
JOB,7a,17,2.7182239666581154,0.7657249644398689,False
JOB,7a,16,2.7182239666581154,0.7646310701966286,False
JOB,7a,15,2.7182239666581154,0.5358823612332344,False
JOB,7a,14,2.7182239666581154,0.5398255214095116,False
JOB,7a,13,2.7182239666581154,0.5226739123463631,False
JOB,7a,12,2.7182239666581154,0.5341049954295158,False
JOB,7a,11,2.7182239666581154,0.6282349824905396,False
JOB,7a,10,2.7182239666581154,0.6305860728025436,False
JOB,7a,9,2.7182239666581154,0.764851801097393,False
JOB,7a,8,2.7182239666581154,0.7497149184346199,False
JOB,7a,7,2.7182239666581154,1.7952646687626839,False
JOB,7a,6,2.7182239666581154,1.7599856778979301,False
JOB,7a,5,2.7182239666581154,1.7496188133955002,False
JOB,7a,4,2.7182239666581154,1.7620490863919258,False
JOB,7a,3,2.7182239666581154,0.6282153353095055,False
JOB,7a,2,2.7182239666581154,0.6443384066224098,False
JOB,7a,1,2.7182239666581154,0.7693656831979752,False
JOB,7a,0,2.7182239666581154,0.7573274970054626,False
JOB,7b,63,0.70040512830019,0.15576381981372833,False
JOB,7b,62,0.70040512830019,0.13623006641864777,False
JOB,7b,61,0.70040512830019,0.14921272546052933,False
JOB,7b,60,0.70040512830019,0.14390120655298233,False
JOB,7b,59,0.70040512830019,0.16865455359220505,False
JOB,7b,58,0.70040512830019,0.16615963727235794,False
JOB,7b,57,0.70040512830019,0.5772390142083168,False
JOB,7b,56,0.70040512830019,0.5903777033090591,False
JOB,7b,55,0.70040512830019,0.70040512830019,True
JOB,7b,54,0.70040512830019,0.70040512830019,True
JOB,7b,53,0.70040512830019,0.70040512830019,True
JOB,7b,52,0.70040512830019,0.70040512830019,True
JOB,7b,51,0.70040512830019,0.70040512830019,True
JOB,7b,50,0.70040512830019,0.70040512830019,True
JOB,7b,49,0.70040512830019,0.70040512830019,True
JOB,7b,48,0.70040512830019,0.70040512830019,True
JOB,7b,47,0.70040512830019,0.1500207632780075,False
JOB,7b,46,0.70040512830019,0.13598234206438065,False
JOB,7b,45,0.70040512830019,0.13720464706420898,False
JOB,7b,44,0.70040512830019,0.13298628479242325,False
JOB,7b,43,0.70040512830019,0.16597769409418106,False
JOB,7b,42,0.70040512830019,0.16887599974870682,False
JOB,7b,41,0.70040512830019,0.5731600895524025,False
JOB,7b,40,0.70040512830019,0.5919609442353249,False
JOB,7b,39,0.70040512830019,0.70040512830019,True
JOB,7b,38,0.70040512830019,0.70040512830019,True
JOB,7b,37,0.70040512830019,0.70040512830019,True
JOB,7b,36,0.70040512830019,0.70040512830019,True
JOB,7b,35,0.70040512830019,0.70040512830019,True
JOB,7b,34,0.70040512830019,0.70040512830019,True
JOB,7b,33,0.70040512830019,0.5800969749689102,False
JOB,7b,32,0.70040512830019,0.5799582004547119,False
JOB,7b,31,0.70040512830019,0.13783030211925507,False
JOB,7b,30,0.70040512830019,0.14220289885997772,False
JOB,7b,29,0.70040512830019,0.1349886655807495,False
JOB,7b,28,0.70040512830019,0.14405792951583862,False
JOB,7b,27,0.70040512830019,0.1699017882347107,False
JOB,7b,26,0.70040512830019,0.16905319690704346,False
JOB,7b,25,0.70040512830019,0.5814710035920143,False
JOB,7b,24,0.70040512830019,0.5821798145771027,False
JOB,7b,23,0.70040512830019,0.70040512830019,True
JOB,7b,22,0.70040512830019,0.70040512830019,True
JOB,7b,21,0.70040512830019,0.70040512830019,True
JOB,7b,20,0.70040512830019,0.70040512830019,True
JOB,7b,19,0.70040512830019,0.70040512830019,True
JOB,7b,18,0.70040512830019,0.70040512830019,True
JOB,7b,17,0.70040512830019,0.70040512830019,True
JOB,7b,16,0.70040512830019,0.70040512830019,True
JOB,7b,15,0.70040512830019,0.1477840170264244,False
JOB,7b,14,0.70040512830019,0.137208454310894,False
JOB,7b,13,0.70040512830019,0.13363472372293472,False
JOB,7b,12,0.70040512830019,0.13842742890119553,False
JOB,7b,11,0.70040512830019,0.16630058735609055,False
JOB,7b,10,0.70040512830019,0.1747092828154564,False
JOB,7b,9,0.70040512830019,0.5739273726940155,False
JOB,7b,8,0.70040512830019,0.5754070430994034,False
JOB,7b,7,0.70040512830019,0.70040512830019,True
JOB,7b,6,0.70040512830019,0.70040512830019,True
JOB,7b,5,0.70040512830019,0.70040512830019,True
JOB,7b,4,0.70040512830019,0.70040512830019,True
JOB,7b,3,0.70040512830019,0.17312384396791458,False
JOB,7b,2,0.70040512830019,0.17379047721624374,False
JOB,7b,1,0.70040512830019,0.5705879256129265,False
JOB,7b,0,0.70040512830019,0.5820106342434883,False
JOB,7c,63,12.428479343652725,2.4948227554559708,False
JOB,7c,62,12.428479343652725,2.4363179430365562,False
JOB,7c,61,12.428479343652725,2.445599101483822,False
JOB,7c,60,12.428479343652725,2.4603971391916275,False
JOB,7c,59,12.428479343652725,1.1998078003525734,False
JOB,7c,58,12.428479343652725,1.1734848991036415,False
JOB,7c,57,12.428479343652725,2.8305481746792793,False
JOB,7c,56,12.428479343652725,2.8455842658877373,False
JOB,7c,55,12.428479343652725,7.0339416563510895,False
JOB,7c,54,12.428479343652725,6.982612110674381,False
JOB,7c,53,12.428479343652725,7.143548853695393,False
JOB,7c,52,12.428479343652725,7.14795508235693,False
JOB,7c,51,12.428479343652725,7.0179824605584145,False
JOB,7c,50,12.428479343652725,7.004495486617088,False
JOB,7c,49,12.428479343652725,4.030228823423386,False
JOB,7c,48,12.428479343652725,4.095222808420658,False
JOB,7c,47,12.428479343652725,2.454803444445133,False
JOB,7c,46,12.428479343652725,2.444484420120716,False
JOB,7c,45,12.428479343652725,2.496097482740879,False
JOB,7c,44,12.428479343652725,2.4489824399352074,False
JOB,7c,43,12.428479343652725,1.1707163453102112,False
JOB,7c,42,12.428479343652725,1.1715709939599037,False
JOB,7c,41,12.428479343652725,2.8127633929252625,False
JOB,7c,40,12.428479343652725,2.828163929283619,False
JOB,7c,39,12.428479343652725,6.975066170096397,False
JOB,7c,38,12.428479343652725,6.973498061299324,False
JOB,7c,37,12.428479343652725,12.428479343652725,True
JOB,7c,36,12.428479343652725,12.428479343652725,True
JOB,7c,35,12.428479343652725,6.9988779947161674,False
JOB,7c,34,12.428479343652725,6.9509881138801575,False
JOB,7c,33,12.428479343652725,2.8215750008821487,False
JOB,7c,32,12.428479343652725,2.8474106788635254,False
JOB,7c,31,12.428479343652725,2.4604749903082848,False
JOB,7c,30,12.428479343652725,2.464043579995632,False
JOB,7c,29,12.428479343652725,2.4556132405996323,False
JOB,7c,28,12.428479343652725,2.4608395621180534,False
JOB,7c,27,12.428479343652725,4.757499560713768,False
JOB,7c,26,12.428479343652725,4.636703483760357,False
JOB,7c,25,12.428479343652725,2.8267123624682426,False
JOB,7c,24,12.428479343652725,2.844919927418232,False
JOB,7c,23,12.428479343652725,9.826803669333458,False
JOB,7c,22,12.428479343652725,9.777010776102543,False
JOB,7c,21,12.428479343652725,11.91188956797123,False
JOB,7c,20,12.428479343652725,11.73651784658432,False
JOB,7c,19,12.428479343652725,12.428479343652725,True
JOB,7c,18,12.428479343652725,12.428479343652725,True
JOB,7c,17,12.428479343652725,4.039092555642128,False
JOB,7c,16,12.428479343652725,4.042298838496208,False
JOB,7c,15,12.428479343652725,2.4667083472013474,False
JOB,7c,14,12.428479343652725,2.4854539409279823,False
JOB,7c,13,12.428479343652725,2.462276242673397,False
JOB,7c,12,12.428479343652725,2.4676846638321877,False
JOB,7c,11,12.428479343652725,2.1147553250193596,False
JOB,7c,10,12.428479343652725,2.119807980954647,False
JOB,7c,9,12.428479343652725,2.842735566198826,False
JOB,7c,8,12.428479343652725,2.8318480774760246,False
JOB,7c,7,12.428479343652725,4.088124804198742,False
JOB,7c,6,12.428479343652725,4.02954126149416,False
JOB,7c,5,12.428479343652725,4.0193676725029945,False
JOB,7c,4,12.428479343652725,4.0275218561291695,False
JOB,7c,3,12.428479343652725,2.1240916550159454,False
JOB,7c,2,12.428479343652725,2.1294020190835,False
JOB,7c,1,12.428479343652725,2.840755879878998,False
JOB,7c,0,12.428479343652725,2.8660763055086136,False
JOB,8a,63,7.813471332192421,1.7316516786813736,False
JOB,8a,62,7.813471332192421,1.5751797035336494,False
JOB,8a,61,7.813471332192421,1.6206557899713516,False
JOB,8a,60,7.813471332192421,1.6254993453621864,False
JOB,8a,59,7.813471332192421,2.022912487387657,False
JOB,8a,58,7.813471332192421,2.0243198722600937,False
JOB,8a,57,7.813471332192421,2.3065622225403786,False
JOB,8a,56,7.813471332192421,2.2885913476347923,False
JOB,8a,55,7.813471332192421,4.103161931037903,False
JOB,8a,54,7.813471332192421,4.097117766737938,False
JOB,8a,53,7.813471332192421,7.813471332192421,True
JOB,8a,52,7.813471332192421,7.813471332192421,True
JOB,8a,51,7.813471332192421,4.0943887159228325,False
JOB,8a,50,7.813471332192421,4.10785585641861,False
JOB,8a,49,7.813471332192421,2.290008194744587,False
JOB,8a,48,7.813471332192421,2.286394886672497,False
JOB,8a,47,7.813471332192421,1.5828983411192894,False
JOB,8a,46,7.813471332192421,1.5676191598176956,False
JOB,8a,45,7.813471332192421,1.6210650876164436,False
JOB,8a,44,7.813471332192421,1.6185952126979828,False
JOB,8a,43,7.813471332192421,2.0338559448719025,False
JOB,8a,42,7.813471332192421,2.0251042023301125,False
JOB,8a,41,7.813471332192421,2.2898625507950783,False
JOB,8a,40,7.813471332192421,2.2876551523804665,False
JOB,8a,39,7.813471332192421,4.122886583209038,False
JOB,8a,38,7.813471332192421,4.109768509864807,False
JOB,8a,37,7.813471332192421,7.813471332192421,True
JOB,8a,36,7.813471332192421,7.813471332192421,True
JOB,8a,35,7.813471332192421,4.108227290213108,False
JOB,8a,34,7.813471332192421,4.091443233191967,False
JOB,8a,33,7.813471332192421,2.2837227880954742,False
JOB,8a,32,7.813471332192421,2.2779894173145294,False
JOB,8a,31,7.813471332192421,1.745163917541504,False
JOB,8a,30,7.813471332192421,1.7597675696015358,False
JOB,8a,29,7.813471332192421,1.6089466884732246,False
JOB,8a,28,7.813471332192421,1.6284841746091843,False
JOB,8a,27,7.813471332192421,2.209455169737339,False
JOB,8a,26,7.813471332192421,2.2204603776335716,False
JOB,8a,25,7.813471332192421,2.271846979856491,False
JOB,8a,24,7.813471332192421,2.2856869623064995,False
JOB,8a,23,7.813471332192421,4.833853602409363,False
JOB,8a,22,7.813471332192421,4.906379237771034,False
JOB,8a,21,7.813471332192421,7.813471332192421,True
JOB,8a,20,7.813471332192421,7.813471332192421,True
JOB,8a,19,7.813471332192421,5.221278116106987,False
JOB,8a,18,7.813471332192421,5.206447742879391,False
JOB,8a,17,7.813471332192421,2.2883415073156357,False
JOB,8a,16,7.813471332192421,2.292937085032463,False
JOB,8a,15,7.813471332192421,1.55660942196846,False
JOB,8a,14,7.813471332192421,1.554240234196186,False
JOB,8a,13,7.813471332192421,1.6134449914097786,False
JOB,8a,12,7.813471332192421,1.6307910531759262,False
JOB,8a,11,7.813471332192421,2.0483611300587654,False
JOB,8a,10,7.813471332192421,2.051314800977707,False
JOB,8a,9,7.813471332192421,2.296807646751404,False
JOB,8a,8,7.813471332192421,2.293839104473591,False
JOB,8a,7,7.813471332192421,1.8723004907369614,False
JOB,8a,6,7.813471332192421,1.8609509468078613,False
JOB,8a,5,7.813471332192421,1.8876098096370697,False
JOB,8a,4,7.813471332192421,1.8871581107378006,False
JOB,8a,3,7.813471332192421,2.00068736076355,False
JOB,8a,2,7.813471332192421,2.0104920864105225,False
JOB,8a,1,7.813471332192421,2.290399990975857,False
JOB,8a,0,7.813471332192421,2.290775701403618,False
JOB,8b,63,1.845327690243721,0.3773581460118294,False
JOB,8b,62,1.845327690243721,0.37056509405374527,False
JOB,8b,61,1.845327690243721,0.9972096681594849,False
JOB,8b,60,1.845327690243721,0.9973424896597862,False
JOB,8b,59,1.845327690243721,0.369500495493412,False
JOB,8b,58,1.845327690243721,0.36043618619441986,False
JOB,8b,57,1.845327690243721,1.3173252418637276,False
JOB,8b,56,1.845327690243721,1.319388747215271,False
JOB,8b,55,1.845327690243721,1.845327690243721,True
JOB,8b,54,1.845327690243721,1.845327690243721,True
JOB,8b,53,1.845327690243721,1.845327690243721,True
JOB,8b,52,1.845327690243721,1.845327690243721,True
JOB,8b,51,1.845327690243721,1.845327690243721,True
JOB,8b,50,1.845327690243721,1.845327690243721,True
JOB,8b,49,1.845327690243721,1.316976748406887,False
JOB,8b,48,1.845327690243721,1.313855141401291,False
JOB,8b,47,1.845327690243721,0.36804042011499405,False
JOB,8b,46,1.845327690243721,0.36473770439624786,False
JOB,8b,45,1.845327690243721,1.022413194179535,False
JOB,8b,44,1.845327690243721,1.0245321169495583,False
JOB,8b,43,1.845327690243721,0.3635166138410568,False
JOB,8b,42,1.845327690243721,0.3611050695180893,False
JOB,8b,41,1.845327690243721,1.318349465727806,False
JOB,8b,40,1.845327690243721,1.3249365016818047,False
JOB,8b,39,1.845327690243721,1.845327690243721,True
JOB,8b,38,1.845327690243721,1.845327690243721,True
JOB,8b,37,1.845327690243721,1.845327690243721,True
JOB,8b,36,1.845327690243721,1.845327690243721,True
JOB,8b,35,1.845327690243721,1.845327690243721,True
JOB,8b,34,1.845327690243721,1.845327690243721,True
JOB,8b,33,1.845327690243721,1.3146707266569138,False
JOB,8b,32,1.845327690243721,1.3196793869137764,False
JOB,8b,31,1.845327690243721,0.37082166969776154,False
JOB,8b,30,1.845327690243721,0.37110938131809235,False
JOB,8b,29,1.845327690243721,0.9880528748035431,False
JOB,8b,28,1.845327690243721,1.0053790733218193,False
JOB,8b,27,1.845327690243721,0.3596854582428932,False
JOB,8b,26,1.845327690243721,0.35989488661289215,False
JOB,8b,25,1.845327690243721,1.323838822543621,False
JOB,8b,24,1.845327690243721,1.315274402499199,False
JOB,8b,23,1.845327690243721,1.845327690243721,True
JOB,8b,22,1.845327690243721,1.845327690243721,True
JOB,8b,21,1.845327690243721,1.845327690243721,True
JOB,8b,20,1.845327690243721,1.845327690243721,True
JOB,8b,19,1.845327690243721,1.845327690243721,True
JOB,8b,18,1.845327690243721,1.845327690243721,True
JOB,8b,17,1.845327690243721,1.3110656142234802,False
JOB,8b,16,1.845327690243721,1.3058750331401825,False
JOB,8b,15,1.845327690243721,0.3665294945240021,False
JOB,8b,14,1.845327690243721,0.3757486492395401,False
JOB,8b,13,1.845327690243721,1.0222913697361946,False
JOB,8b,12,1.845327690243721,1.0137430801987648,False
JOB,8b,11,1.845327690243721,0.3613916262984276,False
JOB,8b,10,1.845327690243721,0.3605474680662155,False
JOB,8b,9,1.845327690243721,1.3275785893201828,False
JOB,8b,8,1.845327690243721,1.3106418997049332,False
JOB,8b,7,1.845327690243721,1.2683903649449348,False
JOB,8b,6,1.845327690243721,1.3028662130236626,False
JOB,8b,5,1.845327690243721,1.310266636312008,False
JOB,8b,4,1.845327690243721,1.2975914999842644,False
JOB,8b,3,1.845327690243721,0.35903508216142654,False
JOB,8b,2,1.845327690243721,0.3645946830511093,False
JOB,8b,1,1.845327690243721,1.312564730644226,False
JOB,8b,0,1.845327690243721,1.3226238638162613,False
JOB,8c,63,22.671519443392754,4.4189962819218636,False
JOB,8c,62,22.671519443392754,4.396950028836727,False
JOB,8c,61,22.671519443392754,6.594715490937233,False
JOB,8c,60,22.671519443392754,6.589175298810005,False
JOB,8c,59,22.671519443392754,4.890311636030674,False
JOB,8c,58,22.671519443392754,4.910099260509014,False
JOB,8c,57,22.671519443392754,22.671519443392754,True
JOB,8c,56,22.671519443392754,22.671519443392754,True
JOB,8c,55,22.671519443392754,8.206246972084045,False
JOB,8c,54,22.671519443392754,8.213962584733963,False
JOB,8c,53,22.671519443392754,11.922935128211975,False
JOB,8c,52,22.671519443392754,12.03557525575161,False
JOB,8c,51,22.671519443392754,8.284715212881565,False
JOB,8c,50,22.671519443392754,8.243870198726654,False
JOB,8c,49,22.671519443392754,19.273006454110146,False
JOB,8c,48,22.671519443392754,19.04276827722788,False
JOB,8c,47,22.671519443392754,4.38745155185461,False
JOB,8c,46,22.671519443392754,4.363252729177475,False
JOB,8c,45,22.671519443392754,6.569021455943584,False
JOB,8c,44,22.671519443392754,6.529941529035568,False
JOB,8c,43,22.671519443392754,4.888644948601723,False
JOB,8c,42,22.671519443392754,4.897962391376495,False
JOB,8c,41,22.671519443392754,22.671519443392754,True
JOB,8c,40,22.671519443392754,22.671519443392754,True
JOB,8c,39,22.671519443392754,8.224005781114101,False
JOB,8c,38,22.671519443392754,8.212018877267838,False
JOB,8c,37,22.671519443392754,13.718308247625828,False
JOB,8c,36,22.671519443392754,13.739962123334408,False
JOB,8c,35,22.671519443392754,8.349253661930561,False
JOB,8c,34,22.671519443392754,8.253124117851257,False
JOB,8c,33,22.671519443392754,22.671519443392754,True
JOB,8c,32,22.671519443392754,22.671519443392754,True
JOB,8c,31,22.671519443392754,7.5494749173521996,False
JOB,8c,30,22.671519443392754,7.463615506887436,False
JOB,8c,29,22.671519443392754,7.520427256822586,False
JOB,8c,28,22.671519443392754,7.469720743596554,False
JOB,8c,27,22.671519443392754,6.905469574034214,False
JOB,8c,26,22.671519443392754,6.933133132755756,False
JOB,8c,25,22.671519443392754,22.671519443392754,True
JOB,8c,24,22.671519443392754,22.671519443392754,True
JOB,8c,23,22.671519443392754,11.557627022266388,False
JOB,8c,22,22.671519443392754,11.568712919950485,False
JOB,8c,21,22.671519443392754,11.377725519239902,False
JOB,8c,20,22.671519443392754,11.39352871477604,False
JOB,8c,19,22.671519443392754,16.112519659101963,False
JOB,8c,18,22.671519443392754,16.136571757495403,False
JOB,8c,17,22.671519443392754,18.566373765468597,False
JOB,8c,16,22.671519443392754,18.695782221853733,False
JOB,8c,15,22.671519443392754,11.78666178137064,False
JOB,8c,14,22.671519443392754,11.573340900242329,False
JOB,8c,13,22.671519443392754,11.731139495968819,False
JOB,8c,12,22.671519443392754,11.518877975642681,False
JOB,8c,11,22.671519443392754,22.671519443392754,True
JOB,8c,10,22.671519443392754,22.671519443392754,True
JOB,8c,9,22.671519443392754,22.671519443392754,True
JOB,8c,8,22.671519443392754,22.671519443392754,True
JOB,8c,7,22.671519443392754,22.671519443392754,True
JOB,8c,6,22.671519443392754,22.671519443392754,True
JOB,8c,5,22.671519443392754,22.671519443392754,True
JOB,8c,4,22.671519443392754,22.671519443392754,True
JOB,8c,3,22.671519443392754,22.671519443392754,True
JOB,8c,2,22.671519443392754,22.671519443392754,True
JOB,8c,1,22.671519443392754,22.671519443392754,True
JOB,8c,0,22.671519443392754,22.671519443392754,True
JOB,8d,63,11.073207072913647,2.1200406327843666,False
JOB,8d,62,11.073207072913647,2.1126534938812256,False
JOB,8d,61,11.073207072913647,4.322885118424892,False
JOB,8d,60,11.073207072913647,4.324917651712894,False
JOB,8d,59,11.073207072913647,3.1103546991944313,False
JOB,8d,58,11.073207072913647,3.1094823703169823,False
JOB,8d,57,11.073207072913647,11.073207072913647,True
JOB,8d,56,11.073207072913647,11.073207072913647,True
JOB,8d,55,11.073207072913647,6.497570112347603,False
JOB,8d,54,11.073207072913647,6.481218092143536,False
JOB,8d,53,11.073207072913647,10.560644939541817,False
JOB,8d,52,11.073207072913647,10.65218872576952,False
JOB,8d,51,11.073207072913647,6.463548995554447,False
JOB,8d,50,11.073207072913647,6.500008717179298,False
JOB,8d,49,11.073207072913647,11.073207072913647,True
JOB,8d,48,11.073207072913647,11.073207072913647,True
JOB,8d,47,11.073207072913647,2.106484182178974,False
JOB,8d,46,11.073207072913647,2.100989133119583,False
JOB,8d,45,11.073207072913647,4.319775201380253,False
JOB,8d,44,11.073207072913647,4.331434071063995,False
JOB,8d,43,11.073207072913647,3.120534874498844,False
JOB,8d,42,11.073207072913647,3.1123228669166565,False
JOB,8d,41,11.073207072913647,11.073207072913647,True
JOB,8d,40,11.073207072913647,11.073207072913647,True
JOB,8d,39,11.073207072913647,6.496394462883472,False
JOB,8d,38,11.073207072913647,6.4646279364824295,False
JOB,8d,37,11.073207072913647,11.073207072913647,True
JOB,8d,36,11.073207072913647,11.073207072913647,True
JOB,8d,35,11.073207072913647,6.515841498970985,False
JOB,8d,34,11.073207072913647,6.512283064424992,False
JOB,8d,33,11.073207072913647,11.073207072913647,True
JOB,8d,32,11.073207072913647,11.073207072913647,True
JOB,8d,31,11.073207072913647,3.7145407423377037,False
JOB,8d,30,11.073207072913647,3.7024880722165108,False
JOB,8d,29,11.073207072913647,3.7435019463300705,False
JOB,8d,28,11.073207072913647,3.722182944417,False
JOB,8d,27,11.073207072913647,3.2919389232993126,False
JOB,8d,26,11.073207072913647,3.2742856293916702,False
JOB,8d,25,11.073207072913647,11.073207072913647,True
JOB,8d,24,11.073207072913647,11.073207072913647,True
JOB,8d,23,11.073207072913647,8.863103434443474,False
JOB,8d,22,11.073207072913647,8.935470782220364,False
JOB,8d,21,11.073207072913647,8.892665199935436,False
JOB,8d,20,11.073207072913647,8.872609481215477,False
JOB,8d,19,11.073207072913647,11.073207072913647,True
JOB,8d,18,11.073207072913647,11.073207072913647,True
JOB,8d,17,11.073207072913647,11.073207072913647,True
JOB,8d,16,11.073207072913647,11.073207072913647,True
JOB,8d,15,11.073207072913647,2.245881177484989,False
JOB,8d,14,11.073207072913647,2.2111110538244247,False
JOB,8d,13,11.073207072913647,2.245608165860176,False
JOB,8d,12,11.073207072913647,2.1996381357312202,False
JOB,8d,11,11.073207072913647,11.073207072913647,True
JOB,8d,10,11.073207072913647,11.073207072913647,True
JOB,8d,9,11.073207072913647,11.073207072913647,True
JOB,8d,8,11.073207072913647,11.073207072913647,True
JOB,8d,7,11.073207072913647,11.073207072913647,True
JOB,8d,6,11.073207072913647,11.073207072913647,True
JOB,8d,5,11.073207072913647,11.073207072913647,True
JOB,8d,4,11.073207072913647,11.073207072913647,True
JOB,8d,3,11.073207072913647,11.073207072913647,True
JOB,8d,2,11.073207072913647,11.073207072913647,True
JOB,8d,1,11.073207072913647,11.073207072913647,True
JOB,8d,0,11.073207072913647,11.073207072913647,True
JOB,9a,63,2.960940934717655,0.6246474757790565,False
JOB,9a,62,2.960940934717655,0.5895100310444832,False
JOB,9a,61,2.960940934717655,1.4371205568313599,False
JOB,9a,60,2.960940934717655,1.4633265510201454,False
JOB,9a,59,2.960940934717655,0.5832574591040611,False
JOB,9a,58,2.960940934717655,0.6016471087932587,False
JOB,9a,57,2.960940934717655,1.6808007434010506,False
JOB,9a,56,2.960940934717655,1.6592918410897255,False
JOB,9a,55,2.960940934717655,2.960940934717655,True
JOB,9a,54,2.960940934717655,2.960940934717655,True
JOB,9a,53,2.960940934717655,2.960940934717655,True
JOB,9a,52,2.960940934717655,2.960940934717655,True
JOB,9a,51,2.960940934717655,2.960940934717655,True
JOB,9a,50,2.960940934717655,2.960940934717655,True
JOB,9a,49,2.960940934717655,1.6923380941152573,False
JOB,9a,48,2.960940934717655,1.6623583063483238,False
JOB,9a,47,2.960940934717655,0.5964610353112221,False
JOB,9a,46,2.960940934717655,0.5929704308509827,False
JOB,9a,45,2.960940934717655,1.4426089078187943,False
JOB,9a,44,2.960940934717655,1.4530470818281174,False
JOB,9a,43,2.960940934717655,0.5794688761234283,False
JOB,9a,42,2.960940934717655,0.5811140313744545,False
JOB,9a,41,2.960940934717655,1.6766651719808578,False
JOB,9a,40,2.960940934717655,1.661296270787716,False
JOB,9a,39,2.960940934717655,2.960940934717655,True
JOB,9a,38,2.960940934717655,2.960940934717655,True
JOB,9a,37,2.960940934717655,2.960940934717655,True
JOB,9a,36,2.960940934717655,2.960940934717655,True
JOB,9a,35,2.960940934717655,2.960940934717655,True
JOB,9a,34,2.960940934717655,2.960940934717655,True
JOB,9a,33,2.960940934717655,1.66101885586977,False
JOB,9a,32,2.960940934717655,1.6610601022839546,False
JOB,9a,31,2.960940934717655,0.5904859006404877,False
JOB,9a,30,2.960940934717655,0.5935661643743515,False
JOB,9a,29,2.960940934717655,1.447796106338501,False
JOB,9a,28,2.960940934717655,1.4525485038757324,False
JOB,9a,27,2.960940934717655,0.5837844684720039,False
JOB,9a,26,2.960940934717655,0.5799684897065163,False
JOB,9a,25,2.960940934717655,1.664608247578144,False
JOB,9a,24,2.960940934717655,1.6670816466212273,False
JOB,9a,23,2.960940934717655,2.960940934717655,True
JOB,9a,22,2.960940934717655,2.960940934717655,True
JOB,9a,21,2.960940934717655,2.960940934717655,True
JOB,9a,20,2.960940934717655,2.960940934717655,True
JOB,9a,19,2.960940934717655,2.960940934717655,True
JOB,9a,18,2.960940934717655,2.960940934717655,True
JOB,9a,17,2.960940934717655,1.6512275040149689,False
JOB,9a,16,2.960940934717655,1.6466959491372108,False
JOB,9a,15,2.960940934717655,0.583981029689312,False
JOB,9a,14,2.960940934717655,0.5903216674923897,False
JOB,9a,13,2.960940934717655,1.438394121825695,False
JOB,9a,12,2.960940934717655,1.4538394808769226,False
JOB,9a,11,2.960940934717655,0.5837777704000473,False
JOB,9a,10,2.960940934717655,0.5781556218862534,False
JOB,9a,9,2.960940934717655,1.6615392938256264,False
JOB,9a,8,2.960940934717655,1.6637751832604408,False
JOB,9a,7,2.960940934717655,1.603660948574543,False
JOB,9a,6,2.960940934717655,1.6048587635159492,False
JOB,9a,5,2.960940934717655,1.593854010105133,False
JOB,9a,4,2.960940934717655,1.5927902460098267,False
JOB,9a,3,2.960940934717655,0.579078309237957,False
JOB,9a,2,2.960940934717655,0.584576427936554,False
JOB,9a,1,2.960940934717655,1.6710933595895767,False
JOB,9a,0,2.960940934717655,1.6590737998485565,False
JOB,9b,63,2.8264062106609344,0.571150466799736,False
JOB,9b,62,2.8264062106609344,0.5689622461795807,False
JOB,9b,61,2.8264062106609344,1.5027384608983994,False
JOB,9b,60,2.8264062106609344,1.488243117928505,False
JOB,9b,59,2.8264062106609344,0.573940746486187,False
JOB,9b,58,2.8264062106609344,0.5805524066090584,False
JOB,9b,57,2.8264062106609344,1.6263933330774307,False
JOB,9b,56,2.8264062106609344,1.6346311420202255,False
JOB,9b,55,2.8264062106609344,2.8264062106609344,True
JOB,9b,54,2.8264062106609344,2.8264062106609344,True
JOB,9b,53,2.8264062106609344,2.8264062106609344,True
JOB,9b,52,2.8264062106609344,2.8264062106609344,True
JOB,9b,51,2.8264062106609344,2.8264062106609344,True
JOB,9b,50,2.8264062106609344,2.8264062106609344,True
JOB,9b,49,2.8264062106609344,1.6399172842502594,False
JOB,9b,48,2.8264062106609344,1.6605192199349403,False
JOB,9b,47,2.8264062106609344,0.5739201456308365,False
JOB,9b,46,2.8264062106609344,0.5732547640800476,False
JOB,9b,45,2.8264062106609344,1.4945960119366646,False
JOB,9b,44,2.8264062106609344,1.485778160393238,False
JOB,9b,43,2.8264062106609344,0.5695325881242752,False
JOB,9b,42,2.8264062106609344,0.5769343450665474,False
JOB,9b,41,2.8264062106609344,1.6546340808272362,False
JOB,9b,40,2.8264062106609344,1.646316610276699,False
JOB,9b,39,2.8264062106609344,2.8264062106609344,True
JOB,9b,38,2.8264062106609344,2.8264062106609344,True
JOB,9b,37,2.8264062106609344,2.8264062106609344,True
JOB,9b,36,2.8264062106609344,2.8264062106609344,True
JOB,9b,35,2.8264062106609344,2.8264062106609344,True
JOB,9b,34,2.8264062106609344,2.8264062106609344,True
JOB,9b,33,2.8264062106609344,1.643503688275814,False
JOB,9b,32,2.8264062106609344,1.6406237035989761,False
JOB,9b,31,2.8264062106609344,0.5672033801674843,False
JOB,9b,30,2.8264062106609344,0.5686197131872177,False
JOB,9b,29,2.8264062106609344,1.4788232445716858,False
JOB,9b,28,2.8264062106609344,1.4885126128792763,False
JOB,9b,27,2.8264062106609344,0.5740248337388039,False
JOB,9b,26,2.8264062106609344,0.5694204345345497,False
JOB,9b,25,2.8264062106609344,1.65324217826128,False
JOB,9b,24,2.8264062106609344,1.647770531475544,False
JOB,9b,23,2.8264062106609344,2.8264062106609344,True
JOB,9b,22,2.8264062106609344,2.8264062106609344,True
JOB,9b,21,2.8264062106609344,2.8264062106609344,True
JOB,9b,20,2.8264062106609344,2.8264062106609344,True
JOB,9b,19,2.8264062106609344,2.8264062106609344,True
JOB,9b,18,2.8264062106609344,2.8264062106609344,True
JOB,9b,17,2.8264062106609344,1.6449010074138641,False
JOB,9b,16,2.8264062106609344,1.6541662886738777,False
JOB,9b,15,2.8264062106609344,0.5665566846728325,False
JOB,9b,14,2.8264062106609344,0.5784214064478874,False
JOB,9b,13,2.8264062106609344,1.5714491084218025,False
JOB,9b,12,2.8264062106609344,1.489312194287777,False
JOB,9b,11,2.8264062106609344,0.619701012969017,False
JOB,9b,10,2.8264062106609344,0.5769661962985992,False
JOB,9b,9,2.8264062106609344,1.6440037786960602,False
JOB,9b,8,2.8264062106609344,1.6561924368143082,False
JOB,9b,7,2.8264062106609344,1.5870342552661896,False
JOB,9b,6,2.8264062106609344,1.6025760844349861,False
JOB,9b,5,2.8264062106609344,1.5925745218992233,False
JOB,9b,4,2.8264062106609344,1.6089212894439697,False
JOB,9b,3,2.8264062106609344,0.5850876197218895,False
JOB,9b,2,2.8264062106609344,0.573413796722889,False
JOB,9b,1,2.8264062106609344,1.6413645893335342,False
JOB,9b,0,2.8264062106609344,1.643587738275528,False
JOB,9c,63,7.6008982211351395,1.649832546710968,False
JOB,9c,62,7.6008982211351395,1.548658199608326,False
JOB,9c,61,7.6008982211351395,1.5373832881450653,False
JOB,9c,60,7.6008982211351395,1.546459637582302,False
JOB,9c,59,7.6008982211351395,0.9153132289648056,False
JOB,9c,58,7.6008982211351395,0.913915254175663,False
JOB,9c,57,7.6008982211351395,6.237031899392605,False
JOB,9c,56,7.6008982211351395,6.2229782193899155,False
JOB,9c,55,7.6008982211351395,6.180754154920578,False
JOB,9c,54,7.6008982211351395,5.774600461125374,False
JOB,9c,53,7.6008982211351395,7.6008982211351395,True
JOB,9c,52,7.6008982211351395,7.6008982211351395,True
JOB,9c,51,7.6008982211351395,5.92707221955061,False
JOB,9c,50,7.6008982211351395,5.904081150889397,False
JOB,9c,49,7.6008982211351395,7.6008982211351395,True
JOB,9c,48,7.6008982211351395,7.6008982211351395,True
JOB,9c,47,7.6008982211351395,1.552780695259571,False
JOB,9c,46,7.6008982211351395,1.550597406923771,False
JOB,9c,45,7.6008982211351395,1.5667160749435425,False
JOB,9c,44,7.6008982211351395,1.552521288394928,False
JOB,9c,43,7.6008982211351395,0.9203051999211311,False
JOB,9c,42,7.6008982211351395,0.9135625138878822,False
JOB,9c,41,7.6008982211351395,6.2381506934762,False
JOB,9c,40,7.6008982211351395,6.2200974225997925,False
JOB,9c,39,7.6008982211351395,5.895714618265629,False
JOB,9c,38,7.6008982211351395,5.8363887295126915,False
JOB,9c,37,7.6008982211351395,7.6008982211351395,True
JOB,9c,36,7.6008982211351395,7.6008982211351395,True
JOB,9c,35,7.6008982211351395,5.8169936165213585,False
JOB,9c,34,7.6008982211351395,5.970565944910049,False
JOB,9c,33,7.6008982211351395,6.068019233644009,False
JOB,9c,32,7.6008982211351395,6.048736162483692,False
JOB,9c,31,7.6008982211351395,1.534125342965126,False
JOB,9c,30,7.6008982211351395,1.5502417832612991,False
JOB,9c,29,7.6008982211351395,1.535035751760006,False
JOB,9c,28,7.6008982211351395,1.5583730712532997,False
JOB,9c,27,7.6008982211351395,0.8602789342403412,False
JOB,9c,26,7.6008982211351395,0.855717621743679,False
JOB,9c,25,7.6008982211351395,6.2570347636938095,False
JOB,9c,24,7.6008982211351395,6.247381657361984,False
JOB,9c,23,7.6008982211351395,7.6008982211351395,True
JOB,9c,22,7.6008982211351395,7.543653592467308,False
JOB,9c,21,7.6008982211351395,7.6008982211351395,True
JOB,9c,20,7.6008982211351395,7.6008982211351395,True
JOB,9c,19,7.6008982211351395,7.6008982211351395,True
JOB,9c,18,7.6008982211351395,7.6008982211351395,True
JOB,9c,17,7.6008982211351395,7.6008982211351395,True
JOB,9c,16,7.6008982211351395,7.6008982211351395,True
JOB,9c,15,7.6008982211351395,1.5343936309218407,False
JOB,9c,14,7.6008982211351395,1.5672443583607674,False
JOB,9c,13,7.6008982211351395,1.5469016581773758,False
JOB,9c,12,7.6008982211351395,1.572689563035965,False
JOB,9c,11,7.6008982211351395,0.8598242476582527,False
JOB,9c,10,7.6008982211351395,0.8638508468866348,False
JOB,9c,9,7.6008982211351395,6.266399949789047,False
JOB,9c,8,7.6008982211351395,6.100513555109501,False
JOB,9c,7,7.6008982211351395,7.6008982211351395,True
JOB,9c,6,7.6008982211351395,7.6008982211351395,True
JOB,9c,5,7.6008982211351395,7.6008982211351395,True
JOB,9c,4,7.6008982211351395,7.6008982211351395,True
JOB,9c,3,7.6008982211351395,0.8443246632814407,False
JOB,9c,2,7.6008982211351395,0.8470797091722488,False
JOB,9c,1,7.6008982211351395,6.201269954442978,False
JOB,9c,0,7.6008982211351395,6.211070671677589,False
JOB,9d,63,15.616251528263092,3.208562023937702,False
JOB,9d,62,15.616251528263092,3.212994359433651,False
JOB,9d,61,15.616251528263092,3.3581785559654236,False
JOB,9d,60,15.616251528263092,3.3535155057907104,False
JOB,9d,59,15.616251528263092,3.291465476155281,False
JOB,9d,58,15.616251528263092,3.2648322358727455,False
JOB,9d,57,15.616251528263092,9.700031377375126,False
JOB,9d,56,15.616251528263092,9.724845133721828,False
JOB,9d,55,15.616251528263092,7.098180301487446,False
JOB,9d,54,15.616251528263092,7.127620629966259,False
JOB,9d,53,15.616251528263092,12.613106563687325,False
JOB,9d,52,15.616251528263092,12.568564929068089,False
JOB,9d,51,15.616251528263092,7.1829017996788025,False
JOB,9d,50,15.616251528263092,7.091998763382435,False
JOB,9d,49,15.616251528263092,11.632333844900131,False
JOB,9d,48,15.616251528263092,11.469591945409775,False
JOB,9d,47,15.616251528263092,3.1876376792788506,False
JOB,9d,46,15.616251528263092,3.1923733279109,False
JOB,9d,45,15.616251528263092,3.3549517393112183,False
JOB,9d,44,15.616251528263092,3.3519183695316315,False
JOB,9d,43,15.616251528263092,3.278431423008442,False
JOB,9d,42,15.616251528263092,3.2722817957401276,False
JOB,9d,41,15.616251528263092,9.760348238050938,False
JOB,9d,40,15.616251528263092,9.729966819286346,False
JOB,9d,39,15.616251528263092,7.08904842287302,False
JOB,9d,38,15.616251528263092,7.0742204412817955,False
JOB,9d,37,15.616251528263092,13.5282237008214,False
JOB,9d,36,15.616251528263092,13.5366096124053,False
JOB,9d,35,15.616251528263092,7.0696187019348145,False
JOB,9d,34,15.616251528263092,7.108917519450188,False
JOB,9d,33,15.616251528263092,9.709740772843361,False
JOB,9d,32,15.616251528263092,9.707927033305168,False
JOB,9d,31,15.616251528263092,3.3243518471717834,False
JOB,9d,30,15.616251528263092,3.3111883997917175,False
JOB,9d,29,15.616251528263092,3.3516547232866287,False
JOB,9d,28,15.616251528263092,3.3895441740751266,False
JOB,9d,27,15.616251528263092,4.039982840418816,False
JOB,9d,26,15.616251528263092,4.011234849691391,False
JOB,9d,25,15.616251528263092,9.782701566815376,False
JOB,9d,24,15.616251528263092,9.898180469870567,False
JOB,9d,23,15.616251528263092,8.889688186347485,False
JOB,9d,22,15.616251528263092,8.861502014100552,False
JOB,9d,21,15.616251528263092,12.115341231226921,False
JOB,9d,20,15.616251528263092,12.10730116814375,False
JOB,9d,19,15.616251528263092,9.505322128534317,False
JOB,9d,18,15.616251528263092,9.584182865917683,False
JOB,9d,17,15.616251528263092,11.492946296930313,False
JOB,9d,16,15.616251528263092,11.485461592674255,False
JOB,9d,15,15.616251528263092,3.3229097053408623,False
JOB,9d,14,15.616251528263092,3.335580125451088,False
JOB,9d,13,15.616251528263092,3.3560598343610764,False
JOB,9d,12,15.616251528263092,3.3572839573025703,False
JOB,9d,11,15.616251528263092,3.8798019364476204,False
JOB,9d,10,15.616251528263092,3.878532961010933,False
JOB,9d,9,15.616251528263092,9.678757287561893,False
JOB,9d,8,15.616251528263092,9.730360761284828,False
JOB,9d,7,15.616251528263092,14.31872072815895,False
JOB,9d,6,15.616251528263092,14.317365311086178,False
JOB,9d,5,15.616251528263092,14.251986227929592,False
JOB,9d,4,15.616251528263092,14.295362956821918,False
JOB,9d,3,15.616251528263092,3.8858672454953194,False
JOB,9d,2,15.616251528263092,3.8693673610687256,False
JOB,9d,1,15.616251528263092,9.715238496661186,False
JOB,9d,0,15.616251528263092,9.741412334144115,False
JOB,10a,63,2.555069327354431,0.5224877297878265,False
JOB,10a,62,2.555069327354431,0.5229239836335182,False
JOB,10a,61,2.555069327354431,0.3501329645514488,False
JOB,10a,60,2.555069327354431,0.35051801055669785,False
JOB,10a,59,2.555069327354431,0.7602988332509995,False
JOB,10a,58,2.555069327354431,0.7591206282377243,False
JOB,10a,57,2.555069327354431,1.8687475621700287,False
JOB,10a,56,2.555069327354431,1.8597919568419456,False
JOB,10a,55,2.555069327354431,2.555069327354431,True
JOB,10a,54,2.555069327354431,2.555069327354431,True
JOB,10a,53,2.555069327354431,2.555069327354431,True
JOB,10a,52,2.555069327354431,2.555069327354431,True
JOB,10a,51,2.555069327354431,2.555069327354431,True
JOB,10a,50,2.555069327354431,2.555069327354431,True
JOB,10a,49,2.555069327354431,1.9156257584691048,False
JOB,10a,48,2.555069327354431,1.8726690337061882,False
JOB,10a,47,2.555069327354431,0.5153996646404266,False
JOB,10a,46,2.555069327354431,0.5155827552080154,False
JOB,10a,45,2.555069327354431,0.3486063554883003,False
JOB,10a,44,2.555069327354431,0.3518504649400711,False
JOB,10a,43,2.555069327354431,0.7552318274974823,False
JOB,10a,42,2.555069327354431,0.7507406920194626,False
JOB,10a,41,2.555069327354431,1.8640141561627388,False
JOB,10a,40,2.555069327354431,1.8555661737918854,False
JOB,10a,39,2.555069327354431,2.555069327354431,True
JOB,10a,38,2.555069327354431,2.555069327354431,True
JOB,10a,37,2.555069327354431,2.555069327354431,True
JOB,10a,36,2.555069327354431,2.555069327354431,True
JOB,10a,35,2.555069327354431,2.555069327354431,True
JOB,10a,34,2.555069327354431,2.555069327354431,True
JOB,10a,33,2.555069327354431,1.861231155693531,False
JOB,10a,32,2.555069327354431,1.8666176497936249,False
JOB,10a,31,2.555069327354431,0.26407163590192795,False
JOB,10a,30,2.555069327354431,0.25906576961278915,False
JOB,10a,29,2.555069327354431,0.3618551194667816,False
JOB,10a,28,2.555069327354431,0.3501475900411606,False
JOB,10a,27,2.555069327354431,0.5050561800599098,False
JOB,10a,26,2.555069327354431,0.508713886141777,False
JOB,10a,25,2.555069327354431,1.8570753037929535,False
JOB,10a,24,2.555069327354431,1.8515237867832184,False
JOB,10a,23,2.555069327354431,2.555069327354431,True
JOB,10a,22,2.555069327354431,2.555069327354431,True
JOB,10a,21,2.555069327354431,2.555069327354431,True
JOB,10a,20,2.555069327354431,2.555069327354431,True
JOB,10a,19,2.555069327354431,2.555069327354431,True
JOB,10a,18,2.555069327354431,2.555069327354431,True
JOB,10a,17,2.555069327354431,1.89937973767519,False
JOB,10a,16,2.555069327354431,1.8793858513236046,False
JOB,10a,15,2.555069327354431,0.2680234909057617,False
JOB,10a,14,2.555069327354431,0.25462669134140015,False
JOB,10a,13,2.555069327354431,0.34714920073747635,False
JOB,10a,12,2.555069327354431,0.3434749022126198,False
JOB,10a,11,2.555069327354431,0.5057211816310883,False
JOB,10a,10,2.555069327354431,0.5082969516515732,False
JOB,10a,9,2.555069327354431,1.8600143492221832,False
JOB,10a,8,2.555069327354431,1.8619015738368034,False
JOB,10a,7,2.555069327354431,1.5024278238415718,False
JOB,10a,6,2.555069327354431,1.5010427460074425,False
JOB,10a,5,2.555069327354431,1.5586675480008125,False
JOB,10a,4,2.555069327354431,1.504111871123314,False
JOB,10a,3,2.555069327354431,0.5161193534731865,False
JOB,10a,2,2.555069327354431,0.5054897218942642,False
JOB,10a,1,2.555069327354431,1.857005551457405,False
JOB,10a,0,2.555069327354431,1.8750381842255592,False
JOB,10b,63,1.8086491525173187,0.38536982983350754,False
JOB,10b,62,1.8086491525173187,0.36727504432201385,False
JOB,10b,61,1.8086491525173187,0.21120231598615646,False
JOB,10b,60,1.8086491525173187,0.20657863467931747,False
JOB,10b,59,1.8086491525173187,0.39031020551919937,False
JOB,10b,58,1.8086491525173187,0.3904295340180397,False
JOB,10b,57,1.8086491525173187,1.4652851223945618,False
JOB,10b,56,1.8086491525173187,1.4648268818855286,False
JOB,10b,55,1.8086491525173187,1.8086491525173187,True
JOB,10b,54,1.8086491525173187,1.8086491525173187,True
JOB,10b,53,1.8086491525173187,1.8086491525173187,True
JOB,10b,52,1.8086491525173187,1.8086491525173187,True
JOB,10b,51,1.8086491525173187,1.8086491525173187,True
JOB,10b,50,1.8086491525173187,1.8086491525173187,True
JOB,10b,49,1.8086491525173187,1.4736937135457993,False
JOB,10b,48,1.8086491525173187,1.472018763422966,False
JOB,10b,47,1.8086491525173187,0.36904095113277435,False
JOB,10b,46,1.8086491525173187,0.3669089674949646,False
JOB,10b,45,1.8086491525173187,0.20226096361875534,False
JOB,10b,44,1.8086491525173187,0.2053624540567398,False
JOB,10b,43,1.8086491525173187,0.3901500254869461,False
JOB,10b,42,1.8086491525173187,0.3907198905944824,False
JOB,10b,41,1.8086491525173187,1.4692431837320328,False
JOB,10b,40,1.8086491525173187,1.4758819937705994,False
JOB,10b,39,1.8086491525173187,1.8086491525173187,True
JOB,10b,38,1.8086491525173187,1.8086491525173187,True
JOB,10b,37,1.8086491525173187,1.8086491525173187,True
JOB,10b,36,1.8086491525173187,1.8086491525173187,True
JOB,10b,35,1.8086491525173187,1.8086491525173187,True
JOB,10b,34,1.8086491525173187,1.8086491525173187,True
JOB,10b,33,1.8086491525173187,1.4772597923874855,False
JOB,10b,32,1.8086491525173187,1.4716015681624413,False
JOB,10b,31,1.8086491525173187,0.11656112968921661,False
JOB,10b,30,1.8086491525173187,0.10978938639163971,False
JOB,10b,29,1.8086491525173187,0.19789013266563416,False
JOB,10b,28,1.8086491525173187,0.20309800654649734,False
JOB,10b,27,1.8086491525173187,0.13689138740301132,False
JOB,10b,26,1.8086491525173187,0.1320604607462883,False
JOB,10b,25,1.8086491525173187,1.489822842180729,False
JOB,10b,24,1.8086491525173187,1.4764492884278297,False
JOB,10b,23,1.8086491525173187,1.8086491525173187,True
JOB,10b,22,1.8086491525173187,1.8086491525173187,True
JOB,10b,21,1.8086491525173187,1.8086491525173187,True
JOB,10b,20,1.8086491525173187,1.8086491525173187,True
JOB,10b,19,1.8086491525173187,1.8086491525173187,True
JOB,10b,18,1.8086491525173187,1.8086491525173187,True
JOB,10b,17,1.8086491525173187,1.4588995277881622,False
JOB,10b,16,1.8086491525173187,1.4572908878326416,False
JOB,10b,15,1.8086491525173187,0.11746318638324738,False
JOB,10b,14,1.8086491525173187,0.10844770073890686,False
JOB,10b,13,1.8086491525173187,0.20480626821517944,False
JOB,10b,12,1.8086491525173187,0.20300667732954025,False
JOB,10b,11,1.8086491525173187,0.13564088940620422,False
JOB,10b,10,1.8086491525173187,0.13121051341295242,False
JOB,10b,9,1.8086491525173187,1.4836414903402328,False
JOB,10b,8,1.8086491525173187,1.4761791974306107,False
JOB,10b,7,1.8086491525173187,1.3578333482146263,False
JOB,10b,6,1.8086491525173187,1.349851556122303,False
JOB,10b,5,1.8086491525173187,1.3605245798826218,False
JOB,10b,4,1.8086491525173187,1.3524014577269554,False
JOB,10b,3,1.8086491525173187,0.17231816053390503,False
JOB,10b,2,1.8086491525173187,0.13439693301916122,False
JOB,10b,1,1.8086491525173187,1.472705401480198,False
JOB,10b,0,1.8086491525173187,1.4755686819553375,False
JOB,10c,63,26.51632972061634,5.340447656810284,False
JOB,10c,62,26.51632972061634,5.319052472710609,False
JOB,10c,61,26.51632972061634,9.65481285750866,False
JOB,10c,60,26.51632972061634,9.625142402946949,False
JOB,10c,59,26.51632972061634,6.17441925406456,False
JOB,10c,58,26.51632972061634,6.172052770853043,False
JOB,10c,57,26.51632972061634,13.1201795861125,False
JOB,10c,56,26.51632972061634,13.184395112097263,False
JOB,10c,55,26.51632972061634,6.135418511927128,False
JOB,10c,54,26.51632972061634,6.155853144824505,False
JOB,10c,53,26.51632972061634,9.880585253238678,False
JOB,10c,52,26.51632972061634,9.872512593865395,False
JOB,10c,51,26.51632972061634,6.1401049345731735,False
JOB,10c,50,26.51632972061634,6.162779293954372,False
JOB,10c,49,26.51632972061634,9.033185794949532,False
JOB,10c,48,26.51632972061634,9.021480716764927,False
JOB,10c,47,26.51632972061634,5.365570545196533,False
JOB,10c,46,26.51632972061634,5.3346943482756615,False
JOB,10c,45,26.51632972061634,9.674601182341576,False
JOB,10c,44,26.51632972061634,9.657285712659359,False
JOB,10c,43,26.51632972061634,6.124316796660423,False
JOB,10c,42,26.51632972061634,6.114525303244591,False
JOB,10c,41,26.51632972061634,13.017751522362232,False
JOB,10c,40,26.51632972061634,12.97238403558731,False
JOB,10c,39,26.51632972061634,6.198792956769466,False
JOB,10c,38,26.51632972061634,6.219717733561993,False
JOB,10c,37,26.51632972061634,10.007205985486507,False
JOB,10c,36,26.51632972061634,9.986984595656395,False
JOB,10c,35,26.51632972061634,6.220633618533611,False
JOB,10c,34,26.51632972061634,6.17966278642416,False
JOB,10c,33,26.51632972061634,18.38568564504385,False
JOB,10c,32,26.51632972061634,18.339031524956226,False
JOB,10c,31,26.51632972061634,10.68235520273447,False
JOB,10c,30,26.51632972061634,10.520216323435307,False
JOB,10c,29,26.51632972061634,10.685682766139507,False
JOB,10c,28,26.51632972061634,10.535640120506287,False
JOB,10c,27,26.51632972061634,6.592466250061989,False
JOB,10c,26,26.51632972061634,6.773286730051041,False
JOB,10c,25,26.51632972061634,13.166832827031612,False
JOB,10c,24,26.51632972061634,13.20879327505827,False
JOB,10c,23,26.51632972061634,7.262333355844021,False
JOB,10c,22,26.51632972061634,7.299570836126804,False
JOB,10c,21,26.51632972061634,10.337276697158813,False
JOB,10c,20,26.51632972061634,10.295134887099266,False
JOB,10c,19,26.51632972061634,8.192678064107895,False
JOB,10c,18,26.51632972061634,8.183664359152317,False
JOB,10c,17,26.51632972061634,8.959580525755882,False
JOB,10c,16,26.51632972061634,9.034362688660622,False
JOB,10c,15,26.51632972061634,10.299323797225952,False
JOB,10c,14,26.51632972061634,10.11462427675724,False
JOB,10c,13,26.51632972061634,10.553822569549084,False
JOB,10c,12,26.51632972061634,10.394614592194557,False
JOB,10c,11,26.51632972061634,12.996092289686203,False
JOB,10c,10,26.51632972061634,12.978036873042583,False
JOB,10c,9,26.51632972061634,13.136877201497555,False
JOB,10c,8,26.51632972061634,13.125626303255558,False
JOB,10c,7,26.51632972061634,10.468995079398155,False
JOB,10c,6,26.51632972061634,10.329438649117947,False
JOB,10c,5,26.51632972061634,10.458341397345066,False
JOB,10c,4,26.51632972061634,10.331628367304802,False
JOB,10c,3,26.51632972061634,13.065662547945976,False
JOB,10c,2,26.51632972061634,13.035864979028702,False
JOB,10c,1,26.51632972061634,13.222591564059258,False
JOB,10c,0,26.51632972061634,13.195789963006973,False
JOB,11a,63,0.2544388920068741,0.06103743612766266,False
JOB,11a,62,0.2544388920068741,0.06145317852497101,False
JOB,11a,61,0.2544388920068741,0.0632709190249443,False
JOB,11a,60,0.2544388920068741,0.06482159346342087,False
JOB,11a,59,0.2544388920068741,0.06337841600179672,False
JOB,11a,58,0.2544388920068741,0.06328035145998001,False
JOB,11a,57,0.2544388920068741,0.05020659416913986,False
JOB,11a,56,0.2544388920068741,0.05186218023300171,False
JOB,11a,55,0.2544388920068741,0.19357122480869293,False
JOB,11a,54,0.2544388920068741,0.1858782097697258,False
JOB,11a,53,0.2544388920068741,0.21367818862199783,False
JOB,11a,52,0.2544388920068741,0.22628014534711838,False
JOB,11a,51,0.2544388920068741,0.2544388920068741,True
JOB,11a,50,0.2544388920068741,0.2544388920068741,True
JOB,11a,49,0.2544388920068741,0.09974393248558044,False
JOB,11a,48,0.2544388920068741,0.0965811014175415,False
JOB,11a,47,0.2544388920068741,0.0592469796538353,False
JOB,11a,46,0.2544388920068741,0.05035842955112457,False
JOB,11a,45,0.2544388920068741,0.06164462864398956,False
JOB,11a,44,0.2544388920068741,0.05791143327951431,False
JOB,11a,43,0.2544388920068741,0.06807154417037964,False
JOB,11a,42,0.2544388920068741,0.05805061012506485,False
JOB,11a,41,0.2544388920068741,0.057336196303367615,False
JOB,11a,40,0.2544388920068741,0.04733835905790329,False
JOB,11a,39,0.2544388920068741,0.2544388920068741,True
JOB,11a,38,0.2544388920068741,0.2544388920068741,True
JOB,11a,37,0.2544388920068741,0.2544388920068741,True
JOB,11a,36,0.2544388920068741,0.2544388920068741,True
JOB,11a,35,0.2544388920068741,0.2544388920068741,True
JOB,11a,34,0.2544388920068741,0.2544388920068741,True
JOB,11a,33,0.2544388920068741,0.050726234912872314,False
JOB,11a,32,0.2544388920068741,0.04648219048976898,False
JOB,11a,31,0.2544388920068741,0.05974075198173523,False
JOB,11a,30,0.2544388920068741,0.05114245414733887,False
JOB,11a,29,0.2544388920068741,0.0642356351017952,False
JOB,11a,28,0.2544388920068741,0.06352683901786804,False
JOB,11a,27,0.2544388920068741,0.06677856296300888,False
JOB,11a,26,0.2544388920068741,0.05828537046909332,False
JOB,11a,25,0.2544388920068741,0.05036453902721405,False
JOB,11a,24,0.2544388920068741,0.048493996262550354,False
JOB,11a,23,0.2544388920068741,0.19065023213624954,False
JOB,11a,22,0.2544388920068741,0.199735127389431,False
JOB,11a,21,0.2544388920068741,0.22648843377828598,False
JOB,11a,20,0.2544388920068741,0.21515962481498718,False
JOB,11a,19,0.2544388920068741,0.2544388920068741,True
JOB,11a,18,0.2544388920068741,0.2544388920068741,True
JOB,11a,17,0.2544388920068741,0.09063557535409927,False
JOB,11a,16,0.2544388920068741,0.08341262489557266,False
JOB,11a,15,0.2544388920068741,0.055697254836559296,False
JOB,11a,14,0.2544388920068741,0.051780253648757935,False
JOB,11a,13,0.2544388920068741,0.05533641576766968,False
JOB,11a,12,0.2544388920068741,0.05715135484933853,False
JOB,11a,11,0.2544388920068741,0.057725489139556885,False
JOB,11a,10,0.2544388920068741,0.06019838899374008,False
JOB,11a,9,0.2544388920068741,0.04786572605371475,False
JOB,11a,8,0.2544388920068741,0.047316938638687134,False
JOB,11a,7,0.2544388920068741,0.035718873143196106,False
JOB,11a,6,0.2544388920068741,0.03560198098421097,False
JOB,11a,5,0.2544388920068741,0.035732999444007874,False
JOB,11a,4,0.2544388920068741,0.035164885222911835,False
JOB,11a,3,0.2544388920068741,0.044790126383304596,False
JOB,11a,2,0.2544388920068741,0.033234499394893646,False
JOB,11a,1,0.2544388920068741,0.04747859388589859,False
JOB,11a,0,0.2544388920068741,0.049063995480537415,False
JOB,11b,63,0.13330630958080292,0.04594436287879944,False
JOB,11b,62,0.13330630958080292,0.03562002629041672,False
JOB,11b,61,0.13330630958080292,0.030081331729888916,False
JOB,11b,60,0.13330630958080292,0.03776450455188751,False
JOB,11b,59,0.13330630958080292,0.032828547060489655,False
JOB,11b,58,0.13330630958080292,0.03975633531808853,False
JOB,11b,57,0.13330630958080292,0.02939276397228241,False
JOB,11b,56,0.13330630958080292,0.02482926845550537,False
JOB,11b,55,0.13330630958080292,0.13330630958080292,True
JOB,11b,54,0.13330630958080292,0.13330630958080292,True
JOB,11b,53,0.13330630958080292,0.13330630958080292,True
JOB,11b,52,0.13330630958080292,0.13330630958080292,True
JOB,11b,51,0.13330630958080292,0.13330630958080292,True
JOB,11b,50,0.13330630958080292,0.13330630958080292,True
JOB,11b,49,0.13330630958080292,0.08838150650262833,False
JOB,11b,48,0.13330630958080292,0.08386922627687454,False
JOB,11b,47,0.13330630958080292,0.028531111776828766,False
JOB,11b,46,0.13330630958080292,0.03480178862810135,False
JOB,11b,45,0.13330630958080292,0.05518475919961929,False
JOB,11b,44,0.13330630958080292,0.055597081780433655,False
JOB,11b,43,0.13330630958080292,0.04001058638095856,False
JOB,11b,42,0.13330630958080292,0.04019496589899063,False
JOB,11b,41,0.13330630958080292,0.02858363837003708,False
JOB,11b,40,0.13330630958080292,0.026876240968704224,False
JOB,11b,39,0.13330630958080292,0.13330630958080292,True
JOB,11b,38,0.13330630958080292,0.13330630958080292,True
JOB,11b,37,0.13330630958080292,0.13330630958080292,True
JOB,11b,36,0.13330630958080292,0.13330630958080292,True
JOB,11b,35,0.13330630958080292,0.13330630958080292,True
JOB,11b,34,0.13330630958080292,0.13330630958080292,True
JOB,11b,33,0.13330630958080292,0.028806164860725403,False
JOB,11b,32,0.13330630958080292,0.02483230084180832,False
JOB,11b,31,0.13330630958080292,0.029245860874652863,False
JOB,11b,30,0.13330630958080292,0.02746029943227768,False
JOB,11b,29,0.13330630958080292,0.029979854822158813,False
JOB,11b,28,0.13330630958080292,0.02712211012840271,False
JOB,11b,27,0.13330630958080292,0.03421948105096817,False
JOB,11b,26,0.13330630958080292,0.030203640460968018,False
JOB,11b,25,0.13330630958080292,0.030163004994392395,False
JOB,11b,24,0.13330630958080292,0.025172345340251923,False
JOB,11b,23,0.13330630958080292,0.13330630958080292,True
JOB,11b,22,0.13330630958080292,0.13330630958080292,True
JOB,11b,21,0.13330630958080292,0.13330630958080292,True
JOB,11b,20,0.13330630958080292,0.13330630958080292,True
JOB,11b,19,0.13330630958080292,0.13330630958080292,True
JOB,11b,18,0.13330630958080292,0.13330630958080292,True
JOB,11b,17,0.13330630958080292,0.08815508335828781,False
JOB,11b,16,0.13330630958080292,0.08702747523784637,False
JOB,11b,15,0.13330630958080292,0.02880874276161194,False
JOB,11b,14,0.13330630958080292,0.02795320749282837,False
JOB,11b,13,0.13330630958080292,0.05557908117771149,False
JOB,11b,12,0.13330630958080292,0.059586696326732635,False
JOB,11b,11,0.13330630958080292,0.02952256053686142,False
JOB,11b,10,0.13330630958080292,0.028645522892475128,False
JOB,11b,9,0.13330630958080292,0.02877204865217209,False
JOB,11b,8,0.13330630958080292,0.024232879281044006,False
JOB,11b,7,0.13330630958080292,0.025899596512317657,False
JOB,11b,6,0.13330630958080292,0.037085555493831635,False
JOB,11b,5,0.13330630958080292,0.027800127863883972,False
JOB,11b,4,0.13330630958080292,0.017060451209545135,False
JOB,11b,3,0.13330630958080292,0.031820788979530334,False
JOB,11b,2,0.13330630958080292,0.029749877750873566,False
JOB,11b,1,0.13330630958080292,0.030622005462646484,False
JOB,11b,0,0.13330630958080292,0.03439682722091675,False
JOB,11c,63,0.5865636467933655,0.14515480399131775,False
JOB,11c,62,0.5865636467933655,0.12185446172952652,False
JOB,11c,61,0.5865636467933655,0.11603645235300064,False
JOB,11c,60,0.5865636467933655,0.11579455435276031,False
JOB,11c,59,0.5865636467933655,0.15928476303815842,False
JOB,11c,58,0.5865636467933655,0.15418200939893723,False
JOB,11c,57,0.5865636467933655,0.5865636467933655,True
JOB,11c,56,0.5865636467933655,0.5865636467933655,True
JOB,11c,55,0.5865636467933655,0.36755935847759247,False
JOB,11c,54,0.5865636467933655,0.37467101961374283,False
JOB,11c,53,0.5865636467933655,0.5020135566592216,False
JOB,11c,52,0.5865636467933655,0.49180084466934204,False
JOB,11c,51,0.5865636467933655,0.5865636467933655,True
JOB,11c,50,0.5865636467933655,0.5865636467933655,True
JOB,11c,49,0.5865636467933655,0.15394318103790283,False
JOB,11c,48,0.5865636467933655,0.1404281035065651,False
JOB,11c,47,0.5865636467933655,0.14129746705293655,False
JOB,11c,46,0.5865636467933655,0.12770388275384903,False
JOB,11c,45,0.5865636467933655,0.17283867299556732,False
JOB,11c,44,0.5865636467933655,0.16127987951040268,False
JOB,11c,43,0.5865636467933655,0.16395339369773865,False
JOB,11c,42,0.5865636467933655,0.15528231859207153,False
JOB,11c,41,0.5865636467933655,0.5865636467933655,True
JOB,11c,40,0.5865636467933655,0.5865636467933655,True
JOB,11c,39,0.5865636467933655,0.5865636467933655,True
JOB,11c,38,0.5865636467933655,0.5865636467933655,True
JOB,11c,37,0.5865636467933655,0.5865636467933655,True
JOB,11c,36,0.5865636467933655,0.5865636467933655,True
JOB,11c,35,0.5865636467933655,0.5865636467933655,True
JOB,11c,34,0.5865636467933655,0.5865636467933655,True
JOB,11c,33,0.5865636467933655,0.5865636467933655,True
JOB,11c,32,0.5865636467933655,0.5865636467933655,True
JOB,11c,31,0.5865636467933655,0.13112222403287888,False
JOB,11c,30,0.5865636467933655,0.11409603804349899,False
JOB,11c,29,0.5865636467933655,0.11436104774475098,False
JOB,11c,28,0.5865636467933655,0.11168156564235687,False
JOB,11c,27,0.5865636467933655,0.15839073061943054,False
JOB,11c,26,0.5865636467933655,0.1575930044054985,False
JOB,11c,25,0.5865636467933655,0.5865636467933655,True
JOB,11c,24,0.5865636467933655,0.5865636467933655,True
JOB,11c,23,0.5865636467933655,0.4788488671183586,False
JOB,11c,22,0.5865636467933655,0.47820065915584564,False
JOB,11c,21,0.5865636467933655,0.5865636467933655,True
JOB,11c,20,0.5865636467933655,0.5865636467933655,True
JOB,11c,19,0.5865636467933655,0.5865636467933655,True
JOB,11c,18,0.5865636467933655,0.5865636467933655,True
JOB,11c,17,0.5865636467933655,0.14111466705799103,False
JOB,11c,16,0.5865636467933655,0.14893916994333267,False
JOB,11c,15,0.5865636467933655,0.14155034720897675,False
JOB,11c,14,0.5865636467933655,0.14279881119728088,False
JOB,11c,13,0.5865636467933655,0.16254155337810516,False
JOB,11c,12,0.5865636467933655,0.16460181027650833,False
JOB,11c,11,0.5865636467933655,0.15590737015008926,False
JOB,11c,10,0.5865636467933655,0.1520756036043167,False
JOB,11c,9,0.5865636467933655,0.5865636467933655,True
JOB,11c,8,0.5865636467933655,0.5865636467933655,True
JOB,11c,7,0.5865636467933655,0.5865636467933655,True
JOB,11c,6,0.5865636467933655,0.5865636467933655,True
JOB,11c,5,0.5865636467933655,0.5865636467933655,True
JOB,11c,4,0.5865636467933655,0.5865636467933655,True
JOB,11c,3,0.5865636467933655,0.16340205073356628,False
JOB,11c,2,0.5865636467933655,0.1551123410463333,False
JOB,11c,1,0.5865636467933655,0.5865636467933655,True
JOB,11c,0,0.5865636467933655,0.5865636467933655,True
JOB,11d,63,0.49517471343278885,0.10939034819602966,False
JOB,11d,62,0.49517471343278885,0.10504135489463806,False
JOB,11d,61,0.49517471343278885,0.10573698580265045,False
JOB,11d,60,0.49517471343278885,0.10239578038454056,False
JOB,11d,59,0.49517471343278885,0.14417797327041626,False
JOB,11d,58,0.49517471343278885,0.13807912170886993,False
JOB,11d,57,0.49517471343278885,0.17711975425481796,False
JOB,11d,56,0.49517471343278885,0.17929626256227493,False
JOB,11d,55,0.49517471343278885,0.24132126569747925,False
JOB,11d,54,0.49517471343278885,0.24061047285795212,False
JOB,11d,53,0.49517471343278885,0.25389691442251205,False
JOB,11d,52,0.49517471343278885,0.24186556786298752,False
JOB,11d,51,0.49517471343278885,0.49517471343278885,True
JOB,11d,50,0.49517471343278885,0.49517471343278885,True
JOB,11d,49,0.49517471343278885,0.1512136235833168,False
JOB,11d,48,0.49517471343278885,0.14909594506025314,False
JOB,11d,47,0.49517471343278885,0.11695224046707153,False
JOB,11d,46,0.49517471343278885,0.1160203218460083,False
JOB,11d,45,0.49517471343278885,0.15780765563249588,False
JOB,11d,44,0.49517471343278885,0.14831392467021942,False
JOB,11d,43,0.49517471343278885,0.13923224061727524,False
JOB,11d,42,0.49517471343278885,0.14151127636432648,False
JOB,11d,41,0.49517471343278885,0.17652743309736252,False
JOB,11d,40,0.49517471343278885,0.17691726982593536,False
JOB,11d,39,0.49517471343278885,0.49517471343278885,True
JOB,11d,38,0.49517471343278885,0.49517471343278885,True
JOB,11d,37,0.49517471343278885,0.49517471343278885,True
JOB,11d,36,0.49517471343278885,0.49517471343278885,True
JOB,11d,35,0.49517471343278885,0.49517471343278885,True
JOB,11d,34,0.49517471343278885,0.49517471343278885,True
JOB,11d,33,0.49517471343278885,0.18057876080274582,False
JOB,11d,32,0.49517471343278885,0.17827311158180237,False
JOB,11d,31,0.49517471343278885,0.1013065055012703,False
JOB,11d,30,0.49517471343278885,0.09997241199016571,False
JOB,11d,29,0.49517471343278885,0.09952811896800995,False
JOB,11d,28,0.49517471343278885,0.09883469343185425,False
JOB,11d,27,0.49517471343278885,0.1418844535946846,False
JOB,11d,26,0.49517471343278885,0.13607154041528702,False
JOB,11d,25,0.49517471343278885,0.1801314279437065,False
JOB,11d,24,0.49517471343278885,0.17332395911216736,False
JOB,11d,23,0.49517471343278885,0.24952177703380585,False
JOB,11d,22,0.49517471343278885,0.2552086412906647,False
JOB,11d,21,0.49517471343278885,0.2977505475282669,False
JOB,11d,20,0.49517471343278885,0.28068462014198303,False
JOB,11d,19,0.49517471343278885,0.49517471343278885,True
JOB,11d,18,0.49517471343278885,0.49517471343278885,True
JOB,11d,17,0.49517471343278885,0.15250665694475174,False
JOB,11d,16,0.49517471343278885,0.16036996245384216,False
JOB,11d,15,0.49517471343278885,0.11971630156040192,False
JOB,11d,14,0.49517471343278885,0.11693857610225677,False
JOB,11d,13,0.49517471343278885,0.15498334169387817,False
JOB,11d,12,0.49517471343278885,0.15756484866142273,False
JOB,11d,11,0.49517471343278885,0.13716881722211838,False
JOB,11d,10,0.49517471343278885,0.13993005454540253,False
JOB,11d,9,0.49517471343278885,0.18117021024227142,False
JOB,11d,8,0.49517471343278885,0.18108564615249634,False
JOB,11d,7,0.49517471343278885,0.17436112463474274,False
JOB,11d,6,0.49517471343278885,0.1671411693096161,False
JOB,11d,5,0.49517471343278885,0.16318850964307785,False
JOB,11d,4,0.49517471343278885,0.17064646631479263,False
JOB,11d,3,0.49517471343278885,0.14542895555496216,False
JOB,11d,2,0.49517471343278885,0.15475019067525864,False
JOB,11d,1,0.49517471343278885,0.18011775612831116,False
JOB,11d,0,0.49517471343278885,0.185288704931736,False
JOB,12a,63,1.2341516464948654,0.9991439282894135,False
JOB,12a,62,1.2341516464948654,0.23666568100452423,False
JOB,12a,61,1.2341516464948654,0.23539847880601883,False
JOB,12a,60,1.2341516464948654,0.2348315492272377,False
JOB,12a,59,1.2341516464948654,0.6176789999008179,False
JOB,12a,58,1.2341516464948654,0.18851680308580399,False
JOB,12a,57,1.2341516464948654,1.2341516464948654,True
JOB,12a,56,1.2341516464948654,0.6425854116678238,False
JOB,12a,55,1.2341516464948654,1.2341516464948654,True
JOB,12a,54,1.2341516464948654,1.2341516464948654,True
JOB,12a,53,1.2341516464948654,1.2341516464948654,True
JOB,12a,52,1.2341516464948654,1.2341516464948654,True
JOB,12a,51,1.2341516464948654,1.2341516464948654,True
JOB,12a,50,1.2341516464948654,1.2341516464948654,True
JOB,12a,49,1.2341516464948654,0.6343239694833755,False
JOB,12a,48,1.2341516464948654,0.6267950981855392,False
JOB,12a,47,1.2341516464948654,0.23586208373308182,False
JOB,12a,46,1.2341516464948654,0.235510915517807,False
JOB,12a,45,1.2341516464948654,0.23302900046110153,False
JOB,12a,44,1.2341516464948654,0.23192015290260315,False
JOB,12a,43,1.2341516464948654,0.17655077576637268,False
JOB,12a,42,1.2341516464948654,0.1780499517917633,False
JOB,12a,41,1.2341516464948654,0.6364564448595047,False
JOB,12a,40,1.2341516464948654,0.6282988861203194,False
JOB,12a,39,1.2341516464948654,1.2341516464948654,True
JOB,12a,38,1.2341516464948654,1.2341516464948654,True
JOB,12a,37,1.2341516464948654,1.2341516464948654,True
JOB,12a,36,1.2341516464948654,1.2341516464948654,True
JOB,12a,35,1.2341516464948654,1.2341516464948654,True
JOB,12a,34,1.2341516464948654,1.2341516464948654,True
JOB,12a,33,1.2341516464948654,0.6265286952257156,False
JOB,12a,32,1.2341516464948654,0.6398873254656792,False
JOB,12a,31,1.2341516464948654,0.23794276267290115,False
JOB,12a,30,1.2341516464948654,0.23961175233125687,False
JOB,12a,29,1.2341516464948654,0.23087473213672638,False
JOB,12a,28,1.2341516464948654,0.231415256857872,False
JOB,12a,27,1.2341516464948654,0.18750029057264328,False
JOB,12a,26,1.2341516464948654,0.17819500714540482,False
JOB,12a,25,1.2341516464948654,0.6369072571396828,False
JOB,12a,24,1.2341516464948654,0.6281075850129128,False
JOB,12a,23,1.2341516464948654,1.2341516464948654,True
JOB,12a,22,1.2341516464948654,1.2341516464948654,True
JOB,12a,21,1.2341516464948654,1.2341516464948654,True
JOB,12a,20,1.2341516464948654,1.2341516464948654,True
JOB,12a,19,1.2341516464948654,1.2341516464948654,True
JOB,12a,18,1.2341516464948654,1.2341516464948654,True
JOB,12a,17,1.2341516464948654,0.6379740908741951,False
JOB,12a,16,1.2341516464948654,0.6380897462368011,False
JOB,12a,15,1.2341516464948654,0.23113124817609787,False
JOB,12a,14,1.2341516464948654,0.23789530992507935,False
JOB,12a,13,1.2341516464948654,0.23547637462615967,False
JOB,12a,12,1.2341516464948654,0.2340468317270279,False
JOB,12a,11,1.2341516464948654,0.17846857756376266,False
JOB,12a,10,1.2341516464948654,0.1749001070857048,False
JOB,12a,9,1.2341516464948654,0.6356120854616165,False
JOB,12a,8,1.2341516464948654,0.6356434747576714,False
JOB,12a,7,1.2341516464948654,0.4960641488432884,False
JOB,12a,6,1.2341516464948654,0.5098722726106644,False
JOB,12a,5,1.2341516464948654,0.5094073265790939,False
JOB,12a,4,1.2341516464948654,0.5093625411391258,False
JOB,12a,3,1.2341516464948654,0.1823020651936531,False
JOB,12a,2,1.2341516464948654,0.17933622002601624,False
JOB,12a,1,1.2341516464948654,0.6304331868886948,False
JOB,12a,0,1.2341516464948654,0.65399169921875,False
JOB,12b,63,0.018993578851222992,0.011731892824172974,False
JOB,12b,62,0.018993578851222992,0.0034493431448936462,False
JOB,12b,61,0.018993578851222992,0.003220990300178528,False
JOB,12b,60,0.018993578851222992,0.008188150823116302,False
JOB,12b,59,0.018993578851222992,0.004306577146053314,False
JOB,12b,58,0.018993578851222992,0.003891482949256897,False
JOB,12b,57,0.018993578851222992,0.018993578851222992,True
JOB,12b,56,0.018993578851222992,0.018993578851222992,True
JOB,12b,55,0.018993578851222992,0.018993578851222992,True
JOB,12b,54,0.018993578851222992,0.018993578851222992,True
JOB,12b,53,0.018993578851222992,0.018993578851222992,True
JOB,12b,52,0.018993578851222992,0.018993578851222992,True
JOB,12b,51,0.018993578851222992,0.018993578851222992,True
JOB,12b,50,0.018993578851222992,0.018993578851222992,True
JOB,12b,49,0.018993578851222992,0.018993578851222992,True
JOB,12b,48,0.018993578851222992,0.018993578851222992,True
JOB,12b,47,0.018993578851222992,0.0033400580286979675,False
JOB,12b,46,0.018993578851222992,0.0023849233984947205,False
JOB,12b,45,0.018993578851222992,0.002522297203540802,False
JOB,12b,44,0.018993578851222992,0.002494439482688904,False
JOB,12b,43,0.018993578851222992,0.00256308913230896,False
JOB,12b,42,0.018993578851222992,0.0024192333221435547,False
JOB,12b,41,0.018993578851222992,0.018993578851222992,True
JOB,12b,40,0.018993578851222992,0.018993578851222992,True
JOB,12b,39,0.018993578851222992,0.018993578851222992,True
JOB,12b,38,0.018993578851222992,0.018993578851222992,True
JOB,12b,37,0.018993578851222992,0.018993578851222992,True
JOB,12b,36,0.018993578851222992,0.018993578851222992,True
JOB,12b,35,0.018993578851222992,0.018993578851222992,True
JOB,12b,34,0.018993578851222992,0.018993578851222992,True
JOB,12b,33,0.018993578851222992,0.018993578851222992,True
JOB,12b,32,0.018993578851222992,0.018993578851222992,True
JOB,12b,31,0.018993578851222992,0.0036960765719413757,False
JOB,12b,30,0.018993578851222992,0.003055267035961151,False
JOB,12b,29,0.018993578851222992,0.0030547529458999634,False
JOB,12b,28,0.018993578851222992,0.007032416760921478,False
JOB,12b,27,0.018993578851222992,0.0036757737398147583,False
JOB,12b,26,0.018993578851222992,0.00586063414812088,False
JOB,12b,25,0.018993578851222992,0.018993578851222992,True
JOB,12b,24,0.018993578851222992,0.018993578851222992,True
JOB,12b,23,0.018993578851222992,0.018993578851222992,True
JOB,12b,22,0.018993578851222992,0.018993578851222992,True
JOB,12b,21,0.018993578851222992,0.018993578851222992,True
JOB,12b,20,0.018993578851222992,0.018993578851222992,True
JOB,12b,19,0.018993578851222992,0.018993578851222992,True
JOB,12b,18,0.018993578851222992,0.018993578851222992,True
JOB,12b,17,0.018993578851222992,0.018993578851222992,True
JOB,12b,16,0.018993578851222992,0.018993578851222992,True
JOB,12b,15,0.018993578851222992,0.0026618465781211853,False
JOB,12b,14,0.018993578851222992,0.0024733692407608032,False
JOB,12b,13,0.018993578851222992,0.0022791922092437744,False
JOB,12b,12,0.018993578851222992,0.002325184643268585,False
JOB,12b,11,0.018993578851222992,0.0027555152773857117,False
JOB,12b,10,0.018993578851222992,0.0037524253129959106,False
JOB,12b,9,0.018993578851222992,0.018993578851222992,True
JOB,12b,8,0.018993578851222992,0.018993578851222992,True
JOB,12b,7,0.018993578851222992,0.018993578851222992,True
JOB,12b,6,0.018993578851222992,0.018993578851222992,True
JOB,12b,5,0.018993578851222992,0.018993578851222992,True
JOB,12b,4,0.018993578851222992,0.018993578851222992,True
JOB,12b,3,0.018993578851222992,0.0024903863668441772,False
JOB,12b,2,0.018993578851222992,0.0022146105766296387,False
JOB,12b,1,0.018993578851222992,0.018993578851222992,True
JOB,12b,0,0.018993578851222992,0.018993578851222992,True
JOB,12c,63,5.021858550608158,1.8138875216245651,False
JOB,12c,62,5.021858550608158,1.0284925177693367,False
JOB,12c,61,5.021858550608158,1.0334983170032501,False
JOB,12c,60,5.021858550608158,1.0303930044174194,False
JOB,12c,59,5.021858550608158,2.7657106146216393,False
JOB,12c,58,5.021858550608158,1.5776736587285995,False
JOB,12c,57,5.021858550608158,1.8632362633943558,False
JOB,12c,56,5.021858550608158,1.8664380684494972,False
JOB,12c,55,5.021858550608158,3.439874552190304,False
JOB,12c,54,5.021858550608158,3.2826462015509605,False
JOB,12c,53,5.021858550608158,5.019416891038418,False
JOB,12c,52,5.021858550608158,4.905774496495724,False
JOB,12c,51,5.021858550608158,3.2890856191515923,False
JOB,12c,50,5.021858550608158,3.291326768696308,False
JOB,12c,49,5.021858550608158,1.8592148050665855,False
JOB,12c,48,5.021858550608158,1.856144867837429,False
JOB,12c,47,5.021858550608158,1.0307476669549942,False
JOB,12c,46,5.021858550608158,1.0357984602451324,False
JOB,12c,45,5.021858550608158,1.0371015593409538,False
JOB,12c,44,5.021858550608158,1.0277252048254013,False
JOB,12c,43,5.021858550608158,1.5577553361654282,False
JOB,12c,42,5.021858550608158,1.55613461881876,False
JOB,12c,41,5.021858550608158,1.8563219457864761,False
JOB,12c,40,5.021858550608158,1.8620089441537857,False
JOB,12c,39,5.021858550608158,3.2991412207484245,False
JOB,12c,38,5.021858550608158,3.305986389517784,False
JOB,12c,37,5.021858550608158,5.021858550608158,True
JOB,12c,36,5.021858550608158,5.021858550608158,True
JOB,12c,35,5.021858550608158,3.311318762600422,False
JOB,12c,34,5.021858550608158,3.2954466119408607,False
JOB,12c,33,5.021858550608158,1.8646267652511597,False
JOB,12c,32,5.021858550608158,1.8692262470722198,False
JOB,12c,31,5.021858550608158,0.8750292509794235,False
JOB,12c,30,5.021858550608158,0.8601126074790955,False
JOB,12c,29,5.021858550608158,0.8577129617333412,False
JOB,12c,28,5.021858550608158,0.8700030893087387,False
JOB,12c,27,5.021858550608158,1.5616405755281448,False
JOB,12c,26,5.021858550608158,1.5579664185643196,False
JOB,12c,25,5.021858550608158,1.861194133758545,False
JOB,12c,24,5.021858550608158,1.8444830551743507,False
JOB,12c,23,5.021858550608158,4.5400397181510925,False
JOB,12c,22,5.021858550608158,4.522039979696274,False
JOB,12c,21,5.021858550608158,5.021858550608158,True
JOB,12c,20,5.021858550608158,5.021858550608158,True
JOB,12c,19,5.021858550608158,4.257153645157814,False
JOB,12c,18,5.021858550608158,4.251826710999012,False
JOB,12c,17,5.021858550608158,1.8908079862594604,False
JOB,12c,16,5.021858550608158,1.890316680073738,False
JOB,12c,15,5.021858550608158,0.8785740286111832,False
JOB,12c,14,5.021858550608158,0.855283834040165,False
JOB,12c,13,5.021858550608158,0.8630251064896584,False
JOB,12c,12,5.021858550608158,0.863623321056366,False
JOB,12c,11,5.021858550608158,1.5528515055775642,False
JOB,12c,10,5.021858550608158,1.5612371265888214,False
JOB,12c,9,5.021858550608158,1.8616317585110664,False
JOB,12c,8,5.021858550608158,1.867330141365528,False
JOB,12c,7,5.021858550608158,1.7567006200551987,False
JOB,12c,6,5.021858550608158,1.7688295990228653,False
JOB,12c,5,5.021858550608158,1.7723374888300896,False
JOB,12c,4,5.021858550608158,1.767136812210083,False
JOB,12c,3,5.021858550608158,1.5656089186668396,False
JOB,12c,2,5.021858550608158,1.5540127754211426,False
JOB,12c,1,5.021858550608158,1.8538300544023514,False
JOB,12c,0,5.021858550608158,1.8691859617829323,False
JOB,13a,63,11.007149443030357,2.3298964723944664,False
JOB,13a,62,11.007149443030357,2.2646048441529274,False
JOB,13a,61,11.007149443030357,2.2687726467847824,False
JOB,13a,60,11.007149443030357,2.2840614914894104,False
JOB,13a,59,11.007149443030357,0.8622684106230736,False
JOB,13a,58,11.007149443030357,0.8577196225523949,False
JOB,13a,57,11.007149443030357,3.826027013361454,False
JOB,13a,56,11.007149443030357,3.779899649322033,False
JOB,13a,55,11.007149443030357,2.8578953966498375,False
JOB,13a,54,11.007149443030357,2.8802940770983696,False
JOB,13a,53,11.007149443030357,4.14813844114542,False
JOB,13a,52,11.007149443030357,4.156345143914223,False
JOB,13a,51,11.007149443030357,2.9078468978405,False
JOB,13a,50,11.007149443030357,2.899979241192341,False
JOB,13a,49,11.007149443030357,11.007149443030357,True
JOB,13a,48,11.007149443030357,11.007149443030357,True
JOB,13a,47,11.007149443030357,2.3203766494989395,False
JOB,13a,46,11.007149443030357,2.2916840612888336,False
JOB,13a,45,11.007149443030357,2.3038370087742805,False
JOB,13a,44,11.007149443030357,2.302610844373703,False
JOB,13a,43,11.007149443030357,0.8612013459205627,False
JOB,13a,42,11.007149443030357,0.8701563999056816,False
JOB,13a,41,11.007149443030357,3.7906186655163765,False
JOB,13a,40,11.007149443030357,3.821842148900032,False
JOB,13a,39,11.007149443030357,2.924371711909771,False
JOB,13a,38,11.007149443030357,2.8932490199804306,False
JOB,13a,37,11.007149443030357,5.1423119604587555,False
JOB,13a,36,11.007149443030357,5.08659091591835,False
JOB,13a,35,11.007149443030357,2.9165365919470787,False
JOB,13a,34,11.007149443030357,2.8873442709445953,False
JOB,13a,33,11.007149443030357,11.007149443030357,True
JOB,13a,32,11.007149443030357,11.007149443030357,True
JOB,13a,31,11.007149443030357,2.3011978790163994,False
JOB,13a,30,11.007149443030357,2.3188975527882576,False
JOB,13a,29,11.007149443030357,2.3184652477502823,False
JOB,13a,28,11.007149443030357,2.3024580627679825,False
JOB,13a,27,11.007149443030357,2.072578191757202,False
JOB,13a,26,11.007149443030357,2.072260484099388,False
JOB,13a,25,11.007149443030357,3.762766994535923,False
JOB,13a,24,11.007149443030357,3.7787065729498863,False
JOB,13a,23,11.007149443030357,5.9647349417209625,False
JOB,13a,22,11.007149443030357,5.8916661366820335,False
JOB,13a,21,11.007149443030357,5.965800754725933,False
JOB,13a,20,11.007149443030357,5.997087962925434,False
JOB,13a,19,11.007149443030357,11.012789264321327,False
JOB,13a,18,11.007149443030357,10.914381116628647,False
JOB,13a,17,11.007149443030357,11.007149443030357,True
JOB,13a,16,11.007149443030357,11.007149443030357,True
JOB,13a,15,11.007149443030357,2.4151741564273834,False
JOB,13a,14,11.007149443030357,2.3220557495951653,False
JOB,13a,13,11.007149443030357,2.294646233320236,False
JOB,13a,12,11.007149443030357,2.2999730855226517,False
JOB,13a,11,11.007149443030357,11.007149443030357,True
JOB,13a,10,11.007149443030357,11.007149443030357,True
JOB,13a,9,11.007149443030357,3.772151716053486,False
JOB,13a,8,11.007149443030357,3.7969925776124,False
JOB,13a,7,11.007149443030357,3.1175301522016525,False
JOB,13a,6,11.007149443030357,3.1102815195918083,False
JOB,13a,5,11.007149443030357,3.1349261924624443,False
JOB,13a,4,11.007149443030357,3.1470485627651215,False
JOB,13a,3,11.007149443030357,11.007149443030357,True
JOB,13a,2,11.007149443030357,11.007149443030357,True
JOB,13a,1,11.007149443030357,3.7964491173624992,False
JOB,13a,0,11.007149443030357,3.8082713708281517,False
JOB,13b,63,4.459438435733318,0.8984696790575981,False
JOB,13b,62,4.459438435733318,0.8793664202094078,False
JOB,13b,61,4.459438435733318,0.8849286586046219,False
JOB,13b,60,4.459438435733318,0.8899526968598366,False
JOB,13b,59,4.459438435733318,0.2158123031258583,False
JOB,13b,58,4.459438435733318,0.2031368836760521,False
JOB,13b,57,4.459438435733318,0.8051731288433075,False
JOB,13b,56,4.459438435733318,0.7947829440236092,False
JOB,13b,55,4.459438435733318,2.7745635733008385,False
JOB,13b,54,4.459438435733318,2.7500331699848175,False
JOB,13b,53,4.459438435733318,4.028479106724262,False
JOB,13b,52,4.459438435733318,3.9994491040706635,False
JOB,13b,51,4.459438435733318,2.8083205968141556,False
JOB,13b,50,4.459438435733318,2.7622337341308594,False
JOB,13b,49,4.459438435733318,0.2110283225774765,False
JOB,13b,48,4.459438435733318,0.21457887440919876,False
JOB,13b,47,4.459438435733318,0.8913251757621765,False
JOB,13b,46,4.459438435733318,0.8976694494485855,False
JOB,13b,45,4.459438435733318,0.8985825031995773,False
JOB,13b,44,4.459438435733318,0.8875653743743896,False
JOB,13b,43,4.459438435733318,0.20918742567300797,False
JOB,13b,42,4.459438435733318,0.2121298536658287,False
JOB,13b,41,4.459438435733318,0.7812741324305534,False
JOB,13b,40,4.459438435733318,0.7743431553244591,False
JOB,13b,39,4.459438435733318,2.7527972906827927,False
JOB,13b,38,4.459438435733318,2.7505709379911423,False
JOB,13b,37,4.459438435733318,4.459438435733318,True
JOB,13b,36,4.459438435733318,4.459438435733318,True
JOB,13b,35,4.459438435733318,2.771494410932064,False
JOB,13b,34,4.459438435733318,2.7980846241116524,False
JOB,13b,33,4.459438435733318,0.7859676852822304,False
JOB,13b,32,4.459438435733318,0.7905877903103828,False
JOB,13b,31,4.459438435733318,0.889976792037487,False
JOB,13b,30,4.459438435733318,0.890026181936264,False
JOB,13b,29,4.459438435733318,0.8871954455971718,False
JOB,13b,28,4.459438435733318,0.9083317294716835,False
JOB,13b,27,4.459438435733318,0.2030574455857277,False
JOB,13b,26,4.459438435733318,0.20447546243667603,False
JOB,13b,25,4.459438435733318,0.7972566932439804,False
JOB,13b,24,4.459438435733318,0.7721478044986725,False
JOB,13b,23,4.459438435733318,3.491351641714573,False
JOB,13b,22,4.459438435733318,3.5214037597179413,False
JOB,13b,21,4.459438435733318,4.448550261557102,False
JOB,13b,20,4.459438435733318,4.431211121380329,False
JOB,13b,19,4.459438435733318,4.459438435733318,True
JOB,13b,18,4.459438435733318,4.459438435733318,True
JOB,13b,17,4.459438435733318,0.20461460947990417,False
JOB,13b,16,4.459438435733318,0.20525318384170532,False
JOB,13b,15,4.459438435733318,0.8864917531609535,False
JOB,13b,14,4.459438435733318,0.8861235901713371,False
JOB,13b,13,4.459438435733318,0.8936161324381828,False
JOB,13b,12,4.459438435733318,0.8837116807699203,False
JOB,13b,11,4.459438435733318,0.20035377889871597,False
JOB,13b,10,4.459438435733318,0.20031321048736572,False
JOB,13b,9,4.459438435733318,0.7795905396342278,False
JOB,13b,8,4.459438435733318,0.7858494967222214,False
JOB,13b,7,4.459438435733318,4.459438435733318,True
JOB,13b,6,4.459438435733318,4.459438435733318,True
JOB,13b,5,4.459438435733318,4.459438435733318,True
JOB,13b,4,4.459438435733318,4.459438435733318,True
JOB,13b,3,4.459438435733318,0.20304127037525177,False
JOB,13b,2,4.459438435733318,0.2137637510895729,False
JOB,13b,1,4.459438435733318,0.7872652560472488,False
JOB,13b,0,4.459438435733318,0.7839103788137436,False
JOB,13c,63,4.2216956615448,0.8754921182990074,False
JOB,13c,62,4.2216956615448,0.8600684106349945,False
JOB,13c,61,4.2216956615448,0.8578410744667053,False
JOB,13c,60,4.2216956615448,0.8628891035914421,False
JOB,13c,59,4.2216956615448,0.16177689284086227,False
JOB,13c,58,4.2216956615448,0.16150129586458206,False
JOB,13c,57,4.2216956615448,0.6214875429868698,False
JOB,13c,56,4.2216956615448,0.6259295120835304,False
JOB,13c,55,4.2216956615448,2.5704864487051964,False
JOB,13c,54,4.2216956615448,2.5872783958911896,False
JOB,13c,53,4.2216956615448,3.8185989186167717,False
JOB,13c,52,4.2216956615448,3.8351705372333527,False
JOB,13c,51,4.2216956615448,2.5766582638025284,False
JOB,13c,50,4.2216956615448,2.5734285563230515,False
JOB,13c,49,4.2216956615448,0.2072814628481865,False
JOB,13c,48,4.2216956615448,0.21119441837072372,False
JOB,13c,47,4.2216956615448,0.8567678406834602,False
JOB,13c,46,4.2216956615448,0.8721558824181557,False
JOB,13c,45,4.2216956615448,0.8571727871894836,False
JOB,13c,44,4.2216956615448,0.849987156689167,False
JOB,13c,43,4.2216956615448,0.1611545830965042,False
JOB,13c,42,4.2216956615448,0.16760973632335663,False
JOB,13c,41,4.2216956615448,0.6261854097247124,False
JOB,13c,40,4.2216956615448,0.6294307559728622,False
JOB,13c,39,4.2216956615448,2.586440831422806,False
JOB,13c,38,4.2216956615448,2.5670651644468307,False
JOB,13c,37,4.2216956615448,4.2216956615448,True
JOB,13c,36,4.2216956615448,4.2216956615448,True
JOB,13c,35,4.2216956615448,2.562016546726227,False
JOB,13c,34,4.2216956615448,2.559466376900673,False
JOB,13c,33,4.2216956615448,0.632914774119854,False
JOB,13c,32,4.2216956615448,0.623489685356617,False
JOB,13c,31,4.2216956615448,0.8515808135271072,False
JOB,13c,30,4.2216956615448,0.847080186009407,False
JOB,13c,29,4.2216956615448,0.8578221276402473,False
JOB,13c,28,4.2216956615448,0.849499024450779,False
JOB,13c,27,4.2216956615448,0.16958724707365036,False
JOB,13c,26,4.2216956615448,0.16298401355743408,False
JOB,13c,25,4.2216956615448,0.6112216860055923,False
JOB,13c,24,4.2216956615448,0.6144442483782768,False
JOB,13c,23,4.2216956615448,3.0760538578033447,False
JOB,13c,22,4.2216956615448,3.0979468524456024,False
JOB,13c,21,4.2216956615448,4.077817603945732,False
JOB,13c,20,4.2216956615448,4.088940888643265,False
JOB,13c,19,4.2216956615448,4.2216956615448,True
JOB,13c,18,4.2216956615448,4.2216956615448,True
JOB,13c,17,4.2216956615448,0.213719442486763,False
JOB,13c,16,4.2216956615448,0.2155710980296135,False
JOB,13c,15,4.2216956615448,0.8611430525779724,False
JOB,13c,14,4.2216956615448,0.8401721641421318,False
JOB,13c,13,4.2216956615448,0.845976360142231,False
JOB,13c,12,4.2216956615448,0.8523921817541122,False
JOB,13c,11,4.2216956615448,0.16291478276252747,False
JOB,13c,10,4.2216956615448,0.16323857754468918,False
JOB,13c,9,4.2216956615448,0.6084423214197159,False
JOB,13c,8,4.2216956615448,0.6216310188174248,False
JOB,13c,7,4.2216956615448,4.2216956615448,True
JOB,13c,6,4.2216956615448,4.2216956615448,True
JOB,13c,5,4.2216956615448,4.2216956615448,True
JOB,13c,4,4.2216956615448,4.2216956615448,True
JOB,13c,3,4.2216956615448,0.1588139310479164,False
JOB,13c,2,4.2216956615448,0.15957219898700714,False
JOB,13c,1,4.2216956615448,0.6120253875851631,False
JOB,13c,0,4.2216956615448,0.612469881772995,False
JOB,13d,63,17.33287423849106,3.591423474252224,False
JOB,13d,62,17.33287423849106,3.5883005559444427,False
JOB,13d,61,17.33287423849106,3.585799992084503,False
JOB,13d,60,17.33287423849106,3.5831606835126877,False
JOB,13d,59,17.33287423849106,11.393670991063118,False
JOB,13d,58,17.33287423849106,11.383275732398033,False
JOB,13d,57,17.33287423849106,17.33287423849106,True
JOB,13d,56,17.33287423849106,17.33287423849106,True
JOB,13d,55,17.33287423849106,5.245289109647274,False
JOB,13d,54,17.33287423849106,5.230737529695034,False
JOB,13d,53,17.33287423849106,5.033675193786621,False
JOB,13d,52,17.33287423849106,5.063516475260258,False
JOB,13d,51,17.33287423849106,5.24922090023756,False
JOB,13d,50,17.33287423849106,5.2333387061953545,False
JOB,13d,49,17.33287423849106,17.33287423849106,True
JOB,13d,48,17.33287423849106,17.33287423849106,True
JOB,13d,47,17.33287423849106,3.628359653055668,False
JOB,13d,46,17.33287423849106,3.6618255227804184,False
JOB,13d,45,17.33287423849106,3.598699539899826,False
JOB,13d,44,17.33287423849106,3.6196152418851852,False
JOB,13d,43,17.33287423849106,11.43209294974804,False
JOB,13d,42,17.33287423849106,11.450185649096966,False
JOB,13d,41,17.33287423849106,17.33287423849106,True
JOB,13d,40,17.33287423849106,17.33287423849106,True
JOB,13d,39,17.33287423849106,5.2849758341908455,False
JOB,13d,38,17.33287423849106,5.282803952693939,False
JOB,13d,37,17.33287423849106,5.905560173094273,False
JOB,13d,36,17.33287423849106,5.90589727461338,False
JOB,13d,35,17.33287423849106,5.315257877111435,False
JOB,13d,34,17.33287423849106,5.32974299043417,False
JOB,13d,33,17.33287423849106,17.33287423849106,True
JOB,13d,32,17.33287423849106,17.33287423849106,True
JOB,13d,31,17.33287423849106,3.6680898517370224,False
JOB,13d,30,17.33287423849106,3.659717708826065,False
JOB,13d,29,17.33287423849106,3.6673284471035004,False
JOB,13d,28,17.33287423849106,3.6602847278118134,False
JOB,13d,27,17.33287423849106,11.161622866988182,False
JOB,13d,26,17.33287423849106,11.167962446808815,False
JOB,13d,25,17.33287423849106,17.33287423849106,True
JOB,13d,24,17.33287423849106,17.33287423849106,True
JOB,13d,23,17.33287423849106,8.888214454054832,False
JOB,13d,22,17.33287423849106,8.888202339410782,False
JOB,13d,21,17.33287423849106,8.67658868432045,False
JOB,13d,20,17.33287423849106,8.68251171708107,False
JOB,13d,19,17.33287423849106,11.374289892613888,False
JOB,13d,18,17.33287423849106,11.21332274377346,False
JOB,13d,17,17.33287423849106,17.33287423849106,True
JOB,13d,16,17.33287423849106,17.33287423849106,True
JOB,13d,15,17.33287423849106,3.6706784442067146,False
JOB,13d,14,17.33287423849106,3.6663956195116043,False
JOB,13d,13,17.33287423849106,3.6799880266189575,False
JOB,13d,12,17.33287423849106,3.678412899374962,False
JOB,13d,11,17.33287423849106,11.28116362541914,False
JOB,13d,10,17.33287423849106,11.292432986199856,False
JOB,13d,9,17.33287423849106,17.33287423849106,True
JOB,13d,8,17.33287423849106,17.33287423849106,True
JOB,13d,7,17.33287423849106,15.23728246241808,False
JOB,13d,6,17.33287423849106,15.188004083931446,False
JOB,13d,5,17.33287423849106,15.161809876561165,False
JOB,13d,4,17.33287423849106,15.223964363336563,False
JOB,13d,3,17.33287423849106,11.303934842348099,False
JOB,13d,2,17.33287423849106,11.316143125295639,False
JOB,13d,1,17.33287423849106,17.33287423849106,True
JOB,13d,0,17.33287423849106,17.33287423849106,True
JOB,14a,63,0.93531783670187,0.2620442807674408,False
JOB,14a,62,0.93531783670187,0.20192443579435349,False
JOB,14a,61,0.93531783670187,0.24205496907234192,False
JOB,14a,60,0.93531783670187,0.2363223135471344,False
JOB,14a,59,0.93531783670187,0.2232365682721138,False
JOB,14a,58,0.93531783670187,0.2125835046172142,False
JOB,14a,57,0.93531783670187,0.93531783670187,True
JOB,14a,56,0.93531783670187,0.93531783670187,True
JOB,14a,55,0.93531783670187,0.93531783670187,True
JOB,14a,54,0.93531783670187,0.93531783670187,True
JOB,14a,53,0.93531783670187,0.93531783670187,True
JOB,14a,52,0.93531783670187,0.93531783670187,True
JOB,14a,51,0.93531783670187,0.93531783670187,True
JOB,14a,50,0.93531783670187,0.93531783670187,True
JOB,14a,49,0.93531783670187,0.93531783670187,True
JOB,14a,48,0.93531783670187,0.93531783670187,True
JOB,14a,47,0.93531783670187,0.20567011833190918,False
JOB,14a,46,0.93531783670187,0.1991216391324997,False
JOB,14a,45,0.93531783670187,0.23287025839090347,False
JOB,14a,44,0.93531783670187,0.23715472966432571,False
JOB,14a,43,0.93531783670187,0.22075272351503372,False
JOB,14a,42,0.93531783670187,0.21858052909374237,False
JOB,14a,41,0.93531783670187,0.93531783670187,True
JOB,14a,40,0.93531783670187,0.93531783670187,True
JOB,14a,39,0.93531783670187,0.93531783670187,True
JOB,14a,38,0.93531783670187,0.93531783670187,True
JOB,14a,37,0.93531783670187,0.93531783670187,True
JOB,14a,36,0.93531783670187,0.93531783670187,True
JOB,14a,35,0.93531783670187,0.93531783670187,True
JOB,14a,34,0.93531783670187,0.93531783670187,True
JOB,14a,33,0.93531783670187,0.93531783670187,True
JOB,14a,32,0.93531783670187,0.93531783670187,True
JOB,14a,31,0.93531783670187,0.20364493131637573,False
JOB,14a,30,0.93531783670187,0.2026280090212822,False
JOB,14a,29,0.93531783670187,0.23739692568778992,False
JOB,14a,28,0.93531783670187,0.24394142627716064,False
JOB,14a,27,0.93531783670187,0.22242753952741623,False
JOB,14a,26,0.93531783670187,0.22291038930416107,False
JOB,14a,25,0.93531783670187,0.93531783670187,True
JOB,14a,24,0.93531783670187,0.93531783670187,True
JOB,14a,23,0.93531783670187,0.93531783670187,True
JOB,14a,22,0.93531783670187,0.93531783670187,True
JOB,14a,21,0.93531783670187,0.93531783670187,True
JOB,14a,20,0.93531783670187,0.93531783670187,True
JOB,14a,19,0.93531783670187,0.93531783670187,True
JOB,14a,18,0.93531783670187,0.93531783670187,True
JOB,14a,17,0.93531783670187,0.93531783670187,True
JOB,14a,16,0.93531783670187,0.93531783670187,True
JOB,14a,15,0.93531783670187,0.2093198224902153,False
JOB,14a,14,0.93531783670187,0.19821549952030182,False
JOB,14a,13,0.93531783670187,0.23548507690429688,False
JOB,14a,12,0.93531783670187,0.24106166511774063,False
JOB,14a,11,0.93531783670187,0.22484524548053741,False
JOB,14a,10,0.93531783670187,0.2194134220480919,False
JOB,14a,9,0.93531783670187,0.93531783670187,True
JOB,14a,8,0.93531783670187,0.93531783670187,True
JOB,14a,7,0.93531783670187,0.93531783670187,True
JOB,14a,6,0.93531783670187,0.93531783670187,True
JOB,14a,5,0.93531783670187,0.93531783670187,True
JOB,14a,4,0.93531783670187,0.93531783670187,True
JOB,14a,3,0.93531783670187,0.26044774055480957,False
JOB,14a,2,0.93531783670187,0.24725162982940674,False
JOB,14a,1,0.93531783670187,0.93531783670187,True
JOB,14a,0,0.93531783670187,0.93531783670187,True
JOB,14b,63,0.3866143524646759,0.09748943150043488,False
JOB,14b,62,0.3866143524646759,0.08997780829668045,False
JOB,14b,61,0.3866143524646759,0.12823668867349625,False
JOB,14b,60,0.3866143524646759,0.11815875768661499,False
JOB,14b,59,0.3866143524646759,0.09527359902858734,False
JOB,14b,58,0.3866143524646759,0.10179910808801651,False
JOB,14b,57,0.3866143524646759,0.3866143524646759,True
JOB,14b,56,0.3866143524646759,0.3866143524646759,True
JOB,14b,55,0.3866143524646759,0.3866143524646759,True
JOB,14b,54,0.3866143524646759,0.3866143524646759,True
JOB,14b,53,0.3866143524646759,0.3866143524646759,True
JOB,14b,52,0.3866143524646759,0.3866143524646759,True
JOB,14b,51,0.3866143524646759,0.3866143524646759,True
JOB,14b,50,0.3866143524646759,0.3866143524646759,True
JOB,14b,49,0.3866143524646759,0.3866143524646759,True
JOB,14b,48,0.3866143524646759,0.3866143524646759,True
JOB,14b,47,0.3866143524646759,0.0839533805847168,False
JOB,14b,46,0.3866143524646759,0.08277719467878342,False
JOB,14b,45,0.3866143524646759,0.11647630482912064,False
JOB,14b,44,0.3866143524646759,0.11984716355800629,False
JOB,14b,43,0.3866143524646759,0.08720468729734421,False
JOB,14b,42,0.3866143524646759,0.08604735136032104,False
JOB,14b,41,0.3866143524646759,0.3866143524646759,True
JOB,14b,40,0.3866143524646759,0.3866143524646759,True
JOB,14b,39,0.3866143524646759,0.3866143524646759,True
JOB,14b,38,0.3866143524646759,0.3866143524646759,True
JOB,14b,37,0.3866143524646759,0.3866143524646759,True
JOB,14b,36,0.3866143524646759,0.3866143524646759,True
JOB,14b,35,0.3866143524646759,0.3866143524646759,True
JOB,14b,34,0.3866143524646759,0.3866143524646759,True
JOB,14b,33,0.3866143524646759,0.3866143524646759,True
JOB,14b,32,0.3866143524646759,0.3866143524646759,True
JOB,14b,31,0.3866143524646759,0.09264333546161652,False
JOB,14b,30,0.3866143524646759,0.08169782161712646,False
JOB,14b,29,0.3866143524646759,0.11934051662683487,False
JOB,14b,28,0.3866143524646759,0.1196494847536087,False
JOB,14b,27,0.3866143524646759,0.08909916132688522,False
JOB,14b,26,0.3866143524646759,0.08902150392532349,False
JOB,14b,25,0.3866143524646759,0.3866143524646759,True
JOB,14b,24,0.3866143524646759,0.3866143524646759,True
JOB,14b,23,0.3866143524646759,0.3866143524646759,True
JOB,14b,22,0.3866143524646759,0.3866143524646759,True
JOB,14b,21,0.3866143524646759,0.3866143524646759,True
JOB,14b,20,0.3866143524646759,0.3866143524646759,True
JOB,14b,19,0.3866143524646759,0.3866143524646759,True
JOB,14b,18,0.3866143524646759,0.3866143524646759,True
JOB,14b,17,0.3866143524646759,0.3866143524646759,True
JOB,14b,16,0.3866143524646759,0.3866143524646759,True
JOB,14b,15,0.3866143524646759,0.08353210985660553,False
JOB,14b,14,0.3866143524646759,0.08170891553163528,False
JOB,14b,13,0.3866143524646759,0.11711257696151733,False
JOB,14b,12,0.3866143524646759,0.12008891254663467,False
JOB,14b,11,0.3866143524646759,0.10120738297700882,False
JOB,14b,10,0.3866143524646759,0.0889294371008873,False
JOB,14b,9,0.3866143524646759,0.3866143524646759,True
JOB,14b,8,0.3866143524646759,0.3866143524646759,True
JOB,14b,7,0.3866143524646759,0.3866143524646759,True
JOB,14b,6,0.3866143524646759,0.3866143524646759,True
JOB,14b,5,0.3866143524646759,0.3866143524646759,True
JOB,14b,4,0.3866143524646759,0.3866143524646759,True
JOB,14b,3,0.3866143524646759,0.3866143524646759,True
JOB,14b,2,0.3866143524646759,0.3866143524646759,True
JOB,14b,1,0.3866143524646759,0.3866143524646759,True
JOB,14b,0,0.3866143524646759,0.3866143524646759,True
JOB,14c,63,1.9248120486736298,0.43573155999183655,False
JOB,14c,62,1.9248120486736298,0.4232643246650696,False
JOB,14c,61,1.9248120486736298,0.45586569607257843,False
JOB,14c,60,1.9248120486736298,0.44205427169799805,False
JOB,14c,59,1.9248120486736298,0.5278256386518478,False
JOB,14c,58,1.9248120486736298,0.5213559716939926,False
JOB,14c,57,1.9248120486736298,1.9248120486736298,True
JOB,14c,56,1.9248120486736298,1.9248120486736298,True
JOB,14c,55,1.9248120486736298,1.9248120486736298,True
JOB,14c,54,1.9248120486736298,1.9248120486736298,True
JOB,14c,53,1.9248120486736298,1.9248120486736298,True
JOB,14c,52,1.9248120486736298,1.9248120486736298,True
JOB,14c,51,1.9248120486736298,1.9248120486736298,True
JOB,14c,50,1.9248120486736298,1.9248120486736298,True
JOB,14c,49,1.9248120486736298,1.9248120486736298,True
JOB,14c,48,1.9248120486736298,1.9248120486736298,True
JOB,14c,47,1.9248120486736298,0.42284775525331497,False
JOB,14c,46,1.9248120486736298,0.433022640645504,False
JOB,14c,45,1.9248120486736298,0.44779515266418457,False
JOB,14c,44,1.9248120486736298,0.4554545283317566,False
JOB,14c,43,1.9248120486736298,0.5326495915651321,False
JOB,14c,42,1.9248120486736298,0.525456927716732,False
JOB,14c,41,1.9248120486736298,1.9248120486736298,True
JOB,14c,40,1.9248120486736298,1.9248120486736298,True
JOB,14c,39,1.9248120486736298,1.9248120486736298,True
JOB,14c,38,1.9248120486736298,1.9248120486736298,True
JOB,14c,37,1.9248120486736298,1.9248120486736298,True
JOB,14c,36,1.9248120486736298,1.9248120486736298,True
JOB,14c,35,1.9248120486736298,1.9248120486736298,True
JOB,14c,34,1.9248120486736298,1.9248120486736298,True
JOB,14c,33,1.9248120486736298,1.9248120486736298,True
JOB,14c,32,1.9248120486736298,1.9248120486736298,True
JOB,14c,31,1.9248120486736298,0.4249625653028488,False
JOB,14c,30,1.9248120486736298,0.41708268225193024,False
JOB,14c,29,1.9248120486736298,0.44612064212560654,False
JOB,14c,28,1.9248120486736298,0.44890296459198,False
JOB,14c,27,1.9248120486736298,0.533107690513134,False
JOB,14c,26,1.9248120486736298,0.5284086540341377,False
JOB,14c,25,1.9248120486736298,1.9248120486736298,True
JOB,14c,24,1.9248120486736298,1.9248120486736298,True
JOB,14c,23,1.9248120486736298,1.9248120486736298,True
JOB,14c,22,1.9248120486736298,1.9248120486736298,True
JOB,14c,21,1.9248120486736298,1.9248120486736298,True
JOB,14c,20,1.9248120486736298,1.9248120486736298,True
JOB,14c,19,1.9248120486736298,1.9248120486736298,True
JOB,14c,18,1.9248120486736298,1.9248120486736298,True
JOB,14c,17,1.9248120486736298,1.9248120486736298,True
JOB,14c,16,1.9248120486736298,1.9248120486736298,True
JOB,14c,15,1.9248120486736298,0.4199017360806465,False
JOB,14c,14,1.9248120486736298,0.41700495034456253,False
JOB,14c,13,1.9248120486736298,0.44547004252672195,False
JOB,14c,12,1.9248120486736298,0.4510841518640518,False
JOB,14c,11,1.9248120486736298,0.5275904312729836,False
JOB,14c,10,1.9248120486736298,0.5364511758089066,False
JOB,14c,9,1.9248120486736298,1.9248120486736298,True
JOB,14c,8,1.9248120486736298,1.9248120486736298,True
JOB,14c,7,1.9248120486736298,1.9248120486736298,True
JOB,14c,6,1.9248120486736298,1.9248120486736298,True
JOB,14c,5,1.9248120486736298,1.9248120486736298,True
JOB,14c,4,1.9248120486736298,1.9248120486736298,True
JOB,14c,3,1.9248120486736298,1.3445001021027565,False
JOB,14c,2,1.9248120486736298,1.3473194614052773,False
JOB,14c,1,1.9248120486736298,1.9248120486736298,True
JOB,14c,0,1.9248120486736298,1.9248120486736298,True
JOB,15a,63,3.008750006556511,0.6960730105638504,False
JOB,15a,62,3.008750006556511,0.6334215924143791,False
JOB,15a,61,3.008750006556511,0.8795048743486404,False
JOB,15a,60,3.008750006556511,0.8241982981562614,False
JOB,15a,59,3.008750006556511,0.7933945283293724,False
JOB,15a,58,3.008750006556511,0.7936584427952766,False
JOB,15a,57,3.008750006556511,0.8903813287615776,False
JOB,15a,56,3.008750006556511,0.8964498937129974,False
JOB,15a,55,3.008750006556511,2.7690659314393997,False
JOB,15a,54,3.008750006556511,2.7635069265961647,False
JOB,15a,53,3.008750006556511,3.008750006556511,True
JOB,15a,52,3.008750006556511,3.008750006556511,True
JOB,15a,51,3.008750006556511,2.7594448551535606,False
JOB,15a,50,3.008750006556511,2.763719581067562,False
JOB,15a,49,3.008750006556511,1.0083138421177864,False
JOB,15a,48,3.008750006556511,1.001715362071991,False
JOB,15a,47,3.008750006556511,0.6445137560367584,False
JOB,15a,46,3.008750006556511,0.6257108524441719,False
JOB,15a,45,3.008750006556511,0.8290975317358971,False
JOB,15a,44,3.008750006556511,0.8192037045955658,False
JOB,15a,43,3.008750006556511,0.7894313260912895,False
JOB,15a,42,3.008750006556511,0.7879960983991623,False
JOB,15a,41,3.008750006556511,0.8958242535591125,False
JOB,15a,40,3.008750006556511,0.884633369743824,False
JOB,15a,39,3.008750006556511,2.7672031447291374,False
JOB,15a,38,3.008750006556511,2.7445846274495125,False
JOB,15a,37,3.008750006556511,3.008750006556511,True
JOB,15a,36,3.008750006556511,3.008750006556511,True
JOB,15a,35,3.008750006556511,2.765537180006504,False
JOB,15a,34,3.008750006556511,2.768152430653572,False
JOB,15a,33,3.008750006556511,0.9008019492030144,False
JOB,15a,32,3.008750006556511,0.8885775730013847,False
JOB,15a,31,3.008750006556511,0.626166433095932,False
JOB,15a,30,3.008750006556511,0.6179237216711044,False
JOB,15a,29,3.008750006556511,0.756338320672512,False
JOB,15a,28,3.008750006556511,0.7457062900066376,False
JOB,15a,27,3.008750006556511,0.7683898434042931,False
JOB,15a,26,3.008750006556511,0.7645823135972023,False
JOB,15a,25,3.008750006556511,0.884743869304657,False
JOB,15a,24,3.008750006556511,0.8944775089621544,False
JOB,15a,23,3.008750006556511,3.008750006556511,True
JOB,15a,22,3.008750006556511,3.008750006556511,True
JOB,15a,21,3.008750006556511,3.008750006556511,True
JOB,15a,20,3.008750006556511,3.008750006556511,True
JOB,15a,19,3.008750006556511,3.008750006556511,True
JOB,15a,18,3.008750006556511,3.008750006556511,True
JOB,15a,17,3.008750006556511,1.0007334202528,False
JOB,15a,16,3.008750006556511,0.9998262748122215,False
JOB,15a,15,3.008750006556511,0.6001958400011063,False
JOB,15a,14,3.008750006556511,0.5928572863340378,False
JOB,15a,13,3.008750006556511,0.7258511707186699,False
JOB,15a,12,3.008750006556511,0.7334775030612946,False
JOB,15a,11,3.008750006556511,0.4665694758296013,False
JOB,15a,10,3.008750006556511,0.4584010988473892,False
JOB,15a,9,3.008750006556511,0.8880184888839722,False
JOB,15a,8,3.008750006556511,0.885525532066822,False
JOB,15a,7,3.008750006556511,0.7376117333769798,False
JOB,15a,6,3.008750006556511,0.7269405126571655,False
JOB,15a,5,3.008750006556511,0.724865585565567,False
JOB,15a,4,3.008750006556511,0.7298909798264503,False
JOB,15a,3,3.008750006556511,0.4580359309911728,False
JOB,15a,2,3.008750006556511,0.46916529536247253,False
JOB,15a,1,3.008750006556511,0.8943767547607422,False
JOB,15a,0,3.008750006556511,0.8881397917866707,False
JOB,15b,63,0.17035659402608871,0.05149521678686142,False
JOB,15b,62,0.17035659402608871,0.03813847899436951,False
JOB,15b,61,0.17035659402608871,0.1276100054383278,False
JOB,15b,60,0.17035659402608871,0.12340480089187622,False
JOB,15b,59,0.17035659402608871,0.042339615523815155,False
JOB,15b,58,0.17035659402608871,0.04168441891670227,False
JOB,15b,57,0.17035659402608871,0.17035659402608871,True
JOB,15b,56,0.17035659402608871,0.17035659402608871,True
JOB,15b,55,0.17035659402608871,0.17035659402608871,True
JOB,15b,54,0.17035659402608871,0.17035659402608871,True
JOB,15b,53,0.17035659402608871,0.17035659402608871,True
JOB,15b,52,0.17035659402608871,0.17035659402608871,True
JOB,15b,51,0.17035659402608871,0.17035659402608871,True
JOB,15b,50,0.17035659402608871,0.17035659402608871,True
JOB,15b,49,0.17035659402608871,0.17035659402608871,True
JOB,15b,48,0.17035659402608871,0.17035659402608871,True
JOB,15b,47,0.17035659402608871,0.03584185242652893,False
JOB,15b,46,0.17035659402608871,0.03526730835437775,False
JOB,15b,45,0.17035659402608871,0.12438806891441345,False
JOB,15b,44,0.17035659402608871,0.12502291053533554,False
JOB,15b,43,0.17035659402608871,0.04885145276784897,False
JOB,15b,42,0.17035659402608871,0.037731289863586426,False
JOB,15b,41,0.17035659402608871,0.17035659402608871,True
JOB,15b,40,0.17035659402608871,0.17035659402608871,True
JOB,15b,39,0.17035659402608871,0.17035659402608871,True
JOB,15b,38,0.17035659402608871,0.17035659402608871,True
JOB,15b,37,0.17035659402608871,0.17035659402608871,True
JOB,15b,36,0.17035659402608871,0.17035659402608871,True
JOB,15b,35,0.17035659402608871,0.17035659402608871,True
JOB,15b,34,0.17035659402608871,0.17035659402608871,True
JOB,15b,33,0.17035659402608871,0.17035659402608871,True
JOB,15b,32,0.17035659402608871,0.17035659402608871,True
JOB,15b,31,0.17035659402608871,0.03821055591106415,False
JOB,15b,30,0.17035659402608871,0.0463494211435318,False
JOB,15b,29,0.17035659402608871,0.12531844526529312,False
JOB,15b,28,0.17035659402608871,0.12294167280197144,False
JOB,15b,27,0.17035659402608871,0.051624298095703125,False
JOB,15b,26,0.17035659402608871,0.04863937944173813,False
JOB,15b,25,0.17035659402608871,0.17035659402608871,True
JOB,15b,24,0.17035659402608871,0.17035659402608871,True
JOB,15b,23,0.17035659402608871,0.17035659402608871,True
JOB,15b,22,0.17035659402608871,0.17035659402608871,True
JOB,15b,21,0.17035659402608871,0.17035659402608871,True
JOB,15b,20,0.17035659402608871,0.17035659402608871,True
JOB,15b,19,0.17035659402608871,0.17035659402608871,True
JOB,15b,18,0.17035659402608871,0.17035659402608871,True
JOB,15b,17,0.17035659402608871,0.17035659402608871,True
JOB,15b,16,0.17035659402608871,0.17035659402608871,True
JOB,15b,15,0.17035659402608871,0.03537578880786896,False
JOB,15b,14,0.17035659402608871,0.03438733518123627,False
JOB,15b,13,0.17035659402608871,0.12107384204864502,False
JOB,15b,12,0.17035659402608871,0.11615338921546936,False
JOB,15b,11,0.17035659402608871,0.0373971089720726,False
JOB,15b,10,0.17035659402608871,0.049012087285518646,False
JOB,15b,9,0.17035659402608871,0.17035659402608871,True
JOB,15b,8,0.17035659402608871,0.17035659402608871,True
JOB,15b,7,0.17035659402608871,0.17035659402608871,True
JOB,15b,6,0.17035659402608871,0.17035659402608871,True
JOB,15b,5,0.17035659402608871,0.17035659402608871,True
JOB,15b,4,0.17035659402608871,0.17035659402608871,True
JOB,15b,3,0.17035659402608871,0.03835885226726532,False
JOB,15b,2,0.17035659402608871,0.03593413531780243,False
JOB,15b,1,0.17035659402608871,0.17035659402608871,True
JOB,15b,0,0.17035659402608871,0.17035659402608871,True
JOB,15c,63,2.473978213965893,0.543581448495388,False
JOB,15c,62,2.473978213965893,0.5222599655389786,False
JOB,15c,61,2.473978213965893,0.5247616842389107,False
JOB,15c,60,2.473978213965893,0.5352037847042084,False
JOB,15c,59,2.473978213965893,0.5496408492326736,False
JOB,15c,58,2.473978213965893,0.5320612639188766,False
JOB,15c,57,2.473978213965893,2.473978213965893,True
JOB,15c,56,2.473978213965893,2.473978213965893,True
JOB,15c,55,2.473978213965893,2.473978213965893,True
JOB,15c,54,2.473978213965893,2.473978213965893,True
JOB,15c,53,2.473978213965893,2.473978213965893,True
JOB,15c,52,2.473978213965893,2.473978213965893,True
JOB,15c,51,2.473978213965893,2.473978213965893,True
JOB,15c,50,2.473978213965893,2.473978213965893,True
JOB,15c,49,2.473978213965893,2.473978213965893,True
JOB,15c,48,2.473978213965893,2.473978213965893,True
JOB,15c,47,2.473978213965893,0.5260543450713158,False
JOB,15c,46,2.473978213965893,0.5273609235882759,False
JOB,15c,45,2.473978213965893,0.5208556279540062,False
JOB,15c,44,2.473978213965893,0.5186969414353371,False
JOB,15c,43,2.473978213965893,0.540617361664772,False
JOB,15c,42,2.473978213965893,0.5385509058833122,False
JOB,15c,41,2.473978213965893,2.473978213965893,True
JOB,15c,40,2.473978213965893,2.473978213965893,True
JOB,15c,39,2.473978213965893,2.473978213965893,True
JOB,15c,38,2.473978213965893,2.473978213965893,True
JOB,15c,37,2.473978213965893,2.473978213965893,True
JOB,15c,36,2.473978213965893,2.473978213965893,True
JOB,15c,35,2.473978213965893,2.473978213965893,True
JOB,15c,34,2.473978213965893,2.473978213965893,True
JOB,15c,33,2.473978213965893,2.473978213965893,True
JOB,15c,32,2.473978213965893,2.473978213965893,True
JOB,15c,31,2.473978213965893,0.523663729429245,False
JOB,15c,30,2.473978213965893,0.5268133953213692,False
JOB,15c,29,2.473978213965893,0.5226643458008766,False
JOB,15c,28,2.473978213965893,0.526270218193531,False
JOB,15c,27,2.473978213965893,0.5316842347383499,False
JOB,15c,26,2.473978213965893,0.5306641906499863,False
JOB,15c,25,2.473978213965893,2.473978213965893,True
JOB,15c,24,2.473978213965893,2.473978213965893,True
JOB,15c,23,2.473978213965893,2.473978213965893,True
JOB,15c,22,2.473978213965893,2.473978213965893,True
JOB,15c,21,2.473978213965893,2.473978213965893,True
JOB,15c,20,2.473978213965893,2.473978213965893,True
JOB,15c,19,2.473978213965893,2.473978213965893,True
JOB,15c,18,2.473978213965893,2.473978213965893,True
JOB,15c,17,2.473978213965893,2.473978213965893,True
JOB,15c,16,2.473978213965893,2.473978213965893,True
JOB,15c,15,2.473978213965893,0.5276818573474884,False
JOB,15c,14,2.473978213965893,0.5377819165587425,False
JOB,15c,13,2.473978213965893,0.531919963657856,False
JOB,15c,12,2.473978213965893,0.5222760587930679,False
JOB,15c,11,2.473978213965893,0.5331846103072166,False
JOB,15c,10,2.473978213965893,0.5442909598350525,False
JOB,15c,9,2.473978213965893,2.473978213965893,True
JOB,15c,8,2.473978213965893,2.473978213965893,True
JOB,15c,7,2.473978213965893,2.473978213965893,True
JOB,15c,6,2.473978213965893,2.473978213965893,True
JOB,15c,5,2.473978213965893,2.473978213965893,True
JOB,15c,4,2.473978213965893,2.473978213965893,True
JOB,15c,3,2.473978213965893,0.5316265448927879,False
JOB,15c,2,2.473978213965893,0.5364090204238892,False
JOB,15c,1,2.473978213965893,2.473978213965893,True
JOB,15c,0,2.473978213965893,2.473978213965893,True
JOB,15d,63,3.05083729326725,0.6881056949496269,False
JOB,15d,62,3.05083729326725,0.6672792285680771,False
JOB,15d,61,3.05083729326725,0.6642548739910126,False
JOB,15d,60,3.05083729326725,0.6659689694643021,False
JOB,15d,59,3.05083729326725,0.49175646156072617,False
JOB,15d,58,3.05083729326725,0.49259867519140244,False
JOB,15d,57,3.05083729326725,3.05083729326725,True
JOB,15d,56,3.05083729326725,3.05083729326725,True
JOB,15d,55,3.05083729326725,2.5305870920419693,False
JOB,15d,54,3.05083729326725,2.539602853357792,False
JOB,15d,53,3.05083729326725,3.05083729326725,True
JOB,15d,52,3.05083729326725,3.05083729326725,True
JOB,15d,51,3.05083729326725,2.547974817454815,False
JOB,15d,50,3.05083729326725,2.536446198821068,False
JOB,15d,49,3.05083729326725,3.05083729326725,True
JOB,15d,48,3.05083729326725,3.05083729326725,True
JOB,15d,47,3.05083729326725,0.6676675900816917,False
JOB,15d,46,3.05083729326725,0.6766457334160805,False
JOB,15d,45,3.05083729326725,0.6653920412063599,False
JOB,15d,44,3.05083729326725,0.6617577895522118,False
JOB,15d,43,3.05083729326725,0.490026094019413,False
JOB,15d,42,3.05083729326725,0.48879697173833847,False
JOB,15d,41,3.05083729326725,3.05083729326725,True
JOB,15d,40,3.05083729326725,3.05083729326725,True
JOB,15d,39,3.05083729326725,2.544044978916645,False
JOB,15d,38,3.05083729326725,2.5244847238063812,False
JOB,15d,37,3.05083729326725,3.05083729326725,True
JOB,15d,36,3.05083729326725,3.05083729326725,True
JOB,15d,35,3.05083729326725,2.5849398747086525,False
JOB,15d,34,3.05083729326725,2.561122454702854,False
JOB,15d,33,3.05083729326725,3.05083729326725,True
JOB,15d,32,3.05083729326725,3.05083729326725,True
JOB,15d,31,3.05083729326725,0.6695036515593529,False
JOB,15d,30,3.05083729326725,0.6862859278917313,False
JOB,15d,29,3.05083729326725,0.6673584431409836,False
JOB,15d,28,3.05083729326725,0.6652572825551033,False
JOB,15d,27,3.05083729326725,0.7169944643974304,False
JOB,15d,26,3.05083729326725,0.707106351852417,False
JOB,15d,25,3.05083729326725,3.05083729326725,True
JOB,15d,24,3.05083729326725,3.05083729326725,True
JOB,15d,23,3.05083729326725,3.05083729326725,True
JOB,15d,22,3.05083729326725,3.05083729326725,True
JOB,15d,21,3.05083729326725,3.05083729326725,True
JOB,15d,20,3.05083729326725,3.05083729326725,True
JOB,15d,19,3.05083729326725,3.05083729326725,True
JOB,15d,18,3.05083729326725,3.05083729326725,True
JOB,15d,17,3.05083729326725,3.05083729326725,True
JOB,15d,16,3.05083729326725,3.05083729326725,True
JOB,15d,15,3.05083729326725,0.6663075909018517,False
JOB,15d,14,3.05083729326725,0.6709597632288933,False
JOB,15d,13,3.05083729326725,0.66531752794981,False
JOB,15d,12,3.05083729326725,0.6617811918258667,False
JOB,15d,11,3.05083729326725,0.717778705060482,False
JOB,15d,10,3.05083729326725,0.7097196280956268,False
JOB,15d,9,3.05083729326725,3.05083729326725,True
JOB,15d,8,3.05083729326725,3.05083729326725,True
JOB,15d,7,3.05083729326725,3.05083729326725,True
JOB,15d,6,3.05083729326725,3.05083729326725,True
JOB,15d,5,3.05083729326725,3.05083729326725,True
JOB,15d,4,3.05083729326725,3.05083729326725,True
JOB,15d,3,3.05083729326725,0.7153852358460426,False
JOB,15d,2,3.05083729326725,0.7166671603918076,False
JOB,15d,1,3.05083729326725,3.05083729326725,True
JOB,15d,0,3.05083729326725,3.05083729326725,True
JOB,16a,63,0.605204738676548,0.1452164649963379,False
JOB,16a,62,0.605204738676548,0.1340780109167099,False
JOB,16a,61,0.605204738676548,0.18104378134012222,False
JOB,16a,60,0.605204738676548,0.16930128633975983,False
JOB,16a,59,0.605204738676548,0.15508724004030228,False
JOB,16a,58,0.605204738676548,0.15974698215723038,False
JOB,16a,57,0.605204738676548,0.605204738676548,True
JOB,16a,56,0.605204738676548,0.605204738676548,True
JOB,16a,55,0.605204738676548,0.605204738676548,True
JOB,16a,54,0.605204738676548,0.605204738676548,True
JOB,16a,53,0.605204738676548,0.605204738676548,True
JOB,16a,52,0.605204738676548,0.605204738676548,True
JOB,16a,51,0.605204738676548,0.605204738676548,True
JOB,16a,50,0.605204738676548,0.605204738676548,True
JOB,16a,49,0.605204738676548,0.605204738676548,True
JOB,16a,48,0.605204738676548,0.605204738676548,True
JOB,16a,47,0.605204738676548,0.14273247122764587,False
JOB,16a,46,0.605204738676548,0.13194596022367477,False
JOB,16a,45,0.605204738676548,0.1746363863348961,False
JOB,16a,44,0.605204738676548,0.1686435341835022,False
JOB,16a,43,0.605204738676548,0.1495295763015747,False
JOB,16a,42,0.605204738676548,0.14964979887008667,False
JOB,16a,41,0.605204738676548,0.605204738676548,True
JOB,16a,40,0.605204738676548,0.605204738676548,True
JOB,16a,39,0.605204738676548,0.605204738676548,True
JOB,16a,38,0.605204738676548,0.605204738676548,True
JOB,16a,37,0.605204738676548,0.605204738676548,True
JOB,16a,36,0.605204738676548,0.605204738676548,True
JOB,16a,35,0.605204738676548,0.605204738676548,True
JOB,16a,34,0.605204738676548,0.605204738676548,True
JOB,16a,33,0.605204738676548,0.605204738676548,True
JOB,16a,32,0.605204738676548,0.605204738676548,True
JOB,16a,31,0.605204738676548,0.13706038892269135,False
JOB,16a,30,0.605204738676548,0.1342436447739601,False
JOB,16a,29,0.605204738676548,0.17110509425401688,False
JOB,16a,28,0.605204738676548,0.1698010489344597,False
JOB,16a,27,0.605204738676548,0.16278482228517532,False
JOB,16a,26,0.605204738676548,0.15206539630889893,False
JOB,16a,25,0.605204738676548,0.605204738676548,True
JOB,16a,24,0.605204738676548,0.605204738676548,True
JOB,16a,23,0.605204738676548,0.605204738676548,True
JOB,16a,22,0.605204738676548,0.605204738676548,True
JOB,16a,21,0.605204738676548,0.605204738676548,True
JOB,16a,20,0.605204738676548,0.605204738676548,True
JOB,16a,19,0.605204738676548,0.605204738676548,True
JOB,16a,18,0.605204738676548,0.605204738676548,True
JOB,16a,17,0.605204738676548,0.605204738676548,True
JOB,16a,16,0.605204738676548,0.605204738676548,True
JOB,16a,15,0.605204738676548,0.1320422887802124,False
JOB,16a,14,0.605204738676548,0.13060513138771057,False
JOB,16a,13,0.605204738676548,0.16447098553180695,False
JOB,16a,12,0.605204738676548,0.1658625602722168,False
JOB,16a,11,0.605204738676548,0.1468016281723976,False
JOB,16a,10,0.605204738676548,0.15924987196922302,False
JOB,16a,9,0.605204738676548,0.605204738676548,True
JOB,16a,8,0.605204738676548,0.605204738676548,True
JOB,16a,7,0.605204738676548,0.605204738676548,True
JOB,16a,6,0.605204738676548,0.605204738676548,True
JOB,16a,5,0.605204738676548,0.605204738676548,True
JOB,16a,4,0.605204738676548,0.605204738676548,True
JOB,16a,3,0.605204738676548,0.1514209359884262,False
JOB,16a,2,0.605204738676548,0.15123356133699417,False
JOB,16a,1,0.605204738676548,0.605204738676548,True
JOB,16a,0,0.605204738676548,0.605204738676548,True
JOB,16b,63,75.12904282659292,15.548461712896824,False
JOB,16b,62,75.12904282659292,14.363123752176762,False
JOB,16b,61,75.12904282659292,14.5834566578269,False
JOB,16b,60,75.12904282659292,14.133110389113426,False
JOB,16b,59,75.12904282659292,18.40780383348465,False
JOB,16b,58,75.12904282659292,18.530358709394932,False
JOB,16b,57,75.12904282659292,20.689929768443108,False
JOB,16b,56,75.12904282659292,20.597277462482452,False
JOB,16b,55,75.12904282659292,9.767522603273392,False
JOB,16b,54,75.12904282659292,9.366471849381924,False
JOB,16b,53,75.12904282659292,14.511381037533283,False
JOB,16b,52,75.12904282659292,14.27616023272276,False
JOB,16b,51,75.12904282659292,9.404610835015774,False
JOB,16b,50,75.12904282659292,9.395306900143623,False
JOB,16b,49,75.12904282659292,27.439505234360695,False
JOB,16b,48,75.12904282659292,27.466993518173695,False
JOB,16b,47,75.12904282659292,14.49742004275322,False
JOB,16b,46,75.12904282659292,14.183166272938251,False
JOB,16b,45,75.12904282659292,14.588037803769112,False
JOB,16b,44,75.12904282659292,14.167474180459976,False
JOB,16b,43,75.12904282659292,18.42520920187235,False
JOB,16b,42,75.12904282659292,18.399252951145172,False
JOB,16b,41,75.12904282659292,20.555532969534397,False
JOB,16b,40,75.12904282659292,20.607741706073284,False
JOB,16b,39,75.12904282659292,9.40231204777956,False
JOB,16b,38,75.12904282659292,9.391152404248714,False
JOB,16b,37,75.12904282659292,16.05729430168867,False
JOB,16b,36,75.12904282659292,16.315073311328888,False
JOB,16b,35,75.12904282659292,9.284569792449474,False
JOB,16b,34,75.12904282659292,9.317641288042068,False
JOB,16b,33,75.12904282659292,27.39390590786934,False
JOB,16b,32,75.12904282659292,27.6275220438838,False
JOB,16b,31,75.12904282659292,14.332272075116634,False
JOB,16b,30,75.12904282659292,14.057517439126968,False
JOB,16b,29,75.12904282659292,14.41857973486185,False
JOB,16b,28,75.12904282659292,14.06371145695448,False
JOB,16b,27,75.12904282659292,18.568431042134762,False
JOB,16b,26,75.12904282659292,18.60200836509466,False
JOB,16b,25,75.12904282659292,20.558830194175243,False
JOB,16b,24,75.12904282659292,20.69861338287592,False
JOB,16b,23,75.12904282659292,30.709653332829475,False
JOB,16b,22,75.12904282659292,30.06296107172966,False
JOB,16b,21,75.12904282659292,30.708526641130447,False
JOB,16b,20,75.12904282659292,30.761661291122437,False
JOB,16b,19,75.12904282659292,22.408700168132782,False
JOB,16b,18,75.12904282659292,22.508999280631542,False
JOB,16b,17,75.12904282659292,27.466230116784573,False
JOB,16b,16,75.12904282659292,27.447251059114933,False
JOB,16b,15,75.12904282659292,14.484739780426025,False
JOB,16b,14,75.12904282659292,14.102358601987362,False
JOB,16b,13,75.12904282659292,14.540761657059193,False
JOB,16b,12,75.12904282659292,14.191352523863316,False
JOB,16b,11,75.12904282659292,18.382509157061577,False
JOB,16b,10,75.12904282659292,18.406161777675152,False
JOB,16b,9,75.12904282659292,20.583726949989796,False
JOB,16b,8,75.12904282659292,20.694879911839962,False
JOB,16b,7,75.12904282659292,20.24659848958254,False
JOB,16b,6,75.12904282659292,19.159010663628578,False
JOB,16b,5,75.12904282659292,20.393790438771248,False
JOB,16b,4,75.12904282659292,19.145545572042465,False
JOB,16b,3,75.12904282659292,18.80338215827942,False
JOB,16b,2,75.12904282659292,18.77044028043747,False
JOB,16b,1,75.12904282659292,27.46906303614378,False
JOB,16b,0,75.12904282659292,27.384748816490173,False
JOB,16c,63,6.246003471314907,1.2545545101165771,False
JOB,16c,62,6.246003471314907,1.1880209222435951,False
JOB,16c,61,6.246003471314907,1.2563340663909912,False
JOB,16c,60,6.246003471314907,1.22818972915411,False
JOB,16c,59,6.246003471314907,1.5824255794286728,False
JOB,16c,58,6.246003471314907,1.596001736819744,False
JOB,16c,57,6.246003471314907,6.246003471314907,True
JOB,16c,56,6.246003471314907,6.246003471314907,True
JOB,16c,55,6.246003471314907,5.714244440197945,False
JOB,16c,54,6.246003471314907,5.690725326538086,False
JOB,16c,53,6.246003471314907,6.246003471314907,True
JOB,16c,52,6.246003471314907,6.246003471314907,True
JOB,16c,51,6.246003471314907,5.687292777001858,False
JOB,16c,50,6.246003471314907,5.671115197241306,False
JOB,16c,49,6.246003471314907,6.246003471314907,True
JOB,16c,48,6.246003471314907,6.246003471314907,True
JOB,16c,47,6.246003471314907,1.2134575694799423,False
JOB,16c,46,6.246003471314907,1.182798981666565,False
JOB,16c,45,6.246003471314907,1.2577221542596817,False
JOB,16c,44,6.246003471314907,1.229716643691063,False
JOB,16c,43,6.246003471314907,1.5872435420751572,False
JOB,16c,42,6.246003471314907,1.5738495364785194,False
JOB,16c,41,6.246003471314907,6.246003471314907,True
JOB,16c,40,6.246003471314907,6.246003471314907,True
JOB,16c,39,6.246003471314907,5.678517319262028,False
JOB,16c,38,6.246003471314907,5.671779237687588,False
JOB,16c,37,6.246003471314907,6.246003471314907,True
JOB,16c,36,6.246003471314907,6.246003471314907,True
JOB,16c,35,6.246003471314907,5.807150438427925,False
JOB,16c,34,6.246003471314907,5.67695102840662,False
JOB,16c,33,6.246003471314907,6.246003471314907,True
JOB,16c,32,6.246003471314907,6.246003471314907,True
JOB,16c,31,6.246003471314907,1.2213232144713402,False
JOB,16c,30,6.246003471314907,1.194227822124958,False
JOB,16c,29,6.246003471314907,1.2588744089007378,False
JOB,16c,28,6.246003471314907,1.2224961146712303,False
JOB,16c,27,6.246003471314907,1.5707379281520844,False
JOB,16c,26,6.246003471314907,1.5854635909199715,False
JOB,16c,25,6.246003471314907,6.246003471314907,True
JOB,16c,24,6.246003471314907,6.246003471314907,True
JOB,16c,23,6.246003471314907,6.246003471314907,True
JOB,16c,22,6.246003471314907,6.246003471314907,True
JOB,16c,21,6.246003471314907,6.246003471314907,True
JOB,16c,20,6.246003471314907,6.246003471314907,True
JOB,16c,19,6.246003471314907,6.246003471314907,True
JOB,16c,18,6.246003471314907,6.246003471314907,True
JOB,16c,17,6.246003471314907,6.246003471314907,True
JOB,16c,16,6.246003471314907,6.246003471314907,True
JOB,16c,15,6.246003471314907,1.2113329693675041,False
JOB,16c,14,6.246003471314907,1.1858009472489357,False
JOB,16c,13,6.246003471314907,1.2710768207907677,False
JOB,16c,12,6.246003471314907,1.2318729236721992,False
JOB,16c,11,6.246003471314907,1.5906114503741264,False
JOB,16c,10,6.246003471314907,1.6009346917271614,False
JOB,16c,9,6.246003471314907,6.246003471314907,True
JOB,16c,8,6.246003471314907,6.246003471314907,True
JOB,16c,7,6.246003471314907,6.246003471314907,True
JOB,16c,6,6.246003471314907,6.246003471314907,True
JOB,16c,5,6.246003471314907,6.246003471314907,True
JOB,16c,4,6.246003471314907,6.246003471314907,True
JOB,16c,3,6.246003471314907,1.585996150970459,False
JOB,16c,2,6.246003471314907,1.599524311721325,False
JOB,16c,1,6.246003471314907,6.246003471314907,True
JOB,16c,0,6.246003471314907,6.246003471314907,True
JOB,16d,63,5.0442935526371,0.9754030555486679,False
JOB,16d,62,5.0442935526371,0.9405245557427406,False
JOB,16d,61,5.0442935526371,1.0060848891735077,False
JOB,16d,60,5.0442935526371,0.9860383570194244,False
JOB,16d,59,5.0442935526371,1.251395359635353,False
JOB,16d,58,5.0442935526371,1.2480592653155327,False
JOB,16d,57,5.0442935526371,5.0442935526371,True
JOB,16d,56,5.0442935526371,5.0442935526371,True
JOB,16d,55,5.0442935526371,5.0442935526371,True
JOB,16d,54,5.0442935526371,5.0442935526371,True
JOB,16d,53,5.0442935526371,5.0442935526371,True
JOB,16d,52,5.0442935526371,5.0442935526371,True
JOB,16d,51,5.0442935526371,5.0442935526371,True
JOB,16d,50,5.0442935526371,5.0442935526371,True
JOB,16d,49,5.0442935526371,5.0442935526371,True
JOB,16d,48,5.0442935526371,5.0442935526371,True
JOB,16d,47,5.0442935526371,0.9573214054107666,False
JOB,16d,46,5.0442935526371,0.9533112570643425,False
JOB,16d,45,5.0442935526371,1.0073745921254158,False
JOB,16d,44,5.0442935526371,0.9730557352304459,False
JOB,16d,43,5.0442935526371,1.2430244237184525,False
JOB,16d,42,5.0442935526371,1.2319674864411354,False
JOB,16d,41,5.0442935526371,5.0442935526371,True
JOB,16d,40,5.0442935526371,5.0442935526371,True
JOB,16d,39,5.0442935526371,5.0442935526371,True
JOB,16d,38,5.0442935526371,5.0442935526371,True
JOB,16d,37,5.0442935526371,5.0442935526371,True
JOB,16d,36,5.0442935526371,5.0442935526371,True
JOB,16d,35,5.0442935526371,5.0442935526371,True
JOB,16d,34,5.0442935526371,5.0442935526371,True
JOB,16d,33,5.0442935526371,5.0442935526371,True
JOB,16d,32,5.0442935526371,5.0442935526371,True
JOB,16d,31,5.0442935526371,0.974419929087162,False
JOB,16d,30,5.0442935526371,0.94689030200243,False
JOB,16d,29,5.0442935526371,0.9997287169098854,False
JOB,16d,28,5.0442935526371,0.972440667450428,False
JOB,16d,27,5.0442935526371,1.2533286660909653,False
JOB,16d,26,5.0442935526371,1.256529413163662,False
JOB,16d,25,5.0442935526371,5.0442935526371,True
JOB,16d,24,5.0442935526371,5.0442935526371,True
JOB,16d,23,5.0442935526371,5.0442935526371,True
JOB,16d,22,5.0442935526371,5.0442935526371,True
JOB,16d,21,5.0442935526371,5.0442935526371,True
JOB,16d,20,5.0442935526371,5.0442935526371,True
JOB,16d,19,5.0442935526371,5.0442935526371,True
JOB,16d,18,5.0442935526371,5.0442935526371,True
JOB,16d,17,5.0442935526371,5.0442935526371,True
JOB,16d,16,5.0442935526371,5.0442935526371,True
JOB,16d,15,5.0442935526371,0.9739364460110664,False
JOB,16d,14,5.0442935526371,0.965442344546318,False
JOB,16d,13,5.0442935526371,1.008244052529335,False
JOB,16d,12,5.0442935526371,0.9695276468992233,False
JOB,16d,11,5.0442935526371,1.2435550764203072,False
JOB,16d,10,5.0442935526371,1.2588217705488205,False
JOB,16d,9,5.0442935526371,5.0442935526371,True
JOB,16d,8,5.0442935526371,5.0442935526371,True
JOB,16d,7,5.0442935526371,5.0442935526371,True
JOB,16d,6,5.0442935526371,5.0442935526371,True
JOB,16d,5,5.0442935526371,5.0442935526371,True
JOB,16d,4,5.0442935526371,5.0442935526371,True
JOB,16d,3,5.0442935526371,1.255033977329731,False
JOB,16d,2,5.0442935526371,1.2538464963436127,False
JOB,16d,1,5.0442935526371,5.0442935526371,True
JOB,16d,0,5.0442935526371,5.0442935526371,True
JOB,17a,63,41.69724855571985,8.008784160017967,False
JOB,17a,62,41.69724855571985,7.647962674498558,False
JOB,17a,61,41.69724855571985,8.056308209896088,False
JOB,17a,60,41.69724855571985,7.720502592623234,False
JOB,17a,59,41.69724855571985,9.695260517299175,False
JOB,17a,58,41.69724855571985,9.64566170424223,False
JOB,17a,57,41.69724855571985,11.687990061938763,False
JOB,17a,56,41.69724855571985,11.6940523609519,False
JOB,17a,55,41.69724855571985,5.815210312604904,False
JOB,17a,54,41.69724855571985,5.8335782289505005,False
JOB,17a,53,41.69724855571985,11.434639692306519,False
JOB,17a,52,41.69724855571985,11.506253577768803,False
JOB,17a,51,41.69724855571985,5.830413490533829,False
JOB,17a,50,41.69724855571985,5.882101453840733,False
JOB,17a,49,41.69724855571985,12.221937455236912,False
JOB,17a,48,41.69724855571985,12.2097821906209,False
JOB,17a,47,41.69724855571985,8.038367576897144,False
JOB,17a,46,41.69724855571985,7.639197878539562,False
JOB,17a,45,41.69724855571985,8.032164938747883,False
JOB,17a,44,41.69724855571985,7.643322594463825,False
JOB,17a,43,41.69724855571985,9.613464243710041,False
JOB,17a,42,41.69724855571985,9.631249815225601,False
JOB,17a,41,41.69724855571985,11.682677447795868,False
JOB,17a,40,41.69724855571985,11.68237342685461,False
JOB,17a,39,41.69724855571985,5.843180060386658,False
JOB,17a,38,41.69724855571985,5.856594800949097,False
JOB,17a,37,41.69724855571985,12.496747896075249,False
JOB,17a,36,41.69724855571985,12.424058057367802,False
JOB,17a,35,41.69724855571985,5.8481355383992195,False
JOB,17a,34,41.69724855571985,5.837642155587673,False
JOB,17a,33,41.69724855571985,12.198496416211128,False
JOB,17a,32,41.69724855571985,12.21014528721571,False
JOB,17a,31,41.69724855571985,8.014397092163563,False
JOB,17a,30,41.69724855571985,7.654354549944401,False
JOB,17a,29,41.69724855571985,8.036347508430481,False
JOB,17a,28,41.69724855571985,7.704543888568878,False
JOB,17a,27,41.69724855571985,9.643851675093174,False
JOB,17a,26,41.69724855571985,9.612451553344727,False
JOB,17a,25,41.69724855571985,11.703669227659702,False
JOB,17a,24,41.69724855571985,11.685448408126831,False
JOB,17a,23,41.69724855571985,26.822532065212727,False
JOB,17a,22,41.69724855571985,26.023683443665504,False
JOB,17a,21,41.69724855571985,28.750522173941135,False
JOB,17a,20,41.69724855571985,27.929681539535522,False
JOB,17a,19,41.69724855571985,19.433853313326836,False
JOB,17a,18,41.69724855571985,19.430965922772884,False
JOB,17a,17,41.69724855571985,12.117374159395695,False
JOB,17a,16,41.69724855571985,12.15819527208805,False
JOB,17a,15,41.69724855571985,7.959054581820965,False
JOB,17a,14,41.69724855571985,7.576038405299187,False
JOB,17a,13,41.69724855571985,7.961810424923897,False
JOB,17a,12,41.69724855571985,7.5908178165555,False
JOB,17a,11,41.69724855571985,10.452391810715199,False
JOB,17a,10,41.69724855571985,10.541302785277367,False
JOB,17a,9,41.69724855571985,12.744016408920288,False
JOB,17a,8,41.69724855571985,12.67821166664362,False
JOB,17a,7,41.69724855571985,9.989009849727154,False
JOB,17a,6,41.69724855571985,9.545796141028404,False
JOB,17a,5,41.69724855571985,9.957234047353268,False
JOB,17a,4,41.69724855571985,9.594478070735931,False
JOB,17a,3,41.69724855571985,10.625127017498016,False
JOB,17a,2,41.69724855571985,10.596737891435623,False
JOB,17a,1,41.69724855571985,13.022213354706764,False
JOB,17a,0,41.69724855571985,12.986524380743504,False
JOB,17b,63,23.098868317902088,4.8725945353508,False
JOB,17b,62,23.098868317902088,4.9819121435284615,False
JOB,17b,61,23.098868317902088,5.138432256877422,False
JOB,17b,60,23.098868317902088,4.990625210106373,False
JOB,17b,59,23.098868317902088,5.90166711807251,False
JOB,17b,58,23.098868317902088,5.932314015924931,False
JOB,17b,57,23.098868317902088,8.009914591908455,False
JOB,17b,56,23.098868317902088,8.112619407474995,False
JOB,17b,55,23.098868317902088,5.215256251394749,False
JOB,17b,54,23.098868317902088,4.800563365221024,False
JOB,17b,53,23.098868317902088,10.53372161835432,False
JOB,17b,52,23.098868317902088,10.403522185981274,False
JOB,17b,51,23.098868317902088,4.794869214296341,False
JOB,17b,50,23.098868317902088,4.799918912351131,False
JOB,17b,49,23.098868317902088,7.935166053473949,False
JOB,17b,48,23.098868317902088,7.934148266911507,False
JOB,17b,47,23.098868317902088,5.051928363740444,False
JOB,17b,46,23.098868317902088,4.955174066126347,False
JOB,17b,45,23.098868317902088,5.228267036378384,False
JOB,17b,44,23.098868317902088,5.068910084664822,False
JOB,17b,43,23.098868317902088,5.85269583016634,False
JOB,17b,42,23.098868317902088,5.868271768093109,False
JOB,17b,41,23.098868317902088,8.097670078277588,False
JOB,17b,40,23.098868317902088,8.076012827455997,False
JOB,17b,39,23.098868317902088,4.901773512363434,False
JOB,17b,38,23.098868317902088,4.8658958077430725,False
JOB,17b,37,23.098868317902088,11.403749652206898,False
JOB,17b,36,23.098868317902088,11.346969433128834,False
JOB,17b,35,23.098868317902088,4.866151928901672,False
JOB,17b,34,23.098868317902088,4.965334057807922,False
JOB,17b,33,23.098868317902088,8.026703141629696,False
JOB,17b,32,23.098868317902088,8.062951542437077,False
JOB,17b,31,23.098868317902088,5.119288630783558,False
JOB,17b,30,23.098868317902088,5.022204786539078,False
JOB,17b,29,23.098868317902088,5.207103617489338,False
JOB,17b,28,23.098868317902088,5.050129048526287,False
JOB,17b,27,23.098868317902088,5.85230004042387,False
JOB,17b,26,23.098868317902088,5.855136565864086,False
JOB,17b,25,23.098868317902088,8.013414435088634,False
JOB,17b,24,23.098868317902088,7.996373265981674,False
JOB,17b,23,23.098868317902088,8.591018289327621,False
JOB,17b,22,23.098868317902088,8.494378939270973,False
JOB,17b,21,23.098868317902088,10.245416767895222,False
JOB,17b,20,23.098868317902088,9.75999217480421,False
JOB,17b,19,23.098868317902088,21.67086224257946,False
JOB,17b,18,23.098868317902088,21.804485760629177,False
JOB,17b,17,23.098868317902088,7.462940469384193,False
JOB,17b,16,23.098868317902088,7.0698549672961235,False
JOB,17b,15,23.098868317902088,4.224367633461952,False
JOB,17b,14,23.098868317902088,4.108681485056877,False
JOB,17b,13,23.098868317902088,4.295161664485931,False
JOB,17b,12,23.098868317902088,4.126514740288258,False
JOB,17b,11,23.098868317902088,4.909380324184895,False
JOB,17b,10,23.098868317902088,4.9191117733716965,False
JOB,17b,9,23.098868317902088,7.03801766782999,False
JOB,17b,8,23.098868317902088,7.032314449548721,False
JOB,17b,7,23.098868317902088,5.179023936390877,False
JOB,17b,6,23.098868317902088,5.071799881756306,False
JOB,17b,5,23.098868317902088,5.2875941172242165,False
JOB,17b,4,23.098868317902088,5.128917872905731,False
JOB,17b,3,23.098868317902088,4.941132798790932,False
JOB,17b,2,23.098868317902088,4.973408780992031,False
JOB,17b,1,23.098868317902088,7.075689077377319,False
JOB,17b,0,23.098868317902088,7.082798719406128,False
JOB,17c,63,22.418263033032417,4.0670323222875595,False
JOB,17c,62,22.418263033032417,3.9566200375556946,False
JOB,17c,61,22.418263033032417,4.105458587408066,False
JOB,17c,60,22.418263033032417,3.96208169311285,False
JOB,17c,59,22.418263033032417,4.720560610294342,False
JOB,17c,58,22.418263033032417,4.699348375201225,False
JOB,17c,57,22.418263033032417,6.748809866607189,False
JOB,17c,56,22.418263033032417,6.770957671105862,False
JOB,17c,55,22.418263033032417,4.686631202697754,False
JOB,17c,54,22.418263033032417,4.698556683957577,False
JOB,17c,53,22.418263033032417,10.863554283976555,False
JOB,17c,52,22.418263033032417,10.81610233336687,False
JOB,17c,51,22.418263033032417,4.713492207229137,False
JOB,17c,50,22.418263033032417,4.728617995977402,False
JOB,17c,49,22.418263033032417,6.735196560621262,False
JOB,17c,48,22.418263033032417,7.089105725288391,False
JOB,17c,47,22.418263033032417,4.0379988849163055,False
JOB,17c,46,22.418263033032417,3.916006952524185,False
JOB,17c,45,22.418263033032417,4.082519195973873,False
JOB,17c,44,22.418263033032417,3.9482130333781242,False
JOB,17c,43,22.418263033032417,4.703823156654835,False
JOB,17c,42,22.418263033032417,4.7020686492323875,False
JOB,17c,41,22.418263033032417,6.716203302145004,False
JOB,17c,40,22.418263033032417,6.716594316065311,False
JOB,17c,39,22.418263033032417,4.714970462024212,False
JOB,17c,38,22.418263033032417,4.737764917314053,False
JOB,17c,37,22.418263033032417,11.440762661397457,False
JOB,17c,36,22.418263033032417,11.289731033146381,False
JOB,17c,35,22.418263033032417,4.702142305672169,False
JOB,17c,34,22.418263033032417,4.711303614079952,False
JOB,17c,33,22.418263033032417,6.751462146639824,False
JOB,17c,32,22.418263033032417,6.76266735047102,False
JOB,17c,31,22.418263033032417,4.041208416223526,False
JOB,17c,30,22.418263033032417,3.9632232785224915,False
JOB,17c,29,22.418263033032417,4.082588158547878,False
JOB,17c,28,22.418263033032417,3.9518704414367676,False
JOB,17c,27,22.418263033032417,4.7120363265275955,False
JOB,17c,26,22.418263033032417,4.681404955685139,False
JOB,17c,25,22.418263033032417,6.7263045608997345,False
JOB,17c,24,22.418263033032417,6.7586188688874245,False
JOB,17c,23,22.418263033032417,8.79190681874752,False
JOB,17c,22,22.418263033032417,8.449407055974007,False
JOB,17c,21,22.418263033032417,9.995118632912636,False
JOB,17c,20,22.418263033032417,9.950930073857307,False
JOB,17c,19,22.418263033032417,21.46797325462103,False
JOB,17c,18,22.418263033032417,21.57072512805462,False
JOB,17c,17,22.418263033032417,6.728058688342571,False
JOB,17c,16,22.418263033032417,6.736186236143112,False
JOB,17c,15,22.418263033032417,4.0280342400074005,False
JOB,17c,14,22.418263033032417,3.9216807782649994,False
JOB,17c,13,22.418263033032417,4.064762234687805,False
JOB,17c,12,22.418263033032417,3.9356482923030853,False
JOB,17c,11,22.418263033032417,4.713535204529762,False
JOB,17c,10,22.418263033032417,4.688165932893753,False
JOB,17c,9,22.418263033032417,6.699431277811527,False
JOB,17c,8,22.418263033032417,6.709818035364151,False
JOB,17c,7,22.418263033032417,5.139486223459244,False
JOB,17c,6,22.418263033032417,4.842393212020397,False
JOB,17c,5,22.418263033032417,4.980932310223579,False
JOB,17c,4,22.418263033032417,4.884232297539711,False
JOB,17c,3,22.418263033032417,4.675422556698322,False
JOB,17c,2,22.418263033032417,4.6967592388391495,False
JOB,17c,1,22.418263033032417,6.725914403796196,False
JOB,17c,0,22.418263033032417,6.703445419669151,False
JOB,17d,63,21.081597916781902,4.134735889732838,False
JOB,17d,62,21.081597916781902,4.012248530983925,False
JOB,17d,61,21.081597916781902,4.194964274764061,False
JOB,17d,60,21.081597916781902,4.067483216524124,False
JOB,17d,59,21.081597916781902,4.807726196944714,False
JOB,17d,58,21.081597916781902,4.787326835095882,False
JOB,17d,57,21.081597916781902,6.829047314822674,False
JOB,17d,56,21.081597916781902,6.848101116716862,False
JOB,17d,55,21.081597916781902,4.866585589945316,False
JOB,17d,54,21.081597916781902,4.88964919000864,False
JOB,17d,53,21.081597916781902,10.867802008986473,False
JOB,17d,52,21.081597916781902,10.797865189611912,False
JOB,17d,51,21.081597916781902,4.861843958497047,False
JOB,17d,50,21.081597916781902,4.881139740347862,False
JOB,17d,49,21.081597916781902,6.818894699215889,False
JOB,17d,48,21.081597916781902,6.887858867645264,False
JOB,17d,47,21.081597916781902,4.128419958055019,False
JOB,17d,46,21.081597916781902,4.023143768310547,False
JOB,17d,45,21.081597916781902,4.199015520513058,False
JOB,17d,44,21.081597916781902,4.057445205748081,False
JOB,17d,43,21.081597916781902,4.810679636895657,False
JOB,17d,42,21.081597916781902,4.839359253644943,False
JOB,17d,41,21.081597916781902,6.83831749111414,False
JOB,17d,40,21.081597916781902,6.868685431778431,False
JOB,17d,39,21.081597916781902,4.882831826806068,False
JOB,17d,38,21.081597916781902,4.891984708607197,False
JOB,17d,37,21.081597916781902,11.481098145246506,False
JOB,17d,36,21.081597916781902,11.31705006211996,False
JOB,17d,35,21.081597916781902,4.878762386739254,False
JOB,17d,34,21.081597916781902,4.909519091248512,False
JOB,17d,33,21.081597916781902,6.858870171010494,False
JOB,17d,32,21.081597916781902,6.885488659143448,False
JOB,17d,31,21.081597916781902,4.162079885601997,False
JOB,17d,30,21.081597916781902,4.025151476264,False
JOB,17d,29,21.081597916781902,4.200906306505203,False
JOB,17d,28,21.081597916781902,4.081178702414036,False
JOB,17d,27,21.081597916781902,4.86043906211853,False
JOB,17d,26,21.081597916781902,4.828332796692848,False
JOB,17d,25,21.081597916781902,6.8522040620446205,False
JOB,17d,24,21.081597916781902,6.863507464528084,False
JOB,17d,23,21.081597916781902,8.78383694589138,False
JOB,17d,22,21.081597916781902,9.057984754443169,False
JOB,17d,21,21.081597916781902,10.22808276116848,False
JOB,17d,20,21.081597916781902,9.812430277466774,False
JOB,17d,19,21.081597916781902,21.081597916781902,True
JOB,17d,18,21.081597916781902,21.081597916781902,True
JOB,17d,17,21.081597916781902,6.877815738320351,False
JOB,17d,16,21.081597916781902,6.866419218480587,False
JOB,17d,15,21.081597916781902,4.116669952869415,False
JOB,17d,14,21.081597916781902,4.015928007662296,False
JOB,17d,13,21.081597916781902,4.176359474658966,False
JOB,17d,12,21.081597916781902,4.049704499542713,False
JOB,17d,11,21.081597916781902,4.815462090075016,False
JOB,17d,10,21.081597916781902,4.82221395522356,False
JOB,17d,9,21.081597916781902,6.818970121443272,False
JOB,17d,8,21.081597916781902,6.8566762655973434,False
JOB,17d,7,21.081597916781902,5.054003298282623,False
JOB,17d,6,21.081597916781902,4.932958200573921,False
JOB,17d,5,21.081597916781902,5.128226190805435,False
JOB,17d,4,21.081597916781902,4.983826741576195,False
JOB,17d,3,21.081597916781902,4.784476786851883,False
JOB,17d,2,21.081597916781902,4.816724576056004,False
JOB,17d,1,21.081597916781902,6.815680883824825,False
JOB,17d,0,21.081597916781902,6.842145584523678,False
JOB,17e,63,39.06756613403559,7.742592804133892,False
JOB,17e,62,39.06756613403559,7.44158411026001,False
JOB,17e,61,39.06756613403559,7.718803100287914,False
JOB,17e,60,39.06756613403559,7.4051322638988495,False
JOB,17e,59,39.06756613403559,9.734717771410942,False
JOB,17e,58,39.06756613403559,9.760956324636936,False
JOB,17e,57,39.06756613403559,11.740965485572815,False
JOB,17e,56,39.06756613403559,11.763753198087215,False
JOB,17e,55,39.06756613403559,7.22930496186018,False
JOB,17e,54,39.06756613403559,7.292978838086128,False
JOB,17e,53,39.06756613403559,14.163609310984612,False
JOB,17e,52,39.06756613403559,14.079798229038715,False
JOB,17e,51,39.06756613403559,7.235718727111816,False
JOB,17e,50,39.06756613403559,7.2275324538350105,False
JOB,17e,49,39.06756613403559,16.78614042699337,False
JOB,17e,48,39.06756613403559,16.74478507041931,False
JOB,17e,47,39.06756613403559,7.704619862139225,False
JOB,17e,46,39.06756613403559,7.376133553683758,False
JOB,17e,45,39.06756613403559,7.71423976123333,False
JOB,17e,44,39.06756613403559,7.398893639445305,False
JOB,17e,43,39.06756613403559,9.687186434864998,False
JOB,17e,42,39.06756613403559,9.694138154387474,False
JOB,17e,41,39.06756613403559,11.79246275126934,False
JOB,17e,40,39.06756613403559,11.720469817519188,False
JOB,17e,39,39.06756613403559,7.315487489104271,False
JOB,17e,38,39.06756613403559,7.272877968847752,False
JOB,17e,37,39.06756613403559,14.05787531286478,False
JOB,17e,36,39.06756613403559,14.044174283742905,False
JOB,17e,35,39.06756613403559,7.322390802204609,False
JOB,17e,34,39.06756613403559,7.291896417737007,False
JOB,17e,33,39.06756613403559,16.84485350549221,False
JOB,17e,32,39.06756613403559,16.830692894756794,False
JOB,17e,31,39.06756613403559,7.719694659113884,False
JOB,17e,30,39.06756613403559,7.412106215953827,False
JOB,17e,29,39.06756613403559,7.726748399436474,False
JOB,17e,28,39.06756613403559,7.389950841665268,False
JOB,17e,27,39.06756613403559,9.713573910295963,False
JOB,17e,26,39.06756613403559,9.715285830199718,False
JOB,17e,25,39.06756613403559,11.68457954376936,False
JOB,17e,24,39.06756613403559,11.712019599974155,False
JOB,17e,23,39.06756613403559,28.487661071121693,False
JOB,17e,22,39.06756613403559,27.53960406780243,False
JOB,17e,21,39.06756613403559,28.715322144329548,False
JOB,17e,20,39.06756613403559,28.074167639017105,False
JOB,17e,19,39.06756613403559,21.041182100772858,False
JOB,17e,18,39.06756613403559,20.97064770013094,False
JOB,17e,17,39.06756613403559,16.78458298742771,False
JOB,17e,16,39.06756613403559,16.841561138629913,False
JOB,17e,15,39.06756613403559,7.654598772525787,False
JOB,17e,14,39.06756613403559,7.3723970130085945,False
JOB,17e,13,39.06756613403559,7.740091554820538,False
JOB,17e,12,39.06756613403559,7.379314698278904,False
JOB,17e,11,39.06756613403559,9.724608637392521,False
JOB,17e,10,39.06756613403559,9.807903349399567,False
JOB,17e,9,39.06756613403559,11.760674364864826,False
JOB,17e,8,39.06756613403559,11.778116755187511,False
JOB,17e,7,39.06756613403559,12.486397549510002,False
JOB,17e,6,39.06756613403559,11.927748531103134,False
JOB,17e,5,39.06756613403559,12.611103862524033,False
JOB,17e,4,39.06756613403559,11.914963848888874,False
JOB,17e,3,39.06756613403559,9.812862619757652,False
JOB,17e,2,39.06756613403559,9.862890645861626,False
JOB,17e,1,39.06756613403559,16.90487550199032,False
JOB,17e,0,39.06756613403559,16.84780690819025,False
JOB,17f,63,34.17013946920633,6.3771244660019875,False
JOB,17f,62,34.17013946920633,6.110149435698986,False
JOB,17f,61,34.17013946920633,6.427556119859219,False
JOB,17f,60,34.17013946920633,6.151143029332161,False
JOB,17f,59,34.17013946920633,7.6551132798194885,False
JOB,17f,58,34.17013946920633,7.63701169192791,False
JOB,17f,57,34.17013946920633,11.973299711942673,False
JOB,17f,56,34.17013946920633,11.570595853030682,False
JOB,17f,55,34.17013946920633,6.514399267733097,False
JOB,17f,54,34.17013946920633,6.531980857253075,False
JOB,17f,53,34.17013946920633,12.946939997375011,False
JOB,17f,52,34.17013946920633,13.0028573051095,False
JOB,17f,51,34.17013946920633,6.538867726922035,False
JOB,17f,50,34.17013946920633,6.557581014931202,False
JOB,17f,49,34.17013946920633,11.584440477192402,False
JOB,17f,48,34.17013946920633,11.543281055986881,False
JOB,17f,47,34.17013946920633,6.277462176978588,False
JOB,17f,46,34.17013946920633,6.0330658331513405,False
JOB,17f,45,34.17013946920633,6.3369017243385315,False
JOB,17f,44,34.17013946920633,6.0700608640909195,False
JOB,17f,43,34.17013946920633,7.591644875705242,False
JOB,17f,42,34.17013946920633,7.5853748098015785,False
JOB,17f,41,34.17013946920633,11.54513343423605,False
JOB,17f,40,34.17013946920633,11.512514382600784,False
JOB,17f,39,34.17013946920633,6.536295585334301,False
JOB,17f,38,34.17013946920633,6.538129843771458,False
JOB,17f,37,34.17013946920633,13.080536767840385,False
JOB,17f,36,34.17013946920633,12.917145997285843,False
JOB,17f,35,34.17013946920633,6.523865558207035,False
JOB,17f,34,34.17013946920633,6.511335328221321,False
JOB,17f,33,34.17013946920633,11.538564287126064,False
JOB,17f,32,34.17013946920633,11.542774617671967,False
JOB,17f,31,34.17013946920633,6.292714923620224,False
JOB,17f,30,34.17013946920633,6.054838128387928,False
JOB,17f,29,34.17013946920633,6.368696063756943,False
JOB,17f,28,34.17013946920633,6.120324976742268,False
JOB,17f,27,34.17013946920633,7.589204050600529,False
JOB,17f,26,34.17013946920633,7.593146704137325,False
JOB,17f,25,34.17013946920633,11.58466275036335,False
JOB,17f,24,34.17013946920633,11.563340194523335,False
JOB,17f,23,34.17013946920633,27.174376003444195,False
JOB,17f,22,34.17013946920633,26.331840850412846,False
JOB,17f,21,34.17013946920633,31.386125065386295,False
JOB,17f,20,34.17013946920633,30.069270357489586,False
JOB,17f,19,34.17013946920633,19.820838168263435,False
JOB,17f,18,34.17013946920633,19.734961040318012,False
JOB,17f,17,34.17013946920633,11.530540019273758,False
JOB,17f,16,34.17013946920633,11.553116202354431,False
JOB,17f,15,34.17013946920633,6.503597743809223,False
JOB,17f,14,34.17013946920633,6.049599684774876,False
JOB,17f,13,34.17013946920633,6.341394834220409,False
JOB,17f,12,34.17013946920633,6.091424338519573,False
JOB,17f,11,34.17013946920633,7.597610957920551,False
JOB,17f,10,34.17013946920633,7.552200801670551,False
JOB,17f,9,34.17013946920633,11.562959402799606,False
JOB,17f,8,34.17013946920633,11.546285673975945,False
JOB,17f,7,34.17013946920633,8.756460517644882,False
JOB,17f,6,34.17013946920633,8.284787327051163,False
JOB,17f,5,34.17013946920633,8.767077565193176,False
JOB,17f,4,34.17013946920633,8.336921483278275,False
JOB,17f,3,34.17013946920633,7.614548072218895,False
JOB,17f,2,34.17013946920633,7.614560484886169,False
JOB,17f,1,34.17013946920633,11.533865116536617,False
JOB,17f,0,34.17013946920633,11.591049954295158,False
JOB,18a,63,26.55907817184925,5.380519434809685,False
JOB,18a,62,26.55907817184925,5.382134340703487,False
JOB,18a,61,26.55907817184925,5.356936730444431,False
JOB,18a,60,26.55907817184925,5.357268638908863,False
JOB,18a,59,26.55907817184925,7.212460294365883,False
JOB,18a,58,26.55907817184925,7.221299454569817,False
JOB,18a,57,26.55907817184925,8.457012496888638,False
JOB,18a,56,26.55907817184925,8.485142514109612,False
JOB,18a,55,26.55907817184925,6.253106579184532,False
JOB,18a,54,26.55907817184925,6.245282709598541,False
JOB,18a,53,26.55907817184925,8.154443331062794,False
JOB,18a,52,26.55907817184925,8.139854818582535,False
JOB,18a,51,26.55907817184925,6.248219072818756,False
JOB,18a,50,26.55907817184925,6.246469393372536,False
JOB,18a,49,26.55907817184925,8.443469941616058,False
JOB,18a,48,26.55907817184925,8.426591888070107,False
JOB,18a,47,26.55907817184925,5.379317156970501,False
JOB,18a,46,26.55907817184925,5.3699622973799706,False
JOB,18a,45,26.55907817184925,5.330000050365925,False
JOB,18a,44,26.55907817184925,5.350945755839348,False
JOB,18a,43,26.55907817184925,7.196479603648186,False
JOB,18a,42,26.55907817184925,7.206450343132019,False
JOB,18a,41,26.55907817184925,8.85595927387476,False
JOB,18a,40,26.55907817184925,8.589913703501225,False
JOB,18a,39,26.55907817184925,6.3258597031235695,False
JOB,18a,38,26.55907817184925,6.261730745434761,False
JOB,18a,37,26.55907817184925,12.435983806848526,False
JOB,18a,36,26.55907817184925,12.478018790483475,False
JOB,18a,35,26.55907817184925,6.256570383906364,False
JOB,18a,34,26.55907817184925,6.2730312794446945,False
JOB,18a,33,26.55907817184925,8.516601584851742,False
JOB,18a,32,26.55907817184925,8.529236853122711,False
JOB,18a,31,26.55907817184925,5.4040186777710915,False
JOB,18a,30,26.55907817184925,5.412208512425423,False
JOB,18a,29,26.55907817184925,5.460339568555355,False
JOB,18a,28,26.55907817184925,5.445090837776661,False
JOB,18a,27,26.55907817184925,7.238611690700054,False
JOB,18a,26,26.55907817184925,7.274996712803841,False
JOB,18a,25,26.55907817184925,8.500938080251217,False
JOB,18a,24,26.55907817184925,8.515680119395256,False
JOB,18a,23,26.55907817184925,7.585830330848694,False
JOB,18a,22,26.55907817184925,7.579596504569054,False
JOB,18a,21,26.55907817184925,8.120611354708672,False
JOB,18a,20,26.55907817184925,8.102624364197254,False
JOB,18a,19,26.55907817184925,13.006014473736286,False
JOB,18a,18,26.55907817184925,12.931072108447552,False
JOB,18a,17,26.55907817184925,8.529618978500366,False
JOB,18a,16,26.55907817184925,8.53401479870081,False
JOB,18a,15,26.55907817184925,5.440144635736942,False
JOB,18a,14,26.55907817184925,5.48199649900198,False
JOB,18a,13,26.55907817184925,5.433179996907711,False
JOB,18a,12,26.55907817184925,5.447365380823612,False
JOB,18a,11,26.55907817184925,7.254691079258919,False
JOB,18a,10,26.55907817184925,7.283756725490093,False
JOB,18a,9,26.55907817184925,8.535170830786228,False
JOB,18a,8,26.55907817184925,8.572142861783504,False
JOB,18a,7,26.55907817184925,6.06118930131197,False
JOB,18a,6,26.55907817184925,6.056611329317093,False
JOB,18a,5,26.55907817184925,6.010025084018707,False
JOB,18a,4,26.55907817184925,6.0097504034638405,False
JOB,18a,3,26.55907817184925,7.251397371292114,False
JOB,18a,2,26.55907817184925,7.238495469093323,False
JOB,18a,1,26.55907817184925,8.661439962685108,False
JOB,18a,0,26.55907817184925,8.616395495831966,False
JOB,18b,63,0.9483244270086288,0.2044350728392601,False
JOB,18b,62,0.9483244270086288,0.18774747848510742,False
JOB,18b,61,0.9483244270086288,0.1857438161969185,False
JOB,18b,60,0.9483244270086288,0.18430320173501968,False
JOB,18b,59,0.9483244270086288,0.2141466811299324,False
JOB,18b,58,0.9483244270086288,0.2229960337281227,False
JOB,18b,57,0.9483244270086288,0.49065058678388596,False
JOB,18b,56,0.9483244270086288,0.4737679287791252,False
JOB,18b,55,0.9483244270086288,0.9483244270086288,True
JOB,18b,54,0.9483244270086288,0.9483244270086288,True
JOB,18b,53,0.9483244270086288,0.9483244270086288,True
JOB,18b,52,0.9483244270086288,0.9483244270086288,True
JOB,18b,51,0.9483244270086288,0.9483244270086288,True
JOB,18b,50,0.9483244270086288,0.9483244270086288,True
JOB,18b,49,0.9483244270086288,0.481349878013134,False
JOB,18b,48,0.9483244270086288,0.4887584149837494,False
JOB,18b,47,0.9483244270086288,0.18856468051671982,False
JOB,18b,46,0.9483244270086288,0.19494245201349258,False
JOB,18b,45,0.9483244270086288,0.18536809086799622,False
JOB,18b,44,0.9483244270086288,0.18899863958358765,False
JOB,18b,43,0.9483244270086288,0.21392209082841873,False
JOB,18b,42,0.9483244270086288,0.21129406243562698,False
JOB,18b,41,0.9483244270086288,0.4713437631726265,False
JOB,18b,40,0.9483244270086288,0.47048721462488174,False
JOB,18b,39,0.9483244270086288,0.9483244270086288,True
JOB,18b,38,0.9483244270086288,0.9483244270086288,True
JOB,18b,37,0.9483244270086288,0.9483244270086288,True
JOB,18b,36,0.9483244270086288,0.9483244270086288,True
JOB,18b,35,0.9483244270086288,0.9483244270086288,True
JOB,18b,34,0.9483244270086288,0.9483244270086288,True
JOB,18b,33,0.9483244270086288,0.48127178847789764,False
JOB,18b,32,0.9483244270086288,0.477545902132988,False
JOB,18b,31,0.9483244270086288,0.18647189438343048,False
JOB,18b,30,0.9483244270086288,0.18244212120771408,False
JOB,18b,29,0.9483244270086288,0.18591881543397903,False
JOB,18b,28,0.9483244270086288,0.1851619929075241,False
JOB,18b,27,0.9483244270086288,0.2142902985215187,False
JOB,18b,26,0.9483244270086288,0.215800903737545,False
JOB,18b,25,0.9483244270086288,0.47522809356451035,False
JOB,18b,24,0.9483244270086288,0.4785339832305908,False
JOB,18b,23,0.9483244270086288,0.9483244270086288,True
JOB,18b,22,0.9483244270086288,0.9483244270086288,True
JOB,18b,21,0.9483244270086288,0.9483244270086288,True
JOB,18b,20,0.9483244270086288,0.9483244270086288,True
JOB,18b,19,0.9483244270086288,0.9483244270086288,True
JOB,18b,18,0.9483244270086288,0.9483244270086288,True
JOB,18b,17,0.9483244270086288,0.4787360355257988,False
JOB,18b,16,0.9483244270086288,0.4789801314473152,False
JOB,18b,15,0.9483244270086288,0.18369581550359726,False
JOB,18b,14,0.9483244270086288,0.1821470633149147,False
JOB,18b,13,0.9483244270086288,0.1821485161781311,False
JOB,18b,12,0.9483244270086288,0.1837228387594223,False
JOB,18b,11,0.9483244270086288,0.21975621581077576,False
JOB,18b,10,0.9483244270086288,0.21336404234170914,False
JOB,18b,9,0.9483244270086288,0.47669731080532074,False
JOB,18b,8,0.9483244270086288,0.4965685233473778,False
JOB,18b,7,0.9483244270086288,0.42808543145656586,False
JOB,18b,6,0.9483244270086288,0.42847369611263275,False
JOB,18b,5,0.9483244270086288,0.4190448224544525,False
JOB,18b,4,0.9483244270086288,0.4232652634382248,False
JOB,18b,3,0.9483244270086288,0.21382666379213333,False
JOB,18b,2,0.9483244270086288,0.22114451974630356,False
JOB,18b,1,0.9483244270086288,0.47791967540979385,False
JOB,18b,0,0.9483244270086288,0.4724491462111473,False
JOB,18c,63,34.544531628489494,7.108335271477699,False
JOB,18c,62,34.544531628489494,7.103620305657387,False
JOB,18c,61,34.544531628489494,7.101046107709408,False
JOB,18c,60,34.544531628489494,7.133137457072735,False
JOB,18c,59,34.544531628489494,9.416197620332241,False
JOB,18c,58,34.544531628489494,9.525803431868553,False
JOB,18c,57,34.544531628489494,9.908791422843933,False
JOB,18c,56,34.544531628489494,9.81990621984005,False
JOB,18c,55,34.544531628489494,8.159031674265862,False
JOB,18c,54,34.544531628489494,8.163320630788803,False
JOB,18c,53,34.544531628489494,8.53335689008236,False
JOB,18c,52,34.544531628489494,8.455124914646149,False
JOB,18c,51,34.544531628489494,8.123508654534817,False
JOB,18c,50,34.544531628489494,8.154796235263348,False
JOB,18c,49,34.544531628489494,9.776181347668171,False
JOB,18c,48,34.544531628489494,9.786014050245285,False
JOB,18c,47,34.544531628489494,7.102622486650944,False
JOB,18c,46,34.544531628489494,7.108600325882435,False
JOB,18c,45,34.544531628489494,7.104620635509491,False
JOB,18c,44,34.544531628489494,7.1177626475691795,False
JOB,18c,43,34.544531628489494,9.475546762347221,False
JOB,18c,42,34.544531628489494,9.492204450070858,False
JOB,18c,41,34.544531628489494,9.83889877051115,False
JOB,18c,40,34.544531628489494,9.80576803535223,False
JOB,18c,39,34.544531628489494,8.126307636499405,False
JOB,18c,38,34.544531628489494,8.115815863013268,False
JOB,18c,37,34.544531628489494,14.587834984064102,False
JOB,18c,36,34.544531628489494,14.584675706923008,False
JOB,18c,35,34.544531628489494,8.147940061986446,False
JOB,18c,34,34.544531628489494,8.121830061078072,False
JOB,18c,33,34.544531628489494,9.857668563723564,False
JOB,18c,32,34.544531628489494,9.844762094318867,False
JOB,18c,31,34.544531628489494,7.143302336335182,False
JOB,18c,30,34.544531628489494,7.116949513554573,False
JOB,18c,29,34.544531628489494,7.217940025031567,False
JOB,18c,28,34.544531628489494,7.189585298299789,False
JOB,18c,27,34.544531628489494,9.442598603665829,False
JOB,18c,26,34.544531628489494,9.451020061969757,False
JOB,18c,25,34.544531628489494,9.802461877465248,False
JOB,18c,24,34.544531628489494,9.821878097951412,False
JOB,18c,23,34.544531628489494,9.834193460643291,False
JOB,18c,22,34.544531628489494,9.888226047158241,False
JOB,18c,21,34.544531628489494,8.320497654378414,False
JOB,18c,20,34.544531628489494,8.286477647721767,False
JOB,18c,19,34.544531628489494,9.220166608691216,False
JOB,18c,18,34.544531628489494,9.156744465231895,False
JOB,18c,17,34.544531628489494,9.797828830778599,False
JOB,18c,16,34.544531628489494,9.823506966233253,False
JOB,18c,15,34.544531628489494,7.104742087423801,False
JOB,18c,14,34.544531628489494,7.075747698545456,False
JOB,18c,13,34.544531628489494,7.176151551306248,False
JOB,18c,12,34.544531628489494,7.1982793509960175,False
JOB,18c,11,34.544531628489494,9.44357169419527,False
JOB,18c,10,34.544531628489494,9.489840984344482,False
JOB,18c,9,34.544531628489494,9.825587511062622,False
JOB,18c,8,34.544531628489494,9.808313176035881,False
JOB,18c,7,34.544531628489494,7.1676332503557205,False
JOB,18c,6,34.544531628489494,7.195311650633812,False
JOB,18c,5,34.544531628489494,7.207087233662605,False
JOB,18c,4,34.544531628489494,7.179983928799629,False
JOB,18c,3,34.544531628489494,9.401707150042057,False
JOB,18c,2,34.544531628489494,9.448033720254898,False
JOB,18c,1,34.544531628489494,9.805056266486645,False
JOB,18c,0,34.544531628489494,9.796867780387402,False
JOB,19a,63,2.9220934212207794,0.6047708541154861,False
JOB,19a,62,2.9220934212207794,0.5927805528044701,False
JOB,19a,61,2.9220934212207794,1.477283887565136,False
JOB,19a,60,2.9220934212207794,1.4830788001418114,False
JOB,19a,59,2.9220934212207794,0.5876727774739265,False
JOB,19a,58,2.9220934212207794,0.5946485325694084,False
JOB,19a,57,2.9220934212207794,1.6692918837070465,False
JOB,19a,56,2.9220934212207794,1.6794666573405266,False
JOB,19a,55,2.9220934212207794,2.9220934212207794,True
JOB,19a,54,2.9220934212207794,2.9220934212207794,True
JOB,19a,53,2.9220934212207794,2.9220934212207794,True
JOB,19a,52,2.9220934212207794,2.9220934212207794,True
JOB,19a,51,2.9220934212207794,2.9220934212207794,True
JOB,19a,50,2.9220934212207794,2.9220934212207794,True
JOB,19a,49,2.9220934212207794,1.67596897482872,False
JOB,19a,48,2.9220934212207794,1.6704965233802795,False
JOB,19a,47,2.9220934212207794,0.5903875455260277,False
JOB,19a,46,2.9220934212207794,0.5832269191741943,False
JOB,19a,45,2.9220934212207794,1.4660655558109283,False
JOB,19a,44,2.9220934212207794,1.4815910831093788,False
JOB,19a,43,2.9220934212207794,0.5932814627885818,False
JOB,19a,42,2.9220934212207794,0.5909588485956192,False
JOB,19a,41,2.9220934212207794,1.6643751710653305,False
JOB,19a,40,2.9220934212207794,1.673931822180748,False
JOB,19a,39,2.9220934212207794,2.9220934212207794,True
JOB,19a,38,2.9220934212207794,2.9220934212207794,True
JOB,19a,37,2.9220934212207794,2.9220934212207794,True
JOB,19a,36,2.9220934212207794,2.9220934212207794,True
JOB,19a,35,2.9220934212207794,2.9220934212207794,True
JOB,19a,34,2.9220934212207794,2.9220934212207794,True
JOB,19a,33,2.9220934212207794,1.6901904717087746,False
JOB,19a,32,2.9220934212207794,1.6687481179833412,False
JOB,19a,31,2.9220934212207794,0.5939547717571259,False
JOB,19a,30,2.9220934212207794,0.5911567881703377,False
JOB,19a,29,2.9220934212207794,1.4879723265767097,False
JOB,19a,28,2.9220934212207794,1.4673544988036156,False
JOB,19a,27,2.9220934212207794,0.5943213477730751,False
JOB,19a,26,2.9220934212207794,0.6063781902194023,False
JOB,19a,25,2.9220934212207794,1.6582785472273827,False
JOB,19a,24,2.9220934212207794,1.6686242148280144,False
JOB,19a,23,2.9220934212207794,2.9220934212207794,True
JOB,19a,22,2.9220934212207794,2.9220934212207794,True
JOB,19a,21,2.9220934212207794,2.9220934212207794,True
JOB,19a,20,2.9220934212207794,2.9220934212207794,True
JOB,19a,19,2.9220934212207794,2.9220934212207794,True
JOB,19a,18,2.9220934212207794,2.9220934212207794,True
JOB,19a,17,2.9220934212207794,1.668513923883438,False
JOB,19a,16,2.9220934212207794,1.6867244318127632,False
JOB,19a,15,2.9220934212207794,0.5968135222792625,False
JOB,19a,14,2.9220934212207794,0.6117639988660812,False
JOB,19a,13,2.9220934212207794,1.46230049431324,False
JOB,19a,12,2.9220934212207794,1.4527775794267654,False
JOB,19a,11,2.9220934212207794,0.5965076610445976,False
JOB,19a,10,2.9220934212207794,0.5853719413280487,False
JOB,19a,9,2.9220934212207794,1.6675544306635857,False
JOB,19a,8,2.9220934212207794,1.6854969561100006,False
JOB,19a,7,2.9220934212207794,1.6579961702227592,False
JOB,19a,6,2.9220934212207794,1.6467685177922249,False
JOB,19a,5,2.9220934212207794,1.66616640239954,False
JOB,19a,4,2.9220934212207794,1.644308127462864,False
JOB,19a,3,2.9220934212207794,0.6059780567884445,False
JOB,19a,2,2.9220934212207794,0.5984315648674965,False
JOB,19a,1,2.9220934212207794,1.705714724957943,False
JOB,19a,0,2.9220934212207794,1.695934146642685,False
JOB,19b,63,1.6029392555356026,0.31400787085294724,False
JOB,19b,62,1.6029392555356026,0.299175962805748,False
JOB,19b,61,1.6029392555356026,1.2174713239073753,False
JOB,19b,60,1.6029392555356026,1.2149237617850304,False
JOB,19b,59,1.6029392555356026,0.29788461327552795,False
JOB,19b,58,1.6029392555356026,0.29676273465156555,False
JOB,19b,57,1.6029392555356026,1.6029392555356026,True
JOB,19b,56,1.6029392555356026,1.6029392555356026,True
JOB,19b,55,1.6029392555356026,1.6029392555356026,True
JOB,19b,54,1.6029392555356026,1.6029392555356026,True
JOB,19b,53,1.6029392555356026,1.6029392555356026,True
JOB,19b,52,1.6029392555356026,1.6029392555356026,True
JOB,19b,51,1.6029392555356026,1.6029392555356026,True
JOB,19b,50,1.6029392555356026,1.6029392555356026,True
JOB,19b,49,1.6029392555356026,1.3772863373160362,False
JOB,19b,48,1.6029392555356026,1.3613160997629166,False
JOB,19b,47,1.6029392555356026,0.3014516234397888,False
JOB,19b,46,1.6029392555356026,0.29998472332954407,False
JOB,19b,45,1.6029392555356026,1.2045525535941124,False
JOB,19b,44,1.6029392555356026,1.203753300011158,False
JOB,19b,43,1.6029392555356026,0.30227265506982803,False
JOB,19b,42,1.6029392555356026,0.303303599357605,False
JOB,19b,41,1.6029392555356026,1.6029392555356026,True
JOB,19b,40,1.6029392555356026,1.6029392555356026,True
JOB,19b,39,1.6029392555356026,1.6029392555356026,True
JOB,19b,38,1.6029392555356026,1.6029392555356026,True
JOB,19b,37,1.6029392555356026,1.6029392555356026,True
JOB,19b,36,1.6029392555356026,1.6029392555356026,True
JOB,19b,35,1.6029392555356026,1.6029392555356026,True
JOB,19b,34,1.6029392555356026,1.6029392555356026,True
JOB,19b,33,1.6029392555356026,1.6029392555356026,True
JOB,19b,32,1.6029392555356026,1.6029392555356026,True
JOB,19b,31,1.6029392555356026,0.3038892447948456,False
JOB,19b,30,1.6029392555356026,0.297806091606617,False
JOB,19b,29,1.6029392555356026,1.2057844176888466,False
JOB,19b,28,1.6029392555356026,1.210418961942196,False
JOB,19b,27,1.6029392555356026,0.3054637238383293,False
JOB,19b,26,1.6029392555356026,0.29754798114299774,False
JOB,19b,25,1.6029392555356026,1.6029392555356026,True
JOB,19b,24,1.6029392555356026,1.6029392555356026,True
JOB,19b,23,1.6029392555356026,1.6029392555356026,True
JOB,19b,22,1.6029392555356026,1.6029392555356026,True
JOB,19b,21,1.6029392555356026,1.6029392555356026,True
JOB,19b,20,1.6029392555356026,1.6029392555356026,True
JOB,19b,19,1.6029392555356026,1.6029392555356026,True
JOB,19b,18,1.6029392555356026,1.6029392555356026,True
JOB,19b,17,1.6029392555356026,1.3826888874173164,False
JOB,19b,16,1.6029392555356026,1.3621739596128464,False
JOB,19b,15,1.6029392555356026,0.3080558776855469,False
JOB,19b,14,1.6029392555356026,0.29466462880373,False
JOB,19b,13,1.6029392555356026,1.207775242626667,False
JOB,19b,12,1.6029392555356026,1.1988103166222572,False
JOB,19b,11,1.6029392555356026,0.29462746530771255,False
JOB,19b,10,1.6029392555356026,0.29551002383232117,False
JOB,19b,9,1.6029392555356026,1.6029392555356026,True
JOB,19b,8,1.6029392555356026,1.6029392555356026,True
JOB,19b,7,1.6029392555356026,1.6029392555356026,True
JOB,19b,6,1.6029392555356026,1.6029392555356026,True
JOB,19b,5,1.6029392555356026,1.6029392555356026,True
JOB,19b,4,1.6029392555356026,1.6029392555356026,True
JOB,19b,3,1.6029392555356026,0.2943650856614113,False
JOB,19b,2,1.6029392555356026,0.3119993731379509,False
JOB,19b,1,1.6029392555356026,1.6029392555356026,True
JOB,19b,0,1.6029392555356026,1.6029392555356026,True
JOB,19c,63,7.876488193869591,1.5969958901405334,False
JOB,19c,62,7.876488193869591,1.5624767765402794,False
JOB,19c,61,7.876488193869591,1.5650465115904808,False
JOB,19c,60,7.876488193869591,1.5547853782773018,False
JOB,19c,59,7.876488193869591,7.876488193869591,True
JOB,19c,58,7.876488193869591,7.876488193869591,True
JOB,19c,57,7.876488193869591,7.876488193869591,True
JOB,19c,56,7.876488193869591,7.876488193869591,True
JOB,19c,55,7.876488193869591,7.876488193869591,True
JOB,19c,54,7.876488193869591,7.876488193869591,True
JOB,19c,53,7.876488193869591,7.876488193869591,True
JOB,19c,52,7.876488193869591,7.876488193869591,True
JOB,19c,51,7.876488193869591,7.876488193869591,True
JOB,19c,50,7.876488193869591,7.876488193869591,True
JOB,19c,49,7.876488193869591,7.876488193869591,True
JOB,19c,48,7.876488193869591,7.876488193869591,True
JOB,19c,47,7.876488193869591,1.5638825222849846,False
JOB,19c,46,7.876488193869591,1.5623578578233719,False
JOB,19c,45,7.876488193869591,1.561767838895321,False
JOB,19c,44,7.876488193869591,1.5703117474913597,False
JOB,19c,43,7.876488193869591,7.876488193869591,True
JOB,19c,42,7.876488193869591,7.876488193869591,True
JOB,19c,41,7.876488193869591,7.876488193869591,True
JOB,19c,40,7.876488193869591,7.876488193869591,True
JOB,19c,39,7.876488193869591,7.670114032924175,False
JOB,19c,38,7.876488193869591,7.640135310590267,False
JOB,19c,37,7.876488193869591,7.876488193869591,True
JOB,19c,36,7.876488193869591,7.876488193869591,True
JOB,19c,35,7.876488193869591,7.583941340446472,False
JOB,19c,34,7.876488193869591,7.622209399938583,False
JOB,19c,33,7.876488193869591,7.876488193869591,True
JOB,19c,32,7.876488193869591,7.876488193869591,True
JOB,19c,31,7.876488193869591,1.5624320954084396,False
JOB,19c,30,7.876488193869591,1.5748437121510506,False
JOB,19c,29,7.876488193869591,1.5668731555342674,False
JOB,19c,28,7.876488193869591,1.5719682425260544,False
JOB,19c,27,7.876488193869591,7.876488193869591,True
JOB,19c,26,7.876488193869591,7.876488193869591,True
JOB,19c,25,7.876488193869591,7.876488193869591,True
JOB,19c,24,7.876488193869591,7.876488193869591,True
JOB,19c,23,7.876488193869591,7.876488193869591,True
JOB,19c,22,7.876488193869591,7.876488193869591,True
JOB,19c,21,7.876488193869591,7.876488193869591,True
JOB,19c,20,7.876488193869591,7.876488193869591,True
JOB,19c,19,7.876488193869591,7.876488193869591,True
JOB,19c,18,7.876488193869591,7.876488193869591,True
JOB,19c,17,7.876488193869591,7.876488193869591,True
JOB,19c,16,7.876488193869591,7.876488193869591,True
JOB,19c,15,7.876488193869591,1.5592240616679192,False
JOB,19c,14,7.876488193869591,1.5803785473108292,False
JOB,19c,13,7.876488193869591,1.5667299628257751,False
JOB,19c,12,7.876488193869591,1.5568559542298317,False
JOB,19c,11,7.876488193869591,7.876488193869591,True
JOB,19c,10,7.876488193869591,7.876488193869591,True
JOB,19c,9,7.876488193869591,7.876488193869591,True
JOB,19c,8,7.876488193869591,7.876488193869591,True
JOB,19c,7,7.876488193869591,7.876488193869591,True
JOB,19c,6,7.876488193869591,7.876488193869591,True
JOB,19c,5,7.876488193869591,7.876488193869591,True
JOB,19c,4,7.876488193869591,7.876488193869591,True
JOB,19c,3,7.876488193869591,7.876488193869591,True
JOB,19c,2,7.876488193869591,7.876488193869591,True
JOB,19c,1,7.876488193869591,7.876488193869591,True
JOB,19c,0,7.876488193869591,7.876488193869591,True
JOB,19d,63,54.52487412840128,11.215955413877964,False
JOB,19d,62,54.52487412840128,10.94798232614994,False
JOB,19d,61,54.52487412840128,11.102104499936104,False
JOB,19d,60,54.52487412840128,10.921141378581524,False
JOB,19d,59,54.52487412840128,9.405981220304966,False
JOB,19d,58,54.52487412840128,9.384456142783165,False
JOB,19d,57,54.52487412840128,21.486351169645786,False
JOB,19d,56,54.52487412840128,21.549873627722263,False
JOB,19d,55,54.52487412840128,9.619336068630219,False
JOB,19d,54,54.52487412840128,9.616328172385693,False
JOB,19d,53,54.52487412840128,15.296427704393864,False
JOB,19d,52,54.52487412840128,15.014657996594906,False
JOB,19d,51,54.52487412840128,9.620356030762196,False
JOB,19d,50,54.52487412840128,9.616522029042244,False
JOB,19d,49,54.52487412840128,22.88495309650898,False
JOB,19d,48,54.52487412840128,22.947675980627537,False
JOB,19d,47,54.52487412840128,11.129313386976719,False
JOB,19d,46,54.52487412840128,10.910407103598118,False
JOB,19d,45,54.52487412840128,11.114954724907875,False
JOB,19d,44,54.52487412840128,10.95877893269062,False
JOB,19d,43,54.52487412840128,9.343594744801521,False
JOB,19d,42,54.52487412840128,9.353673204779625,False
JOB,19d,41,54.52487412840128,21.510912857949734,False
JOB,19d,40,54.52487412840128,21.550263337790966,False
JOB,19d,39,54.52487412840128,9.619628094136715,False
JOB,19d,38,54.52487412840128,9.632325425744057,False
JOB,19d,37,54.52487412840128,20.229092486202717,False
JOB,19d,36,54.52487412840128,20.201254948973656,False
JOB,19d,35,54.52487412840128,9.663120731711388,False
JOB,19d,34,54.52487412840128,9.641691222786903,False
JOB,19d,33,54.52487412840128,21.543036304414272,False
JOB,19d,32,54.52487412840128,21.557772643864155,False
JOB,19d,31,54.52487412840128,11.125604279339314,False
JOB,19d,30,54.52487412840128,10.947850815951824,False
JOB,19d,29,54.52487412840128,11.124121502041817,False
JOB,19d,28,54.52487412840128,10.940887555480003,False
JOB,19d,27,54.52487412840128,9.304687388241291,False
JOB,19d,26,54.52487412840128,9.321237102150917,False
JOB,19d,25,54.52487412840128,21.58188521116972,False
JOB,19d,24,54.52487412840128,21.656584665179253,False
JOB,19d,23,54.52487412840128,15.273869760334492,False
JOB,19d,22,54.52487412840128,15.174695380032063,False
JOB,19d,21,54.52487412840128,17.485963977873325,False
JOB,19d,20,54.52487412840128,17.453228645026684,False
JOB,19d,19,54.52487412840128,15.162268847227097,False
JOB,19d,18,54.52487412840128,15.090804658830166,False
JOB,19d,17,54.52487412840128,22.829951472580433,False
JOB,19d,16,54.52487412840128,22.913382716476917,False
JOB,19d,15,54.52487412840128,11.104091875255108,False
JOB,19d,14,54.52487412840128,11.051658511161804,False
JOB,19d,13,54.52487412840128,11.141506910324097,False
JOB,19d,12,54.52487412840128,10.962272867560387,False
JOB,19d,11,54.52487412840128,15.244432099163532,False
JOB,19d,10,54.52487412840128,15.172755219042301,False
JOB,19d,9,54.52487412840128,21.484262622892857,False
JOB,19d,8,54.52487412840128,21.468274101614952,False
JOB,19d,7,54.52487412840128,23.806529954075813,False
JOB,19d,6,54.52487412840128,23.008496463298798,False
JOB,19d,5,54.52487412840128,23.799446761608124,False
JOB,19d,4,54.52487412840128,22.9754199385643,False
JOB,19d,3,54.52487412840128,15.271781116724014,False
JOB,19d,2,54.52487412840128,15.293984957039356,False
JOB,19d,1,54.52487412840128,21.611647352576256,False
JOB,19d,0,54.52487412840128,21.621961265802383,False
JOB,20a,63,7.408742606639862,1.6115508526563644,False
JOB,20a,62,7.408742606639862,1.5325249135494232,False
JOB,20a,61,7.408742606639862,1.4622374400496483,False
JOB,20a,60,7.408742606639862,1.464176595211029,False
JOB,20a,59,7.408742606639862,1.9290316104888916,False
JOB,20a,58,7.408742606639862,1.9324510470032692,False
JOB,20a,57,7.408742606639862,3.438673436641693,False
JOB,20a,56,7.408742606639862,3.404806360602379,False
JOB,20a,55,7.408742606639862,4.595768868923187,False
JOB,20a,54,7.408742606639862,4.601772598922253,False
JOB,20a,53,7.408742606639862,7.408742606639862,True
JOB,20a,52,7.408742606639862,7.408742606639862,True
JOB,20a,51,7.408742606639862,4.60522835701704,False
JOB,20a,50,7.408742606639862,4.609240747988224,False
JOB,20a,49,7.408742606639862,3.4398464411497116,False
JOB,20a,48,7.408742606639862,3.435185171663761,False
JOB,20a,47,7.408742606639862,1.5498089417815208,False
JOB,20a,46,7.408742606639862,1.5396883338689804,False
JOB,20a,45,7.408742606639862,1.4834191054105759,False
JOB,20a,44,7.408742606639862,1.4872872456908226,False
JOB,20a,43,7.408742606639862,1.949798360466957,False
JOB,20a,42,7.408742606639862,1.9512996524572372,False
JOB,20a,41,7.408742606639862,3.428212061524391,False
JOB,20a,40,7.408742606639862,3.4529954493045807,False
JOB,20a,39,7.408742606639862,4.600173309445381,False
JOB,20a,38,7.408742606639862,4.623176783323288,False
JOB,20a,37,7.408742606639862,7.408742606639862,True
JOB,20a,36,7.408742606639862,7.408742606639862,True
JOB,20a,35,7.408742606639862,4.591306008398533,False
JOB,20a,34,7.408742606639862,4.623978145420551,False
JOB,20a,33,7.408742606639862,3.4247311279177666,False
JOB,20a,32,7.408742606639862,3.4314242005348206,False
JOB,20a,31,7.408742606639862,1.548546016216278,False
JOB,20a,30,7.408742606639862,1.5589536502957344,False
JOB,20a,29,7.408742606639862,1.4752358719706535,False
JOB,20a,28,7.408742606639862,1.464232660830021,False
JOB,20a,27,7.408742606639862,1.9608574733138084,False
JOB,20a,26,7.408742606639862,1.9610573053359985,False
JOB,20a,25,7.408742606639862,3.4308669194579124,False
JOB,20a,24,7.408742606639862,3.4352648332715034,False
JOB,20a,23,7.408742606639862,7.408742606639862,True
JOB,20a,22,7.408742606639862,7.408742606639862,True
JOB,20a,21,7.408742606639862,7.408742606639862,True
JOB,20a,20,7.408742606639862,7.408742606639862,True
JOB,20a,19,7.408742606639862,7.408742606639862,True
JOB,20a,18,7.408742606639862,7.408742606639862,True
JOB,20a,17,7.408742606639862,3.451805643737316,False
JOB,20a,16,7.408742606639862,3.447608880698681,False
JOB,20a,15,7.408742606639862,1.5593615770339966,False
JOB,20a,14,7.408742606639862,1.5510761812329292,False
JOB,20a,13,7.408742606639862,1.4675597622990608,False
JOB,20a,12,7.408742606639862,1.4651677012443542,False
JOB,20a,11,7.408742606639862,1.9518136084079742,False
JOB,20a,10,7.408742606639862,1.9637125432491302,False
JOB,20a,9,7.408742606639862,3.441380053758621,False
JOB,20a,8,7.408742606639862,3.4351371452212334,False
JOB,20a,7,7.408742606639862,2.803420804440975,False
JOB,20a,6,7.408742606639862,2.7692265808582306,False
JOB,20a,5,7.408742606639862,2.794358842074871,False
JOB,20a,4,7.408742606639862,2.748280107975006,False
JOB,20a,3,7.408742606639862,1.819519303739071,False
JOB,20a,2,7.408742606639862,1.8227092772722244,False
JOB,20a,1,7.408742606639862,3.43161990493536,False
JOB,20a,0,7.408742606639862,3.424953244626522,False
JOB,20b,63,6.51031993329525,1.297302395105362,False
JOB,20b,62,6.51031993329525,1.268438957631588,False
JOB,20b,61,6.51031993329525,1.1155978441238403,False
JOB,20b,60,6.51031993329525,1.12054044008255,False
JOB,20b,59,6.51031993329525,1.495985984802246,False
JOB,20b,58,6.51031993329525,1.4664268344640732,False
JOB,20b,57,6.51031993329525,1.3810279965400696,False
JOB,20b,56,6.51031993329525,1.3854024186730385,False
JOB,20b,55,6.51031993329525,4.864712968468666,False
JOB,20b,54,6.51031993329525,4.88884524255991,False
JOB,20b,53,6.51031993329525,6.51031993329525,True
JOB,20b,52,6.51031993329525,6.51031993329525,True
JOB,20b,51,6.51031993329525,4.842162609100342,False
JOB,20b,50,6.51031993329525,4.8713865503668785,False
JOB,20b,49,6.51031993329525,1.3816628530621529,False
JOB,20b,48,6.51031993329525,1.3642521277070045,False
JOB,20b,47,6.51031993329525,1.264838919043541,False
JOB,20b,46,6.51031993329525,1.2654635831713676,False
JOB,20b,45,6.51031993329525,1.15496526658535,False
JOB,20b,44,6.51031993329525,1.110801674425602,False
JOB,20b,43,6.51031993329525,1.4689979627728462,False
JOB,20b,42,6.51031993329525,1.465942606329918,False
JOB,20b,41,6.51031993329525,1.3715444132685661,False
JOB,20b,40,6.51031993329525,1.3784238174557686,False
JOB,20b,39,6.51031993329525,4.84550928324461,False
JOB,20b,38,6.51031993329525,4.852294594049454,False
JOB,20b,37,6.51031993329525,6.51031993329525,True
JOB,20b,36,6.51031993329525,6.51031993329525,True
JOB,20b,35,6.51031993329525,4.839736372232437,False
JOB,20b,34,6.51031993329525,4.837255068123341,False
JOB,20b,33,6.51031993329525,1.376131571829319,False
JOB,20b,32,6.51031993329525,1.3612587675452232,False
JOB,20b,31,6.51031993329525,1.2727080509066582,False
JOB,20b,30,6.51031993329525,1.2645241543650627,False
JOB,20b,29,6.51031993329525,1.1094982326030731,False
JOB,20b,28,6.51031993329525,1.1118327677249908,False
JOB,20b,27,6.51031993329525,1.4707182943820953,False
JOB,20b,26,6.51031993329525,1.4690721705555916,False
JOB,20b,25,6.51031993329525,1.3684796541929245,False
JOB,20b,24,6.51031993329525,1.3656727895140648,False
JOB,20b,23,6.51031993329525,6.51031993329525,True
JOB,20b,22,6.51031993329525,6.51031993329525,True
JOB,20b,21,6.51031993329525,6.51031993329525,True
JOB,20b,20,6.51031993329525,6.51031993329525,True
JOB,20b,19,6.51031993329525,6.51031993329525,True
JOB,20b,18,6.51031993329525,6.51031993329525,True
JOB,20b,17,6.51031993329525,1.372731477022171,False
JOB,20b,16,6.51031993329525,1.3785403743386269,False
JOB,20b,15,6.51031993329525,1.2720535770058632,False
JOB,20b,14,6.51031993329525,1.2876558750867844,False
JOB,20b,13,6.51031993329525,1.1081078872084618,False
JOB,20b,12,6.51031993329525,1.100666604936123,False
JOB,20b,11,6.51031993329525,1.484087035059929,False
JOB,20b,10,6.51031993329525,1.4689948037266731,False
JOB,20b,9,6.51031993329525,1.3788715451955795,False
JOB,20b,8,6.51031993329525,1.3652800470590591,False
JOB,20b,7,6.51031993329525,1.0737585723400116,False
JOB,20b,6,6.51031993329525,1.0849816650152206,False
JOB,20b,5,6.51031993329525,1.0717309713363647,False
JOB,20b,4,6.51031993329525,1.0731463059782982,False
JOB,20b,3,6.51031993329525,0.81711445748806,False
JOB,20b,2,6.51031993329525,0.8202550932765007,False
JOB,20b,1,6.51031993329525,1.3685417994856834,False
JOB,20b,0,6.51031993329525,1.380837082862854,False
JOB,20c,63,3.4902382269501686,0.6984407678246498,False
JOB,20c,62,3.4902382269501686,0.6783129870891571,False
JOB,20c,61,3.4902382269501686,0.5907292142510414,False
JOB,20c,60,3.4902382269501686,0.593151718378067,False
JOB,20c,59,3.4902382269501686,0.8385584726929665,False
JOB,20c,58,3.4902382269501686,0.8342061266303062,False
JOB,20c,57,3.4902382269501686,1.3077800795435905,False
JOB,20c,56,3.4902382269501686,1.317870818078518,False
JOB,20c,55,3.4902382269501686,3.4902382269501686,True
JOB,20c,54,3.4902382269501686,3.4902382269501686,True
JOB,20c,53,3.4902382269501686,3.4902382269501686,True
JOB,20c,52,3.4902382269501686,3.4902382269501686,True
JOB,20c,51,3.4902382269501686,3.4902382269501686,True
JOB,20c,50,3.4902382269501686,3.4902382269501686,True
JOB,20c,49,3.4902382269501686,1.038326695561409,False
JOB,20c,48,3.4902382269501686,1.040379285812378,False
JOB,20c,47,3.4902382269501686,0.6873625293374062,False
JOB,20c,46,3.4902382269501686,0.679866835474968,False
JOB,20c,45,3.4902382269501686,0.5962891429662704,False
JOB,20c,44,3.4902382269501686,0.5962993204593658,False
JOB,20c,43,3.4902382269501686,0.8399865552783012,False
JOB,20c,42,3.4902382269501686,0.8392172530293465,False
JOB,20c,41,3.4902382269501686,1.3052347302436829,False
JOB,20c,40,3.4902382269501686,1.3194268941879272,False
JOB,20c,39,3.4902382269501686,3.4902382269501686,True
JOB,20c,38,3.4902382269501686,3.4902382269501686,True
JOB,20c,37,3.4902382269501686,3.4902382269501686,True
JOB,20c,36,3.4902382269501686,3.4902382269501686,True
JOB,20c,35,3.4902382269501686,3.4902382269501686,True
JOB,20c,34,3.4902382269501686,3.4902382269501686,True
JOB,20c,33,3.4902382269501686,1.314121350646019,False
JOB,20c,32,3.4902382269501686,1.326669692993164,False
JOB,20c,31,3.4902382269501686,0.6811362206935883,False
JOB,20c,30,3.4902382269501686,0.674434632062912,False
JOB,20c,29,3.4902382269501686,0.5904620140790939,False
JOB,20c,28,3.4902382269501686,0.5973138809204102,False
JOB,20c,27,3.4902382269501686,0.8354942873120308,False
JOB,20c,26,3.4902382269501686,0.8362359181046486,False
JOB,20c,25,3.4902382269501686,1.3068797811865807,False
JOB,20c,24,3.4902382269501686,1.3101179376244545,False
JOB,20c,23,3.4902382269501686,3.4902382269501686,True
JOB,20c,22,3.4902382269501686,3.4902382269501686,True
JOB,20c,21,3.4902382269501686,3.4902382269501686,True
JOB,20c,20,3.4902382269501686,3.4902382269501686,True
JOB,20c,19,3.4902382269501686,3.4902382269501686,True
JOB,20c,18,3.4902382269501686,3.4902382269501686,True
JOB,20c,17,3.4902382269501686,1.0348850414156914,False
JOB,20c,16,3.4902382269501686,1.0273942947387695,False
JOB,20c,15,3.4902382269501686,0.6807550936937332,False
JOB,20c,14,3.4902382269501686,0.6777063980698586,False
JOB,20c,13,3.4902382269501686,0.5938843637704849,False
JOB,20c,12,3.4902382269501686,0.5947028174996376,False
JOB,20c,11,3.4902382269501686,0.8320227488875389,False
JOB,20c,10,3.4902382269501686,0.832362025976181,False
JOB,20c,9,3.4902382269501686,1.2950246781110764,False
JOB,20c,8,3.4902382269501686,1.3018621802330017,False
JOB,20c,7,3.4902382269501686,1.0427233427762985,False
JOB,20c,6,3.4902382269501686,1.0379595458507538,False
JOB,20c,5,3.4902382269501686,1.0425874963402748,False
JOB,20c,4,3.4902382269501686,1.0389141738414764,False
JOB,20c,3,3.4902382269501686,0.6904123425483704,False
JOB,20c,2,3.4902382269501686,0.6929761320352554,False
JOB,20c,1,3.4902382269501686,1.3071400672197342,False
JOB,20c,0,3.4902382269501686,1.3162022978067398,False
JOB,21a,63,0.3635166957974434,0.0806243047118187,False
JOB,21a,62,0.3635166957974434,0.07343624532222748,False
JOB,21a,61,0.3635166957974434,0.081230029463768,False
JOB,21a,60,0.3635166957974434,0.0813237801194191,False
JOB,21a,59,0.3635166957974434,0.08486339449882507,False
JOB,21a,58,0.3635166957974434,0.08282121270895004,False
JOB,21a,57,0.3635166957974434,0.11619246006011963,False
JOB,21a,56,0.3635166957974434,0.11265487968921661,False
JOB,21a,55,0.3635166957974434,0.3635166957974434,True
JOB,21a,54,0.3635166957974434,0.3635166957974434,True
JOB,21a,53,0.3635166957974434,0.3635166957974434,True
JOB,21a,52,0.3635166957974434,0.3635166957974434,True
JOB,21a,51,0.3635166957974434,0.3635166957974434,True
JOB,21a,50,0.3635166957974434,0.3635166957974434,True
JOB,21a,49,0.3635166957974434,0.10576274245977402,False
JOB,21a,48,0.3635166957974434,0.10230610519647598,False
JOB,21a,47,0.3635166957974434,0.07206519693136215,False
JOB,21a,46,0.3635166957974434,0.06941158324480057,False
JOB,21a,45,0.3635166957974434,0.07494553923606873,False
JOB,21a,44,0.3635166957974434,0.0745566338300705,False
JOB,21a,43,0.3635166957974434,0.08167531341314316,False
JOB,21a,42,0.3635166957974434,0.07760485261678696,False
JOB,21a,41,0.3635166957974434,0.11082971841096878,False
JOB,21a,40,0.3635166957974434,0.1128167062997818,False
JOB,21a,39,0.3635166957974434,0.3635166957974434,True
JOB,21a,38,0.3635166957974434,0.3635166957974434,True
JOB,21a,37,0.3635166957974434,0.3635166957974434,True
JOB,21a,36,0.3635166957974434,0.3635166957974434,True
JOB,21a,35,0.3635166957974434,0.3635166957974434,True
JOB,21a,34,0.3635166957974434,0.3635166957974434,True
JOB,21a,33,0.3635166957974434,0.1225612536072731,False
JOB,21a,32,0.3635166957974434,0.11346454173326492,False
JOB,21a,31,0.3635166957974434,0.07280957698822021,False
JOB,21a,30,0.3635166957974434,0.0678398460149765,False
JOB,21a,29,0.3635166957974434,0.08108724653720856,False
JOB,21a,28,0.3635166957974434,0.08098407834768295,False
JOB,21a,27,0.3635166957974434,0.08428338915109634,False
JOB,21a,26,0.3635166957974434,0.07847239822149277,False
JOB,21a,25,0.3635166957974434,0.12281862646341324,False
JOB,21a,24,0.3635166957974434,0.11205016076564789,False
JOB,21a,23,0.3635166957974434,0.3401792123913765,False
JOB,21a,22,0.3635166957974434,0.3331417292356491,False
JOB,21a,21,0.3635166957974434,0.3635166957974434,True
JOB,21a,20,0.3635166957974434,0.3635166957974434,True
JOB,21a,19,0.3635166957974434,0.3635166957974434,True
JOB,21a,18,0.3635166957974434,0.3635166957974434,True
JOB,21a,17,0.3635166957974434,0.11367013305425644,False
JOB,21a,16,0.3635166957974434,0.09767017513513565,False
JOB,21a,15,0.3635166957974434,0.07205665111541748,False
JOB,21a,14,0.3635166957974434,0.06648135185241699,False
JOB,21a,13,0.3635166957974434,0.07686148583889008,False
JOB,21a,12,0.3635166957974434,0.07631545513868332,False
JOB,21a,11,0.3635166957974434,0.07851548492908478,False
JOB,21a,10,0.3635166957974434,0.08744480460882187,False
JOB,21a,9,0.3635166957974434,0.110426165163517,False
JOB,21a,8,0.3635166957974434,0.10864496231079102,False
JOB,21a,7,0.3635166957974434,0.08221203088760376,False
JOB,21a,6,0.3635166957974434,0.08408722281455994,False
JOB,21a,5,0.3635166957974434,0.08535540848970413,False
JOB,21a,4,0.3635166957974434,0.08086466789245605,False
JOB,21a,3,0.3635166957974434,0.04697854816913605,False
JOB,21a,2,0.3635166957974434,0.04610024392604828,False
JOB,21a,1,0.3635166957974434,0.11227809637784958,False
JOB,21a,0,0.3635166957974434,0.11186095327138901,False
JOB,21b,63,0.29240090399980545,0.07121513783931732,False
JOB,21b,62,0.29240090399980545,0.06715964525938034,False
JOB,21b,61,0.29240090399980545,0.07500117272138596,False
JOB,21b,60,0.29240090399980545,0.07268356531858444,False
JOB,21b,59,0.29240090399980545,0.06973449140787125,False
JOB,21b,58,0.29240090399980545,0.07476410269737244,False
JOB,21b,57,0.29240090399980545,0.06028611212968826,False
JOB,21b,56,0.29240090399980545,0.05641096085309982,False
JOB,21b,55,0.29240090399980545,0.29240090399980545,True
JOB,21b,54,0.29240090399980545,0.29240090399980545,True
JOB,21b,53,0.29240090399980545,0.29240090399980545,True
JOB,21b,52,0.29240090399980545,0.29240090399980545,True
JOB,21b,51,0.29240090399980545,0.29240090399980545,True
JOB,21b,50,0.29240090399980545,0.29240090399980545,True
JOB,21b,49,0.29240090399980545,0.09883952140808105,False
JOB,21b,48,0.29240090399980545,0.10613303631544113,False
JOB,21b,47,0.29240090399980545,0.06335638463497162,False
JOB,21b,46,0.29240090399980545,0.0566725954413414,False
JOB,21b,45,0.29240090399980545,0.0623064786195755,False
JOB,21b,44,0.29240090399980545,0.06330951303243637,False
JOB,21b,43,0.29240090399980545,0.06481651961803436,False
JOB,21b,42,0.29240090399980545,0.06425941735506058,False
JOB,21b,41,0.29240090399980545,0.05919768661260605,False
JOB,21b,40,0.29240090399980545,0.05461079627275467,False
JOB,21b,39,0.29240090399980545,0.29240090399980545,True
JOB,21b,38,0.29240090399980545,0.29240090399980545,True
JOB,21b,37,0.29240090399980545,0.29240090399980545,True
JOB,21b,36,0.29240090399980545,0.29240090399980545,True
JOB,21b,35,0.29240090399980545,0.29240090399980545,True
JOB,21b,34,0.29240090399980545,0.29240090399980545,True
JOB,21b,33,0.29240090399980545,0.06079098582267761,False
JOB,21b,32,0.29240090399980545,0.05615775287151337,False
JOB,21b,31,0.29240090399980545,0.06441392004489899,False
JOB,21b,30,0.29240090399980545,0.05704546719789505,False
JOB,21b,29,0.29240090399980545,0.08071981370449066,False
JOB,21b,28,0.29240090399980545,0.06868208944797516,False
JOB,21b,27,0.29240090399980545,0.0704895630478859,False
JOB,21b,26,0.29240090399980545,0.06847161054611206,False
JOB,21b,25,0.29240090399980545,0.057450421154499054,False
JOB,21b,24,0.29240090399980545,0.05656690150499344,False
JOB,21b,23,0.29240090399980545,0.29240090399980545,True
JOB,21b,22,0.29240090399980545,0.29240090399980545,True
JOB,21b,21,0.29240090399980545,0.29240090399980545,True
JOB,21b,20,0.29240090399980545,0.29240090399980545,True
JOB,21b,19,0.29240090399980545,0.29240090399980545,True
JOB,21b,18,0.29240090399980545,0.29240090399980545,True
JOB,21b,17,0.29240090399980545,0.09765466302633286,False
JOB,21b,16,0.29240090399980545,0.09233831614255905,False
JOB,21b,15,0.29240090399980545,0.06155124306678772,False
JOB,21b,14,0.29240090399980545,0.06786089390516281,False
JOB,21b,13,0.29240090399980545,0.06377673894166946,False
JOB,21b,12,0.29240090399980545,0.06553102284669876,False
JOB,21b,11,0.29240090399980545,0.06757432222366333,False
JOB,21b,10,0.29240090399980545,0.06299974024295807,False
JOB,21b,9,0.29240090399980545,0.05812796205282211,False
JOB,21b,8,0.29240090399980545,0.05524449050426483,False
JOB,21b,7,0.29240090399980545,0.04117265343666077,False
JOB,21b,6,0.29240090399980545,0.04151483625173569,False
JOB,21b,5,0.29240090399980545,0.04059024900197983,False
JOB,21b,4,0.29240090399980545,0.04183809459209442,False
JOB,21b,3,0.29240090399980545,0.04263216257095337,False
JOB,21b,2,0.29240090399980545,0.04213699698448181,False
JOB,21b,1,0.29240090399980545,0.0584358274936676,False
JOB,21b,0,0.29240090399980545,0.055883683264255524,False
JOB,21c,63,0.3230582922697067,0.08511526137590408,False
JOB,21c,62,0.3230582922697067,0.07456758618354797,False
JOB,21c,61,0.3230582922697067,0.09362331032752991,False
JOB,21c,60,0.3230582922697067,0.08358514308929443,False
JOB,21c,59,0.3230582922697067,0.07516425848007202,False
JOB,21c,58,0.3230582922697067,0.07563466578722,False
JOB,21c,57,0.3230582922697067,0.05865556746721268,False
JOB,21c,56,0.3230582922697067,0.05774953216314316,False
JOB,21c,55,0.3230582922697067,0.3230582922697067,True
JOB,21c,54,0.3230582922697067,0.3230582922697067,True
JOB,21c,53,0.3230582922697067,0.3230582922697067,True
JOB,21c,52,0.3230582922697067,0.3230582922697067,True
JOB,21c,51,0.3230582922697067,0.3230582922697067,True
JOB,21c,50,0.3230582922697067,0.3230582922697067,True
JOB,21c,49,0.3230582922697067,0.12056508660316467,False
JOB,21c,48,0.3230582922697067,0.10925464332103729,False
JOB,21c,47,0.3230582922697067,0.06448030471801758,False
JOB,21c,46,0.3230582922697067,0.06190384924411774,False
JOB,21c,45,0.3230582922697067,0.07944871485233307,False
JOB,21c,44,0.3230582922697067,0.06948202103376389,False
JOB,21c,43,0.3230582922697067,0.06999945640563965,False
JOB,21c,42,0.3230582922697067,0.06799120455980301,False
JOB,21c,41,0.3230582922697067,0.060685671865940094,False
JOB,21c,40,0.3230582922697067,0.06957726180553436,False
JOB,21c,39,0.3230582922697067,0.3230582922697067,True
JOB,21c,38,0.3230582922697067,0.3230582922697067,True
JOB,21c,37,0.3230582922697067,0.3230582922697067,True
JOB,21c,36,0.3230582922697067,0.3230582922697067,True
JOB,21c,35,0.3230582922697067,0.3230582922697067,True
JOB,21c,34,0.3230582922697067,0.3230582922697067,True
JOB,21c,33,0.3230582922697067,0.06241682916879654,False
JOB,21c,32,0.3230582922697067,0.0562453493475914,False
JOB,21c,31,0.3230582922697067,0.06696775555610657,False
JOB,21c,30,0.3230582922697067,0.061147913336753845,False
JOB,21c,29,0.3230582922697067,0.08184969425201416,False
JOB,21c,28,0.3230582922697067,0.09234721213579178,False
JOB,21c,27,0.3230582922697067,0.0751195028424263,False
JOB,21c,26,0.3230582922697067,0.07114306092262268,False
JOB,21c,25,0.3230582922697067,0.05861717462539673,False
JOB,21c,24,0.3230582922697067,0.05804814398288727,False
JOB,21c,23,0.3230582922697067,0.3230582922697067,True
JOB,21c,22,0.3230582922697067,0.3172595277428627,False
JOB,21c,21,0.3230582922697067,0.3230582922697067,True
JOB,21c,20,0.3230582922697067,0.3230582922697067,True
JOB,21c,19,0.3230582922697067,0.3230582922697067,True
JOB,21c,18,0.3230582922697067,0.3230582922697067,True
JOB,21c,17,0.3230582922697067,0.11370648443698883,False
JOB,21c,16,0.3230582922697067,0.10788627713918686,False
JOB,21c,15,0.3230582922697067,0.06625784188508987,False
JOB,21c,14,0.3230582922697067,0.05989266186952591,False
JOB,21c,13,0.3230582922697067,0.06753215938806534,False
JOB,21c,12,0.3230582922697067,0.07412011921405792,False
JOB,21c,11,0.3230582922697067,0.07102786749601364,False
JOB,21c,10,0.3230582922697067,0.07152250409126282,False
JOB,21c,9,0.3230582922697067,0.05936221778392792,False
JOB,21c,8,0.3230582922697067,0.05577355623245239,False
JOB,21c,7,0.3230582922697067,0.04432210326194763,False
JOB,21c,6,0.3230582922697067,0.04275835305452347,False
JOB,21c,5,0.3230582922697067,0.04287942498922348,False
JOB,21c,4,0.3230582922697067,0.04250974953174591,False
JOB,21c,3,0.3230582922697067,0.04666665941476822,False
JOB,21c,2,0.3230582922697067,0.046872928738594055,False
JOB,21c,1,0.3230582922697067,0.05678968131542206,False
JOB,21c,0,0.3230582922697067,0.05685918778181076,False
JOB,22a,63,1.5974362939596176,0.3515646904706955,False
JOB,22a,62,1.5974362939596176,0.3363189101219177,False
JOB,22a,61,1.5974362939596176,0.3675496354699135,False
JOB,22a,60,1.5974362939596176,0.37006453424692154,False
JOB,22a,59,1.5974362939596176,0.4323941692709923,False
JOB,22a,58,1.5974362939596176,0.43508753925561905,False
JOB,22a,57,1.5974362939596176,1.5974362939596176,True
JOB,22a,56,1.5974362939596176,1.5974362939596176,True
JOB,22a,55,1.5974362939596176,1.5974362939596176,True
JOB,22a,54,1.5974362939596176,1.5974362939596176,True
JOB,22a,53,1.5974362939596176,1.5974362939596176,True
JOB,22a,52,1.5974362939596176,1.5974362939596176,True
JOB,22a,51,1.5974362939596176,1.5974362939596176,True
JOB,22a,50,1.5974362939596176,1.5974362939596176,True
JOB,22a,49,1.5974362939596176,1.5974362939596176,True
JOB,22a,48,1.5974362939596176,1.5974362939596176,True
JOB,22a,47,1.5974362939596176,0.3269934430718422,False
JOB,22a,46,1.5974362939596176,0.32396526634693146,False
JOB,22a,45,1.5974362939596176,0.3616137430071831,False
JOB,22a,44,1.5974362939596176,0.3812042102217674,False
JOB,22a,43,1.5974362939596176,0.42467593401670456,False
JOB,22a,42,1.5974362939596176,0.4286106303334236,False
JOB,22a,41,1.5974362939596176,1.5974362939596176,True
JOB,22a,40,1.5974362939596176,1.5974362939596176,True
JOB,22a,39,1.5974362939596176,1.5974362939596176,True
JOB,22a,38,1.5974362939596176,1.5974362939596176,True
JOB,22a,37,1.5974362939596176,1.5974362939596176,True
JOB,22a,36,1.5974362939596176,1.5974362939596176,True
JOB,22a,35,1.5974362939596176,1.5974362939596176,True
JOB,22a,34,1.5974362939596176,1.5974362939596176,True
JOB,22a,33,1.5974362939596176,1.5974362939596176,True
JOB,22a,32,1.5974362939596176,1.5974362939596176,True
JOB,22a,31,1.5974362939596176,0.33753953129053116,False
JOB,22a,30,1.5974362939596176,0.3346623331308365,False
JOB,22a,29,1.5974362939596176,0.37458544224500656,False
JOB,22a,28,1.5974362939596176,0.3698052763938904,False
JOB,22a,27,1.5974362939596176,0.4319832995533943,False
JOB,22a,26,1.5974362939596176,0.4478631466627121,False
JOB,22a,25,1.5974362939596176,1.5974362939596176,True
JOB,22a,24,1.5974362939596176,1.5974362939596176,True
JOB,22a,23,1.5974362939596176,1.5974362939596176,True
JOB,22a,22,1.5974362939596176,1.5974362939596176,True
JOB,22a,21,1.5974362939596176,1.5974362939596176,True
JOB,22a,20,1.5974362939596176,1.5974362939596176,True
JOB,22a,19,1.5974362939596176,1.5974362939596176,True
JOB,22a,18,1.5974362939596176,1.5974362939596176,True
JOB,22a,17,1.5974362939596176,1.5974362939596176,True
JOB,22a,16,1.5974362939596176,1.5974362939596176,True
JOB,22a,15,1.5974362939596176,0.3321229889988899,False
JOB,22a,14,1.5974362939596176,0.3272768035531044,False
JOB,22a,13,1.5974362939596176,0.36915866285562515,False
JOB,22a,12,1.5974362939596176,0.3663475289940834,False
JOB,22a,11,1.5974362939596176,0.43353524804115295,False
JOB,22a,10,1.5974362939596176,0.42755044996738434,False
JOB,22a,9,1.5974362939596176,1.5974362939596176,True
JOB,22a,8,1.5974362939596176,1.5974362939596176,True
JOB,22a,7,1.5974362939596176,1.5974362939596176,True
JOB,22a,6,1.5974362939596176,1.5974362939596176,True
JOB,22a,5,1.5974362939596176,1.5974362939596176,True
JOB,22a,4,1.5974362939596176,1.5974362939596176,True
JOB,22a,3,1.5974362939596176,1.5974362939596176,True
JOB,22a,2,1.5974362939596176,1.5974362939596176,True
JOB,22a,1,1.5974362939596176,1.5974362939596176,True
JOB,22a,0,1.5974362939596176,1.5974362939596176,True
JOB,22b,63,0.9477164596319199,0.2129361629486084,False
JOB,22b,62,0.9477164596319199,0.1946602240204811,False
JOB,22b,61,0.9477164596319199,0.23408698290586472,False
JOB,22b,60,0.9477164596319199,0.23264796286821365,False
JOB,22b,59,0.9477164596319199,0.29419834166765213,False
JOB,22b,58,0.9477164596319199,0.2893606200814247,False
JOB,22b,57,0.9477164596319199,0.9477164596319199,True
JOB,22b,56,0.9477164596319199,0.9477164596319199,True
JOB,22b,55,0.9477164596319199,0.9477164596319199,True
JOB,22b,54,0.9477164596319199,0.9477164596319199,True
JOB,22b,53,0.9477164596319199,0.9477164596319199,True
JOB,22b,52,0.9477164596319199,0.9477164596319199,True
JOB,22b,51,0.9477164596319199,0.9477164596319199,True
JOB,22b,50,0.9477164596319199,0.9477164596319199,True
JOB,22b,49,0.9477164596319199,0.9477164596319199,True
JOB,22b,48,0.9477164596319199,0.9477164596319199,True
JOB,22b,47,0.9477164596319199,0.19903302937746048,False
JOB,22b,46,0.9477164596319199,0.18919537216424942,False
JOB,22b,45,0.9477164596319199,0.22734098881483078,False
JOB,22b,44,0.9477164596319199,0.2298937886953354,False
JOB,22b,43,0.9477164596319199,0.27882295846939087,False
JOB,22b,42,0.9477164596319199,0.27947454154491425,False
JOB,22b,41,0.9477164596319199,0.9477164596319199,True
JOB,22b,40,0.9477164596319199,0.9477164596319199,True
JOB,22b,39,0.9477164596319199,0.9477164596319199,True
JOB,22b,38,0.9477164596319199,0.9477164596319199,True
JOB,22b,37,0.9477164596319199,0.9477164596319199,True
JOB,22b,36,0.9477164596319199,0.9477164596319199,True
JOB,22b,35,0.9477164596319199,0.9477164596319199,True
JOB,22b,34,0.9477164596319199,0.9477164596319199,True
JOB,22b,33,0.9477164596319199,0.9477164596319199,True
JOB,22b,32,0.9477164596319199,0.9477164596319199,True
JOB,22b,31,0.9477164596319199,0.2012113705277443,False
JOB,22b,30,0.9477164596319199,0.19494634866714478,False
JOB,22b,29,0.9477164596319199,0.23154371231794357,False
JOB,22b,28,0.9477164596319199,0.2342606708407402,False
JOB,22b,27,0.9477164596319199,0.28523052483797073,False
JOB,22b,26,0.9477164596319199,0.27982765436172485,False
JOB,22b,25,0.9477164596319199,0.9477164596319199,True
JOB,22b,24,0.9477164596319199,0.9477164596319199,True
JOB,22b,23,0.9477164596319199,0.9477164596319199,True
JOB,22b,22,0.9477164596319199,0.9477164596319199,True
JOB,22b,21,0.9477164596319199,0.9477164596319199,True
JOB,22b,20,0.9477164596319199,0.9477164596319199,True
JOB,22b,19,0.9477164596319199,0.9477164596319199,True
JOB,22b,18,0.9477164596319199,0.9477164596319199,True
JOB,22b,17,0.9477164596319199,0.9477164596319199,True
JOB,22b,16,0.9477164596319199,0.9477164596319199,True
JOB,22b,15,0.9477164596319199,0.19271042197942734,False
JOB,22b,14,0.9477164596319199,0.19271405786275864,False
JOB,22b,13,0.9477164596319199,0.23081160336732864,False
JOB,22b,12,0.9477164596319199,0.22549311816692352,False
JOB,22b,11,0.9477164596319199,0.2784051299095154,False
JOB,22b,10,0.9477164596319199,0.27892567962408066,False
JOB,22b,9,0.9477164596319199,0.9477164596319199,True
JOB,22b,8,0.9477164596319199,0.9477164596319199,True
JOB,22b,7,0.9477164596319199,0.9477164596319199,True
JOB,22b,6,0.9477164596319199,0.9477164596319199,True
JOB,22b,5,0.9477164596319199,0.9477164596319199,True
JOB,22b,4,0.9477164596319199,0.9477164596319199,True
JOB,22b,3,0.9477164596319199,0.9477164596319199,True
JOB,22b,2,0.9477164596319199,0.9477164596319199,True
JOB,22b,1,0.9477164596319199,0.9477164596319199,True
JOB,22b,0,0.9477164596319199,0.9477164596319199,True
JOB,22c,63,8.144043982028961,1.6682089641690254,False
JOB,22c,62,8.144043982028961,1.6667505428195,False
JOB,22c,61,8.144043982028961,1.6300172582268715,False
JOB,22c,60,8.144043982028961,1.6227812394499779,False
JOB,22c,59,8.144043982028961,1.786736212670803,False
JOB,22c,58,8.144043982028961,1.7944012135267258,False
JOB,22c,57,8.144043982028961,8.144043982028961,True
JOB,22c,56,8.144043982028961,8.144043982028961,True
JOB,22c,55,8.144043982028961,5.114304177463055,False
JOB,22c,54,8.144043982028961,5.092606209218502,False
JOB,22c,53,8.144043982028961,7.206990338861942,False
JOB,22c,52,8.144043982028961,7.22582995146513,False
JOB,22c,51,8.144043982028961,5.080421879887581,False
JOB,22c,50,8.144043982028961,5.092478044331074,False
JOB,22c,49,8.144043982028961,8.144043982028961,True
JOB,22c,48,8.144043982028961,8.144043982028961,True
JOB,22c,47,8.144043982028961,1.6265018582344055,False
JOB,22c,46,8.144043982028961,1.6403319165110588,False
JOB,22c,45,8.144043982028961,1.6147664114832878,False
JOB,22c,44,8.144043982028961,1.6517470106482506,False
JOB,22c,43,8.144043982028961,1.7885388657450676,False
JOB,22c,42,8.144043982028961,1.7979093566536903,False
JOB,22c,41,8.144043982028961,8.144043982028961,True
JOB,22c,40,8.144043982028961,8.144043982028961,True
JOB,22c,39,8.144043982028961,5.076685391366482,False
JOB,22c,38,8.144043982028961,5.10048745572567,False
JOB,22c,37,8.144043982028961,7.520399861037731,False
JOB,22c,36,8.144043982028961,7.513688296079636,False
JOB,22c,35,8.144043982028961,5.099439889192581,False
JOB,22c,34,8.144043982028961,5.087490402162075,False
JOB,22c,33,8.144043982028961,8.144043982028961,True
JOB,22c,32,8.144043982028961,8.144043982028961,True
JOB,22c,31,8.144043982028961,1.651926465332508,False
JOB,22c,30,8.144043982028961,1.6392462849617004,False
JOB,22c,29,8.144043982028961,1.6371795311570168,False
JOB,22c,28,8.144043982028961,1.6409999281167984,False
JOB,22c,27,8.144043982028961,1.817666046321392,False
JOB,22c,26,8.144043982028961,1.7930198162794113,False
JOB,22c,25,8.144043982028961,8.144043982028961,True
JOB,22c,24,8.144043982028961,8.144043982028961,True
JOB,22c,23,8.144043982028961,7.367736242711544,False
JOB,22c,22,8.144043982028961,7.331866383552551,False
JOB,22c,21,8.144043982028961,6.513326808810234,False
JOB,22c,20,8.144043982028961,6.495725750923157,False
JOB,22c,19,8.144043982028961,6.642861358821392,False
JOB,22c,18,8.144043982028961,6.511098362505436,False
JOB,22c,17,8.144043982028961,8.144043982028961,True
JOB,22c,16,8.144043982028961,8.144043982028961,True
JOB,22c,15,8.144043982028961,1.6441215053200722,False
JOB,22c,14,8.144043982028961,1.6339977234601974,False
JOB,22c,13,8.144043982028961,1.6319917663931847,False
JOB,22c,12,8.144043982028961,1.6202712953090668,False
JOB,22c,11,8.144043982028961,1.8025804534554482,False
JOB,22c,10,8.144043982028961,1.7884177342057228,False
JOB,22c,9,8.144043982028961,8.144043982028961,True
JOB,22c,8,8.144043982028961,8.144043982028961,True
JOB,22c,7,8.144043982028961,8.144043982028961,True
JOB,22c,6,8.144043982028961,8.144043982028961,True
JOB,22c,5,8.144043982028961,8.144043982028961,True
JOB,22c,4,8.144043982028961,8.144043982028961,True
JOB,22c,3,8.144043982028961,5.698516525328159,False
JOB,22c,2,8.144043982028961,5.6886321902275085,False
JOB,22c,1,8.144043982028961,8.144043982028961,True
JOB,22c,0,8.144043982028961,8.144043982028961,True
JOB,22d,63,2.989902123808861,0.6346104741096497,False
JOB,22d,62,2.989902123808861,0.6295389458537102,False
JOB,22d,61,2.989902123808861,0.663706824183464,False
JOB,22d,60,2.989902123808861,0.6647001728415489,False
JOB,22d,59,2.989902123808861,0.7757313624024391,False
JOB,22d,58,2.989902123808861,0.7747810259461403,False
JOB,22d,57,2.989902123808861,2.989902123808861,True
JOB,22d,56,2.989902123808861,2.989902123808861,True
JOB,22d,55,2.989902123808861,2.989902123808861,True
JOB,22d,54,2.989902123808861,2.989902123808861,True
JOB,22d,53,2.989902123808861,2.989902123808861,True
JOB,22d,52,2.989902123808861,2.989902123808861,True
JOB,22d,51,2.989902123808861,2.989902123808861,True
JOB,22d,50,2.989902123808861,2.989902123808861,True
JOB,22d,49,2.989902123808861,2.989902123808861,True
JOB,22d,48,2.989902123808861,2.989902123808861,True
JOB,22d,47,2.989902123808861,0.6220041140913963,False
JOB,22d,46,2.989902123808861,0.6224843040108681,False
JOB,22d,45,2.989902123808861,0.6537052690982819,False
JOB,22d,44,2.989902123808861,0.6588345766067505,False
JOB,22d,43,2.989902123808861,0.7722480595111847,False
JOB,22d,42,2.989902123808861,0.7701400592923164,False
JOB,22d,41,2.989902123808861,2.989902123808861,True
JOB,22d,40,2.989902123808861,2.989902123808861,True
JOB,22d,39,2.989902123808861,2.989902123808861,True
JOB,22d,38,2.989902123808861,2.989902123808861,True
JOB,22d,37,2.989902123808861,2.989902123808861,True
JOB,22d,36,2.989902123808861,2.989902123808861,True
JOB,22d,35,2.989902123808861,2.989902123808861,True
JOB,22d,34,2.989902123808861,2.989902123808861,True
JOB,22d,33,2.989902123808861,2.989902123808861,True
JOB,22d,32,2.989902123808861,2.989902123808861,True
JOB,22d,31,2.989902123808861,0.6280337050557137,False
JOB,22d,30,2.989902123808861,0.6295318827033043,False
JOB,22d,29,2.989902123808861,0.6607794612646103,False
JOB,22d,28,2.989902123808861,0.6625497862696648,False
JOB,22d,27,2.989902123808861,0.7693697884678841,False
JOB,22d,26,2.989902123808861,0.7763360515236855,False
JOB,22d,25,2.989902123808861,2.989902123808861,True
JOB,22d,24,2.989902123808861,2.989902123808861,True
JOB,22d,23,2.989902123808861,2.989902123808861,True
JOB,22d,22,2.989902123808861,2.989902123808861,True
JOB,22d,21,2.989902123808861,2.989902123808861,True
JOB,22d,20,2.989902123808861,2.989902123808861,True
JOB,22d,19,2.989902123808861,2.989902123808861,True
JOB,22d,18,2.989902123808861,2.989902123808861,True
JOB,22d,17,2.989902123808861,2.989902123808861,True
JOB,22d,16,2.989902123808861,2.989902123808861,True
JOB,22d,15,2.989902123808861,0.6213346123695374,False
JOB,22d,14,2.989902123808861,0.6173796281218529,False
JOB,22d,13,2.989902123808861,0.6543464809656143,False
JOB,22d,12,2.989902123808861,0.6555026769638062,False
JOB,22d,11,2.989902123808861,0.7725697532296181,False
JOB,22d,10,2.989902123808861,0.7663469389081001,False
JOB,22d,9,2.989902123808861,2.989902123808861,True
JOB,22d,8,2.989902123808861,2.989902123808861,True
JOB,22d,7,2.989902123808861,2.989902123808861,True
JOB,22d,6,2.989902123808861,2.989902123808861,True
JOB,22d,5,2.989902123808861,2.989902123808861,True
JOB,22d,4,2.989902123808861,2.989902123808861,True
JOB,22d,3,2.989902123808861,2.4705873131752014,False
JOB,22d,2,2.989902123808861,2.4499484822154045,False
JOB,22d,1,2.989902123808861,2.989902123808861,True
JOB,22d,0,2.989902123808861,2.989902123808861,True
JOB,23a,63,1.3070140779018402,0.2941041812300682,False
JOB,23a,62,1.3070140779018402,0.2735367640852928,False
JOB,23a,61,1.3070140779018402,0.2666406109929085,False
JOB,23a,60,1.3070140779018402,0.2634802982211113,False
JOB,23a,59,1.3070140779018402,0.2802482917904854,False
JOB,23a,58,1.3070140779018402,0.2839943543076515,False
JOB,23a,57,1.3070140779018402,0.5991656184196472,False
JOB,23a,56,1.3070140779018402,0.5860396102070808,False
JOB,23a,55,1.3070140779018402,1.3070140779018402,True
JOB,23a,54,1.3070140779018402,1.3070140779018402,True
JOB,23a,53,1.3070140779018402,1.3070140779018402,True
JOB,23a,52,1.3070140779018402,1.3070140779018402,True
JOB,23a,51,1.3070140779018402,1.3070140779018402,True
JOB,23a,50,1.3070140779018402,1.3070140779018402,True
JOB,23a,49,1.3070140779018402,1.3070140779018402,True
JOB,23a,48,1.3070140779018402,1.3070140779018402,True
JOB,23a,47,1.3070140779018402,0.2772236838936806,False
JOB,23a,46,1.3070140779018402,0.269418865442276,False
JOB,23a,45,1.3070140779018402,0.25978750735521317,False
JOB,23a,44,1.3070140779018402,0.25404922664165497,False
JOB,23a,43,1.3070140779018402,0.2727520763874054,False
JOB,23a,42,1.3070140779018402,0.275823138654232,False
JOB,23a,41,1.3070140779018402,0.5857809484004974,False
JOB,23a,40,1.3070140779018402,0.5867530927062035,False
JOB,23a,39,1.3070140779018402,1.3070140779018402,True
JOB,23a,38,1.3070140779018402,1.3070140779018402,True
JOB,23a,37,1.3070140779018402,1.3070140779018402,True
JOB,23a,36,1.3070140779018402,1.3070140779018402,True
JOB,23a,35,1.3070140779018402,1.3070140779018402,True
JOB,23a,34,1.3070140779018402,1.3070140779018402,True
JOB,23a,33,1.3070140779018402,0.5897244513034821,False
JOB,23a,32,1.3070140779018402,0.5946587175130844,False
JOB,23a,31,1.3070140779018402,0.15968767553567886,False
JOB,23a,30,1.3070140779018402,0.15787363797426224,False
JOB,23a,29,1.3070140779018402,0.15359021723270416,False
JOB,23a,28,1.3070140779018402,0.15321167558431625,False
JOB,23a,27,1.3070140779018402,0.30977796018123627,False
JOB,23a,26,1.3070140779018402,0.30825869739055634,False
JOB,23a,25,1.3070140779018402,0.6008794456720352,False
JOB,23a,24,1.3070140779018402,0.59423016756773,False
JOB,23a,23,1.3070140779018402,1.3070140779018402,True
JOB,23a,22,1.3070140779018402,1.3070140779018402,True
JOB,23a,21,1.3070140779018402,1.3070140779018402,True
JOB,23a,20,1.3070140779018402,1.3070140779018402,True
JOB,23a,19,1.3070140779018402,1.3070140779018402,True
JOB,23a,18,1.3070140779018402,1.3070140779018402,True
JOB,23a,17,1.3070140779018402,1.3070140779018402,True
JOB,23a,16,1.3070140779018402,1.3070140779018402,True
JOB,23a,15,1.3070140779018402,0.1587485373020172,False
JOB,23a,14,1.3070140779018402,0.15190963447093964,False
JOB,23a,13,1.3070140779018402,0.14855783432722092,False
JOB,23a,12,1.3070140779018402,0.149254210293293,False
JOB,23a,11,1.3070140779018402,0.1615661010146141,False
JOB,23a,10,1.3070140779018402,0.16027484834194183,False
JOB,23a,9,1.3070140779018402,0.5838661342859268,False
JOB,23a,8,1.3070140779018402,0.5883205160498619,False
JOB,23a,7,1.3070140779018402,1.3070140779018402,True
JOB,23a,6,1.3070140779018402,1.3070140779018402,True
JOB,23a,5,1.3070140779018402,1.3070140779018402,True
JOB,23a,4,1.3070140779018402,1.3070140779018402,True
JOB,23a,3,1.3070140779018402,0.46758151799440384,False
JOB,23a,2,1.3070140779018402,0.4721955358982086,False
JOB,23a,1,1.3070140779018402,0.5848299488425255,False
JOB,23a,0,1.3070140779018402,0.5896645411849022,False
JOB,23b,63,0.28586264699697495,0.07837951183319092,False
JOB,23b,62,0.28586264699697495,0.0585886687040329,False
JOB,23b,61,0.28586264699697495,0.09877333790063858,False
JOB,23b,60,0.28586264699697495,0.09737028181552887,False
JOB,23b,59,0.28586264699697495,0.05872667580842972,False
JOB,23b,58,0.28586264699697495,0.05661323666572571,False
JOB,23b,57,0.28586264699697495,0.28586264699697495,True
JOB,23b,56,0.28586264699697495,0.28586264699697495,True
JOB,23b,55,0.28586264699697495,0.28586264699697495,True
JOB,23b,54,0.28586264699697495,0.28586264699697495,True
JOB,23b,53,0.28586264699697495,0.28586264699697495,True
JOB,23b,52,0.28586264699697495,0.28586264699697495,True
JOB,23b,51,0.28586264699697495,0.28586264699697495,True
JOB,23b,50,0.28586264699697495,0.28586264699697495,True
JOB,23b,49,0.28586264699697495,0.28586264699697495,True
JOB,23b,48,0.28586264699697495,0.28586264699697495,True
JOB,23b,47,0.28586264699697495,0.056997738778591156,False
JOB,23b,46,0.28586264699697495,0.053573235869407654,False
JOB,23b,45,0.28586264699697495,0.09616648405790329,False
JOB,23b,44,0.28586264699697495,0.09335904568433762,False
JOB,23b,43,0.28586264699697495,0.052009209990501404,False
JOB,23b,42,0.28586264699697495,0.05250810831785202,False
JOB,23b,41,0.28586264699697495,0.28586264699697495,True
JOB,23b,40,0.28586264699697495,0.28586264699697495,True
JOB,23b,39,0.28586264699697495,0.28586264699697495,True
JOB,23b,38,0.28586264699697495,0.28586264699697495,True
JOB,23b,37,0.28586264699697495,0.28586264699697495,True
JOB,23b,36,0.28586264699697495,0.28586264699697495,True
JOB,23b,35,0.28586264699697495,0.28586264699697495,True
JOB,23b,34,0.28586264699697495,0.28586264699697495,True
JOB,23b,33,0.28586264699697495,0.28586264699697495,True
JOB,23b,32,0.28586264699697495,0.28586264699697495,True
JOB,23b,31,0.28586264699697495,0.061099134385585785,False
JOB,23b,30,0.28586264699697495,0.05778674781322479,False
JOB,23b,29,0.28586264699697495,0.10015174001455307,False
JOB,23b,28,0.28586264699697495,0.09635047614574432,False
JOB,23b,27,0.28586264699697495,0.05426456779241562,False
JOB,23b,26,0.28586264699697495,0.052939318120479584,False
JOB,23b,25,0.28586264699697495,0.28586264699697495,True
JOB,23b,24,0.28586264699697495,0.28586264699697495,True
JOB,23b,23,0.28586264699697495,0.28586264699697495,True
JOB,23b,22,0.28586264699697495,0.28586264699697495,True
JOB,23b,21,0.28586264699697495,0.28586264699697495,True
JOB,23b,20,0.28586264699697495,0.28586264699697495,True
JOB,23b,19,0.28586264699697495,0.28586264699697495,True
JOB,23b,18,0.28586264699697495,0.28586264699697495,True
JOB,23b,17,0.28586264699697495,0.28586264699697495,True
JOB,23b,16,0.28586264699697495,0.28586264699697495,True
JOB,23b,15,0.28586264699697495,0.05614770948886871,False
JOB,23b,14,0.28586264699697495,0.053435251116752625,False
JOB,23b,13,0.28586264699697495,0.0939226895570755,False
JOB,23b,12,0.28586264699697495,0.0932345986366272,False
JOB,23b,11,0.28586264699697495,0.049375906586647034,False
JOB,23b,10,0.28586264699697495,0.04889097064733505,False
JOB,23b,9,0.28586264699697495,0.28586264699697495,True
JOB,23b,8,0.28586264699697495,0.28586264699697495,True
JOB,23b,7,0.28586264699697495,0.28586264699697495,True
JOB,23b,6,0.28586264699697495,0.28586264699697495,True
JOB,23b,5,0.28586264699697495,0.28586264699697495,True
JOB,23b,4,0.28586264699697495,0.28586264699697495,True
JOB,23b,3,0.28586264699697495,0.05369853228330612,False
JOB,23b,2,0.28586264699697495,0.049571432173252106,False
JOB,23b,1,0.28586264699697495,0.28586264699697495,True
JOB,23b,0,0.28586264699697495,0.28586264699697495,True
JOB,23c,63,1.3434488326311111,0.33034638315439224,False
JOB,23c,62,1.3434488326311111,0.3173351213335991,False
JOB,23c,61,1.3434488326311111,0.3021676316857338,False
JOB,23c,60,1.3434488326311111,0.3150065317749977,False
JOB,23c,59,1.3434488326311111,0.6515564620494843,False
JOB,23c,58,1.3434488326311111,0.6544620990753174,False
JOB,23c,57,1.3434488326311111,0.974634438753128,False
JOB,23c,56,1.3434488326311111,0.9792859479784966,False
JOB,23c,55,1.3434488326311111,1.3434488326311111,True
JOB,23c,54,1.3434488326311111,1.3434488326311111,True
JOB,23c,53,1.3434488326311111,1.3434488326311111,True
JOB,23c,52,1.3434488326311111,1.3434488326311111,True
JOB,23c,51,1.3434488326311111,1.3434488326311111,True
JOB,23c,50,1.3434488326311111,1.3434488326311111,True
JOB,23c,49,1.3434488326311111,1.3434488326311111,True
JOB,23c,48,1.3434488326311111,1.3434488326311111,True
JOB,23c,47,1.3434488326311111,0.31811007112264633,False
JOB,23c,46,1.3434488326311111,0.30763014405965805,False
JOB,23c,45,1.3434488326311111,0.2936927229166031,False
JOB,23c,44,1.3434488326311111,0.2914145439863205,False
JOB,23c,43,1.3434488326311111,0.6437346860766411,False
JOB,23c,42,1.3434488326311111,0.6413078084588051,False
JOB,23c,41,1.3434488326311111,0.9696464911103249,False
JOB,23c,40,1.3434488326311111,0.9591397941112518,False
JOB,23c,39,1.3434488326311111,1.3434488326311111,True
JOB,23c,38,1.3434488326311111,1.3434488326311111,True
JOB,23c,37,1.3434488326311111,1.3434488326311111,True
JOB,23c,36,1.3434488326311111,1.3434488326311111,True
JOB,23c,35,1.3434488326311111,1.3434488326311111,True
JOB,23c,34,1.3434488326311111,1.3434488326311111,True
JOB,23c,33,1.3434488326311111,1.3434488326311111,True
JOB,23c,32,1.3434488326311111,1.3434488326311111,True
JOB,23c,31,1.3434488326311111,0.2996900975704193,False
JOB,23c,30,1.3434488326311111,0.30967629700899124,False
JOB,23c,29,1.3434488326311111,0.29492247849702835,False
JOB,23c,28,1.3434488326311111,0.29806093871593475,False
JOB,23c,27,1.3434488326311111,0.4938533678650856,False
JOB,23c,26,1.3434488326311111,0.4828611761331558,False
JOB,23c,25,1.3434488326311111,0.9688146263360977,False
JOB,23c,24,1.3434488326311111,0.9817638099193573,False
JOB,23c,23,1.3434488326311111,1.3434488326311111,True
JOB,23c,22,1.3434488326311111,1.3434488326311111,True
JOB,23c,21,1.3434488326311111,1.3434488326311111,True
JOB,23c,20,1.3434488326311111,1.3434488326311111,True
JOB,23c,19,1.3434488326311111,1.3434488326311111,True
JOB,23c,18,1.3434488326311111,1.3434488326311111,True
JOB,23c,17,1.3434488326311111,1.3434488326311111,True
JOB,23c,16,1.3434488326311111,1.3434488326311111,True
JOB,23c,15,1.3434488326311111,0.29916101694107056,False
JOB,23c,14,1.3434488326311111,0.2946593686938286,False
JOB,23c,13,1.3434488326311111,0.29099833965301514,False
JOB,23c,12,1.3434488326311111,0.28645314276218414,False
JOB,23c,11,1.3434488326311111,0.4768802225589752,False
JOB,23c,10,1.3434488326311111,0.48320015519857407,False
JOB,23c,9,1.3434488326311111,0.9647887274622917,False
JOB,23c,8,1.3434488326311111,0.9775282591581345,False
JOB,23c,7,1.3434488326311111,1.3434488326311111,True
JOB,23c,6,1.3434488326311111,1.3434488326311111,True
JOB,23c,5,1.3434488326311111,1.3434488326311111,True
JOB,23c,4,1.3434488326311111,1.3434488326311111,True
JOB,23c,3,1.3434488326311111,0.48120320588350296,False
JOB,23c,2,1.3434488326311111,0.48288359493017197,False
JOB,23c,1,1.3434488326311111,0.9634417220950127,False
JOB,23c,0,1.3434488326311111,0.9715350121259689,False
JOB,24a,63,1.1031514033675194,0.2276473492383957,False
JOB,24a,62,1.1031514033675194,0.209100179374218,False
JOB,24a,61,1.1031514033675194,0.460551455616951,False
JOB,24a,60,1.1031514033675194,0.4625714421272278,False
JOB,24a,59,1.1031514033675194,0.24669063836336136,False
JOB,24a,58,1.1031514033675194,0.24440615624189377,False
JOB,24a,57,1.1031514033675194,1.1031514033675194,True
JOB,24a,56,1.1031514033675194,1.1031514033675194,True
JOB,24a,55,1.1031514033675194,1.1031514033675194,True
JOB,24a,54,1.1031514033675194,1.1031514033675194,True
JOB,24a,53,1.1031514033675194,1.1031514033675194,True
JOB,24a,52,1.1031514033675194,1.1031514033675194,True
JOB,24a,51,1.1031514033675194,1.1031514033675194,True
JOB,24a,50,1.1031514033675194,1.1031514033675194,True
JOB,24a,49,1.1031514033675194,1.1031514033675194,True
JOB,24a,48,1.1031514033675194,1.1031514033675194,True
JOB,24a,47,1.1031514033675194,0.208103246986866,False
JOB,24a,46,1.1031514033675194,0.19793639332056046,False
JOB,24a,45,1.1031514033675194,0.45558473467826843,False
JOB,24a,44,1.1031514033675194,0.4499582126736641,False
JOB,24a,43,1.1031514033675194,0.23527222871780396,False
JOB,24a,42,1.1031514033675194,0.23224767297506332,False
JOB,24a,41,1.1031514033675194,1.1031514033675194,True
JOB,24a,40,1.1031514033675194,1.1031514033675194,True
JOB,24a,39,1.1031514033675194,1.1031514033675194,True
JOB,24a,38,1.1031514033675194,1.1031514033675194,True
JOB,24a,37,1.1031514033675194,1.1031514033675194,True
JOB,24a,36,1.1031514033675194,1.1031514033675194,True
JOB,24a,35,1.1031514033675194,1.1031514033675194,True
JOB,24a,34,1.1031514033675194,1.1031514033675194,True
JOB,24a,33,1.1031514033675194,1.1031514033675194,True
JOB,24a,32,1.1031514033675194,1.1031514033675194,True
JOB,24a,31,1.1031514033675194,0.22144890576601028,False
JOB,24a,30,1.1031514033675194,0.21391873806715012,False
JOB,24a,29,1.1031514033675194,0.4540300890803337,False
JOB,24a,28,1.1031514033675194,0.4661009833216667,False
JOB,24a,27,1.1031514033675194,0.24071642011404037,False
JOB,24a,26,1.1031514033675194,0.25087977200746536,False
JOB,24a,25,1.1031514033675194,1.1031514033675194,True
JOB,24a,24,1.1031514033675194,1.1031514033675194,True
JOB,24a,23,1.1031514033675194,1.1031514033675194,True
JOB,24a,22,1.1031514033675194,1.1031514033675194,True
JOB,24a,21,1.1031514033675194,1.1031514033675194,True
JOB,24a,20,1.1031514033675194,1.1031514033675194,True
JOB,24a,19,1.1031514033675194,1.1031514033675194,True
JOB,24a,18,1.1031514033675194,1.1031514033675194,True
JOB,24a,17,1.1031514033675194,1.1031514033675194,True
JOB,24a,16,1.1031514033675194,1.1031514033675194,True
JOB,24a,15,1.1031514033675194,0.20134776830673218,False
JOB,24a,14,1.1031514033675194,0.19237202405929565,False
JOB,24a,13,1.1031514033675194,0.4538881778717041,False
JOB,24a,12,1.1031514033675194,0.44273167103528976,False
JOB,24a,11,1.1031514033675194,0.24117235094308853,False
JOB,24a,10,1.1031514033675194,0.2269224300980568,False
JOB,24a,9,1.1031514033675194,1.1031514033675194,True
JOB,24a,8,1.1031514033675194,1.1031514033675194,True
JOB,24a,7,1.1031514033675194,1.1031514033675194,True
JOB,24a,6,1.1031514033675194,1.1031514033675194,True
JOB,24a,5,1.1031514033675194,1.1031514033675194,True
JOB,24a,4,1.1031514033675194,1.1031514033675194,True
JOB,24a,3,1.1031514033675194,0.519762672483921,False
JOB,24a,2,1.1031514033675194,0.5375899970531464,False
JOB,24a,1,1.1031514033675194,1.1031514033675194,True
JOB,24a,0,1.1031514033675194,1.1031514033675194,True
JOB,24b,63,1.7649586498737335,0.3681965842843056,False
JOB,24b,62,1.7649586498737335,0.35496383160352707,False
JOB,24b,61,1.7649586498737335,0.16366511583328247,False
JOB,24b,60,1.7649586498737335,0.16077716648578644,False
JOB,24b,59,1.7649586498737335,0.37477392703294754,False
JOB,24b,58,1.7649586498737335,0.36768047511577606,False
JOB,24b,57,1.7649586498737335,1.7649586498737335,True
JOB,24b,56,1.7649586498737335,1.7649586498737335,True
JOB,24b,55,1.7649586498737335,1.7649586498737335,True
JOB,24b,54,1.7649586498737335,1.7649586498737335,True
JOB,24b,53,1.7649586498737335,1.7649586498737335,True
JOB,24b,52,1.7649586498737335,1.7649586498737335,True
JOB,24b,51,1.7649586498737335,1.7649586498737335,True
JOB,24b,50,1.7649586498737335,1.7649586498737335,True
JOB,24b,49,1.7649586498737335,1.4150378480553627,False
JOB,24b,48,1.7649586498737335,1.396433264017105,False
JOB,24b,47,1.7649586498737335,0.33753231912851334,False
JOB,24b,46,1.7649586498737335,0.33954716473817825,False
JOB,24b,45,1.7649586498737335,0.1634182408452034,False
JOB,24b,44,1.7649586498737335,0.14817949384450912,False
JOB,24b,43,1.7649586498737335,0.35778481513261795,False
JOB,24b,42,1.7649586498737335,0.35505039244890213,False
JOB,24b,41,1.7649586498737335,1.7649586498737335,True
JOB,24b,40,1.7649586498737335,1.7649586498737335,True
JOB,24b,39,1.7649586498737335,1.7649586498737335,True
JOB,24b,38,1.7649586498737335,1.7649586498737335,True
JOB,24b,37,1.7649586498737335,1.7649586498737335,True
JOB,24b,36,1.7649586498737335,1.7649586498737335,True
JOB,24b,35,1.7649586498737335,1.7649586498737335,True
JOB,24b,34,1.7649586498737335,1.7649586498737335,True
JOB,24b,33,1.7649586498737335,1.7649586498737335,True
JOB,24b,32,1.7649586498737335,1.7649586498737335,True
JOB,24b,31,1.7649586498737335,0.3526684194803238,False
JOB,24b,30,1.7649586498737335,0.34580276161432266,False
JOB,24b,29,1.7649586498737335,0.16155138611793518,False
JOB,24b,28,1.7649586498737335,0.15584678947925568,False
JOB,24b,27,1.7649586498737335,0.3639583960175514,False
JOB,24b,26,1.7649586498737335,0.37813539803028107,False
JOB,24b,25,1.7649586498737335,1.7649586498737335,True
JOB,24b,24,1.7649586498737335,1.7649586498737335,True
JOB,24b,23,1.7649586498737335,1.7649586498737335,True
JOB,24b,22,1.7649586498737335,1.7649586498737335,True
JOB,24b,21,1.7649586498737335,1.7649586498737335,True
JOB,24b,20,1.7649586498737335,1.7649586498737335,True
JOB,24b,19,1.7649586498737335,1.7649586498737335,True
JOB,24b,18,1.7649586498737335,1.7649586498737335,True
JOB,24b,17,1.7649586498737335,1.4146996513009071,False
JOB,24b,16,1.7649586498737335,1.3949364945292473,False
JOB,24b,15,1.7649586498737335,0.3366307243704796,False
JOB,24b,14,1.7649586498737335,0.3330181688070297,False
JOB,24b,13,1.7649586498737335,0.15805930644273758,False
JOB,24b,12,1.7649586498737335,0.15540828555822372,False
JOB,24b,11,1.7649586498737335,0.3656739443540573,False
JOB,24b,10,1.7649586498737335,0.35696861892938614,False
JOB,24b,9,1.7649586498737335,1.7649586498737335,True
JOB,24b,8,1.7649586498737335,1.7649586498737335,True
JOB,24b,7,1.7649586498737335,0.985799252986908,False
JOB,24b,6,1.7649586498737335,0.9749081134796143,False
JOB,24b,5,1.7649586498737335,1.0777162536978722,False
JOB,24b,4,1.7649586498737335,1.0742735788226128,False
JOB,24b,3,1.7649586498737335,0.09592601656913757,False
JOB,24b,2,1.7649586498737335,0.08568426221609116,False
JOB,24b,1,1.7649586498737335,1.7649586498737335,True
JOB,24b,0,1.7649586498737335,1.7649586498737335,True
JOB,25a,63,8.971234560012817,1.9478515833616257,False
JOB,25a,62,8.971234560012817,1.9260126948356628,False
JOB,25a,61,8.971234560012817,2.0014855936169624,False
JOB,25a,60,8.971234560012817,2.011113628745079,False
JOB,25a,59,8.971234560012817,2.3462536856532097,False
JOB,25a,58,8.971234560012817,2.3641112968325615,False
JOB,25a,57,8.971234560012817,5.66857198625803,False
JOB,25a,56,8.971234560012817,5.655766546726227,False
JOB,25a,55,8.971234560012817,6.93047059327364,False
JOB,25a,54,8.971234560012817,6.9127180725336075,False
JOB,25a,53,8.971234560012817,8.971234560012817,True
JOB,25a,52,8.971234560012817,8.971234560012817,True
JOB,25a,51,8.971234560012817,6.910755425691605,False
JOB,25a,50,8.971234560012817,6.937052823603153,False
JOB,25a,49,8.971234560012817,5.658686116337776,False
JOB,25a,48,8.971234560012817,5.657722629606724,False
JOB,25a,47,8.971234560012817,1.9361675307154655,False
JOB,25a,46,8.971234560012817,1.936039298772812,False
JOB,25a,45,8.971234560012817,2.0039790272712708,False
JOB,25a,44,8.971234560012817,2.009523533284664,False
JOB,25a,43,8.971234560012817,2.3513634502887726,False
JOB,25a,42,8.971234560012817,2.363488957285881,False
JOB,25a,41,8.971234560012817,5.6480967327952385,False
JOB,25a,40,8.971234560012817,5.664378672838211,False
JOB,25a,39,8.971234560012817,6.936452552676201,False
JOB,25a,38,8.971234560012817,6.945229560136795,False
JOB,25a,37,8.971234560012817,8.971234560012817,True
JOB,25a,36,8.971234560012817,8.971234560012817,True
JOB,25a,35,8.971234560012817,6.912205070257187,False
JOB,25a,34,8.971234560012817,6.900069743394852,False
JOB,25a,33,8.971234560012817,5.642119117081165,False
JOB,25a,32,8.971234560012817,5.653712600469589,False
JOB,25a,31,8.971234560012817,1.925820879638195,False
JOB,25a,30,8.971234560012817,1.9273537024855614,False
JOB,25a,29,8.971234560012817,1.9857109412550926,False
JOB,25a,28,8.971234560012817,2.0061890706419945,False
JOB,25a,27,8.971234560012817,2.3618198707699776,False
JOB,25a,26,8.971234560012817,2.3534392938017845,False
JOB,25a,25,8.971234560012817,5.648363493382931,False
JOB,25a,24,8.971234560012817,5.661569148302078,False
JOB,25a,23,8.971234560012817,8.971234560012817,True
JOB,25a,22,8.971234560012817,8.971234560012817,True
JOB,25a,21,8.971234560012817,8.971234560012817,True
JOB,25a,20,8.971234560012817,8.971234560012817,True
JOB,25a,19,8.971234560012817,8.971234560012817,True
JOB,25a,18,8.971234560012817,8.971234560012817,True
JOB,25a,17,8.971234560012817,5.652863413095474,False
JOB,25a,16,8.971234560012817,5.652494810521603,False
JOB,25a,15,8.971234560012817,1.9325598403811455,False
JOB,25a,14,8.971234560012817,1.9315777868032455,False
JOB,25a,13,8.971234560012817,1.9779561311006546,False
JOB,25a,12,8.971234560012817,2.001874677836895,False
JOB,25a,11,8.971234560012817,2.3445222452282906,False
JOB,25a,10,8.971234560012817,2.350176490843296,False
JOB,25a,9,8.971234560012817,5.645830698311329,False
JOB,25a,8,8.971234560012817,5.6652325466275215,False
JOB,25a,7,8.971234560012817,4.148132711648941,False
JOB,25a,6,8.971234560012817,4.153056226670742,False
JOB,25a,5,8.971234560012817,4.149965710937977,False
JOB,25a,4,8.971234560012817,4.151389487087727,False
JOB,25a,3,8.971234560012817,2.365266941487789,False
JOB,25a,2,8.971234560012817,2.355683669447899,False
JOB,25a,1,8.971234560012817,5.648904494941235,False
JOB,25a,0,8.971234560012817,5.654391206800938,False
JOB,25b,63,1.005319431424141,0.24909786134958267,False
JOB,25b,62,1.005319431424141,0.22441712766885757,False
JOB,25b,61,1.005319431424141,0.26399071514606476,False
JOB,25b,60,1.005319431424141,0.2660565823316574,False
JOB,25b,59,1.005319431424141,0.26091771572828293,False
JOB,25b,58,1.005319431424141,0.25426584482192993,False
JOB,25b,57,1.005319431424141,1.005319431424141,True
JOB,25b,56,1.005319431424141,1.005319431424141,True
JOB,25b,55,1.005319431424141,1.005319431424141,True
JOB,25b,54,1.005319431424141,1.005319431424141,True
JOB,25b,53,1.005319431424141,1.005319431424141,True
JOB,25b,52,1.005319431424141,1.005319431424141,True
JOB,25b,51,1.005319431424141,1.005319431424141,True
JOB,25b,50,1.005319431424141,1.005319431424141,True
JOB,25b,49,1.005319431424141,1.005319431424141,True
JOB,25b,48,1.005319431424141,1.005319431424141,True
JOB,25b,47,1.005319431424141,0.23247195035219193,False
JOB,25b,46,1.005319431424141,0.22218254953622818,False
JOB,25b,45,1.005319431424141,0.2613974064588547,False
JOB,25b,44,1.005319431424141,0.26450301706790924,False
JOB,25b,43,1.005319431424141,0.2608941048383713,False
JOB,25b,42,1.005319431424141,0.25164037197828293,False
JOB,25b,41,1.005319431424141,1.005319431424141,True
JOB,25b,40,1.005319431424141,1.005319431424141,True
JOB,25b,39,1.005319431424141,1.005319431424141,True
JOB,25b,38,1.005319431424141,1.005319431424141,True
JOB,25b,37,1.005319431424141,1.005319431424141,True
JOB,25b,36,1.005319431424141,1.005319431424141,True
JOB,25b,35,1.005319431424141,1.005319431424141,True
JOB,25b,34,1.005319431424141,1.005319431424141,True
JOB,25b,33,1.005319431424141,1.005319431424141,True
JOB,25b,32,1.005319431424141,1.005319431424141,True
JOB,25b,31,1.005319431424141,0.23922521620988846,False
JOB,25b,30,1.005319431424141,0.22657696157693863,False
JOB,25b,29,1.005319431424141,0.26321155577898026,False
JOB,25b,28,1.005319431424141,0.27250946313142776,False
JOB,25b,27,1.005319431424141,0.25880058109760284,False
JOB,25b,26,1.005319431424141,0.2554982379078865,False
JOB,25b,25,1.005319431424141,1.005319431424141,True
JOB,25b,24,1.005319431424141,1.005319431424141,True
JOB,25b,23,1.005319431424141,1.005319431424141,True
JOB,25b,22,1.005319431424141,1.005319431424141,True
JOB,25b,21,1.005319431424141,1.005319431424141,True
JOB,25b,20,1.005319431424141,1.005319431424141,True
JOB,25b,19,1.005319431424141,1.005319431424141,True
JOB,25b,18,1.005319431424141,1.005319431424141,True
JOB,25b,17,1.005319431424141,1.005319431424141,True
JOB,25b,16,1.005319431424141,1.005319431424141,True
JOB,25b,15,1.005319431424141,0.23370054364204407,False
JOB,25b,14,1.005319431424141,0.22365572303533554,False
JOB,25b,13,1.005319431424141,0.26318466663360596,False
JOB,25b,12,1.005319431424141,0.2613499388098717,False
JOB,25b,11,1.005319431424141,0.25750604271888733,False
JOB,25b,10,1.005319431424141,0.26482223719358444,False
JOB,25b,9,1.005319431424141,1.005319431424141,True
JOB,25b,8,1.005319431424141,1.005319431424141,True
JOB,25b,7,1.005319431424141,1.005319431424141,True
JOB,25b,6,1.005319431424141,1.005319431424141,True
JOB,25b,5,1.005319431424141,1.005319431424141,True
JOB,25b,4,1.005319431424141,1.005319431424141,True
JOB,25b,3,1.005319431424141,0.2638864517211914,False
JOB,25b,2,1.005319431424141,0.26959940046072006,False
JOB,25b,1,1.005319431424141,1.005319431424141,True
JOB,25b,0,1.005319431424141,1.005319431424141,True
JOB,25c,63,25.50622470676899,5.239707417786121,False
JOB,25c,62,25.50622470676899,5.236936338245869,False
JOB,25c,61,25.50622470676899,5.392118833959103,False
JOB,25c,60,25.50622470676899,5.37520308047533,False
JOB,25c,59,25.50622470676899,6.800716169178486,False
JOB,25c,58,25.50622470676899,6.70221520960331,False
JOB,25c,57,25.50622470676899,12.324727289378643,False
JOB,25c,56,25.50622470676899,12.320835322141647,False
JOB,25c,55,25.50622470676899,8.43120501190424,False
JOB,25c,54,25.50622470676899,8.43429959565401,False
JOB,25c,53,25.50622470676899,9.3327462002635,False
JOB,25c,52,25.50622470676899,9.335160329937935,False
JOB,25c,51,25.50622470676899,8.363414511084557,False
JOB,25c,50,25.50622470676899,8.391121491789818,False
JOB,25c,49,25.50622470676899,12.329234085977077,False
JOB,25c,48,25.50622470676899,12.338030435144901,False
JOB,25c,47,25.50622470676899,5.223844535648823,False
JOB,25c,46,25.50622470676899,5.2118102088570595,False
JOB,25c,45,25.50622470676899,5.386929586529732,False
JOB,25c,44,25.50622470676899,5.379252478480339,False
JOB,25c,43,25.50622470676899,6.74158002436161,False
JOB,25c,42,25.50622470676899,6.7266291826963425,False
JOB,25c,41,25.50622470676899,12.333201371133327,False
JOB,25c,40,25.50622470676899,12.319615684449673,False
JOB,25c,39,25.50622470676899,8.386437468230724,False
JOB,25c,38,25.50622470676899,8.551978826522827,False
JOB,25c,37,25.50622470676899,15.05932654440403,False
JOB,25c,36,25.50622470676899,15.075858473777771,False
JOB,25c,35,25.50622470676899,8.440419651567936,False
JOB,25c,34,25.50622470676899,8.446828536689281,False
JOB,25c,33,25.50622470676899,12.393813349306583,False
JOB,25c,32,25.50622470676899,12.43484777957201,False
JOB,25c,31,25.50622470676899,5.271072626113892,False
JOB,25c,30,25.50622470676899,5.253964580595493,False
JOB,25c,29,25.50622470676899,5.409329771995544,False
JOB,25c,28,25.50622470676899,5.416059568524361,False
JOB,25c,27,25.50622470676899,6.778008505702019,False
JOB,25c,26,25.50622470676899,6.767337076365948,False
JOB,25c,25,25.50622470676899,12.351130619645119,False
JOB,25c,24,25.50622470676899,12.374288834631443,False
JOB,25c,23,25.50622470676899,11.553202629089355,False
JOB,25c,22,25.50622470676899,11.577245026826859,False
JOB,25c,21,25.50622470676899,10.223682552576065,False
JOB,25c,20,25.50622470676899,10.229759469628334,False
JOB,25c,19,25.50622470676899,11.041353970766068,False
JOB,25c,18,25.50622470676899,11.010886587202549,False
JOB,25c,17,25.50622470676899,12.319359868764877,False
JOB,25c,16,25.50622470676899,12.321833580732346,False
JOB,25c,15,25.50622470676899,5.250876598060131,False
JOB,25c,14,25.50622470676899,5.22980260848999,False
JOB,25c,13,25.50622470676899,5.375557892024517,False
JOB,25c,12,25.50622470676899,5.39731901884079,False
JOB,25c,11,25.50622470676899,6.748834237456322,False
JOB,25c,10,25.50622470676899,6.696079485118389,False
JOB,25c,9,25.50622470676899,12.29919659346342,False
JOB,25c,8,25.50622470676899,12.287159010767937,False
JOB,25c,7,25.50622470676899,9.046590812504292,False
JOB,25c,6,25.50622470676899,9.02431420236826,False
JOB,25c,5,25.50622470676899,9.050976790487766,False
JOB,25c,4,25.50622470676899,9.043873146176338,False
JOB,25c,3,25.50622470676899,6.8724986389279366,False
JOB,25c,2,25.50622470676899,6.880944572389126,False
JOB,25c,1,25.50622470676899,12.282191753387451,False
JOB,25c,0,25.50622470676899,12.390123531222343,False
JOB,26a,63,5.203613340854645,1.0290793180465698,False
JOB,26a,62,5.203613340854645,1.0171062350273132,False
JOB,26a,61,5.203613340854645,1.0197579711675644,False
JOB,26a,60,5.203613340854645,1.0315291583538055,False
JOB,26a,59,5.203613340854645,0.6222328469157219,False
JOB,26a,58,5.203613340854645,0.6185022294521332,False
JOB,26a,57,5.203613340854645,1.746628999710083,False
JOB,26a,56,5.203613340854645,1.7598494365811348,False
JOB,26a,55,5.203613340854645,5.203613340854645,True
JOB,26a,54,5.203613340854645,5.203613340854645,True
JOB,26a,53,5.203613340854645,5.203613340854645,True
JOB,26a,52,5.203613340854645,5.203613340854645,True
JOB,26a,51,5.203613340854645,5.203613340854645,True
JOB,26a,50,5.203613340854645,5.203613340854645,True
JOB,26a,49,5.203613340854645,1.4430485367774963,False
JOB,26a,48,5.203613340854645,1.4347300231456757,False
JOB,26a,47,5.203613340854645,1.0317892655730247,False
JOB,26a,46,5.203613340854645,1.018251433968544,False
JOB,26a,45,5.203613340854645,1.0058520883321762,False
JOB,26a,44,5.203613340854645,1.0177083760499954,False
JOB,26a,43,5.203613340854645,0.6068306416273117,False
JOB,26a,42,5.203613340854645,0.6091058999300003,False
JOB,26a,41,5.203613340854645,1.7376210615038872,False
JOB,26a,40,5.203613340854645,1.7461733296513557,False
JOB,26a,39,5.203613340854645,5.203613340854645,True
JOB,26a,38,5.203613340854645,5.203613340854645,True
JOB,26a,37,5.203613340854645,5.203613340854645,True
JOB,26a,36,5.203613340854645,5.203613340854645,True
JOB,26a,35,5.203613340854645,5.203613340854645,True
JOB,26a,34,5.203613340854645,5.203613340854645,True
JOB,26a,33,5.203613340854645,1.441336266696453,False
JOB,26a,32,5.203613340854645,1.4315926134586334,False
JOB,26a,31,5.203613340854645,1.0402136370539665,False
JOB,26a,30,5.203613340854645,1.0376527979969978,False
JOB,26a,29,5.203613340854645,1.0355596616864204,False
JOB,26a,28,5.203613340854645,1.032027155160904,False
JOB,26a,27,5.203613340854645,0.6136647015810013,False
JOB,26a,26,5.203613340854645,0.6103293970227242,False
JOB,26a,25,5.203613340854645,1.7545918449759483,False
JOB,26a,24,5.203613340854645,1.7545082867145538,False
JOB,26a,23,5.203613340854645,5.203613340854645,True
JOB,26a,22,5.203613340854645,5.203613340854645,True
JOB,26a,21,5.203613340854645,5.203613340854645,True
JOB,26a,20,5.203613340854645,5.203613340854645,True
JOB,26a,19,5.203613340854645,5.203613340854645,True
JOB,26a,18,5.203613340854645,5.203613340854645,True
JOB,26a,17,5.203613340854645,1.4575185999274254,False
JOB,26a,16,5.203613340854645,1.4444736540317535,False
JOB,26a,15,5.203613340854645,1.0270569324493408,False
JOB,26a,14,5.203613340854645,1.0262347683310509,False
JOB,26a,13,5.203613340854645,1.0321709737181664,False
JOB,26a,12,5.203613340854645,1.0266252383589745,False
JOB,26a,11,5.203613340854645,0.6119216606020927,False
JOB,26a,10,5.203613340854645,0.606868639588356,False
JOB,26a,9,5.203613340854645,1.7403643876314163,False
JOB,26a,8,5.203613340854645,1.759106568992138,False
JOB,26a,7,5.203613340854645,1.4087597578763962,False
JOB,26a,6,5.203613340854645,1.4049755036830902,False
JOB,26a,5,5.203613340854645,1.4040266424417496,False
JOB,26a,4,5.203613340854645,1.3940159529447556,False
JOB,26a,3,5.203613340854645,0.6101539507508278,False
JOB,26a,2,5.203613340854645,0.6129551604390144,False
JOB,26a,1,5.203613340854645,1.7477486655116081,False
JOB,26a,0,5.203613340854645,1.7548929899930954,False
JOB,26b,63,0.581413246691227,0.1373014897108078,False
JOB,26b,62,0.581413246691227,0.11704840511083603,False
JOB,26b,61,0.581413246691227,0.26821744441986084,False
JOB,26b,60,0.581413246691227,0.26965509355068207,False
JOB,26b,59,0.581413246691227,0.12810909003019333,False
JOB,26b,58,0.581413246691227,0.12411125749349594,False
JOB,26b,57,0.581413246691227,0.4040452390909195,False
JOB,26b,56,0.581413246691227,0.40600788593292236,False
JOB,26b,55,0.581413246691227,0.581413246691227,True
JOB,26b,54,0.581413246691227,0.581413246691227,True
JOB,26b,53,0.581413246691227,0.581413246691227,True
JOB,26b,52,0.581413246691227,0.581413246691227,True
JOB,26b,51,0.581413246691227,0.581413246691227,True
JOB,26b,50,0.581413246691227,0.581413246691227,True
JOB,26b,49,0.581413246691227,0.432724267244339,False
JOB,26b,48,0.581413246691227,0.43183372914791107,False
JOB,26b,47,0.581413246691227,0.1091393232345581,False
JOB,26b,46,0.581413246691227,0.10522513091564178,False
JOB,26b,45,0.581413246691227,0.26684749871492386,False
JOB,26b,44,0.581413246691227,0.2661183103919029,False
JOB,26b,43,0.581413246691227,0.11727769672870636,False
JOB,26b,42,0.581413246691227,0.11636049300432205,False
JOB,26b,41,0.581413246691227,0.3960721716284752,False
JOB,26b,40,0.581413246691227,0.3932235315442085,False
JOB,26b,39,0.581413246691227,0.581413246691227,True
JOB,26b,38,0.581413246691227,0.581413246691227,True
JOB,26b,37,0.581413246691227,0.581413246691227,True
JOB,26b,36,0.581413246691227,0.581413246691227,True
JOB,26b,35,0.581413246691227,0.581413246691227,True
JOB,26b,34,0.581413246691227,0.581413246691227,True
JOB,26b,33,0.581413246691227,0.42349181324243546,False
JOB,26b,32,0.581413246691227,0.4225999265909195,False
JOB,26b,31,0.581413246691227,0.11563429236412048,False
JOB,26b,30,0.581413246691227,0.11179738491773605,False
JOB,26b,29,0.581413246691227,0.2921513766050339,False
JOB,26b,28,0.581413246691227,0.2845397889614105,False
JOB,26b,27,0.581413246691227,0.12373936176300049,False
JOB,26b,26,0.581413246691227,0.12461750209331512,False
JOB,26b,25,0.581413246691227,0.4015635922551155,False
JOB,26b,24,0.581413246691227,0.3970225974917412,False
JOB,26b,23,0.581413246691227,0.581413246691227,True
JOB,26b,22,0.581413246691227,0.581413246691227,True
JOB,26b,21,0.581413246691227,0.581413246691227,True
JOB,26b,20,0.581413246691227,0.581413246691227,True
JOB,26b,19,0.581413246691227,0.581413246691227,True
JOB,26b,18,0.581413246691227,0.581413246691227,True
JOB,26b,17,0.581413246691227,0.4352223575115204,False
JOB,26b,16,0.581413246691227,0.4306793212890625,False
JOB,26b,15,0.581413246691227,0.10793250799179077,False
JOB,26b,14,0.581413246691227,0.1049770638346672,False
JOB,26b,13,0.581413246691227,0.28689824789762497,False
JOB,26b,12,0.581413246691227,0.28607065230607986,False
JOB,26b,11,0.581413246691227,0.11624980717897415,False
JOB,26b,10,0.581413246691227,0.11642402410507202,False
JOB,26b,9,0.581413246691227,0.39375927299261093,False
JOB,26b,8,0.581413246691227,0.39122380316257477,False
JOB,26b,7,0.581413246691227,0.4004806727170944,False
JOB,26b,6,0.581413246691227,0.4029248580336571,False
JOB,26b,5,0.581413246691227,0.40201032906770706,False
JOB,26b,4,0.581413246691227,0.39898350089788437,False
JOB,26b,3,0.581413246691227,0.11649935692548752,False
JOB,26b,2,0.581413246691227,0.1139947846531868,False
JOB,26b,1,0.581413246691227,0.4893511086702347,False
JOB,26b,0,0.581413246691227,0.4929340332746506,False
JOB,26c,63,15.743468701839447,3.2261875942349434,False
JOB,26c,62,15.743468701839447,3.195203021168709,False
JOB,26c,61,15.743468701839447,3.2259635776281357,False
JOB,26c,60,15.743468701839447,3.247599683701992,False
JOB,26c,59,15.743468701839447,0.7905430197715759,False
JOB,26c,58,15.743468701839447,0.7830516248941422,False
JOB,26c,57,15.743468701839447,5.098712749779224,False
JOB,26c,56,15.743468701839447,5.07657890021801,False
JOB,26c,55,15.743468701839447,5.466797307133675,False
JOB,26c,54,15.743468701839447,5.575911179184914,False
JOB,26c,53,15.743468701839447,12.620282538235188,False
JOB,26c,52,15.743468701839447,12.605751059949398,False
JOB,26c,51,15.743468701839447,5.42271463572979,False
JOB,26c,50,15.743468701839447,5.423973262310028,False
JOB,26c,49,15.743468701839447,4.0718429535627365,False
JOB,26c,48,15.743468701839447,4.065195217728615,False
JOB,26c,47,15.743468701839447,3.1817381978034973,False
JOB,26c,46,15.743468701839447,3.171879045665264,False
JOB,26c,45,15.743468701839447,3.1907569989562035,False
JOB,26c,44,15.743468701839447,3.197788417339325,False
JOB,26c,43,15.743468701839447,0.7778274267911911,False
JOB,26c,42,15.743468701839447,0.7812270224094391,False
JOB,26c,41,15.743468701839447,5.09952849894762,False
JOB,26c,40,15.743468701839447,5.060978591442108,False
JOB,26c,39,15.743468701839447,5.440526507794857,False
JOB,26c,38,15.743468701839447,5.426058143377304,False
JOB,26c,37,15.743468701839447,12.310773178935051,False
JOB,26c,36,15.743468701839447,12.212847508490086,False
JOB,26c,35,15.743468701839447,5.444288901984692,False
JOB,26c,34,15.743468701839447,5.441013939678669,False
JOB,26c,33,15.743468701839447,5.131898812949657,False
JOB,26c,32,15.743468701839447,5.135503180325031,False
JOB,26c,31,15.743468701839447,3.219286657869816,False
JOB,26c,30,15.743468701839447,3.2352618724107742,False
JOB,26c,29,15.743468701839447,3.223573438823223,False
JOB,26c,28,15.743468701839447,3.225377768278122,False
JOB,26c,27,15.743468701839447,0.7984505966305733,False
JOB,26c,26,15.743468701839447,0.7815981581807137,False
JOB,26c,25,15.743468701839447,5.07972776144743,False
JOB,26c,24,15.743468701839447,5.056725591421127,False
JOB,26c,23,15.743468701839447,11.045572586357594,False
JOB,26c,22,15.743468701839447,10.956475749611855,False
JOB,26c,21,15.743468701839447,12.37038391083479,False
JOB,26c,20,15.743468701839447,12.381297059357166,False
JOB,26c,19,15.743468701839447,15.743468701839447,True
JOB,26c,18,15.743468701839447,15.743468701839447,True
JOB,26c,17,15.743468701839447,4.0879843309521675,False
JOB,26c,16,15.743468701839447,4.089386984705925,False
JOB,26c,15,15.743468701839447,3.213159926235676,False
JOB,26c,14,15.743468701839447,3.2025987058877945,False
JOB,26c,13,15.743468701839447,3.2074142023921013,False
JOB,26c,12,15.743468701839447,3.2046894878149033,False
JOB,26c,11,15.743468701839447,0.781031645834446,False
JOB,26c,10,15.743468701839447,0.777607835829258,False
JOB,26c,9,15.743468701839447,5.058897539973259,False
JOB,26c,8,15.743468701839447,5.057962596416473,False
JOB,26c,7,15.743468701839447,4.067661114037037,False
JOB,26c,6,15.743468701839447,4.077562011778355,False
JOB,26c,5,15.743468701839447,4.07894853502512,False
JOB,26c,4,15.743468701839447,4.067249946296215,False
JOB,26c,3,15.743468701839447,1.903938204050064,False
JOB,26c,2,15.743468701839447,1.90376765280962,False
JOB,26c,1,15.743468701839447,5.118654832243919,False
JOB,26c,0,15.743468701839447,5.116297625005245,False
JOB,27a,63,0.4240792989730835,0.08845946937799454,False
JOB,27a,62,0.4240792989730835,0.07313131541013718,False
JOB,27a,61,0.4240792989730835,0.07475240528583527,False
JOB,27a,60,0.4240792989730835,0.07217294722795486,False
JOB,27a,59,0.4240792989730835,0.12103161215782166,False
JOB,27a,58,0.4240792989730835,0.11923053115606308,False
JOB,27a,57,0.4240792989730835,0.06881652772426605,False
JOB,27a,56,0.4240792989730835,0.07029523700475693,False
JOB,27a,55,0.4240792989730835,0.4240792989730835,True
JOB,27a,54,0.4240792989730835,0.4240792989730835,True
JOB,27a,53,0.4240792989730835,0.4240792989730835,True
JOB,27a,52,0.4240792989730835,0.4240792989730835,True
JOB,27a,51,0.4240792989730835,0.4240792989730835,True
JOB,27a,50,0.4240792989730835,0.4240792989730835,True
JOB,27a,49,0.4240792989730835,0.08565260469913483,False
JOB,27a,48,0.4240792989730835,0.08480366319417953,False
JOB,27a,47,0.4240792989730835,0.06209447979927063,False
JOB,27a,46,0.4240792989730835,0.06132027506828308,False
JOB,27a,45,0.4240792989730835,0.061061255633831024,False
JOB,27a,44,0.4240792989730835,0.05970025062561035,False
JOB,27a,43,0.4240792989730835,0.10776692628860474,False
JOB,27a,42,0.4240792989730835,0.10620854794979095,False
JOB,27a,41,0.4240792989730835,0.057422488927841187,False
JOB,27a,40,0.4240792989730835,0.05719328671693802,False
JOB,27a,39,0.4240792989730835,0.4240792989730835,True
JOB,27a,38,0.4240792989730835,0.4240792989730835,True
JOB,27a,37,0.4240792989730835,0.4240792989730835,True
JOB,27a,36,0.4240792989730835,0.4240792989730835,True
JOB,27a,35,0.4240792989730835,0.4240792989730835,True
JOB,27a,34,0.4240792989730835,0.4240792989730835,True
JOB,27a,33,0.4240792989730835,0.07252471148967743,False
JOB,27a,32,0.4240792989730835,0.073863185942173,False
JOB,27a,31,0.4240792989730835,0.07160282880067825,False
JOB,27a,30,0.4240792989730835,0.06880558282136917,False
JOB,27a,29,0.4240792989730835,0.06991651654243469,False
JOB,27a,28,0.4240792989730835,0.06709785759449005,False
JOB,27a,27,0.4240792989730835,0.11523129791021347,False
JOB,27a,26,0.4240792989730835,0.11367671191692352,False
JOB,27a,25,0.4240792989730835,0.06656121462583542,False
JOB,27a,24,0.4240792989730835,0.06594598293304443,False
JOB,27a,23,0.4240792989730835,0.4240792989730835,True
JOB,27a,22,0.4240792989730835,0.4240792989730835,True
JOB,27a,21,0.4240792989730835,0.4240792989730835,True
JOB,27a,20,0.4240792989730835,0.4240792989730835,True
JOB,27a,19,0.4240792989730835,0.4240792989730835,True
JOB,27a,18,0.4240792989730835,0.4240792989730835,True
JOB,27a,17,0.4240792989730835,0.08333896845579147,False
JOB,27a,16,0.4240792989730835,0.07822113484144211,False
JOB,27a,15,0.4240792989730835,0.05922422558069229,False
JOB,27a,14,0.4240792989730835,0.058068834245204926,False
JOB,27a,13,0.4240792989730835,0.057624682784080505,False
JOB,27a,12,0.4240792989730835,0.05500216782093048,False
JOB,27a,11,0.4240792989730835,0.10781820863485336,False
JOB,27a,10,0.4240792989730835,0.10456830263137817,False
JOB,27a,9,0.4240792989730835,0.055011868476867676,False
JOB,27a,8,0.4240792989730835,0.052944473922252655,False
JOB,27a,7,0.4240792989730835,0.06338836997747421,False
JOB,27a,6,0.4240792989730835,0.06279481202363968,False
JOB,27a,5,0.4240792989730835,0.06326852738857269,False
JOB,27a,4,0.4240792989730835,0.06228572130203247,False
JOB,27a,3,0.4240792989730835,0.07829157263040543,False
JOB,27a,2,0.4240792989730835,0.07632577419281006,False
JOB,27a,1,0.4240792989730835,0.06719079613685608,False
JOB,27a,0,0.4240792989730835,0.0668921172618866,False
JOB,27b,63,0.36924179643392563,0.07651814818382263,False
JOB,27b,62,0.36924179643392563,0.06375078856945038,False
JOB,27b,61,0.36924179643392563,0.06579609215259552,False
JOB,27b,60,0.36924179643392563,0.06617879122495651,False
JOB,27b,59,0.36924179643392563,0.1195015087723732,False
JOB,27b,58,0.36924179643392563,0.11795687675476074,False
JOB,27b,57,0.36924179643392563,0.059338539838790894,False
JOB,27b,56,0.36924179643392563,0.06088662147521973,False
JOB,27b,55,0.36924179643392563,0.35845498740673065,False
JOB,27b,54,0.36924179643392563,0.36348943412303925,False
JOB,27b,53,0.36924179643392563,0.36924179643392563,True
JOB,27b,52,0.36924179643392563,0.36924179643392563,True
JOB,27b,51,0.36924179643392563,0.36924179643392563,True
JOB,27b,50,0.36924179643392563,0.36924179643392563,True
JOB,27b,49,0.36924179643392563,0.07128393650054932,False
JOB,27b,48,0.36924179643392563,0.0668487697839737,False
JOB,27b,47,0.36924179643392563,0.05137114226818085,False
JOB,27b,46,0.36924179643392563,0.05179402232170105,False
JOB,27b,45,0.36924179643392563,0.04956449568271637,False
JOB,27b,44,0.36924179643392563,0.050379678606987,False
JOB,27b,43,0.36924179643392563,0.1095486655831337,False
JOB,27b,42,0.36924179643392563,0.10565274953842163,False
JOB,27b,41,0.36924179643392563,0.04779059439897537,False
JOB,27b,40,0.36924179643392563,0.048452503979206085,False
JOB,27b,39,0.36924179643392563,0.36924179643392563,True
JOB,27b,38,0.36924179643392563,0.36924179643392563,True
JOB,27b,37,0.36924179643392563,0.36924179643392563,True
JOB,27b,36,0.36924179643392563,0.36924179643392563,True
JOB,27b,35,0.36924179643392563,0.36924179643392563,True
JOB,27b,34,0.36924179643392563,0.36924179643392563,True
JOB,27b,33,0.36924179643392563,0.05547180771827698,False
JOB,27b,32,0.36924179643392563,0.05555252730846405,False
JOB,27b,31,0.36924179643392563,0.05879992991685867,False
JOB,27b,30,0.36924179643392563,0.06008429825305939,False
JOB,27b,29,0.36924179643392563,0.056962788105010986,False
JOB,27b,28,0.36924179643392563,0.05917711555957794,False
JOB,27b,27,0.36924179643392563,0.1151803582906723,False
JOB,27b,26,0.36924179643392563,0.11539081484079361,False
JOB,27b,25,0.36924179643392563,0.06115679442882538,False
JOB,27b,24,0.36924179643392563,0.06635677069425583,False
JOB,27b,23,0.36924179643392563,0.36924179643392563,True
JOB,27b,22,0.36924179643392563,0.36924179643392563,True
JOB,27b,21,0.36924179643392563,0.36924179643392563,True
JOB,27b,20,0.36924179643392563,0.36924179643392563,True
JOB,27b,19,0.36924179643392563,0.36924179643392563,True
JOB,27b,18,0.36924179643392563,0.36924179643392563,True
JOB,27b,17,0.36924179643392563,0.0630594864487648,False
JOB,27b,16,0.36924179643392563,0.06194136291742325,False
JOB,27b,15,0.36924179643392563,0.04880841076374054,False
JOB,27b,14,0.36924179643392563,0.04889211803674698,False
JOB,27b,13,0.36924179643392563,0.04834767431020737,False
JOB,27b,12,0.36924179643392563,0.04547394812107086,False
JOB,27b,11,0.36924179643392563,0.10499069094657898,False
JOB,27b,10,0.36924179643392563,0.10383561253547668,False
JOB,27b,9,0.36924179643392563,0.04662993550300598,False
JOB,27b,8,0.36924179643392563,0.04614953696727753,False
JOB,27b,7,0.36924179643392563,0.05054500699043274,False
JOB,27b,6,0.36924179643392563,0.05047149956226349,False
JOB,27b,5,0.36924179643392563,0.05106562376022339,False
JOB,27b,4,0.36924179643392563,0.05039617419242859,False
JOB,27b,3,0.36924179643392563,0.07652810215950012,False
JOB,27b,2,0.36924179643392563,0.07759715616703033,False
JOB,27b,1,0.36924179643392563,0.049439407885074615,False
JOB,27b,0,0.36924179643392563,0.06144414097070694,False
JOB,27c,63,0.4248164966702461,0.09977680444717407,False
JOB,27c,62,0.4248164966702461,0.08010566979646683,False
JOB,27c,61,0.4248164966702461,0.07831446826457977,False
JOB,27c,60,0.4248164966702461,0.08089044690132141,False
JOB,27c,59,0.4248164966702461,0.12070100009441376,False
JOB,27c,58,0.4248164966702461,0.12470628321170807,False
JOB,27c,57,0.4248164966702461,0.07260619103908539,False
JOB,27c,56,0.4248164966702461,0.07147818803787231,False
JOB,27c,55,0.4248164966702461,0.4212534576654434,False
JOB,27c,54,0.4248164966702461,0.41959863901138306,False
JOB,27c,53,0.4248164966702461,0.4248164966702461,True
JOB,27c,52,0.4248164966702461,0.4248164966702461,True
JOB,27c,51,0.4248164966702461,0.4248164966702461,True
JOB,27c,50,0.4248164966702461,0.4248164966702461,True
JOB,27c,49,0.4248164966702461,0.07999532669782639,False
JOB,27c,48,0.4248164966702461,0.07679212838411331,False
JOB,27c,47,0.4248164966702461,0.06299354135990143,False
JOB,27c,46,0.4248164966702461,0.05905900150537491,False
JOB,27c,45,0.4248164966702461,0.05556253343820572,False
JOB,27c,44,0.4248164966702461,0.056596145033836365,False
JOB,27c,43,0.4248164966702461,0.10859149694442749,False
JOB,27c,42,0.4248164966702461,0.10749423503875732,False
JOB,27c,41,0.4248164966702461,0.060019850730895996,False
JOB,27c,40,0.4248164966702461,0.06062346696853638,False
JOB,27c,39,0.4248164966702461,0.4248164966702461,True
JOB,27c,38,0.4248164966702461,0.4248164966702461,True
JOB,27c,37,0.4248164966702461,0.4248164966702461,True
JOB,27c,36,0.4248164966702461,0.4248164966702461,True
JOB,27c,35,0.4248164966702461,0.4248164966702461,True
JOB,27c,34,0.4248164966702461,0.4248164966702461,True
JOB,27c,33,0.4248164966702461,0.06547889113426208,False
JOB,27c,32,0.4248164966702461,0.06571545451879501,False
JOB,27c,31,0.4248164966702461,0.07560597360134125,False
JOB,27c,30,0.4248164966702461,0.07462488859891891,False
JOB,27c,29,0.4248164966702461,0.07753781974315643,False
JOB,27c,28,0.4248164966702461,0.07361767441034317,False
JOB,27c,27,0.4248164966702461,0.11591280251741409,False
JOB,27c,26,0.4248164966702461,0.11312893033027649,False
JOB,27c,25,0.4248164966702461,0.09787286072969437,False
JOB,27c,24,0.4248164966702461,0.06866241991519928,False
JOB,27c,23,0.4248164966702461,0.37774891406297684,False
JOB,27c,22,0.4248164966702461,0.36634618788957596,False
JOB,27c,21,0.4248164966702461,0.4248164966702461,True
JOB,27c,20,0.4248164966702461,0.4248164966702461,True
JOB,27c,19,0.4248164966702461,0.4248164966702461,True
JOB,27c,18,0.4248164966702461,0.4248164966702461,True
JOB,27c,17,0.4248164966702461,0.07246500253677368,False
JOB,27c,16,0.4248164966702461,0.07021079212427139,False
JOB,27c,15,0.4248164966702461,0.05559084564447403,False
JOB,27c,14,0.4248164966702461,0.054650068283081055,False
JOB,27c,13,0.4248164966702461,0.04996979981660843,False
JOB,27c,12,0.4248164966702461,0.05050203949213028,False
JOB,27c,11,0.4248164966702461,0.10545661300420761,False
JOB,27c,10,0.4248164966702461,0.10535390675067902,False
JOB,27c,9,0.4248164966702461,0.06061653792858124,False
JOB,27c,8,0.4248164966702461,0.058980874717235565,False
JOB,27c,7,0.4248164966702461,0.060092031955718994,False
JOB,27c,6,0.4248164966702461,0.05657350271940231,False
JOB,27c,5,0.4248164966702461,0.05887014418840408,False
JOB,27c,4,0.4248164966702461,0.056309185922145844,False
JOB,27c,3,0.4248164966702461,0.07725769281387329,False
JOB,27c,2,0.4248164966702461,0.07748441398143768,False
JOB,27c,1,0.4248164966702461,0.059073060750961304,False
JOB,27c,0,0.4248164966702461,0.06078307330608368,False
JOB,28a,63,4.193587824702263,0.8148050978779793,False
JOB,28a,62,4.193587824702263,0.7993031442165375,False
JOB,28a,61,4.193587824702263,0.7542724832892418,False
JOB,28a,60,4.193587824702263,0.7612281963229179,False
JOB,28a,59,4.193587824702263,0.8148690909147263,False
JOB,28a,58,4.193587824702263,0.8141629919409752,False
JOB,28a,57,4.193587824702263,1.2887167260050774,False
JOB,28a,56,4.193587824702263,1.2849716693162918,False
JOB,28a,55,4.193587824702263,4.193587824702263,True
JOB,28a,54,4.193587824702263,4.193587824702263,True
JOB,28a,53,4.193587824702263,4.193587824702263,True
JOB,28a,52,4.193587824702263,4.193587824702263,True
JOB,28a,51,4.193587824702263,4.193587824702263,True
JOB,28a,50,4.193587824702263,4.193587824702263,True
JOB,28a,49,4.193587824702263,4.193587824702263,True
JOB,28a,48,4.193587824702263,4.193587824702263,True
JOB,28a,47,4.193587824702263,0.7562334388494492,False
JOB,28a,46,4.193587824702263,0.753573551774025,False
JOB,28a,45,4.193587824702263,0.7274572625756264,False
JOB,28a,44,4.193587824702263,0.7262690961360931,False
JOB,28a,43,4.193587824702263,0.7829276695847511,False
JOB,28a,42,4.193587824702263,0.7893783077597618,False
JOB,28a,41,4.193587824702263,1.2571291103959084,False
JOB,28a,40,4.193587824702263,1.2635566964745522,False
JOB,28a,39,4.193587824702263,4.193587824702263,True
JOB,28a,38,4.193587824702263,4.193587824702263,True
JOB,28a,37,4.193587824702263,4.193587824702263,True
JOB,28a,36,4.193587824702263,4.193587824702263,True
JOB,28a,35,4.193587824702263,4.193587824702263,True
JOB,28a,34,4.193587824702263,4.193587824702263,True
JOB,28a,33,4.193587824702263,4.193587824702263,True
JOB,28a,32,4.193587824702263,4.193587824702263,True
JOB,28a,31,4.193587824702263,0.7795506417751312,False
JOB,28a,30,4.193587824702263,0.7833567708730698,False
JOB,28a,29,4.193587824702263,0.7480701580643654,False
JOB,28a,28,4.193587824702263,0.7491848319768906,False
JOB,28a,27,4.193587824702263,0.8057763278484344,False
JOB,28a,26,4.193587824702263,0.8073229193687439,False
JOB,28a,25,4.193587824702263,1.28599563986063,False
JOB,28a,24,4.193587824702263,1.2836189270019531,False
JOB,28a,23,4.193587824702263,4.193587824702263,True
JOB,28a,22,4.193587824702263,4.193587824702263,True
JOB,28a,21,4.193587824702263,4.193587824702263,True
JOB,28a,20,4.193587824702263,4.193587824702263,True
JOB,28a,19,4.193587824702263,4.193587824702263,True
JOB,28a,18,4.193587824702263,4.193587824702263,True
JOB,28a,17,4.193587824702263,4.193587824702263,True
JOB,28a,16,4.193587824702263,4.193587824702263,True
JOB,28a,15,4.193587824702263,0.7563487663865089,False
JOB,28a,14,4.193587824702263,0.7487384751439095,False
JOB,28a,13,4.193587824702263,0.7069683223962784,False
JOB,28a,12,4.193587824702263,0.7092229351401329,False
JOB,28a,11,4.193587824702263,0.7740494310855865,False
JOB,28a,10,4.193587824702263,0.7797621190547943,False
JOB,28a,9,4.193587824702263,1.2580255717039108,False
JOB,28a,8,4.193587824702263,1.2466972768306732,False
JOB,28a,7,4.193587824702263,2.2729908749461174,False
JOB,28a,6,4.193587824702263,2.263731151819229,False
JOB,28a,5,4.193587824702263,2.2811296060681343,False
JOB,28a,4,4.193587824702263,2.272013306617737,False
JOB,28a,3,4.193587824702263,1.1479099094867706,False
JOB,28a,2,4.193587824702263,1.1436528414487839,False
JOB,28a,1,4.193587824702263,2.736169256269932,False
JOB,28a,0,4.193587824702263,2.739540047943592,False
JOB,28b,63,2.610209099948406,0.4872703179717064,False
JOB,28b,62,2.610209099948406,0.4772932901978493,False
JOB,28b,61,2.610209099948406,0.5168973430991173,False
JOB,28b,60,2.610209099948406,0.5131773576140404,False
JOB,28b,59,2.610209099948406,0.5096588581800461,False
JOB,28b,58,2.610209099948406,0.5129719004034996,False
JOB,28b,57,2.610209099948406,0.5140941813588142,False
JOB,28b,56,2.610209099948406,0.5184865668416023,False
JOB,28b,55,2.610209099948406,2.610209099948406,True
JOB,28b,54,2.610209099948406,2.610209099948406,True
JOB,28b,53,2.610209099948406,2.610209099948406,True
JOB,28b,52,2.610209099948406,2.610209099948406,True
JOB,28b,51,2.610209099948406,2.610209099948406,True
JOB,28b,50,2.610209099948406,2.610209099948406,True
JOB,28b,49,2.610209099948406,2.227028474211693,False
JOB,28b,48,2.610209099948406,2.2343041747808456,False
JOB,28b,47,2.610209099948406,0.4415624663233757,False
JOB,28b,46,2.610209099948406,0.4431418552994728,False
JOB,28b,45,2.610209099948406,0.4786560982465744,False
JOB,28b,44,2.610209099948406,0.4841011315584183,False
JOB,28b,43,2.610209099948406,0.47292035073041916,False
JOB,28b,42,2.610209099948406,0.4766828864812851,False
JOB,28b,41,2.610209099948406,0.4850040525197983,False
JOB,28b,40,2.610209099948406,0.484446756541729,False
JOB,28b,39,2.610209099948406,2.610209099948406,True
JOB,28b,38,2.610209099948406,2.610209099948406,True
JOB,28b,37,2.610209099948406,2.610209099948406,True
JOB,28b,36,2.610209099948406,2.610209099948406,True
JOB,28b,35,2.610209099948406,2.610209099948406,True
JOB,28b,34,2.610209099948406,2.610209099948406,True
JOB,28b,33,2.610209099948406,2.19060467928648,False
JOB,28b,32,2.610209099948406,2.201836585998535,False
JOB,28b,31,2.610209099948406,0.46482206881046295,False
JOB,28b,30,2.610209099948406,0.45661577582359314,False
JOB,28b,29,2.610209099948406,0.5028844475746155,False
JOB,28b,28,2.610209099948406,0.5100498124957085,False
JOB,28b,27,2.610209099948406,0.49546030908823013,False
JOB,28b,26,2.610209099948406,0.49047795683145523,False
JOB,28b,25,2.610209099948406,0.5077348127961159,False
JOB,28b,24,2.610209099948406,0.5037535727024078,False
JOB,28b,23,2.610209099948406,2.610209099948406,True
JOB,28b,22,2.610209099948406,2.610209099948406,True
JOB,28b,21,2.610209099948406,2.610209099948406,True
JOB,28b,20,2.610209099948406,2.610209099948406,True
JOB,28b,19,2.610209099948406,2.610209099948406,True
JOB,28b,18,2.610209099948406,2.610209099948406,True
JOB,28b,17,2.610209099948406,2.2143474966287613,False
JOB,28b,16,2.610209099948406,2.210476316511631,False
JOB,28b,15,2.610209099948406,0.4238201826810837,False
JOB,28b,14,2.610209099948406,0.4316425547003746,False
JOB,28b,13,2.610209099948406,0.4704026058316231,False
JOB,28b,12,2.610209099948406,0.46316834539175034,False
JOB,28b,11,2.610209099948406,0.4676491990685463,False
JOB,28b,10,2.610209099948406,0.4672655910253525,False
JOB,28b,9,2.610209099948406,0.47122105956077576,False
JOB,28b,8,2.610209099948406,0.4746391698718071,False
JOB,28b,7,2.610209099948406,0.4366568550467491,False
JOB,28b,6,2.610209099948406,0.44558875262737274,False
JOB,28b,5,2.610209099948406,0.4325968027114868,False
JOB,28b,4,2.610209099948406,0.43020275980234146,False
JOB,28b,3,2.610209099948406,0.7285909727215767,False
JOB,28b,2,2.610209099948406,0.7304719313979149,False
JOB,28b,1,2.610209099948406,0.5099901705980301,False
JOB,28b,0,2.610209099948406,0.5114921256899834,False
JOB,28c,63,5.62933873385191,1.1025951877236366,False
JOB,28c,62,5.62933873385191,1.087800644338131,False
JOB,28c,61,5.62933873385191,0.9684898555278778,False
JOB,28c,60,5.62933873385191,0.9777209162712097,False
JOB,28c,59,5.62933873385191,1.016280084848404,False
JOB,28c,58,5.62933873385191,1.0215350240468979,False
JOB,28c,57,5.62933873385191,2.0608741641044617,False
JOB,28c,56,5.62933873385191,2.0600173100829124,False
JOB,28c,55,5.62933873385191,5.086520351469517,False
JOB,28c,54,5.62933873385191,5.096111081540585,False
JOB,28c,53,5.62933873385191,5.62933873385191,True
JOB,28c,52,5.62933873385191,5.62933873385191,True
JOB,28c,51,5.62933873385191,5.070916436612606,False
JOB,28c,50,5.62933873385191,5.058523118495941,False
JOB,28c,49,5.62933873385191,3.4939591512084007,False
JOB,28c,48,5.62933873385191,3.4873685613274574,False
JOB,28c,47,5.62933873385191,1.055995412170887,False
JOB,28c,46,5.62933873385191,1.0421917513012886,False
JOB,28c,45,5.62933873385191,0.9492842480540276,False
JOB,28c,44,5.62933873385191,0.9437800496816635,False
JOB,28c,43,5.62933873385191,0.9902714416384697,False
JOB,28c,42,5.62933873385191,0.988439530134201,False
JOB,28c,41,5.62933873385191,2.016335740685463,False
JOB,28c,40,5.62933873385191,2.017902337014675,False
JOB,28c,39,5.62933873385191,5.03361564129591,False
JOB,28c,38,5.62933873385191,5.024804882705212,False
JOB,28c,37,5.62933873385191,5.62933873385191,True
JOB,28c,36,5.62933873385191,5.62933873385191,True
JOB,28c,35,5.62933873385191,5.014755077660084,False
JOB,28c,34,5.62933873385191,5.021947734057903,False
JOB,28c,33,5.62933873385191,3.465869255363941,False
JOB,28c,32,5.62933873385191,3.4572709649801254,False
JOB,28c,31,5.62933873385191,1.0733682960271835,False
JOB,28c,30,5.62933873385191,1.0753675773739815,False
JOB,28c,29,5.62933873385191,0.9550526291131973,False
JOB,28c,28,5.62933873385191,0.956690289080143,False
JOB,28c,27,5.62933873385191,1.0075494050979614,False
JOB,28c,26,5.62933873385191,1.0101896971464157,False
JOB,28c,25,5.62933873385191,2.0561699643731117,False
JOB,28c,24,5.62933873385191,2.0440782457590103,False
JOB,28c,23,5.62933873385191,5.62933873385191,True
JOB,28c,22,5.62933873385191,5.62933873385191,True
JOB,28c,21,5.62933873385191,5.62933873385191,True
JOB,28c,20,5.62933873385191,5.62933873385191,True
JOB,28c,19,5.62933873385191,5.62933873385191,True
JOB,28c,18,5.62933873385191,5.62933873385191,True
JOB,28c,17,5.62933873385191,3.462274692952633,False
JOB,28c,16,5.62933873385191,3.4748223796486855,False
JOB,28c,15,5.62933873385191,1.0398581847548485,False
JOB,28c,14,5.62933873385191,1.0500992238521576,False
JOB,28c,13,5.62933873385191,0.9205286800861359,False
JOB,28c,12,5.62933873385191,0.9156355783343315,False
JOB,28c,11,5.62933873385191,0.9803045243024826,False
JOB,28c,10,5.62933873385191,0.9777350947260857,False
JOB,28c,9,5.62933873385191,2.0289304479956627,False
JOB,28c,8,5.62933873385191,2.0129533857107162,False
JOB,28c,7,5.62933873385191,3.579469881951809,False
JOB,28c,6,5.62933873385191,3.56607249379158,False
JOB,28c,5,5.62933873385191,3.578894481062889,False
JOB,28c,4,5.62933873385191,3.5529478266835213,False
JOB,28c,3,5.62933873385191,2.0641534477472305,False
JOB,28c,2,5.62933873385191,2.0467512011528015,False
JOB,28c,1,5.62933873385191,4.312340162694454,False
JOB,28c,0,5.62933873385191,4.3027166202664375,False
JOB,29a,63,10.912988670170307,2.0219219848513603,False
JOB,29a,62,10.912988670170307,2.0338467732071877,False
JOB,29a,61,10.912988670170307,1.9973272755742073,False
JOB,29a,60,10.912988670170307,1.9933139979839325,False
JOB,29a,59,10.912988670170307,1.9655587077140808,False
JOB,29a,58,10.912988670170307,1.9574287235736847,False
JOB,29a,57,10.912988670170307,2.5277170538902283,False
JOB,29a,56,10.912988670170307,2.5510692223906517,False
JOB,29a,55,10.912988670170307,10.11666838079691,False
JOB,29a,54,10.912988670170307,10.219687648117542,False
JOB,29a,53,10.912988670170307,10.912988670170307,True
JOB,29a,52,10.912988670170307,10.912988670170307,True
JOB,29a,51,10.912988670170307,9.992969363927841,False
JOB,29a,50,10.912988670170307,10.11788485199213,False
JOB,29a,49,10.912988670170307,2.8986070677638054,False
JOB,29a,48,10.912988670170307,2.9091636538505554,False
JOB,29a,47,10.912988670170307,1.6071024015545845,False
JOB,29a,46,10.912988670170307,1.6029736176133156,False
JOB,29a,45,10.912988670170307,1.5832223668694496,False
JOB,29a,44,10.912988670170307,1.5722314566373825,False
JOB,29a,43,10.912988670170307,1.6051381155848503,False
JOB,29a,42,10.912988670170307,1.614682376384735,False
JOB,29a,41,10.912988670170307,2.2227145582437515,False
JOB,29a,40,10.912988670170307,2.2131436839699745,False
JOB,29a,39,10.912988670170307,9.509787037968636,False
JOB,29a,38,10.912988670170307,9.646955765783787,False
JOB,29a,37,10.912988670170307,10.912988670170307,True
JOB,29a,36,10.912988670170307,10.912988670170307,True
JOB,29a,35,10.912988670170307,9.565189830958843,False
JOB,29a,34,10.912988670170307,9.575950890779495,False
JOB,29a,33,10.912988670170307,2.3880965635180473,False
JOB,29a,32,10.912988670170307,2.399480827152729,False
JOB,29a,31,10.912988670170307,2.0040879994630814,False
JOB,29a,30,10.912988670170307,1.9896804466843605,False
JOB,29a,29,10.912988670170307,1.9739582687616348,False
JOB,29a,28,10.912988670170307,1.9703793376684189,False
JOB,29a,27,10.912988670170307,1.9944508522748947,False
JOB,29a,26,10.912988670170307,1.960312396287918,False
JOB,29a,25,10.912988670170307,2.5284420251846313,False
JOB,29a,24,10.912988670170307,2.5577263608574867,False
JOB,29a,23,10.912988670170307,10.721233993768692,False
JOB,29a,22,10.912988670170307,10.818363167345524,False
JOB,29a,21,10.912988670170307,10.912988670170307,True
JOB,29a,20,10.912988670170307,10.912988670170307,True
JOB,29a,19,10.912988670170307,10.912988670170307,True
JOB,29a,18,10.912988670170307,10.912988670170307,True
JOB,29a,17,10.912988670170307,2.7534473538398743,False
JOB,29a,16,10.912988670170307,2.7514278069138527,False
JOB,29a,15,10.912988670170307,1.5530463233590126,False
JOB,29a,14,10.912988670170307,1.512901820242405,False
JOB,29a,13,10.912988670170307,1.4982793778181076,False
JOB,29a,12,10.912988670170307,1.4917252659797668,False
JOB,29a,11,10.912988670170307,1.5410750284790993,False
JOB,29a,10,10.912988670170307,1.558758556842804,False
JOB,29a,9,10.912988670170307,2.138790912926197,False
JOB,29a,8,10.912988670170307,2.138805642724037,False
JOB,29a,7,10.912988670170307,1.471257634460926,False
JOB,29a,6,10.912988670170307,1.463991828262806,False
JOB,29a,5,10.912988670170307,1.502414233982563,False
JOB,29a,4,10.912988670170307,1.5149482265114784,False
JOB,29a,3,10.912988670170307,1.3104888796806335,False
JOB,29a,2,10.912988670170307,1.2909684777259827,False
JOB,29a,1,10.912988670170307,2.255020648241043,False
JOB,29a,0,10.912988670170307,2.2462615966796875,False
JOB,29b,63,10.564369708299637,2.0390693992376328,False
JOB,29b,62,10.564369708299637,2.013487182557583,False
JOB,29b,61,10.564369708299637,1.9864348471164703,False
JOB,29b,60,10.564369708299637,1.9872476533055305,False
JOB,29b,59,10.564369708299637,1.9696711227297783,False
JOB,29b,58,10.564369708299637,1.981086641550064,False
JOB,29b,57,10.564369708299637,2.430909939110279,False
JOB,29b,56,10.564369708299637,2.425909288227558,False
JOB,29b,55,10.564369708299637,9.404361881315708,False
JOB,29b,54,10.564369708299637,9.416459947824478,False
JOB,29b,53,10.564369708299637,10.564369708299637,True
JOB,29b,52,10.564369708299637,10.564369708299637,True
JOB,29b,51,10.564369708299637,9.061027370393276,False
JOB,29b,50,10.564369708299637,9.266101688146591,False
JOB,29b,49,10.564369708299637,2.7313254475593567,False
JOB,29b,48,10.564369708299637,2.706614151597023,False
JOB,29b,47,10.564369708299637,1.5374922379851341,False
JOB,29b,46,10.564369708299637,1.5358812361955643,False
JOB,29b,45,10.564369708299637,1.5180184096097946,False
JOB,29b,44,10.564369708299637,1.5095695704221725,False
JOB,29b,43,10.564369708299637,1.5302806049585342,False
JOB,29b,42,10.564369708299637,1.5353963747620583,False
JOB,29b,41,10.564369708299637,2.0267427042126656,False
JOB,29b,40,10.564369708299637,2.0266857594251633,False
JOB,29b,39,10.564369708299637,8.81586953997612,False
JOB,29b,38,10.564369708299637,8.780240170657635,False
JOB,29b,37,10.564369708299637,10.564369708299637,True
JOB,29b,36,10.564369708299637,10.564369708299637,True
JOB,29b,35,10.564369708299637,8.706008069217205,False
JOB,29b,34,10.564369708299637,8.734786078333855,False
JOB,29b,33,10.564369708299637,2.185558669269085,False
JOB,29b,32,10.564369708299637,2.195041611790657,False
JOB,29b,31,10.564369708299637,1.907054416835308,False
JOB,29b,30,10.564369708299637,1.9213082939386368,False
JOB,29b,29,10.564369708299637,1.912140540778637,False
JOB,29b,28,10.564369708299637,1.9269980043172836,False
JOB,29b,27,10.564369708299637,1.9114046320319176,False
JOB,29b,26,10.564369708299637,1.8776473328471184,False
JOB,29b,25,10.564369708299637,2.339753620326519,False
JOB,29b,24,10.564369708299637,2.3233309984207153,False
JOB,29b,23,10.564369708299637,10.049749232828617,False
JOB,29b,22,10.564369708299637,10.063744358718395,False
JOB,29b,21,10.564369708299637,10.564369708299637,True
JOB,29b,20,10.564369708299637,10.564369708299637,True
JOB,29b,19,10.564369708299637,10.564369708299637,True
JOB,29b,18,10.564369708299637,10.564369708299637,True
JOB,29b,17,10.564369708299637,2.54142302274704,False
JOB,29b,16,10.564369708299637,2.541223146021366,False
JOB,29b,15,10.564369708299637,1.4241172969341278,False
JOB,29b,14,10.564369708299637,1.438641980290413,False
JOB,29b,13,10.564369708299637,1.4415147751569748,False
JOB,29b,12,10.564369708299637,1.4473544582724571,False
JOB,29b,11,10.564369708299637,1.4653348550200462,False
JOB,29b,10,10.564369708299637,1.4764094427227974,False
JOB,29b,9,10.564369708299637,1.96431764960289,False
JOB,29b,8,10.564369708299637,1.9696355685591698,False
JOB,29b,7,10.564369708299637,1.457512341439724,False
JOB,29b,6,10.564369708299637,1.449329562485218,False
JOB,29b,5,10.564369708299637,1.500876560807228,False
JOB,29b,4,10.564369708299637,1.4914553612470627,False
JOB,29b,3,10.564369708299637,1.2728030979633331,False
JOB,29b,2,10.564369708299637,1.2692735269665718,False
JOB,29b,1,10.564369708299637,2.048150859773159,False
JOB,29b,0,10.564369708299637,2.0571846440434456,False
JOB,29c,63,48.383357264101505,9.449057683348656,False
JOB,29c,62,48.383357264101505,9.456913724541664,False
JOB,29c,61,48.383357264101505,8.530840180814266,False
JOB,29c,60,48.383357264101505,8.531811118125916,False
JOB,29c,59,48.383357264101505,9.506956420838833,False
JOB,29c,58,48.383357264101505,9.527928970754147,False
JOB,29c,57,48.383357264101505,3.0856639742851257,False
JOB,29c,56,48.383357264101505,3.074925772845745,False
JOB,29c,55,48.383357264101505,10.799819573760033,False
JOB,29c,54,48.383357264101505,10.741775885224342,False
JOB,29c,53,48.383357264101505,18.74818878620863,False
JOB,29c,52,48.383357264101505,18.369389541447163,False
JOB,29c,51,48.383357264101505,10.45726627111435,False
JOB,29c,50,48.383357264101505,10.644217289984226,False
JOB,29c,49,48.383357264101505,3.3623373359441757,False
JOB,29c,48,48.383357264101505,3.350214719772339,False
JOB,29c,47,48.383357264101505,8.914428256452084,False
JOB,29c,46,48.383357264101505,8.931683868169785,False
JOB,29c,45,48.383357264101505,8.01104911416769,False
JOB,29c,44,48.383357264101505,7.993192411959171,False
JOB,29c,43,48.383357264101505,9.05269855260849,False
JOB,29c,42,48.383357264101505,9.062899395823479,False
JOB,29c,41,48.383357264101505,2.6809572726488113,False
JOB,29c,40,48.383357264101505,2.6824035048484802,False
JOB,29c,39,48.383357264101505,10.413082756102085,False
JOB,29c,38,48.383357264101505,10.288010865449905,False
JOB,29c,37,48.383357264101505,18.73415705561638,False
JOB,29c,36,48.383357264101505,18.69157223403454,False
JOB,29c,35,48.383357264101505,10.138252012431622,False
JOB,29c,34,48.383357264101505,10.137838214635849,False
JOB,29c,33,48.383357264101505,2.858771748840809,False
JOB,29c,32,48.383357264101505,2.830375000834465,False
JOB,29c,31,48.383357264101505,9.271535456180573,False
JOB,29c,30,48.383357264101505,9.259209431707859,False
JOB,29c,29,48.383357264101505,8.444460503757,False
JOB,29c,28,48.383357264101505,8.353041641414165,False
JOB,29c,27,48.383357264101505,9.376679390668869,False
JOB,29c,26,48.383357264101505,9.341364450752735,False
JOB,29c,25,48.383357264101505,3.0124047622084618,False
JOB,29c,24,48.383357264101505,3.029606804251671,False
JOB,29c,23,48.383357264101505,13.958445586264133,False
JOB,29c,22,48.383357264101505,13.341609299182892,False
JOB,29c,21,48.383357264101505,18.094547510147095,False
JOB,29c,20,48.383357264101505,18.157548300921917,False
JOB,29c,19,48.383357264101505,15.810149043798447,False
JOB,29c,18,48.383357264101505,15.823942929506302,False
JOB,29c,17,48.383357264101505,3.212807185947895,False
JOB,29c,16,48.383357264101505,3.22205351293087,False
JOB,29c,15,48.383357264101505,8.838968575000763,False
JOB,29c,14,48.383357264101505,8.801992654800415,False
JOB,29c,13,48.383357264101505,7.886728145182133,False
JOB,29c,12,48.383357264101505,7.869678013026714,False
JOB,29c,11,48.383357264101505,8.965921342372894,False
JOB,29c,10,48.383357264101505,8.990381866693497,False
JOB,29c,9,48.383357264101505,2.6113420128822327,False
JOB,29c,8,48.383357264101505,2.625158540904522,False
JOB,29c,7,48.383357264101505,2.881939798593521,False
JOB,29c,6,48.383357264101505,2.9077054634690285,False
JOB,29c,5,48.383357264101505,2.067278914153576,False
JOB,29c,4,48.383357264101505,2.054233320057392,False
JOB,29c,3,48.383357264101505,2.7337591499090195,False
JOB,29c,2,48.383357264101505,2.7359930127859116,False
JOB,29c,1,48.383357264101505,2.770563766360283,False
JOB,29c,0,48.383357264101505,2.7327171713113785,False
JOB,30a,63,10.403825081884861,2.123799964785576,False
JOB,30a,62,10.403825081884861,2.1102744340896606,False
JOB,30a,61,10.403825081884861,2.1959424689412117,False
JOB,30a,60,10.403825081884861,2.1724964678287506,False
JOB,30a,59,10.403825081884861,2.595528282225132,False
JOB,30a,58,10.403825081884861,2.593194507062435,False
JOB,30a,57,10.403825081884861,1.6426926329731941,False
JOB,30a,56,10.403825081884861,1.6508600637316704,False
JOB,30a,55,10.403825081884861,7.231140300631523,False
JOB,30a,54,10.403825081884861,7.236650206148624,False
JOB,30a,53,10.403825081884861,9.781609669327736,False
JOB,30a,52,10.403825081884861,9.74356583505869,False
JOB,30a,51,10.403825081884861,7.2294071316719055,False
JOB,30a,50,10.403825081884861,7.242347039282322,False
JOB,30a,49,10.403825081884861,1.7901386469602585,False
JOB,30a,48,10.403825081884861,1.773414522409439,False
JOB,30a,47,10.403825081884861,2.078699678182602,False
JOB,30a,46,10.403825081884861,2.083359196782112,False
JOB,30a,45,10.403825081884861,2.1632403284311295,False
JOB,30a,44,10.403825081884861,2.188343897461891,False
JOB,30a,43,10.403825081884861,2.589294634759426,False
JOB,30a,42,10.403825081884861,2.6345959827303886,False
JOB,30a,41,10.403825081884861,1.6272075697779655,False
JOB,30a,40,10.403825081884861,1.634223610162735,False
JOB,30a,39,10.403825081884861,7.197289332747459,False
JOB,30a,38,10.403825081884861,7.238997623324394,False
JOB,30a,37,10.403825081884861,10.403825081884861,True
JOB,30a,36,10.403825081884861,10.403825081884861,True
JOB,30a,35,10.403825081884861,7.208371929824352,False
JOB,30a,34,10.403825081884861,7.197945304214954,False
JOB,30a,33,10.403825081884861,1.638326771557331,False
JOB,30a,32,10.403825081884861,1.6341967284679413,False
JOB,30a,31,10.403825081884861,2.100010931491852,False
JOB,30a,30,10.403825081884861,2.092374674975872,False
JOB,30a,29,10.403825081884861,2.171670138835907,False
JOB,30a,28,10.403825081884861,2.2010863795876503,False
JOB,30a,27,10.403825081884861,2.586118906736374,False
JOB,30a,26,10.403825081884861,2.5777357444167137,False
JOB,30a,25,10.403825081884861,1.63591867685318,False
JOB,30a,24,10.403825081884861,1.6371256336569786,False
JOB,30a,23,10.403825081884861,10.033134698867798,False
JOB,30a,22,10.403825081884861,10.0271987169981,False
JOB,30a,21,10.403825081884861,9.802172221243382,False
JOB,30a,20,10.403825081884861,9.759723708033562,False
JOB,30a,19,10.403825081884861,9.505131416022778,False
JOB,30a,18,10.403825081884861,9.557288713753223,False
JOB,30a,17,10.403825081884861,1.7955748364329338,False
JOB,30a,16,10.403825081884861,1.7819744795560837,False
JOB,30a,15,10.403825081884861,2.0778591632843018,False
JOB,30a,14,10.403825081884861,2.08080180734396,False
JOB,30a,13,10.403825081884861,2.1945758163928986,False
JOB,30a,12,10.403825081884861,2.1815055832266808,False
JOB,30a,11,10.403825081884861,2.5818545147776604,False
JOB,30a,10,10.403825081884861,2.583043873310089,False
JOB,30a,9,10.403825081884861,1.6428322196006775,False
JOB,30a,8,10.403825081884861,1.6208672598004341,False
JOB,30a,7,10.403825081884861,1.4815861582756042,False
JOB,30a,6,10.403825081884861,1.4765398353338242,False
JOB,30a,5,10.403825081884861,1.4881931245326996,False
JOB,30a,4,10.403825081884861,1.484846018254757,False
JOB,30a,3,10.403825081884861,2.6272956803441048,False
JOB,30a,2,10.403825081884861,2.642522893846035,False
JOB,30a,1,10.403825081884861,1.6280659064650536,False
JOB,30a,0,10.403825081884861,1.6238114684820175,False
JOB,30b,63,1.673617660999298,0.36425915360450745,False
JOB,30b,62,1.673617660999298,0.34115755558013916,False
JOB,30b,61,1.673617660999298,0.3793153166770935,False
JOB,30b,60,1.673617660999298,0.3858220800757408,False
JOB,30b,59,1.673617660999298,0.3841546028852463,False
JOB,30b,58,1.673617660999298,0.3769429922103882,False
JOB,30b,57,1.673617660999298,1.6500234976410866,False
JOB,30b,56,1.673617660999298,1.6349081471562386,False
JOB,30b,55,1.673617660999298,1.673617660999298,True
JOB,30b,54,1.673617660999298,1.673617660999298,True
JOB,30b,53,1.673617660999298,1.673617660999298,True
JOB,30b,52,1.673617660999298,1.673617660999298,True
JOB,30b,51,1.673617660999298,1.673617660999298,True
JOB,30b,50,1.673617660999298,1.673617660999298,True
JOB,30b,49,1.673617660999298,1.673617660999298,True
JOB,30b,48,1.673617660999298,1.673617660999298,True
JOB,30b,47,1.673617660999298,0.34125877171754837,False
JOB,30b,46,1.673617660999298,0.3231532424688339,False
JOB,30b,45,1.673617660999298,0.36201734840869904,False
JOB,30b,44,1.673617660999298,0.36422859877347946,False
JOB,30b,43,1.673617660999298,0.3722362145781517,False
JOB,30b,42,1.673617660999298,0.35684778541326523,False
JOB,30b,41,1.673617660999298,1.635737083852291,False
JOB,30b,40,1.673617660999298,1.6329340189695358,False
JOB,30b,39,1.673617660999298,1.673617660999298,True
JOB,30b,38,1.673617660999298,1.673617660999298,True
JOB,30b,37,1.673617660999298,1.673617660999298,True
JOB,30b,36,1.673617660999298,1.673617660999298,True
JOB,30b,35,1.673617660999298,1.673617660999298,True
JOB,30b,34,1.673617660999298,1.673617660999298,True
JOB,30b,33,1.673617660999298,1.656899854540825,False
JOB,30b,32,1.673617660999298,1.6484214067459106,False
JOB,30b,31,1.673617660999298,0.3413977324962616,False
JOB,30b,30,1.673617660999298,0.3364034742116928,False
JOB,30b,29,1.673617660999298,0.3759409859776497,False
JOB,30b,28,1.673617660999298,0.3753926530480385,False
JOB,30b,27,1.673617660999298,0.3756015971302986,False
JOB,30b,26,1.673617660999298,0.37510330975055695,False
JOB,30b,25,1.673617660999298,1.6458439379930496,False
JOB,30b,24,1.673617660999298,1.6512738689780235,False
JOB,30b,23,1.673617660999298,1.673617660999298,True
JOB,30b,22,1.673617660999298,1.673617660999298,True
JOB,30b,21,1.673617660999298,1.673617660999298,True
JOB,30b,20,1.673617660999298,1.673617660999298,True
JOB,30b,19,1.673617660999298,1.673617660999298,True
JOB,30b,18,1.673617660999298,1.673617660999298,True
JOB,30b,17,1.673617660999298,1.673617660999298,True
JOB,30b,16,1.673617660999298,1.673617660999298,True
JOB,30b,15,1.673617660999298,0.3320425823330879,False
JOB,30b,14,1.673617660999298,0.32573525607585907,False
JOB,30b,13,1.673617660999298,0.365191213786602,False
JOB,30b,12,1.673617660999298,0.36502426862716675,False
JOB,30b,11,1.673617660999298,0.35702790319919586,False
JOB,30b,10,1.673617660999298,0.3586307466030121,False
JOB,30b,9,1.673617660999298,1.615499034523964,False
JOB,30b,8,1.673617660999298,1.6205044984817505,False
JOB,30b,7,1.673617660999298,1.4638234302401543,False
JOB,30b,6,1.673617660999298,1.4763820320367813,False
JOB,30b,5,1.673617660999298,1.487304262816906,False
JOB,30b,4,1.673617660999298,1.4766869023442268,False
JOB,30b,3,1.673617660999298,0.36867980659008026,False
JOB,30b,2,1.673617660999298,0.3651696741580963,False
JOB,30b,1,1.673617660999298,1.6174739673733711,False
JOB,30b,0,1.673617660999298,1.6204742789268494,False
JOB,30c,63,9.50001809746027,1.898058570921421,False
JOB,30c,62,9.50001809746027,1.8704934865236282,False
JOB,30c,61,9.50001809746027,1.8719162866473198,False
JOB,30c,60,9.50001809746027,1.8547246009111404,False
JOB,30c,59,9.50001809746027,2.443705804646015,False
JOB,30c,58,9.50001809746027,2.4498693868517876,False
JOB,30c,57,9.50001809746027,2.3568654656410217,False
JOB,30c,56,9.50001809746027,2.3486511632800102,False
JOB,30c,55,9.50001809746027,8.436098091304302,False
JOB,30c,54,9.50001809746027,8.415328353643417,False
JOB,30c,53,9.50001809746027,9.50001809746027,True
JOB,30c,52,9.50001809746027,9.50001809746027,True
JOB,30c,51,9.50001809746027,8.439658485352993,False
JOB,30c,50,9.50001809746027,8.410100318491459,False
JOB,30c,49,9.50001809746027,2.37186336517334,False
JOB,30c,48,9.50001809746027,2.365123823285103,False
JOB,30c,47,9.50001809746027,1.8584457486867905,False
JOB,30c,46,9.50001809746027,1.8676191344857216,False
JOB,30c,45,9.50001809746027,1.8575831279158592,False
JOB,30c,44,9.50001809746027,1.8576648905873299,False
JOB,30c,43,9.50001809746027,2.4341573119163513,False
JOB,30c,42,9.50001809746027,2.433653935790062,False
JOB,30c,41,9.50001809746027,2.3509311005473137,False
JOB,30c,40,9.50001809746027,2.36503304541111,False
JOB,30c,39,9.50001809746027,8.421235039830208,False
JOB,30c,38,9.50001809746027,8.418280653655529,False
JOB,30c,37,9.50001809746027,9.50001809746027,True
JOB,30c,36,9.50001809746027,9.50001809746027,True
JOB,30c,35,9.50001809746027,8.412546493113041,False
JOB,30c,34,9.50001809746027,8.400156952440739,False
JOB,30c,33,9.50001809746027,2.3484805077314377,False
JOB,30c,32,9.50001809746027,2.347105287015438,False
JOB,30c,31,9.50001809746027,1.8465699329972267,False
JOB,30c,30,9.50001809746027,1.8552107140421867,False
JOB,30c,29,9.50001809746027,1.8700065165758133,False
JOB,30c,28,9.50001809746027,1.8616373762488365,False
JOB,30c,27,9.50001809746027,2.4506436064839363,False
JOB,30c,26,9.50001809746027,2.5059297010302544,False
JOB,30c,25,9.50001809746027,2.353142462670803,False
JOB,30c,24,9.50001809746027,2.362786464393139,False
JOB,30c,23,9.50001809746027,9.50001809746027,True
JOB,30c,22,9.50001809746027,9.50001809746027,True
JOB,30c,21,9.50001809746027,9.30434463173151,False
JOB,30c,20,9.50001809746027,9.311923086643219,False
JOB,30c,19,9.50001809746027,9.50001809746027,True
JOB,30c,18,9.50001809746027,9.50001809746027,True
JOB,30c,17,9.50001809746027,2.375357836484909,False
JOB,30c,16,9.50001809746027,2.3514340445399284,False
JOB,30c,15,9.50001809746027,1.8577551990747452,False
JOB,30c,14,9.50001809746027,1.8814069852232933,False
JOB,30c,13,9.50001809746027,1.8503597900271416,False
JOB,30c,12,9.50001809746027,1.8485122621059418,False
JOB,30c,11,9.50001809746027,2.4350362941622734,False
JOB,30c,10,9.50001809746027,2.441205322742462,False
JOB,30c,9,9.50001809746027,2.339887648820877,False
JOB,30c,8,9.50001809746027,2.3511326611042023,False
JOB,30c,7,9.50001809746027,2.123120129108429,False
JOB,30c,6,9.50001809746027,2.1124974489212036,False
JOB,30c,5,9.50001809746027,2.1977644339203835,False
JOB,30c,4,9.50001809746027,2.1893232092261314,False
JOB,30c,3,9.50001809746027,2.4745870903134346,False
JOB,30c,2,9.50001809746027,2.479994148015976,False
JOB,30c,1,9.50001809746027,2.3579825460910797,False
JOB,30c,0,9.50001809746027,2.341200530529022,False
JOB,31a,63,20.95167975872755,4.3029094114899635,False
JOB,31a,62,20.95167975872755,4.2733234986662865,False
JOB,31a,61,20.95167975872755,4.293101102113724,False
JOB,31a,60,20.95167975872755,4.331907115876675,False
JOB,31a,59,20.95167975872755,5.357178062200546,False
JOB,31a,58,20.95167975872755,5.362368576228619,False
JOB,31a,57,20.95167975872755,7.218937188386917,False
JOB,31a,56,20.95167975872755,7.2147393971681595,False
JOB,31a,55,20.95167975872755,7.476683385670185,False
JOB,31a,54,20.95167975872755,7.502933390438557,False
JOB,31a,53,20.95167975872755,11.648024931550026,False
JOB,31a,52,20.95167975872755,11.702300451695919,False
JOB,31a,51,20.95167975872755,7.47035700827837,False
JOB,31a,50,20.95167975872755,7.475578740239143,False
JOB,31a,49,20.95167975872755,7.253860466182232,False
JOB,31a,48,20.95167975872755,7.20824109017849,False
JOB,31a,47,20.95167975872755,4.273200437426567,False
JOB,31a,46,20.95167975872755,4.271365098655224,False
JOB,31a,45,20.95167975872755,4.287246435880661,False
JOB,31a,44,20.95167975872755,4.263524994254112,False
JOB,31a,43,20.95167975872755,5.353574775159359,False
JOB,31a,42,20.95167975872755,5.368521012365818,False
JOB,31a,41,20.95167975872755,7.218687057495117,False
JOB,31a,40,20.95167975872755,7.232897631824017,False
JOB,31a,39,20.95167975872755,7.481484539806843,False
JOB,31a,38,20.95167975872755,7.491570197045803,False
JOB,31a,37,20.95167975872755,15.126434840261936,False
JOB,31a,36,20.95167975872755,15.143009416759014,False
JOB,31a,35,20.95167975872755,7.4624545350670815,False
JOB,31a,34,20.95167975872755,7.508780308067799,False
JOB,31a,33,20.95167975872755,7.240832157433033,False
JOB,31a,32,20.95167975872755,7.232697956264019,False
JOB,31a,31,20.95167975872755,4.297346785664558,False
JOB,31a,30,20.95167975872755,4.274654120206833,False
JOB,31a,29,20.95167975872755,4.306616850197315,False
JOB,31a,28,20.95167975872755,4.30972795933485,False
JOB,31a,27,20.95167975872755,5.359852313995361,False
JOB,31a,26,20.95167975872755,5.3783862963318825,False
JOB,31a,25,20.95167975872755,7.215123727917671,False
JOB,31a,24,20.95167975872755,7.221072167158127,False
JOB,31a,23,20.95167975872755,11.024261496961117,False
JOB,31a,22,20.95167975872755,11.056239388883114,False
JOB,31a,21,20.95167975872755,10.774419955909252,False
JOB,31a,20,20.95167975872755,10.735346794128418,False
JOB,31a,19,20.95167975872755,11.283825747668743,False
JOB,31a,18,20.95167975872755,11.256845615804195,False
JOB,31a,17,20.95167975872755,7.206905350089073,False
JOB,31a,16,20.95167975872755,7.208471924066544,False
JOB,31a,15,20.95167975872755,4.279554598033428,False
JOB,31a,14,20.95167975872755,4.264315068721771,False
JOB,31a,13,20.95167975872755,4.277530685067177,False
JOB,31a,12,20.95167975872755,4.29373187571764,False
JOB,31a,11,20.95167975872755,5.356555640697479,False
JOB,31a,10,20.95167975872755,5.365735583007336,False
JOB,31a,9,20.95167975872755,7.18975780159235,False
JOB,31a,8,20.95167975872755,7.200049392879009,False
JOB,31a,7,20.95167975872755,2.049469970166683,False
JOB,31a,6,20.95167975872755,2.0578825250267982,False
JOB,31a,5,20.95167975872755,2.0471298545598984,False
JOB,31a,4,20.95167975872755,2.046791985630989,False
JOB,31a,3,20.95167975872755,5.309056952595711,False
JOB,31a,2,20.95167975872755,5.319319970905781,False
JOB,31a,1,20.95167975872755,7.225165285170078,False
JOB,31a,0,20.95167975872755,7.209154956042767,False
JOB,31b,63,1.5158864855766296,0.34005650132894516,False
JOB,31b,62,1.5158864855766296,0.32809729874134064,False
JOB,31b,61,1.5158864855766296,0.36393288522958755,False
JOB,31b,60,1.5158864855766296,0.365513876080513,False
JOB,31b,59,1.5158864855766296,0.3747008219361305,False
JOB,31b,58,1.5158864855766296,0.3635122552514076,False
JOB,31b,57,1.5158864855766296,1.5158864855766296,True
JOB,31b,56,1.5158864855766296,1.5158864855766296,True
JOB,31b,55,1.5158864855766296,1.5158864855766296,True
JOB,31b,54,1.5158864855766296,1.5158864855766296,True
JOB,31b,53,1.5158864855766296,1.5158864855766296,True
JOB,31b,52,1.5158864855766296,1.5158864855766296,True
JOB,31b,51,1.5158864855766296,1.5158864855766296,True
JOB,31b,50,1.5158864855766296,1.5158864855766296,True
JOB,31b,49,1.5158864855766296,1.5158864855766296,True
JOB,31b,48,1.5158864855766296,1.5158864855766296,True
JOB,31b,47,1.5158864855766296,0.32618410140275955,False
JOB,31b,46,1.5158864855766296,0.3181425631046295,False
JOB,31b,45,1.5158864855766296,0.35444195568561554,False
JOB,31b,44,1.5158864855766296,0.35623983293771744,False
JOB,31b,43,1.5158864855766296,0.35767581313848495,False
JOB,31b,42,1.5158864855766296,0.36155965924263,False
JOB,31b,41,1.5158864855766296,1.5158864855766296,True
JOB,31b,40,1.5158864855766296,1.5158864855766296,True
JOB,31b,39,1.5158864855766296,1.5158864855766296,True
JOB,31b,38,1.5158864855766296,1.5158864855766296,True
JOB,31b,37,1.5158864855766296,1.5158864855766296,True
JOB,31b,36,1.5158864855766296,1.5158864855766296,True
JOB,31b,35,1.5158864855766296,1.5158864855766296,True
JOB,31b,34,1.5158864855766296,1.5158864855766296,True
JOB,31b,33,1.5158864855766296,1.5158864855766296,True
JOB,31b,32,1.5158864855766296,1.5158864855766296,True
JOB,31b,31,1.5158864855766296,0.3306697830557823,False
JOB,31b,30,1.5158864855766296,0.322450153529644,False
JOB,31b,29,1.5158864855766296,0.3599714934825897,False
JOB,31b,28,1.5158864855766296,0.35696355253458023,False
JOB,31b,27,1.5158864855766296,0.3855421245098114,False
JOB,31b,26,1.5158864855766296,0.3730749264359474,False
JOB,31b,25,1.5158864855766296,1.5158864855766296,True
JOB,31b,24,1.5158864855766296,1.5158864855766296,True
JOB,31b,23,1.5158864855766296,1.5158864855766296,True
JOB,31b,22,1.5158864855766296,1.5158864855766296,True
JOB,31b,21,1.5158864855766296,1.5158864855766296,True
JOB,31b,20,1.5158864855766296,1.5158864855766296,True
JOB,31b,19,1.5158864855766296,1.5158864855766296,True
JOB,31b,18,1.5158864855766296,1.5158864855766296,True
JOB,31b,17,1.5158864855766296,1.5158864855766296,True
JOB,31b,16,1.5158864855766296,1.5158864855766296,True
JOB,31b,15,1.5158864855766296,0.31887900829315186,False
JOB,31b,14,1.5158864855766296,0.31033825129270554,False
JOB,31b,13,1.5158864855766296,0.3512529581785202,False
JOB,31b,12,1.5158864855766296,0.3475388064980507,False
JOB,31b,11,1.5158864855766296,0.3558773621916771,False
JOB,31b,10,1.5158864855766296,0.3506590574979782,False
JOB,31b,9,1.5158864855766296,1.5158864855766296,True
JOB,31b,8,1.5158864855766296,1.5158864855766296,True
JOB,31b,7,1.5158864855766296,1.221766971051693,False
JOB,31b,6,1.5158864855766296,1.240427128970623,False
JOB,31b,5,1.5158864855766296,1.2233799546957016,False
JOB,31b,4,1.5158864855766296,1.2265019342303276,False
JOB,31b,3,1.5158864855766296,0.35686543583869934,False
JOB,31b,2,1.5158864855766296,0.3590925708413124,False
JOB,31b,1,1.5158864855766296,1.5158864855766296,True
JOB,31b,0,1.5158864855766296,1.5158864855766296,True
JOB,31c,63,31.61150936037302,6.307078339159489,False
JOB,31c,62,31.61150936037302,6.288757279515266,False
JOB,31c,61,31.61150936037302,6.4907451197505,False
JOB,31c,60,31.61150936037302,6.4100780710577965,False
JOB,31c,59,31.61150936037302,8.154952004551888,False
JOB,31c,58,31.61150936037302,8.153860159218311,False
JOB,31c,57,31.61150936037302,11.086576662957668,False
JOB,31c,56,31.61150936037302,11.099214181303978,False
JOB,31c,55,31.61150936037302,8.086925700306892,False
JOB,31c,54,31.61150936037302,8.08482751250267,False
JOB,31c,53,31.61150936037302,14.39233286678791,False
JOB,31c,52,31.61150936037302,14.383111506700516,False
JOB,31c,51,31.61150936037302,8.110759474337101,False
JOB,31c,50,31.61150936037302,8.112026020884514,False
JOB,31c,49,31.61150936037302,11.097492814064026,False
JOB,31c,48,31.61150936037302,11.06987190246582,False
JOB,31c,47,31.61150936037302,6.294754467904568,False
JOB,31c,46,31.61150936037302,6.275471806526184,False
JOB,31c,45,31.61150936037302,6.399215683341026,False
JOB,31c,44,31.61150936037302,6.387726403772831,False
JOB,31c,43,31.61150936037302,8.149783223867416,False
JOB,31c,42,31.61150936037302,8.18887297064066,False
JOB,31c,41,31.61150936037302,11.06538600474596,False
JOB,31c,40,31.61150936037302,11.076973997056484,False
JOB,31c,39,31.61150936037302,8.070709116756916,False
JOB,31c,38,31.61150936037302,8.061382919549942,False
JOB,31c,37,31.61150936037302,15.644704706966877,False
JOB,31c,36,31.61150936037302,15.624579705297947,False
JOB,31c,35,31.61150936037302,8.0540826395154,False
JOB,31c,34,31.61150936037302,8.044260576367378,False
JOB,31c,33,31.61150936037302,11.047577150166035,False
JOB,31c,32,31.61150936037302,11.035153180360794,False
JOB,31c,31,31.61150936037302,6.266697451472282,False
JOB,31c,30,31.61150936037302,6.2412441074848175,False
JOB,31c,29,31.61150936037302,6.389862693846226,False
JOB,31c,28,31.61150936037302,6.334929935634136,False
JOB,31c,27,31.61150936037302,8.11781294643879,False
JOB,31c,26,31.61150936037302,8.082185804843903,False
JOB,31c,25,31.61150936037302,11.085811518132687,False
JOB,31c,24,31.61150936037302,11.065891973674297,False
JOB,31c,23,31.61150936037302,12.588043063879013,False
JOB,31c,22,31.61150936037302,12.54494047164917,False
JOB,31c,21,31.61150936037302,13.838271826505661,False
JOB,31c,20,31.61150936037302,13.961379364132881,False
JOB,31c,19,31.61150936037302,13.350097246468067,False
JOB,31c,18,31.61150936037302,13.34090143442154,False
JOB,31c,17,31.61150936037302,11.076374746859074,False
JOB,31c,16,31.61150936037302,11.055964268743992,False
JOB,31c,15,31.61150936037302,6.26867363601923,False
JOB,31c,14,31.61150936037302,6.260798946022987,False
JOB,31c,13,31.61150936037302,6.408503003418446,False
JOB,31c,12,31.61150936037302,6.400439344346523,False
JOB,31c,11,31.61150936037302,8.146211810410023,False
JOB,31c,10,31.61150936037302,8.147691890597343,False
JOB,31c,9,31.61150936037302,11.111952930688858,False
JOB,31c,8,31.61150936037302,11.08457314223051,False
JOB,31c,7,31.61150936037302,2.2192255780100822,False
JOB,31c,6,31.61150936037302,2.1969641968607903,False
JOB,31c,5,31.61150936037302,2.1902924552559853,False
JOB,31c,4,31.61150936037302,2.200303740799427,False
JOB,31c,3,31.61150936037302,8.254063621163368,False
JOB,31c,2,31.61150936037302,8.250984407961369,False
JOB,31c,1,31.61150936037302,11.127813190221786,False
JOB,31c,0,31.61150936037302,11.111397758126259,False
JOB,32a,63,0.05295492708683014,0.028710253536701202,False
JOB,32a,62,0.05295492708683014,0.01154753565788269,False
JOB,32a,61,0.05295492708683014,0.03852858394384384,False
JOB,32a,60,0.05295492708683014,0.03810212016105652,False
JOB,32a,59,0.05295492708683014,0.010750338435173035,False
JOB,32a,58,0.05295492708683014,0.01065719872713089,False
JOB,32a,57,0.05295492708683014,0.05295492708683014,True
JOB,32a,56,0.05295492708683014,0.05295492708683014,True
JOB,32a,55,0.05295492708683014,0.05295492708683014,True
JOB,32a,54,0.05295492708683014,0.05295492708683014,True
JOB,32a,53,0.05295492708683014,0.05295492708683014,True
JOB,32a,52,0.05295492708683014,0.05295492708683014,True
JOB,32a,51,0.05295492708683014,0.05295492708683014,True
JOB,32a,50,0.05295492708683014,0.05295492708683014,True
JOB,32a,49,0.05295492708683014,0.05295492708683014,True
JOB,32a,48,0.05295492708683014,0.05295492708683014,True
JOB,32a,47,0.05295492708683014,0.020583882927894592,False
JOB,32a,46,0.05295492708683014,0.011049114167690277,False
JOB,32a,45,0.05295492708683014,0.04840928316116333,False
JOB,32a,44,0.05295492708683014,0.037368372082710266,False
JOB,32a,43,0.05295492708683014,0.02087181806564331,False
JOB,32a,42,0.05295492708683014,0.009814724326133728,False
JOB,32a,41,0.05295492708683014,0.05295492708683014,True
JOB,32a,40,0.05295492708683014,0.05295492708683014,True
JOB,32a,39,0.05295492708683014,0.05295492708683014,True
JOB,32a,38,0.05295492708683014,0.05295492708683014,True
JOB,32a,37,0.05295492708683014,0.05295492708683014,True
JOB,32a,36,0.05295492708683014,0.05295492708683014,True
JOB,32a,35,0.05295492708683014,0.05295492708683014,True
JOB,32a,34,0.05295492708683014,0.05295492708683014,True
JOB,32a,33,0.05295492708683014,0.05295492708683014,True
JOB,32a,32,0.05295492708683014,0.05295492708683014,True
JOB,32a,31,0.05295492708683014,0.011618293821811676,False
JOB,32a,30,0.05295492708683014,0.010854534804821014,False
JOB,32a,29,0.05295492708683014,0.03770556300878525,False
JOB,32a,28,0.05295492708683014,0.03744817525148392,False
JOB,32a,27,0.05295492708683014,0.01125047355890274,False
JOB,32a,26,0.05295492708683014,0.021230056881904602,False
JOB,32a,25,0.05295492708683014,0.05295492708683014,True
JOB,32a,24,0.05295492708683014,0.05295492708683014,True
JOB,32a,23,0.05295492708683014,0.05295492708683014,True
JOB,32a,22,0.05295492708683014,0.05295492708683014,True
JOB,32a,21,0.05295492708683014,0.05295492708683014,True
JOB,32a,20,0.05295492708683014,0.05295492708683014,True
JOB,32a,19,0.05295492708683014,0.05295492708683014,True
JOB,32a,18,0.05295492708683014,0.05295492708683014,True
JOB,32a,17,0.05295492708683014,0.05295492708683014,True
JOB,32a,16,0.05295492708683014,0.05295492708683014,True
JOB,32a,15,0.05295492708683014,0.011232413351535797,False
JOB,32a,14,0.05295492708683014,0.010579898953437805,False
JOB,32a,13,0.05295492708683014,0.037946879863739014,False
JOB,32a,12,0.05295492708683014,0.048357509076595306,False
JOB,32a,11,0.05295492708683014,0.010147660970687866,False
JOB,32a,10,0.05295492708683014,0.01008356362581253,False
JOB,32a,9,0.05295492708683014,0.05295492708683014,True
JOB,32a,8,0.05295492708683014,0.05295492708683014,True
JOB,32a,7,0.05295492708683014,0.05295492708683014,True
JOB,32a,6,0.05295492708683014,0.05295492708683014,True
JOB,32a,5,0.05295492708683014,0.05295492708683014,True
JOB,32a,4,0.05295492708683014,0.05295492708683014,True
JOB,32a,3,0.05295492708683014,0.010664872825145721,False
JOB,32a,2,0.05295492708683014,0.011107414960861206,False
JOB,32a,1,0.05295492708683014,0.05295492708683014,True
JOB,32a,0,0.05295492708683014,0.05295492708683014,True
JOB,32b,63,0.38712166249752045,0.09994331002235413,False
JOB,32b,62,0.38712166249752045,0.0822867602109909,False
JOB,32b,61,0.38712166249752045,0.12211665511131287,False
JOB,32b,60,0.38712166249752045,0.12030623853206635,False
JOB,32b,59,0.38712166249752045,0.10082844644784927,False
JOB,32b,58,0.38712166249752045,0.10080157220363617,False
JOB,32b,57,0.38712166249752045,0.13951165974140167,False
JOB,32b,56,0.38712166249752045,0.13619710505008698,False
JOB,32b,55,0.38712166249752045,0.38712166249752045,True
JOB,32b,54,0.38712166249752045,0.38712166249752045,True
JOB,32b,53,0.38712166249752045,0.38712166249752045,True
JOB,32b,52,0.38712166249752045,0.38712166249752045,True
JOB,32b,51,0.38712166249752045,0.38712166249752045,True
JOB,32b,50,0.38712166249752045,0.38712166249752045,True
JOB,32b,49,0.38712166249752045,0.11325003206729889,False
JOB,32b,48,0.38712166249752045,0.10774336010217667,False
JOB,32b,47,0.38712166249752045,0.09073057025671005,False
JOB,32b,46,0.38712166249752045,0.08424413949251175,False
JOB,32b,45,0.38712166249752045,0.11827367544174194,False
JOB,32b,44,0.38712166249752045,0.12099667638540268,False
JOB,32b,43,0.38712166249752045,0.10190469771623611,False
JOB,32b,42,0.38712166249752045,0.09877517074346542,False
JOB,32b,41,0.38712166249752045,0.13944528996944427,False
JOB,32b,40,0.38712166249752045,0.14128251373767853,False
JOB,32b,39,0.38712166249752045,0.38712166249752045,True
JOB,32b,38,0.38712166249752045,0.38712166249752045,True
JOB,32b,37,0.38712166249752045,0.38712166249752045,True
JOB,32b,36,0.38712166249752045,0.38712166249752045,True
JOB,32b,35,0.38712166249752045,0.38712166249752045,True
JOB,32b,34,0.38712166249752045,0.38712166249752045,True
JOB,32b,33,0.38712166249752045,0.1512865349650383,False
JOB,32b,32,0.38712166249752045,0.1354460045695305,False
JOB,32b,31,0.38712166249752045,0.0929386243224144,False
JOB,32b,30,0.38712166249752045,0.0802418664097786,False
JOB,32b,29,0.38712166249752045,0.13012471050024033,False
JOB,32b,28,0.38712166249752045,0.11988026648759842,False
JOB,32b,27,0.38712166249752045,0.0978337973356247,False
JOB,32b,26,0.38712166249752045,0.09831048548221588,False
JOB,32b,25,0.38712166249752045,0.13967005908489227,False
JOB,32b,24,0.38712166249752045,0.15205489844083786,False
JOB,32b,23,0.38712166249752045,0.38712166249752045,True
JOB,32b,22,0.38712166249752045,0.38712166249752045,True
JOB,32b,21,0.38712166249752045,0.38712166249752045,True
JOB,32b,20,0.38712166249752045,0.38712166249752045,True
JOB,32b,19,0.38712166249752045,0.38712166249752045,True
JOB,32b,18,0.38712166249752045,0.38712166249752045,True
JOB,32b,17,0.38712166249752045,0.1175457239151001,False
JOB,32b,16,0.38712166249752045,0.10942979902029037,False
JOB,32b,15,0.38712166249752045,0.08336326479911804,False
JOB,32b,14,0.38712166249752045,0.0821693167090416,False
JOB,32b,13,0.38712166249752045,0.11627212166786194,False
JOB,32b,12,0.38712166249752045,0.11762024462223053,False
JOB,32b,11,0.38712166249752045,0.09476800262928009,False
JOB,32b,10,0.38712166249752045,0.09570800513029099,False
JOB,32b,9,0.38712166249752045,0.1379789337515831,False
JOB,32b,8,0.38712166249752045,0.13396168500185013,False
JOB,32b,7,0.38712166249752045,0.09498875588178635,False
JOB,32b,6,0.38712166249752045,0.10651853680610657,False
JOB,32b,5,0.38712166249752045,0.12793824821710587,False
JOB,32b,4,0.38712166249752045,0.132407046854496,False
JOB,32b,3,0.38712166249752045,0.09756352007389069,False
JOB,32b,2,0.38712166249752045,0.09766286611557007,False
JOB,32b,1,0.38712166249752045,0.13817480206489563,False
JOB,32b,0,0.38712166249752045,0.13508282601833344,False
JOB,33a,63,1.0839559137821198,0.2337956801056862,False
JOB,33a,62,1.0839559137821198,0.2130957841873169,False
JOB,33a,61,1.0839559137821198,0.20762629806995392,False
JOB,33a,60,1.0839559137821198,0.20374584197998047,False
JOB,33a,59,1.0839559137821198,0.270106241106987,False
JOB,33a,58,1.0839559137821198,0.268885999917984,False
JOB,33a,57,1.0839559137821198,0.2998822033405304,False
JOB,33a,56,1.0839559137821198,0.2974929139018059,False
JOB,33a,55,1.0839559137821198,1.0342586487531662,False
JOB,33a,54,1.0839559137821198,1.0304365009069443,False
JOB,33a,53,1.0839559137821198,1.0839559137821198,True
JOB,33a,52,1.0839559137821198,1.0839559137821198,True
JOB,33a,51,1.0839559137821198,1.0839559137821198,True
JOB,33a,50,1.0839559137821198,1.0839559137821198,True
JOB,33a,49,1.0839559137821198,0.234645314514637,False
JOB,33a,48,1.0839559137821198,0.23358204215765,False
JOB,33a,47,1.0839559137821198,0.14667440205812454,False
JOB,33a,46,1.0839559137821198,0.15382549166679382,False
JOB,33a,45,1.0839559137821198,0.13824541866779327,False
JOB,33a,44,1.0839559137821198,0.13857579231262207,False
JOB,33a,43,1.0839559137821198,0.20996039360761642,False
JOB,33a,42,1.0839559137821198,0.2069566696882248,False
JOB,33a,41,1.0839559137821198,0.2326936200261116,False
JOB,33a,40,1.0839559137821198,0.23176394402980804,False
JOB,33a,39,1.0839559137821198,1.0839559137821198,True
JOB,33a,38,1.0839559137821198,1.0839559137821198,True
JOB,33a,37,1.0839559137821198,1.0839559137821198,True
JOB,33a,36,1.0839559137821198,1.0839559137821198,True
JOB,33a,35,1.0839559137821198,1.0839559137821198,True
JOB,33a,34,1.0839559137821198,1.0839559137821198,True
JOB,33a,33,1.0839559137821198,0.25727706402540207,False
JOB,33a,32,1.0839559137821198,0.27080008387565613,False
JOB,33a,31,1.0839559137821198,0.19527042657136917,False
JOB,33a,30,1.0839559137821198,0.1918509602546692,False
JOB,33a,29,1.0839559137821198,0.19058343023061752,False
JOB,33a,28,1.0839559137821198,0.195206880569458,False
JOB,33a,27,1.0839559137821198,0.28556831181049347,False
JOB,33a,26,1.0839559137821198,0.25582652539014816,False
JOB,33a,25,1.0839559137821198,0.2755347117781639,False
JOB,33a,24,1.0839559137821198,0.2907621040940285,False
JOB,33a,23,1.0839559137821198,0.9424175322055817,False
JOB,33a,22,1.0839559137821198,0.9265750497579575,False
JOB,33a,21,1.0839559137821198,1.0839559137821198,True
JOB,33a,20,1.0839559137821198,1.0839559137821198,True
JOB,33a,19,1.0839559137821198,1.0839559137821198,True
JOB,33a,18,1.0839559137821198,1.0839559137821198,True
JOB,33a,17,1.0839559137821198,0.22115067392587662,False
JOB,33a,16,1.0839559137821198,0.21566133946180344,False
JOB,33a,15,1.0839559137821198,0.12968622893095016,False
JOB,33a,14,1.0839559137821198,0.12900929152965546,False
JOB,33a,13,1.0839559137821198,0.14005200564861298,False
JOB,33a,12,1.0839559137821198,0.1252962425351143,False
JOB,33a,11,1.0839559137821198,0.13504870980978012,False
JOB,33a,10,1.0839559137821198,0.13326282799243927,False
JOB,33a,9,1.0839559137821198,0.23302795737981796,False
JOB,33a,8,1.0839559137821198,0.24246782064437866,False
JOB,33a,7,1.0839559137821198,0.14736353605985641,False
JOB,33a,6,1.0839559137821198,0.14890100061893463,False
JOB,33a,5,1.0839559137821198,0.13400527834892273,False
JOB,33a,4,1.0839559137821198,0.13615741580724716,False
JOB,33a,3,1.0839559137821198,0.13929132372140884,False
JOB,33a,2,1.0839559137821198,0.14235969632863998,False
JOB,33a,1,1.0839559137821198,0.24110371619462967,False
JOB,33a,0,1.0839559137821198,0.24239881336688995,False
JOB,33b,63,1.053842008113861,0.2242327556014061,False
JOB,33b,62,1.053842008113861,0.20793451368808746,False
JOB,33b,61,1.053842008113861,0.20310474187135696,False
JOB,33b,60,1.053842008113861,0.20213999599218369,False
JOB,33b,59,1.053842008113861,0.1945500671863556,False
JOB,33b,58,1.053842008113861,0.19515791535377502,False
JOB,33b,57,1.053842008113861,0.2882230132818222,False
JOB,33b,56,1.053842008113861,0.28667350858449936,False
JOB,33b,55,1.053842008113861,1.010119952261448,False
JOB,33b,54,1.053842008113861,1.0125887244939804,False
JOB,33b,53,1.053842008113861,1.053842008113861,True
JOB,33b,52,1.053842008113861,1.053842008113861,True
JOB,33b,51,1.053842008113861,1.053842008113861,True
JOB,33b,50,1.053842008113861,1.053842008113861,True
JOB,33b,49,1.053842008113861,0.23179422318935394,False
JOB,33b,48,1.053842008113861,0.22909988462924957,False
JOB,33b,47,1.053842008113861,0.14362657070159912,False
JOB,33b,46,1.053842008113861,0.137991763651371,False
JOB,33b,45,1.053842008113861,0.13348662108182907,False
JOB,33b,44,1.053842008113861,0.1329413503408432,False
JOB,33b,43,1.053842008113861,0.139061339199543,False
JOB,33b,42,1.053842008113861,0.1383083239197731,False
JOB,33b,41,1.053842008113861,0.2299038991332054,False
JOB,33b,40,1.053842008113861,0.22768080234527588,False
JOB,33b,39,1.053842008113861,1.053842008113861,True
JOB,33b,38,1.053842008113861,1.053842008113861,True
JOB,33b,37,1.053842008113861,1.053842008113861,True
JOB,33b,36,1.053842008113861,1.053842008113861,True
JOB,33b,35,1.053842008113861,1.053842008113861,True
JOB,33b,34,1.053842008113861,1.053842008113861,True
JOB,33b,33,1.053842008113861,0.2475181668996811,False
JOB,33b,32,1.053842008113861,0.2462122067809105,False
JOB,33b,31,1.053842008113861,0.19664016366004944,False
JOB,33b,30,1.053842008113861,0.1956479549407959,False
JOB,33b,29,1.053842008113861,0.2006903514266014,False
JOB,33b,28,1.053842008113861,0.18663745373487473,False
JOB,33b,27,1.053842008113861,0.18170544505119324,False
JOB,33b,26,1.053842008113861,0.19297554343938828,False
JOB,33b,25,1.053842008113861,0.26720988750457764,False
JOB,33b,24,1.053842008113861,0.2706781327724457,False
JOB,33b,23,1.053842008113861,0.6465413048863411,False
JOB,33b,22,1.053842008113861,0.6566189974546432,False
JOB,33b,21,1.053842008113861,1.053842008113861,True
JOB,33b,20,1.053842008113861,1.053842008113861,True
JOB,33b,19,1.053842008113861,1.053842008113861,True
JOB,33b,18,1.053842008113861,1.053842008113861,True
JOB,33b,17,1.053842008113861,0.21810971945524216,False
JOB,33b,16,1.053842008113861,0.2136618047952652,False
JOB,33b,15,1.053842008113861,0.12735766917467117,False
JOB,33b,14,1.053842008113861,0.12803519517183304,False
JOB,33b,13,1.053842008113861,0.12196441739797592,False
JOB,33b,12,1.053842008113861,0.11876742541790009,False
JOB,33b,11,1.053842008113861,0.12772643566131592,False
JOB,33b,10,1.053842008113861,0.12622369080781937,False
JOB,33b,9,1.053842008113861,0.23198562115430832,False
JOB,33b,8,1.053842008113861,0.22890138626098633,False
JOB,33b,7,1.053842008113861,0.1347147449851036,False
JOB,33b,6,1.053842008113861,0.1316930502653122,False
JOB,33b,5,1.053842008113861,0.1314791738986969,False
JOB,33b,4,1.053842008113861,0.1293867975473404,False
JOB,33b,3,1.053842008113861,0.13557825237512589,False
JOB,33b,2,1.053842008113861,0.1351034790277481,False
JOB,33b,1,1.053842008113861,0.23604625463485718,False
JOB,33b,0,1.053842008113861,0.22870344668626785,False
JOB,33c,63,0.7933767884969711,0.17061861604452133,False
JOB,33c,62,0.7933767884969711,0.1552339270710945,False
JOB,33c,61,0.7933767884969711,0.15039116889238358,False
JOB,33c,60,0.7933767884969711,0.14836129546165466,False
JOB,33c,59,0.7933767884969711,0.22087249159812927,False
JOB,33c,58,0.7933767884969711,0.22140195220708847,False
JOB,33c,57,0.7933767884969711,0.26583974063396454,False
JOB,33c,56,0.7933767884969711,0.2608422338962555,False
JOB,33c,55,0.7933767884969711,0.7933767884969711,True
JOB,33c,54,0.7933767884969711,0.7933767884969711,True
JOB,33c,53,0.7933767884969711,0.7933767884969711,True
JOB,33c,52,0.7933767884969711,0.7933767884969711,True
JOB,33c,51,0.7933767884969711,0.7933767884969711,True
JOB,33c,50,0.7933767884969711,0.7933767884969711,True
JOB,33c,49,0.7933767884969711,0.26173239201307297,False
JOB,33c,48,0.7933767884969711,0.2583172246813774,False
JOB,33c,47,0.7933767884969711,0.11242901533842087,False
JOB,33c,46,0.7933767884969711,0.10760769248008728,False
JOB,33c,45,0.7933767884969711,0.10164956003427505,False
JOB,33c,44,0.7933767884969711,0.10019215941429138,False
JOB,33c,43,0.7933767884969711,0.17838480323553085,False
JOB,33c,42,0.7933767884969711,0.17719218134880066,False
JOB,33c,41,0.7933767884969711,0.23194867372512817,False
JOB,33c,40,0.7933767884969711,0.23543022572994232,False
JOB,33c,39,0.7933767884969711,0.7933767884969711,True
JOB,33c,38,0.7933767884969711,0.7933767884969711,True
JOB,33c,37,0.7933767884969711,0.7933767884969711,True
JOB,33c,36,0.7933767884969711,0.7933767884969711,True
JOB,33c,35,0.7933767884969711,0.7933767884969711,True
JOB,33c,34,0.7933767884969711,0.7933767884969711,True
JOB,33c,33,0.7933767884969711,0.24738577753305435,False
JOB,33c,32,0.7933767884969711,0.2460755929350853,False
JOB,33c,31,0.7933767884969711,0.14693520963191986,False
JOB,33c,30,0.7933767884969711,0.14486964792013168,False
JOB,33c,29,0.7933767884969711,0.13692906498908997,False
JOB,33c,28,0.7933767884969711,0.13778730481863022,False
JOB,33c,27,0.7933767884969711,0.2113480567932129,False
JOB,33c,26,0.7933767884969711,0.2020949050784111,False
JOB,33c,25,0.7933767884969711,0.25979646295309067,False
JOB,33c,24,0.7933767884969711,0.2570488005876541,False
JOB,33c,23,0.7933767884969711,0.7933767884969711,True
JOB,33c,22,0.7933767884969711,0.7933767884969711,True
JOB,33c,21,0.7933767884969711,0.7933767884969711,True
JOB,33c,20,0.7933767884969711,0.7933767884969711,True
JOB,33c,19,0.7933767884969711,0.7933767884969711,True
JOB,33c,18,0.7933767884969711,0.7933767884969711,True
JOB,33c,17,0.7933767884969711,0.2469337359070778,False
JOB,33c,16,0.7933767884969711,0.24638652801513672,False
JOB,33c,15,0.7933767884969711,0.11237061023712158,False
JOB,33c,14,0.7933767884969711,0.09837846457958221,False
JOB,33c,13,0.7933767884969711,0.0924200639128685,False
JOB,33c,12,0.7933767884969711,0.09006112068891525,False
JOB,33c,11,0.7933767884969711,0.11230723559856415,False
JOB,33c,10,0.7933767884969711,0.11370565742254257,False
JOB,33c,9,0.7933767884969711,0.23841950297355652,False
JOB,33c,8,0.7933767884969711,0.22713952511548996,False
JOB,33c,7,0.7933767884969711,0.1017187312245369,False
JOB,33c,6,0.7933767884969711,0.09950030595064163,False
JOB,33c,5,0.7933767884969711,0.11038345843553543,False
JOB,33c,4,0.7933767884969711,0.1090393140912056,False
JOB,33c,3,0.7933767884969711,0.1183554157614708,False
JOB,33c,2,0.7933767884969711,0.10613912343978882,False
JOB,33c,1,0.7933767884969711,0.25777672231197357,False
JOB,33c,0,0.7933767884969711,0.2494921311736107,False
