workload,query_id,hint,collection_timeout_s,run1_charged_s,run1_timed_out
STACK,q1_q1-009,63,0.0072634220123291016,0.0072634220123291016,True
STACK,q1_q1-009,62,0.0072634220123291016,0.005645878612995148,False
STACK,q1_q1-009,61,0.0072634220123291016,0.0022975578904151917,False
STACK,q1_q1-009,60,0.0072634220123291016,0.003351546823978424,False
STACK,q1_q1-009,59,0.0072634220123291016,0.00338725745677948,False
STACK,q1_q1-009,58,0.0072634220123291016,0.003295294940471649,False
STACK,q1_q1-009,57,0.0072634220123291016,0.0034767314791679382,False
STACK,q1_q1-009,56,0.0072634220123291016,0.0033297836780548096,False
STACK,q1_q1-009,55,0.0072634220123291016,0.0072634220123291016,True
STACK,q1_q1-009,54,0.0072634220123291016,0.0072634220123291016,True
STACK,q1_q1-009,53,0.0072634220123291016,0.0072634220123291016,True
STACK,q1_q1-009,52,0.0072634220123291016,0.0072634220123291016,True
STACK,q1_q1-009,51,0.0072634220123291016,0.0072634220123291016,True
STACK,q1_q1-009,50,0.0072634220123291016,0.0072634220123291016,True
STACK,q1_q1-009,49,0.0072634220123291016,0.0072634220123291016,True
STACK,q1_q1-009,48,0.0072634220123291016,0.0072634220123291016,True
STACK,q1_q1-009,47,0.0072634220123291016,0.0009374171495437622,False
STACK,q1_q1-009,46,0.0072634220123291016,0.0008759722113609314,False
STACK,q1_q1-009,45,0.0072634220123291016,0.0008492469787597656,False
STACK,q1_q1-009,44,0.0072634220123291016,0.0008203238248825073,False
STACK,q1_q1-009,43,0.0072634220123291016,0.0009012296795845032,False
STACK,q1_q1-009,42,0.0072634220123291016,0.0008377879858016968,False
STACK,q1_q1-009,41,0.0072634220123291016,0.0008249655365943909,False
STACK,q1_q1-009,40,0.0072634220123291016,0.0007977709174156189,False
STACK,q1_q1-009,39,0.0072634220123291016,0.0072634220123291016,True
STACK,q1_q1-009,38,0.0072634220123291016,0.0072634220123291016,True
STACK,q1_q1-009,37,0.0072634220123291016,0.0072634220123291016,True
STACK,q1_q1-009,36,0.0072634220123291016,0.0072634220123291016,True
STACK,q1_q1-009,35,0.0072634220123291016,0.0072634220123291016,True
STACK,q1_q1-009,34,0.0072634220123291016,0.0072634220123291016,True
STACK,q1_q1-009,33,0.0072634220123291016,0.007134579122066498,False
STACK,q1_q1-009,32,0.0072634220123291016,0.006300635635852814,False
STACK,q1_q1-009,31,0.0072634220123291016,0.0012935921549797058,False
STACK,q1_q1-009,30,0.0072634220123291016,0.0011332705616950989,False
STACK,q1_q1-009,29,0.0072634220123291016,0.001150183379650116,False
STACK,q1_q1-009,28,0.0072634220123291016,0.0010810121893882751,False
STACK,q1_q1-009,27,0.0072634220123291016,0.0012762844562530518,False
STACK,q1_q1-009,26,0.0072634220123291016,0.0010985061526298523,False
STACK,q1_q1-009,25,0.0072634220123291016,0.0011103376746177673,False
STACK,q1_q1-009,24,0.0072634220123291016,0.0011171773076057434,False
STACK,q1_q1-009,23,0.0072634220123291016,0.0072634220123291016,True
STACK,q1_q1-009,22,0.0072634220123291016,0.0072634220123291016,True
STACK,q1_q1-009,21,0.0072634220123291016,0.0072634220123291016,True
STACK,q1_q1-009,20,0.0072634220123291016,0.0072634220123291016,True
STACK,q1_q1-009,19,0.0072634220123291016,0.0072634220123291016,True
STACK,q1_q1-009,18,0.0072634220123291016,0.0072634220123291016,True
STACK,q1_q1-009,17,0.0072634220123291016,0.0072634220123291016,True
STACK,q1_q1-009,16,0.0072634220123291016,0.0072634220123291016,True
STACK,q1_q1-009,15,0.0072634220123291016,0.0008868053555488586,False
STACK,q1_q1-009,14,0.0072634220123291016,0.0008458122611045837,False
STACK,q1_q1-009,13,0.0072634220123291016,0.0007463470101356506,False
STACK,q1_q1-009,12,0.0072634220123291016,0.0007329359650611877,False
STACK,q1_q1-009,11,0.0072634220123291016,0.000781625509262085,False
STACK,q1_q1-009,10,0.0072634220123291016,0.0007718652486801147,False
STACK,q1_q1-009,9,0.0072634220123291016,0.0008145198225975037,False
STACK,q1_q1-009,8,0.0072634220123291016,0.000888429582118988,False
STACK,q1_q1-009,7,0.0072634220123291016,0.0072634220123291016,True
STACK,q1_q1-009,6,0.0072634220123291016,0.0072634220123291016,True
STACK,q1_q1-009,5,0.0072634220123291016,0.0072634220123291016,True
STACK,q1_q1-009,4,0.0072634220123291016,0.0072634220123291016,True
STACK,q1_q1-009,3,0.0072634220123291016,0.0009547993540763855,False
STACK,q1_q1-009,2,0.0072634220123291016,0.0008703842759132385,False
STACK,q1_q1-009,1,0.0072634220123291016,0.0008799135684967041,False
STACK,q1_q1-009,0,0.0072634220123291016,0.0008370056748390198,False
STACK,q1_q1-031,63,0.007906481623649597,0.007906481623649597,True
STACK,q1_q1-031,62,0.007906481623649597,0.001206710934638977,False
STACK,q1_q1-031,61,0.007906481623649597,0.0011954978108406067,False
STACK,q1_q1-031,60,0.007906481623649597,0.0011058002710342407,False
STACK,q1_q1-031,59,0.007906481623649597,0.0011955425143241882,False
STACK,q1_q1-031,58,0.007906481623649597,0.0011691898107528687,False
STACK,q1_q1-031,57,0.007906481623649597,0.0011566877365112305,False
STACK,q1_q1-031,56,0.007906481623649597,0.0011210665106773376,False
STACK,q1_q1-031,55,0.007906481623649597,0.007906481623649597,True
STACK,q1_q1-031,54,0.007906481623649597,0.007906481623649597,True
STACK,q1_q1-031,53,0.007906481623649597,0.007906481623649597,True
STACK,q1_q1-031,52,0.007906481623649597,0.007906481623649597,True
STACK,q1_q1-031,51,0.007906481623649597,0.007906481623649597,True
STACK,q1_q1-031,50,0.007906481623649597,0.007906481623649597,True
STACK,q1_q1-031,49,0.007906481623649597,0.007906481623649597,True
STACK,q1_q1-031,48,0.007906481623649597,0.007906481623649597,True
STACK,q1_q1-031,47,0.007906481623649597,0.0009332224726676941,False
STACK,q1_q1-031,46,0.007906481623649597,0.0008286535739898682,False
STACK,q1_q1-031,45,0.007906481623649597,0.0008148998022079468,False
STACK,q1_q1-031,44,0.007906481623649597,0.0007875561714172363,False
STACK,q1_q1-031,43,0.007906481623649597,0.0008898079395294189,False
STACK,q1_q1-031,42,0.007906481623649597,0.0008117705583572388,False
STACK,q1_q1-031,41,0.007906481623649597,0.0008240118622779846,False
STACK,q1_q1-031,40,0.007906481623649597,0.0008174404501914978,False
STACK,q1_q1-031,39,0.007906481623649597,0.007906481623649597,True
STACK,q1_q1-031,38,0.007906481623649597,0.007906481623649597,True
STACK,q1_q1-031,37,0.007906481623649597,0.007906481623649597,True
STACK,q1_q1-031,36,0.007906481623649597,0.007906481623649597,True
STACK,q1_q1-031,35,0.007906481623649597,0.007906481623649597,True
STACK,q1_q1-031,34,0.007906481623649597,0.007906481623649597,True
STACK,q1_q1-031,33,0.007906481623649597,0.00716458261013031,False
STACK,q1_q1-031,32,0.007906481623649597,0.00660986453294754,False
STACK,q1_q1-031,31,0.007906481623649597,0.0013023465871810913,False
STACK,q1_q1-031,30,0.007906481623649597,0.0011763572692871094,False
STACK,q1_q1-031,29,0.007906481623649597,0.0011707320809364319,False
STACK,q1_q1-031,28,0.007906481623649597,0.0011342018842697144,False
STACK,q1_q1-031,27,0.007906481623649597,0.0011838749051094055,False
STACK,q1_q1-031,26,0.007906481623649597,0.0011150240898132324,False
STACK,q1_q1-031,25,0.007906481623649597,0.001204073429107666,False
STACK,q1_q1-031,24,0.007906481623649597,0.0011449158191680908,False
STACK,q1_q1-031,23,0.007906481623649597,0.007906481623649597,True
STACK,q1_q1-031,22,0.007906481623649597,0.007906481623649597,True
STACK,q1_q1-031,21,0.007906481623649597,0.007906481623649597,True
STACK,q1_q1-031,20,0.007906481623649597,0.007906481623649597,True
STACK,q1_q1-031,19,0.007906481623649597,0.007906481623649597,True
STACK,q1_q1-031,18,0.007906481623649597,0.007906481623649597,True
STACK,q1_q1-031,17,0.007906481623649597,0.007906481623649597,True
STACK,q1_q1-031,16,0.007906481623649597,0.007906481623649597,True
STACK,q1_q1-031,15,0.007906481623649597,0.0008830279111862183,False
STACK,q1_q1-031,14,0.007906481623649597,0.0007446929812431335,False
STACK,q1_q1-031,13,0.007906481623649597,0.0007949694991111755,False
STACK,q1_q1-031,12,0.007906481623649597,0.0007102787494659424,False
STACK,q1_q1-031,11,0.007906481623649597,0.0008005797863006592,False
STACK,q1_q1-031,10,0.007906481623649597,0.0007514357566833496,False
STACK,q1_q1-031,9,0.007906481623649597,0.0008258223533630371,False
STACK,q1_q1-031,8,0.007906481623649597,0.0007518231868743896,False
STACK,q1_q1-031,7,0.007906481623649597,0.007906481623649597,True
STACK,q1_q1-031,6,0.007906481623649597,0.007906481623649597,True
STACK,q1_q1-031,5,0.007906481623649597,0.007906481623649597,True
STACK,q1_q1-031,4,0.007906481623649597,0.007906481623649597,True
STACK,q1_q1-031,3,0.007906481623649597,0.0008444562554359436,False
STACK,q1_q1-031,2,0.007906481623649597,0.0007795915007591248,False
STACK,q1_q1-031,1,0.007906481623649597,0.0008653700351715088,False
STACK,q1_q1-031,0,0.007906481623649597,0.0007919520139694214,False
STACK,q1_q1-035,63,0.006177164614200592,0.006177164614200592,True
STACK,q1_q1-035,62,0.006177164614200592,0.0012178495526313782,False
STACK,q1_q1-035,61,0.006177164614200592,0.0011917054653167725,False
STACK,q1_q1-035,60,0.006177164614200592,0.001281842589378357,False
STACK,q1_q1-035,59,0.006177164614200592,0.0011869445443153381,False
STACK,q1_q1-035,58,0.006177164614200592,0.0011510401964187622,False
STACK,q1_q1-035,57,0.006177164614200592,0.0011781081557273865,False
STACK,q1_q1-035,56,0.006177164614200592,0.0011662468314170837,False
STACK,q1_q1-035,55,0.006177164614200592,0.006177164614200592,True
STACK,q1_q1-035,54,0.006177164614200592,0.006177164614200592,True
STACK,q1_q1-035,53,0.006177164614200592,0.006177164614200592,True
STACK,q1_q1-035,52,0.006177164614200592,0.006177164614200592,True
STACK,q1_q1-035,51,0.006177164614200592,0.006177164614200592,True
STACK,q1_q1-035,50,0.006177164614200592,0.006177164614200592,True
STACK,q1_q1-035,49,0.006177164614200592,0.006177164614200592,True
STACK,q1_q1-035,48,0.006177164614200592,0.006177164614200592,True
STACK,q1_q1-035,47,0.006177164614200592,0.0009479820728302002,False
STACK,q1_q1-035,46,0.006177164614200592,0.0008731484413146973,False
STACK,q1_q1-035,45,0.006177164614200592,0.0008444115519523621,False
STACK,q1_q1-035,44,0.006177164614200592,0.0008080527186393738,False
STACK,q1_q1-035,43,0.006177164614200592,0.0008119195699691772,False
STACK,q1_q1-035,42,0.006177164614200592,0.0008685290813446045,False
STACK,q1_q1-035,41,0.006177164614200592,0.0008308663964271545,False
STACK,q1_q1-035,40,0.006177164614200592,0.0008156374096870422,False
STACK,q1_q1-035,39,0.006177164614200592,0.006177164614200592,True
STACK,q1_q1-035,38,0.006177164614200592,0.006177164614200592,True
STACK,q1_q1-035,37,0.006177164614200592,0.006177164614200592,True
STACK,q1_q1-035,36,0.006177164614200592,0.006177164614200592,True
STACK,q1_q1-035,35,0.006177164614200592,0.006177164614200592,True
STACK,q1_q1-035,34,0.006177164614200592,0.006177164614200592,True
STACK,q1_q1-035,33,0.006177164614200592,0.00717095285654068,False
STACK,q1_q1-035,32,0.006177164614200592,0.006977535784244537,False
STACK,q1_q1-035,31,0.006177164614200592,0.0013509094715118408,False
STACK,q1_q1-035,30,0.006177164614200592,0.0012395456433296204,False
STACK,q1_q1-035,29,0.006177164614200592,0.0011754706501960754,False
STACK,q1_q1-035,28,0.006177164614200592,0.0011635497212409973,False
STACK,q1_q1-035,27,0.006177164614200592,0.0012006908655166626,False
STACK,q1_q1-035,26,0.006177164614200592,0.001155167818069458,False
STACK,q1_q1-035,25,0.006177164614200592,0.001181967556476593,False
STACK,q1_q1-035,24,0.006177164614200592,0.0012028813362121582,False
STACK,q1_q1-035,23,0.006177164614200592,0.006177164614200592,True
STACK,q1_q1-035,22,0.006177164614200592,0.006177164614200592,True
STACK,q1_q1-035,21,0.006177164614200592,0.006177164614200592,True
STACK,q1_q1-035,20,0.006177164614200592,0.006177164614200592,True
STACK,q1_q1-035,19,0.006177164614200592,0.006177164614200592,True
STACK,q1_q1-035,18,0.006177164614200592,0.006177164614200592,True
STACK,q1_q1-035,17,0.006177164614200592,0.006177164614200592,True
STACK,q1_q1-035,16,0.006177164614200592,0.006177164614200592,True
STACK,q1_q1-035,15,0.006177164614200592,0.0009895265102386475,False
STACK,q1_q1-035,14,0.006177164614200592,0.0008547678589820862,False
STACK,q1_q1-035,13,0.006177164614200592,0.0008408501744270325,False
STACK,q1_q1-035,12,0.006177164614200592,0.0007822215557098389,False
STACK,q1_q1-035,11,0.006177164614200592,0.0009261071681976318,False
STACK,q1_q1-035,10,0.006177164614200592,0.0008258819580078125,False
STACK,q1_q1-035,9,0.006177164614200592,0.000831902027130127,False
STACK,q1_q1-035,8,0.006177164614200592,0.0008489936590194702,False
STACK,q1_q1-035,7,0.006177164614200592,0.006177164614200592,True
STACK,q1_q1-035,6,0.006177164614200592,0.006177164614200592,True
STACK,q1_q1-035,5,0.006177164614200592,0.006177164614200592,True
STACK,q1_q1-035,4,0.006177164614200592,0.006177164614200592,True
STACK,q1_q1-035,3,0.006177164614200592,0.0009593814611434937,False
STACK,q1_q1-035,2,0.006177164614200592,0.0008617416024208069,False
STACK,q1_q1-035,1,0.006177164614200592,0.000858798623085022,False
STACK,q1_q1-035,0,0.006177164614200592,0.0008659213781356812,False
STACK,q1_q1-067,63,0.1063772663474083,0.1063772663474083,True
STACK,q1_q1-067,62,0.1063772663474083,0.1063772663474083,True
STACK,q1_q1-067,61,0.1063772663474083,0.1063772663474083,True
STACK,q1_q1-067,60,0.1063772663474083,0.1063772663474083,True
STACK,q1_q1-067,59,0.1063772663474083,0.1063772663474083,True
STACK,q1_q1-067,58,0.1063772663474083,0.0368085652589798,False
STACK,q1_q1-067,57,0.1063772663474083,0.032984308898448944,False
STACK,q1_q1-067,56,0.1063772663474083,0.033487506210803986,False
STACK,q1_q1-067,55,0.1063772663474083,0.1063772663474083,True
STACK,q1_q1-067,54,0.1063772663474083,0.1063772663474083,True
STACK,q1_q1-067,53,0.1063772663474083,0.1063772663474083,True
STACK,q1_q1-067,52,0.1063772663474083,0.1063772663474083,True
STACK,q1_q1-067,51,0.1063772663474083,0.1063772663474083,True
STACK,q1_q1-067,50,0.1063772663474083,0.1063772663474083,True
STACK,q1_q1-067,49,0.1063772663474083,0.1063772663474083,True
STACK,q1_q1-067,48,0.1063772663474083,0.1063772663474083,True
STACK,q1_q1-067,47,0.1063772663474083,0.02930378168821335,False
STACK,q1_q1-067,46,0.1063772663474083,0.030463986098766327,False
STACK,q1_q1-067,45,0.1063772663474083,0.023200049996376038,False
STACK,q1_q1-067,44,0.1063772663474083,0.027586475014686584,False
STACK,q1_q1-067,43,0.1063772663474083,0.03293788433074951,False
STACK,q1_q1-067,42,0.1063772663474083,0.03355710953474045,False
STACK,q1_q1-067,41,0.1063772663474083,0.0318683385848999,False
STACK,q1_q1-067,40,0.1063772663474083,0.03667249530553818,False
STACK,q1_q1-067,39,0.1063772663474083,0.1063772663474083,True
STACK,q1_q1-067,38,0.1063772663474083,0.1063772663474083,True
STACK,q1_q1-067,37,0.1063772663474083,0.1063772663474083,True
STACK,q1_q1-067,36,0.1063772663474083,0.1063772663474083,True
STACK,q1_q1-067,35,0.1063772663474083,0.1063772663474083,True
STACK,q1_q1-067,34,0.1063772663474083,0.1063772663474083,True
STACK,q1_q1-067,33,0.1063772663474083,0.04004460573196411,False
STACK,q1_q1-067,32,0.1063772663474083,0.036895379424095154,False
STACK,q1_q1-067,31,0.1063772663474083,0.02884545922279358,False
STACK,q1_q1-067,30,0.1063772663474083,0.032149069011211395,False
STACK,q1_q1-067,29,0.1063772663474083,0.03643518686294556,False
STACK,q1_q1-067,28,0.1063772663474083,0.029866456985473633,False
STACK,q1_q1-067,27,0.1063772663474083,0.03360149264335632,False
STACK,q1_q1-067,26,0.1063772663474083,0.03716542571783066,False
STACK,q1_q1-067,25,0.1063772663474083,0.03376097232103348,False
STACK,q1_q1-067,24,0.1063772663474083,0.03389178216457367,False
STACK,q1_q1-067,23,0.1063772663474083,0.1063772663474083,True
STACK,q1_q1-067,22,0.1063772663474083,0.1063772663474083,True
STACK,q1_q1-067,21,0.1063772663474083,0.1063772663474083,True
STACK,q1_q1-067,20,0.1063772663474083,0.1063772663474083,True
STACK,q1_q1-067,19,0.1063772663474083,0.1063772663474083,True
STACK,q1_q1-067,18,0.1063772663474083,0.1063772663474083,True
STACK,q1_q1-067,17,0.1063772663474083,0.1063772663474083,True
STACK,q1_q1-067,16,0.1063772663474083,0.1063772663474083,True
STACK,q1_q1-067,15,0.1063772663474083,0.029119059443473816,False
STACK,q1_q1-067,14,0.1063772663474083,0.026574790477752686,False
STACK,q1_q1-067,13,0.1063772663474083,0.023638442158699036,False
STACK,q1_q1-067,12,0.1063772663474083,0.025144457817077637,False
STACK,q1_q1-067,11,0.1063772663474083,0.028803274035453796,False
STACK,q1_q1-067,10,0.1063772663474083,0.037487857043743134,False
STACK,q1_q1-067,9,0.1063772663474083,0.03169117867946625,False
STACK,q1_q1-067,8,0.1063772663474083,0.03544272482395172,False
STACK,q1_q1-067,7,0.1063772663474083,0.1063772663474083,True
STACK,q1_q1-067,6,0.1063772663474083,0.1063772663474083,True
STACK,q1_q1-067,5,0.1063772663474083,0.1063772663474083,True
STACK,q1_q1-067,4,0.1063772663474083,0.1063772663474083,True
STACK,q1_q1-067,3,0.1063772663474083,0.03881210833787918,False
STACK,q1_q1-067,2,0.1063772663474083,0.031567104160785675,False
STACK,q1_q1-067,1,0.1063772663474083,0.03695632517337799,False
STACK,q1_q1-067,0,0.1063772663474083,0.0332825630903244,False
STACK,q1_q1-075,63,0.1763516664505005,0.1763516664505005,True
STACK,q1_q1-075,62,0.1763516664505005,0.1763516664505005,True
STACK,q1_q1-075,61,0.1763516664505005,0.1763516664505005,True
STACK,q1_q1-075,60,0.1763516664505005,0.1763516664505005,True
STACK,q1_q1-075,59,0.1763516664505005,0.09825926274061203,False
STACK,q1_q1-075,58,0.1763516664505005,0.05118967592716217,False
STACK,q1_q1-075,57,0.1763516664505005,0.05486387014389038,False
STACK,q1_q1-075,56,0.1763516664505005,0.05526161938905716,False
STACK,q1_q1-075,55,0.1763516664505005,0.1763516664505005,True
STACK,q1_q1-075,54,0.1763516664505005,0.1763516664505005,True
STACK,q1_q1-075,53,0.1763516664505005,0.1763516664505005,True
STACK,q1_q1-075,52,0.1763516664505005,0.1763516664505005,True
STACK,q1_q1-075,51,0.1763516664505005,0.1763516664505005,True
STACK,q1_q1-075,50,0.1763516664505005,0.1763516664505005,True
STACK,q1_q1-075,49,0.1763516664505005,0.1763516664505005,True
STACK,q1_q1-075,48,0.1763516664505005,0.1763516664505005,True
STACK,q1_q1-075,47,0.1763516664505005,0.04347274452447891,False
STACK,q1_q1-075,46,0.1763516664505005,0.040238864719867706,False
STACK,q1_q1-075,45,0.1763516664505005,0.044621311128139496,False
STACK,q1_q1-075,44,0.1763516664505005,0.04785031080245972,False
STACK,q1_q1-075,43,0.1763516664505005,0.055097877979278564,False
STACK,q1_q1-075,42,0.1763516664505005,0.05164032429456711,False
STACK,q1_q1-075,41,0.1763516664505005,0.05980069935321808,False
STACK,q1_q1-075,40,0.1763516664505005,0.052702926099300385,False
STACK,q1_q1-075,39,0.1763516664505005,0.1763516664505005,True
STACK,q1_q1-075,38,0.1763516664505005,0.1763516664505005,True
STACK,q1_q1-075,37,0.1763516664505005,0.1763516664505005,True
STACK,q1_q1-075,36,0.1763516664505005,0.1763516664505005,True
STACK,q1_q1-075,35,0.1763516664505005,0.1763516664505005,True
STACK,q1_q1-075,34,0.1763516664505005,0.1763516664505005,True
STACK,q1_q1-075,33,0.1763516664505005,0.053940318524837494,False
STACK,q1_q1-075,32,0.1763516664505005,0.05502679944038391,False
STACK,q1_q1-075,31,0.1763516664505005,0.037350207567214966,False
STACK,q1_q1-075,30,0.1763516664505005,0.03589412569999695,False
STACK,q1_q1-075,29,0.1763516664505005,0.035363681614398956,False
STACK,q1_q1-075,28,0.1763516664505005,0.0351497158408165,False
STACK,q1_q1-075,27,0.1763516664505005,0.04625298082828522,False
STACK,q1_q1-075,26,0.1763516664505005,0.04475390911102295,False
STACK,q1_q1-075,25,0.1763516664505005,0.045150429010391235,False
STACK,q1_q1-075,24,0.1763516664505005,0.048153072595596313,False
STACK,q1_q1-075,23,0.1763516664505005,0.1763516664505005,True
STACK,q1_q1-075,22,0.1763516664505005,0.1763516664505005,True
STACK,q1_q1-075,21,0.1763516664505005,0.1763516664505005,True
STACK,q1_q1-075,20,0.1763516664505005,0.1763516664505005,True
STACK,q1_q1-075,19,0.1763516664505005,0.1763516664505005,True
STACK,q1_q1-075,18,0.1763516664505005,0.1763516664505005,True
STACK,q1_q1-075,17,0.1763516664505005,0.1763516664505005,True
STACK,q1_q1-075,16,0.1763516664505005,0.1763516664505005,True
STACK,q1_q1-075,15,0.1763516664505005,0.0516844242811203,False
STACK,q1_q1-075,14,0.1763516664505005,0.047229111194610596,False
STACK,q1_q1-075,13,0.1763516664505005,0.05146928131580353,False
STACK,q1_q1-075,12,0.1763516664505005,0.039580024778842926,False
STACK,q1_q1-075,11,0.1763516664505005,0.049936965107917786,False
STACK,q1_q1-075,10,0.1763516664505005,0.04704860597848892,False
STACK,q1_q1-075,9,0.1763516664505005,0.046472273766994476,False
STACK,q1_q1-075,8,0.1763516664505005,0.061400264501571655,False
STACK,q1_q1-075,7,0.1763516664505005,0.1763516664505005,True
STACK,q1_q1-075,6,0.1763516664505005,0.1763516664505005,True
STACK,q1_q1-075,5,0.1763516664505005,0.1763516664505005,True
STACK,q1_q1-075,4,0.1763516664505005,0.1763516664505005,True
STACK,q1_q1-075,3,0.1763516664505005,0.05360458791255951,False
STACK,q1_q1-075,2,0.1763516664505005,0.053513363003730774,False
STACK,q1_q1-075,1,0.1763516664505005,0.05077706277370453,False
STACK,q1_q1-075,0,0.1763516664505005,0.05962694436311722,False
STACK,q1_q1-098,63,10.586364716291428,10.586364716291428,True
STACK,q1_q1-098,62,10.586364716291428,2.2144177928566933,False
STACK,q1_q1-098,61,10.586364716291428,2.256658799946308,False
STACK,q1_q1-098,60,10.586364716291428,2.197369910776615,False
STACK,q1_q1-098,59,10.586364716291428,2.6545700058341026,False
STACK,q1_q1-098,58,10.586364716291428,2.633760191500187,False
STACK,q1_q1-098,57,10.586364716291428,2.618246465921402,False
STACK,q1_q1-098,56,10.586364716291428,2.627704679965973,False
STACK,q1_q1-098,55,10.586364716291428,10.586364716291428,True
STACK,q1_q1-098,54,10.586364716291428,10.586364716291428,True
STACK,q1_q1-098,53,10.586364716291428,10.586364716291428,True
STACK,q1_q1-098,52,10.586364716291428,10.586364716291428,True
STACK,q1_q1-098,51,10.586364716291428,10.586364716291428,True
STACK,q1_q1-098,50,10.586364716291428,10.586364716291428,True
STACK,q1_q1-098,49,10.586364716291428,10.586364716291428,True
STACK,q1_q1-098,48,10.586364716291428,10.586364716291428,True
STACK,q1_q1-098,47,10.586364716291428,2.1713023260235786,False
STACK,q1_q1-098,46,10.586364716291428,2.111723907291889,False
STACK,q1_q1-098,45,10.586364716291428,2.150611475110054,False
STACK,q1_q1-098,44,10.586364716291428,2.087994061410427,False
STACK,q1_q1-098,43,10.586364716291428,2.5404429733753204,False
STACK,q1_q1-098,42,10.586364716291428,2.515231467783451,False
STACK,q1_q1-098,41,10.586364716291428,2.566443733870983,False
STACK,q1_q1-098,40,10.586364716291428,2.51262054592371,False
STACK,q1_q1-098,39,10.586364716291428,10.586364716291428,True
STACK,q1_q1-098,38,10.586364716291428,10.586364716291428,True
STACK,q1_q1-098,37,10.586364716291428,10.586364716291428,True
STACK,q1_q1-098,36,10.586364716291428,10.586364716291428,True
STACK,q1_q1-098,35,10.586364716291428,10.586364716291428,True
STACK,q1_q1-098,34,10.586364716291428,10.586364716291428,True
STACK,q1_q1-098,33,10.586364716291428,2.5861465707421303,False
STACK,q1_q1-098,32,10.586364716291428,2.5521703511476517,False
STACK,q1_q1-098,31,10.586364716291428,2.1905209198594093,False
STACK,q1_q1-098,30,10.586364716291428,2.131202459335327,False
STACK,q1_q1-098,29,10.586364716291428,2.183112435042858,False
STACK,q1_q1-098,28,10.586364716291428,2.124073177576065,False
STACK,q1_q1-098,27,10.586364716291428,2.5571414306759834,False
STACK,q1_q1-098,26,10.586364716291428,2.560708522796631,False
STACK,q1_q1-098,25,10.586364716291428,2.5424456149339676,False
STACK,q1_q1-098,24,10.586364716291428,2.5393326804041862,False
STACK,q1_q1-098,23,10.586364716291428,10.586364716291428,True
STACK,q1_q1-098,22,10.586364716291428,10.586364716291428,True
STACK,q1_q1-098,21,10.586364716291428,9.101561762392521,False
STACK,q1_q1-098,20,10.586364716291428,8.016636937856674,False
STACK,q1_q1-098,19,10.586364716291428,10.586364716291428,True
STACK,q1_q1-098,18,10.586364716291428,10.586364716291428,True
STACK,q1_q1-098,17,10.586364716291428,10.586364716291428,True
STACK,q1_q1-098,16,10.586364716291428,10.586364716291428,True
STACK,q1_q1-098,15,10.586364716291428,2.1878990530967712,False
STACK,q1_q1-098,14,10.586364716291428,2.133167192339897,False
STACK,q1_q1-098,13,10.586364716291428,2.1839225590229034,False
STACK,q1_q1-098,12,10.586364716291428,2.095286086201668,False
STACK,q1_q1-098,11,10.586364716291428,2.548833578824997,False
STACK,q1_q1-098,10,10.586364716291428,2.521469108760357,False
STACK,q1_q1-098,9,10.586364716291428,2.5407171472907066,False
STACK,q1_q1-098,8,10.586364716291428,2.5335606709122658,False
STACK,q1_q1-098,7,10.586364716291428,10.586364716291428,True
STACK,q1_q1-098,6,10.586364716291428,10.586364716291428,True
STACK,q1_q1-098,5,10.586364716291428,10.586364716291428,True
STACK,q1_q1-098,4,10.586364716291428,10.586364716291428,True
STACK,q1_q1-098,3,10.586364716291428,2.5266085639595985,False
STACK,q1_q1-098,2,10.586364716291428,2.530189171433449,False
STACK,q1_q1-098,1,10.586364716291428,2.5286939218640327,False
STACK,q1_q1-098,0,10.586364716291428,2.541983388364315,False
STACK,q1_q1-099,63,8.777350969612598,1.7187728881835938,False
STACK,q1_q1-099,62,8.777350969612598,1.6659509390592575,False
STACK,q1_q1-099,61,8.777350969612598,1.6895327866077423,False
STACK,q1_q1-099,60,8.777350969612598,1.6474433839321136,False
STACK,q1_q1-099,59,8.777350969612598,1.9888967275619507,False
STACK,q1_q1-099,58,8.777350969612598,1.9845781028270721,False
STACK,q1_q1-099,57,8.777350969612598,1.9995288774371147,False
STACK,q1_q1-099,56,8.777350969612598,1.9825801104307175,False
STACK,q1_q1-099,55,8.777350969612598,8.777350969612598,True
STACK,q1_q1-099,54,8.777350969612598,8.777350969612598,True
STACK,q1_q1-099,53,8.777350969612598,8.777350969612598,True
STACK,q1_q1-099,52,8.777350969612598,8.777350969612598,True
STACK,q1_q1-099,51,8.777350969612598,8.777350969612598,True
STACK,q1_q1-099,50,8.777350969612598,8.777350969612598,True
STACK,q1_q1-099,49,8.777350969612598,8.777350969612598,True
STACK,q1_q1-099,48,8.777350969612598,8.777350969612598,True
STACK,q1_q1-099,47,8.777350969612598,1.7055345475673676,False
STACK,q1_q1-099,46,8.777350969612598,1.6599330976605415,False
STACK,q1_q1-099,45,8.777350969612598,1.7050928324460983,False
STACK,q1_q1-099,44,8.777350969612598,1.6541640385985374,False
STACK,q1_q1-099,43,8.777350969612598,1.9835657328367233,False
STACK,q1_q1-099,42,8.777350969612598,1.977628655731678,False
STACK,q1_q1-099,41,8.777350969612598,1.9905129820108414,False
STACK,q1_q1-099,40,8.777350969612598,1.9971903637051582,False
STACK,q1_q1-099,39,8.777350969612598,8.777350969612598,True
STACK,q1_q1-099,38,8.777350969612598,8.777350969612598,True
STACK,q1_q1-099,37,8.777350969612598,8.777350969612598,True
STACK,q1_q1-099,36,8.777350969612598,8.777350969612598,True
STACK,q1_q1-099,35,8.777350969612598,8.777350969612598,True
STACK,q1_q1-099,34,8.777350969612598,8.777350969612598,True
STACK,q1_q1-099,33,8.777350969612598,1.9915241971611977,False
STACK,q1_q1-099,32,8.777350969612598,1.992287889122963,False
STACK,q1_q1-099,31,8.777350969612598,1.6986270099878311,False
STACK,q1_q1-099,30,8.777350969612598,1.6490055993199348,False
STACK,q1_q1-099,29,8.777350969612598,1.6759056970477104,False
STACK,q1_q1-099,28,8.777350969612598,1.653807945549488,False
STACK,q1_q1-099,27,8.777350969612598,1.9982997626066208,False
STACK,q1_q1-099,26,8.777350969612598,1.9849907755851746,False
STACK,q1_q1-099,25,8.777350969612598,1.9871561229228973,False
STACK,q1_q1-099,24,8.777350969612598,1.9858751744031906,False
STACK,q1_q1-099,23,8.777350969612598,8.777350969612598,True
STACK,q1_q1-099,22,8.777350969612598,8.777350969612598,True
STACK,q1_q1-099,21,8.777350969612598,7.716206103563309,False
STACK,q1_q1-099,20,8.777350969612598,7.620275877416134,False
STACK,q1_q1-099,19,8.777350969612598,8.777350969612598,True
STACK,q1_q1-099,18,8.777350969612598,8.777350969612598,True
STACK,q1_q1-099,17,8.777350969612598,8.777350969612598,True
STACK,q1_q1-099,16,8.777350969612598,8.777350969612598,True
STACK,q1_q1-099,15,8.777350969612598,1.7022501528263092,False
STACK,q1_q1-099,14,8.777350969612598,1.6619220599532127,False
STACK,q1_q1-099,13,8.777350969612598,1.7127382531762123,False
STACK,q1_q1-099,12,8.777350969612598,1.6536862552165985,False
STACK,q1_q1-099,11,8.777350969612598,1.9833760261535645,False
STACK,q1_q1-099,10,8.777350969612598,1.978523313999176,False
STACK,q1_q1-099,9,8.777350969612598,1.98832768201828,False
STACK,q1_q1-099,8,8.777350969612598,1.9834578037261963,False
STACK,q1_q1-099,7,8.777350969612598,8.777350969612598,True
STACK,q1_q1-099,6,8.777350969612598,8.777350969612598,True
STACK,q1_q1-099,5,8.777350969612598,8.777350969612598,True
STACK,q1_q1-099,4,8.777350969612598,8.777350969612598,True
STACK,q1_q1-099,3,8.777350969612598,1.9944071397185326,False
STACK,q1_q1-099,2,8.777350969612598,1.9871559962630272,False
STACK,q1_q1-099,1,8.777350969612598,1.9961961135268211,False
STACK,q1_q1-099,0,8.777350969612598,1.9827526286244392,False
STACK,q1_q1-100,63,9.737031199038029,1.9491797164082527,False
STACK,q1_q1-100,62,9.737031199038029,1.878488339483738,False
STACK,q1_q1-100,61,9.737031199038029,1.9240798130631447,False
STACK,q1_q1-100,60,9.737031199038029,1.881539598107338,False
STACK,q1_q1-100,59,9.737031199038029,2.2463231161236763,False
STACK,q1_q1-100,58,9.737031199038029,2.240041270852089,False
STACK,q1_q1-100,57,9.737031199038029,2.235468752682209,False
STACK,q1_q1-100,56,9.737031199038029,2.245343342423439,False
STACK,q1_q1-100,55,9.737031199038029,9.737031199038029,True
STACK,q1_q1-100,54,9.737031199038029,9.737031199038029,True
STACK,q1_q1-100,53,9.737031199038029,9.737031199038029,True
STACK,q1_q1-100,52,9.737031199038029,9.737031199038029,True
STACK,q1_q1-100,51,9.737031199038029,9.737031199038029,True
STACK,q1_q1-100,50,9.737031199038029,9.737031199038029,True
STACK,q1_q1-100,49,9.737031199038029,9.737031199038029,True
STACK,q1_q1-100,48,9.737031199038029,9.737031199038029,True
STACK,q1_q1-100,47,9.737031199038029,1.924998015165329,False
STACK,q1_q1-100,46,9.737031199038029,1.8881564140319824,False
STACK,q1_q1-100,45,9.737031199038029,1.9185960590839386,False
STACK,q1_q1-100,44,9.737031199038029,1.8772056847810745,False
STACK,q1_q1-100,43,9.737031199038029,2.2280515879392624,False
STACK,q1_q1-100,42,9.737031199038029,2.2268054708838463,False
STACK,q1_q1-100,41,9.737031199038029,2.249699890613556,False
STACK,q1_q1-100,40,9.737031199038029,2.230675294995308,False
STACK,q1_q1-100,39,9.737031199038029,9.737031199038029,True
STACK,q1_q1-100,38,9.737031199038029,9.737031199038029,True
STACK,q1_q1-100,37,9.737031199038029,9.737031199038029,True
STACK,q1_q1-100,36,9.737031199038029,9.737031199038029,True
STACK,q1_q1-100,35,9.737031199038029,9.737031199038029,True
STACK,q1_q1-100,34,9.737031199038029,9.737031199038029,True
STACK,q1_q1-100,33,9.737031199038029,2.238599196076393,False
STACK,q1_q1-100,32,9.737031199038029,2.2308335304260254,False
STACK,q1_q1-100,31,9.737031199038029,1.9283494651317596,False
STACK,q1_q1-100,30,9.737031199038029,1.8825027868151665,False
STACK,q1_q1-100,29,9.737031199038029,1.9248593300580978,False
STACK,q1_q1-100,28,9.737031199038029,1.8843153938651085,False
STACK,q1_q1-100,27,9.737031199038029,2.241566576063633,False
STACK,q1_q1-100,26,9.737031199038029,2.2344657629728317,False
STACK,q1_q1-100,25,9.737031199038029,2.241905577480793,False
STACK,q1_q1-100,24,9.737031199038029,2.216061547398567,False
STACK,q1_q1-100,23,9.737031199038029,9.737031199038029,True
STACK,q1_q1-100,22,9.737031199038029,9.737031199038029,True
STACK,q1_q1-100,21,9.737031199038029,7.078422375023365,False
STACK,q1_q1-100,20,9.737031199038029,6.943455241620541,False
STACK,q1_q1-100,19,9.737031199038029,9.737031199038029,True
STACK,q1_q1-100,18,9.737031199038029,9.737031199038029,True
STACK,q1_q1-100,17,9.737031199038029,9.737031199038029,True
STACK,q1_q1-100,16,9.737031199038029,9.737031199038029,True
STACK,q1_q1-100,15,9.737031199038029,1.9313428029417992,False
STACK,q1_q1-100,14,9.737031199038029,1.8687833398580551,False
STACK,q1_q1-100,13,9.737031199038029,1.9242979437112808,False
STACK,q1_q1-100,12,9.737031199038029,1.8696465641260147,False
STACK,q1_q1-100,11,9.737031199038029,2.2381071150302887,False
STACK,q1_q1-100,10,9.737031199038029,2.243051216006279,False
STACK,q1_q1-100,9,9.737031199038029,2.241520121693611,False
STACK,q1_q1-100,8,9.737031199038029,2.2375134602189064,False
STACK,q1_q1-100,7,9.737031199038029,9.737031199038029,True
STACK,q1_q1-100,6,9.737031199038029,9.737031199038029,True
STACK,q1_q1-100,5,9.737031199038029,9.737031199038029,True
STACK,q1_q1-100,4,9.737031199038029,9.737031199038029,True
STACK,q1_q1-100,3,9.737031199038029,2.2368193194270134,False
STACK,q1_q1-100,2,9.737031199038029,2.223758041858673,False
STACK,q1_q1-100,1,9.737031199038029,2.2466599494218826,False
STACK,q1_q1-100,0,9.737031199038029,2.2400484904646873,False
STACK,q2_q2-001,63,72.84675348550081,25.00601526349783,False
STACK,q2_q2-001,62,72.84675348550081,14.213562063872814,False
STACK,q2_q2-001,61,72.84675348550081,14.399311445653439,False
STACK,q2_q2-001,60,72.84675348550081,14.191268764436245,False
STACK,q2_q2-001,59,72.84675348550081,16.671956963837147,False
STACK,q2_q2-001,58,72.84675348550081,16.684382304549217,False
STACK,q2_q2-001,57,72.84675348550081,16.667858742177486,False
STACK,q2_q2-001,56,72.84675348550081,16.639191702008247,False
STACK,q2_q2-001,55,72.84675348550081,72.84675348550081,True
STACK,q2_q2-001,54,72.84675348550081,72.84675348550081,True
STACK,q2_q2-001,53,72.84675348550081,72.84675348550081,True
STACK,q2_q2-001,52,72.84675348550081,72.84675348550081,True
STACK,q2_q2-001,51,72.84675348550081,72.84675348550081,True
STACK,q2_q2-001,50,72.84675348550081,72.84675348550081,True
STACK,q2_q2-001,49,72.84675348550081,20.874601431190968,False
STACK,q2_q2-001,48,72.84675348550081,18.31909143179655,False
STACK,q2_q2-001,47,72.84675348550081,14.217665858566761,False
STACK,q2_q2-001,46,72.84675348550081,14.090212129056454,False
STACK,q2_q2-001,45,72.84675348550081,14.320244655013084,False
STACK,q2_q2-001,44,72.84675348550081,14.216405376791954,False
STACK,q2_q2-001,43,72.84675348550081,16.736818961799145,False
STACK,q2_q2-001,42,72.84675348550081,16.730960488319397,False
STACK,q2_q2-001,41,72.84675348550081,16.644434116780758,False
STACK,q2_q2-001,40,72.84675348550081,16.669378511607647,False
STACK,q2_q2-001,39,72.84675348550081,72.84675348550081,True
STACK,q2_q2-001,38,72.84675348550081,72.84675348550081,True
STACK,q2_q2-001,37,72.84675348550081,72.84675348550081,True
STACK,q2_q2-001,36,72.84675348550081,72.84675348550081,True
STACK,q2_q2-001,35,72.84675348550081,72.84675348550081,True
STACK,q2_q2-001,34,72.84675348550081,72.84675348550081,True
STACK,q2_q2-001,33,72.84675348550081,0.6265346258878708,False
STACK,q2_q2-001,32,72.84675348550081,0.6198839396238327,False
STACK,q2_q2-001,31,72.84675348550081,14.169742159545422,False
STACK,q2_q2-001,30,72.84675348550081,14.091977968811989,False
STACK,q2_q2-001,29,72.84675348550081,14.274177804589272,False
STACK,q2_q2-001,28,72.84675348550081,14.049543656408787,False
STACK,q2_q2-001,27,72.84675348550081,16.536874756217003,False
STACK,q2_q2-001,26,72.84675348550081,16.540990620851517,False
STACK,q2_q2-001,25,72.84675348550081,16.520913787186146,False
STACK,q2_q2-001,24,72.84675348550081,16.566598497331142,False
STACK,q2_q2-001,23,72.84675348550081,72.84675348550081,True
STACK,q2_q2-001,22,72.84675348550081,72.84675348550081,True
STACK,q2_q2-001,21,72.84675348550081,42.69831297546625,False
STACK,q2_q2-001,20,72.84675348550081,42.380820997059345,False
STACK,q2_q2-001,19,72.84675348550081,72.84675348550081,True
STACK,q2_q2-001,18,72.84675348550081,72.84675348550081,True
STACK,q2_q2-001,17,72.84675348550081,18.367065511643887,False
STACK,q2_q2-001,16,72.84675348550081,18.379823200404644,False
STACK,q2_q2-001,15,72.84675348550081,14.284337379038334,False
STACK,q2_q2-001,14,72.84675348550081,14.150564707815647,False
STACK,q2_q2-001,13,72.84675348550081,14.397013776004314,False
STACK,q2_q2-001,12,72.84675348550081,14.193795710802078,False
STACK,q2_q2-001,11,72.84675348550081,16.639296546578407,False
STACK,q2_q2-001,10,72.84675348550081,16.621816270053387,False
STACK,q2_q2-001,9,72.84675348550081,16.584589309990406,False
STACK,q2_q2-001,8,72.84675348550081,16.609277620911598,False
STACK,q2_q2-001,7,72.84675348550081,72.84675348550081,True
STACK,q2_q2-001,6,72.84675348550081,72.84675348550081,True
STACK,q2_q2-001,5,72.84675348550081,72.84675348550081,True
STACK,q2_q2-001,4,72.84675348550081,72.84675348550081,True
STACK,q2_q2-001,3,72.84675348550081,0.6278624013066292,False
STACK,q2_q2-001,2,72.84675348550081,0.6292488425970078,False
STACK,q2_q2-001,1,72.84675348550081,0.6365322768688202,False
STACK,q2_q2-001,0,72.84675348550081,0.6333748921751976,False
STACK,q2_q2-012,63,38.283080980181694,8.783739432692528,False
STACK,q2_q2-012,62,38.283080980181694,7.6353480219841,False
STACK,q2_q2-012,61,38.283080980181694,7.731019362807274,False
STACK,q2_q2-012,60,38.283080980181694,7.654435709118843,False
STACK,q2_q2-012,59,38.283080980181694,8.96525303274393,False
STACK,q2_q2-012,58,38.283080980181694,8.952556662261486,False
STACK,q2_q2-012,57,38.283080980181694,8.97626020014286,False
STACK,q2_q2-012,56,38.283080980181694,8.968631386756897,False
STACK,q2_q2-012,55,38.283080980181694,38.283080980181694,True
STACK,q2_q2-012,54,38.283080980181694,38.283080980181694,True
STACK,q2_q2-012,53,38.283080980181694,38.283080980181694,True
STACK,q2_q2-012,52,38.283080980181694,38.283080980181694,True
STACK,q2_q2-012,51,38.283080980181694,38.283080980181694,True
STACK,q2_q2-012,50,38.283080980181694,38.283080980181694,True
STACK,q2_q2-012,49,38.283080980181694,12.789003901183605,False
STACK,q2_q2-012,48,38.283080980181694,12.830545738339424,False
STACK,q2_q2-012,47,38.283080980181694,7.714441694319248,False
STACK,q2_q2-012,46,38.283080980181694,7.61238943785429,False
STACK,q2_q2-012,45,38.283080980181694,7.7156039625406265,False
STACK,q2_q2-012,44,38.283080980181694,7.625228963792324,False
STACK,q2_q2-012,43,38.283080980181694,8.971102185547352,False
STACK,q2_q2-012,42,38.283080980181694,8.926640205085278,False
STACK,q2_q2-012,41,38.283080980181694,9.325332641601562,False
STACK,q2_q2-012,40,38.283080980181694,8.898950733244419,False
STACK,q2_q2-012,39,38.283080980181694,38.283080980181694,True
STACK,q2_q2-012,38,38.283080980181694,38.283080980181694,True
STACK,q2_q2-012,37,38.283080980181694,38.283080980181694,True
STACK,q2_q2-012,36,38.283080980181694,38.283080980181694,True
STACK,q2_q2-012,35,38.283080980181694,38.283080980181694,True
STACK,q2_q2-012,34,38.283080980181694,38.283080980181694,True
STACK,q2_q2-012,33,38.283080980181694,1.1747544333338737,False
STACK,q2_q2-012,32,38.283080980181694,1.1659831032156944,False
STACK,q2_q2-012,31,38.283080980181694,7.731477007269859,False
STACK,q2_q2-012,30,38.283080980181694,7.598864525556564,False
STACK,q2_q2-012,29,38.283080980181694,7.704390659928322,False
STACK,q2_q2-012,28,38.283080980181694,7.588556990027428,False
STACK,q2_q2-012,27,38.283080980181694,8.87262549251318,False
STACK,q2_q2-012,26,38.283080980181694,8.88686379045248,False
STACK,q2_q2-012,25,38.283080980181694,8.857717402279377,False
STACK,q2_q2-012,24,38.283080980181694,8.877063632011414,False
STACK,q2_q2-012,23,38.283080980181694,38.283080980181694,True
STACK,q2_q2-012,22,38.283080980181694,38.283080980181694,True
STACK,q2_q2-012,21,1.1659831032156944,1.1659831032156944,True
STACK,q2_q2-012,20,1.1659831032156944,1.1659831032156944,True
STACK,q2_q2-012,19,1.1659831032156944,1.1659831032156944,True
STACK,q2_q2-012,18,1.1659831032156944,1.1659831032156944,True
STACK,q2_q2-012,17,1.1659831032156944,1.1659831032156944,True
STACK,q2_q2-012,16,1.1659831032156944,1.1659831032156944,True
STACK,q2_q2-012,15,1.1659831032156944,1.1659831032156944,True
STACK,q2_q2-012,14,1.1659831032156944,1.1659831032156944,True
STACK,q2_q2-012,13,1.1659831032156944,1.1659831032156944,True
STACK,q2_q2-012,12,1.1659831032156944,1.1659831032156944,True
STACK,q2_q2-012,11,1.1659831032156944,1.1659831032156944,True
STACK,q2_q2-012,10,1.1659831032156944,1.1659831032156944,True
STACK,q2_q2-012,9,1.1659831032156944,1.1659831032156944,True
STACK,q2_q2-012,8,1.1659831032156944,1.1659831032156944,True
STACK,q2_q2-012,7,1.1659831032156944,1.1659831032156944,True
STACK,q2_q2-012,6,1.1659831032156944,1.1659831032156944,True
STACK,q2_q2-012,5,1.1659831032156944,1.1659831032156944,True
STACK,q2_q2-012,4,1.1659831032156944,1.1659831032156944,True
STACK,q2_q2-012,3,1.1659831032156944,1.1659831032156944,True
STACK,q2_q2-012,2,1.1659831032156944,1.1659831032156944,True
STACK,q2_q2-012,1,1.1659831032156944,1.1659831032156944,True
STACK,q2_q2-012,0,1.1659831032156944,1.1659831032156944,True
STACK,q2_q2-032,63,1.154415100812912,1.154415100812912,True
STACK,q2_q2-032,62,1.154415100812912,1.154415100812912,True
STACK,q2_q2-032,61,1.154415100812912,1.154415100812912,True
STACK,q2_q2-032,60,1.154415100812912,1.154415100812912,True
STACK,q2_q2-032,59,1.154415100812912,1.154415100812912,True
STACK,q2_q2-032,58,1.154415100812912,1.154415100812912,True
STACK,q2_q2-032,57,1.154415100812912,1.154415100812912,True
STACK,q2_q2-032,56,1.154415100812912,1.154415100812912,True
STACK,q2_q2-032,55,1.154415100812912,1.154415100812912,True
STACK,q2_q2-032,54,1.154415100812912,1.154415100812912,True
STACK,q2_q2-032,53,1.154415100812912,1.154415100812912,True
STACK,q2_q2-032,52,1.154415100812912,1.154415100812912,True
STACK,q2_q2-032,51,1.154415100812912,1.154415100812912,True
STACK,q2_q2-032,50,1.154415100812912,1.154415100812912,True
STACK,q2_q2-032,49,1.154415100812912,1.154415100812912,True
STACK,q2_q2-032,48,1.154415100812912,1.154415100812912,True
STACK,q2_q2-032,47,1.154415100812912,1.154415100812912,True
STACK,q2_q2-032,46,1.154415100812912,1.154415100812912,True
STACK,q2_q2-032,45,1.154415100812912,1.154415100812912,True
STACK,q2_q2-032,44,1.154415100812912,1.154415100812912,True
STACK,q2_q2-032,43,1.154415100812912,1.154415100812912,True
STACK,q2_q2-032,42,1.154415100812912,1.154415100812912,True
STACK,q2_q2-032,41,1.154415100812912,1.154415100812912,True
STACK,q2_q2-032,40,1.154415100812912,1.154415100812912,True
STACK,q2_q2-032,39,1.154415100812912,1.154415100812912,True
STACK,q2_q2-032,38,1.154415100812912,1.154415100812912,True
STACK,q2_q2-032,37,1.154415100812912,1.154415100812912,True
STACK,q2_q2-032,36,1.154415100812912,1.154415100812912,True
STACK,q2_q2-032,35,1.154415100812912,1.154415100812912,True
STACK,q2_q2-032,34,1.154415100812912,1.154415100812912,True
STACK,q2_q2-032,33,1.154415100812912,1.154415100812912,True
STACK,q2_q2-032,32,1.154415100812912,1.154415100812912,True
STACK,q2_q2-032,31,1.154415100812912,1.154415100812912,True
STACK,q2_q2-032,30,1.154415100812912,1.154415100812912,True
STACK,q2_q2-032,29,1.154415100812912,1.154415100812912,True
STACK,q2_q2-032,28,1.154415100812912,1.154415100812912,True
STACK,q2_q2-032,27,1.154415100812912,1.154415100812912,True
STACK,q2_q2-032,26,1.154415100812912,1.154415100812912,True
STACK,q2_q2-032,25,1.154415100812912,1.154415100812912,True
STACK,q2_q2-032,24,1.154415100812912,1.154415100812912,True
STACK,q2_q2-032,23,1.154415100812912,1.154415100812912,True
STACK,q2_q2-032,22,1.154415100812912,1.154415100812912,True
STACK,q2_q2-032,21,1.154415100812912,1.154415100812912,True
STACK,q2_q2-032,20,1.154415100812912,1.154415100812912,True
STACK,q2_q2-032,19,1.154415100812912,1.154415100812912,True
STACK,q2_q2-032,18,1.154415100812912,1.154415100812912,True
STACK,q2_q2-032,17,1.154415100812912,1.154415100812912,True
STACK,q2_q2-032,16,1.154415100812912,1.154415100812912,True
STACK,q2_q2-032,15,1.154415100812912,1.154415100812912,True
STACK,q2_q2-032,14,1.154415100812912,1.154415100812912,True
STACK,q2_q2-032,13,1.154415100812912,1.154415100812912,True
STACK,q2_q2-032,12,1.154415100812912,1.154415100812912,True
STACK,q2_q2-032,11,1.154415100812912,1.154415100812912,True
STACK,q2_q2-032,10,1.154415100812912,1.154415100812912,True
STACK,q2_q2-032,9,1.154415100812912,1.154415100812912,True
STACK,q2_q2-032,8,1.154415100812912,1.154415100812912,True
STACK,q2_q2-032,7,1.154415100812912,1.154415100812912,True
STACK,q2_q2-032,6,1.154415100812912,1.154415100812912,True
STACK,q2_q2-032,5,1.154415100812912,1.154415100812912,True
STACK,q2_q2-032,4,1.154415100812912,1.154415100812912,True
STACK,q2_q2-032,3,1.154415100812912,0.29525864124298096,False
STACK,q2_q2-032,2,0.29525864124298096,0.23124808818101883,False
STACK,q2_q2-032,1,0.23124808818101883,0.23124808818101883,True
STACK,q2_q2-032,0,0.23124808818101883,0.23124808818101883,True
STACK,q2_q2-035,63,1.9481732845306396,1.9481732845306396,True
STACK,q2_q2-035,62,1.9481732845306396,1.9481732845306396,True
STACK,q2_q2-035,61,1.9481732845306396,1.9481732845306396,True
STACK,q2_q2-035,60,1.9481732845306396,1.9481732845306396,True
STACK,q2_q2-035,59,1.9481732845306396,1.9481732845306396,True
STACK,q2_q2-035,58,1.9481732845306396,1.9481732845306396,True
STACK,q2_q2-035,57,1.9481732845306396,1.9481732845306396,True
STACK,q2_q2-035,56,1.9481732845306396,1.9481732845306396,True
STACK,q2_q2-035,55,1.9481732845306396,1.9481732845306396,True
STACK,q2_q2-035,54,1.9481732845306396,1.9481732845306396,True
STACK,q2_q2-035,53,1.9481732845306396,1.9481732845306396,True
STACK,q2_q2-035,52,1.9481732845306396,1.9481732845306396,True
STACK,q2_q2-035,51,1.9481732845306396,1.9481732845306396,True
STACK,q2_q2-035,50,1.9481732845306396,1.9481732845306396,True
STACK,q2_q2-035,49,1.9481732845306396,1.9481732845306396,True
STACK,q2_q2-035,48,1.9481732845306396,1.9481732845306396,True
STACK,q2_q2-035,47,1.9481732845306396,1.9481732845306396,True
STACK,q2_q2-035,46,1.9481732845306396,1.8814306929707527,False
STACK,q2_q2-035,45,1.8814306929707527,1.8814306929707527,True
STACK,q2_q2-035,44,1.8814306929707527,1.8814306929707527,True
STACK,q2_q2-035,43,1.8814306929707527,1.8814306929707527,True
STACK,q2_q2-035,42,1.8814306929707527,1.8814306929707527,True
STACK,q2_q2-035,41,1.8814306929707527,1.8814306929707527,True
STACK,q2_q2-035,40,1.8814306929707527,1.8814306929707527,True
STACK,q2_q2-035,39,1.8814306929707527,1.8814306929707527,True
STACK,q2_q2-035,38,1.8814306929707527,1.8814306929707527,True
STACK,q2_q2-035,37,1.8814306929707527,1.8814306929707527,True
STACK,q2_q2-035,36,1.8814306929707527,1.8814306929707527,True
STACK,q2_q2-035,35,1.8814306929707527,1.8814306929707527,True
STACK,q2_q2-035,34,1.8814306929707527,1.8814306929707527,True
STACK,q2_q2-035,33,1.8814306929707527,0.8756945207715034,False
STACK,q2_q2-035,32,0.8756945207715034,0.6312334164977074,False
STACK,q2_q2-035,31,0.6312334164977074,0.6312334164977074,True
STACK,q2_q2-035,30,0.6312334164977074,0.6312334164977074,True
STACK,q2_q2-035,29,0.6312334164977074,0.6312334164977074,True
STACK,q2_q2-035,28,0.6312334164977074,0.6312334164977074,True
STACK,q2_q2-035,27,0.6312334164977074,0.6312334164977074,True
STACK,q2_q2-035,26,0.6312334164977074,0.6312334164977074,True
STACK,q2_q2-035,25,0.6312334164977074,0.6312334164977074,True
STACK,q2_q2-035,24,0.6312334164977074,0.6312334164977074,True
STACK,q2_q2-035,23,0.6312334164977074,0.6312334164977074,True
STACK,q2_q2-035,22,0.6312334164977074,0.6312334164977074,True
STACK,q2_q2-035,21,0.6312334164977074,0.6312334164977074,True
STACK,q2_q2-035,20,0.6312334164977074,0.6312334164977074,True
STACK,q2_q2-035,19,0.6312334164977074,0.6312334164977074,True
STACK,q2_q2-035,18,0.6312334164977074,0.6312334164977074,True
STACK,q2_q2-035,17,0.6312334164977074,0.6312334164977074,True
STACK,q2_q2-035,16,0.6312334164977074,0.6312334164977074,True
STACK,q2_q2-035,15,0.6312334164977074,0.6312334164977074,True
STACK,q2_q2-035,14,0.6312334164977074,0.6312334164977074,True
STACK,q2_q2-035,13,0.6312334164977074,0.6312334164977074,True
STACK,q2_q2-035,12,0.6312334164977074,0.6312334164977074,True
STACK,q2_q2-035,11,0.6312334164977074,0.6312334164977074,True
STACK,q2_q2-035,10,0.6312334164977074,0.6312334164977074,True
STACK,q2_q2-035,9,0.6312334164977074,0.6312334164977074,True
STACK,q2_q2-035,8,0.6312334164977074,0.6312334164977074,True
STACK,q2_q2-035,7,0.6312334164977074,0.6312334164977074,True
STACK,q2_q2-035,6,0.6312334164977074,0.6312334164977074,True
STACK,q2_q2-035,5,0.6312334164977074,0.6312334164977074,True
STACK,q2_q2-035,4,0.6312334164977074,0.6312334164977074,True
STACK,q2_q2-035,3,0.6312334164977074,0.6204015463590622,False
STACK,q2_q2-035,2,0.6204015463590622,0.6204015463590622,True
STACK,q2_q2-035,1,0.6204015463590622,0.6170290410518646,False
STACK,q2_q2-035,0,0.6170290410518646,0.6175466701388359,False
STACK,q2_q2-050,63,0.7801608070731163,0.7801608070731163,True
STACK,q2_q2-050,62,0.7801608070731163,0.7801608070731163,True
STACK,q2_q2-050,61,0.7801608070731163,0.76291773468256,False
STACK,q2_q2-050,60,0.76291773468256,0.7512769475579262,False
STACK,q2_q2-050,59,0.7512769475579262,0.7512769475579262,True
STACK,q2_q2-050,58,0.7512769475579262,0.7512769475579262,True
STACK,q2_q2-050,57,0.7512769475579262,0.7512769475579262,True
STACK,q2_q2-050,56,0.7512769475579262,0.7512769475579262,True
STACK,q2_q2-050,55,0.7512769475579262,0.7512769475579262,True
STACK,q2_q2-050,54,0.7512769475579262,0.7512769475579262,True
STACK,q2_q2-050,53,0.7512769475579262,0.7512769475579262,True
STACK,q2_q2-050,52,0.7512769475579262,0.7512769475579262,True
STACK,q2_q2-050,51,0.7512769475579262,0.7512769475579262,True
STACK,q2_q2-050,50,0.7512769475579262,0.7512769475579262,True
STACK,q2_q2-050,49,0.7512769475579262,0.7512769475579262,True
STACK,q2_q2-050,48,0.7512769475579262,0.7512769475579262,True
STACK,q2_q2-050,47,0.7512769475579262,0.7513433396816254,False
STACK,q2_q2-050,46,0.7512769475579262,0.7389973402023315,False
STACK,q2_q2-050,45,0.7389973402023315,0.7389973402023315,True
STACK,q2_q2-050,44,0.7389973402023315,0.7300543710589409,False
STACK,q2_q2-050,43,0.7300543710589409,0.7300543710589409,True
STACK,q2_q2-050,42,0.7300543710589409,0.7300543710589409,True
STACK,q2_q2-050,41,0.7300543710589409,0.7300543710589409,True
STACK,q2_q2-050,40,0.7300543710589409,0.7300543710589409,True
STACK,q2_q2-050,39,0.7300543710589409,0.7300543710589409,True
STACK,q2_q2-050,38,0.7300543710589409,0.7300543710589409,True
STACK,q2_q2-050,37,0.7300543710589409,0.7300543710589409,True
STACK,q2_q2-050,36,0.7300543710589409,0.7300543710589409,True
STACK,q2_q2-050,35,0.7300543710589409,0.7300543710589409,True
STACK,q2_q2-050,34,0.7300543710589409,0.7300543710589409,True
STACK,q2_q2-050,33,0.7300543710589409,0.4977380186319351,False
STACK,q2_q2-050,32,0.4977380186319351,0.4977380186319351,True
STACK,q2_q2-050,31,0.4977380186319351,0.4977380186319351,True
STACK,q2_q2-050,30,0.4977380186319351,0.4977380186319351,True
STACK,q2_q2-050,29,0.4977380186319351,0.4977380186319351,True
STACK,q2_q2-050,28,0.4977380186319351,0.4977380186319351,True
STACK,q2_q2-050,27,0.4977380186319351,0.4977380186319351,True
STACK,q2_q2-050,26,0.4977380186319351,0.4977380186319351,True
STACK,q2_q2-050,25,0.4977380186319351,0.4977380186319351,True
STACK,q2_q2-050,24,0.4977380186319351,0.4977380186319351,True
STACK,q2_q2-050,23,0.4977380186319351,0.4977380186319351,True
STACK,q2_q2-050,22,0.4977380186319351,0.4977380186319351,True
STACK,q2_q2-050,21,0.4977380186319351,0.4977380186319351,True
STACK,q2_q2-050,20,0.4977380186319351,0.4977380186319351,True
STACK,q2_q2-050,19,0.4977380186319351,0.4977380186319351,True
STACK,q2_q2-050,18,0.4977380186319351,0.4977380186319351,True
STACK,q2_q2-050,17,0.4977380186319351,0.4977380186319351,True
STACK,q2_q2-050,16,0.4977380186319351,0.4977380186319351,True
STACK,q2_q2-050,15,0.4977380186319351,0.4977380186319351,True
STACK,q2_q2-050,14,0.4977380186319351,0.4977380186319351,True
STACK,q2_q2-050,13,0.4977380186319351,0.4977380186319351,True
STACK,q2_q2-050,12,0.4977380186319351,0.4977380186319351,True
STACK,q2_q2-050,11,0.4977380186319351,0.4977380186319351,True
STACK,q2_q2-050,10,0.4977380186319351,0.4977380186319351,True
STACK,q2_q2-050,9,0.4977380186319351,0.4977380186319351,True
STACK,q2_q2-050,8,0.4977380186319351,0.4977380186319351,True
STACK,q2_q2-050,7,0.4977380186319351,0.4977380186319351,True
STACK,q2_q2-050,6,0.4977380186319351,0.4977380186319351,True
STACK,q2_q2-050,5,0.4977380186319351,0.4977380186319351,True
STACK,q2_q2-050,4,0.4977380186319351,0.4977380186319351,True
STACK,q2_q2-050,3,0.4977380186319351,0.2894214987754822,False
STACK,q2_q2-050,2,0.2894214987754822,0.24136222898960114,False
STACK,q2_q2-050,1,0.24136222898960114,0.24136222898960114,True
STACK,q2_q2-050,0,0.24136222898960114,0.2399570792913437,False
STACK,q2_q2-081,63,8.896536856889725,8.896536856889725,True
STACK,q2_q2-081,62,8.896536856889725,8.896536856889725,True
STACK,q2_q2-081,61,8.896536856889725,8.871896475553513,False
STACK,q2_q2-081,60,8.871896475553513,8.75999879091978,False
STACK,q2_q2-081,59,8.75999879091978,8.75999879091978,True
STACK,q2_q2-081,58,8.75999879091978,8.75999879091978,True
STACK,q2_q2-081,57,8.75999879091978,8.75999879091978,True
STACK,q2_q2-081,56,8.75999879091978,8.75999879091978,True
STACK,q2_q2-081,55,8.75999879091978,8.75999879091978,True
STACK,q2_q2-081,54,8.75999879091978,8.75999879091978,True
STACK,q2_q2-081,53,8.75999879091978,8.75999879091978,True
STACK,q2_q2-081,52,8.75999879091978,8.75999879091978,True
STACK,q2_q2-081,51,8.75999879091978,8.75999879091978,True
STACK,q2_q2-081,50,8.75999879091978,8.75999879091978,True
STACK,q2_q2-081,49,8.75999879091978,8.75999879091978,True
STACK,q2_q2-081,48,8.75999879091978,8.75999879091978,True
STACK,q2_q2-081,47,8.75999879091978,8.75999879091978,True
STACK,q2_q2-081,46,8.75999879091978,8.75999879091978,True
STACK,q2_q2-081,45,8.75999879091978,8.75999879091978,True
STACK,q2_q2-081,44,8.75999879091978,8.75999879091978,True
STACK,q2_q2-081,43,8.75999879091978,8.75999879091978,True
STACK,q2_q2-081,42,8.75999879091978,8.75999879091978,True
STACK,q2_q2-081,41,8.75999879091978,8.75999879091978,True
STACK,q2_q2-081,40,8.75999879091978,8.75999879091978,True
STACK,q2_q2-081,39,8.75999879091978,8.75999879091978,True
STACK,q2_q2-081,38,8.75999879091978,8.75999879091978,True
STACK,q2_q2-081,37,8.75999879091978,8.75999879091978,True
STACK,q2_q2-081,36,8.75999879091978,8.75999879091978,True
STACK,q2_q2-081,35,8.75999879091978,8.75999879091978,True
STACK,q2_q2-081,34,8.75999879091978,8.75999879091978,True
STACK,q2_q2-081,33,8.75999879091978,0.839868076145649,False
STACK,q2_q2-081,32,0.839868076145649,0.8100521117448807,False
STACK,q2_q2-081,31,0.8100521117448807,0.8100521117448807,True
STACK,q2_q2-081,30,0.8100521117448807,0.8100521117448807,True
STACK,q2_q2-081,29,0.8100521117448807,0.8100521117448807,True
STACK,q2_q2-081,28,0.8100521117448807,0.8100521117448807,True
STACK,q2_q2-081,27,0.8100521117448807,0.8100521117448807,True
STACK,q2_q2-081,26,0.8100521117448807,0.8100521117448807,True
STACK,q2_q2-081,25,0.8100521117448807,0.8100521117448807,True
STACK,q2_q2-081,24,0.8100521117448807,0.8100521117448807,True
STACK,q2_q2-081,23,0.8100521117448807,0.8100521117448807,True
STACK,q2_q2-081,22,0.8100521117448807,0.8100521117448807,True
STACK,q2_q2-081,21,0.8100521117448807,0.8100521117448807,True
STACK,q2_q2-081,20,0.8100521117448807,0.8100521117448807,True
STACK,q2_q2-081,19,0.8100521117448807,0.8100521117448807,True
STACK,q2_q2-081,18,0.8100521117448807,0.8100521117448807,True
STACK,q2_q2-081,17,0.8100521117448807,0.8100521117448807,True
STACK,q2_q2-081,16,0.8100521117448807,0.8100521117448807,True
STACK,q2_q2-081,15,0.8100521117448807,0.8100521117448807,True
STACK,q2_q2-081,14,0.8100521117448807,0.8100521117448807,True
STACK,q2_q2-081,13,0.8100521117448807,0.8100521117448807,True
STACK,q2_q2-081,12,0.8100521117448807,0.8100521117448807,True
STACK,q2_q2-081,11,0.8100521117448807,0.8100521117448807,True
STACK,q2_q2-081,10,0.8100521117448807,0.8100521117448807,True
STACK,q2_q2-081,9,0.8100521117448807,0.8100521117448807,True
STACK,q2_q2-081,8,0.8100521117448807,0.8100521117448807,True
STACK,q2_q2-081,7,0.8100521117448807,0.8100521117448807,True
STACK,q2_q2-081,6,0.8100521117448807,0.8100521117448807,True
STACK,q2_q2-081,5,0.8100521117448807,0.8100521117448807,True
STACK,q2_q2-081,4,0.8100521117448807,0.8100521117448807,True
STACK,q2_q2-081,3,0.8100521117448807,0.8100521117448807,True
STACK,q2_q2-081,2,0.8100521117448807,0.8100521117448807,True
STACK,q2_q2-081,1,0.8100521117448807,0.8100521117448807,True
STACK,q2_q2-081,0,0.8100521117448807,0.8100521117448807,True
STACK,q2_q2-094,63,5.651411823928356,5.651411823928356,True
STACK,q2_q2-094,62,5.651411823928356,5.561386339366436,False
STACK,q2_q2-094,61,5.561386339366436,5.561386339366436,True
STACK,q2_q2-094,60,5.561386339366436,5.533345639705658,False
STACK,q2_q2-094,59,5.533345639705658,5.533345639705658,True
STACK,q2_q2-094,58,5.533345639705658,5.533345639705658,True
STACK,q2_q2-094,57,5.533345639705658,5.533345639705658,True
STACK,q2_q2-094,56,5.533345639705658,5.533345639705658,True
STACK,q2_q2-094,55,5.533345639705658,5.533345639705658,True
STACK,q2_q2-094,54,5.533345639705658,5.533345639705658,True
STACK,q2_q2-094,53,5.533345639705658,5.533345639705658,True
STACK,q2_q2-094,52,5.533345639705658,5.533345639705658,True
STACK,q2_q2-094,51,5.533345639705658,5.533345639705658,True
STACK,q2_q2-094,50,5.533345639705658,5.533345639705658,True
STACK,q2_q2-094,49,5.533345639705658,5.533345639705658,True
STACK,q2_q2-094,48,5.533345639705658,5.533345639705658,True
STACK,q2_q2-094,47,5.533345639705658,5.533345639705658,True
STACK,q2_q2-094,46,5.533345639705658,5.485176973044872,False
STACK,q2_q2-094,45,5.485176973044872,5.485176973044872,True
STACK,q2_q2-094,44,5.485176973044872,5.485176973044872,True
STACK,q2_q2-094,43,5.485176973044872,5.485176973044872,True
STACK,q2_q2-094,42,5.485176973044872,5.485176973044872,True
STACK,q2_q2-094,41,5.485176973044872,5.485176973044872,True
STACK,q2_q2-094,40,5.485176973044872,5.485176973044872,True
STACK,q2_q2-094,39,5.485176973044872,5.485176973044872,True
STACK,q2_q2-094,38,5.485176973044872,5.485176973044872,True
STACK,q2_q2-094,37,5.485176973044872,5.485176973044872,True
STACK,q2_q2-094,36,5.485176973044872,5.485176973044872,True
STACK,q2_q2-094,35,5.485176973044872,5.485176973044872,True
STACK,q2_q2-094,34,5.485176973044872,5.485176973044872,True
STACK,q2_q2-094,33,5.485176973044872,0.454326756298542,False
STACK,q2_q2-094,32,0.454326756298542,0.44979122281074524,False
STACK,q2_q2-094,31,0.44979122281074524,0.44979122281074524,True
STACK,q2_q2-094,30,0.44979122281074524,0.44979122281074524,True
STACK,q2_q2-094,29,0.44979122281074524,0.44979122281074524,True
STACK,q2_q2-094,28,0.44979122281074524,0.44979122281074524,True
STACK,q2_q2-094,27,0.44979122281074524,0.44979122281074524,True
STACK,q2_q2-094,26,0.44979122281074524,0.44979122281074524,True
STACK,q2_q2-094,25,0.44979122281074524,0.44979122281074524,True
STACK,q2_q2-094,24,0.44979122281074524,0.44979122281074524,True
STACK,q2_q2-094,23,0.44979122281074524,0.44979122281074524,True
STACK,q2_q2-094,22,0.44979122281074524,0.44979122281074524,True
STACK,q2_q2-094,21,0.44979122281074524,0.44979122281074524,True
STACK,q2_q2-094,20,0.44979122281074524,0.44979122281074524,True
STACK,q2_q2-094,19,0.44979122281074524,0.44979122281074524,True
STACK,q2_q2-094,18,0.44979122281074524,0.44979122281074524,True
STACK,q2_q2-094,17,0.44979122281074524,0.44979122281074524,True
STACK,q2_q2-094,16,0.44979122281074524,0.44979122281074524,True
STACK,q2_q2-094,15,0.44979122281074524,0.44979122281074524,True
STACK,q2_q2-094,14,0.44979122281074524,0.44979122281074524,True
STACK,q2_q2-094,13,0.44979122281074524,0.44979122281074524,True
STACK,q2_q2-094,12,0.44979122281074524,0.44979122281074524,True
STACK,q2_q2-094,11,0.44979122281074524,0.44979122281074524,True
STACK,q2_q2-094,10,0.44979122281074524,0.44979122281074524,True
STACK,q2_q2-094,9,0.44979122281074524,0.44979122281074524,True
STACK,q2_q2-094,8,0.44979122281074524,0.44979122281074524,True
STACK,q2_q2-094,7,0.44979122281074524,0.44979122281074524,True
STACK,q2_q2-094,6,0.44979122281074524,0.44979122281074524,True
STACK,q2_q2-094,5,0.44979122281074524,0.44979122281074524,True
STACK,q2_q2-094,4,0.44979122281074524,0.44979122281074524,True
STACK,q2_q2-094,3,0.44979122281074524,0.4467099830508232,False
STACK,q2_q2-094,2,0.4467099830508232,0.44498271495103836,False
STACK,q2_q2-094,1,0.44498271495103836,0.44498271495103836,True
STACK,q2_q2-094,0,0.44498271495103836,0.44498271495103836,True
STACK,q2_q2-098,63,15.813763350248337,15.43604851514101,False
STACK,q2_q2-098,62,15.43604851514101,15.216410622000694,False
STACK,q2_q2-098,61,15.216410622000694,15.213781297206879,False
STACK,q2_q2-098,60,15.213781297206879,15.213781297206879,True
STACK,q2_q2-098,59,15.213781297206879,14.583302162587643,False
STACK,q2_q2-098,58,14.583302162587643,14.583302162587643,True
STACK,q2_q2-098,57,14.583302162587643,14.583302162587643,True
STACK,q2_q2-098,56,14.583302162587643,14.583302162587643,True
STACK,q2_q2-098,55,14.583302162587643,14.583302162587643,True
STACK,q2_q2-098,54,14.583302162587643,14.583302162587643,True
STACK,q2_q2-098,53,14.583302162587643,14.583302162587643,True
STACK,q2_q2-098,52,14.583302162587643,14.583302162587643,True
STACK,q2_q2-098,51,14.583302162587643,14.583302162587643,True
STACK,q2_q2-098,50,14.583302162587643,14.583302162587643,True
STACK,q2_q2-098,49,14.583302162587643,14.583302162587643,True
STACK,q2_q2-098,48,14.583302162587643,14.583302162587643,True
STACK,q2_q2-098,47,14.583302162587643,14.583302162587643,True
STACK,q2_q2-098,46,14.583302162587643,14.583302162587643,True
STACK,q2_q2-098,45,14.583302162587643,14.583302162587643,True
STACK,q2_q2-098,44,14.583302162587643,14.583302162587643,True
STACK,q2_q2-098,43,14.583302162587643,14.583302162587643,True
STACK,q2_q2-098,42,14.583302162587643,14.583302162587643,True
STACK,q2_q2-098,41,14.583302162587643,14.583302162587643,True
STACK,q2_q2-098,40,14.583302162587643,14.583302162587643,True
STACK,q2_q2-098,39,14.583302162587643,14.583302162587643,True
STACK,q2_q2-098,38,14.583302162587643,14.583302162587643,True
STACK,q2_q2-098,37,14.583302162587643,14.583302162587643,True
STACK,q2_q2-098,36,14.583302162587643,14.583302162587643,True
STACK,q2_q2-098,35,14.583302162587643,14.583302162587643,True
STACK,q2_q2-098,34,14.583302162587643,14.583302162587643,True
STACK,q2_q2-098,33,14.583302162587643,14.583302162587643,True
STACK,q2_q2-098,32,14.583302162587643,14.583302162587643,True
STACK,q2_q2-098,31,14.583302162587643,14.583302162587643,True
STACK,q2_q2-098,30,14.583302162587643,14.583302162587643,True
STACK,q2_q2-098,29,14.583302162587643,14.583302162587643,True
STACK,q2_q2-098,28,14.583302162587643,14.583302162587643,True
STACK,q2_q2-098,27,14.583302162587643,14.583302162587643,True
STACK,q2_q2-098,26,14.583302162587643,14.583302162587643,True
STACK,q2_q2-098,25,14.583302162587643,14.583302162587643,True
STACK,q2_q2-098,24,14.583302162587643,14.583302162587643,True
STACK,q2_q2-098,23,14.583302162587643,14.583302162587643,True
STACK,q2_q2-098,22,14.583302162587643,14.583302162587643,True
STACK,q2_q2-098,21,14.583302162587643,14.583302162587643,True
STACK,q2_q2-098,20,14.583302162587643,14.583302162587643,True
STACK,q2_q2-098,19,14.583302162587643,14.583302162587643,True
STACK,q2_q2-098,18,14.583302162587643,14.583302162587643,True
STACK,q2_q2-098,17,14.583302162587643,14.583302162587643,True
STACK,q2_q2-098,16,14.583302162587643,14.583302162587643,True
STACK,q2_q2-098,15,14.583302162587643,14.583302162587643,True
STACK,q2_q2-098,14,14.583302162587643,14.583302162587643,True
STACK,q2_q2-098,13,14.583302162587643,14.583302162587643,True
STACK,q2_q2-098,12,14.583302162587643,14.583302162587643,True
STACK,q2_q2-098,11,14.583302162587643,14.583302162587643,True
STACK,q2_q2-098,10,14.583302162587643,14.583302162587643,True
STACK,q2_q2-098,9,14.583302162587643,14.583302162587643,True
STACK,q2_q2-098,8,14.583302162587643,14.583302162587643,True
STACK,q2_q2-098,7,14.583302162587643,14.583302162587643,True
STACK,q2_q2-098,6,14.583302162587643,14.583302162587643,True
STACK,q2_q2-098,5,14.583302162587643,14.583302162587643,True
STACK,q2_q2-098,4,14.583302162587643,14.583302162587643,True
STACK,q2_q2-098,3,14.583302162587643,14.583302162587643,True
STACK,q2_q2-098,2,14.583302162587643,14.583302162587643,True
STACK,q2_q2-098,1,14.583302162587643,14.583302162587643,True
STACK,q2_q2-098,0,14.583302162587643,14.583302162587643,True
STACK,q3_q3-018,63,0.6105563268065453,0.6105563268065453,True
STACK,q3_q3-018,62,0.6105563268065453,0.6105563268065453,True
STACK,q3_q3-018,61,0.6105563268065453,0.6105563268065453,True
STACK,q3_q3-018,60,0.6105563268065453,0.6105563268065453,True
STACK,q3_q3-018,59,0.6105563268065453,0.6105563268065453,True
STACK,q3_q3-018,58,0.6105563268065453,0.6105563268065453,True
STACK,q3_q3-018,57,0.6105563268065453,0.6105563268065453,True
STACK,q3_q3-018,56,0.6105563268065453,0.6105563268065453,True
STACK,q3_q3-018,55,0.6105563268065453,0.6105563268065453,True
STACK,q3_q3-018,54,0.6105563268065453,0.6105563268065453,True
STACK,q3_q3-018,53,0.6105563268065453,0.6105563268065453,True
STACK,q3_q3-018,52,0.6105563268065453,0.6105563268065453,True
STACK,q3_q3-018,51,0.6105563268065453,0.6105563268065453,True
STACK,q3_q3-018,50,0.6105563268065453,0.6105563268065453,True
STACK,q3_q3-018,49,0.6105563268065453,0.6105563268065453,True
STACK,q3_q3-018,48,0.6105563268065453,0.6105563268065453,True
STACK,q3_q3-018,47,0.6105563268065453,0.6105563268065453,True
STACK,q3_q3-018,46,0.6105563268065453,0.5596820116043091,False
STACK,q3_q3-018,45,0.5596820116043091,0.5555848553776741,False
STACK,q3_q3-018,44,0.5555848553776741,0.5474273562431335,False
STACK,q3_q3-018,43,0.5474273562431335,0.5474273562431335,True
STACK,q3_q3-018,42,0.5474273562431335,0.5474273562431335,True
STACK,q3_q3-018,41,0.5474273562431335,0.5474273562431335,True
STACK,q3_q3-018,40,0.5474273562431335,0.5474273562431335,True
STACK,q3_q3-018,39,0.5474273562431335,0.5474273562431335,True
STACK,q3_q3-018,38,0.5474273562431335,0.5474273562431335,True
STACK,q3_q3-018,37,0.5474273562431335,0.5474273562431335,True
STACK,q3_q3-018,36,0.5474273562431335,0.5474273562431335,True
STACK,q3_q3-018,35,0.5474273562431335,0.5474273562431335,True
STACK,q3_q3-018,34,0.5474273562431335,0.5474273562431335,True
STACK,q3_q3-018,33,0.5474273562431335,0.4758077934384346,False
STACK,q3_q3-018,32,0.4758077934384346,0.4699501618742943,False
STACK,q3_q3-018,31,0.4699501618742943,0.4699501618742943,True
STACK,q3_q3-018,30,0.4699501618742943,0.4699501618742943,True
STACK,q3_q3-018,29,0.4699501618742943,0.4699501618742943,True
STACK,q3_q3-018,28,0.4699501618742943,0.4699501618742943,True
STACK,q3_q3-018,27,0.4699501618742943,0.4699501618742943,True
STACK,q3_q3-018,26,0.4699501618742943,0.4699501618742943,True
STACK,q3_q3-018,25,0.4699501618742943,0.4699501618742943,True
STACK,q3_q3-018,24,0.4699501618742943,0.4699501618742943,True
STACK,q3_q3-018,23,0.4699501618742943,0.4699501618742943,True
STACK,q3_q3-018,22,0.4699501618742943,0.4699501618742943,True
STACK,q3_q3-018,21,0.4699501618742943,0.4699501618742943,True
STACK,q3_q3-018,20,0.4699501618742943,0.4699501618742943,True
STACK,q3_q3-018,19,0.4699501618742943,0.4699501618742943,True
STACK,q3_q3-018,18,0.4699501618742943,0.4699501618742943,True
STACK,q3_q3-018,17,0.4699501618742943,0.4699501618742943,True
STACK,q3_q3-018,16,0.4699501618742943,0.4699501618742943,True
STACK,q3_q3-018,15,0.4699501618742943,0.4699501618742943,True
STACK,q3_q3-018,14,0.4699501618742943,0.4699501618742943,True
STACK,q3_q3-018,13,0.4699501618742943,0.4699501618742943,True
STACK,q3_q3-018,12,0.4699501618742943,0.4699501618742943,True
STACK,q3_q3-018,11,0.4699501618742943,0.4699501618742943,True
STACK,q3_q3-018,10,0.4699501618742943,0.4699501618742943,True
STACK,q3_q3-018,9,0.4699501618742943,0.4699501618742943,True
STACK,q3_q3-018,8,0.4699501618742943,0.4699501618742943,True
STACK,q3_q3-018,7,0.4699501618742943,0.4699501618742943,True
STACK,q3_q3-018,6,0.4699501618742943,0.4699501618742943,True
STACK,q3_q3-018,5,0.4699501618742943,0.4699501618742943,True
STACK,q3_q3-018,4,0.4699501618742943,0.4699501618742943,True
STACK,q3_q3-018,3,0.4699501618742943,0.46350088715553284,False
STACK,q3_q3-018,2,0.46350088715553284,0.4596298784017563,False
STACK,q3_q3-018,1,0.4596298784017563,0.4596298784017563,True
STACK,q3_q3-018,0,0.4596298784017563,0.45950400829315186,False
STACK,q3_q3-040,63,3.2809434086084366,3.2809434086084366,True
STACK,q3_q3-040,62,3.2809434086084366,3.2809434086084366,True
STACK,q3_q3-040,61,3.2809434086084366,3.2809434086084366,True
STACK,q3_q3-040,60,3.2809434086084366,3.2809434086084366,True
STACK,q3_q3-040,59,3.2809434086084366,3.2809434086084366,True
STACK,q3_q3-040,58,3.2809434086084366,3.2809434086084366,True
STACK,q3_q3-040,57,3.2809434086084366,3.2809434086084366,True
STACK,q3_q3-040,56,3.2809434086084366,3.2809434086084366,True
STACK,q3_q3-040,55,3.2809434086084366,3.2809434086084366,True
STACK,q3_q3-040,54,3.2809434086084366,3.2809434086084366,True
STACK,q3_q3-040,53,3.2809434086084366,3.2809434086084366,True
STACK,q3_q3-040,52,3.2809434086084366,3.2809434086084366,True
STACK,q3_q3-040,51,3.2809434086084366,3.2809434086084366,True
STACK,q3_q3-040,50,3.2809434086084366,3.2809434086084366,True
STACK,q3_q3-040,49,3.2809434086084366,3.2809434086084366,True
STACK,q3_q3-040,48,3.2809434086084366,3.2809434086084366,True
STACK,q3_q3-040,47,3.2809434086084366,3.2809434086084366,True
STACK,q3_q3-040,46,3.2809434086084366,3.2809434086084366,True
STACK,q3_q3-040,45,3.2809434086084366,3.2809434086084366,True
STACK,q3_q3-040,44,3.2809434086084366,3.086387112736702,False
STACK,q3_q3-040,43,3.086387112736702,3.024724766612053,False
STACK,q3_q3-040,42,3.024724766612053,3.024724766612053,True
STACK,q3_q3-040,41,3.024724766612053,3.024724766612053,True
STACK,q3_q3-040,40,3.024724766612053,3.024724766612053,True
STACK,q3_q3-040,39,3.024724766612053,3.024724766612053,True
STACK,q3_q3-040,38,3.024724766612053,3.024724766612053,True
STACK,q3_q3-040,37,3.024724766612053,3.024724766612053,True
STACK,q3_q3-040,36,3.024724766612053,3.024724766612053,True
STACK,q3_q3-040,35,3.024724766612053,3.024724766612053,True
STACK,q3_q3-040,34,3.024724766612053,3.024724766612053,True
STACK,q3_q3-040,33,3.024724766612053,3.024724766612053,True
STACK,q3_q3-040,32,3.024724766612053,3.024724766612053,True
STACK,q3_q3-040,31,3.024724766612053,3.024724766612053,True
STACK,q3_q3-040,30,3.024724766612053,3.024724766612053,True
STACK,q3_q3-040,29,3.024724766612053,3.024724766612053,True
STACK,q3_q3-040,28,3.024724766612053,3.024724766612053,True
STACK,q3_q3-040,27,3.024724766612053,3.024724766612053,True
STACK,q3_q3-040,26,3.024724766612053,3.024724766612053,True
STACK,q3_q3-040,25,3.024724766612053,3.024724766612053,True
STACK,q3_q3-040,24,3.024724766612053,3.024724766612053,True
STACK,q3_q3-040,23,3.024724766612053,3.024724766612053,True
STACK,q3_q3-040,22,3.024724766612053,3.024724766612053,True
STACK,q3_q3-040,21,3.024724766612053,3.024724766612053,True
STACK,q3_q3-040,20,3.024724766612053,3.024724766612053,True
STACK,q3_q3-040,19,3.024724766612053,3.024724766612053,True
STACK,q3_q3-040,18,3.024724766612053,3.024724766612053,True
STACK,q3_q3-040,17,3.024724766612053,3.024724766612053,True
STACK,q3_q3-040,16,3.024724766612053,3.024724766612053,True
STACK,q3_q3-040,15,3.024724766612053,3.024724766612053,True
STACK,q3_q3-040,14,3.024724766612053,3.024724766612053,True
STACK,q3_q3-040,13,3.024724766612053,3.024724766612053,True
STACK,q3_q3-040,12,3.024724766612053,3.024724766612053,True
STACK,q3_q3-040,11,3.024724766612053,3.024724766612053,True
STACK,q3_q3-040,10,3.024724766612053,3.024724766612053,True
STACK,q3_q3-040,9,3.024724766612053,3.024724766612053,True
STACK,q3_q3-040,8,3.024724766612053,3.024724766612053,True
STACK,q3_q3-040,7,3.024724766612053,3.024724766612053,True
STACK,q3_q3-040,6,3.024724766612053,3.024724766612053,True
STACK,q3_q3-040,5,3.024724766612053,3.024724766612053,True
STACK,q3_q3-040,4,3.024724766612053,3.024724766612053,True
STACK,q3_q3-040,3,3.024724766612053,3.024724766612053,True
STACK,q3_q3-040,2,3.024724766612053,3.024724766612053,True
STACK,q3_q3-040,1,3.024724766612053,3.024724766612053,True
STACK,q3_q3-040,0,3.024724766612053,3.024724766612053,True
STACK,q3_q3-043,63,0.6479168236255646,0.6479168236255646,True
STACK,q3_q3-043,62,0.6479168236255646,0.6479168236255646,True
STACK,q3_q3-043,61,0.6479168236255646,0.6479168236255646,True
STACK,q3_q3-043,60,0.6479168236255646,0.6479168236255646,True
STACK,q3_q3-043,59,0.6479168236255646,0.6479168236255646,True
STACK,q3_q3-043,58,0.6479168236255646,0.6479168236255646,True
STACK,q3_q3-043,57,0.6479168236255646,0.6479168236255646,True
STACK,q3_q3-043,56,0.6479168236255646,0.6479168236255646,True
STACK,q3_q3-043,55,0.6479168236255646,0.6479168236255646,True
STACK,q3_q3-043,54,0.6479168236255646,0.6479168236255646,True
STACK,q3_q3-043,53,0.6479168236255646,0.6479168236255646,True
STACK,q3_q3-043,52,0.6479168236255646,0.6479168236255646,True
STACK,q3_q3-043,51,0.6479168236255646,0.6479168236255646,True
STACK,q3_q3-043,50,0.6479168236255646,0.6479168236255646,True
STACK,q3_q3-043,49,0.6479168236255646,0.6479168236255646,True
STACK,q3_q3-043,48,0.6479168236255646,0.6479168236255646,True
STACK,q3_q3-043,47,0.6479168236255646,0.6322809755802155,False
STACK,q3_q3-043,46,0.6322809755802155,0.581470251083374,False
STACK,q3_q3-043,45,0.581470251083374,0.581470251083374,True
STACK,q3_q3-043,44,0.581470251083374,0.581470251083374,True
STACK,q3_q3-043,43,0.581470251083374,0.5744996815919876,False
STACK,q3_q3-043,42,0.5744996815919876,0.5635423883795738,False
STACK,q3_q3-043,41,0.5635423883795738,0.5635423883795738,True
STACK,q3_q3-043,40,0.5635423883795738,0.5635423883795738,True
STACK,q3_q3-043,39,0.5635423883795738,0.5635423883795738,True
STACK,q3_q3-043,38,0.5635423883795738,0.5635423883795738,True
STACK,q3_q3-043,37,0.5635423883795738,0.5635423883795738,True
STACK,q3_q3-043,36,0.5635423883795738,0.5635423883795738,True
STACK,q3_q3-043,35,0.5635423883795738,0.5635423883795738,True
STACK,q3_q3-043,34,0.5635423883795738,0.5635423883795738,True
STACK,q3_q3-043,33,0.5635423883795738,0.5635423883795738,True
STACK,q3_q3-043,32,0.5635423883795738,0.5635423883795738,True
STACK,q3_q3-043,31,0.5635423883795738,0.5635423883795738,True
STACK,q3_q3-043,30,0.5635423883795738,0.5635423883795738,True
STACK,q3_q3-043,29,0.5635423883795738,0.5635423883795738,True
STACK,q3_q3-043,28,0.5635423883795738,0.5635423883795738,True
STACK,q3_q3-043,27,0.5635423883795738,0.5635423883795738,True
STACK,q3_q3-043,26,0.5635423883795738,0.5635423883795738,True
STACK,q3_q3-043,25,0.5635423883795738,0.5635423883795738,True
STACK,q3_q3-043,24,0.5635423883795738,0.5635423883795738,True
STACK,q3_q3-043,23,0.5635423883795738,0.5635423883795738,True
STACK,q3_q3-043,22,0.5635423883795738,0.5635423883795738,True
STACK,q3_q3-043,21,0.5635423883795738,0.5635423883795738,True
STACK,q3_q3-043,20,0.5635423883795738,0.5635423883795738,True
STACK,q3_q3-043,19,0.5635423883795738,0.5635423883795738,True
STACK,q3_q3-043,18,0.5635423883795738,0.5635423883795738,True
STACK,q3_q3-043,17,0.5635423883795738,0.5635423883795738,True
STACK,q3_q3-043,16,0.5635423883795738,0.5635423883795738,True
STACK,q3_q3-043,15,0.5635423883795738,0.5635423883795738,True
STACK,q3_q3-043,14,0.5635423883795738,0.5635423883795738,True
STACK,q3_q3-043,13,0.5635423883795738,0.5635423883795738,True
STACK,q3_q3-043,12,0.5635423883795738,0.5635423883795738,True
STACK,q3_q3-043,11,0.5635423883795738,0.5549685508012772,False
STACK,q3_q3-043,10,0.5549685508012772,0.5549685508012772,True
STACK,q3_q3-043,9,0.5549685508012772,0.5549685508012772,True
STACK,q3_q3-043,8,0.5549685508012772,0.5549685508012772,True
STACK,q3_q3-043,7,0.5549685508012772,0.5549685508012772,True
STACK,q3_q3-043,6,0.5549685508012772,0.5549685508012772,True
STACK,q3_q3-043,5,0.5549685508012772,0.5549685508012772,True
STACK,q3_q3-043,4,0.5549685508012772,0.5549685508012772,True
STACK,q3_q3-043,3,0.5549685508012772,0.5549685508012772,True
STACK,q3_q3-043,2,0.5549685508012772,0.5549685508012772,True
STACK,q3_q3-043,1,0.5549685508012772,0.5549685508012772,True
STACK,q3_q3-043,0,0.5549685508012772,0.5549685508012772,True
STACK,q3_q3-046,63,0.31113428622484207,0.31113428622484207,True
STACK,q3_q3-046,62,0.31113428622484207,0.31113428622484207,True
STACK,q3_q3-046,61,0.31113428622484207,0.31113428622484207,True
STACK,q3_q3-046,60,0.31113428622484207,0.31113428622484207,True
STACK,q3_q3-046,59,0.31113428622484207,0.31113428622484207,True
STACK,q3_q3-046,58,0.31113428622484207,0.31113428622484207,True
STACK,q3_q3-046,57,0.31113428622484207,0.31113428622484207,True
STACK,q3_q3-046,56,0.31113428622484207,0.31113428622484207,True
STACK,q3_q3-046,55,0.31113428622484207,0.31113428622484207,True
STACK,q3_q3-046,54,0.31113428622484207,0.31113428622484207,True
STACK,q3_q3-046,53,0.31113428622484207,0.31113428622484207,True
STACK,q3_q3-046,52,0.31113428622484207,0.31113428622484207,True
STACK,q3_q3-046,51,0.31113428622484207,0.31113428622484207,True
STACK,q3_q3-046,50,0.31113428622484207,0.31113428622484207,True
STACK,q3_q3-046,49,0.31113428622484207,0.31113428622484207,True
STACK,q3_q3-046,48,0.31113428622484207,0.31113428622484207,True
STACK,q3_q3-046,47,0.31113428622484207,0.31113428622484207,True
STACK,q3_q3-046,46,0.31113428622484207,0.31113428622484207,True
STACK,q3_q3-046,45,0.31113428622484207,0.28540710359811783,False
STACK,q3_q3-046,44,0.28540710359811783,0.26258935779333115,False
STACK,q3_q3-046,43,0.26258935779333115,0.25466080009937286,False
STACK,q3_q3-046,42,0.25466080009937286,0.25466080009937286,True
STACK,q3_q3-046,41,0.25466080009937286,0.25466080009937286,True
STACK,q3_q3-046,40,0.25466080009937286,0.25466080009937286,True
STACK,q3_q3-046,39,0.25466080009937286,0.25466080009937286,True
STACK,q3_q3-046,38,0.25466080009937286,0.25466080009937286,True
STACK,q3_q3-046,37,0.25466080009937286,0.25466080009937286,True
STACK,q3_q3-046,36,0.25466080009937286,0.25466080009937286,True
STACK,q3_q3-046,35,0.25466080009937286,0.25466080009937286,True
STACK,q3_q3-046,34,0.25466080009937286,0.25466080009937286,True
STACK,q3_q3-046,33,0.25466080009937286,0.25466080009937286,True
STACK,q3_q3-046,32,0.25466080009937286,0.25466080009937286,True
STACK,q3_q3-046,31,0.25466080009937286,0.25466080009937286,True
STACK,q3_q3-046,30,0.25466080009937286,0.25466080009937286,True
STACK,q3_q3-046,29,0.25466080009937286,0.25466080009937286,True
STACK,q3_q3-046,28,0.25466080009937286,0.25466080009937286,True
STACK,q3_q3-046,27,0.25466080009937286,0.25466080009937286,True
STACK,q3_q3-046,26,0.25466080009937286,0.25466080009937286,True
STACK,q3_q3-046,25,0.25466080009937286,0.25466080009937286,True
STACK,q3_q3-046,24,0.25466080009937286,0.25466080009937286,True
STACK,q3_q3-046,23,0.25466080009937286,0.25466080009937286,True
STACK,q3_q3-046,22,0.25466080009937286,0.25466080009937286,True
STACK,q3_q3-046,21,0.25466080009937286,0.25466080009937286,True
STACK,q3_q3-046,20,0.25466080009937286,0.25466080009937286,True
STACK,q3_q3-046,19,0.25466080009937286,0.25466080009937286,True
STACK,q3_q3-046,18,0.25466080009937286,0.25466080009937286,True
STACK,q3_q3-046,17,0.25466080009937286,0.25466080009937286,True
STACK,q3_q3-046,16,0.25466080009937286,0.25466080009937286,True
STACK,q3_q3-046,15,0.25466080009937286,0.25466080009937286,True
STACK,q3_q3-046,14,0.25466080009937286,0.25466080009937286,True
STACK,q3_q3-046,13,0.25466080009937286,0.2514280378818512,False
STACK,q3_q3-046,12,0.2514280378818512,0.2514280378818512,True
STACK,q3_q3-046,11,0.2514280378818512,0.2514280378818512,True
STACK,q3_q3-046,10,0.2514280378818512,0.24222669005393982,False
STACK,q3_q3-046,9,0.24222669005393982,0.24222669005393982,True
STACK,q3_q3-046,8,0.24222669005393982,0.24222669005393982,True
STACK,q3_q3-046,7,0.24222669005393982,0.24222669005393982,True
STACK,q3_q3-046,6,0.24222669005393982,0.24222669005393982,True
STACK,q3_q3-046,5,0.24222669005393982,0.24222669005393982,True
STACK,q3_q3-046,4,0.24222669005393982,0.24222669005393982,True
STACK,q3_q3-046,3,0.24222669005393982,0.24222669005393982,True
STACK,q3_q3-046,2,0.24222669005393982,0.24222669005393982,True
STACK,q3_q3-046,1,0.24222669005393982,0.24222669005393982,True
STACK,q3_q3-046,0,0.24222669005393982,0.24222669005393982,True
STACK,q3_q3-066,63,1.7323728054761887,1.7323728054761887,True
STACK,q3_q3-066,62,1.7323728054761887,1.7323728054761887,True
STACK,q3_q3-066,61,1.7323728054761887,1.7323728054761887,True
STACK,q3_q3-066,60,1.7323728054761887,1.7204077243804932,False
STACK,q3_q3-066,59,1.7204077243804932,1.7204077243804932,True
STACK,q3_q3-066,58,1.7204077243804932,1.7204077243804932,True
STACK,q3_q3-066,57,1.7204077243804932,1.7204077243804932,True
STACK,q3_q3-066,56,1.7204077243804932,1.7204077243804932,True
STACK,q3_q3-066,55,1.7204077243804932,1.7204077243804932,True
STACK,q3_q3-066,54,1.7204077243804932,1.7204077243804932,True
STACK,q3_q3-066,53,1.7204077243804932,1.7204077243804932,True
STACK,q3_q3-066,52,1.7204077243804932,1.7204077243804932,True
STACK,q3_q3-066,51,1.7204077243804932,1.7204077243804932,True
STACK,q3_q3-066,50,1.7204077243804932,1.7204077243804932,True
STACK,q3_q3-066,49,1.7204077243804932,1.7204077243804932,True
STACK,q3_q3-066,48,1.7204077243804932,1.7204077243804932,True
STACK,q3_q3-066,47,1.7204077243804932,1.6582164093852043,False
STACK,q3_q3-066,46,1.6582164093852043,1.6372477784752846,False
STACK,q3_q3-066,45,1.6372477784752846,1.6372477784752846,True
STACK,q3_q3-066,44,1.6372477784752846,1.6313973665237427,False
STACK,q3_q3-066,43,1.6313973665237427,1.6313973665237427,True
STACK,q3_q3-066,42,1.6313973665237427,1.6313973665237427,True
STACK,q3_q3-066,41,1.6313973665237427,1.6313973665237427,True
STACK,q3_q3-066,40,1.6313973665237427,1.6313973665237427,True
STACK,q3_q3-066,39,1.6313973665237427,1.6313973665237427,True
STACK,q3_q3-066,38,1.6313973665237427,1.6313973665237427,True
STACK,q3_q3-066,37,1.6313973665237427,1.6313973665237427,True
STACK,q3_q3-066,36,1.6313973665237427,1.6313973665237427,True
STACK,q3_q3-066,35,1.6313973665237427,1.6313973665237427,True
STACK,q3_q3-066,34,1.6313973665237427,1.6313973665237427,True
STACK,q3_q3-066,33,1.6313973665237427,1.1976485401391983,False
STACK,q3_q3-066,32,1.1976485401391983,1.1976485401391983,True
STACK,q3_q3-066,31,1.1976485401391983,1.1976485401391983,True
STACK,q3_q3-066,30,1.1976485401391983,1.1976485401391983,True
STACK,q3_q3-066,29,1.1976485401391983,1.1976485401391983,True
STACK,q3_q3-066,28,1.1976485401391983,1.1976485401391983,True
STACK,q3_q3-066,27,1.1976485401391983,1.1976485401391983,True
STACK,q3_q3-066,26,1.1976485401391983,1.1976485401391983,True
STACK,q3_q3-066,25,1.1976485401391983,1.1976485401391983,True
STACK,q3_q3-066,24,1.1976485401391983,1.1976485401391983,True
STACK,q3_q3-066,23,1.1976485401391983,1.1976485401391983,True
STACK,q3_q3-066,22,1.1976485401391983,1.1976485401391983,True
STACK,q3_q3-066,21,1.1976485401391983,1.1976485401391983,True
STACK,q3_q3-066,20,1.1976485401391983,1.1976485401391983,True
STACK,q3_q3-066,19,1.1976485401391983,1.1976485401391983,True
STACK,q3_q3-066,18,1.1976485401391983,1.1976485401391983,True
STACK,q3_q3-066,17,1.1976485401391983,1.1976485401391983,True
STACK,q3_q3-066,16,1.1976485401391983,1.1976485401391983,True
STACK,q3_q3-066,15,1.1976485401391983,1.1976485401391983,True
STACK,q3_q3-066,14,1.1976485401391983,1.1976485401391983,True
STACK,q3_q3-066,13,1.1976485401391983,1.1976485401391983,True
STACK,q3_q3-066,12,1.1976485401391983,1.1976485401391983,True
STACK,q3_q3-066,11,1.1976485401391983,1.1976485401391983,True
STACK,q3_q3-066,10,1.1976485401391983,1.1976485401391983,True
STACK,q3_q3-066,9,1.1976485401391983,1.1976485401391983,True
STACK,q3_q3-066,8,1.1976485401391983,1.1976485401391983,True
STACK,q3_q3-066,7,1.1976485401391983,1.1976485401391983,True
STACK,q3_q3-066,6,1.1976485401391983,1.1976485401391983,True
STACK,q3_q3-066,5,1.1976485401391983,1.1976485401391983,True
STACK,q3_q3-066,4,1.1976485401391983,1.1976485401391983,True
STACK,q3_q3-066,3,1.1976485401391983,1.1968742087483406,False
STACK,q3_q3-066,2,1.1968742087483406,1.1968742087483406,True
STACK,q3_q3-066,1,1.1968742087483406,1.1968742087483406,True
STACK,q3_q3-066,0,1.1968742087483406,1.1968742087483406,True
STACK,q3_q3-068,63,0.5004955679178238,0.5004955679178238,True
STACK,q3_q3-068,62,0.5004955679178238,0.5004955679178238,True
STACK,q3_q3-068,61,0.5004955679178238,0.5004955679178238,True
STACK,q3_q3-068,60,0.5004955679178238,0.5004955679178238,True
STACK,q3_q3-068,59,0.5004955679178238,0.5004955679178238,True
STACK,q3_q3-068,58,0.5004955679178238,0.5004955679178238,True
STACK,q3_q3-068,57,0.5004955679178238,0.5004955679178238,True
STACK,q3_q3-068,56,0.5004955679178238,0.5004955679178238,True
STACK,q3_q3-068,55,0.5004955679178238,0.5004955679178238,True
STACK,q3_q3-068,54,0.5004955679178238,0.5004955679178238,True
STACK,q3_q3-068,53,0.5004955679178238,0.5004955679178238,True
STACK,q3_q3-068,52,0.5004955679178238,0.5004955679178238,True
STACK,q3_q3-068,51,0.5004955679178238,0.5004955679178238,True
STACK,q3_q3-068,50,0.5004955679178238,0.5004955679178238,True
STACK,q3_q3-068,49,0.5004955679178238,0.5004955679178238,True
STACK,q3_q3-068,48,0.5004955679178238,0.5004955679178238,True
STACK,q3_q3-068,47,0.5004955679178238,0.5004955679178238,True
STACK,q3_q3-068,46,0.5004955679178238,0.4685617908835411,False
STACK,q3_q3-068,45,0.4685617908835411,0.4454052001237869,False
STACK,q3_q3-068,44,0.4454052001237869,0.4445028454065323,False
STACK,q3_q3-068,43,0.4445028454065323,0.42611759901046753,False
STACK,q3_q3-068,42,0.42611759901046753,0.42611759901046753,True
STACK,q3_q3-068,41,0.42611759901046753,0.42611759901046753,True
STACK,q3_q3-068,40,0.42611759901046753,0.42611759901046753,True
STACK,q3_q3-068,39,0.42611759901046753,0.42611759901046753,True
STACK,q3_q3-068,38,0.42611759901046753,0.42611759901046753,True
STACK,q3_q3-068,37,0.42611759901046753,0.42611759901046753,True
STACK,q3_q3-068,36,0.42611759901046753,0.42611759901046753,True
STACK,q3_q3-068,35,0.42611759901046753,0.42611759901046753,True
STACK,q3_q3-068,34,0.42611759901046753,0.42611759901046753,True
STACK,q3_q3-068,33,0.42611759901046753,0.42611759901046753,True
STACK,q3_q3-068,32,0.42611759901046753,0.42611759901046753,True
STACK,q3_q3-068,31,0.42611759901046753,0.42611759901046753,True
STACK,q3_q3-068,30,0.42611759901046753,0.42611759901046753,True
STACK,q3_q3-068,29,0.42611759901046753,0.42611759901046753,True
STACK,q3_q3-068,28,0.42611759901046753,0.42611759901046753,True
STACK,q3_q3-068,27,0.42611759901046753,0.42611759901046753,True
STACK,q3_q3-068,26,0.42611759901046753,0.42611759901046753,True
STACK,q3_q3-068,25,0.42611759901046753,0.42611759901046753,True
STACK,q3_q3-068,24,0.42611759901046753,0.42611759901046753,True
STACK,q3_q3-068,23,0.42611759901046753,0.42611759901046753,True
STACK,q3_q3-068,22,0.42611759901046753,0.42611759901046753,True
STACK,q3_q3-068,21,0.42611759901046753,0.42611759901046753,True
STACK,q3_q3-068,20,0.42611759901046753,0.42611759901046753,True
STACK,q3_q3-068,19,0.42611759901046753,0.42611759901046753,True
STACK,q3_q3-068,18,0.42611759901046753,0.42611759901046753,True
STACK,q3_q3-068,17,0.42611759901046753,0.42611759901046753,True
STACK,q3_q3-068,16,0.42611759901046753,0.42611759901046753,True
STACK,q3_q3-068,15,0.42611759901046753,0.42611759901046753,True
STACK,q3_q3-068,14,0.42611759901046753,0.42611759901046753,True
STACK,q3_q3-068,13,0.42611759901046753,0.42611759901046753,True
STACK,q3_q3-068,12,0.42611759901046753,0.42611759901046753,True
STACK,q3_q3-068,11,0.42611759901046753,0.41185425966978073,False
STACK,q3_q3-068,10,0.41185425966978073,0.41185425966978073,True
STACK,q3_q3-068,9,0.41185425966978073,0.41185425966978073,True
STACK,q3_q3-068,8,0.41185425966978073,0.41185425966978073,True
STACK,q3_q3-068,7,0.41185425966978073,0.41185425966978073,True
STACK,q3_q3-068,6,0.41185425966978073,0.41185425966978073,True
STACK,q3_q3-068,5,0.41185425966978073,0.41185425966978073,True
STACK,q3_q3-068,4,0.41185425966978073,0.41185425966978073,True
STACK,q3_q3-068,3,0.41185425966978073,0.41185425966978073,True
STACK,q3_q3-068,2,0.41185425966978073,0.41185425966978073,True
STACK,q3_q3-068,1,0.41185425966978073,0.41185425966978073,True
STACK,q3_q3-068,0,0.41185425966978073,0.41185425966978073,True
STACK,q3_q3-086,63,0.8133167624473572,0.8133167624473572,True
STACK,q3_q3-086,62,0.8133167624473572,0.8133167624473572,True
STACK,q3_q3-086,61,0.8133167624473572,0.8133167624473572,True
STACK,q3_q3-086,60,0.8133167624473572,0.8157423138618469,False
STACK,q3_q3-086,59,0.8133167624473572,0.8133167624473572,True
STACK,q3_q3-086,58,0.8133167624473572,0.8133167624473572,True
STACK,q3_q3-086,57,0.8133167624473572,0.8133167624473572,True
STACK,q3_q3-086,56,0.8133167624473572,0.8133167624473572,True
STACK,q3_q3-086,55,0.8133167624473572,0.8133167624473572,True
STACK,q3_q3-086,54,0.8133167624473572,0.8133167624473572,True
STACK,q3_q3-086,53,0.8133167624473572,0.8133167624473572,True
STACK,q3_q3-086,52,0.8133167624473572,0.8133167624473572,True
STACK,q3_q3-086,51,0.8133167624473572,0.8133167624473572,True
STACK,q3_q3-086,50,0.8133167624473572,0.8133167624473572,True
STACK,q3_q3-086,49,0.8133167624473572,0.8133167624473572,True
STACK,q3_q3-086,48,0.8133167624473572,0.8133167624473572,True
STACK,q3_q3-086,47,0.8133167624473572,0.7494083568453789,False
STACK,q3_q3-086,46,0.7494083568453789,0.7429873123764992,False
STACK,q3_q3-086,45,0.7429873123764992,0.7429873123764992,True
STACK,q3_q3-086,44,0.7429873123764992,0.7421491518616676,False
STACK,q3_q3-086,43,0.7421491518616676,0.7421491518616676,True
STACK,q3_q3-086,42,0.7421491518616676,0.7421491518616676,True
STACK,q3_q3-086,41,0.7421491518616676,0.7421491518616676,True
STACK,q3_q3-086,40,0.7421491518616676,0.7421491518616676,True
STACK,q3_q3-086,39,0.7421491518616676,0.7421491518616676,True
STACK,q3_q3-086,38,0.7421491518616676,0.7421491518616676,True
STACK,q3_q3-086,37,0.7421491518616676,0.7421491518616676,True
STACK,q3_q3-086,36,0.7421491518616676,0.7421491518616676,True
STACK,q3_q3-086,35,0.7421491518616676,0.7421491518616676,True
STACK,q3_q3-086,34,0.7421491518616676,0.7421491518616676,True
STACK,q3_q3-086,33,0.7421491518616676,0.5815372839570045,False
STACK,q3_q3-086,32,0.5815372839570045,0.5759303122758865,False
STACK,q3_q3-086,31,0.5759303122758865,0.5759303122758865,True
STACK,q3_q3-086,30,0.5759303122758865,0.5759303122758865,True
STACK,q3_q3-086,29,0.5759303122758865,0.5759303122758865,True
STACK,q3_q3-086,28,0.5759303122758865,0.5759303122758865,True
STACK,q3_q3-086,27,0.5759303122758865,0.5759303122758865,True
STACK,q3_q3-086,26,0.5759303122758865,0.5759303122758865,True
STACK,q3_q3-086,25,0.5759303122758865,0.5759303122758865,True
STACK,q3_q3-086,24,0.5759303122758865,0.5759303122758865,True
STACK,q3_q3-086,23,0.5759303122758865,0.5759303122758865,True
STACK,q3_q3-086,22,0.5759303122758865,0.5759303122758865,True
STACK,q3_q3-086,21,0.5759303122758865,0.5759303122758865,True
STACK,q3_q3-086,20,0.5759303122758865,0.5759303122758865,True
STACK,q3_q3-086,19,0.5759303122758865,0.5759303122758865,True
STACK,q3_q3-086,18,0.5759303122758865,0.5759303122758865,True
STACK,q3_q3-086,17,0.5759303122758865,0.5759303122758865,True
STACK,q3_q3-086,16,0.5759303122758865,0.5759303122758865,True
STACK,q3_q3-086,15,0.5759303122758865,0.5759303122758865,True
STACK,q3_q3-086,14,0.5759303122758865,0.5759303122758865,True
STACK,q3_q3-086,13,0.5759303122758865,0.5759303122758865,True
STACK,q3_q3-086,12,0.5759303122758865,0.5759303122758865,True
STACK,q3_q3-086,11,0.5759303122758865,0.5759303122758865,True
STACK,q3_q3-086,10,0.5759303122758865,0.5759303122758865,True
STACK,q3_q3-086,9,0.5759303122758865,0.5759303122758865,True
STACK,q3_q3-086,8,0.5759303122758865,0.5759303122758865,True
STACK,q3_q3-086,7,0.5759303122758865,0.5759303122758865,True
STACK,q3_q3-086,6,0.5759303122758865,0.5759303122758865,True
STACK,q3_q3-086,5,0.5759303122758865,0.5759303122758865,True
STACK,q3_q3-086,4,0.5759303122758865,0.5759303122758865,True
STACK,q3_q3-086,3,0.5759303122758865,0.5759303122758865,True
STACK,q3_q3-086,2,0.5759303122758865,0.5759303122758865,True
STACK,q3_q3-086,1,0.5759303122758865,0.5759303122758865,True
STACK,q3_q3-086,0,0.5759303122758865,0.5759303122758865,True
STACK,q3_q3-099,63,2.496298424899578,2.496298424899578,True
STACK,q3_q3-099,62,2.496298424899578,2.496298424899578,True
STACK,q3_q3-099,61,2.496298424899578,2.496298424899578,True
STACK,q3_q3-099,60,2.496298424899578,2.496298424899578,True
STACK,q3_q3-099,59,2.496298424899578,2.496298424899578,True
STACK,q3_q3-099,58,2.496298424899578,2.496298424899578,True
STACK,q3_q3-099,57,2.496298424899578,2.496298424899578,True
STACK,q3_q3-099,56,2.496298424899578,2.496298424899578,True
STACK,q3_q3-099,55,2.496298424899578,2.496298424899578,True
STACK,q3_q3-099,54,2.496298424899578,2.496298424899578,True
STACK,q3_q3-099,53,2.496298424899578,2.496298424899578,True
STACK,q3_q3-099,52,2.496298424899578,2.496298424899578,True
STACK,q3_q3-099,51,2.496298424899578,2.496298424899578,True
STACK,q3_q3-099,50,2.496298424899578,2.496298424899578,True
STACK,q3_q3-099,49,2.496298424899578,2.496298424899578,True
STACK,q3_q3-099,48,2.496298424899578,2.496298424899578,True
STACK,q3_q3-099,47,2.496298424899578,2.496298424899578,True
STACK,q3_q3-099,46,2.496298424899578,2.496298424899578,True
STACK,q3_q3-099,45,2.496298424899578,2.496298424899578,True
STACK,q3_q3-099,44,2.496298424899578,2.496298424899578,True
STACK,q3_q3-099,43,2.496298424899578,2.496298424899578,True
STACK,q3_q3-099,42,2.496298424899578,2.496298424899578,True
STACK,q3_q3-099,41,2.496298424899578,2.496298424899578,True
STACK,q3_q3-099,40,2.496298424899578,2.496298424899578,True
STACK,q3_q3-099,39,2.496298424899578,2.496298424899578,True
STACK,q3_q3-099,38,2.496298424899578,2.496298424899578,True
STACK,q3_q3-099,37,2.496298424899578,2.496298424899578,True
STACK,q3_q3-099,36,2.496298424899578,2.496298424899578,True
STACK,q3_q3-099,35,2.496298424899578,2.496298424899578,True
STACK,q3_q3-099,34,2.496298424899578,2.496298424899578,True
STACK,q3_q3-099,33,2.496298424899578,2.496298424899578,True
STACK,q3_q3-099,32,2.496298424899578,2.496298424899578,True
STACK,q3_q3-099,31,2.496298424899578,2.496298424899578,True
STACK,q3_q3-099,30,2.496298424899578,2.496298424899578,True
STACK,q3_q3-099,29,2.496298424899578,2.496298424899578,True
STACK,q3_q3-099,28,2.496298424899578,2.496298424899578,True
STACK,q3_q3-099,27,2.496298424899578,2.496298424899578,True
STACK,q3_q3-099,26,2.496298424899578,2.496298424899578,True
STACK,q3_q3-099,25,2.496298424899578,2.496298424899578,True
STACK,q3_q3-099,24,2.496298424899578,2.496298424899578,True
STACK,q3_q3-099,23,2.496298424899578,2.496298424899578,True
STACK,q3_q3-099,22,2.496298424899578,2.496298424899578,True
STACK,q3_q3-099,21,2.496298424899578,2.496298424899578,True
STACK,q3_q3-099,20,2.496298424899578,2.496298424899578,True
STACK,q3_q3-099,19,2.496298424899578,2.496298424899578,True
STACK,q3_q3-099,18,2.496298424899578,2.496298424899578,True
STACK,q3_q3-099,17,2.496298424899578,2.496298424899578,True
STACK,q3_q3-099,16,2.496298424899578,2.496298424899578,True
STACK,q3_q3-099,15,2.496298424899578,2.496298424899578,True
STACK,q3_q3-099,14,2.496298424899578,2.496298424899578,True
STACK,q3_q3-099,13,2.496298424899578,2.496298424899578,True
STACK,q3_q3-099,12,2.496298424899578,2.496298424899578,True
STACK,q3_q3-099,11,2.496298424899578,2.496298424899578,True
STACK,q3_q3-099,10,2.496298424899578,2.496298424899578,True
STACK,q3_q3-099,9,2.496298424899578,2.496298424899578,True
STACK,q3_q3-099,8,2.496298424899578,2.496298424899578,True
STACK,q3_q3-099,7,2.496298424899578,2.3051273226737976,False
STACK,q3_q3-099,6,2.3051273226737976,2.1297603771090508,False
STACK,q3_q3-099,5,2.1297603771090508,2.1302287727594376,False
STACK,q3_q3-099,4,2.1297603771090508,2.122377723455429,False
STACK,q3_q3-099,3,2.122377723455429,2.122377723455429,True
STACK,q3_q3-099,2,2.122377723455429,2.122377723455429,True
STACK,q3_q3-099,1,2.122377723455429,2.122377723455429,True
STACK,q3_q3-099,0,2.122377723455429,2.122377723455429,True
STACK,q4_q4-002,63,0.0434880331158638,0.0434880331158638,True
STACK,q4_q4-002,62,0.0434880331158638,0.0434880331158638,True
STACK,q4_q4-002,61,0.0434880331158638,0.0434880331158638,True
STACK,q4_q4-002,60,0.0434880331158638,0.0434880331158638,True
STACK,q4_q4-002,59,0.0434880331158638,0.0434880331158638,True
STACK,q4_q4-002,58,0.0434880331158638,0.0434880331158638,True
STACK,q4_q4-002,57,0.0434880331158638,0.0434880331158638,True
STACK,q4_q4-002,56,0.0434880331158638,0.0434880331158638,True
STACK,q4_q4-002,55,0.0434880331158638,0.0434880331158638,True
STACK,q4_q4-002,54,0.0434880331158638,0.0434880331158638,True
STACK,q4_q4-002,53,0.0434880331158638,0.0434880331158638,True
STACK,q4_q4-002,52,0.0434880331158638,0.0434880331158638,True
STACK,q4_q4-002,51,0.0434880331158638,0.0434880331158638,True
STACK,q4_q4-002,50,0.0434880331158638,0.0434880331158638,True
STACK,q4_q4-002,49,0.0434880331158638,0.0434880331158638,True
STACK,q4_q4-002,48,0.0434880331158638,0.0434880331158638,True
STACK,q4_q4-002,47,0.0434880331158638,0.0434880331158638,True
STACK,q4_q4-002,46,0.0434880331158638,0.0434880331158638,True
STACK,q4_q4-002,45,0.0434880331158638,0.0434880331158638,True
STACK,q4_q4-002,44,0.0434880331158638,0.0434880331158638,True
STACK,q4_q4-002,43,0.0434880331158638,0.0434880331158638,True
STACK,q4_q4-002,42,0.0434880331158638,0.0434880331158638,True
STACK,q4_q4-002,41,0.0434880331158638,0.0434880331158638,True
STACK,q4_q4-002,40,0.0434880331158638,0.0434880331158638,True
STACK,q4_q4-002,39,0.0434880331158638,0.0434880331158638,True
STACK,q4_q4-002,38,0.0434880331158638,0.0434880331158638,True
STACK,q4_q4-002,37,0.0434880331158638,0.0434880331158638,True
STACK,q4_q4-002,36,0.0434880331158638,0.0434880331158638,True
STACK,q4_q4-002,35,0.0434880331158638,0.0434880331158638,True
STACK,q4_q4-002,34,0.0434880331158638,0.0434880331158638,True
STACK,q4_q4-002,33,0.0434880331158638,0.0434880331158638,True
STACK,q4_q4-002,32,0.0434880331158638,0.0434880331158638,True
STACK,q4_q4-002,31,0.0434880331158638,0.0434880331158638,True
STACK,q4_q4-002,30,0.0434880331158638,0.0434880331158638,True
STACK,q4_q4-002,29,0.0434880331158638,0.0434880331158638,True
STACK,q4_q4-002,28,0.0434880331158638,0.0434880331158638,True
STACK,q4_q4-002,27,0.0434880331158638,0.0434880331158638,True
STACK,q4_q4-002,26,0.0434880331158638,0.0434880331158638,True
STACK,q4_q4-002,25,0.0434880331158638,0.0434880331158638,True
STACK,q4_q4-002,24,0.0434880331158638,0.0434880331158638,True
STACK,q4_q4-002,23,0.0434880331158638,0.0434880331158638,True
STACK,q4_q4-002,22,0.0434880331158638,0.0434880331158638,True
STACK,q4_q4-002,21,0.0434880331158638,0.0434880331158638,True
STACK,q4_q4-002,20,0.0434880331158638,0.0434880331158638,True
STACK,q4_q4-002,19,0.0434880331158638,0.0434880331158638,True
STACK,q4_q4-002,18,0.0434880331158638,0.0434880331158638,True
STACK,q4_q4-002,17,0.0434880331158638,0.0434880331158638,True
STACK,q4_q4-002,16,0.0434880331158638,0.0434880331158638,True
STACK,q4_q4-002,15,0.0434880331158638,0.0434880331158638,True
STACK,q4_q4-002,14,0.0434880331158638,0.0434880331158638,True
STACK,q4_q4-002,13,0.0434880331158638,0.0434880331158638,True
STACK,q4_q4-002,12,0.0434880331158638,0.0434880331158638,True
STACK,q4_q4-002,11,0.0434880331158638,0.0434880331158638,True
STACK,q4_q4-002,10,0.0434880331158638,0.0434880331158638,True
STACK,q4_q4-002,9,0.0434880331158638,0.0434880331158638,True
STACK,q4_q4-002,8,0.0434880331158638,0.0434880331158638,True
STACK,q4_q4-002,7,0.0434880331158638,0.0434880331158638,True
STACK,q4_q4-002,6,0.0434880331158638,0.0434880331158638,True
STACK,q4_q4-002,5,0.0434880331158638,0.0434880331158638,True
STACK,q4_q4-002,4,0.0434880331158638,0.0434880331158638,True
STACK,q4_q4-002,3,0.0434880331158638,0.0434880331158638,True
STACK,q4_q4-002,2,0.0434880331158638,0.0434880331158638,True
STACK,q4_q4-002,1,0.0434880331158638,0.0434880331158638,True
STACK,q4_q4-002,0,0.0434880331158638,0.0434880331158638,True
STACK,q4_q4-026,63,0.03468247503042221,0.03468247503042221,True
STACK,q4_q4-026,62,0.03468247503042221,0.03468247503042221,True
STACK,q4_q4-026,61,0.03468247503042221,0.03468247503042221,True
STACK,q4_q4-026,60,0.03468247503042221,0.03468247503042221,True
STACK,q4_q4-026,59,0.03468247503042221,0.03468247503042221,True
STACK,q4_q4-026,58,0.03468247503042221,0.03468247503042221,True
STACK,q4_q4-026,57,0.03468247503042221,0.03468247503042221,True
STACK,q4_q4-026,56,0.03468247503042221,0.03468247503042221,True
STACK,q4_q4-026,55,0.03468247503042221,0.03468247503042221,True
STACK,q4_q4-026,54,0.03468247503042221,0.03468247503042221,True
STACK,q4_q4-026,53,0.03468247503042221,0.03468247503042221,True
STACK,q4_q4-026,52,0.03468247503042221,0.03468247503042221,True
STACK,q4_q4-026,51,0.03468247503042221,0.03468247503042221,True
STACK,q4_q4-026,50,0.03468247503042221,0.03468247503042221,True
STACK,q4_q4-026,49,0.03468247503042221,0.03468247503042221,True
STACK,q4_q4-026,48,0.03468247503042221,0.03468247503042221,True
STACK,q4_q4-026,47,0.03468247503042221,0.03468247503042221,True
STACK,q4_q4-026,46,0.03468247503042221,0.03468247503042221,True
STACK,q4_q4-026,45,0.03468247503042221,0.03468247503042221,True
STACK,q4_q4-026,44,0.03468247503042221,0.03468247503042221,True
STACK,q4_q4-026,43,0.03468247503042221,0.03468247503042221,True
STACK,q4_q4-026,42,0.03468247503042221,0.03468247503042221,True
STACK,q4_q4-026,41,0.03468247503042221,0.03468247503042221,True
STACK,q4_q4-026,40,0.03468247503042221,0.03468247503042221,True
STACK,q4_q4-026,39,0.03468247503042221,0.03468247503042221,True
STACK,q4_q4-026,38,0.03468247503042221,0.03468247503042221,True
STACK,q4_q4-026,37,0.03468247503042221,0.03468247503042221,True
STACK,q4_q4-026,36,0.03468247503042221,0.03468247503042221,True
STACK,q4_q4-026,35,0.03468247503042221,0.03468247503042221,True
STACK,q4_q4-026,34,0.03468247503042221,0.03468247503042221,True
STACK,q4_q4-026,33,0.03468247503042221,0.03468247503042221,True
STACK,q4_q4-026,32,0.03468247503042221,0.03468247503042221,True
STACK,q4_q4-026,31,0.03468247503042221,0.03468247503042221,True
STACK,q4_q4-026,30,0.03468247503042221,0.03468247503042221,True
STACK,q4_q4-026,29,0.03468247503042221,0.03468247503042221,True
STACK,q4_q4-026,28,0.03468247503042221,0.03468247503042221,True
STACK,q4_q4-026,27,0.03468247503042221,0.03468247503042221,True
STACK,q4_q4-026,26,0.03468247503042221,0.03468247503042221,True
STACK,q4_q4-026,25,0.03468247503042221,0.03468247503042221,True
STACK,q4_q4-026,24,0.03468247503042221,0.03468247503042221,True
STACK,q4_q4-026,23,0.03468247503042221,0.03468247503042221,True
STACK,q4_q4-026,22,0.03468247503042221,0.03468247503042221,True
STACK,q4_q4-026,21,0.03468247503042221,0.03468247503042221,True
STACK,q4_q4-026,20,0.03468247503042221,0.03468247503042221,True
STACK,q4_q4-026,19,0.03468247503042221,0.03468247503042221,True
STACK,q4_q4-026,18,0.03468247503042221,0.03468247503042221,True
STACK,q4_q4-026,17,0.03468247503042221,0.03468247503042221,True
STACK,q4_q4-026,16,0.03468247503042221,0.03468247503042221,True
STACK,q4_q4-026,15,0.03468247503042221,0.03468247503042221,True
STACK,q4_q4-026,14,0.03468247503042221,0.03468247503042221,True
STACK,q4_q4-026,13,0.03468247503042221,0.03468247503042221,True
STACK,q4_q4-026,12,0.03468247503042221,0.03468247503042221,True
STACK,q4_q4-026,11,0.03468247503042221,0.03468247503042221,True
STACK,q4_q4-026,10,0.03468247503042221,0.03468247503042221,True
STACK,q4_q4-026,9,0.03468247503042221,0.03468247503042221,True
STACK,q4_q4-026,8,0.03468247503042221,0.03468247503042221,True
STACK,q4_q4-026,7,0.03468247503042221,0.03468247503042221,True
STACK,q4_q4-026,6,0.03468247503042221,0.03468247503042221,True
STACK,q4_q4-026,5,0.03468247503042221,0.03468247503042221,True
STACK,q4_q4-026,4,0.03468247503042221,0.03468247503042221,True
STACK,q4_q4-026,3,0.03468247503042221,0.03468247503042221,True
STACK,q4_q4-026,2,0.03468247503042221,0.03468247503042221,True
STACK,q4_q4-026,1,0.03468247503042221,0.03468247503042221,True
STACK,q4_q4-026,0,0.03468247503042221,0.03468247503042221,True
STACK,q4_q4-041,63,0.08251260966062546,0.08251260966062546,True
STACK,q4_q4-041,62,0.08251260966062546,0.08251260966062546,True
STACK,q4_q4-041,61,0.08251260966062546,0.08251260966062546,True
STACK,q4_q4-041,60,0.08251260966062546,0.08251260966062546,True
STACK,q4_q4-041,59,0.08251260966062546,0.08251260966062546,True
STACK,q4_q4-041,58,0.08251260966062546,0.08251260966062546,True
STACK,q4_q4-041,57,0.08251260966062546,0.08251260966062546,True
STACK,q4_q4-041,56,0.08251260966062546,0.08251260966062546,True
STACK,q4_q4-041,55,0.08251260966062546,0.08251260966062546,True
STACK,q4_q4-041,54,0.08251260966062546,0.08251260966062546,True
STACK,q4_q4-041,53,0.08251260966062546,0.08251260966062546,True
STACK,q4_q4-041,52,0.08251260966062546,0.08251260966062546,True
STACK,q4_q4-041,51,0.08251260966062546,0.08251260966062546,True
STACK,q4_q4-041,50,0.08251260966062546,0.08251260966062546,True
STACK,q4_q4-041,49,0.08251260966062546,0.08251260966062546,True
STACK,q4_q4-041,48,0.08251260966062546,0.08251260966062546,True
STACK,q4_q4-041,47,0.08251260966062546,0.08251260966062546,True
STACK,q4_q4-041,46,0.08251260966062546,0.08251260966062546,True
STACK,q4_q4-041,45,0.08251260966062546,0.08251260966062546,True
STACK,q4_q4-041,44,0.08251260966062546,0.08251260966062546,True
STACK,q4_q4-041,43,0.08251260966062546,0.08251260966062546,True
STACK,q4_q4-041,42,0.08251260966062546,0.08251260966062546,True
STACK,q4_q4-041,41,0.08251260966062546,0.08251260966062546,True
STACK,q4_q4-041,40,0.08251260966062546,0.08251260966062546,True
STACK,q4_q4-041,39,0.08251260966062546,0.08251260966062546,True
STACK,q4_q4-041,38,0.08251260966062546,0.08251260966062546,True
STACK,q4_q4-041,37,0.08251260966062546,0.08251260966062546,True
STACK,q4_q4-041,36,0.08251260966062546,0.08251260966062546,True
STACK,q4_q4-041,35,0.08251260966062546,0.08251260966062546,True
STACK,q4_q4-041,34,0.08251260966062546,0.08251260966062546,True
STACK,q4_q4-041,33,0.08251260966062546,0.08251260966062546,True
STACK,q4_q4-041,32,0.08251260966062546,0.08251260966062546,True
STACK,q4_q4-041,31,0.08251260966062546,0.08251260966062546,True
STACK,q4_q4-041,30,0.08251260966062546,0.08251260966062546,True
STACK,q4_q4-041,29,0.08251260966062546,0.08251260966062546,True
STACK,q4_q4-041,28,0.08251260966062546,0.08251260966062546,True
STACK,q4_q4-041,27,0.08251260966062546,0.08251260966062546,True
STACK,q4_q4-041,26,0.08251260966062546,0.08251260966062546,True
STACK,q4_q4-041,25,0.08251260966062546,0.08251260966062546,True
STACK,q4_q4-041,24,0.08251260966062546,0.08251260966062546,True
STACK,q4_q4-041,23,0.08251260966062546,0.08251260966062546,True
STACK,q4_q4-041,22,0.08251260966062546,0.08251260966062546,True
STACK,q4_q4-041,21,0.08251260966062546,0.08251260966062546,True
STACK,q4_q4-041,20,0.08251260966062546,0.08251260966062546,True
STACK,q4_q4-041,19,0.08251260966062546,0.08251260966062546,True
STACK,q4_q4-041,18,0.08251260966062546,0.08251260966062546,True
STACK,q4_q4-041,17,0.08251260966062546,0.08251260966062546,True
STACK,q4_q4-041,16,0.08251260966062546,0.08251260966062546,True
STACK,q4_q4-041,15,0.08251260966062546,0.08251260966062546,True
STACK,q4_q4-041,14,0.08251260966062546,0.08251260966062546,True
STACK,q4_q4-041,13,0.08251260966062546,0.08251260966062546,True
STACK,q4_q4-041,12,0.08251260966062546,0.08251260966062546,True
STACK,q4_q4-041,11,0.08251260966062546,0.08251260966062546,True
STACK,q4_q4-041,10,0.08251260966062546,0.08251260966062546,True
STACK,q4_q4-041,9,0.08251260966062546,0.08251260966062546,True
STACK,q4_q4-041,8,0.08251260966062546,0.08251260966062546,True
STACK,q4_q4-041,7,0.08251260966062546,0.08251260966062546,True
STACK,q4_q4-041,6,0.08251260966062546,0.08251260966062546,True
STACK,q4_q4-041,5,0.08251260966062546,0.08251260966062546,True
STACK,q4_q4-041,4,0.08251260966062546,0.08251260966062546,True
STACK,q4_q4-041,3,0.08251260966062546,0.08251260966062546,True
STACK,q4_q4-041,2,0.08251260966062546,0.08251260966062546,True
STACK,q4_q4-041,1,0.08251260966062546,0.08251260966062546,True
STACK,q4_q4-041,0,0.08251260966062546,0.08251260966062546,True
STACK,q4_q4-042,63,0.029120124876499176,0.029120124876499176,True
STACK,q4_q4-042,62,0.029120124876499176,0.029120124876499176,True
STACK,q4_q4-042,61,0.029120124876499176,0.029120124876499176,True
STACK,q4_q4-042,60,0.029120124876499176,0.029120124876499176,True
STACK,q4_q4-042,59,0.029120124876499176,0.029120124876499176,True
STACK,q4_q4-042,58,0.029120124876499176,0.029120124876499176,True
STACK,q4_q4-042,57,0.029120124876499176,0.029120124876499176,True
STACK,q4_q4-042,56,0.029120124876499176,0.029120124876499176,True
STACK,q4_q4-042,55,0.029120124876499176,0.029120124876499176,True
STACK,q4_q4-042,54,0.029120124876499176,0.029120124876499176,True
STACK,q4_q4-042,53,0.029120124876499176,0.029120124876499176,True
STACK,q4_q4-042,52,0.029120124876499176,0.029120124876499176,True
STACK,q4_q4-042,51,0.029120124876499176,0.029120124876499176,True
STACK,q4_q4-042,50,0.029120124876499176,0.029120124876499176,True
STACK,q4_q4-042,49,0.029120124876499176,0.029120124876499176,True
STACK,q4_q4-042,48,0.029120124876499176,0.029120124876499176,True
STACK,q4_q4-042,47,0.029120124876499176,0.029120124876499176,True
STACK,q4_q4-042,46,0.029120124876499176,0.029120124876499176,True
STACK,q4_q4-042,45,0.029120124876499176,0.029120124876499176,True
STACK,q4_q4-042,44,0.029120124876499176,0.029120124876499176,True
STACK,q4_q4-042,43,0.029120124876499176,0.029120124876499176,True
STACK,q4_q4-042,42,0.029120124876499176,0.029120124876499176,True
STACK,q4_q4-042,41,0.029120124876499176,0.029120124876499176,True
STACK,q4_q4-042,40,0.029120124876499176,0.029120124876499176,True
STACK,q4_q4-042,39,0.029120124876499176,0.029120124876499176,True
STACK,q4_q4-042,38,0.029120124876499176,0.029120124876499176,True
STACK,q4_q4-042,37,0.029120124876499176,0.029120124876499176,True
STACK,q4_q4-042,36,0.029120124876499176,0.029120124876499176,True
STACK,q4_q4-042,35,0.029120124876499176,0.029120124876499176,True
STACK,q4_q4-042,34,0.029120124876499176,0.029120124876499176,True
STACK,q4_q4-042,33,0.029120124876499176,0.029120124876499176,True
STACK,q4_q4-042,32,0.029120124876499176,0.029120124876499176,True
STACK,q4_q4-042,31,0.029120124876499176,0.029120124876499176,True
STACK,q4_q4-042,30,0.029120124876499176,0.029120124876499176,True
STACK,q4_q4-042,29,0.029120124876499176,0.029120124876499176,True
STACK,q4_q4-042,28,0.029120124876499176,0.029120124876499176,True
STACK,q4_q4-042,27,0.029120124876499176,0.029120124876499176,True
STACK,q4_q4-042,26,0.029120124876499176,0.029120124876499176,True
STACK,q4_q4-042,25,0.029120124876499176,0.029120124876499176,True
STACK,q4_q4-042,24,0.029120124876499176,0.029120124876499176,True
STACK,q4_q4-042,23,0.029120124876499176,0.029120124876499176,True
STACK,q4_q4-042,22,0.029120124876499176,0.029120124876499176,True
STACK,q4_q4-042,21,0.029120124876499176,0.029120124876499176,True
STACK,q4_q4-042,20,0.029120124876499176,0.029120124876499176,True
STACK,q4_q4-042,19,0.029120124876499176,0.029120124876499176,True
STACK,q4_q4-042,18,0.029120124876499176,0.029120124876499176,True
STACK,q4_q4-042,17,0.029120124876499176,0.029120124876499176,True
STACK,q4_q4-042,16,0.029120124876499176,0.029120124876499176,True
STACK,q4_q4-042,15,0.029120124876499176,0.029120124876499176,True
STACK,q4_q4-042,14,0.029120124876499176,0.029120124876499176,True
STACK,q4_q4-042,13,0.029120124876499176,0.029120124876499176,True
STACK,q4_q4-042,12,0.029120124876499176,0.029120124876499176,True
STACK,q4_q4-042,11,0.029120124876499176,0.029120124876499176,True
STACK,q4_q4-042,10,0.029120124876499176,0.029120124876499176,True
STACK,q4_q4-042,9,0.029120124876499176,0.029120124876499176,True
STACK,q4_q4-042,8,0.029120124876499176,0.029120124876499176,True
STACK,q4_q4-042,7,0.029120124876499176,0.029120124876499176,True
STACK,q4_q4-042,6,0.029120124876499176,0.029120124876499176,True
STACK,q4_q4-042,5,0.029120124876499176,0.029120124876499176,True
STACK,q4_q4-042,4,0.029120124876499176,0.029120124876499176,True
STACK,q4_q4-042,3,0.029120124876499176,0.029120124876499176,True
STACK,q4_q4-042,2,0.029120124876499176,0.029120124876499176,True
STACK,q4_q4-042,1,0.029120124876499176,0.029120124876499176,True
STACK,q4_q4-042,0,0.029120124876499176,0.029120124876499176,True
STACK,q4_q4-064,63,0.026859372854232788,0.026859372854232788,True
STACK,q4_q4-064,62,0.026859372854232788,0.026859372854232788,True
STACK,q4_q4-064,61,0.026859372854232788,0.026859372854232788,True
STACK,q4_q4-064,60,0.026859372854232788,0.026859372854232788,True
STACK,q4_q4-064,59,0.026859372854232788,0.026859372854232788,True
STACK,q4_q4-064,58,0.026859372854232788,0.026859372854232788,True
STACK,q4_q4-064,57,0.026859372854232788,0.026859372854232788,True
STACK,q4_q4-064,56,0.026859372854232788,0.026859372854232788,True
STACK,q4_q4-064,55,0.026859372854232788,0.026859372854232788,True
STACK,q4_q4-064,54,0.026859372854232788,0.026859372854232788,True
STACK,q4_q4-064,53,0.026859372854232788,0.026859372854232788,True
STACK,q4_q4-064,52,0.026859372854232788,0.026859372854232788,True
STACK,q4_q4-064,51,0.026859372854232788,0.026859372854232788,True
STACK,q4_q4-064,50,0.026859372854232788,0.026859372854232788,True
STACK,q4_q4-064,49,0.026859372854232788,0.026859372854232788,True
STACK,q4_q4-064,48,0.026859372854232788,0.026859372854232788,True
STACK,q4_q4-064,47,0.026859372854232788,0.026859372854232788,True
STACK,q4_q4-064,46,0.026859372854232788,0.026859372854232788,True
STACK,q4_q4-064,45,0.026859372854232788,0.026859372854232788,True
STACK,q4_q4-064,44,0.026859372854232788,0.026859372854232788,True
STACK,q4_q4-064,43,0.026859372854232788,0.026859372854232788,True
STACK,q4_q4-064,42,0.026859372854232788,0.026859372854232788,True
STACK,q4_q4-064,41,0.026859372854232788,0.026859372854232788,True
STACK,q4_q4-064,40,0.026859372854232788,0.026859372854232788,True
STACK,q4_q4-064,39,0.026859372854232788,0.026859372854232788,True
STACK,q4_q4-064,38,0.026859372854232788,0.026859372854232788,True
STACK,q4_q4-064,37,0.026859372854232788,0.026859372854232788,True
STACK,q4_q4-064,36,0.026859372854232788,0.026859372854232788,True
STACK,q4_q4-064,35,0.026859372854232788,0.026859372854232788,True
STACK,q4_q4-064,34,0.026859372854232788,0.026859372854232788,True
STACK,q4_q4-064,33,0.026859372854232788,0.026859372854232788,True
STACK,q4_q4-064,32,0.026859372854232788,0.026859372854232788,True
STACK,q4_q4-064,31,0.026859372854232788,0.026859372854232788,True
STACK,q4_q4-064,30,0.026859372854232788,0.026859372854232788,True
STACK,q4_q4-064,29,0.026859372854232788,0.026859372854232788,True
STACK,q4_q4-064,28,0.026859372854232788,0.026859372854232788,True
STACK,q4_q4-064,27,0.026859372854232788,0.026859372854232788,True
STACK,q4_q4-064,26,0.026859372854232788,0.026859372854232788,True
STACK,q4_q4-064,25,0.026859372854232788,0.026859372854232788,True
STACK,q4_q4-064,24,0.026859372854232788,0.026859372854232788,True
STACK,q4_q4-064,23,0.026859372854232788,0.026859372854232788,True
STACK,q4_q4-064,22,0.026859372854232788,0.026859372854232788,True
STACK,q4_q4-064,21,0.026859372854232788,0.026859372854232788,True
STACK,q4_q4-064,20,0.026859372854232788,0.026859372854232788,True
STACK,q4_q4-064,19,0.026859372854232788,0.026859372854232788,True
STACK,q4_q4-064,18,0.026859372854232788,0.026859372854232788,True
STACK,q4_q4-064,17,0.026859372854232788,0.026859372854232788,True
STACK,q4_q4-064,16,0.026859372854232788,0.026859372854232788,True
STACK,q4_q4-064,15,0.026859372854232788,0.026859372854232788,True
STACK,q4_q4-064,14,0.026859372854232788,0.026859372854232788,True
STACK,q4_q4-064,13,0.026859372854232788,0.026859372854232788,True
STACK,q4_q4-064,12,0.026859372854232788,0.026859372854232788,True
STACK,q4_q4-064,11,0.026859372854232788,0.026859372854232788,True
STACK,q4_q4-064,10,0.026859372854232788,0.026859372854232788,True
STACK,q4_q4-064,9,0.026859372854232788,0.026859372854232788,True
STACK,q4_q4-064,8,0.026859372854232788,0.026859372854232788,True
STACK,q4_q4-064,7,0.026859372854232788,0.026859372854232788,True
STACK,q4_q4-064,6,0.026859372854232788,0.026859372854232788,True
STACK,q4_q4-064,5,0.026859372854232788,0.026859372854232788,True
STACK,q4_q4-064,4,0.026859372854232788,0.026859372854232788,True
STACK,q4_q4-064,3,0.026859372854232788,0.026859372854232788,True
STACK,q4_q4-064,2,0.026859372854232788,0.026859372854232788,True
STACK,q4_q4-064,1,0.026859372854232788,0.026859372854232788,True
STACK,q4_q4-064,0,0.026859372854232788,0.026859372854232788,True
STACK,q4_q4-074,63,0.06431019306182861,0.06431019306182861,True
STACK,q4_q4-074,62,0.06431019306182861,0.06431019306182861,True
STACK,q4_q4-074,61,0.06431019306182861,0.06431019306182861,True
STACK,q4_q4-074,60,0.06431019306182861,0.06431019306182861,True
STACK,q4_q4-074,59,0.06431019306182861,0.06431019306182861,True
STACK,q4_q4-074,58,0.06431019306182861,0.06431019306182861,True
STACK,q4_q4-074,57,0.06431019306182861,0.06431019306182861,True
STACK,q4_q4-074,56,0.06431019306182861,0.06431019306182861,True
STACK,q4_q4-074,55,0.06431019306182861,0.06431019306182861,True
STACK,q4_q4-074,54,0.06431019306182861,0.06431019306182861,True
STACK,q4_q4-074,53,0.06431019306182861,0.06431019306182861,True
STACK,q4_q4-074,52,0.06431019306182861,0.06431019306182861,True
STACK,q4_q4-074,51,0.06431019306182861,0.06431019306182861,True
STACK,q4_q4-074,50,0.06431019306182861,0.06431019306182861,True
STACK,q4_q4-074,49,0.06431019306182861,0.06431019306182861,True
STACK,q4_q4-074,48,0.06431019306182861,0.06431019306182861,True
STACK,q4_q4-074,47,0.06431019306182861,0.06431019306182861,True
STACK,q4_q4-074,46,0.06431019306182861,0.06431019306182861,True
STACK,q4_q4-074,45,0.06431019306182861,0.06431019306182861,True
STACK,q4_q4-074,44,0.06431019306182861,0.06431019306182861,True
STACK,q4_q4-074,43,0.06431019306182861,0.06431019306182861,True
STACK,q4_q4-074,42,0.06431019306182861,0.06431019306182861,True
STACK,q4_q4-074,41,0.06431019306182861,0.06431019306182861,True
STACK,q4_q4-074,40,0.06431019306182861,0.06431019306182861,True
STACK,q4_q4-074,39,0.06431019306182861,0.06431019306182861,True
STACK,q4_q4-074,38,0.06431019306182861,0.06431019306182861,True
STACK,q4_q4-074,37,0.06431019306182861,0.06431019306182861,True
STACK,q4_q4-074,36,0.06431019306182861,0.06431019306182861,True
STACK,q4_q4-074,35,0.06431019306182861,0.06431019306182861,True
STACK,q4_q4-074,34,0.06431019306182861,0.06431019306182861,True
STACK,q4_q4-074,33,0.06431019306182861,0.06431019306182861,True
STACK,q4_q4-074,32,0.06431019306182861,0.06431019306182861,True
STACK,q4_q4-074,31,0.06431019306182861,0.06431019306182861,True
STACK,q4_q4-074,30,0.06431019306182861,0.06431019306182861,True
STACK,q4_q4-074,29,0.06431019306182861,0.06431019306182861,True
STACK,q4_q4-074,28,0.06431019306182861,0.06431019306182861,True
STACK,q4_q4-074,27,0.06431019306182861,0.06431019306182861,True
STACK,q4_q4-074,26,0.06431019306182861,0.06431019306182861,True
STACK,q4_q4-074,25,0.06431019306182861,0.06431019306182861,True
STACK,q4_q4-074,24,0.06431019306182861,0.06431019306182861,True
STACK,q4_q4-074,23,0.06431019306182861,0.06431019306182861,True
STACK,q4_q4-074,22,0.06431019306182861,0.06431019306182861,True
STACK,q4_q4-074,21,0.06431019306182861,0.06431019306182861,True
STACK,q4_q4-074,20,0.06431019306182861,0.06431019306182861,True
STACK,q4_q4-074,19,0.06431019306182861,0.06431019306182861,True
STACK,q4_q4-074,18,0.06431019306182861,0.06431019306182861,True
STACK,q4_q4-074,17,0.06431019306182861,0.06431019306182861,True
STACK,q4_q4-074,16,0.06431019306182861,0.06431019306182861,True
STACK,q4_q4-074,15,0.06431019306182861,0.06431019306182861,True
STACK,q4_q4-074,14,0.06431019306182861,0.06431019306182861,True
STACK,q4_q4-074,13,0.06431019306182861,0.06431019306182861,True
STACK,q4_q4-074,12,0.06431019306182861,0.06431019306182861,True
STACK,q4_q4-074,11,0.06431019306182861,0.06431019306182861,True
STACK,q4_q4-074,10,0.06431019306182861,0.06431019306182861,True
STACK,q4_q4-074,9,0.06431019306182861,0.06431019306182861,True
STACK,q4_q4-074,8,0.06431019306182861,0.06431019306182861,True
STACK,q4_q4-074,7,0.06431019306182861,0.06431019306182861,True
STACK,q4_q4-074,6,0.06431019306182861,0.06431019306182861,True
STACK,q4_q4-074,5,0.06431019306182861,0.06431019306182861,True
STACK,q4_q4-074,4,0.06431019306182861,0.06431019306182861,True
STACK,q4_q4-074,3,0.06431019306182861,0.06431019306182861,True
STACK,q4_q4-074,2,0.06431019306182861,0.06431019306182861,True
STACK,q4_q4-074,1,0.06431019306182861,0.06431019306182861,True
STACK,q4_q4-074,0,0.06431019306182861,0.06431019306182861,True
STACK,q4_q4-086,63,0.0596856027841568,0.0596856027841568,True
STACK,q4_q4-086,62,0.0596856027841568,0.0596856027841568,True
STACK,q4_q4-086,61,0.0596856027841568,0.0596856027841568,True
STACK,q4_q4-086,60,0.0596856027841568,0.0596856027841568,True
STACK,q4_q4-086,59,0.0596856027841568,0.0596856027841568,True
STACK,q4_q4-086,58,0.0596856027841568,0.0596856027841568,True
STACK,q4_q4-086,57,0.0596856027841568,0.0596856027841568,True
STACK,q4_q4-086,56,0.0596856027841568,0.0596856027841568,True
STACK,q4_q4-086,55,0.0596856027841568,0.0596856027841568,True
STACK,q4_q4-086,54,0.0596856027841568,0.0596856027841568,True
STACK,q4_q4-086,53,0.0596856027841568,0.0596856027841568,True
STACK,q4_q4-086,52,0.0596856027841568,0.0596856027841568,True
STACK,q4_q4-086,51,0.0596856027841568,0.0596856027841568,True
STACK,q4_q4-086,50,0.0596856027841568,0.0596856027841568,True
STACK,q4_q4-086,49,0.0596856027841568,0.0596856027841568,True
STACK,q4_q4-086,48,0.0596856027841568,0.0596856027841568,True
STACK,q4_q4-086,47,0.0596856027841568,0.0596856027841568,True
STACK,q4_q4-086,46,0.0596856027841568,0.0596856027841568,True
STACK,q4_q4-086,45,0.0596856027841568,0.0596856027841568,True
STACK,q4_q4-086,44,0.0596856027841568,0.0596856027841568,True
STACK,q4_q4-086,43,0.0596856027841568,0.0596856027841568,True
STACK,q4_q4-086,42,0.0596856027841568,0.0596856027841568,True
STACK,q4_q4-086,41,0.0596856027841568,0.0596856027841568,True
STACK,q4_q4-086,40,0.0596856027841568,0.0596856027841568,True
STACK,q4_q4-086,39,0.0596856027841568,0.0596856027841568,True
STACK,q4_q4-086,38,0.0596856027841568,0.0596856027841568,True
STACK,q4_q4-086,37,0.0596856027841568,0.0596856027841568,True
STACK,q4_q4-086,36,0.0596856027841568,0.0596856027841568,True
STACK,q4_q4-086,35,0.0596856027841568,0.0596856027841568,True
STACK,q4_q4-086,34,0.0596856027841568,0.0596856027841568,True
STACK,q4_q4-086,33,0.0596856027841568,0.0596856027841568,True
STACK,q4_q4-086,32,0.0596856027841568,0.0596856027841568,True
STACK,q4_q4-086,31,0.0596856027841568,0.0596856027841568,True
STACK,q4_q4-086,30,0.0596856027841568,0.0596856027841568,True
STACK,q4_q4-086,29,0.0596856027841568,0.0596856027841568,True
STACK,q4_q4-086,28,0.0596856027841568,0.0596856027841568,True
STACK,q4_q4-086,27,0.0596856027841568,0.0596856027841568,True
STACK,q4_q4-086,26,0.0596856027841568,0.0596856027841568,True
STACK,q4_q4-086,25,0.0596856027841568,0.0596856027841568,True
STACK,q4_q4-086,24,0.0596856027841568,0.0596856027841568,True
STACK,q4_q4-086,23,0.0596856027841568,0.0596856027841568,True
STACK,q4_q4-086,22,0.0596856027841568,0.0596856027841568,True
STACK,q4_q4-086,21,0.0596856027841568,0.0596856027841568,True
STACK,q4_q4-086,20,0.0596856027841568,0.0596856027841568,True
STACK,q4_q4-086,19,0.0596856027841568,0.0596856027841568,True
STACK,q4_q4-086,18,0.0596856027841568,0.0596856027841568,True
STACK,q4_q4-086,17,0.0596856027841568,0.0596856027841568,True
STACK,q4_q4-086,16,0.0596856027841568,0.0596856027841568,True
STACK,q4_q4-086,15,0.0596856027841568,0.0596856027841568,True
STACK,q4_q4-086,14,0.0596856027841568,0.0596856027841568,True
STACK,q4_q4-086,13,0.0596856027841568,0.0596856027841568,True
STACK,q4_q4-086,12,0.0596856027841568,0.0596856027841568,True
STACK,q4_q4-086,11,0.0596856027841568,0.0596856027841568,True
STACK,q4_q4-086,10,0.0596856027841568,0.0596856027841568,True
STACK,q4_q4-086,9,0.0596856027841568,0.0596856027841568,True
STACK,q4_q4-086,8,0.0596856027841568,0.0596856027841568,True
STACK,q4_q4-086,7,0.0596856027841568,0.0596856027841568,True
STACK,q4_q4-086,6,0.0596856027841568,0.0596856027841568,True
STACK,q4_q4-086,5,0.0596856027841568,0.0596856027841568,True
STACK,q4_q4-086,4,0.0596856027841568,0.0596856027841568,True
STACK,q4_q4-086,3,0.0596856027841568,0.0596856027841568,True
STACK,q4_q4-086,2,0.0596856027841568,0.0596856027841568,True
STACK,q4_q4-086,1,0.0596856027841568,0.0596856027841568,True
STACK,q4_q4-086,0,0.0596856027841568,0.0596856027841568,True
STACK,q4_q4-089,63,0.06823817640542984,0.06823817640542984,True
STACK,q4_q4-089,62,0.06823817640542984,0.06823817640542984,True
STACK,q4_q4-089,61,0.06823817640542984,0.06823817640542984,True
STACK,q4_q4-089,60,0.06823817640542984,0.06823817640542984,True
STACK,q4_q4-089,59,0.06823817640542984,0.06823817640542984,True
STACK,q4_q4-089,58,0.06823817640542984,0.06823817640542984,True
STACK,q4_q4-089,57,0.06823817640542984,0.06823817640542984,True
STACK,q4_q4-089,56,0.06823817640542984,0.06823817640542984,True
STACK,q4_q4-089,55,0.06823817640542984,0.06823817640542984,True
STACK,q4_q4-089,54,0.06823817640542984,0.06823817640542984,True
STACK,q4_q4-089,53,0.06823817640542984,0.06823817640542984,True
STACK,q4_q4-089,52,0.06823817640542984,0.06823817640542984,True
STACK,q4_q4-089,51,0.06823817640542984,0.06823817640542984,True
STACK,q4_q4-089,50,0.06823817640542984,0.06823817640542984,True
STACK,q4_q4-089,49,0.06823817640542984,0.06823817640542984,True
STACK,q4_q4-089,48,0.06823817640542984,0.06823817640542984,True
STACK,q4_q4-089,47,0.06823817640542984,0.06823817640542984,True
STACK,q4_q4-089,46,0.06823817640542984,0.06823817640542984,True
STACK,q4_q4-089,45,0.06823817640542984,0.06823817640542984,True
STACK,q4_q4-089,44,0.06823817640542984,0.06823817640542984,True
STACK,q4_q4-089,43,0.06823817640542984,0.06823817640542984,True
STACK,q4_q4-089,42,0.06823817640542984,0.06823817640542984,True
STACK,q4_q4-089,41,0.06823817640542984,0.06823817640542984,True
STACK,q4_q4-089,40,0.06823817640542984,0.06823817640542984,True
STACK,q4_q4-089,39,0.06823817640542984,0.06823817640542984,True
STACK,q4_q4-089,38,0.06823817640542984,0.06823817640542984,True
STACK,q4_q4-089,37,0.06823817640542984,0.06823817640542984,True
STACK,q4_q4-089,36,0.06823817640542984,0.06823817640542984,True
STACK,q4_q4-089,35,0.06823817640542984,0.06823817640542984,True
STACK,q4_q4-089,34,0.06823817640542984,0.06823817640542984,True
STACK,q4_q4-089,33,0.06823817640542984,0.06823817640542984,True
STACK,q4_q4-089,32,0.06823817640542984,0.06823817640542984,True
STACK,q4_q4-089,31,0.06823817640542984,0.06823817640542984,True
STACK,q4_q4-089,30,0.06823817640542984,0.06823817640542984,True
STACK,q4_q4-089,29,0.06823817640542984,0.06823817640542984,True
STACK,q4_q4-089,28,0.06823817640542984,0.06823817640542984,True
STACK,q4_q4-089,27,0.06823817640542984,0.06823817640542984,True
STACK,q4_q4-089,26,0.06823817640542984,0.06823817640542984,True
STACK,q4_q4-089,25,0.06823817640542984,0.06823817640542984,True
STACK,q4_q4-089,24,0.06823817640542984,0.06823817640542984,True
STACK,q4_q4-089,23,0.06823817640542984,0.06823817640542984,True
STACK,q4_q4-089,22,0.06823817640542984,0.06823817640542984,True
STACK,q4_q4-089,21,0.06823817640542984,0.06823817640542984,True
STACK,q4_q4-089,20,0.06823817640542984,0.06823817640542984,True
STACK,q4_q4-089,19,0.06823817640542984,0.06823817640542984,True
STACK,q4_q4-089,18,0.06823817640542984,0.06823817640542984,True
STACK,q4_q4-089,17,0.06823817640542984,0.06823817640542984,True
STACK,q4_q4-089,16,0.06823817640542984,0.06823817640542984,True
STACK,q4_q4-089,15,0.06823817640542984,0.06823817640542984,True
STACK,q4_q4-089,14,0.06823817640542984,0.06823817640542984,True
STACK,q4_q4-089,13,0.06823817640542984,0.06823817640542984,True
STACK,q4_q4-089,12,0.06823817640542984,0.06823817640542984,True
STACK,q4_q4-089,11,0.06823817640542984,0.06823817640542984,True
STACK,q4_q4-089,10,0.06823817640542984,0.06823817640542984,True
STACK,q4_q4-089,9,0.06823817640542984,0.06823817640542984,True
STACK,q4_q4-089,8,0.06823817640542984,0.06823817640542984,True
STACK,q4_q4-089,7,0.06823817640542984,0.06823817640542984,True
STACK,q4_q4-089,6,0.06823817640542984,0.06823817640542984,True
STACK,q4_q4-089,5,0.06823817640542984,0.06823817640542984,True
STACK,q4_q4-089,4,0.06823817640542984,0.06823817640542984,True
STACK,q4_q4-089,3,0.06823817640542984,0.06823817640542984,True
STACK,q4_q4-089,2,0.06823817640542984,0.06823817640542984,True
STACK,q4_q4-089,1,0.06823817640542984,0.06823817640542984,True
STACK,q4_q4-089,0,0.06823817640542984,0.06823817640542984,True
STACK,q5_q5-015,63,0.008865416049957275,0.008865416049957275,True
STACK,q5_q5-015,62,0.008865416049957275,0.008865416049957275,True
STACK,q5_q5-015,61,0.008865416049957275,0.008865416049957275,True
STACK,q5_q5-015,60,0.008865416049957275,0.008865416049957275,True
STACK,q5_q5-015,59,0.008865416049957275,0.008865416049957275,True
STACK,q5_q5-015,58,0.008865416049957275,0.008865416049957275,True
STACK,q5_q5-015,57,0.008865416049957275,0.008865416049957275,True
STACK,q5_q5-015,56,0.008865416049957275,0.008865416049957275,True
STACK,q5_q5-015,55,0.008865416049957275,0.008865416049957275,True
STACK,q5_q5-015,54,0.008865416049957275,0.008865416049957275,True
STACK,q5_q5-015,53,0.008865416049957275,0.008865416049957275,True
STACK,q5_q5-015,52,0.008865416049957275,0.008865416049957275,True
STACK,q5_q5-015,51,0.008865416049957275,0.008865416049957275,True
STACK,q5_q5-015,50,0.008865416049957275,0.008865416049957275,True
STACK,q5_q5-015,49,0.008865416049957275,0.008865416049957275,True
STACK,q5_q5-015,48,0.008865416049957275,0.008865416049957275,True
STACK,q5_q5-015,47,0.008865416049957275,0.008865416049957275,True
STACK,q5_q5-015,46,0.008865416049957275,0.008865416049957275,True
STACK,q5_q5-015,45,0.008865416049957275,0.008865416049957275,True
STACK,q5_q5-015,44,0.008865416049957275,0.008865416049957275,True
STACK,q5_q5-015,43,0.008865416049957275,0.008865416049957275,True
STACK,q5_q5-015,42,0.008865416049957275,0.008865416049957275,True
STACK,q5_q5-015,41,0.008865416049957275,0.008865416049957275,True
STACK,q5_q5-015,40,0.008865416049957275,0.008865416049957275,True
STACK,q5_q5-015,39,0.008865416049957275,0.008865416049957275,True
STACK,q5_q5-015,38,0.008865416049957275,0.008865416049957275,True
STACK,q5_q5-015,37,0.008865416049957275,0.008865416049957275,True
STACK,q5_q5-015,36,0.008865416049957275,0.008865416049957275,True
STACK,q5_q5-015,35,0.008865416049957275,0.008865416049957275,True
STACK,q5_q5-015,34,0.008865416049957275,0.008865416049957275,True
STACK,q5_q5-015,33,0.008865416049957275,0.008865416049957275,True
STACK,q5_q5-015,32,0.008865416049957275,0.008865416049957275,True
STACK,q5_q5-015,31,0.008865416049957275,0.008865416049957275,True
STACK,q5_q5-015,30,0.008865416049957275,0.008865416049957275,True
STACK,q5_q5-015,29,0.008865416049957275,0.008865416049957275,True
STACK,q5_q5-015,28,0.008865416049957275,0.008865416049957275,True
STACK,q5_q5-015,27,0.008865416049957275,0.008865416049957275,True
STACK,q5_q5-015,26,0.008865416049957275,0.008865416049957275,True
STACK,q5_q5-015,25,0.008865416049957275,0.008865416049957275,True
STACK,q5_q5-015,24,0.008865416049957275,0.008865416049957275,True
STACK,q5_q5-015,23,0.008865416049957275,0.008865416049957275,True
STACK,q5_q5-015,22,0.008865416049957275,0.008865416049957275,True
STACK,q5_q5-015,21,0.008865416049957275,0.008865416049957275,True
STACK,q5_q5-015,20,0.008865416049957275,0.008865416049957275,True
STACK,q5_q5-015,19,0.008865416049957275,0.008865416049957275,True
STACK,q5_q5-015,18,0.008865416049957275,0.008865416049957275,True
STACK,q5_q5-015,17,0.008865416049957275,0.008865416049957275,True
STACK,q5_q5-015,16,0.008865416049957275,0.008865416049957275,True
STACK,q5_q5-015,15,0.008865416049957275,0.008865416049957275,True
STACK,q5_q5-015,14,0.008865416049957275,0.008865416049957275,True
STACK,q5_q5-015,13,0.008865416049957275,0.008865416049957275,True
STACK,q5_q5-015,12,0.008865416049957275,0.008865416049957275,True
STACK,q5_q5-015,11,0.008865416049957275,0.008865416049957275,True
STACK,q5_q5-015,10,0.008865416049957275,0.008865416049957275,True
STACK,q5_q5-015,9,0.008865416049957275,0.008865416049957275,True
STACK,q5_q5-015,8,0.008865416049957275,0.008865416049957275,True
STACK,q5_q5-015,7,0.008865416049957275,0.008865416049957275,True
STACK,q5_q5-015,6,0.008865416049957275,0.008865416049957275,True
STACK,q5_q5-015,5,0.008865416049957275,0.008865416049957275,True
STACK,q5_q5-015,4,0.008865416049957275,0.008865416049957275,True
STACK,q5_q5-015,3,0.008865416049957275,0.008865416049957275,True
STACK,q5_q5-015,2,0.008865416049957275,0.008865416049957275,True
STACK,q5_q5-015,1,0.008865416049957275,0.008865416049957275,True
STACK,q5_q5-015,0,0.008865416049957275,0.008865416049957275,True
STACK,q5_q5-032,63,0.0102863609790802,0.0102863609790802,True
STACK,q5_q5-032,62,0.0102863609790802,0.0102863609790802,True
STACK,q5_q5-032,61,0.0102863609790802,0.0102863609790802,True
STACK,q5_q5-032,60,0.0102863609790802,0.0102863609790802,True
STACK,q5_q5-032,59,0.0102863609790802,0.0102863609790802,True
STACK,q5_q5-032,58,0.0102863609790802,0.0102863609790802,True
STACK,q5_q5-032,57,0.0102863609790802,0.0102863609790802,True
STACK,q5_q5-032,56,0.0102863609790802,0.0102863609790802,True
STACK,q5_q5-032,55,0.0102863609790802,0.0102863609790802,True
STACK,q5_q5-032,54,0.0102863609790802,0.0102863609790802,True
STACK,q5_q5-032,53,0.0102863609790802,0.0102863609790802,True
STACK,q5_q5-032,52,0.0102863609790802,0.0102863609790802,True
STACK,q5_q5-032,51,0.0102863609790802,0.0102863609790802,True
STACK,q5_q5-032,50,0.0102863609790802,0.0102863609790802,True
STACK,q5_q5-032,49,0.0102863609790802,0.0102863609790802,True
STACK,q5_q5-032,48,0.0102863609790802,0.0102863609790802,True
STACK,q5_q5-032,47,0.0102863609790802,0.0102863609790802,True
STACK,q5_q5-032,46,0.0102863609790802,0.0102863609790802,True
STACK,q5_q5-032,45,0.0102863609790802,0.0102863609790802,True
STACK,q5_q5-032,44,0.0102863609790802,0.0102863609790802,True
STACK,q5_q5-032,43,0.0102863609790802,0.0102863609790802,True
STACK,q5_q5-032,42,0.0102863609790802,0.0102863609790802,True
STACK,q5_q5-032,41,0.0102863609790802,0.0102863609790802,True
STACK,q5_q5-032,40,0.0102863609790802,0.0102863609790802,True
STACK,q5_q5-032,39,0.0102863609790802,0.0102863609790802,True
STACK,q5_q5-032,38,0.0102863609790802,0.0102863609790802,True
STACK,q5_q5-032,37,0.0102863609790802,0.0102863609790802,True
STACK,q5_q5-032,36,0.0102863609790802,0.0102863609790802,True
STACK,q5_q5-032,35,0.0102863609790802,0.0102863609790802,True
STACK,q5_q5-032,34,0.0102863609790802,0.0102863609790802,True
STACK,q5_q5-032,33,0.0102863609790802,0.0102863609790802,True
STACK,q5_q5-032,32,0.0102863609790802,0.0102863609790802,True
STACK,q5_q5-032,31,0.0102863609790802,0.0102863609790802,True
STACK,q5_q5-032,30,0.0102863609790802,0.0102863609790802,True
STACK,q5_q5-032,29,0.0102863609790802,0.0102863609790802,True
STACK,q5_q5-032,28,0.0102863609790802,0.0102863609790802,True
STACK,q5_q5-032,27,0.0102863609790802,0.0102863609790802,True
STACK,q5_q5-032,26,0.0102863609790802,0.0102863609790802,True
STACK,q5_q5-032,25,0.0102863609790802,0.0102863609790802,True
STACK,q5_q5-032,24,0.0102863609790802,0.0102863609790802,True
STACK,q5_q5-032,23,0.0102863609790802,0.0102863609790802,True
STACK,q5_q5-032,22,0.0102863609790802,0.0102863609790802,True
STACK,q5_q5-032,21,0.0102863609790802,0.0102863609790802,True
STACK,q5_q5-032,20,0.0102863609790802,0.0102863609790802,True
STACK,q5_q5-032,19,0.0102863609790802,0.0102863609790802,True
STACK,q5_q5-032,18,0.0102863609790802,0.0102863609790802,True
STACK,q5_q5-032,17,0.0102863609790802,0.0102863609790802,True
STACK,q5_q5-032,16,0.0102863609790802,0.0102863609790802,True
STACK,q5_q5-032,15,0.0102863609790802,0.0102863609790802,True
STACK,q5_q5-032,14,0.0102863609790802,0.0102863609790802,True
STACK,q5_q5-032,13,0.0102863609790802,0.0102863609790802,True
STACK,q5_q5-032,12,0.0102863609790802,0.0102863609790802,True
STACK,q5_q5-032,11,0.0102863609790802,0.0102863609790802,True
STACK,q5_q5-032,10,0.0102863609790802,0.0102863609790802,True
STACK,q5_q5-032,9,0.0102863609790802,0.0102863609790802,True
STACK,q5_q5-032,8,0.0102863609790802,0.0102863609790802,True
STACK,q5_q5-032,7,0.0102863609790802,0.0102863609790802,True
STACK,q5_q5-032,6,0.0102863609790802,0.0102863609790802,True
STACK,q5_q5-032,5,0.0102863609790802,0.0102863609790802,True
STACK,q5_q5-032,4,0.0102863609790802,0.0102863609790802,True
STACK,q5_q5-032,3,0.0102863609790802,0.0102863609790802,True
STACK,q5_q5-032,2,0.0102863609790802,0.0102863609790802,True
STACK,q5_q5-032,1,0.0102863609790802,0.0102863609790802,True
STACK,q5_q5-032,0,0.0102863609790802,0.0102863609790802,True
STACK,q5_q5-041,63,0.012485980987548828,0.012485980987548828,True
STACK,q5_q5-041,62,0.012485980987548828,0.012485980987548828,True
STACK,q5_q5-041,61,0.012485980987548828,0.012485980987548828,True
STACK,q5_q5-041,60,0.012485980987548828,0.012485980987548828,True
STACK,q5_q5-041,59,0.012485980987548828,0.012485980987548828,True
STACK,q5_q5-041,58,0.012485980987548828,0.012485980987548828,True
STACK,q5_q5-041,57,0.012485980987548828,0.012485980987548828,True
STACK,q5_q5-041,56,0.012485980987548828,0.012485980987548828,True
STACK,q5_q5-041,55,0.012485980987548828,0.012485980987548828,True
STACK,q5_q5-041,54,0.012485980987548828,0.012485980987548828,True
STACK,q5_q5-041,53,0.012485980987548828,0.012485980987548828,True
STACK,q5_q5-041,52,0.012485980987548828,0.012485980987548828,True
STACK,q5_q5-041,51,0.012485980987548828,0.012485980987548828,True
STACK,q5_q5-041,50,0.012485980987548828,0.012485980987548828,True
STACK,q5_q5-041,49,0.012485980987548828,0.012485980987548828,True
STACK,q5_q5-041,48,0.012485980987548828,0.012485980987548828,True
STACK,q5_q5-041,47,0.012485980987548828,0.012485980987548828,True
STACK,q5_q5-041,46,0.012485980987548828,0.012485980987548828,True
STACK,q5_q5-041,45,0.012485980987548828,0.012485980987548828,True
STACK,q5_q5-041,44,0.012485980987548828,0.012485980987548828,True
STACK,q5_q5-041,43,0.012485980987548828,0.012485980987548828,True
STACK,q5_q5-041,42,0.012485980987548828,0.012485980987548828,True
STACK,q5_q5-041,41,0.012485980987548828,0.012485980987548828,True
STACK,q5_q5-041,40,0.012485980987548828,0.012485980987548828,True
STACK,q5_q5-041,39,0.012485980987548828,0.012485980987548828,True
STACK,q5_q5-041,38,0.012485980987548828,0.012485980987548828,True
STACK,q5_q5-041,37,0.012485980987548828,0.012485980987548828,True
STACK,q5_q5-041,36,0.012485980987548828,0.012485980987548828,True
STACK,q5_q5-041,35,0.012485980987548828,0.012485980987548828,True
STACK,q5_q5-041,34,0.012485980987548828,0.012485980987548828,True
STACK,q5_q5-041,33,0.012485980987548828,0.012485980987548828,True
STACK,q5_q5-041,32,0.012485980987548828,0.012485980987548828,True
STACK,q5_q5-041,31,0.012485980987548828,0.012485980987548828,True
STACK,q5_q5-041,30,0.012485980987548828,0.012485980987548828,True
STACK,q5_q5-041,29,0.012485980987548828,0.012485980987548828,True
STACK,q5_q5-041,28,0.012485980987548828,0.012485980987548828,True
STACK,q5_q5-041,27,0.012485980987548828,0.012485980987548828,True
STACK,q5_q5-041,26,0.012485980987548828,0.012485980987548828,True
STACK,q5_q5-041,25,0.012485980987548828,0.012485980987548828,True
STACK,q5_q5-041,24,0.012485980987548828,0.012485980987548828,True
STACK,q5_q5-041,23,0.012485980987548828,0.012485980987548828,True
STACK,q5_q5-041,22,0.012485980987548828,0.012485980987548828,True
STACK,q5_q5-041,21,0.012485980987548828,0.012485980987548828,True
STACK,q5_q5-041,20,0.012485980987548828,0.012485980987548828,True
STACK,q5_q5-041,19,0.012485980987548828,0.012485980987548828,True
STACK,q5_q5-041,18,0.012485980987548828,0.012485980987548828,True
STACK,q5_q5-041,17,0.012485980987548828,0.012485980987548828,True
STACK,q5_q5-041,16,0.012485980987548828,0.012485980987548828,True
STACK,q5_q5-041,15,0.012485980987548828,0.012485980987548828,True
STACK,q5_q5-041,14,0.012485980987548828,0.012485980987548828,True
STACK,q5_q5-041,13,0.012485980987548828,0.012485980987548828,True
STACK,q5_q5-041,12,0.012485980987548828,0.012485980987548828,True
STACK,q5_q5-041,11,0.012485980987548828,0.012485980987548828,True
STACK,q5_q5-041,10,0.012485980987548828,0.012485980987548828,True
STACK,q5_q5-041,9,0.012485980987548828,0.012485980987548828,True
STACK,q5_q5-041,8,0.012485980987548828,0.012485980987548828,True
STACK,q5_q5-041,7,0.012485980987548828,0.012485980987548828,True
STACK,q5_q5-041,6,0.012485980987548828,0.012485980987548828,True
STACK,q5_q5-041,5,0.012485980987548828,0.012485980987548828,True
STACK,q5_q5-041,4,0.012485980987548828,0.012485980987548828,True
STACK,q5_q5-041,3,0.012485980987548828,0.012485980987548828,True
STACK,q5_q5-041,2,0.012485980987548828,0.012485980987548828,True
STACK,q5_q5-041,1,0.012485980987548828,0.012485980987548828,True
STACK,q5_q5-041,0,0.012485980987548828,0.012485980987548828,True
STACK,q5_q5-052,63,0.009493395686149597,0.009493395686149597,True
STACK,q5_q5-052,62,0.009493395686149597,0.009493395686149597,True
STACK,q5_q5-052,61,0.009493395686149597,0.009493395686149597,True
STACK,q5_q5-052,60,0.009493395686149597,0.009493395686149597,True
STACK,q5_q5-052,59,0.009493395686149597,0.009493395686149597,True
STACK,q5_q5-052,58,0.009493395686149597,0.009493395686149597,True
STACK,q5_q5-052,57,0.009493395686149597,0.009493395686149597,True
STACK,q5_q5-052,56,0.009493395686149597,0.009493395686149597,True
STACK,q5_q5-052,55,0.009493395686149597,0.009493395686149597,True
STACK,q5_q5-052,54,0.009493395686149597,0.009493395686149597,True
STACK,q5_q5-052,53,0.009493395686149597,0.009493395686149597,True
STACK,q5_q5-052,52,0.009493395686149597,0.009493395686149597,True
STACK,q5_q5-052,51,0.009493395686149597,0.009493395686149597,True
STACK,q5_q5-052,50,0.009493395686149597,0.009493395686149597,True
STACK,q5_q5-052,49,0.009493395686149597,0.009493395686149597,True
STACK,q5_q5-052,48,0.009493395686149597,0.009493395686149597,True
STACK,q5_q5-052,47,0.009493395686149597,0.009493395686149597,True
STACK,q5_q5-052,46,0.009493395686149597,0.009493395686149597,True
STACK,q5_q5-052,45,0.009493395686149597,0.009493395686149597,True
STACK,q5_q5-052,44,0.009493395686149597,0.009493395686149597,True
STACK,q5_q5-052,43,0.009493395686149597,0.009493395686149597,True
STACK,q5_q5-052,42,0.009493395686149597,0.009493395686149597,True
STACK,q5_q5-052,41,0.009493395686149597,0.009493395686149597,True
STACK,q5_q5-052,40,0.009493395686149597,0.009493395686149597,True
STACK,q5_q5-052,39,0.009493395686149597,0.009493395686149597,True
STACK,q5_q5-052,38,0.009493395686149597,0.009493395686149597,True
STACK,q5_q5-052,37,0.009493395686149597,0.009493395686149597,True
STACK,q5_q5-052,36,0.009493395686149597,0.009493395686149597,True
STACK,q5_q5-052,35,0.009493395686149597,0.009493395686149597,True
STACK,q5_q5-052,34,0.009493395686149597,0.009493395686149597,True
STACK,q5_q5-052,33,0.009493395686149597,0.009493395686149597,True
STACK,q5_q5-052,32,0.009493395686149597,0.009493395686149597,True
STACK,q5_q5-052,31,0.009493395686149597,0.009493395686149597,True
STACK,q5_q5-052,30,0.009493395686149597,0.009493395686149597,True
STACK,q5_q5-052,29,0.009493395686149597,0.009493395686149597,True
STACK,q5_q5-052,28,0.009493395686149597,0.009493395686149597,True
STACK,q5_q5-052,27,0.009493395686149597,0.009493395686149597,True
STACK,q5_q5-052,26,0.009493395686149597,0.009493395686149597,True
STACK,q5_q5-052,25,0.009493395686149597,0.009493395686149597,True
STACK,q5_q5-052,24,0.009493395686149597,0.009493395686149597,True
STACK,q5_q5-052,23,0.009493395686149597,0.009493395686149597,True
STACK,q5_q5-052,22,0.009493395686149597,0.009493395686149597,True
STACK,q5_q5-052,21,0.009493395686149597,0.009493395686149597,True
STACK,q5_q5-052,20,0.009493395686149597,0.009493395686149597,True
STACK,q5_q5-052,19,0.009493395686149597,0.009493395686149597,True
STACK,q5_q5-052,18,0.009493395686149597,0.009493395686149597,True
STACK,q5_q5-052,17,0.009493395686149597,0.009493395686149597,True
STACK,q5_q5-052,16,0.009493395686149597,0.009493395686149597,True
STACK,q5_q5-052,15,0.009493395686149597,0.009493395686149597,True
STACK,q5_q5-052,14,0.009493395686149597,0.009493395686149597,True
STACK,q5_q5-052,13,0.009493395686149597,0.009493395686149597,True
STACK,q5_q5-052,12,0.009493395686149597,0.009493395686149597,True
STACK,q5_q5-052,11,0.009493395686149597,0.009493395686149597,True
STACK,q5_q5-052,10,0.009493395686149597,0.009493395686149597,True
STACK,q5_q5-052,9,0.009493395686149597,0.009493395686149597,True
STACK,q5_q5-052,8,0.009493395686149597,0.009493395686149597,True
STACK,q5_q5-052,7,0.009493395686149597,0.009493395686149597,True
STACK,q5_q5-052,6,0.009493395686149597,0.009493395686149597,True
STACK,q5_q5-052,5,0.009493395686149597,0.009493395686149597,True
STACK,q5_q5-052,4,0.009493395686149597,0.009493395686149597,True
STACK,q5_q5-052,3,0.009493395686149597,0.009493395686149597,True
STACK,q5_q5-052,2,0.009493395686149597,0.009493395686149597,True
STACK,q5_q5-052,1,0.009493395686149597,0.009493395686149597,True
STACK,q5_q5-052,0,0.009493395686149597,0.009493395686149597,True
STACK,q5_q5-059,63,0.013488464057445526,0.013488464057445526,True
STACK,q5_q5-059,62,0.013488464057445526,0.013488464057445526,True
STACK,q5_q5-059,61,0.013488464057445526,0.013488464057445526,True
STACK,q5_q5-059,60,0.013488464057445526,0.013488464057445526,True
STACK,q5_q5-059,59,0.013488464057445526,0.013488464057445526,True
STACK,q5_q5-059,58,0.013488464057445526,0.013488464057445526,True
STACK,q5_q5-059,57,0.013488464057445526,0.013488464057445526,True
STACK,q5_q5-059,56,0.013488464057445526,0.013488464057445526,True
STACK,q5_q5-059,55,0.013488464057445526,0.013488464057445526,True
STACK,q5_q5-059,54,0.013488464057445526,0.013488464057445526,True
STACK,q5_q5-059,53,0.013488464057445526,0.013488464057445526,True
STACK,q5_q5-059,52,0.013488464057445526,0.013488464057445526,True
STACK,q5_q5-059,51,0.013488464057445526,0.013488464057445526,True
STACK,q5_q5-059,50,0.013488464057445526,0.013488464057445526,True
STACK,q5_q5-059,49,0.013488464057445526,0.013488464057445526,True
STACK,q5_q5-059,48,0.013488464057445526,0.013488464057445526,True
STACK,q5_q5-059,47,0.013488464057445526,0.013488464057445526,True
STACK,q5_q5-059,46,0.013488464057445526,0.013488464057445526,True
STACK,q5_q5-059,45,0.013488464057445526,0.013488464057445526,True
STACK,q5_q5-059,44,0.013488464057445526,0.013488464057445526,True
STACK,q5_q5-059,43,0.013488464057445526,0.013488464057445526,True
STACK,q5_q5-059,42,0.013488464057445526,0.013488464057445526,True
STACK,q5_q5-059,41,0.013488464057445526,0.013488464057445526,True
STACK,q5_q5-059,40,0.013488464057445526,0.013488464057445526,True
STACK,q5_q5-059,39,0.013488464057445526,0.013488464057445526,True
STACK,q5_q5-059,38,0.013488464057445526,0.013488464057445526,True
STACK,q5_q5-059,37,0.013488464057445526,0.013488464057445526,True
STACK,q5_q5-059,36,0.013488464057445526,0.013488464057445526,True
STACK,q5_q5-059,35,0.013488464057445526,0.013488464057445526,True
STACK,q5_q5-059,34,0.013488464057445526,0.013488464057445526,True
STACK,q5_q5-059,33,0.013488464057445526,0.013488464057445526,True
STACK,q5_q5-059,32,0.013488464057445526,0.013488464057445526,True
STACK,q5_q5-059,31,0.013488464057445526,0.013488464057445526,True
STACK,q5_q5-059,30,0.013488464057445526,0.013488464057445526,True
STACK,q5_q5-059,29,0.013488464057445526,0.013488464057445526,True
STACK,q5_q5-059,28,0.013488464057445526,0.013488464057445526,True
STACK,q5_q5-059,27,0.013488464057445526,0.013488464057445526,True
STACK,q5_q5-059,26,0.013488464057445526,0.013488464057445526,True
STACK,q5_q5-059,25,0.013488464057445526,0.013488464057445526,True
STACK,q5_q5-059,24,0.013488464057445526,0.013488464057445526,True
STACK,q5_q5-059,23,0.013488464057445526,0.013488464057445526,True
STACK,q5_q5-059,22,0.013488464057445526,0.013488464057445526,True
STACK,q5_q5-059,21,0.013488464057445526,0.013488464057445526,True
STACK,q5_q5-059,20,0.013488464057445526,0.013488464057445526,True
STACK,q5_q5-059,19,0.013488464057445526,0.013488464057445526,True
STACK,q5_q5-059,18,0.013488464057445526,0.013488464057445526,True
STACK,q5_q5-059,17,0.013488464057445526,0.013488464057445526,True
STACK,q5_q5-059,16,0.013488464057445526,0.013488464057445526,True
STACK,q5_q5-059,15,0.013488464057445526,0.013488464057445526,True
STACK,q5_q5-059,14,0.013488464057445526,0.013488464057445526,True
STACK,q5_q5-059,13,0.013488464057445526,0.013488464057445526,True
STACK,q5_q5-059,12,0.013488464057445526,0.013488464057445526,True
STACK,q5_q5-059,11,0.013488464057445526,0.013488464057445526,True
STACK,q5_q5-059,10,0.013488464057445526,0.013488464057445526,True
STACK,q5_q5-059,9,0.013488464057445526,0.013488464057445526,True
STACK,q5_q5-059,8,0.013488464057445526,0.013488464057445526,True
STACK,q5_q5-059,7,0.013488464057445526,0.013488464057445526,True
STACK,q5_q5-059,6,0.013488464057445526,0.013488464057445526,True
STACK,q5_q5-059,5,0.013488464057445526,0.013488464057445526,True
STACK,q5_q5-059,4,0.013488464057445526,0.013488464057445526,True
STACK,q5_q5-059,3,0.013488464057445526,0.013488464057445526,True
STACK,q5_q5-059,2,0.013488464057445526,0.013488464057445526,True
STACK,q5_q5-059,1,0.013488464057445526,0.013488464057445526,True
STACK,q5_q5-059,0,0.013488464057445526,0.013488464057445526,True
STACK,q5_q5-077,63,0.009638495743274689,0.009638495743274689,True
STACK,q5_q5-077,62,0.009638495743274689,0.009638495743274689,True
STACK,q5_q5-077,61,0.009638495743274689,0.009638495743274689,True
STACK,q5_q5-077,60,0.009638495743274689,0.009638495743274689,True
STACK,q5_q5-077,59,0.009638495743274689,0.009638495743274689,True
STACK,q5_q5-077,58,0.009638495743274689,0.009638495743274689,True
STACK,q5_q5-077,57,0.009638495743274689,0.009638495743274689,True
STACK,q5_q5-077,56,0.009638495743274689,0.009638495743274689,True
STACK,q5_q5-077,55,0.009638495743274689,0.009638495743274689,True
STACK,q5_q5-077,54,0.009638495743274689,0.009638495743274689,True
STACK,q5_q5-077,53,0.009638495743274689,0.009638495743274689,True
STACK,q5_q5-077,52,0.009638495743274689,0.009638495743274689,True
STACK,q5_q5-077,51,0.009638495743274689,0.009638495743274689,True
STACK,q5_q5-077,50,0.009638495743274689,0.009638495743274689,True
STACK,q5_q5-077,49,0.009638495743274689,0.009638495743274689,True
STACK,q5_q5-077,48,0.009638495743274689,0.009638495743274689,True
STACK,q5_q5-077,47,0.009638495743274689,0.009638495743274689,True
STACK,q5_q5-077,46,0.009638495743274689,0.009638495743274689,True
STACK,q5_q5-077,45,0.009638495743274689,0.009638495743274689,True
STACK,q5_q5-077,44,0.009638495743274689,0.009638495743274689,True
STACK,q5_q5-077,43,0.009638495743274689,0.009638495743274689,True
STACK,q5_q5-077,42,0.009638495743274689,0.009638495743274689,True
STACK,q5_q5-077,41,0.009638495743274689,0.009638495743274689,True
STACK,q5_q5-077,40,0.009638495743274689,0.009638495743274689,True
STACK,q5_q5-077,39,0.009638495743274689,0.009638495743274689,True
STACK,q5_q5-077,38,0.009638495743274689,0.009638495743274689,True
STACK,q5_q5-077,37,0.009638495743274689,0.009638495743274689,True
STACK,q5_q5-077,36,0.009638495743274689,0.009638495743274689,True
STACK,q5_q5-077,35,0.009638495743274689,0.009638495743274689,True
STACK,q5_q5-077,34,0.009638495743274689,0.009638495743274689,True
STACK,q5_q5-077,33,0.009638495743274689,0.009638495743274689,True
STACK,q5_q5-077,32,0.009638495743274689,0.009638495743274689,True
STACK,q5_q5-077,31,0.009638495743274689,0.009638495743274689,True
STACK,q5_q5-077,30,0.009638495743274689,0.009638495743274689,True
STACK,q5_q5-077,29,0.009638495743274689,0.009638495743274689,True
STACK,q5_q5-077,28,0.009638495743274689,0.009638495743274689,True
STACK,q5_q5-077,27,0.009638495743274689,0.009638495743274689,True
STACK,q5_q5-077,26,0.009638495743274689,0.009638495743274689,True
STACK,q5_q5-077,25,0.009638495743274689,0.009638495743274689,True
STACK,q5_q5-077,24,0.009638495743274689,0.009638495743274689,True
STACK,q5_q5-077,23,0.009638495743274689,0.009638495743274689,True
STACK,q5_q5-077,22,0.009638495743274689,0.009638495743274689,True
STACK,q5_q5-077,21,0.009638495743274689,0.009638495743274689,True
STACK,q5_q5-077,20,0.009638495743274689,0.009638495743274689,True
STACK,q5_q5-077,19,0.009638495743274689,0.009638495743274689,True
STACK,q5_q5-077,18,0.009638495743274689,0.009638495743274689,True
STACK,q5_q5-077,17,0.009638495743274689,0.009638495743274689,True
STACK,q5_q5-077,16,0.009638495743274689,0.009638495743274689,True
STACK,q5_q5-077,15,0.009638495743274689,0.009638495743274689,True
STACK,q5_q5-077,14,0.009638495743274689,0.009638495743274689,True
STACK,q5_q5-077,13,0.009638495743274689,0.009638495743274689,True
STACK,q5_q5-077,12,0.009638495743274689,0.009638495743274689,True
STACK,q5_q5-077,11,0.009638495743274689,0.009638495743274689,True
STACK,q5_q5-077,10,0.009638495743274689,0.009638495743274689,True
STACK,q5_q5-077,9,0.009638495743274689,0.009638495743274689,True
STACK,q5_q5-077,8,0.009638495743274689,0.009638495743274689,True
STACK,q5_q5-077,7,0.009638495743274689,0.009638495743274689,True
STACK,q5_q5-077,6,0.009638495743274689,0.009638495743274689,True
STACK,q5_q5-077,5,0.009638495743274689,0.009638495743274689,True
STACK,q5_q5-077,4,0.009638495743274689,0.009638495743274689,True
STACK,q5_q5-077,3,0.009638495743274689,0.009638495743274689,True
STACK,q5_q5-077,2,0.009638495743274689,0.009638495743274689,True
STACK,q5_q5-077,1,0.009638495743274689,0.009638495743274689,True
STACK,q5_q5-077,0,0.009638495743274689,0.009638495743274689,True
STACK,q5_q5-079,63,0.026091746985912323,0.026091746985912323,True
STACK,q5_q5-079,62,0.026091746985912323,0.026091746985912323,True
STACK,q5_q5-079,61,0.026091746985912323,0.026091746985912323,True
STACK,q5_q5-079,60,0.026091746985912323,0.026091746985912323,True
STACK,q5_q5-079,59,0.026091746985912323,0.026091746985912323,True
STACK,q5_q5-079,58,0.026091746985912323,0.026091746985912323,True
STACK,q5_q5-079,57,0.026091746985912323,0.026091746985912323,True
STACK,q5_q5-079,56,0.026091746985912323,0.026091746985912323,True
STACK,q5_q5-079,55,0.026091746985912323,0.026091746985912323,True
STACK,q5_q5-079,54,0.026091746985912323,0.026091746985912323,True
STACK,q5_q5-079,53,0.026091746985912323,0.026091746985912323,True
STACK,q5_q5-079,52,0.026091746985912323,0.026091746985912323,True
STACK,q5_q5-079,51,0.026091746985912323,0.026091746985912323,True
STACK,q5_q5-079,50,0.026091746985912323,0.026091746985912323,True
STACK,q5_q5-079,49,0.026091746985912323,0.026091746985912323,True
STACK,q5_q5-079,48,0.026091746985912323,0.026091746985912323,True
STACK,q5_q5-079,47,0.026091746985912323,0.026091746985912323,True
STACK,q5_q5-079,46,0.026091746985912323,0.026091746985912323,True
STACK,q5_q5-079,45,0.026091746985912323,0.026091746985912323,True
STACK,q5_q5-079,44,0.026091746985912323,0.026091746985912323,True
STACK,q5_q5-079,43,0.026091746985912323,0.026091746985912323,True
STACK,q5_q5-079,42,0.026091746985912323,0.026091746985912323,True
STACK,q5_q5-079,41,0.026091746985912323,0.026091746985912323,True
STACK,q5_q5-079,40,0.026091746985912323,0.026091746985912323,True
STACK,q5_q5-079,39,0.026091746985912323,0.026091746985912323,True
STACK,q5_q5-079,38,0.026091746985912323,0.026091746985912323,True
STACK,q5_q5-079,37,0.026091746985912323,0.026091746985912323,True
STACK,q5_q5-079,36,0.026091746985912323,0.026091746985912323,True
STACK,q5_q5-079,35,0.026091746985912323,0.026091746985912323,True
STACK,q5_q5-079,34,0.026091746985912323,0.026091746985912323,True
STACK,q5_q5-079,33,0.026091746985912323,0.026091746985912323,True
STACK,q5_q5-079,32,0.026091746985912323,0.026091746985912323,True
STACK,q5_q5-079,31,0.026091746985912323,0.026091746985912323,True
STACK,q5_q5-079,30,0.026091746985912323,0.026091746985912323,True
STACK,q5_q5-079,29,0.026091746985912323,0.026091746985912323,True
STACK,q5_q5-079,28,0.026091746985912323,0.026091746985912323,True
STACK,q5_q5-079,27,0.026091746985912323,0.026091746985912323,True
STACK,q5_q5-079,26,0.026091746985912323,0.026091746985912323,True
STACK,q5_q5-079,25,0.026091746985912323,0.026091746985912323,True
STACK,q5_q5-079,24,0.026091746985912323,0.026091746985912323,True
STACK,q5_q5-079,23,0.026091746985912323,0.026091746985912323,True
STACK,q5_q5-079,22,0.026091746985912323,0.026091746985912323,True
STACK,q5_q5-079,21,0.026091746985912323,0.026091746985912323,True
STACK,q5_q5-079,20,0.026091746985912323,0.026091746985912323,True
STACK,q5_q5-079,19,0.026091746985912323,0.026091746985912323,True
STACK,q5_q5-079,18,0.026091746985912323,0.026091746985912323,True
STACK,q5_q5-079,17,0.026091746985912323,0.026091746985912323,True
STACK,q5_q5-079,16,0.026091746985912323,0.026091746985912323,True
STACK,q5_q5-079,15,0.026091746985912323,0.026091746985912323,True
STACK,q5_q5-079,14,0.026091746985912323,0.026091746985912323,True
STACK,q5_q5-079,13,0.026091746985912323,0.026091746985912323,True
STACK,q5_q5-079,12,0.026091746985912323,0.026091746985912323,True
STACK,q5_q5-079,11,0.026091746985912323,0.026091746985912323,True
STACK,q5_q5-079,10,0.026091746985912323,0.026091746985912323,True
STACK,q5_q5-079,9,0.026091746985912323,0.026091746985912323,True
STACK,q5_q5-079,8,0.026091746985912323,0.026091746985912323,True
STACK,q5_q5-079,7,0.026091746985912323,0.026091746985912323,True
STACK,q5_q5-079,6,0.026091746985912323,0.026091746985912323,True
STACK,q5_q5-079,5,0.026091746985912323,0.026091746985912323,True
STACK,q5_q5-079,4,0.026091746985912323,0.026091746985912323,True
STACK,q5_q5-079,3,0.026091746985912323,0.026091746985912323,True
STACK,q5_q5-079,2,0.026091746985912323,0.026091746985912323,True
STACK,q5_q5-079,1,0.026091746985912323,0.026091746985912323,True
STACK,q5_q5-079,0,0.026091746985912323,0.026091746985912323,True
STACK,q5_q5-082,63,0.01612497866153717,0.01612497866153717,True
STACK,q5_q5-082,62,0.01612497866153717,0.01612497866153717,True
STACK,q5_q5-082,61,0.01612497866153717,0.01612497866153717,True
STACK,q5_q5-082,60,0.01612497866153717,0.01612497866153717,True
STACK,q5_q5-082,59,0.01612497866153717,0.01612497866153717,True
STACK,q5_q5-082,58,0.01612497866153717,0.01612497866153717,True
STACK,q5_q5-082,57,0.01612497866153717,0.01612497866153717,True
STACK,q5_q5-082,56,0.01612497866153717,0.01612497866153717,True
STACK,q5_q5-082,55,0.01612497866153717,0.01612497866153717,True
STACK,q5_q5-082,54,0.01612497866153717,0.01612497866153717,True
STACK,q5_q5-082,53,0.01612497866153717,0.01612497866153717,True
STACK,q5_q5-082,52,0.01612497866153717,0.01612497866153717,True
STACK,q5_q5-082,51,0.01612497866153717,0.01612497866153717,True
STACK,q5_q5-082,50,0.01612497866153717,0.01612497866153717,True
STACK,q5_q5-082,49,0.01612497866153717,0.01612497866153717,True
STACK,q5_q5-082,48,0.01612497866153717,0.01612497866153717,True
STACK,q5_q5-082,47,0.01612497866153717,0.01612497866153717,True
STACK,q5_q5-082,46,0.01612497866153717,0.01612497866153717,True
STACK,q5_q5-082,45,0.01612497866153717,0.01612497866153717,True
STACK,q5_q5-082,44,0.01612497866153717,0.01612497866153717,True
STACK,q5_q5-082,43,0.01612497866153717,0.01612497866153717,True
STACK,q5_q5-082,42,0.01612497866153717,0.01612497866153717,True
STACK,q5_q5-082,41,0.01612497866153717,0.01612497866153717,True
STACK,q5_q5-082,40,0.01612497866153717,0.01612497866153717,True
STACK,q5_q5-082,39,0.01612497866153717,0.01612497866153717,True
STACK,q5_q5-082,38,0.01612497866153717,0.01612497866153717,True
STACK,q5_q5-082,37,0.01612497866153717,0.01612497866153717,True
STACK,q5_q5-082,36,0.01612497866153717,0.01612497866153717,True
STACK,q5_q5-082,35,0.01612497866153717,0.01612497866153717,True
STACK,q5_q5-082,34,0.01612497866153717,0.01612497866153717,True
STACK,q5_q5-082,33,0.01612497866153717,0.01612497866153717,True
STACK,q5_q5-082,32,0.01612497866153717,0.01612497866153717,True
STACK,q5_q5-082,31,0.01612497866153717,0.01612497866153717,True
STACK,q5_q5-082,30,0.01612497866153717,0.01612497866153717,True
STACK,q5_q5-082,29,0.01612497866153717,0.01612497866153717,True
STACK,q5_q5-082,28,0.01612497866153717,0.01612497866153717,True
STACK,q5_q5-082,27,0.01612497866153717,0.01612497866153717,True
STACK,q5_q5-082,26,0.01612497866153717,0.01612497866153717,True
STACK,q5_q5-082,25,0.01612497866153717,0.01612497866153717,True
STACK,q5_q5-082,24,0.01612497866153717,0.01612497866153717,True
STACK,q5_q5-082,23,0.01612497866153717,0.01612497866153717,True
STACK,q5_q5-082,22,0.01612497866153717,0.01612497866153717,True
STACK,q5_q5-082,21,0.01612497866153717,0.01612497866153717,True
STACK,q5_q5-082,20,0.01612497866153717,0.01612497866153717,True
STACK,q5_q5-082,19,0.01612497866153717,0.01612497866153717,True
STACK,q5_q5-082,18,0.01612497866153717,0.01612497866153717,True
STACK,q5_q5-082,17,0.01612497866153717,0.01612497866153717,True
STACK,q5_q5-082,16,0.01612497866153717,0.01612497866153717,True
STACK,q5_q5-082,15,0.01612497866153717,0.01612497866153717,True
STACK,q5_q5-082,14,0.01612497866153717,0.01612497866153717,True
STACK,q5_q5-082,13,0.01612497866153717,0.01612497866153717,True
STACK,q5_q5-082,12,0.01612497866153717,0.01612497866153717,True
STACK,q5_q5-082,11,0.01612497866153717,0.01612497866153717,True
STACK,q5_q5-082,10,0.01612497866153717,0.01612497866153717,True
STACK,q5_q5-082,9,0.01612497866153717,0.01612497866153717,True
STACK,q5_q5-082,8,0.01612497866153717,0.01612497866153717,True
STACK,q5_q5-082,7,0.01612497866153717,0.01612497866153717,True
STACK,q5_q5-082,6,0.01612497866153717,0.01612497866153717,True
STACK,q5_q5-082,5,0.01612497866153717,0.01612497866153717,True
STACK,q5_q5-082,4,0.01612497866153717,0.01612497866153717,True
STACK,q5_q5-082,3,0.01612497866153717,0.01612497866153717,True
STACK,q5_q5-082,2,0.01612497866153717,0.01612497866153717,True
STACK,q5_q5-082,1,0.01612497866153717,0.01612497866153717,True
STACK,q5_q5-082,0,0.01612497866153717,0.01612497866153717,True
STACK,q6_q6-002,63,0.01255742460489273,0.01255742460489273,True
STACK,q6_q6-002,62,0.01255742460489273,0.01255742460489273,True
STACK,q6_q6-002,61,0.01255742460489273,0.01255742460489273,True
STACK,q6_q6-002,60,0.01255742460489273,0.01255742460489273,True
STACK,q6_q6-002,59,0.01255742460489273,0.01255742460489273,True
STACK,q6_q6-002,58,0.01255742460489273,0.01255742460489273,True
STACK,q6_q6-002,57,0.01255742460489273,0.01255742460489273,True
STACK,q6_q6-002,56,0.01255742460489273,0.01255742460489273,True
STACK,q6_q6-002,55,0.01255742460489273,0.01255742460489273,True
STACK,q6_q6-002,54,0.01255742460489273,0.01255742460489273,True
STACK,q6_q6-002,53,0.01255742460489273,0.01255742460489273,True
STACK,q6_q6-002,52,0.01255742460489273,0.01255742460489273,True
STACK,q6_q6-002,51,0.01255742460489273,0.01255742460489273,True
STACK,q6_q6-002,50,0.01255742460489273,0.01255742460489273,True
STACK,q6_q6-002,49,0.01255742460489273,0.01255742460489273,True
STACK,q6_q6-002,48,0.01255742460489273,0.01255742460489273,True
STACK,q6_q6-002,47,0.01255742460489273,0.01255742460489273,True
STACK,q6_q6-002,46,0.01255742460489273,0.01255742460489273,True
STACK,q6_q6-002,45,0.01255742460489273,0.01255742460489273,True
STACK,q6_q6-002,44,0.01255742460489273,0.01255742460489273,True
STACK,q6_q6-002,43,0.01255742460489273,0.01255742460489273,True
STACK,q6_q6-002,42,0.01255742460489273,0.01255742460489273,True
STACK,q6_q6-002,41,0.01255742460489273,0.01255742460489273,True
STACK,q6_q6-002,40,0.01255742460489273,0.01255742460489273,True
STACK,q6_q6-002,39,0.01255742460489273,0.01255742460489273,True
STACK,q6_q6-002,38,0.01255742460489273,0.01255742460489273,True
STACK,q6_q6-002,37,0.01255742460489273,0.01255742460489273,True
STACK,q6_q6-002,36,0.01255742460489273,0.01255742460489273,True
STACK,q6_q6-002,35,0.01255742460489273,0.01255742460489273,True
STACK,q6_q6-002,34,0.01255742460489273,0.01255742460489273,True
STACK,q6_q6-002,33,0.01255742460489273,0.01255742460489273,True
STACK,q6_q6-002,32,0.01255742460489273,0.01255742460489273,True
STACK,q6_q6-002,31,0.01255742460489273,0.01255742460489273,True
STACK,q6_q6-002,30,0.01255742460489273,0.01255742460489273,True
STACK,q6_q6-002,29,0.01255742460489273,0.01255742460489273,True
STACK,q6_q6-002,28,0.01255742460489273,0.01255742460489273,True
STACK,q6_q6-002,27,0.01255742460489273,0.01255742460489273,True
STACK,q6_q6-002,26,0.01255742460489273,0.01255742460489273,True
STACK,q6_q6-002,25,0.01255742460489273,0.01255742460489273,True
STACK,q6_q6-002,24,0.01255742460489273,0.01255742460489273,True
STACK,q6_q6-002,23,0.01255742460489273,0.01255742460489273,True
STACK,q6_q6-002,22,0.01255742460489273,0.01255742460489273,True
STACK,q6_q6-002,21,0.01255742460489273,0.01255742460489273,True
STACK,q6_q6-002,20,0.01255742460489273,0.01255742460489273,True
STACK,q6_q6-002,19,0.01255742460489273,0.01255742460489273,True
STACK,q6_q6-002,18,0.01255742460489273,0.01255742460489273,True
STACK,q6_q6-002,17,0.01255742460489273,0.01255742460489273,True
STACK,q6_q6-002,16,0.01255742460489273,0.01255742460489273,True
STACK,q6_q6-002,15,0.01255742460489273,0.01255742460489273,True
STACK,q6_q6-002,14,0.01255742460489273,0.01255742460489273,True
STACK,q6_q6-002,13,0.01255742460489273,0.01255742460489273,True
STACK,q6_q6-002,12,0.01255742460489273,0.01255742460489273,True
STACK,q6_q6-002,11,0.01255742460489273,0.01255742460489273,True
STACK,q6_q6-002,10,0.01255742460489273,0.01255742460489273,True
STACK,q6_q6-002,9,0.01255742460489273,0.01255742460489273,True
STACK,q6_q6-002,8,0.01255742460489273,0.01255742460489273,True
STACK,q6_q6-002,7,0.01255742460489273,0.01255742460489273,True
STACK,q6_q6-002,6,0.01255742460489273,0.01255742460489273,True
STACK,q6_q6-002,5,0.01255742460489273,0.01255742460489273,True
STACK,q6_q6-002,4,0.01255742460489273,0.01255742460489273,True
STACK,q6_q6-002,3,0.01255742460489273,0.01255742460489273,True
STACK,q6_q6-002,2,0.01255742460489273,0.01255742460489273,True
STACK,q6_q6-002,1,0.01255742460489273,0.01255742460489273,True
STACK,q6_q6-002,0,0.01255742460489273,0.01255742460489273,True
STACK,q6_q6-009,63,0.009362556040287018,0.009362556040287018,True
STACK,q6_q6-009,62,0.009362556040287018,0.009362556040287018,True
STACK,q6_q6-009,61,0.009362556040287018,0.009362556040287018,True
STACK,q6_q6-009,60,0.009362556040287018,0.009362556040287018,True
STACK,q6_q6-009,59,0.009362556040287018,0.009362556040287018,True
STACK,q6_q6-009,58,0.009362556040287018,0.009362556040287018,True
STACK,q6_q6-009,57,0.009362556040287018,0.009362556040287018,True
STACK,q6_q6-009,56,0.009362556040287018,0.009362556040287018,True
STACK,q6_q6-009,55,0.009362556040287018,0.009362556040287018,True
STACK,q6_q6-009,54,0.009362556040287018,0.009362556040287018,True
STACK,q6_q6-009,53,0.009362556040287018,0.009362556040287018,True
STACK,q6_q6-009,52,0.009362556040287018,0.009362556040287018,True
STACK,q6_q6-009,51,0.009362556040287018,0.009362556040287018,True
STACK,q6_q6-009,50,0.009362556040287018,0.009362556040287018,True
STACK,q6_q6-009,49,0.009362556040287018,0.009362556040287018,True
STACK,q6_q6-009,48,0.009362556040287018,0.009362556040287018,True
STACK,q6_q6-009,47,0.009362556040287018,0.009362556040287018,True
STACK,q6_q6-009,46,0.009362556040287018,0.009362556040287018,True
STACK,q6_q6-009,45,0.009362556040287018,0.009362556040287018,True
STACK,q6_q6-009,44,0.009362556040287018,0.009362556040287018,True
STACK,q6_q6-009,43,0.009362556040287018,0.009362556040287018,True
STACK,q6_q6-009,42,0.009362556040287018,0.009362556040287018,True
STACK,q6_q6-009,41,0.009362556040287018,0.009362556040287018,True
STACK,q6_q6-009,40,0.009362556040287018,0.009362556040287018,True
STACK,q6_q6-009,39,0.009362556040287018,0.009362556040287018,True
STACK,q6_q6-009,38,0.009362556040287018,0.009362556040287018,True
STACK,q6_q6-009,37,0.009362556040287018,0.009362556040287018,True
STACK,q6_q6-009,36,0.009362556040287018,0.009362556040287018,True
STACK,q6_q6-009,35,0.009362556040287018,0.009362556040287018,True
STACK,q6_q6-009,34,0.009362556040287018,0.009362556040287018,True
STACK,q6_q6-009,33,0.009362556040287018,0.009362556040287018,True
STACK,q6_q6-009,32,0.009362556040287018,0.009362556040287018,True
STACK,q6_q6-009,31,0.009362556040287018,0.009362556040287018,True
STACK,q6_q6-009,30,0.009362556040287018,0.009362556040287018,True
STACK,q6_q6-009,29,0.009362556040287018,0.009362556040287018,True
STACK,q6_q6-009,28,0.009362556040287018,0.009362556040287018,True
STACK,q6_q6-009,27,0.009362556040287018,0.009362556040287018,True
STACK,q6_q6-009,26,0.009362556040287018,0.009362556040287018,True
STACK,q6_q6-009,25,0.009362556040287018,0.009362556040287018,True
STACK,q6_q6-009,24,0.009362556040287018,0.009362556040287018,True
STACK,q6_q6-009,23,0.009362556040287018,0.009362556040287018,True
STACK,q6_q6-009,22,0.009362556040287018,0.009362556040287018,True
STACK,q6_q6-009,21,0.009362556040287018,0.009362556040287018,True
STACK,q6_q6-009,20,0.009362556040287018,0.009362556040287018,True
STACK,q6_q6-009,19,0.009362556040287018,0.009362556040287018,True
STACK,q6_q6-009,18,0.009362556040287018,0.009362556040287018,True
STACK,q6_q6-009,17,0.009362556040287018,0.009362556040287018,True
STACK,q6_q6-009,16,0.009362556040287018,0.009362556040287018,True
STACK,q6_q6-009,15,0.009362556040287018,0.009362556040287018,True
STACK,q6_q6-009,14,0.009362556040287018,0.009362556040287018,True
STACK,q6_q6-009,13,0.009362556040287018,0.009362556040287018,True
STACK,q6_q6-009,12,0.009362556040287018,0.009362556040287018,True
STACK,q6_q6-009,11,0.009362556040287018,0.009362556040287018,True
STACK,q6_q6-009,10,0.009362556040287018,0.009362556040287018,True
STACK,q6_q6-009,9,0.009362556040287018,0.009362556040287018,True
STACK,q6_q6-009,8,0.009362556040287018,0.009362556040287018,True
STACK,q6_q6-009,7,0.009362556040287018,0.009362556040287018,True
STACK,q6_q6-009,6,0.009362556040287018,0.009362556040287018,True
STACK,q6_q6-009,5,0.009362556040287018,0.009362556040287018,True
STACK,q6_q6-009,4,0.009362556040287018,0.009362556040287018,True
STACK,q6_q6-009,3,0.009362556040287018,0.009362556040287018,True
STACK,q6_q6-009,2,0.009362556040287018,0.009362556040287018,True
STACK,q6_q6-009,1,0.009362556040287018,0.009362556040287018,True
STACK,q6_q6-009,0,0.009362556040287018,0.009362556040287018,True
STACK,q6_q6-060,63,0.013385556638240814,0.013385556638240814,True
STACK,q6_q6-060,62,0.013385556638240814,0.013385556638240814,True
STACK,q6_q6-060,61,0.013385556638240814,0.013385556638240814,True
STACK,q6_q6-060,60,0.013385556638240814,0.013385556638240814,True
STACK,q6_q6-060,59,0.013385556638240814,0.013385556638240814,True
STACK,q6_q6-060,58,0.013385556638240814,0.013385556638240814,True
STACK,q6_q6-060,57,0.013385556638240814,0.013385556638240814,True
STACK,q6_q6-060,56,0.013385556638240814,0.013385556638240814,True
STACK,q6_q6-060,55,0.013385556638240814,0.013385556638240814,True
STACK,q6_q6-060,54,0.013385556638240814,0.013385556638240814,True
STACK,q6_q6-060,53,0.013385556638240814,0.013385556638240814,True
STACK,q6_q6-060,52,0.013385556638240814,0.013385556638240814,True
STACK,q6_q6-060,51,0.013385556638240814,0.013385556638240814,True
STACK,q6_q6-060,50,0.013385556638240814,0.013385556638240814,True
STACK,q6_q6-060,49,0.013385556638240814,0.013385556638240814,True
STACK,q6_q6-060,48,0.013385556638240814,0.013385556638240814,True
STACK,q6_q6-060,47,0.013385556638240814,0.013385556638240814,True
STACK,q6_q6-060,46,0.013385556638240814,0.013385556638240814,True
STACK,q6_q6-060,45,0.013385556638240814,0.013385556638240814,True
STACK,q6_q6-060,44,0.013385556638240814,0.013385556638240814,True
STACK,q6_q6-060,43,0.013385556638240814,0.013385556638240814,True
STACK,q6_q6-060,42,0.013385556638240814,0.013385556638240814,True
STACK,q6_q6-060,41,0.013385556638240814,0.013385556638240814,True
STACK,q6_q6-060,40,0.013385556638240814,0.013385556638240814,True
STACK,q6_q6-060,39,0.013385556638240814,0.013385556638240814,True
STACK,q6_q6-060,38,0.013385556638240814,0.013385556638240814,True
STACK,q6_q6-060,37,0.013385556638240814,0.013385556638240814,True
STACK,q6_q6-060,36,0.013385556638240814,0.013385556638240814,True
STACK,q6_q6-060,35,0.013385556638240814,0.013385556638240814,True
STACK,q6_q6-060,34,0.013385556638240814,0.013385556638240814,True
STACK,q6_q6-060,33,0.013385556638240814,0.013385556638240814,True
STACK,q6_q6-060,32,0.013385556638240814,0.013385556638240814,True
STACK,q6_q6-060,31,0.013385556638240814,0.013385556638240814,True
STACK,q6_q6-060,30,0.013385556638240814,0.013385556638240814,True
STACK,q6_q6-060,29,0.013385556638240814,0.013385556638240814,True
STACK,q6_q6-060,28,0.013385556638240814,0.013385556638240814,True
STACK,q6_q6-060,27,0.013385556638240814,0.013385556638240814,True
STACK,q6_q6-060,26,0.013385556638240814,0.013385556638240814,True
STACK,q6_q6-060,25,0.013385556638240814,0.013385556638240814,True
STACK,q6_q6-060,24,0.013385556638240814,0.013385556638240814,True
STACK,q6_q6-060,23,0.013385556638240814,0.013385556638240814,True
STACK,q6_q6-060,22,0.013385556638240814,0.013385556638240814,True
STACK,q6_q6-060,21,0.013385556638240814,0.013385556638240814,True
STACK,q6_q6-060,20,0.013385556638240814,0.013385556638240814,True
STACK,q6_q6-060,19,0.013385556638240814,0.013385556638240814,True
STACK,q6_q6-060,18,0.013385556638240814,0.013385556638240814,True
STACK,q6_q6-060,17,0.013385556638240814,0.013385556638240814,True
STACK,q6_q6-060,16,0.013385556638240814,0.013385556638240814,True
STACK,q6_q6-060,15,0.013385556638240814,0.013385556638240814,True
STACK,q6_q6-060,14,0.013385556638240814,0.013385556638240814,True
STACK,q6_q6-060,13,0.013385556638240814,0.013385556638240814,True
STACK,q6_q6-060,12,0.013385556638240814,0.013385556638240814,True
STACK,q6_q6-060,11,0.013385556638240814,0.013385556638240814,True
STACK,q6_q6-060,10,0.013385556638240814,0.013385556638240814,True
STACK,q6_q6-060,9,0.013385556638240814,0.013385556638240814,True
STACK,q6_q6-060,8,0.013385556638240814,0.013385556638240814,True
STACK,q6_q6-060,7,0.013385556638240814,0.013385556638240814,True
STACK,q6_q6-060,6,0.013385556638240814,0.013385556638240814,True
STACK,q6_q6-060,5,0.013385556638240814,0.013385556638240814,True
STACK,q6_q6-060,4,0.013385556638240814,0.013385556638240814,True
STACK,q6_q6-060,3,0.013385556638240814,0.013385556638240814,True
STACK,q6_q6-060,2,0.013385556638240814,0.013385556638240814,True
STACK,q6_q6-060,1,0.013385556638240814,0.013385556638240814,True
STACK,q6_q6-060,0,0.013385556638240814,0.013385556638240814,True
STACK,q6_q6-064,63,0.009310819208621979,0.009310819208621979,True
STACK,q6_q6-064,62,0.009310819208621979,0.009310819208621979,True
STACK,q6_q6-064,61,0.009310819208621979,0.009310819208621979,True
STACK,q6_q6-064,60,0.009310819208621979,0.009310819208621979,True
STACK,q6_q6-064,59,0.009310819208621979,0.009310819208621979,True
STACK,q6_q6-064,58,0.009310819208621979,0.009310819208621979,True
STACK,q6_q6-064,57,0.009310819208621979,0.009310819208621979,True
STACK,q6_q6-064,56,0.009310819208621979,0.009310819208621979,True
STACK,q6_q6-064,55,0.009310819208621979,0.009310819208621979,True
STACK,q6_q6-064,54,0.009310819208621979,0.009310819208621979,True
STACK,q6_q6-064,53,0.009310819208621979,0.009310819208621979,True
STACK,q6_q6-064,52,0.009310819208621979,0.009310819208621979,True
STACK,q6_q6-064,51,0.009310819208621979,0.009310819208621979,True
STACK,q6_q6-064,50,0.009310819208621979,0.009310819208621979,True
STACK,q6_q6-064,49,0.009310819208621979,0.009310819208621979,True
STACK,q6_q6-064,48,0.009310819208621979,0.009310819208621979,True
STACK,q6_q6-064,47,0.009310819208621979,0.009310819208621979,True
STACK,q6_q6-064,46,0.009310819208621979,0.009310819208621979,True
STACK,q6_q6-064,45,0.009310819208621979,0.009310819208621979,True
STACK,q6_q6-064,44,0.009310819208621979,0.009310819208621979,True
STACK,q6_q6-064,43,0.009310819208621979,0.009310819208621979,True
STACK,q6_q6-064,42,0.009310819208621979,0.009310819208621979,True
STACK,q6_q6-064,41,0.009310819208621979,0.009310819208621979,True
STACK,q6_q6-064,40,0.009310819208621979,0.009310819208621979,True
STACK,q6_q6-064,39,0.009310819208621979,0.009310819208621979,True
STACK,q6_q6-064,38,0.009310819208621979,0.009310819208621979,True
STACK,q6_q6-064,37,0.009310819208621979,0.009310819208621979,True
STACK,q6_q6-064,36,0.009310819208621979,0.009310819208621979,True
STACK,q6_q6-064,35,0.009310819208621979,0.009310819208621979,True
STACK,q6_q6-064,34,0.009310819208621979,0.009310819208621979,True
STACK,q6_q6-064,33,0.009310819208621979,0.009310819208621979,True
STACK,q6_q6-064,32,0.009310819208621979,0.009310819208621979,True
STACK,q6_q6-064,31,0.009310819208621979,0.009310819208621979,True
STACK,q6_q6-064,30,0.009310819208621979,0.009310819208621979,True
STACK,q6_q6-064,29,0.009310819208621979,0.009310819208621979,True
STACK,q6_q6-064,28,0.009310819208621979,0.009310819208621979,True
STACK,q6_q6-064,27,0.009310819208621979,0.009310819208621979,True
STACK,q6_q6-064,26,0.009310819208621979,0.009310819208621979,True
STACK,q6_q6-064,25,0.009310819208621979,0.009310819208621979,True
STACK,q6_q6-064,24,0.009310819208621979,0.009310819208621979,True
STACK,q6_q6-064,23,0.009310819208621979,0.009310819208621979,True
STACK,q6_q6-064,22,0.009310819208621979,0.009310819208621979,True
STACK,q6_q6-064,21,0.009310819208621979,0.009310819208621979,True
STACK,q6_q6-064,20,0.009310819208621979,0.009310819208621979,True
STACK,q6_q6-064,19,0.009310819208621979,0.009310819208621979,True
STACK,q6_q6-064,18,0.009310819208621979,0.009310819208621979,True
STACK,q6_q6-064,17,0.009310819208621979,0.009310819208621979,True
STACK,q6_q6-064,16,0.009310819208621979,0.009310819208621979,True
STACK,q6_q6-064,15,0.009310819208621979,0.009310819208621979,True
STACK,q6_q6-064,14,0.009310819208621979,0.009310819208621979,True
STACK,q6_q6-064,13,0.009310819208621979,0.009310819208621979,True
STACK,q6_q6-064,12,0.009310819208621979,0.009310819208621979,True
STACK,q6_q6-064,11,0.009310819208621979,0.009310819208621979,True
STACK,q6_q6-064,10,0.009310819208621979,0.009310819208621979,True
STACK,q6_q6-064,9,0.009310819208621979,0.009310819208621979,True
STACK,q6_q6-064,8,0.009310819208621979,0.009310819208621979,True
STACK,q6_q6-064,7,0.009310819208621979,0.009310819208621979,True
STACK,q6_q6-064,6,0.009310819208621979,0.009310819208621979,True
STACK,q6_q6-064,5,0.009310819208621979,0.009310819208621979,True
STACK,q6_q6-064,4,0.009310819208621979,0.009310819208621979,True
STACK,q6_q6-064,3,0.009310819208621979,0.009310819208621979,True
STACK,q6_q6-064,2,0.009310819208621979,0.009310819208621979,True
STACK,q6_q6-064,1,0.009310819208621979,0.009310819208621979,True
STACK,q6_q6-064,0,0.009310819208621979,0.009310819208621979,True
STACK,q6_q6-065,63,0.00878334790468216,0.00878334790468216,True
STACK,q6_q6-065,62,0.00878334790468216,0.00878334790468216,True
STACK,q6_q6-065,61,0.00878334790468216,0.00878334790468216,True
STACK,q6_q6-065,60,0.00878334790468216,0.00878334790468216,True
STACK,q6_q6-065,59,0.00878334790468216,0.00878334790468216,True
STACK,q6_q6-065,58,0.00878334790468216,0.00878334790468216,True
STACK,q6_q6-065,57,0.00878334790468216,0.00878334790468216,True
STACK,q6_q6-065,56,0.00878334790468216,0.00878334790468216,True
STACK,q6_q6-065,55,0.00878334790468216,0.00878334790468216,True
STACK,q6_q6-065,54,0.00878334790468216,0.00878334790468216,True
STACK,q6_q6-065,53,0.00878334790468216,0.00878334790468216,True
STACK,q6_q6-065,52,0.00878334790468216,0.00878334790468216,True
STACK,q6_q6-065,51,0.00878334790468216,0.00878334790468216,True
STACK,q6_q6-065,50,0.00878334790468216,0.00878334790468216,True
STACK,q6_q6-065,49,0.00878334790468216,0.00878334790468216,True
STACK,q6_q6-065,48,0.00878334790468216,0.00878334790468216,True
STACK,q6_q6-065,47,0.00878334790468216,0.00878334790468216,True
STACK,q6_q6-065,46,0.00878334790468216,0.00878334790468216,True
STACK,q6_q6-065,45,0.00878334790468216,0.00878334790468216,True
STACK,q6_q6-065,44,0.00878334790468216,0.00878334790468216,True
STACK,q6_q6-065,43,0.00878334790468216,0.00878334790468216,True
STACK,q6_q6-065,42,0.00878334790468216,0.00878334790468216,True
STACK,q6_q6-065,41,0.00878334790468216,0.00878334790468216,True
STACK,q6_q6-065,40,0.00878334790468216,0.00878334790468216,True
STACK,q6_q6-065,39,0.00878334790468216,0.00878334790468216,True
STACK,q6_q6-065,38,0.00878334790468216,0.00878334790468216,True
STACK,q6_q6-065,37,0.00878334790468216,0.00878334790468216,True
STACK,q6_q6-065,36,0.00878334790468216,0.00878334790468216,True
STACK,q6_q6-065,35,0.00878334790468216,0.00878334790468216,True
STACK,q6_q6-065,34,0.00878334790468216,0.00878334790468216,True
STACK,q6_q6-065,33,0.00878334790468216,0.00878334790468216,True
STACK,q6_q6-065,32,0.00878334790468216,0.00878334790468216,True
STACK,q6_q6-065,31,0.00878334790468216,0.00878334790468216,True
STACK,q6_q6-065,30,0.00878334790468216,0.00878334790468216,True
STACK,q6_q6-065,29,0.00878334790468216,0.00878334790468216,True
STACK,q6_q6-065,28,0.00878334790468216,0.00878334790468216,True
STACK,q6_q6-065,27,0.00878334790468216,0.00878334790468216,True
STACK,q6_q6-065,26,0.00878334790468216,0.00878334790468216,True
STACK,q6_q6-065,25,0.00878334790468216,0.00878334790468216,True
STACK,q6_q6-065,24,0.00878334790468216,0.00878334790468216,True
STACK,q6_q6-065,23,0.00878334790468216,0.00878334790468216,True
STACK,q6_q6-065,22,0.00878334790468216,0.00878334790468216,True
STACK,q6_q6-065,21,0.00878334790468216,0.00878334790468216,True
STACK,q6_q6-065,20,0.00878334790468216,0.00878334790468216,True
STACK,q6_q6-065,19,0.00878334790468216,0.00878334790468216,True
STACK,q6_q6-065,18,0.00878334790468216,0.00878334790468216,True
STACK,q6_q6-065,17,0.00878334790468216,0.00878334790468216,True
STACK,q6_q6-065,16,0.00878334790468216,0.00878334790468216,True
STACK,q6_q6-065,15,0.00878334790468216,0.00878334790468216,True
STACK,q6_q6-065,14,0.00878334790468216,0.00878334790468216,True
STACK,q6_q6-065,13,0.00878334790468216,0.00878334790468216,True
STACK,q6_q6-065,12,0.00878334790468216,0.00878334790468216,True
STACK,q6_q6-065,11,0.00878334790468216,0.00878334790468216,True
STACK,q6_q6-065,10,0.00878334790468216,0.00878334790468216,True
STACK,q6_q6-065,9,0.00878334790468216,0.00878334790468216,True
STACK,q6_q6-065,8,0.00878334790468216,0.00878334790468216,True
STACK,q6_q6-065,7,0.00878334790468216,0.00878334790468216,True
STACK,q6_q6-065,6,0.00878334790468216,0.00878334790468216,True
STACK,q6_q6-065,5,0.00878334790468216,0.00878334790468216,True
STACK,q6_q6-065,4,0.00878334790468216,0.00878334790468216,True
STACK,q6_q6-065,3,0.00878334790468216,0.00878334790468216,True
STACK,q6_q6-065,2,0.00878334790468216,0.00878334790468216,True
STACK,q6_q6-065,1,0.00878334790468216,0.00878334790468216,True
STACK,q6_q6-065,0,0.00878334790468216,0.00878334790468216,True
STACK,q6_q6-067,63,0.010847367346286774,0.010847367346286774,True
STACK,q6_q6-067,62,0.010847367346286774,0.010847367346286774,True
STACK,q6_q6-067,61,0.010847367346286774,0.010847367346286774,True
STACK,q6_q6-067,60,0.010847367346286774,0.010847367346286774,True
STACK,q6_q6-067,59,0.010847367346286774,0.010847367346286774,True
STACK,q6_q6-067,58,0.010847367346286774,0.010847367346286774,True
STACK,q6_q6-067,57,0.010847367346286774,0.010847367346286774,True
STACK,q6_q6-067,56,0.010847367346286774,0.010847367346286774,True
STACK,q6_q6-067,55,0.010847367346286774,0.010847367346286774,True
STACK,q6_q6-067,54,0.010847367346286774,0.010847367346286774,True
STACK,q6_q6-067,53,0.010847367346286774,0.010847367346286774,True
STACK,q6_q6-067,52,0.010847367346286774,0.010847367346286774,True
STACK,q6_q6-067,51,0.010847367346286774,0.010847367346286774,True
STACK,q6_q6-067,50,0.010847367346286774,0.010847367346286774,True
STACK,q6_q6-067,49,0.010847367346286774,0.010847367346286774,True
STACK,q6_q6-067,48,0.010847367346286774,0.010847367346286774,True
STACK,q6_q6-067,47,0.010847367346286774,0.010847367346286774,True
STACK,q6_q6-067,46,0.010847367346286774,0.010847367346286774,True
STACK,q6_q6-067,45,0.010847367346286774,0.010847367346286774,True
STACK,q6_q6-067,44,0.010847367346286774,0.010847367346286774,True
STACK,q6_q6-067,43,0.010847367346286774,0.010847367346286774,True
STACK,q6_q6-067,42,0.010847367346286774,0.010847367346286774,True
STACK,q6_q6-067,41,0.010847367346286774,0.010847367346286774,True
STACK,q6_q6-067,40,0.010847367346286774,0.010847367346286774,True
STACK,q6_q6-067,39,0.010847367346286774,0.010847367346286774,True
STACK,q6_q6-067,38,0.010847367346286774,0.010847367346286774,True
STACK,q6_q6-067,37,0.010847367346286774,0.010847367346286774,True
STACK,q6_q6-067,36,0.010847367346286774,0.010847367346286774,True
STACK,q6_q6-067,35,0.010847367346286774,0.010847367346286774,True
STACK,q6_q6-067,34,0.010847367346286774,0.010847367346286774,True
STACK,q6_q6-067,33,0.010847367346286774,0.010847367346286774,True
STACK,q6_q6-067,32,0.010847367346286774,0.010847367346286774,True
STACK,q6_q6-067,31,0.010847367346286774,0.010847367346286774,True
STACK,q6_q6-067,30,0.010847367346286774,0.010847367346286774,True
STACK,q6_q6-067,29,0.010847367346286774,0.010847367346286774,True
STACK,q6_q6-067,28,0.010847367346286774,0.010847367346286774,True
STACK,q6_q6-067,27,0.010847367346286774,0.010847367346286774,True
STACK,q6_q6-067,26,0.010847367346286774,0.010847367346286774,True
STACK,q6_q6-067,25,0.010847367346286774,0.010847367346286774,True
STACK,q6_q6-067,24,0.010847367346286774,0.010847367346286774,True
STACK,q6_q6-067,23,0.010847367346286774,0.010847367346286774,True
STACK,q6_q6-067,22,0.010847367346286774,0.010847367346286774,True
STACK,q6_q6-067,21,0.010847367346286774,0.010847367346286774,True
STACK,q6_q6-067,20,0.010847367346286774,0.010847367346286774,True
STACK,q6_q6-067,19,0.010847367346286774,0.010847367346286774,True
STACK,q6_q6-067,18,0.010847367346286774,0.010847367346286774,True
STACK,q6_q6-067,17,0.010847367346286774,0.010847367346286774,True
STACK,q6_q6-067,16,0.010847367346286774,0.010847367346286774,True
STACK,q6_q6-067,15,0.010847367346286774,0.010847367346286774,True
STACK,q6_q6-067,14,0.010847367346286774,0.010847367346286774,True
STACK,q6_q6-067,13,0.010847367346286774,0.010847367346286774,True
STACK,q6_q6-067,12,0.010847367346286774,0.010847367346286774,True
STACK,q6_q6-067,11,0.010847367346286774,0.010847367346286774,True
STACK,q6_q6-067,10,0.010847367346286774,0.010847367346286774,True
STACK,q6_q6-067,9,0.010847367346286774,0.010847367346286774,True
STACK,q6_q6-067,8,0.010847367346286774,0.010847367346286774,True
STACK,q6_q6-067,7,0.010847367346286774,0.010847367346286774,True
STACK,q6_q6-067,6,0.010847367346286774,0.010847367346286774,True
STACK,q6_q6-067,5,0.010847367346286774,0.010847367346286774,True
STACK,q6_q6-067,4,0.010847367346286774,0.010847367346286774,True
STACK,q6_q6-067,3,0.010847367346286774,0.010847367346286774,True
STACK,q6_q6-067,2,0.010847367346286774,0.010847367346286774,True
STACK,q6_q6-067,1,0.010847367346286774,0.010847367346286774,True
STACK,q6_q6-067,0,0.010847367346286774,0.010847367346286774,True
STACK,q6_q6-069,63,0.00958561897277832,0.00958561897277832,True
STACK,q6_q6-069,62,0.00958561897277832,0.00958561897277832,True
STACK,q6_q6-069,61,0.00958561897277832,0.00958561897277832,True
STACK,q6_q6-069,60,0.00958561897277832,0.00958561897277832,True
STACK,q6_q6-069,59,0.00958561897277832,0.00958561897277832,True
STACK,q6_q6-069,58,0.00958561897277832,0.00958561897277832,True
STACK,q6_q6-069,57,0.00958561897277832,0.00958561897277832,True
STACK,q6_q6-069,56,0.00958561897277832,0.00958561897277832,True
STACK,q6_q6-069,55,0.00958561897277832,0.00958561897277832,True
STACK,q6_q6-069,54,0.00958561897277832,0.00958561897277832,True
STACK,q6_q6-069,53,0.00958561897277832,0.00958561897277832,True
STACK,q6_q6-069,52,0.00958561897277832,0.00958561897277832,True
STACK,q6_q6-069,51,0.00958561897277832,0.00958561897277832,True
STACK,q6_q6-069,50,0.00958561897277832,0.00958561897277832,True
STACK,q6_q6-069,49,0.00958561897277832,0.00958561897277832,True
STACK,q6_q6-069,48,0.00958561897277832,0.00958561897277832,True
STACK,q6_q6-069,47,0.00958561897277832,0.00958561897277832,True
STACK,q6_q6-069,46,0.00958561897277832,0.00958561897277832,True
STACK,q6_q6-069,45,0.00958561897277832,0.00958561897277832,True
STACK,q6_q6-069,44,0.00958561897277832,0.00958561897277832,True
STACK,q6_q6-069,43,0.00958561897277832,0.00958561897277832,True
STACK,q6_q6-069,42,0.00958561897277832,0.00958561897277832,True
STACK,q6_q6-069,41,0.00958561897277832,0.00958561897277832,True
STACK,q6_q6-069,40,0.00958561897277832,0.00958561897277832,True
STACK,q6_q6-069,39,0.00958561897277832,0.00958561897277832,True
STACK,q6_q6-069,38,0.00958561897277832,0.00958561897277832,True
STACK,q6_q6-069,37,0.00958561897277832,0.00958561897277832,True
STACK,q6_q6-069,36,0.00958561897277832,0.00958561897277832,True
STACK,q6_q6-069,35,0.00958561897277832,0.00958561897277832,True
STACK,q6_q6-069,34,0.00958561897277832,0.00958561897277832,True
STACK,q6_q6-069,33,0.00958561897277832,0.00958561897277832,True
STACK,q6_q6-069,32,0.00958561897277832,0.00958561897277832,True
STACK,q6_q6-069,31,0.00958561897277832,0.00958561897277832,True
STACK,q6_q6-069,30,0.00958561897277832,0.00958561897277832,True
STACK,q6_q6-069,29,0.00958561897277832,0.00958561897277832,True
STACK,q6_q6-069,28,0.00958561897277832,0.00958561897277832,True
STACK,q6_q6-069,27,0.00958561897277832,0.00958561897277832,True
STACK,q6_q6-069,26,0.00958561897277832,0.00958561897277832,True
STACK,q6_q6-069,25,0.00958561897277832,0.00958561897277832,True
STACK,q6_q6-069,24,0.00958561897277832,0.00958561897277832,True
STACK,q6_q6-069,23,0.00958561897277832,0.00958561897277832,True
STACK,q6_q6-069,22,0.00958561897277832,0.00958561897277832,True
STACK,q6_q6-069,21,0.00958561897277832,0.00958561897277832,True
STACK,q6_q6-069,20,0.00958561897277832,0.00958561897277832,True
STACK,q6_q6-069,19,0.00958561897277832,0.00958561897277832,True
STACK,q6_q6-069,18,0.00958561897277832,0.00958561897277832,True
STACK,q6_q6-069,17,0.00958561897277832,0.00958561897277832,True
STACK,q6_q6-069,16,0.00958561897277832,0.00958561897277832,True
STACK,q6_q6-069,15,0.00958561897277832,0.00958561897277832,True
STACK,q6_q6-069,14,0.00958561897277832,0.00958561897277832,True
STACK,q6_q6-069,13,0.00958561897277832,0.00958561897277832,True
STACK,q6_q6-069,12,0.00958561897277832,0.00958561897277832,True
STACK,q6_q6-069,11,0.00958561897277832,0.00958561897277832,True
STACK,q6_q6-069,10,0.00958561897277832,0.00958561897277832,True
STACK,q6_q6-069,9,0.00958561897277832,0.00958561897277832,True
STACK,q6_q6-069,8,0.00958561897277832,0.00958561897277832,True
STACK,q6_q6-069,7,0.00958561897277832,0.00958561897277832,True
STACK,q6_q6-069,6,0.00958561897277832,0.00958561897277832,True
STACK,q6_q6-069,5,0.00958561897277832,0.00958561897277832,True
STACK,q6_q6-069,4,0.00958561897277832,0.00958561897277832,True
STACK,q6_q6-069,3,0.00958561897277832,0.00958561897277832,True
STACK,q6_q6-069,2,0.00958561897277832,0.00958561897277832,True
STACK,q6_q6-069,1,0.00958561897277832,0.00958561897277832,True
STACK,q6_q6-069,0,0.00958561897277832,0.00958561897277832,True
STACK,q6_q6-085,63,0.009623035788536072,0.009623035788536072,True
STACK,q6_q6-085,62,0.009623035788536072,0.009623035788536072,True
STACK,q6_q6-085,61,0.009623035788536072,0.009623035788536072,True
STACK,q6_q6-085,60,0.009623035788536072,0.009623035788536072,True
STACK,q6_q6-085,59,0.009623035788536072,0.009623035788536072,True
STACK,q6_q6-085,58,0.009623035788536072,0.009623035788536072,True
STACK,q6_q6-085,57,0.009623035788536072,0.009623035788536072,True
STACK,q6_q6-085,56,0.009623035788536072,0.009623035788536072,True
STACK,q6_q6-085,55,0.009623035788536072,0.009623035788536072,True
STACK,q6_q6-085,54,0.009623035788536072,0.009623035788536072,True
STACK,q6_q6-085,53,0.009623035788536072,0.009623035788536072,True
STACK,q6_q6-085,52,0.009623035788536072,0.009623035788536072,True
STACK,q6_q6-085,51,0.009623035788536072,0.009623035788536072,True
STACK,q6_q6-085,50,0.009623035788536072,0.009623035788536072,True
STACK,q6_q6-085,49,0.009623035788536072,0.009623035788536072,True
STACK,q6_q6-085,48,0.009623035788536072,0.009623035788536072,True
STACK,q6_q6-085,47,0.009623035788536072,0.009623035788536072,True
STACK,q6_q6-085,46,0.009623035788536072,0.009623035788536072,True
STACK,q6_q6-085,45,0.009623035788536072,0.009623035788536072,True
STACK,q6_q6-085,44,0.009623035788536072,0.009623035788536072,True
STACK,q6_q6-085,43,0.009623035788536072,0.009623035788536072,True
STACK,q6_q6-085,42,0.009623035788536072,0.009623035788536072,True
STACK,q6_q6-085,41,0.009623035788536072,0.009623035788536072,True
STACK,q6_q6-085,40,0.009623035788536072,0.009623035788536072,True
STACK,q6_q6-085,39,0.009623035788536072,0.009623035788536072,True
STACK,q6_q6-085,38,0.009623035788536072,0.009623035788536072,True
STACK,q6_q6-085,37,0.009623035788536072,0.009623035788536072,True
STACK,q6_q6-085,36,0.009623035788536072,0.009623035788536072,True
STACK,q6_q6-085,35,0.009623035788536072,0.009623035788536072,True
STACK,q6_q6-085,34,0.009623035788536072,0.009623035788536072,True
STACK,q6_q6-085,33,0.009623035788536072,0.009623035788536072,True
STACK,q6_q6-085,32,0.009623035788536072,0.009623035788536072,True
STACK,q6_q6-085,31,0.009623035788536072,0.009623035788536072,True
STACK,q6_q6-085,30,0.009623035788536072,0.009623035788536072,True
STACK,q6_q6-085,29,0.009623035788536072,0.009623035788536072,True
STACK,q6_q6-085,28,0.009623035788536072,0.009623035788536072,True
STACK,q6_q6-085,27,0.009623035788536072,0.009623035788536072,True
STACK,q6_q6-085,26,0.009623035788536072,0.009623035788536072,True
STACK,q6_q6-085,25,0.009623035788536072,0.009623035788536072,True
STACK,q6_q6-085,24,0.009623035788536072,0.009623035788536072,True
STACK,q6_q6-085,23,0.009623035788536072,0.009623035788536072,True
STACK,q6_q6-085,22,0.009623035788536072,0.009623035788536072,True
STACK,q6_q6-085,21,0.009623035788536072,0.009623035788536072,True
STACK,q6_q6-085,20,0.009623035788536072,0.009623035788536072,True
STACK,q6_q6-085,19,0.009623035788536072,0.009623035788536072,True
STACK,q6_q6-085,18,0.009623035788536072,0.009623035788536072,True
STACK,q6_q6-085,17,0.009623035788536072,0.009623035788536072,True
STACK,q6_q6-085,16,0.009623035788536072,0.009623035788536072,True
STACK,q6_q6-085,15,0.009623035788536072,0.009623035788536072,True
STACK,q6_q6-085,14,0.009623035788536072,0.009623035788536072,True
STACK,q6_q6-085,13,0.009623035788536072,0.009623035788536072,True
STACK,q6_q6-085,12,0.009623035788536072,0.009623035788536072,True
STACK,q6_q6-085,11,0.009623035788536072,0.009623035788536072,True
STACK,q6_q6-085,10,0.009623035788536072,0.009623035788536072,True
STACK,q6_q6-085,9,0.009623035788536072,0.009623035788536072,True
STACK,q6_q6-085,8,0.009623035788536072,0.009623035788536072,True
STACK,q6_q6-085,7,0.009623035788536072,0.009623035788536072,True
STACK,q6_q6-085,6,0.009623035788536072,0.009623035788536072,True
STACK,q6_q6-085,5,0.009623035788536072,0.009623035788536072,True
STACK,q6_q6-085,4,0.009623035788536072,0.009623035788536072,True
STACK,q6_q6-085,3,0.009623035788536072,0.009623035788536072,True
STACK,q6_q6-085,2,0.009623035788536072,0.009623035788536072,True
STACK,q6_q6-085,1,0.009623035788536072,0.009623035788536072,True
STACK,q6_q6-085,0,0.009623035788536072,0.009623035788536072,True
STACK,q7_q7-034,63,4.097041636705399,4.097041636705399,True
STACK,q7_q7-034,62,4.097041636705399,4.097041636705399,True
STACK,q7_q7-034,61,4.097041636705399,3.8682475686073303,False
STACK,q7_q7-034,60,3.8682475686073303,1.6630093604326248,False
STACK,q7_q7-034,59,1.6630093604326248,1.6630093604326248,True
STACK,q7_q7-034,58,1.6630093604326248,1.6630093604326248,True
STACK,q7_q7-034,57,1.6630093604326248,1.6612415239214897,False
STACK,q7_q7-034,56,1.6612415239214897,1.6543984413146973,False
STACK,q7_q7-034,55,1.6543984413146973,1.6543984413146973,True
STACK,q7_q7-034,54,1.6543984413146973,1.6543984413146973,True
STACK,q7_q7-034,53,1.6543984413146973,1.6543984413146973,True
STACK,q7_q7-034,52,1.6543984413146973,1.6543984413146973,True
STACK,q7_q7-034,51,1.6543984413146973,1.6543984413146973,True
STACK,q7_q7-034,50,1.6543984413146973,1.6543984413146973,True
STACK,q7_q7-034,49,1.6543984413146973,1.6543984413146973,True
STACK,q7_q7-034,48,1.6543984413146973,1.6543984413146973,True
STACK,q7_q7-034,47,1.6543984413146973,1.6543984413146973,True
STACK,q7_q7-034,46,1.6543984413146973,1.6543984413146973,True
STACK,q7_q7-034,45,1.6543984413146973,1.6543984413146973,True
STACK,q7_q7-034,44,1.6543984413146973,1.6543984413146973,True
STACK,q7_q7-034,43,1.6543984413146973,1.6543984413146973,True
STACK,q7_q7-034,42,1.6543984413146973,1.6543984413146973,True
STACK,q7_q7-034,41,1.6543984413146973,1.6443852558732033,False
STACK,q7_q7-034,40,1.6443852558732033,1.6443852558732033,True
STACK,q7_q7-034,39,1.6443852558732033,1.6443852558732033,True
STACK,q7_q7-034,38,1.6443852558732033,1.6443852558732033,True
STACK,q7_q7-034,37,1.6443852558732033,1.6443852558732033,True
STACK,q7_q7-034,36,1.6443852558732033,1.6443852558732033,True
STACK,q7_q7-034,35,1.6443852558732033,1.6443852558732033,True
STACK,q7_q7-034,34,1.6443852558732033,1.6443852558732033,True
STACK,q7_q7-034,33,1.6443852558732033,1.6443852558732033,True
STACK,q7_q7-034,32,1.6443852558732033,1.6443852558732033,True
STACK,q7_q7-034,31,1.6443852558732033,1.6443852558732033,True
STACK,q7_q7-034,30,1.6443852558732033,1.6443852558732033,True
STACK,q7_q7-034,29,1.6443852558732033,1.6443852558732033,True
STACK,q7_q7-034,28,1.6443852558732033,1.6443852558732033,True
STACK,q7_q7-034,27,1.6443852558732033,1.6443852558732033,True
STACK,q7_q7-034,26,1.6443852558732033,1.6443852558732033,True
STACK,q7_q7-034,25,1.6443852558732033,1.6443852558732033,True
STACK,q7_q7-034,24,1.6443852558732033,1.6443852558732033,True
STACK,q7_q7-034,23,1.6443852558732033,1.6443852558732033,True
STACK,q7_q7-034,22,1.6443852558732033,1.6443852558732033,True
STACK,q7_q7-034,21,1.6443852558732033,1.6443852558732033,True
STACK,q7_q7-034,20,1.6443852558732033,1.6443852558732033,True
STACK,q7_q7-034,19,1.6443852558732033,1.6443852558732033,True
STACK,q7_q7-034,18,1.6443852558732033,1.6443852558732033,True
STACK,q7_q7-034,17,1.6443852558732033,1.6443852558732033,True
STACK,q7_q7-034,16,1.6443852558732033,1.6443852558732033,True
STACK,q7_q7-034,15,1.6443852558732033,1.6443852558732033,True
STACK,q7_q7-034,14,1.6443852558732033,1.6443852558732033,True
STACK,q7_q7-034,13,1.6443852558732033,1.6443852558732033,True
STACK,q7_q7-034,12,1.6443852558732033,1.6443852558732033,True
STACK,q7_q7-034,11,1.6443852558732033,1.6443852558732033,True
STACK,q7_q7-034,10,1.6443852558732033,1.6443852558732033,True
STACK,q7_q7-034,9,1.6443852558732033,1.6443852558732033,True
STACK,q7_q7-034,8,1.6443852558732033,1.6443852558732033,True
STACK,q7_q7-034,7,1.6443852558732033,1.6443852558732033,True
STACK,q7_q7-034,6,1.6443852558732033,1.6443852558732033,True
STACK,q7_q7-034,5,1.6443852558732033,1.645009621977806,False
STACK,q7_q7-034,4,1.6443852558732033,1.6443852558732033,True
STACK,q7_q7-034,3,1.6443852558732033,1.6443852558732033,True
STACK,q7_q7-034,2,1.6443852558732033,1.6443852558732033,True
STACK,q7_q7-034,1,1.6443852558732033,1.6443852558732033,True
STACK,q7_q7-034,0,1.6443852558732033,1.6443852558732033,True
STACK,q7_q7-036,63,3.957931488752365,3.957931488752365,True
STACK,q7_q7-036,62,3.957931488752365,3.957931488752365,True
STACK,q7_q7-036,61,3.957931488752365,1.6103021204471588,False
STACK,q7_q7-036,60,1.6103021204471588,1.5946027040481567,False
STACK,q7_q7-036,59,1.5946027040481567,1.5946027040481567,True
STACK,q7_q7-036,58,1.5946027040481567,1.5946027040481567,True
STACK,q7_q7-036,57,1.5946027040481567,1.5735673308372498,False
STACK,q7_q7-036,56,1.5735673308372498,1.5735673308372498,True
STACK,q7_q7-036,55,1.5735673308372498,1.5735673308372498,True
STACK,q7_q7-036,54,1.5735673308372498,1.5735673308372498,True
STACK,q7_q7-036,53,1.5735673308372498,1.5735673308372498,True
STACK,q7_q7-036,52,1.5735673308372498,1.5735673308372498,True
STACK,q7_q7-036,51,1.5735673308372498,1.5735673308372498,True
STACK,q7_q7-036,50,1.5735673308372498,1.5735673308372498,True
STACK,q7_q7-036,49,1.5735673308372498,1.5735673308372498,True
STACK,q7_q7-036,48,1.5735673308372498,1.5735673308372498,True
STACK,q7_q7-036,47,1.5735673308372498,1.5735673308372498,True
STACK,q7_q7-036,46,1.5735673308372498,1.5735673308372498,True
STACK,q7_q7-036,45,1.5735673308372498,1.5735673308372498,True
STACK,q7_q7-036,44,1.5735673308372498,1.5735673308372498,True
STACK,q7_q7-036,43,1.5735673308372498,1.5735673308372498,True
STACK,q7_q7-036,42,1.5735673308372498,1.5735673308372498,True
STACK,q7_q7-036,41,1.5735673308372498,1.5706401094794273,False
STACK,q7_q7-036,40,1.5706401094794273,1.5706401094794273,True
STACK,q7_q7-036,39,1.5706401094794273,1.5706401094794273,True
STACK,q7_q7-036,38,1.5706401094794273,1.5706401094794273,True
STACK,q7_q7-036,37,1.5706401094794273,1.5706401094794273,True
STACK,q7_q7-036,36,1.5706401094794273,1.5706401094794273,True
STACK,q7_q7-036,35,1.5706401094794273,1.5706401094794273,True
STACK,q7_q7-036,34,1.5706401094794273,1.5706401094794273,True
STACK,q7_q7-036,33,1.5706401094794273,1.5706401094794273,True
STACK,q7_q7-036,32,1.5706401094794273,1.5706401094794273,True
STACK,q7_q7-036,31,1.5706401094794273,1.5706401094794273,True
STACK,q7_q7-036,30,1.5706401094794273,1.5706401094794273,True
STACK,q7_q7-036,29,1.5706401094794273,1.5706401094794273,True
STACK,q7_q7-036,28,1.5706401094794273,1.5706401094794273,True
STACK,q7_q7-036,27,1.5706401094794273,1.5706401094794273,True
STACK,q7_q7-036,26,1.5706401094794273,1.5706401094794273,True
STACK,q7_q7-036,25,1.5706401094794273,1.5706401094794273,True
STACK,q7_q7-036,24,1.5706401094794273,1.5706401094794273,True
STACK,q7_q7-036,23,1.5706401094794273,1.5706401094794273,True
STACK,q7_q7-036,22,1.5706401094794273,1.5706401094794273,True
STACK,q7_q7-036,21,1.5706401094794273,1.5706401094794273,True
STACK,q7_q7-036,20,1.5706401094794273,1.5706401094794273,True
STACK,q7_q7-036,19,1.5706401094794273,1.5706401094794273,True
STACK,q7_q7-036,18,1.5706401094794273,1.5706401094794273,True
STACK,q7_q7-036,17,1.5706401094794273,1.5706401094794273,True
STACK,q7_q7-036,16,1.5706401094794273,1.5706401094794273,True
STACK,q7_q7-036,15,1.5706401094794273,1.5706401094794273,True
STACK,q7_q7-036,14,1.5706401094794273,1.5706401094794273,True
STACK,q7_q7-036,13,1.5706401094794273,1.5706401094794273,True
STACK,q7_q7-036,12,1.5706401094794273,1.5706401094794273,True
STACK,q7_q7-036,11,1.5706401094794273,1.5706401094794273,True
STACK,q7_q7-036,10,1.5706401094794273,1.5706401094794273,True
STACK,q7_q7-036,9,1.5706401094794273,1.5706401094794273,True
STACK,q7_q7-036,8,1.5706401094794273,1.5706401094794273,True
STACK,q7_q7-036,7,1.5706401094794273,1.5706401094794273,True
STACK,q7_q7-036,6,1.5706401094794273,1.5706401094794273,True
STACK,q7_q7-036,5,1.5706401094794273,1.5706401094794273,True
STACK,q7_q7-036,4,1.5706401094794273,1.5706401094794273,True
STACK,q7_q7-036,3,1.5706401094794273,1.5706401094794273,True
STACK,q7_q7-036,2,1.5706401094794273,1.5706401094794273,True
STACK,q7_q7-036,1,1.5706401094794273,1.5706401094794273,True
STACK,q7_q7-036,0,1.5706401094794273,1.5706401094794273,True
STACK,q7_q7-047,63,4.101314052939415,4.101314052939415,True
STACK,q7_q7-047,62,4.101314052939415,4.101314052939415,True
STACK,q7_q7-047,61,4.101314052939415,1.700404942035675,False
STACK,q7_q7-047,60,1.700404942035675,1.6958712339401245,False
STACK,q7_q7-047,59,1.6958712339401245,1.6958712339401245,True
STACK,q7_q7-047,58,1.6958712339401245,1.6958712339401245,True
STACK,q7_q7-047,57,1.6958712339401245,1.6804651618003845,False
STACK,q7_q7-047,56,1.6804651618003845,1.6679494306445122,False
STACK,q7_q7-047,55,1.6679494306445122,1.6679494306445122,True
STACK,q7_q7-047,54,1.6679494306445122,1.6679494306445122,True
STACK,q7_q7-047,53,1.6679494306445122,1.6679494306445122,True
STACK,q7_q7-047,52,1.6679494306445122,1.6679494306445122,True
STACK,q7_q7-047,51,1.6679494306445122,1.6679494306445122,True
STACK,q7_q7-047,50,1.6679494306445122,1.6679494306445122,True
STACK,q7_q7-047,49,1.6679494306445122,1.6679494306445122,True
STACK,q7_q7-047,48,1.6679494306445122,1.6679494306445122,True
STACK,q7_q7-047,47,1.6679494306445122,1.6679494306445122,True
STACK,q7_q7-047,46,1.6679494306445122,1.6679494306445122,True
STACK,q7_q7-047,45,1.6679494306445122,1.6679494306445122,True
STACK,q7_q7-047,44,1.6679494306445122,1.6679494306445122,True
STACK,q7_q7-047,43,1.6679494306445122,1.6679494306445122,True
STACK,q7_q7-047,42,1.6679494306445122,1.6679494306445122,True
STACK,q7_q7-047,41,1.6679494306445122,1.6679494306445122,True
STACK,q7_q7-047,40,1.6679494306445122,1.6580977886915207,False
STACK,q7_q7-047,39,1.6580977886915207,1.6580977886915207,True
STACK,q7_q7-047,38,1.6580977886915207,1.6580977886915207,True
STACK,q7_q7-047,37,1.6580977886915207,1.6580977886915207,True
STACK,q7_q7-047,36,1.6580977886915207,1.6580977886915207,True
STACK,q7_q7-047,35,1.6580977886915207,1.6580977886915207,True
STACK,q7_q7-047,34,1.6580977886915207,1.6580977886915207,True
STACK,q7_q7-047,33,1.6580977886915207,1.6580977886915207,True
STACK,q7_q7-047,32,1.6580977886915207,1.6580977886915207,True
STACK,q7_q7-047,31,1.6580977886915207,1.6580977886915207,True
STACK,q7_q7-047,30,1.6580977886915207,1.6580977886915207,True
STACK,q7_q7-047,29,1.6580977886915207,1.6580977886915207,True
STACK,q7_q7-047,28,1.6580977886915207,1.6580977886915207,True
STACK,q7_q7-047,27,1.6580977886915207,1.6580977886915207,True
STACK,q7_q7-047,26,1.6580977886915207,1.6580977886915207,True
STACK,q7_q7-047,25,1.6580977886915207,1.6580977886915207,True
STACK,q7_q7-047,24,1.6580977886915207,1.6580977886915207,True
STACK,q7_q7-047,23,1.6580977886915207,1.6580977886915207,True
STACK,q7_q7-047,22,1.6580977886915207,1.6580977886915207,True
STACK,q7_q7-047,21,1.6580977886915207,1.6580977886915207,True
STACK,q7_q7-047,20,1.6580977886915207,1.6580977886915207,True
STACK,q7_q7-047,19,1.6580977886915207,1.6580977886915207,True
STACK,q7_q7-047,18,1.6580977886915207,1.6580977886915207,True
STACK,q7_q7-047,17,1.6580977886915207,1.6580977886915207,True
STACK,q7_q7-047,16,1.6580977886915207,1.6580977886915207,True
STACK,q7_q7-047,15,1.6580977886915207,1.6580977886915207,True
STACK,q7_q7-047,14,1.6580977886915207,1.6580977886915207,True
STACK,q7_q7-047,13,1.6580977886915207,1.6580977886915207,True
STACK,q7_q7-047,12,1.6580977886915207,1.6580977886915207,True
STACK,q7_q7-047,11,1.6580977886915207,1.6580977886915207,True
STACK,q7_q7-047,10,1.6580977886915207,1.6580977886915207,True
STACK,q7_q7-047,9,1.6580977886915207,1.6580977886915207,True
STACK,q7_q7-047,8,1.6580977886915207,1.6580977886915207,True
STACK,q7_q7-047,7,1.6580977886915207,1.6580977886915207,True
STACK,q7_q7-047,6,1.6580977886915207,1.6580977886915207,True
STACK,q7_q7-047,5,1.6580977886915207,1.6580977886915207,True
STACK,q7_q7-047,4,1.6580977886915207,1.6580977886915207,True
STACK,q7_q7-047,3,1.6580977886915207,1.6580977886915207,True
STACK,q7_q7-047,2,1.6580977886915207,1.6580977886915207,True
STACK,q7_q7-047,1,1.6580977886915207,1.652623474597931,False
STACK,q7_q7-047,0,1.652623474597931,1.6411571651697159,False
STACK,q7_q7-077,63,4.036071181297302,4.036071181297302,True
STACK,q7_q7-077,62,4.036071181297302,4.036071181297302,True
STACK,q7_q7-077,61,4.036071181297302,1.6144760623574257,False
STACK,q7_q7-077,60,1.6144760623574257,1.6138253882527351,False
STACK,q7_q7-077,59,1.6138253882527351,1.6138253882527351,True
STACK,q7_q7-077,58,1.6138253882527351,1.6138253882527351,True
STACK,q7_q7-077,57,1.6138253882527351,1.5960340276360512,False
STACK,q7_q7-077,56,1.5960340276360512,1.5884467884898186,False
STACK,q7_q7-077,55,1.5884467884898186,1.5884467884898186,True
STACK,q7_q7-077,54,1.5884467884898186,1.5884467884898186,True
STACK,q7_q7-077,53,1.5884467884898186,1.5884467884898186,True
STACK,q7_q7-077,52,1.5884467884898186,1.5884467884898186,True
STACK,q7_q7-077,51,1.5884467884898186,1.5884467884898186,True
STACK,q7_q7-077,50,1.5884467884898186,1.5884467884898186,True
STACK,q7_q7-077,49,1.5884467884898186,1.5884467884898186,True
STACK,q7_q7-077,48,1.5884467884898186,1.5884467884898186,True
STACK,q7_q7-077,47,1.5884467884898186,1.5884467884898186,True
STACK,q7_q7-077,46,1.5884467884898186,1.5884467884898186,True
STACK,q7_q7-077,45,1.5884467884898186,1.5884467884898186,True
STACK,q7_q7-077,44,1.5884467884898186,1.5884467884898186,True
STACK,q7_q7-077,43,1.5884467884898186,1.5884467884898186,True
STACK,q7_q7-077,42,1.5884467884898186,1.5884467884898186,True
STACK,q7_q7-077,41,1.5884467884898186,1.5844805836677551,False
STACK,q7_q7-077,40,1.5844805836677551,1.5844805836677551,True
STACK,q7_q7-077,39,1.5844805836677551,1.5844805836677551,True
STACK,q7_q7-077,38,1.5844805836677551,1.5844805836677551,True
STACK,q7_q7-077,37,1.5844805836677551,1.5844805836677551,True
STACK,q7_q7-077,36,1.5844805836677551,1.5844805836677551,True
STACK,q7_q7-077,35,1.5844805836677551,1.5844805836677551,True
STACK,q7_q7-077,34,1.5844805836677551,1.5844805836677551,True
STACK,q7_q7-077,33,1.5844805836677551,1.5844805836677551,True
STACK,q7_q7-077,32,1.5844805836677551,1.5844805836677551,True
STACK,q7_q7-077,31,1.5844805836677551,1.5844805836677551,True
STACK,q7_q7-077,30,1.5844805836677551,1.5844805836677551,True
STACK,q7_q7-077,29,1.5844805836677551,1.5844805836677551,True
STACK,q7_q7-077,28,1.5844805836677551,1.5844805836677551,True
STACK,q7_q7-077,27,1.5844805836677551,1.5844805836677551,True
STACK,q7_q7-077,26,1.5844805836677551,1.5844805836677551,True
STACK,q7_q7-077,25,1.5844805836677551,1.5844805836677551,True
STACK,q7_q7-077,24,1.5844805836677551,1.5844805836677551,True
STACK,q7_q7-077,23,1.5844805836677551,1.5844805836677551,True
STACK,q7_q7-077,22,1.5844805836677551,1.5844805836677551,True
STACK,q7_q7-077,21,1.5844805836677551,1.5844805836677551,True
STACK,q7_q7-077,20,1.5844805836677551,1.5844805836677551,True
STACK,q7_q7-077,19,1.5844805836677551,1.5844805836677551,True
STACK,q7_q7-077,18,1.5844805836677551,1.5844805836677551,True
STACK,q7_q7-077,17,1.5844805836677551,1.5844805836677551,True
STACK,q7_q7-077,16,1.5844805836677551,1.5844805836677551,True
STACK,q7_q7-077,15,1.5844805836677551,1.5844805836677551,True
STACK,q7_q7-077,14,1.5844805836677551,1.5844805836677551,True
STACK,q7_q7-077,13,1.5844805836677551,1.5844805836677551,True
STACK,q7_q7-077,12,1.5844805836677551,1.5844805836677551,True
STACK,q7_q7-077,11,1.5844805836677551,1.5844805836677551,True
STACK,q7_q7-077,10,1.5844805836677551,1.5844805836677551,True
STACK,q7_q7-077,9,1.5844805836677551,1.5844805836677551,True
STACK,q7_q7-077,8,1.5844805836677551,1.5844805836677551,True
STACK,q7_q7-077,7,1.5844805836677551,1.5844805836677551,True
STACK,q7_q7-077,6,1.5844805836677551,1.5844805836677551,True
STACK,q7_q7-077,5,1.5844805836677551,1.5844805836677551,True
STACK,q7_q7-077,4,1.5844805836677551,1.5844805836677551,True
STACK,q7_q7-077,3,1.5844805836677551,1.5844805836677551,True
STACK,q7_q7-077,2,1.5844805836677551,1.5844805836677551,True
STACK,q7_q7-077,1,1.5844805836677551,1.5844805836677551,True
STACK,q7_q7-077,0,1.5844805836677551,1.5844805836677551,True
STACK,q7_q7-082,63,4.128723323345184,4.128723323345184,True
STACK,q7_q7-082,62,4.128723323345184,4.128723323345184,True
STACK,q7_q7-082,61,4.128723323345184,1.649241290986538,False
STACK,q7_q7-082,60,1.649241290986538,1.649241290986538,True
STACK,q7_q7-082,59,1.649241290986538,1.649241290986538,True
STACK,q7_q7-082,58,1.649241290986538,1.649241290986538,True
STACK,q7_q7-082,57,1.649241290986538,1.649241290986538,True
STACK,q7_q7-082,56,1.649241290986538,1.649241290986538,True
STACK,q7_q7-082,55,1.649241290986538,1.649241290986538,True
STACK,q7_q7-082,54,1.649241290986538,1.649241290986538,True
STACK,q7_q7-082,53,1.649241290986538,1.649241290986538,True
STACK,q7_q7-082,52,1.649241290986538,1.649241290986538,True
STACK,q7_q7-082,51,1.649241290986538,1.649241290986538,True
STACK,q7_q7-082,50,1.649241290986538,1.649241290986538,True
STACK,q7_q7-082,49,1.649241290986538,1.649241290986538,True
STACK,q7_q7-082,48,1.649241290986538,1.649241290986538,True
STACK,q7_q7-082,47,1.649241290986538,1.649241290986538,True
STACK,q7_q7-082,46,1.649241290986538,1.649241290986538,True
STACK,q7_q7-082,45,1.649241290986538,1.649241290986538,True
STACK,q7_q7-082,44,1.649241290986538,1.649241290986538,True
STACK,q7_q7-082,43,1.649241290986538,1.649241290986538,True
STACK,q7_q7-082,42,1.649241290986538,1.649241290986538,True
STACK,q7_q7-082,41,1.649241290986538,1.649241290986538,True
STACK,q7_q7-082,40,1.649241290986538,1.649241290986538,True
STACK,q7_q7-082,39,1.649241290986538,1.649241290986538,True
STACK,q7_q7-082,38,1.649241290986538,1.649241290986538,True
STACK,q7_q7-082,37,1.649241290986538,1.649241290986538,True
STACK,q7_q7-082,36,1.649241290986538,1.649241290986538,True
STACK,q7_q7-082,35,1.649241290986538,1.649241290986538,True
STACK,q7_q7-082,34,1.649241290986538,1.649241290986538,True
STACK,q7_q7-082,33,1.649241290986538,1.649241290986538,True
STACK,q7_q7-082,32,1.649241290986538,1.649241290986538,True
STACK,q7_q7-082,31,1.649241290986538,1.649241290986538,True
STACK,q7_q7-082,30,1.649241290986538,1.649241290986538,True
STACK,q7_q7-082,29,1.649241290986538,1.649241290986538,True
STACK,q7_q7-082,28,1.649241290986538,1.649241290986538,True
STACK,q7_q7-082,27,1.649241290986538,1.649241290986538,True
STACK,q7_q7-082,26,1.649241290986538,1.649241290986538,True
STACK,q7_q7-082,25,1.649241290986538,1.6322623863816261,False
STACK,q7_q7-082,24,1.6322623863816261,1.6322623863816261,True
STACK,q7_q7-082,23,1.6322623863816261,1.6322623863816261,True
STACK,q7_q7-082,22,1.6322623863816261,1.6322623863816261,True
STACK,q7_q7-082,21,1.6322623863816261,1.6322623863816261,True
STACK,q7_q7-082,20,1.6322623863816261,1.6322623863816261,True
STACK,q7_q7-082,19,1.6322623863816261,1.6322623863816261,True
STACK,q7_q7-082,18,1.6322623863816261,1.6322623863816261,True
STACK,q7_q7-082,17,1.6322623863816261,1.6322623863816261,True
STACK,q7_q7-082,16,1.6322623863816261,1.6322623863816261,True
STACK,q7_q7-082,15,1.6322623863816261,1.6322623863816261,True
STACK,q7_q7-082,14,1.6322623863816261,1.6322623863816261,True
STACK,q7_q7-082,13,1.6322623863816261,1.6322623863816261,True
STACK,q7_q7-082,12,1.6322623863816261,1.6322623863816261,True
STACK,q7_q7-082,11,1.6322623863816261,1.6322623863816261,True
STACK,q7_q7-082,10,1.6322623863816261,1.6322623863816261,True
STACK,q7_q7-082,9,1.6322623863816261,1.6322623863816261,True
STACK,q7_q7-082,8,1.6322623863816261,1.6322623863816261,True
STACK,q7_q7-082,7,1.6322623863816261,1.6322623863816261,True
STACK,q7_q7-082,6,1.6322623863816261,1.6322623863816261,True
STACK,q7_q7-082,5,1.6322623863816261,1.6322623863816261,True
STACK,q7_q7-082,4,1.6322623863816261,1.6322623863816261,True
STACK,q7_q7-082,3,1.6322623863816261,1.6322623863816261,True
STACK,q7_q7-082,2,1.6322623863816261,1.6322623863816261,True
STACK,q7_q7-082,1,1.6322623863816261,1.6322623863816261,True
STACK,q7_q7-082,0,1.6322623863816261,1.6322623863816261,True
STACK,q7_q7-085,63,4.146019913256168,4.146019913256168,True
STACK,q7_q7-085,62,4.146019913256168,4.146019913256168,True
STACK,q7_q7-085,61,4.146019913256168,1.73450767993927,False
STACK,q7_q7-085,60,1.73450767993927,1.716877244412899,False
STACK,q7_q7-085,59,1.716877244412899,1.716877244412899,True
STACK,q7_q7-085,58,1.716877244412899,1.716877244412899,True
STACK,q7_q7-085,57,1.716877244412899,1.6919558942317963,False
STACK,q7_q7-085,56,1.6919558942317963,1.6766078993678093,False
STACK,q7_q7-085,55,1.6766078993678093,1.6766078993678093,True
STACK,q7_q7-085,54,1.6766078993678093,1.6766078993678093,True
STACK,q7_q7-085,53,1.6766078993678093,1.6766078993678093,True
STACK,q7_q7-085,52,1.6766078993678093,1.6766078993678093,True
STACK,q7_q7-085,51,1.6766078993678093,1.6766078993678093,True
STACK,q7_q7-085,50,1.6766078993678093,1.6766078993678093,True
STACK,q7_q7-085,49,1.6766078993678093,1.6766078993678093,True
STACK,q7_q7-085,48,1.6766078993678093,1.6766078993678093,True
STACK,q7_q7-085,47,1.6766078993678093,1.6766078993678093,True
STACK,q7_q7-085,46,1.6766078993678093,1.6766078993678093,True
STACK,q7_q7-085,45,1.6766078993678093,1.6766078993678093,True
STACK,q7_q7-085,44,1.6766078993678093,1.6766078993678093,True
STACK,q7_q7-085,43,1.6766078993678093,1.6766078993678093,True
STACK,q7_q7-085,42,1.6766078993678093,1.6766078993678093,True
STACK,q7_q7-085,41,1.6766078993678093,1.6766078993678093,True
STACK,q7_q7-085,40,1.6766078993678093,1.6766078993678093,True
STACK,q7_q7-085,39,1.6766078993678093,1.6766078993678093,True
STACK,q7_q7-085,38,1.6766078993678093,1.6766078993678093,True
STACK,q7_q7-085,37,1.6766078993678093,1.6766078993678093,True
STACK,q7_q7-085,36,1.6766078993678093,1.6766078993678093,True
STACK,q7_q7-085,35,1.6766078993678093,1.6766078993678093,True
STACK,q7_q7-085,34,1.6766078993678093,1.6766078993678093,True
STACK,q7_q7-085,33,1.6766078993678093,1.6766078993678093,True
STACK,q7_q7-085,32,1.6766078993678093,1.6766078993678093,True
STACK,q7_q7-085,31,1.6766078993678093,1.6766078993678093,True
STACK,q7_q7-085,30,1.6766078993678093,1.6766078993678093,True
STACK,q7_q7-085,29,1.6766078993678093,1.6766078993678093,True
STACK,q7_q7-085,28,1.6766078993678093,1.6766078993678093,True
STACK,q7_q7-085,27,1.6766078993678093,1.6766078993678093,True
STACK,q7_q7-085,26,1.6766078993678093,1.6766078993678093,True
STACK,q7_q7-085,25,1.6766078993678093,1.6766078993678093,True
STACK,q7_q7-085,24,1.6766078993678093,1.6766078993678093,True
STACK,q7_q7-085,23,1.6766078993678093,1.6766078993678093,True
STACK,q7_q7-085,22,1.6766078993678093,1.6766078993678093,True
STACK,q7_q7-085,21,1.6766078993678093,1.6766078993678093,True
STACK,q7_q7-085,20,1.6766078993678093,1.6766078993678093,True
STACK,q7_q7-085,19,1.6766078993678093,1.6766078993678093,True
STACK,q7_q7-085,18,1.6766078993678093,1.6766078993678093,True
STACK,q7_q7-085,17,1.6766078993678093,1.6766078993678093,True
STACK,q7_q7-085,16,1.6766078993678093,1.6766078993678093,True
STACK,q7_q7-085,15,1.6766078993678093,1.6766078993678093,True
STACK,q7_q7-085,14,1.6766078993678093,1.6766078993678093,True
STACK,q7_q7-085,13,1.6766078993678093,1.6766078993678093,True
STACK,q7_q7-085,12,1.6766078993678093,1.6766078993678093,True
STACK,q7_q7-085,11,1.6766078993678093,1.6766078993678093,True
STACK,q7_q7-085,10,1.6766078993678093,1.6766078993678093,True
STACK,q7_q7-085,9,1.6766078993678093,1.6766078993678093,True
STACK,q7_q7-085,8,1.6766078993678093,1.6766078993678093,True
STACK,q7_q7-085,7,1.6766078993678093,1.6766078993678093,True
STACK,q7_q7-085,6,1.6766078993678093,1.6766078993678093,True
STACK,q7_q7-085,5,1.6766078993678093,1.6766078993678093,True
STACK,q7_q7-085,4,1.6766078993678093,1.6766078993678093,True
STACK,q7_q7-085,3,1.6766078993678093,1.6766078993678093,True
STACK,q7_q7-085,2,1.6766078993678093,1.6766078993678093,True
STACK,q7_q7-085,1,1.6766078993678093,1.6766078993678093,True
STACK,q7_q7-085,0,1.6766078993678093,1.6766078993678093,True
STACK,q7_q7-095,63,4.244049824774265,4.244049824774265,True
STACK,q7_q7-095,62,4.244049824774265,4.244049824774265,True
STACK,q7_q7-095,61,4.244049824774265,1.8335337340831757,False
STACK,q7_q7-095,60,1.8335337340831757,1.792709968984127,False
STACK,q7_q7-095,59,1.792709968984127,1.792709968984127,True
STACK,q7_q7-095,58,1.792709968984127,1.792709968984127,True
STACK,q7_q7-095,57,1.792709968984127,1.792709968984127,True
STACK,q7_q7-095,56,1.792709968984127,1.792709968984127,True
STACK,q7_q7-095,55,1.792709968984127,1.792709968984127,True
STACK,q7_q7-095,54,1.792709968984127,1.792709968984127,True
STACK,q7_q7-095,53,1.792709968984127,1.792709968984127,True
STACK,q7_q7-095,52,1.792709968984127,1.792709968984127,True
STACK,q7_q7-095,51,1.792709968984127,1.792709968984127,True
STACK,q7_q7-095,50,1.792709968984127,1.792709968984127,True
STACK,q7_q7-095,49,1.792709968984127,1.792709968984127,True
STACK,q7_q7-095,48,1.792709968984127,1.792709968984127,True
STACK,q7_q7-095,47,1.792709968984127,1.792709968984127,True
STACK,q7_q7-095,46,1.792709968984127,1.792709968984127,True
STACK,q7_q7-095,45,1.792709968984127,1.792709968984127,True
STACK,q7_q7-095,44,1.792709968984127,1.7886889725923538,False
STACK,q7_q7-095,43,1.7886889725923538,1.7886889725923538,True
STACK,q7_q7-095,42,1.7886889725923538,1.7886889725923538,True
STACK,q7_q7-095,41,1.7886889725923538,1.7788993120193481,False
STACK,q7_q7-095,40,1.7788993120193481,1.7788993120193481,True
STACK,q7_q7-095,39,1.7788993120193481,1.7788993120193481,True
STACK,q7_q7-095,38,1.7788993120193481,1.7788993120193481,True
STACK,q7_q7-095,37,1.7788993120193481,1.7788993120193481,True
STACK,q7_q7-095,36,1.7788993120193481,1.7788993120193481,True
STACK,q7_q7-095,35,1.7788993120193481,1.7788993120193481,True
STACK,q7_q7-095,34,1.7788993120193481,1.7788993120193481,True
STACK,q7_q7-095,33,1.7788993120193481,1.7788993120193481,True
STACK,q7_q7-095,32,1.7788993120193481,1.7788993120193481,True
STACK,q7_q7-095,31,1.7788993120193481,1.7788993120193481,True
STACK,q7_q7-095,30,1.7788993120193481,1.7788993120193481,True
STACK,q7_q7-095,29,1.7788993120193481,1.7788993120193481,True
STACK,q7_q7-095,28,1.7788993120193481,1.7788993120193481,True
STACK,q7_q7-095,27,1.7788993120193481,1.7788993120193481,True
STACK,q7_q7-095,26,1.7788993120193481,1.7788993120193481,True
STACK,q7_q7-095,25,1.7788993120193481,1.7768220454454422,False
STACK,q7_q7-095,24,1.7768220454454422,1.7768220454454422,True
STACK,q7_q7-095,23,1.7768220454454422,1.7768220454454422,True
STACK,q7_q7-095,22,1.7768220454454422,1.7768220454454422,True
STACK,q7_q7-095,21,1.7768220454454422,1.7768220454454422,True
STACK,q7_q7-095,20,1.7768220454454422,1.7768220454454422,True
STACK,q7_q7-095,19,1.7768220454454422,1.7768220454454422,True
STACK,q7_q7-095,18,1.7768220454454422,1.7768220454454422,True
STACK,q7_q7-095,17,1.7768220454454422,1.7768220454454422,True
STACK,q7_q7-095,16,1.7768220454454422,1.7768220454454422,True
STACK,q7_q7-095,15,1.7768220454454422,1.7768220454454422,True
STACK,q7_q7-095,14,1.7768220454454422,1.7768220454454422,True
STACK,q7_q7-095,13,1.7768220454454422,1.7768220454454422,True
STACK,q7_q7-095,12,1.7768220454454422,1.7768220454454422,True
STACK,q7_q7-095,11,1.7768220454454422,1.7768220454454422,True
STACK,q7_q7-095,10,1.7768220454454422,1.7768220454454422,True
STACK,q7_q7-095,9,1.7768220454454422,1.7706983014941216,False
STACK,q7_q7-095,8,1.7706983014941216,1.7706983014941216,True
STACK,q7_q7-095,7,1.7706983014941216,1.7706983014941216,True
STACK,q7_q7-095,6,1.7706983014941216,1.7706983014941216,True
STACK,q7_q7-095,5,1.7706983014941216,1.7706983014941216,True
STACK,q7_q7-095,4,1.7706983014941216,1.7706983014941216,True
STACK,q7_q7-095,3,1.7706983014941216,1.7706983014941216,True
STACK,q7_q7-095,2,1.7706983014941216,1.7706983014941216,True
STACK,q7_q7-095,1,1.7706983014941216,1.7706983014941216,True
STACK,q7_q7-095,0,1.7706983014941216,1.7706983014941216,True
STACK,q7_q7-099,63,4.143953166902065,4.143953166902065,True
STACK,q7_q7-099,62,4.143953166902065,4.143953166902065,True
STACK,q7_q7-099,61,4.143953166902065,1.7007911279797554,False
STACK,q7_q7-099,60,1.7007911279797554,1.685645803809166,False
STACK,q7_q7-099,59,1.685645803809166,1.685645803809166,True
STACK,q7_q7-099,58,1.685645803809166,1.685645803809166,True
STACK,q7_q7-099,57,1.685645803809166,1.685645803809166,True
STACK,q7_q7-099,56,1.685645803809166,1.685645803809166,True
STACK,q7_q7-099,55,1.685645803809166,1.685645803809166,True
STACK,q7_q7-099,54,1.685645803809166,1.685645803809166,True
STACK,q7_q7-099,53,1.685645803809166,1.685645803809166,True
STACK,q7_q7-099,52,1.685645803809166,1.685645803809166,True
STACK,q7_q7-099,51,1.685645803809166,1.685645803809166,True
STACK,q7_q7-099,50,1.685645803809166,1.685645803809166,True
STACK,q7_q7-099,49,1.685645803809166,1.685645803809166,True
STACK,q7_q7-099,48,1.685645803809166,1.685645803809166,True
STACK,q7_q7-099,47,1.685645803809166,1.685645803809166,True
STACK,q7_q7-099,46,1.685645803809166,1.685645803809166,True
STACK,q7_q7-099,45,1.685645803809166,1.685645803809166,True
STACK,q7_q7-099,44,1.685645803809166,1.685645803809166,True
STACK,q7_q7-099,43,1.685645803809166,1.685645803809166,True
STACK,q7_q7-099,42,1.685645803809166,1.685645803809166,True
STACK,q7_q7-099,41,1.685645803809166,1.683192029595375,False
STACK,q7_q7-099,40,1.683192029595375,1.683192029595375,True
STACK,q7_q7-099,39,1.683192029595375,1.683192029595375,True
STACK,q7_q7-099,38,1.683192029595375,1.683192029595375,True
STACK,q7_q7-099,37,1.683192029595375,1.683192029595375,True
STACK,q7_q7-099,36,1.683192029595375,1.683192029595375,True
STACK,q7_q7-099,35,1.683192029595375,1.683192029595375,True
STACK,q7_q7-099,34,1.683192029595375,1.683192029595375,True
STACK,q7_q7-099,33,1.683192029595375,1.683192029595375,True
STACK,q7_q7-099,32,1.683192029595375,1.683192029595375,True
STACK,q7_q7-099,31,1.683192029595375,1.683192029595375,True
STACK,q7_q7-099,30,1.683192029595375,1.683192029595375,True
STACK,q7_q7-099,29,1.683192029595375,1.683192029595375,True
STACK,q7_q7-099,28,1.683192029595375,1.683192029595375,True
STACK,q7_q7-099,27,1.683192029595375,1.683192029595375,True
STACK,q7_q7-099,26,1.683192029595375,1.683192029595375,True
STACK,q7_q7-099,25,1.683192029595375,1.683192029595375,True
STACK,q7_q7-099,24,1.683192029595375,1.6805696189403534,False
STACK,q7_q7-099,23,1.6805696189403534,1.6805696189403534,True
STACK,q7_q7-099,22,1.6805696189403534,1.6805696189403534,True
STACK,q7_q7-099,21,1.6805696189403534,1.6805696189403534,True
STACK,q7_q7-099,20,1.6805696189403534,1.6805696189403534,True
STACK,q7_q7-099,19,1.6805696189403534,1.6805696189403534,True
STACK,q7_q7-099,18,1.6805696189403534,1.6805696189403534,True
STACK,q7_q7-099,17,1.6805696189403534,1.6805696189403534,True
STACK,q7_q7-099,16,1.6805696189403534,1.6805696189403534,True
STACK,q7_q7-099,15,1.6805696189403534,1.6805696189403534,True
STACK,q7_q7-099,14,1.6805696189403534,1.6805696189403534,True
STACK,q7_q7-099,13,1.6805696189403534,1.6805696189403534,True
STACK,q7_q7-099,12,1.6805696189403534,1.6805696189403534,True
STACK,q7_q7-099,11,1.6805696189403534,1.6805696189403534,True
STACK,q7_q7-099,10,1.6805696189403534,1.6805696189403534,True
STACK,q7_q7-099,9,1.6805696189403534,1.6805696189403534,True
STACK,q7_q7-099,8,1.6805696189403534,1.6805696189403534,True
STACK,q7_q7-099,7,1.6805696189403534,1.6805696189403534,True
STACK,q7_q7-099,6,1.6805696189403534,1.6805696189403534,True
STACK,q7_q7-099,5,1.6805696189403534,1.6805696189403534,True
STACK,q7_q7-099,4,1.6805696189403534,1.6805696189403534,True
STACK,q7_q7-099,3,1.6805696189403534,1.6805696189403534,True
STACK,q7_q7-099,2,1.6805696189403534,1.6805696189403534,True
STACK,q7_q7-099,1,1.6805696189403534,1.6805696189403534,True
STACK,q7_q7-099,0,1.6805696189403534,1.6757047921419144,False
STACK,q8_q8-006,63,0.2225402444601059,0.2225402444601059,True
STACK,q8_q8-006,62,0.2225402444601059,0.2225402444601059,True
STACK,q8_q8-006,61,0.2225402444601059,0.2225402444601059,True
STACK,q8_q8-006,60,0.2225402444601059,0.2225402444601059,True
STACK,q8_q8-006,59,0.2225402444601059,0.2225402444601059,True
STACK,q8_q8-006,58,0.2225402444601059,0.2225402444601059,True
STACK,q8_q8-006,57,0.2225402444601059,0.22557208687067032,False
STACK,q8_q8-006,56,0.2225402444601059,0.2228405773639679,False
STACK,q8_q8-006,55,0.2225402444601059,0.2225402444601059,True
STACK,q8_q8-006,54,0.2225402444601059,0.2225402444601059,True
STACK,q8_q8-006,53,0.2225402444601059,0.2225402444601059,True
STACK,q8_q8-006,52,0.2225402444601059,0.2225402444601059,True
STACK,q8_q8-006,51,0.2225402444601059,0.2225402444601059,True
STACK,q8_q8-006,50,0.2225402444601059,0.2225402444601059,True
STACK,q8_q8-006,49,0.2225402444601059,0.2225402444601059,True
STACK,q8_q8-006,48,0.2225402444601059,0.2252713441848755,False
STACK,q8_q8-006,47,0.2225402444601059,0.09623943269252777,False
STACK,q8_q8-006,46,0.09623943269252777,0.09470957517623901,False
STACK,q8_q8-006,45,0.09470957517623901,0.09497960656881332,False
STACK,q8_q8-006,44,0.09470957517623901,0.09176759421825409,False
STACK,q8_q8-006,43,0.09176759421825409,0.08235599845647812,False
STACK,q8_q8-006,42,0.08235599845647812,0.08322805166244507,False
STACK,q8_q8-006,41,0.08235599845647812,0.0704035833477974,False
STACK,q8_q8-006,40,0.0704035833477974,0.0704035833477974,True
STACK,q8_q8-006,39,0.0704035833477974,0.0704035833477974,True
STACK,q8_q8-006,38,0.0704035833477974,0.0704035833477974,True
STACK,q8_q8-006,37,0.0704035833477974,0.0704035833477974,True
STACK,q8_q8-006,36,0.0704035833477974,0.0704035833477974,True
STACK,q8_q8-006,35,0.0704035833477974,0.0704035833477974,True
STACK,q8_q8-006,34,0.0704035833477974,0.0704035833477974,True
STACK,q8_q8-006,33,0.0704035833477974,0.0704035833477974,True
STACK,q8_q8-006,32,0.0704035833477974,0.0704035833477974,True
STACK,q8_q8-006,31,0.0704035833477974,0.0704035833477974,True
STACK,q8_q8-006,30,0.0704035833477974,0.0704035833477974,True
STACK,q8_q8-006,29,0.0704035833477974,0.0704035833477974,True
STACK,q8_q8-006,28,0.0704035833477974,0.0704035833477974,True
STACK,q8_q8-006,27,0.0704035833477974,0.0704035833477974,True
STACK,q8_q8-006,26,0.0704035833477974,0.0704035833477974,True
STACK,q8_q8-006,25,0.0704035833477974,0.0704035833477974,True
STACK,q8_q8-006,24,0.0704035833477974,0.0704035833477974,True
STACK,q8_q8-006,23,0.0704035833477974,0.0704035833477974,True
STACK,q8_q8-006,22,0.0704035833477974,0.0704035833477974,True
STACK,q8_q8-006,21,0.0704035833477974,0.0704035833477974,True
STACK,q8_q8-006,20,0.0704035833477974,0.0704035833477974,True
STACK,q8_q8-006,19,0.0704035833477974,0.0704035833477974,True
STACK,q8_q8-006,18,0.0704035833477974,0.0704035833477974,True
STACK,q8_q8-006,17,0.0704035833477974,0.0704035833477974,True
STACK,q8_q8-006,16,0.0704035833477974,0.0704035833477974,True
STACK,q8_q8-006,15,0.0704035833477974,0.0704035833477974,True
STACK,q8_q8-006,14,0.0704035833477974,0.0704035833477974,True
STACK,q8_q8-006,13,0.0704035833477974,0.0704035833477974,True
STACK,q8_q8-006,12,0.0704035833477974,0.0704035833477974,True
STACK,q8_q8-006,11,0.0704035833477974,0.0704035833477974,True
STACK,q8_q8-006,10,0.0704035833477974,0.0704035833477974,True
STACK,q8_q8-006,9,0.0704035833477974,0.0704035833477974,True
STACK,q8_q8-006,8,0.0704035833477974,0.0704035833477974,True
STACK,q8_q8-006,7,0.0704035833477974,0.0704035833477974,True
STACK,q8_q8-006,6,0.0704035833477974,0.0704035833477974,True
STACK,q8_q8-006,5,0.0704035833477974,0.0704035833477974,True
STACK,q8_q8-006,4,0.0704035833477974,0.0704035833477974,True
STACK,q8_q8-006,3,0.0704035833477974,0.0704035833477974,True
STACK,q8_q8-006,2,0.0704035833477974,0.0704035833477974,True
STACK,q8_q8-006,1,0.0704035833477974,0.0704035833477974,True
STACK,q8_q8-006,0,0.0704035833477974,0.0704035833477974,True
STACK,q8_q8-025,63,0.21809455007314682,0.21809455007314682,True
STACK,q8_q8-025,62,0.21809455007314682,0.21809455007314682,True
STACK,q8_q8-025,61,0.21809455007314682,0.21809455007314682,True
STACK,q8_q8-025,60,0.21809455007314682,0.21809455007314682,True
STACK,q8_q8-025,59,0.21809455007314682,0.21809455007314682,True
STACK,q8_q8-025,58,0.21809455007314682,0.21809455007314682,True
STACK,q8_q8-025,57,0.21809455007314682,0.21809455007314682,True
STACK,q8_q8-025,56,0.21809455007314682,0.21809455007314682,True
STACK,q8_q8-025,55,0.21809455007314682,0.21809455007314682,True
STACK,q8_q8-025,54,0.21809455007314682,0.21809455007314682,True
STACK,q8_q8-025,53,0.21809455007314682,0.21809455007314682,True
STACK,q8_q8-025,52,0.21809455007314682,0.21809455007314682,True
STACK,q8_q8-025,51,0.21809455007314682,0.21809455007314682,True
STACK,q8_q8-025,50,0.21809455007314682,0.21809455007314682,True
STACK,q8_q8-025,49,0.21809455007314682,0.21809455007314682,True
STACK,q8_q8-025,48,0.21809455007314682,0.21809455007314682,True
STACK,q8_q8-025,47,0.21809455007314682,0.09485093504190445,False
STACK,q8_q8-025,46,0.09485093504190445,0.09438446909189224,False
STACK,q8_q8-025,45,0.09438446909189224,0.09326089173555374,False
STACK,q8_q8-025,44,0.09326089173555374,0.09251195192337036,False
STACK,q8_q8-025,43,0.09251195192337036,0.08199363201856613,False
STACK,q8_q8-025,42,0.08199363201856613,0.08096818625926971,False
STACK,q8_q8-025,41,0.08096818625926971,0.08096818625926971,True
STACK,q8_q8-025,40,0.08096818625926971,0.08096818625926971,True
STACK,q8_q8-025,39,0.08096818625926971,0.08096818625926971,True
STACK,q8_q8-025,38,0.08096818625926971,0.08096818625926971,True
STACK,q8_q8-025,37,0.08096818625926971,0.08096818625926971,True
STACK,q8_q8-025,36,0.08096818625926971,0.08096818625926971,True
STACK,q8_q8-025,35,0.08096818625926971,0.08096818625926971,True
STACK,q8_q8-025,34,0.08096818625926971,0.08096818625926971,True
STACK,q8_q8-025,33,0.08096818625926971,0.08096818625926971,True
STACK,q8_q8-025,32,0.08096818625926971,0.08096818625926971,True
STACK,q8_q8-025,31,0.08096818625926971,0.08096818625926971,True
STACK,q8_q8-025,30,0.08096818625926971,0.08096818625926971,True
STACK,q8_q8-025,29,0.08096818625926971,0.08096818625926971,True
STACK,q8_q8-025,28,0.08096818625926971,0.08096818625926971,True
STACK,q8_q8-025,27,0.08096818625926971,0.08096818625926971,True
STACK,q8_q8-025,26,0.08096818625926971,0.08096818625926971,True
STACK,q8_q8-025,25,0.08096818625926971,0.08096818625926971,True
STACK,q8_q8-025,24,0.08096818625926971,0.08096818625926971,True
STACK,q8_q8-025,23,0.08096818625926971,0.08096818625926971,True
STACK,q8_q8-025,22,0.08096818625926971,0.08096818625926971,True
STACK,q8_q8-025,21,0.08096818625926971,0.08096818625926971,True
STACK,q8_q8-025,20,0.08096818625926971,0.08096818625926971,True
STACK,q8_q8-025,19,0.08096818625926971,0.08096818625926971,True
STACK,q8_q8-025,18,0.08096818625926971,0.08096818625926971,True
STACK,q8_q8-025,17,0.08096818625926971,0.08096818625926971,True
STACK,q8_q8-025,16,0.08096818625926971,0.08096818625926971,True
STACK,q8_q8-025,15,0.08096818625926971,0.08096818625926971,True
STACK,q8_q8-025,14,0.08096818625926971,0.08096818625926971,True
STACK,q8_q8-025,13,0.08096818625926971,0.08096818625926971,True
STACK,q8_q8-025,12,0.08096818625926971,0.08096818625926971,True
STACK,q8_q8-025,11,0.08096818625926971,0.07663632929325104,False
STACK,q8_q8-025,10,0.07663632929325104,0.07663632929325104,True
STACK,q8_q8-025,9,0.07663632929325104,0.07663632929325104,True
STACK,q8_q8-025,8,0.07663632929325104,0.07663632929325104,True
STACK,q8_q8-025,7,0.07663632929325104,0.07663632929325104,True
STACK,q8_q8-025,6,0.07663632929325104,0.07663632929325104,True
STACK,q8_q8-025,5,0.07663632929325104,0.07663632929325104,True
STACK,q8_q8-025,4,0.07663632929325104,0.07663632929325104,True
STACK,q8_q8-025,3,0.07663632929325104,0.07663632929325104,True
STACK,q8_q8-025,2,0.07663632929325104,0.07663632929325104,True
STACK,q8_q8-025,1,0.07663632929325104,0.07663632929325104,True
STACK,q8_q8-025,0,0.07663632929325104,0.07663632929325104,True
STACK,q8_q8-046,63,0.2180522307753563,0.2180522307753563,True
STACK,q8_q8-046,62,0.2180522307753563,0.2180522307753563,True
STACK,q8_q8-046,61,0.2180522307753563,0.2180522307753563,True
STACK,q8_q8-046,60,0.2180522307753563,0.2180522307753563,True
STACK,q8_q8-046,59,0.2180522307753563,0.2180522307753563,True
STACK,q8_q8-046,58,0.2180522307753563,0.2180522307753563,True
STACK,q8_q8-046,57,0.2180522307753563,0.2210192233324051,False
STACK,q8_q8-046,56,0.2180522307753563,0.2180522307753563,True
STACK,q8_q8-046,55,0.2180522307753563,0.2180522307753563,True
STACK,q8_q8-046,54,0.2180522307753563,0.2180522307753563,True
STACK,q8_q8-046,53,0.2180522307753563,0.2180522307753563,True
STACK,q8_q8-046,52,0.2180522307753563,0.2180522307753563,True
STACK,q8_q8-046,51,0.2180522307753563,0.2180522307753563,True
STACK,q8_q8-046,50,0.2180522307753563,0.2180522307753563,True
STACK,q8_q8-046,49,0.2180522307753563,0.2180522307753563,True
STACK,q8_q8-046,48,0.2180522307753563,0.2180522307753563,True
STACK,q8_q8-046,47,0.2180522307753563,0.09347719699144363,False
STACK,q8_q8-046,46,0.09347719699144363,0.09417451173067093,False
STACK,q8_q8-046,45,0.09347719699144363,0.09347719699144363,True
STACK,q8_q8-046,44,0.09347719699144363,0.09032782912254333,False
STACK,q8_q8-046,43,0.09032782912254333,0.08209194242954254,False
STACK,q8_q8-046,42,0.08209194242954254,0.08209194242954254,True
STACK,q8_q8-046,41,0.08209194242954254,0.08209194242954254,True
STACK,q8_q8-046,40,0.08209194242954254,0.08209194242954254,True
STACK,q8_q8-046,39,0.08209194242954254,0.08209194242954254,True
STACK,q8_q8-046,38,0.08209194242954254,0.08209194242954254,True
STACK,q8_q8-046,37,0.08209194242954254,0.08209194242954254,True
STACK,q8_q8-046,36,0.08209194242954254,0.08209194242954254,True
STACK,q8_q8-046,35,0.08209194242954254,0.08209194242954254,True
STACK,q8_q8-046,34,0.08209194242954254,0.08209194242954254,True
STACK,q8_q8-046,33,0.08209194242954254,0.08209194242954254,True
STACK,q8_q8-046,32,0.08209194242954254,0.08209194242954254,True
STACK,q8_q8-046,31,0.08209194242954254,0.08209194242954254,True
STACK,q8_q8-046,30,0.08209194242954254,0.08209194242954254,True
STACK,q8_q8-046,29,0.08209194242954254,0.08209194242954254,True
STACK,q8_q8-046,28,0.08209194242954254,0.08209194242954254,True
STACK,q8_q8-046,27,0.08209194242954254,0.08209194242954254,True
STACK,q8_q8-046,26,0.08209194242954254,0.08209194242954254,True
STACK,q8_q8-046,25,0.08209194242954254,0.08209194242954254,True
STACK,q8_q8-046,24,0.08209194242954254,0.08209194242954254,True
STACK,q8_q8-046,23,0.08209194242954254,0.08209194242954254,True
STACK,q8_q8-046,22,0.08209194242954254,0.08209194242954254,True
STACK,q8_q8-046,21,0.08209194242954254,0.08209194242954254,True
STACK,q8_q8-046,20,0.08209194242954254,0.08209194242954254,True
STACK,q8_q8-046,19,0.08209194242954254,0.08209194242954254,True
STACK,q8_q8-046,18,0.08209194242954254,0.08209194242954254,True
STACK,q8_q8-046,17,0.08209194242954254,0.08209194242954254,True
STACK,q8_q8-046,16,0.08209194242954254,0.08209194242954254,True
STACK,q8_q8-046,15,0.08209194242954254,0.08209194242954254,True
STACK,q8_q8-046,14,0.08209194242954254,0.08209194242954254,True
STACK,q8_q8-046,13,0.08209194242954254,0.08209194242954254,True
STACK,q8_q8-046,12,0.08209194242954254,0.08209194242954254,True
STACK,q8_q8-046,11,0.08209194242954254,0.0750240683555603,False
STACK,q8_q8-046,10,0.0750240683555603,0.0750240683555603,True
STACK,q8_q8-046,9,0.0750240683555603,0.0750240683555603,True
STACK,q8_q8-046,8,0.0750240683555603,0.0750240683555603,True
STACK,q8_q8-046,7,0.0750240683555603,0.0750240683555603,True
STACK,q8_q8-046,6,0.0750240683555603,0.0750240683555603,True
STACK,q8_q8-046,5,0.0750240683555603,0.0750240683555603,True
STACK,q8_q8-046,4,0.0750240683555603,0.0750240683555603,True
STACK,q8_q8-046,3,0.0750240683555603,0.0750240683555603,True
STACK,q8_q8-046,2,0.0750240683555603,0.0750240683555603,True
STACK,q8_q8-046,1,0.0750240683555603,0.0750240683555603,True
STACK,q8_q8-046,0,0.0750240683555603,0.0750240683555603,True
STACK,q8_q8-062,63,0.2217669114470482,0.2217669114470482,True
STACK,q8_q8-062,62,0.2217669114470482,0.2217669114470482,True
STACK,q8_q8-062,61,0.2217669114470482,0.2217669114470482,True
STACK,q8_q8-062,60,0.2217669114470482,0.2217669114470482,True
STACK,q8_q8-062,59,0.2217669114470482,0.2217669114470482,True
STACK,q8_q8-062,58,0.2217669114470482,0.2217669114470482,True
STACK,q8_q8-062,57,0.2217669114470482,0.2235857993364334,False
STACK,q8_q8-062,56,0.2217669114470482,0.2217669114470482,True
STACK,q8_q8-062,55,0.2217669114470482,0.2217669114470482,True
STACK,q8_q8-062,54,0.2217669114470482,0.2217669114470482,True
STACK,q8_q8-062,53,0.2217669114470482,0.2217669114470482,True
STACK,q8_q8-062,52,0.2217669114470482,0.2217669114470482,True
STACK,q8_q8-062,51,0.2217669114470482,0.2217669114470482,True
STACK,q8_q8-062,50,0.2217669114470482,0.2217669114470482,True
STACK,q8_q8-062,49,0.2217669114470482,0.2217669114470482,True
STACK,q8_q8-062,48,0.2217669114470482,0.2217669114470482,True
STACK,q8_q8-062,47,0.2217669114470482,0.09337461739778519,False
STACK,q8_q8-062,46,0.09337461739778519,0.09246697276830673,False
STACK,q8_q8-062,45,0.09246697276830673,0.08277721703052521,False
STACK,q8_q8-062,44,0.08277721703052521,0.08277721703052521,True
STACK,q8_q8-062,43,0.08277721703052521,0.0811586007475853,False
STACK,q8_q8-062,42,0.0811586007475853,0.0811586007475853,True
STACK,q8_q8-062,41,0.0811586007475853,0.0811586007475853,True
STACK,q8_q8-062,40,0.0811586007475853,0.08189055323600769,False
STACK,q8_q8-062,39,0.0811586007475853,0.0811586007475853,True
STACK,q8_q8-062,38,0.0811586007475853,0.0811586007475853,True
STACK,q8_q8-062,37,0.0811586007475853,0.0811586007475853,True
STACK,q8_q8-062,36,0.0811586007475853,0.0811586007475853,True
STACK,q8_q8-062,35,0.0811586007475853,0.0811586007475853,True
STACK,q8_q8-062,34,0.0811586007475853,0.0811586007475853,True
STACK,q8_q8-062,33,0.0811586007475853,0.0811586007475853,True
STACK,q8_q8-062,32,0.0811586007475853,0.0811586007475853,True
STACK,q8_q8-062,31,0.0811586007475853,0.0811586007475853,True
STACK,q8_q8-062,30,0.0811586007475853,0.0811586007475853,True
STACK,q8_q8-062,29,0.0811586007475853,0.0811586007475853,True
STACK,q8_q8-062,28,0.0811586007475853,0.0811586007475853,True
STACK,q8_q8-062,27,0.0811586007475853,0.0811586007475853,True
STACK,q8_q8-062,26,0.0811586007475853,0.0811586007475853,True
STACK,q8_q8-062,25,0.0811586007475853,0.0811586007475853,True
STACK,q8_q8-062,24,0.0811586007475853,0.0811586007475853,True
STACK,q8_q8-062,23,0.0811586007475853,0.0811586007475853,True
STACK,q8_q8-062,22,0.0811586007475853,0.0811586007475853,True
STACK,q8_q8-062,21,0.0811586007475853,0.0811586007475853,True
STACK,q8_q8-062,20,0.0811586007475853,0.0811586007475853,True
STACK,q8_q8-062,19,0.0811586007475853,0.0811586007475853,True
STACK,q8_q8-062,18,0.0811586007475853,0.0811586007475853,True
STACK,q8_q8-062,17,0.0811586007475853,0.0811586007475853,True
STACK,q8_q8-062,16,0.0811586007475853,0.0811586007475853,True
STACK,q8_q8-062,15,0.0811586007475853,0.0811586007475853,True
STACK,q8_q8-062,14,0.0811586007475853,0.0811586007475853,True
STACK,q8_q8-062,13,0.0811586007475853,0.0811586007475853,True
STACK,q8_q8-062,12,0.0811586007475853,0.0811586007475853,True
STACK,q8_q8-062,11,0.0811586007475853,0.07901919633150101,False
STACK,q8_q8-062,10,0.07901919633150101,0.07602684199810028,False
STACK,q8_q8-062,9,0.07602684199810028,0.07602684199810028,True
STACK,q8_q8-062,8,0.07602684199810028,0.07602684199810028,True
STACK,q8_q8-062,7,0.07602684199810028,0.07602684199810028,True
STACK,q8_q8-062,6,0.07602684199810028,0.07602684199810028,True
STACK,q8_q8-062,5,0.07602684199810028,0.07602684199810028,True
STACK,q8_q8-062,4,0.07602684199810028,0.07602684199810028,True
STACK,q8_q8-062,3,0.07602684199810028,0.07692360132932663,False
STACK,q8_q8-062,2,0.07602684199810028,0.07602684199810028,True
STACK,q8_q8-062,1,0.07602684199810028,0.07602684199810028,True
STACK,q8_q8-062,0,0.07602684199810028,0.07602684199810028,True
STACK,q8_q8-065,63,0.22399455308914185,0.22399455308914185,True
STACK,q8_q8-065,62,0.22399455308914185,0.22399455308914185,True
STACK,q8_q8-065,61,0.22399455308914185,0.22399455308914185,True
STACK,q8_q8-065,60,0.22399455308914185,0.22399455308914185,True
STACK,q8_q8-065,59,0.22399455308914185,0.22399455308914185,True
STACK,q8_q8-065,58,0.22399455308914185,0.22399455308914185,True
STACK,q8_q8-065,57,0.22399455308914185,0.22572152316570282,False
STACK,q8_q8-065,56,0.22399455308914185,0.2228122428059578,False
STACK,q8_q8-065,55,0.2228122428059578,0.2228122428059578,True
STACK,q8_q8-065,54,0.2228122428059578,0.2228122428059578,True
STACK,q8_q8-065,53,0.2228122428059578,0.2228122428059578,True
STACK,q8_q8-065,52,0.2228122428059578,0.2228122428059578,True
STACK,q8_q8-065,51,0.2228122428059578,0.2228122428059578,True
STACK,q8_q8-065,50,0.2228122428059578,0.2228122428059578,True
STACK,q8_q8-065,49,0.2228122428059578,0.2228122428059578,True
STACK,q8_q8-065,48,0.2228122428059578,0.2228122428059578,True
STACK,q8_q8-065,47,0.2228122428059578,0.094282366335392,False
STACK,q8_q8-065,46,0.094282366335392,0.094282366335392,True
STACK,q8_q8-065,45,0.094282366335392,0.08026140183210373,False
STACK,q8_q8-065,44,0.08026140183210373,0.08026140183210373,True
STACK,q8_q8-065,43,0.08026140183210373,0.08026140183210373,True
STACK,q8_q8-065,42,0.08026140183210373,0.07637422531843185,False
STACK,q8_q8-065,41,0.07637422531843185,0.07637422531843185,True
STACK,q8_q8-065,40,0.07637422531843185,0.07637422531843185,True
STACK,q8_q8-065,39,0.07637422531843185,0.07637422531843185,True
STACK,q8_q8-065,38,0.07637422531843185,0.07637422531843185,True
STACK,q8_q8-065,37,0.07637422531843185,0.07637422531843185,True
STACK,q8_q8-065,36,0.07637422531843185,0.07637422531843185,True
STACK,q8_q8-065,35,0.07637422531843185,0.07637422531843185,True
STACK,q8_q8-065,34,0.07637422531843185,0.07637422531843185,True
STACK,q8_q8-065,33,0.07637422531843185,0.07637422531843185,True
STACK,q8_q8-065,32,0.07637422531843185,0.07637422531843185,True
STACK,q8_q8-065,31,0.07637422531843185,0.07637422531843185,True
STACK,q8_q8-065,30,0.07637422531843185,0.07637422531843185,True
STACK,q8_q8-065,29,0.07637422531843185,0.07637422531843185,True
STACK,q8_q8-065,28,0.07637422531843185,0.07637422531843185,True
STACK,q8_q8-065,27,0.07637422531843185,0.07637422531843185,True
STACK,q8_q8-065,26,0.07637422531843185,0.07637422531843185,True
STACK,q8_q8-065,25,0.07637422531843185,0.07637422531843185,True
STACK,q8_q8-065,24,0.07637422531843185,0.07637422531843185,True
STACK,q8_q8-065,23,0.07637422531843185,0.07637422531843185,True
STACK,q8_q8-065,22,0.07637422531843185,0.07637422531843185,True
STACK,q8_q8-065,21,0.07637422531843185,0.07637422531843185,True
STACK,q8_q8-065,20,0.07637422531843185,0.07637422531843185,True
STACK,q8_q8-065,19,0.07637422531843185,0.07637422531843185,True
STACK,q8_q8-065,18,0.07637422531843185,0.07637422531843185,True
STACK,q8_q8-065,17,0.07637422531843185,0.07637422531843185,True
STACK,q8_q8-065,16,0.07637422531843185,0.07637422531843185,True
STACK,q8_q8-065,15,0.07637422531843185,0.07637422531843185,True
STACK,q8_q8-065,14,0.07637422531843185,0.07637422531843185,True
STACK,q8_q8-065,13,0.07637422531843185,0.07637422531843185,True
STACK,q8_q8-065,12,0.07637422531843185,0.07637422531843185,True
STACK,q8_q8-065,11,0.07637422531843185,0.07637422531843185,True
STACK,q8_q8-065,10,0.07637422531843185,0.07733102142810822,False
STACK,q8_q8-065,9,0.07637422531843185,0.07637422531843185,True
STACK,q8_q8-065,8,0.07637422531843185,0.07637422531843185,True
STACK,q8_q8-065,7,0.07637422531843185,0.07637422531843185,True
STACK,q8_q8-065,6,0.07637422531843185,0.07637422531843185,True
STACK,q8_q8-065,5,0.07637422531843185,0.07637422531843185,True
STACK,q8_q8-065,4,0.07637422531843185,0.07637422531843185,True
STACK,q8_q8-065,3,0.07637422531843185,0.07637422531843185,True
STACK,q8_q8-065,2,0.07637422531843185,0.07637422531843185,True
STACK,q8_q8-065,1,0.07637422531843185,0.07637422531843185,True
STACK,q8_q8-065,0,0.07637422531843185,0.07637422531843185,True
STACK,q8_q8-074,63,0.22244011610746384,0.22244011610746384,True
STACK,q8_q8-074,62,0.22244011610746384,0.22244011610746384,True
STACK,q8_q8-074,61,0.22244011610746384,0.22244011610746384,True
STACK,q8_q8-074,60,0.22244011610746384,0.22244011610746384,True
STACK,q8_q8-074,59,0.22244011610746384,0.22244011610746384,True
STACK,q8_q8-074,58,0.22244011610746384,0.22244011610746384,True
STACK,q8_q8-074,57,0.22244011610746384,0.2226073145866394,False
STACK,q8_q8-074,56,0.22244011610746384,0.22244011610746384,True
STACK,q8_q8-074,55,0.22244011610746384,0.22244011610746384,True
STACK,q8_q8-074,54,0.22244011610746384,0.22244011610746384,True
STACK,q8_q8-074,53,0.22244011610746384,0.22244011610746384,True
STACK,q8_q8-074,52,0.22244011610746384,0.22244011610746384,True
STACK,q8_q8-074,51,0.22244011610746384,0.22244011610746384,True
STACK,q8_q8-074,50,0.22244011610746384,0.22244011610746384,True
STACK,q8_q8-074,49,0.22244011610746384,0.22244011610746384,True
STACK,q8_q8-074,48,0.22244011610746384,0.22244011610746384,True
STACK,q8_q8-074,47,0.22244011610746384,0.09755193442106247,False
STACK,q8_q8-074,46,0.09755193442106247,0.09257784485816956,False
STACK,q8_q8-074,45,0.09257784485816956,0.09167291224002838,False
STACK,q8_q8-074,44,0.09167291224002838,0.08431942015886307,False
STACK,q8_q8-074,43,0.08431942015886307,0.08086524903774261,False
STACK,q8_q8-074,42,0.08086524903774261,0.08086524903774261,True
STACK,q8_q8-074,41,0.08086524903774261,0.07570541650056839,False
STACK,q8_q8-074,40,0.07570541650056839,0.07570541650056839,True
STACK,q8_q8-074,39,0.07570541650056839,0.07570541650056839,True
STACK,q8_q8-074,38,0.07570541650056839,0.07570541650056839,True
STACK,q8_q8-074,37,0.07570541650056839,0.07570541650056839,True
STACK,q8_q8-074,36,0.07570541650056839,0.07570541650056839,True
STACK,q8_q8-074,35,0.07570541650056839,0.07570541650056839,True
STACK,q8_q8-074,34,0.07570541650056839,0.07570541650056839,True
STACK,q8_q8-074,33,0.07570541650056839,0.07570541650056839,True
STACK,q8_q8-074,32,0.07570541650056839,0.07570541650056839,True
STACK,q8_q8-074,31,0.07570541650056839,0.07570541650056839,True
STACK,q8_q8-074,30,0.07570541650056839,0.07570541650056839,True
STACK,q8_q8-074,29,0.07570541650056839,0.07570541650056839,True
STACK,q8_q8-074,28,0.07570541650056839,0.07570541650056839,True
STACK,q8_q8-074,27,0.07570541650056839,0.07570541650056839,True
STACK,q8_q8-074,26,0.07570541650056839,0.07570541650056839,True
STACK,q8_q8-074,25,0.07570541650056839,0.07570541650056839,True
STACK,q8_q8-074,24,0.07570541650056839,0.07570541650056839,True
STACK,q8_q8-074,23,0.07570541650056839,0.07570541650056839,True
STACK,q8_q8-074,22,0.07570541650056839,0.07570541650056839,True
STACK,q8_q8-074,21,0.07570541650056839,0.07570541650056839,True
STACK,q8_q8-074,20,0.07570541650056839,0.07570541650056839,True
STACK,q8_q8-074,19,0.07570541650056839,0.07570541650056839,True
STACK,q8_q8-074,18,0.07570541650056839,0.07570541650056839,True
STACK,q8_q8-074,17,0.07570541650056839,0.07570541650056839,True
STACK,q8_q8-074,16,0.07570541650056839,0.07570541650056839,True
STACK,q8_q8-074,15,0.07570541650056839,0.07570541650056839,True
STACK,q8_q8-074,14,0.07570541650056839,0.07570541650056839,True
STACK,q8_q8-074,13,0.07570541650056839,0.07570541650056839,True
STACK,q8_q8-074,12,0.07570541650056839,0.07570541650056839,True
STACK,q8_q8-074,11,0.07570541650056839,0.07570541650056839,True
STACK,q8_q8-074,10,0.07570541650056839,0.07570541650056839,True
STACK,q8_q8-074,9,0.07570541650056839,0.07570541650056839,True
STACK,q8_q8-074,8,0.07570541650056839,0.07570541650056839,True
STACK,q8_q8-074,7,0.07570541650056839,0.07570541650056839,True
STACK,q8_q8-074,6,0.07570541650056839,0.07570541650056839,True
STACK,q8_q8-074,5,0.07570541650056839,0.07570541650056839,True
STACK,q8_q8-074,4,0.07570541650056839,0.07570541650056839,True
STACK,q8_q8-074,3,0.07570541650056839,0.0739784836769104,False
STACK,q8_q8-074,2,0.0739784836769104,0.0739784836769104,True
STACK,q8_q8-074,1,0.0739784836769104,0.0739784836769104,True
STACK,q8_q8-074,0,0.0739784836769104,0.0739784836769104,True
STACK,q8_q8-076,63,0.21685653179883957,0.21685653179883957,True
STACK,q8_q8-076,62,0.21685653179883957,0.21685653179883957,True
STACK,q8_q8-076,61,0.21685653179883957,0.21685653179883957,True
STACK,q8_q8-076,60,0.21685653179883957,0.21685653179883957,True
STACK,q8_q8-076,59,0.21685653179883957,0.21685653179883957,True
STACK,q8_q8-076,58,0.21685653179883957,0.21685653179883957,True
STACK,q8_q8-076,57,0.21685653179883957,0.21685653179883957,True
STACK,q8_q8-076,56,0.21685653179883957,0.21041833609342575,False
STACK,q8_q8-076,55,0.21041833609342575,0.21041833609342575,True
STACK,q8_q8-076,54,0.21041833609342575,0.21041833609342575,True
STACK,q8_q8-076,53,0.21041833609342575,0.21041833609342575,True
STACK,q8_q8-076,52,0.21041833609342575,0.21041833609342575,True
STACK,q8_q8-076,51,0.21041833609342575,0.21041833609342575,True
STACK,q8_q8-076,50,0.21041833609342575,0.21041833609342575,True
STACK,q8_q8-076,49,0.21041833609342575,0.21041833609342575,True
STACK,q8_q8-076,48,0.21041833609342575,0.21041833609342575,True
STACK,q8_q8-076,47,0.21041833609342575,0.09919378161430359,False
STACK,q8_q8-076,46,0.09919378161430359,0.09189986437559128,False
STACK,q8_q8-076,45,0.09189986437559128,0.09173116832971573,False
STACK,q8_q8-076,44,0.09173116832971573,0.09225423634052277,False
STACK,q8_q8-076,43,0.09173116832971573,0.08305204659700394,False
STACK,q8_q8-076,42,0.08305204659700394,0.08233436942100525,False
STACK,q8_q8-076,41,0.08233436942100525,0.08233436942100525,True
STACK,q8_q8-076,40,0.08233436942100525,0.08233436942100525,True
STACK,q8_q8-076,39,0.08233436942100525,0.08233436942100525,True
STACK,q8_q8-076,38,0.08233436942100525,0.08233436942100525,True
STACK,q8_q8-076,37,0.08233436942100525,0.08233436942100525,True
STACK,q8_q8-076,36,0.08233436942100525,0.08233436942100525,True
STACK,q8_q8-076,35,0.08233436942100525,0.08233436942100525,True
STACK,q8_q8-076,34,0.08233436942100525,0.08233436942100525,True
STACK,q8_q8-076,33,0.08233436942100525,0.08233436942100525,True
STACK,q8_q8-076,32,0.08233436942100525,0.08233436942100525,True
STACK,q8_q8-076,31,0.08233436942100525,0.08233436942100525,True
STACK,q8_q8-076,30,0.08233436942100525,0.08233436942100525,True
STACK,q8_q8-076,29,0.08233436942100525,0.08233436942100525,True
STACK,q8_q8-076,28,0.08233436942100525,0.08233436942100525,True
STACK,q8_q8-076,27,0.08233436942100525,0.08233436942100525,True
STACK,q8_q8-076,26,0.08233436942100525,0.08233436942100525,True
STACK,q8_q8-076,25,0.08233436942100525,0.08233436942100525,True
STACK,q8_q8-076,24,0.08233436942100525,0.08233436942100525,True
STACK,q8_q8-076,23,0.08233436942100525,0.08233436942100525,True
STACK,q8_q8-076,22,0.08233436942100525,0.08233436942100525,True
STACK,q8_q8-076,21,0.08233436942100525,0.08233436942100525,True
STACK,q8_q8-076,20,0.08233436942100525,0.08233436942100525,True
STACK,q8_q8-076,19,0.08233436942100525,0.08233436942100525,True
STACK,q8_q8-076,18,0.08233436942100525,0.08233436942100525,True
STACK,q8_q8-076,17,0.08233436942100525,0.08233436942100525,True
STACK,q8_q8-076,16,0.08233436942100525,0.08233436942100525,True
STACK,q8_q8-076,15,0.08233436942100525,0.08233436942100525,True
STACK,q8_q8-076,14,0.08233436942100525,0.08233436942100525,True
STACK,q8_q8-076,13,0.08233436942100525,0.08233436942100525,True
STACK,q8_q8-076,12,0.08233436942100525,0.0833447128534317,False
STACK,q8_q8-076,11,0.08233436942100525,0.07272245734930038,False
STACK,q8_q8-076,10,0.07272245734930038,0.07272245734930038,True
STACK,q8_q8-076,9,0.07272245734930038,0.07272245734930038,True
STACK,q8_q8-076,8,0.07272245734930038,0.06874413043260574,False
STACK,q8_q8-076,7,0.06874413043260574,0.06874413043260574,True
STACK,q8_q8-076,6,0.06874413043260574,0.06874413043260574,True
STACK,q8_q8-076,5,0.06874413043260574,0.06874413043260574,True
STACK,q8_q8-076,4,0.06874413043260574,0.06874413043260574,True
STACK,q8_q8-076,3,0.06874413043260574,0.06874413043260574,True
STACK,q8_q8-076,2,0.06874413043260574,0.06874413043260574,True
STACK,q8_q8-076,1,0.06874413043260574,0.06874413043260574,True
STACK,q8_q8-076,0,0.06874413043260574,0.06874413043260574,True
STACK,q8_q8-096,63,0.21948102116584778,0.21948102116584778,True
STACK,q8_q8-096,62,0.21948102116584778,0.21948102116584778,True
STACK,q8_q8-096,61,0.21948102116584778,0.21948102116584778,True
STACK,q8_q8-096,60,0.21948102116584778,0.21948102116584778,True
STACK,q8_q8-096,59,0.21948102116584778,0.21948102116584778,True
STACK,q8_q8-096,58,0.21948102116584778,0.21948102116584778,True
STACK,q8_q8-096,57,0.21948102116584778,0.21948102116584778,True
STACK,q8_q8-096,56,0.21948102116584778,0.21948102116584778,True
STACK,q8_q8-096,55,0.21948102116584778,0.21948102116584778,True
STACK,q8_q8-096,54,0.21948102116584778,0.21948102116584778,True
STACK,q8_q8-096,53,0.21948102116584778,0.21948102116584778,True
STACK,q8_q8-096,52,0.21948102116584778,0.21948102116584778,True
STACK,q8_q8-096,51,0.21948102116584778,0.21948102116584778,True
STACK,q8_q8-096,50,0.21948102116584778,0.21948102116584778,True
STACK,q8_q8-096,49,0.21948102116584778,0.21921782940626144,False
STACK,q8_q8-096,48,0.21921782940626144,0.21921782940626144,True
STACK,q8_q8-096,47,0.21921782940626144,0.08570187538862228,False
STACK,q8_q8-096,46,0.08570187538862228,0.08570187538862228,True
STACK,q8_q8-096,45,0.08570187538862228,0.08570187538862228,True
STACK,q8_q8-096,44,0.08570187538862228,0.08570187538862228,True
STACK,q8_q8-096,43,0.08570187538862228,0.08075357228517532,False
STACK,q8_q8-096,42,0.08075357228517532,0.08075357228517532,True
STACK,q8_q8-096,41,0.08075357228517532,0.08075357228517532,True
STACK,q8_q8-096,40,0.08075357228517532,0.07969645410776138,False
STACK,q8_q8-096,39,0.07969645410776138,0.07969645410776138,True
STACK,q8_q8-096,38,0.07969645410776138,0.07969645410776138,True
STACK,q8_q8-096,37,0.07969645410776138,0.07969645410776138,True
STACK,q8_q8-096,36,0.07969645410776138,0.07969645410776138,True
STACK,q8_q8-096,35,0.07969645410776138,0.07969645410776138,True
STACK,q8_q8-096,34,0.07969645410776138,0.07969645410776138,True
STACK,q8_q8-096,33,0.07969645410776138,0.07969645410776138,True
STACK,q8_q8-096,32,0.07969645410776138,0.07969645410776138,True
STACK,q8_q8-096,31,0.07969645410776138,0.07969645410776138,True
STACK,q8_q8-096,30,0.07969645410776138,0.07969645410776138,True
STACK,q8_q8-096,29,0.07969645410776138,0.07969645410776138,True
STACK,q8_q8-096,28,0.07969645410776138,0.07969645410776138,True
STACK,q8_q8-096,27,0.07969645410776138,0.07969645410776138,True
STACK,q8_q8-096,26,0.07969645410776138,0.07969645410776138,True
STACK,q8_q8-096,25,0.07969645410776138,0.07969645410776138,True
STACK,q8_q8-096,24,0.07969645410776138,0.07969645410776138,True
STACK,q8_q8-096,23,0.07969645410776138,0.07969645410776138,True
STACK,q8_q8-096,22,0.07969645410776138,0.07969645410776138,True
STACK,q8_q8-096,21,0.07969645410776138,0.07969645410776138,True
STACK,q8_q8-096,20,0.07969645410776138,0.07969645410776138,True
STACK,q8_q8-096,19,0.07969645410776138,0.07969645410776138,True
STACK,q8_q8-096,18,0.07969645410776138,0.07969645410776138,True
STACK,q8_q8-096,17,0.07969645410776138,0.07969645410776138,True
STACK,q8_q8-096,16,0.07969645410776138,0.07969645410776138,True
STACK,q8_q8-096,15,0.07969645410776138,0.07969645410776138,True
STACK,q8_q8-096,14,0.07969645410776138,0.07969645410776138,True
STACK,q8_q8-096,13,0.07969645410776138,0.07969645410776138,True
STACK,q8_q8-096,12,0.07969645410776138,0.07969645410776138,True
STACK,q8_q8-096,11,0.07969645410776138,0.07744806259870529,False
STACK,q8_q8-096,10,0.07744806259870529,0.06753271073102951,False
STACK,q8_q8-096,9,0.06753271073102951,0.06753271073102951,True
STACK,q8_q8-096,8,0.06753271073102951,0.06753271073102951,True
STACK,q8_q8-096,7,0.06753271073102951,0.06753271073102951,True
STACK,q8_q8-096,6,0.06753271073102951,0.06753271073102951,True
STACK,q8_q8-096,5,0.06753271073102951,0.06753271073102951,True
STACK,q8_q8-096,4,0.06753271073102951,0.06753271073102951,True
STACK,q8_q8-096,3,0.06753271073102951,0.06753271073102951,True
STACK,q8_q8-096,2,0.06753271073102951,0.06753271073102951,True
STACK,q8_q8-096,1,0.06753271073102951,0.06753271073102951,True
STACK,q8_q8-096,0,0.06753271073102951,0.06753271073102951,True
STACK,q11_0ea8bacd,63,0.050213634967803955,0.050213634967803955,True
STACK,q11_0ea8bacd,62,0.050213634967803955,0.050213634967803955,True
STACK,q11_0ea8bacd,61,0.050213634967803955,0.050213634967803955,True
STACK,q11_0ea8bacd,60,0.050213634967803955,0.050213634967803955,True
STACK,q11_0ea8bacd,59,0.050213634967803955,0.050213634967803955,True
STACK,q11_0ea8bacd,58,0.050213634967803955,0.050213634967803955,True
STACK,q11_0ea8bacd,57,0.050213634967803955,0.050213634967803955,True
STACK,q11_0ea8bacd,56,0.050213634967803955,0.050213634967803955,True
STACK,q11_0ea8bacd,55,0.050213634967803955,0.050213634967803955,True
STACK,q11_0ea8bacd,54,0.050213634967803955,0.050213634967803955,True
STACK,q11_0ea8bacd,53,0.050213634967803955,0.050213634967803955,True
STACK,q11_0ea8bacd,52,0.050213634967803955,0.050213634967803955,True
STACK,q11_0ea8bacd,51,0.050213634967803955,0.050213634967803955,True
STACK,q11_0ea8bacd,50,0.050213634967803955,0.050213634967803955,True
STACK,q11_0ea8bacd,49,0.050213634967803955,0.050213634967803955,True
STACK,q11_0ea8bacd,48,0.050213634967803955,0.050213634967803955,True
STACK,q11_0ea8bacd,47,0.050213634967803955,0.050213634967803955,True
STACK,q11_0ea8bacd,46,0.050213634967803955,0.050213634967803955,True
STACK,q11_0ea8bacd,45,0.050213634967803955,0.050213634967803955,True
STACK,q11_0ea8bacd,44,0.050213634967803955,0.050213634967803955,True
STACK,q11_0ea8bacd,43,0.050213634967803955,0.050213634967803955,True
STACK,q11_0ea8bacd,42,0.050213634967803955,0.050213634967803955,True
STACK,q11_0ea8bacd,41,0.050213634967803955,0.050213634967803955,True
STACK,q11_0ea8bacd,40,0.050213634967803955,0.050213634967803955,True
STACK,q11_0ea8bacd,39,0.050213634967803955,0.050213634967803955,True
STACK,q11_0ea8bacd,38,0.050213634967803955,0.050213634967803955,True
STACK,q11_0ea8bacd,37,0.050213634967803955,0.050213634967803955,True
STACK,q11_0ea8bacd,36,0.050213634967803955,0.050213634967803955,True
STACK,q11_0ea8bacd,35,0.050213634967803955,0.050213634967803955,True
STACK,q11_0ea8bacd,34,0.050213634967803955,0.050213634967803955,True
STACK,q11_0ea8bacd,33,0.050213634967803955,0.050213634967803955,True
STACK,q11_0ea8bacd,32,0.050213634967803955,0.050213634967803955,True
STACK,q11_0ea8bacd,31,0.050213634967803955,0.050213634967803955,True
STACK,q11_0ea8bacd,30,0.050213634967803955,0.050213634967803955,True
STACK,q11_0ea8bacd,29,0.050213634967803955,0.050213634967803955,True
STACK,q11_0ea8bacd,28,0.050213634967803955,0.050213634967803955,True
STACK,q11_0ea8bacd,27,0.050213634967803955,0.050213634967803955,True
STACK,q11_0ea8bacd,26,0.050213634967803955,0.050213634967803955,True
STACK,q11_0ea8bacd,25,0.050213634967803955,0.050213634967803955,True
STACK,q11_0ea8bacd,24,0.050213634967803955,0.050213634967803955,True
STACK,q11_0ea8bacd,23,0.050213634967803955,0.050213634967803955,True
STACK,q11_0ea8bacd,22,0.050213634967803955,0.050213634967803955,True
STACK,q11_0ea8bacd,21,0.050213634967803955,0.050213634967803955,True
STACK,q11_0ea8bacd,20,0.050213634967803955,0.050213634967803955,True
STACK,q11_0ea8bacd,19,0.050213634967803955,0.050213634967803955,True
STACK,q11_0ea8bacd,18,0.050213634967803955,0.050213634967803955,True
STACK,q11_0ea8bacd,17,0.050213634967803955,0.050213634967803955,True
STACK,q11_0ea8bacd,16,0.050213634967803955,0.050213634967803955,True
STACK,q11_0ea8bacd,15,0.050213634967803955,0.050213634967803955,True
STACK,q11_0ea8bacd,14,0.050213634967803955,0.050213634967803955,True
STACK,q11_0ea8bacd,13,0.050213634967803955,0.050213634967803955,True
STACK,q11_0ea8bacd,12,0.050213634967803955,0.050213634967803955,True
STACK,q11_0ea8bacd,11,0.050213634967803955,0.050213634967803955,True
STACK,q11_0ea8bacd,10,0.050213634967803955,0.050213634967803955,True
STACK,q11_0ea8bacd,9,0.050213634967803955,0.050213634967803955,True
STACK,q11_0ea8bacd,8,0.050213634967803955,0.050213634967803955,True
STACK,q11_0ea8bacd,7,0.050213634967803955,0.050213634967803955,True
STACK,q11_0ea8bacd,6,0.050213634967803955,0.050213634967803955,True
STACK,q11_0ea8bacd,5,0.050213634967803955,0.050213634967803955,True
STACK,q11_0ea8bacd,4,0.050213634967803955,0.050213634967803955,True
STACK,q11_0ea8bacd,3,0.050213634967803955,0.050213634967803955,True
STACK,q11_0ea8bacd,2,0.050213634967803955,0.050213634967803955,True
STACK,q11_0ea8bacd,1,0.050213634967803955,0.050213634967803955,True
STACK,q11_0ea8bacd,0,0.050213634967803955,0.050213634967803955,True
STACK,q11_6c5cba41,63,0.050853222608566284,0.050853222608566284,True
STACK,q11_6c5cba41,62,0.050853222608566284,0.050853222608566284,True
STACK,q11_6c5cba41,61,0.050853222608566284,0.050853222608566284,True
STACK,q11_6c5cba41,60,0.050853222608566284,0.050853222608566284,True
STACK,q11_6c5cba41,59,0.050853222608566284,0.050853222608566284,True
STACK,q11_6c5cba41,58,0.050853222608566284,0.050853222608566284,True
STACK,q11_6c5cba41,57,0.050853222608566284,0.050853222608566284,True
STACK,q11_6c5cba41,56,0.050853222608566284,0.050853222608566284,True
STACK,q11_6c5cba41,55,0.050853222608566284,0.050853222608566284,True
STACK,q11_6c5cba41,54,0.050853222608566284,0.050853222608566284,True
STACK,q11_6c5cba41,53,0.050853222608566284,0.050853222608566284,True
STACK,q11_6c5cba41,52,0.050853222608566284,0.050853222608566284,True
STACK,q11_6c5cba41,51,0.050853222608566284,0.050853222608566284,True
STACK,q11_6c5cba41,50,0.050853222608566284,0.050853222608566284,True
STACK,q11_6c5cba41,49,0.050853222608566284,0.050853222608566284,True
STACK,q11_6c5cba41,48,0.050853222608566284,0.050853222608566284,True
STACK,q11_6c5cba41,47,0.050853222608566284,0.050853222608566284,True
STACK,q11_6c5cba41,46,0.050853222608566284,0.050853222608566284,True
STACK,q11_6c5cba41,45,0.050853222608566284,0.050853222608566284,True
STACK,q11_6c5cba41,44,0.050853222608566284,0.050853222608566284,True
STACK,q11_6c5cba41,43,0.050853222608566284,0.050853222608566284,True
STACK,q11_6c5cba41,42,0.050853222608566284,0.050853222608566284,True
STACK,q11_6c5cba41,41,0.050853222608566284,0.050853222608566284,True
STACK,q11_6c5cba41,40,0.050853222608566284,0.050853222608566284,True
STACK,q11_6c5cba41,39,0.050853222608566284,0.050853222608566284,True
STACK,q11_6c5cba41,38,0.050853222608566284,0.050853222608566284,True
STACK,q11_6c5cba41,37,0.050853222608566284,0.050853222608566284,True
STACK,q11_6c5cba41,36,0.050853222608566284,0.050853222608566284,True
STACK,q11_6c5cba41,35,0.050853222608566284,0.050853222608566284,True
STACK,q11_6c5cba41,34,0.050853222608566284,0.050853222608566284,True
STACK,q11_6c5cba41,33,0.050853222608566284,0.050853222608566284,True
STACK,q11_6c5cba41,32,0.050853222608566284,0.050853222608566284,True
STACK,q11_6c5cba41,31,0.050853222608566284,0.050853222608566284,True
STACK,q11_6c5cba41,30,0.050853222608566284,0.050853222608566284,True
STACK,q11_6c5cba41,29,0.050853222608566284,0.050853222608566284,True
STACK,q11_6c5cba41,28,0.050853222608566284,0.050853222608566284,True
STACK,q11_6c5cba41,27,0.050853222608566284,0.050853222608566284,True
STACK,q11_6c5cba41,26,0.050853222608566284,0.050853222608566284,True
STACK,q11_6c5cba41,25,0.050853222608566284,0.050853222608566284,True
STACK,q11_6c5cba41,24,0.050853222608566284,0.050853222608566284,True
STACK,q11_6c5cba41,23,0.050853222608566284,0.050853222608566284,True
STACK,q11_6c5cba41,22,0.050853222608566284,0.050853222608566284,True
STACK,q11_6c5cba41,21,0.050853222608566284,0.050853222608566284,True
STACK,q11_6c5cba41,20,0.050853222608566284,0.050853222608566284,True
STACK,q11_6c5cba41,19,0.050853222608566284,0.050853222608566284,True
STACK,q11_6c5cba41,18,0.050853222608566284,0.050853222608566284,True
STACK,q11_6c5cba41,17,0.050853222608566284,0.050853222608566284,True
STACK,q11_6c5cba41,16,0.050853222608566284,0.050853222608566284,True
STACK,q11_6c5cba41,15,0.050853222608566284,0.050853222608566284,True
STACK,q11_6c5cba41,14,0.050853222608566284,0.050853222608566284,True
STACK,q11_6c5cba41,13,0.050853222608566284,0.050853222608566284,True
STACK,q11_6c5cba41,12,0.050853222608566284,0.050853222608566284,True
STACK,q11_6c5cba41,11,0.050853222608566284,0.050853222608566284,True
STACK,q11_6c5cba41,10,0.050853222608566284,0.050853222608566284,True
STACK,q11_6c5cba41,9,0.050853222608566284,0.050853222608566284,True
STACK,q11_6c5cba41,8,0.050853222608566284,0.050853222608566284,True
STACK,q11_6c5cba41,7,0.050853222608566284,0.050853222608566284,True
STACK,q11_6c5cba41,6,0.050853222608566284,0.050853222608566284,True
STACK,q11_6c5cba41,5,0.050853222608566284,0.050853222608566284,True
STACK,q11_6c5cba41,4,0.050853222608566284,0.050853222608566284,True
STACK,q11_6c5cba41,3,0.050853222608566284,0.050853222608566284,True
STACK,q11_6c5cba41,2,0.050853222608566284,0.050853222608566284,True
STACK,q11_6c5cba41,1,0.050853222608566284,0.050853222608566284,True
STACK,q11_6c5cba41,0,0.050853222608566284,0.050853222608566284,True
STACK,q11_33e1caf2,63,0.03885733336210251,0.03885733336210251,True
STACK,q11_33e1caf2,62,0.03885733336210251,0.03885733336210251,True
STACK,q11_33e1caf2,61,0.03885733336210251,0.03885733336210251,True
STACK,q11_33e1caf2,60,0.03885733336210251,0.03885733336210251,True
STACK,q11_33e1caf2,59,0.03885733336210251,0.03885733336210251,True
STACK,q11_33e1caf2,58,0.03885733336210251,0.03885733336210251,True
STACK,q11_33e1caf2,57,0.03885733336210251,0.03885733336210251,True
STACK,q11_33e1caf2,56,0.03885733336210251,0.03885733336210251,True
STACK,q11_33e1caf2,55,0.03885733336210251,0.03885733336210251,True
STACK,q11_33e1caf2,54,0.03885733336210251,0.03885733336210251,True
STACK,q11_33e1caf2,53,0.03885733336210251,0.03885733336210251,True
STACK,q11_33e1caf2,52,0.03885733336210251,0.03885733336210251,True
STACK,q11_33e1caf2,51,0.03885733336210251,0.03885733336210251,True
STACK,q11_33e1caf2,50,0.03885733336210251,0.03885733336210251,True
STACK,q11_33e1caf2,49,0.03885733336210251,0.03885733336210251,True
STACK,q11_33e1caf2,48,0.03885733336210251,0.03885733336210251,True
STACK,q11_33e1caf2,47,0.03885733336210251,0.03885733336210251,True
STACK,q11_33e1caf2,46,0.03885733336210251,0.03885733336210251,True
STACK,q11_33e1caf2,45,0.03885733336210251,0.03885733336210251,True
STACK,q11_33e1caf2,44,0.03885733336210251,0.03885733336210251,True
STACK,q11_33e1caf2,43,0.03885733336210251,0.03885733336210251,True
STACK,q11_33e1caf2,42,0.03885733336210251,0.03885733336210251,True
STACK,q11_33e1caf2,41,0.03885733336210251,0.03885733336210251,True
STACK,q11_33e1caf2,40,0.03885733336210251,0.03885733336210251,True
STACK,q11_33e1caf2,39,0.03885733336210251,0.03885733336210251,True
STACK,q11_33e1caf2,38,0.03885733336210251,0.03885733336210251,True
STACK,q11_33e1caf2,37,0.03885733336210251,0.03885733336210251,True
STACK,q11_33e1caf2,36,0.03885733336210251,0.03885733336210251,True
STACK,q11_33e1caf2,35,0.03885733336210251,0.03885733336210251,True
STACK,q11_33e1caf2,34,0.03885733336210251,0.03885733336210251,True
STACK,q11_33e1caf2,33,0.03885733336210251,0.03885733336210251,True
STACK,q11_33e1caf2,32,0.03885733336210251,0.03885733336210251,True
STACK,q11_33e1caf2,31,0.03885733336210251,0.03885733336210251,True
STACK,q11_33e1caf2,30,0.03885733336210251,0.03885733336210251,True
STACK,q11_33e1caf2,29,0.03885733336210251,0.03885733336210251,True
STACK,q11_33e1caf2,28,0.03885733336210251,0.03885733336210251,True
STACK,q11_33e1caf2,27,0.03885733336210251,0.03885733336210251,True
STACK,q11_33e1caf2,26,0.03885733336210251,0.03885733336210251,True
STACK,q11_33e1caf2,25,0.03885733336210251,0.03885733336210251,True
STACK,q11_33e1caf2,24,0.03885733336210251,0.03885733336210251,True
STACK,q11_33e1caf2,23,0.03885733336210251,0.03885733336210251,True
STACK,q11_33e1caf2,22,0.03885733336210251,0.03885733336210251,True
STACK,q11_33e1caf2,21,0.03885733336210251,0.03885733336210251,True
STACK,q11_33e1caf2,20,0.03885733336210251,0.03885733336210251,True
STACK,q11_33e1caf2,19,0.03885733336210251,0.03885733336210251,True
STACK,q11_33e1caf2,18,0.03885733336210251,0.03885733336210251,True
STACK,q11_33e1caf2,17,0.03885733336210251,0.03885733336210251,True
STACK,q11_33e1caf2,16,0.03885733336210251,0.03885733336210251,True
STACK,q11_33e1caf2,15,0.03885733336210251,0.03885733336210251,True
STACK,q11_33e1caf2,14,0.03885733336210251,0.03885733336210251,True
STACK,q11_33e1caf2,13,0.03885733336210251,0.03885733336210251,True
STACK,q11_33e1caf2,12,0.03885733336210251,0.03885733336210251,True
STACK,q11_33e1caf2,11,0.03885733336210251,0.03885733336210251,True
STACK,q11_33e1caf2,10,0.03885733336210251,0.03885733336210251,True
STACK,q11_33e1caf2,9,0.03885733336210251,0.03885733336210251,True
STACK,q11_33e1caf2,8,0.03885733336210251,0.03885733336210251,True
STACK,q11_33e1caf2,7,0.03885733336210251,0.03885733336210251,True
STACK,q11_33e1caf2,6,0.03885733336210251,0.03885733336210251,True
STACK,q11_33e1caf2,5,0.03885733336210251,0.03885733336210251,True
STACK,q11_33e1caf2,4,0.03885733336210251,0.03885733336210251,True
STACK,q11_33e1caf2,3,0.03885733336210251,0.03885733336210251,True
STACK,q11_33e1caf2,2,0.03885733336210251,0.03885733336210251,True
STACK,q11_33e1caf2,1,0.03885733336210251,0.03885733336210251,True
STACK,q11_33e1caf2,0,0.03885733336210251,0.03885733336210251,True
STACK,q11_87c4bd09,63,0.23982056230306625,0.23982056230306625,True
STACK,q11_87c4bd09,62,0.23982056230306625,0.23982056230306625,True
STACK,q11_87c4bd09,61,0.23982056230306625,0.23982056230306625,True
STACK,q11_87c4bd09,60,0.23982056230306625,0.23982056230306625,True
STACK,q11_87c4bd09,59,0.23982056230306625,0.23982056230306625,True
STACK,q11_87c4bd09,58,0.23982056230306625,0.23982056230306625,True
STACK,q11_87c4bd09,57,0.23982056230306625,0.23982056230306625,True
STACK,q11_87c4bd09,56,0.23982056230306625,0.23982056230306625,True
STACK,q11_87c4bd09,55,0.23982056230306625,0.23982056230306625,True
STACK,q11_87c4bd09,54,0.23982056230306625,0.23982056230306625,True
STACK,q11_87c4bd09,53,0.23982056230306625,0.23982056230306625,True
STACK,q11_87c4bd09,52,0.23982056230306625,0.23982056230306625,True
STACK,q11_87c4bd09,51,0.23982056230306625,0.23982056230306625,True
STACK,q11_87c4bd09,50,0.23982056230306625,0.23982056230306625,True
STACK,q11_87c4bd09,49,0.23982056230306625,0.23982056230306625,True
STACK,q11_87c4bd09,48,0.23982056230306625,0.23982056230306625,True
STACK,q11_87c4bd09,47,0.23982056230306625,0.23982056230306625,True
STACK,q11_87c4bd09,46,0.23982056230306625,0.23982056230306625,True
STACK,q11_87c4bd09,45,0.23982056230306625,0.23982056230306625,True
STACK,q11_87c4bd09,44,0.23982056230306625,0.23982056230306625,True
STACK,q11_87c4bd09,43,0.23982056230306625,0.23982056230306625,True
STACK,q11_87c4bd09,42,0.23982056230306625,0.23982056230306625,True
STACK,q11_87c4bd09,41,0.23982056230306625,0.23982056230306625,True
STACK,q11_87c4bd09,40,0.23982056230306625,0.23982056230306625,True
STACK,q11_87c4bd09,39,0.23982056230306625,0.23982056230306625,True
STACK,q11_87c4bd09,38,0.23982056230306625,0.23982056230306625,True
STACK,q11_87c4bd09,37,0.23982056230306625,0.23982056230306625,True
STACK,q11_87c4bd09,36,0.23982056230306625,0.23982056230306625,True
STACK,q11_87c4bd09,35,0.23982056230306625,0.23982056230306625,True
STACK,q11_87c4bd09,34,0.23982056230306625,0.23982056230306625,True
STACK,q11_87c4bd09,33,0.23982056230306625,0.23982056230306625,True
STACK,q11_87c4bd09,32,0.23982056230306625,0.23982056230306625,True
STACK,q11_87c4bd09,31,0.23982056230306625,0.23982056230306625,True
STACK,q11_87c4bd09,30,0.23982056230306625,0.23982056230306625,True
STACK,q11_87c4bd09,29,0.23982056230306625,0.23982056230306625,True
STACK,q11_87c4bd09,28,0.23982056230306625,0.23982056230306625,True
STACK,q11_87c4bd09,27,0.23982056230306625,0.23982056230306625,True
STACK,q11_87c4bd09,26,0.23982056230306625,0.23982056230306625,True
STACK,q11_87c4bd09,25,0.23982056230306625,0.23982056230306625,True
STACK,q11_87c4bd09,24,0.23982056230306625,0.23982056230306625,True
STACK,q11_87c4bd09,23,0.23982056230306625,0.23982056230306625,True
STACK,q11_87c4bd09,22,0.23982056230306625,0.23982056230306625,True
STACK,q11_87c4bd09,21,0.23982056230306625,0.23982056230306625,True
STACK,q11_87c4bd09,20,0.23982056230306625,0.23982056230306625,True
STACK,q11_87c4bd09,19,0.23982056230306625,0.23982056230306625,True
STACK,q11_87c4bd09,18,0.23982056230306625,0.23982056230306625,True
STACK,q11_87c4bd09,17,0.23982056230306625,0.23982056230306625,True
STACK,q11_87c4bd09,16,0.23982056230306625,0.23982056230306625,True
STACK,q11_87c4bd09,15,0.23982056230306625,0.23982056230306625,True
STACK,q11_87c4bd09,14,0.23982056230306625,0.23982056230306625,True
STACK,q11_87c4bd09,13,0.23982056230306625,0.23982056230306625,True
STACK,q11_87c4bd09,12,0.23982056230306625,0.23982056230306625,True
STACK,q11_87c4bd09,11,0.23982056230306625,0.23982056230306625,True
STACK,q11_87c4bd09,10,0.23982056230306625,0.23982056230306625,True
STACK,q11_87c4bd09,9,0.23982056230306625,0.23982056230306625,True
STACK,q11_87c4bd09,8,0.23982056230306625,0.23982056230306625,True
STACK,q11_87c4bd09,7,0.23982056230306625,0.23982056230306625,True
STACK,q11_87c4bd09,6,0.23982056230306625,0.23982056230306625,True
STACK,q11_87c4bd09,5,0.23982056230306625,0.23982056230306625,True
STACK,q11_87c4bd09,4,0.23982056230306625,0.23982056230306625,True
STACK,q11_87c4bd09,3,0.23982056230306625,0.23982056230306625,True
STACK,q11_87c4bd09,2,0.23982056230306625,0.23982056230306625,True
STACK,q11_87c4bd09,1,0.23982056230306625,0.23982056230306625,True
STACK,q11_87c4bd09,0,0.23982056230306625,0.23982056230306625,True
STACK,q11_9389f588,63,0.014655552804470062,0.014655552804470062,True
STACK,q11_9389f588,62,0.014655552804470062,0.014655552804470062,True
STACK,q11_9389f588,61,0.014655552804470062,0.014655552804470062,True
STACK,q11_9389f588,60,0.014655552804470062,0.014655552804470062,True
STACK,q11_9389f588,59,0.014655552804470062,0.014655552804470062,True
STACK,q11_9389f588,58,0.014655552804470062,0.014655552804470062,True
STACK,q11_9389f588,57,0.014655552804470062,0.014655552804470062,True
STACK,q11_9389f588,56,0.014655552804470062,0.014655552804470062,True
STACK,q11_9389f588,55,0.014655552804470062,0.014655552804470062,True
STACK,q11_9389f588,54,0.014655552804470062,0.014655552804470062,True
STACK,q11_9389f588,53,0.014655552804470062,0.014655552804470062,True
STACK,q11_9389f588,52,0.014655552804470062,0.014655552804470062,True
STACK,q11_9389f588,51,0.014655552804470062,0.014655552804470062,True
STACK,q11_9389f588,50,0.014655552804470062,0.014655552804470062,True
STACK,q11_9389f588,49,0.014655552804470062,0.014655552804470062,True
STACK,q11_9389f588,48,0.014655552804470062,0.014655552804470062,True
STACK,q11_9389f588,47,0.014655552804470062,0.014655552804470062,True
STACK,q11_9389f588,46,0.014655552804470062,0.014655552804470062,True
STACK,q11_9389f588,45,0.014655552804470062,0.014655552804470062,True
STACK,q11_9389f588,44,0.014655552804470062,0.014655552804470062,True
STACK,q11_9389f588,43,0.014655552804470062,0.014655552804470062,True
STACK,q11_9389f588,42,0.014655552804470062,0.014655552804470062,True
STACK,q11_9389f588,41,0.014655552804470062,0.014655552804470062,True
STACK,q11_9389f588,40,0.014655552804470062,0.014655552804470062,True
STACK,q11_9389f588,39,0.014655552804470062,0.014655552804470062,True
STACK,q11_9389f588,38,0.014655552804470062,0.014655552804470062,True
STACK,q11_9389f588,37,0.014655552804470062,0.014655552804470062,True
STACK,q11_9389f588,36,0.014655552804470062,0.014655552804470062,True
STACK,q11_9389f588,35,0.014655552804470062,0.014655552804470062,True
STACK,q11_9389f588,34,0.014655552804470062,0.014655552804470062,True
STACK,q11_9389f588,33,0.014655552804470062,0.014655552804470062,True
STACK,q11_9389f588,32,0.014655552804470062,0.014655552804470062,True
STACK,q11_9389f588,31,0.014655552804470062,0.014655552804470062,True
STACK,q11_9389f588,30,0.014655552804470062,0.014655552804470062,True
STACK,q11_9389f588,29,0.014655552804470062,0.014655552804470062,True
STACK,q11_9389f588,28,0.014655552804470062,0.014655552804470062,True
STACK,q11_9389f588,27,0.014655552804470062,0.014655552804470062,True
STACK,q11_9389f588,26,0.014655552804470062,0.014655552804470062,True
STACK,q11_9389f588,25,0.014655552804470062,0.014655552804470062,True
STACK,q11_9389f588,24,0.014655552804470062,0.014655552804470062,True
STACK,q11_9389f588,23,0.014655552804470062,0.014655552804470062,True
STACK,q11_9389f588,22,0.014655552804470062,0.014655552804470062,True
STACK,q11_9389f588,21,0.014655552804470062,0.014655552804470062,True
STACK,q11_9389f588,20,0.014655552804470062,0.014655552804470062,True
STACK,q11_9389f588,19,0.014655552804470062,0.014655552804470062,True
STACK,q11_9389f588,18,0.014655552804470062,0.014655552804470062,True
STACK,q11_9389f588,17,0.014655552804470062,0.014655552804470062,True
STACK,q11_9389f588,16,0.014655552804470062,0.014655552804470062,True
STACK,q11_9389f588,15,0.014655552804470062,0.014655552804470062,True
STACK,q11_9389f588,14,0.014655552804470062,0.014655552804470062,True
STACK,q11_9389f588,13,0.014655552804470062,0.014655552804470062,True
STACK,q11_9389f588,12,0.014655552804470062,0.014655552804470062,True
STACK,q11_9389f588,11,0.014655552804470062,0.014655552804470062,True
STACK,q11_9389f588,10,0.014655552804470062,0.014655552804470062,True
STACK,q11_9389f588,9,0.014655552804470062,0.014655552804470062,True
STACK,q11_9389f588,8,0.014655552804470062,0.014655552804470062,True
STACK,q11_9389f588,7,0.014655552804470062,0.014655552804470062,True
STACK,q11_9389f588,6,0.014655552804470062,0.014655552804470062,True
STACK,q11_9389f588,5,0.014655552804470062,0.014655552804470062,True
STACK,q11_9389f588,4,0.014655552804470062,0.014655552804470062,True
STACK,q11_9389f588,3,0.014655552804470062,0.014655552804470062,True
STACK,q11_9389f588,2,0.014655552804470062,0.014655552804470062,True
STACK,q11_9389f588,1,0.014655552804470062,0.014655552804470062,True
STACK,q11_9389f588,0,0.014655552804470062,0.014655552804470062,True
STACK,q11_aa96c8d7,63,0.014254763722419739,0.014254763722419739,True
STACK,q11_aa96c8d7,62,0.014254763722419739,0.014254763722419739,True
STACK,q11_aa96c8d7,61,0.014254763722419739,0.014254763722419739,True
STACK,q11_aa96c8d7,60,0.014254763722419739,0.014254763722419739,True
STACK,q11_aa96c8d7,59,0.014254763722419739,0.014254763722419739,True
STACK,q11_aa96c8d7,58,0.014254763722419739,0.014254763722419739,True
STACK,q11_aa96c8d7,57,0.014254763722419739,0.014254763722419739,True
STACK,q11_aa96c8d7,56,0.014254763722419739,0.014254763722419739,True
STACK,q11_aa96c8d7,55,0.014254763722419739,0.014254763722419739,True
STACK,q11_aa96c8d7,54,0.014254763722419739,0.014254763722419739,True
STACK,q11_aa96c8d7,53,0.014254763722419739,0.014254763722419739,True
STACK,q11_aa96c8d7,52,0.014254763722419739,0.014254763722419739,True
STACK,q11_aa96c8d7,51,0.014254763722419739,0.014254763722419739,True
STACK,q11_aa96c8d7,50,0.014254763722419739,0.014254763722419739,True
STACK,q11_aa96c8d7,49,0.014254763722419739,0.014254763722419739,True
STACK,q11_aa96c8d7,48,0.014254763722419739,0.014254763722419739,True
STACK,q11_aa96c8d7,47,0.014254763722419739,0.014254763722419739,True
STACK,q11_aa96c8d7,46,0.014254763722419739,0.014254763722419739,True
STACK,q11_aa96c8d7,45,0.014254763722419739,0.014254763722419739,True
STACK,q11_aa96c8d7,44,0.014254763722419739,0.014254763722419739,True
STACK,q11_aa96c8d7,43,0.014254763722419739,0.014254763722419739,True
STACK,q11_aa96c8d7,42,0.014254763722419739,0.014254763722419739,True
STACK,q11_aa96c8d7,41,0.014254763722419739,0.014254763722419739,True
STACK,q11_aa96c8d7,40,0.014254763722419739,0.014254763722419739,True
STACK,q11_aa96c8d7,39,0.014254763722419739,0.014254763722419739,True
STACK,q11_aa96c8d7,38,0.014254763722419739,0.014254763722419739,True
STACK,q11_aa96c8d7,37,0.014254763722419739,0.014254763722419739,True
STACK,q11_aa96c8d7,36,0.014254763722419739,0.014254763722419739,True
STACK,q11_aa96c8d7,35,0.014254763722419739,0.014254763722419739,True
STACK,q11_aa96c8d7,34,0.014254763722419739,0.014254763722419739,True
STACK,q11_aa96c8d7,33,0.014254763722419739,0.014254763722419739,True
STACK,q11_aa96c8d7,32,0.014254763722419739,0.014254763722419739,True
STACK,q11_aa96c8d7,31,0.014254763722419739,0.014254763722419739,True
STACK,q11_aa96c8d7,30,0.014254763722419739,0.014254763722419739,True
STACK,q11_aa96c8d7,29,0.014254763722419739,0.014254763722419739,True
STACK,q11_aa96c8d7,28,0.014254763722419739,0.014254763722419739,True
STACK,q11_aa96c8d7,27,0.014254763722419739,0.014254763722419739,True
STACK,q11_aa96c8d7,26,0.014254763722419739,0.014254763722419739,True
STACK,q11_aa96c8d7,25,0.014254763722419739,0.014254763722419739,True
STACK,q11_aa96c8d7,24,0.014254763722419739,0.014254763722419739,True
STACK,q11_aa96c8d7,23,0.014254763722419739,0.014254763722419739,True
STACK,q11_aa96c8d7,22,0.014254763722419739,0.014254763722419739,True
STACK,q11_aa96c8d7,21,0.014254763722419739,0.014254763722419739,True
STACK,q11_aa96c8d7,20,0.014254763722419739,0.014254763722419739,True
STACK,q11_aa96c8d7,19,0.014254763722419739,0.014254763722419739,True
STACK,q11_aa96c8d7,18,0.014254763722419739,0.014254763722419739,True
STACK,q11_aa96c8d7,17,0.014254763722419739,0.014254763722419739,True
STACK,q11_aa96c8d7,16,0.014254763722419739,0.014254763722419739,True
STACK,q11_aa96c8d7,15,0.014254763722419739,0.014254763722419739,True
STACK,q11_aa96c8d7,14,0.014254763722419739,0.014254763722419739,True
STACK,q11_aa96c8d7,13,0.014254763722419739,0.014254763722419739,True
STACK,q11_aa96c8d7,12,0.014254763722419739,0.014254763722419739,True
STACK,q11_aa96c8d7,11,0.014254763722419739,0.014254763722419739,True
STACK,q11_aa96c8d7,10,0.014254763722419739,0.014254763722419739,True
STACK,q11_aa96c8d7,9,0.014254763722419739,0.014254763722419739,True
STACK,q11_aa96c8d7,8,0.014254763722419739,0.014254763722419739,True
STACK,q11_aa96c8d7,7,0.014254763722419739,0.014254763722419739,True
STACK,q11_aa96c8d7,6,0.014254763722419739,0.014254763722419739,True
STACK,q11_aa96c8d7,5,0.014254763722419739,0.014254763722419739,True
STACK,q11_aa96c8d7,4,0.014254763722419739,0.014254763722419739,True
STACK,q11_aa96c8d7,3,0.014254763722419739,0.014254763722419739,True
STACK,q11_aa96c8d7,2,0.014254763722419739,0.014254763722419739,True
STACK,q11_aa96c8d7,1,0.014254763722419739,0.014254763722419739,True
STACK,q11_aa96c8d7,0,0.014254763722419739,0.014254763722419739,True
STACK,q11_c1ae2a99,63,1.6795007064938545,1.6795007064938545,True
STACK,q11_c1ae2a99,62,1.6795007064938545,1.6795007064938545,True
STACK,q11_c1ae2a99,61,1.6795007064938545,1.6795007064938545,True
STACK,q11_c1ae2a99,60,1.6795007064938545,1.6767026111483574,False
STACK,q11_c1ae2a99,59,1.6767026111483574,1.6767026111483574,True
STACK,q11_c1ae2a99,58,1.6767026111483574,1.6767026111483574,True
STACK,q11_c1ae2a99,57,1.6767026111483574,1.6767026111483574,True
STACK,q11_c1ae2a99,56,1.6767026111483574,1.6767026111483574,True
STACK,q11_c1ae2a99,55,1.6767026111483574,1.6767026111483574,True
STACK,q11_c1ae2a99,54,1.6767026111483574,1.6767026111483574,True
STACK,q11_c1ae2a99,53,1.6767026111483574,1.6767026111483574,True
STACK,q11_c1ae2a99,52,1.6767026111483574,1.6767026111483574,True
STACK,q11_c1ae2a99,51,1.6767026111483574,1.6767026111483574,True
STACK,q11_c1ae2a99,50,1.6767026111483574,1.6767026111483574,True
STACK,q11_c1ae2a99,49,1.6767026111483574,1.6767026111483574,True
STACK,q11_c1ae2a99,48,1.6767026111483574,1.6767026111483574,True
STACK,q11_c1ae2a99,47,1.6767026111483574,1.6767026111483574,True
STACK,q11_c1ae2a99,46,1.6767026111483574,1.6767026111483574,True
STACK,q11_c1ae2a99,45,1.6767026111483574,1.6767026111483574,True
STACK,q11_c1ae2a99,44,1.6767026111483574,1.6767026111483574,True
STACK,q11_c1ae2a99,43,1.6767026111483574,1.6767026111483574,True
STACK,q11_c1ae2a99,42,1.6767026111483574,1.6767026111483574,True
STACK,q11_c1ae2a99,41,1.6767026111483574,1.6767026111483574,True
STACK,q11_c1ae2a99,40,1.6767026111483574,1.6767026111483574,True
STACK,q11_c1ae2a99,39,1.6767026111483574,1.6767026111483574,True
STACK,q11_c1ae2a99,38,1.6767026111483574,1.6767026111483574,True
STACK,q11_c1ae2a99,37,1.6767026111483574,1.6767026111483574,True
STACK,q11_c1ae2a99,36,1.6767026111483574,1.6767026111483574,True
STACK,q11_c1ae2a99,35,1.6767026111483574,1.6767026111483574,True
STACK,q11_c1ae2a99,34,1.6767026111483574,1.6767026111483574,True
STACK,q11_c1ae2a99,33,1.6767026111483574,1.6767026111483574,True
STACK,q11_c1ae2a99,32,1.6767026111483574,1.6767026111483574,True
STACK,q11_c1ae2a99,31,1.6767026111483574,1.6767026111483574,True
STACK,q11_c1ae2a99,30,1.6767026111483574,1.6767026111483574,True
STACK,q11_c1ae2a99,29,1.6767026111483574,1.6767026111483574,True
STACK,q11_c1ae2a99,28,1.6767026111483574,1.6767026111483574,True
STACK,q11_c1ae2a99,27,1.6767026111483574,1.6767026111483574,True
STACK,q11_c1ae2a99,26,1.6767026111483574,1.6767026111483574,True
STACK,q11_c1ae2a99,25,1.6767026111483574,1.6767026111483574,True
STACK,q11_c1ae2a99,24,1.6767026111483574,1.6767026111483574,True
STACK,q11_c1ae2a99,23,1.6767026111483574,1.6767026111483574,True
STACK,q11_c1ae2a99,22,1.6767026111483574,1.6767026111483574,True
STACK,q11_c1ae2a99,21,1.6767026111483574,1.6767026111483574,True
STACK,q11_c1ae2a99,20,1.6767026111483574,1.6767026111483574,True
STACK,q11_c1ae2a99,19,1.6767026111483574,1.6767026111483574,True
STACK,q11_c1ae2a99,18,1.6767026111483574,1.6767026111483574,True
STACK,q11_c1ae2a99,17,1.6767026111483574,1.6767026111483574,True
STACK,q11_c1ae2a99,16,1.6767026111483574,1.6767026111483574,True
STACK,q11_c1ae2a99,15,1.6767026111483574,1.6767026111483574,True
STACK,q11_c1ae2a99,14,1.6767026111483574,1.6739204823970795,False
STACK,q11_c1ae2a99,13,1.6739204823970795,1.6670020148158073,False
STACK,q11_c1ae2a99,12,1.6670020148158073,1.6670020148158073,True
STACK,q11_c1ae2a99,11,1.6670020148158073,1.6670020148158073,True
STACK,q11_c1ae2a99,10,1.6670020148158073,1.6670020148158073,True
STACK,q11_c1ae2a99,9,1.6670020148158073,1.6670020148158073,True
STACK,q11_c1ae2a99,8,1.6670020148158073,1.6670020148158073,True
STACK,q11_c1ae2a99,7,1.6670020148158073,1.6670020148158073,True
STACK,q11_c1ae2a99,6,1.6670020148158073,1.6670020148158073,True
STACK,q11_c1ae2a99,5,1.6670020148158073,1.6670020148158073,True
STACK,q11_c1ae2a99,4,1.6670020148158073,1.6670020148158073,True
STACK,q11_c1ae2a99,3,1.6670020148158073,1.6670020148158073,True
STACK,q11_c1ae2a99,2,1.6670020148158073,1.6670020148158073,True
STACK,q11_c1ae2a99,1,1.6670020148158073,1.6670020148158073,True
STACK,q11_c1ae2a99,0,1.6670020148158073,1.6670020148158073,True
STACK,q11_e4ca3559,63,0.022187702357769012,0.022187702357769012,True
STACK,q11_e4ca3559,62,0.022187702357769012,0.022187702357769012,True
STACK,q11_e4ca3559,61,0.022187702357769012,0.022187702357769012,True
STACK,q11_e4ca3559,60,0.022187702357769012,0.022187702357769012,True
STACK,q11_e4ca3559,59,0.022187702357769012,0.022187702357769012,True
STACK,q11_e4ca3559,58,0.022187702357769012,0.022187702357769012,True
STACK,q11_e4ca3559,57,0.022187702357769012,0.022187702357769012,True
STACK,q11_e4ca3559,56,0.022187702357769012,0.022187702357769012,True
STACK,q11_e4ca3559,55,0.022187702357769012,0.022187702357769012,True
STACK,q11_e4ca3559,54,0.022187702357769012,0.022187702357769012,True
STACK,q11_e4ca3559,53,0.022187702357769012,0.022187702357769012,True
STACK,q11_e4ca3559,52,0.022187702357769012,0.022187702357769012,True
STACK,q11_e4ca3559,51,0.022187702357769012,0.022187702357769012,True
STACK,q11_e4ca3559,50,0.022187702357769012,0.022187702357769012,True
STACK,q11_e4ca3559,49,0.022187702357769012,0.022187702357769012,True
STACK,q11_e4ca3559,48,0.022187702357769012,0.022187702357769012,True
STACK,q11_e4ca3559,47,0.022187702357769012,0.022187702357769012,True
STACK,q11_e4ca3559,46,0.022187702357769012,0.022187702357769012,True
STACK,q11_e4ca3559,45,0.022187702357769012,0.022187702357769012,True
STACK,q11_e4ca3559,44,0.022187702357769012,0.022187702357769012,True
STACK,q11_e4ca3559,43,0.022187702357769012,0.022187702357769012,True
STACK,q11_e4ca3559,42,0.022187702357769012,0.022187702357769012,True
STACK,q11_e4ca3559,41,0.022187702357769012,0.022187702357769012,True
STACK,q11_e4ca3559,40,0.022187702357769012,0.022187702357769012,True
STACK,q11_e4ca3559,39,0.022187702357769012,0.022187702357769012,True
STACK,q11_e4ca3559,38,0.022187702357769012,0.022187702357769012,True
STACK,q11_e4ca3559,37,0.022187702357769012,0.022187702357769012,True
STACK,q11_e4ca3559,36,0.022187702357769012,0.022187702357769012,True
STACK,q11_e4ca3559,35,0.022187702357769012,0.022187702357769012,True
STACK,q11_e4ca3559,34,0.022187702357769012,0.022187702357769012,True
STACK,q11_e4ca3559,33,0.022187702357769012,0.022187702357769012,True
STACK,q11_e4ca3559,32,0.022187702357769012,0.022187702357769012,True
STACK,q11_e4ca3559,31,0.022187702357769012,0.022187702357769012,True
STACK,q11_e4ca3559,30,0.022187702357769012,0.022187702357769012,True
STACK,q11_e4ca3559,29,0.022187702357769012,0.022187702357769012,True
STACK,q11_e4ca3559,28,0.022187702357769012,0.022187702357769012,True
STACK,q11_e4ca3559,27,0.022187702357769012,0.022187702357769012,True
STACK,q11_e4ca3559,26,0.022187702357769012,0.022187702357769012,True
STACK,q11_e4ca3559,25,0.022187702357769012,0.022187702357769012,True
STACK,q11_e4ca3559,24,0.022187702357769012,0.022187702357769012,True
STACK,q11_e4ca3559,23,0.022187702357769012,0.022187702357769012,True
STACK,q11_e4ca3559,22,0.022187702357769012,0.022187702357769012,True
STACK,q11_e4ca3559,21,0.022187702357769012,0.022187702357769012,True
STACK,q11_e4ca3559,20,0.022187702357769012,0.022187702357769012,True
STACK,q11_e4ca3559,19,0.022187702357769012,0.022187702357769012,True
STACK,q11_e4ca3559,18,0.022187702357769012,0.022187702357769012,True
STACK,q11_e4ca3559,17,0.022187702357769012,0.022187702357769012,True
STACK,q11_e4ca3559,16,0.022187702357769012,0.022187702357769012,True
STACK,q11_e4ca3559,15,0.022187702357769012,0.022187702357769012,True
STACK,q11_e4ca3559,14,0.022187702357769012,0.022187702357769012,True
STACK,q11_e4ca3559,13,0.022187702357769012,0.022187702357769012,True
STACK,q11_e4ca3559,12,0.022187702357769012,0.022187702357769012,True
STACK,q11_e4ca3559,11,0.022187702357769012,0.022187702357769012,True
STACK,q11_e4ca3559,10,0.022187702357769012,0.022187702357769012,True
STACK,q11_e4ca3559,9,0.022187702357769012,0.022187702357769012,True
STACK,q11_e4ca3559,8,0.022187702357769012,0.022187702357769012,True
STACK,q11_e4ca3559,7,0.022187702357769012,0.022187702357769012,True
STACK,q11_e4ca3559,6,0.022187702357769012,0.022187702357769012,True
STACK,q11_e4ca3559,5,0.022187702357769012,0.022187702357769012,True
STACK,q11_e4ca3559,4,0.022187702357769012,0.022187702357769012,True
STACK,q11_e4ca3559,3,0.022187702357769012,0.022187702357769012,True
STACK,q11_e4ca3559,2,0.022187702357769012,0.022187702357769012,True
STACK,q11_e4ca3559,1,0.022187702357769012,0.022187702357769012,True
STACK,q11_e4ca3559,0,0.022187702357769012,0.022187702357769012,True
STACK,q12_5a5ff9bd,63,0.057626038789749146,0.057626038789749146,True
STACK,q12_5a5ff9bd,62,0.057626038789749146,0.057626038789749146,True
STACK,q12_5a5ff9bd,61,0.057626038789749146,0.057626038789749146,True
STACK,q12_5a5ff9bd,60,0.057626038789749146,0.057626038789749146,True
STACK,q12_5a5ff9bd,59,0.057626038789749146,0.057626038789749146,True
STACK,q12_5a5ff9bd,58,0.057626038789749146,0.057626038789749146,True
STACK,q12_5a5ff9bd,57,0.057626038789749146,0.057626038789749146,True
STACK,q12_5a5ff9bd,56,0.057626038789749146,0.057626038789749146,True
STACK,q12_5a5ff9bd,55,0.057626038789749146,0.057626038789749146,True
STACK,q12_5a5ff9bd,54,0.057626038789749146,0.057626038789749146,True
STACK,q12_5a5ff9bd,53,0.057626038789749146,0.057626038789749146,True
STACK,q12_5a5ff9bd,52,0.057626038789749146,0.057626038789749146,True
STACK,q12_5a5ff9bd,51,0.057626038789749146,0.057626038789749146,True
STACK,q12_5a5ff9bd,50,0.057626038789749146,0.057626038789749146,True
STACK,q12_5a5ff9bd,49,0.057626038789749146,0.057626038789749146,True
STACK,q12_5a5ff9bd,48,0.057626038789749146,0.057626038789749146,True
STACK,q12_5a5ff9bd,47,0.057626038789749146,0.057626038789749146,True
STACK,q12_5a5ff9bd,46,0.057626038789749146,0.057626038789749146,True
STACK,q12_5a5ff9bd,45,0.057626038789749146,0.057626038789749146,True
STACK,q12_5a5ff9bd,44,0.057626038789749146,0.057626038789749146,True
STACK,q12_5a5ff9bd,43,0.057626038789749146,0.057626038789749146,True
STACK,q12_5a5ff9bd,42,0.057626038789749146,0.057626038789749146,True
STACK,q12_5a5ff9bd,41,0.057626038789749146,0.057626038789749146,True
STACK,q12_5a5ff9bd,40,0.057626038789749146,0.057626038789749146,True
STACK,q12_5a5ff9bd,39,0.057626038789749146,0.057626038789749146,True
STACK,q12_5a5ff9bd,38,0.057626038789749146,0.057626038789749146,True
STACK,q12_5a5ff9bd,37,0.057626038789749146,0.057626038789749146,True
STACK,q12_5a5ff9bd,36,0.057626038789749146,0.057626038789749146,True
STACK,q12_5a5ff9bd,35,0.057626038789749146,0.057626038789749146,True
STACK,q12_5a5ff9bd,34,0.057626038789749146,0.057626038789749146,True
STACK,q12_5a5ff9bd,33,0.057626038789749146,0.057626038789749146,True
STACK,q12_5a5ff9bd,32,0.057626038789749146,0.057626038789749146,True
STACK,q12_5a5ff9bd,31,0.057626038789749146,0.057626038789749146,True
STACK,q12_5a5ff9bd,30,0.057626038789749146,0.057626038789749146,True
STACK,q12_5a5ff9bd,29,0.057626038789749146,0.057626038789749146,True
STACK,q12_5a5ff9bd,28,0.057626038789749146,0.057626038789749146,True
STACK,q12_5a5ff9bd,27,0.057626038789749146,0.057626038789749146,True
STACK,q12_5a5ff9bd,26,0.057626038789749146,0.057626038789749146,True
STACK,q12_5a5ff9bd,25,0.057626038789749146,0.057626038789749146,True
STACK,q12_5a5ff9bd,24,0.057626038789749146,0.057626038789749146,True
STACK,q12_5a5ff9bd,23,0.057626038789749146,0.057626038789749146,True
STACK,q12_5a5ff9bd,22,0.057626038789749146,0.057626038789749146,True
STACK,q12_5a5ff9bd,21,0.057626038789749146,0.057626038789749146,True
STACK,q12_5a5ff9bd,20,0.057626038789749146,0.057626038789749146,True
STACK,q12_5a5ff9bd,19,0.057626038789749146,0.057626038789749146,True
STACK,q12_5a5ff9bd,18,0.057626038789749146,0.057626038789749146,True
STACK,q12_5a5ff9bd,17,0.057626038789749146,0.057626038789749146,True
STACK,q12_5a5ff9bd,16,0.057626038789749146,0.057626038789749146,True
STACK,q12_5a5ff9bd,15,0.057626038789749146,0.057626038789749146,True
STACK,q12_5a5ff9bd,14,0.057626038789749146,0.057626038789749146,True
STACK,q12_5a5ff9bd,13,0.057626038789749146,0.057626038789749146,True
STACK,q12_5a5ff9bd,12,0.057626038789749146,0.057626038789749146,True
STACK,q12_5a5ff9bd,11,0.057626038789749146,0.057626038789749146,True
STACK,q12_5a5ff9bd,10,0.057626038789749146,0.057626038789749146,True
STACK,q12_5a5ff9bd,9,0.057626038789749146,0.057626038789749146,True
STACK,q12_5a5ff9bd,8,0.057626038789749146,0.057626038789749146,True
STACK,q12_5a5ff9bd,7,0.057626038789749146,0.057626038789749146,True
STACK,q12_5a5ff9bd,6,0.057626038789749146,0.057626038789749146,True
STACK,q12_5a5ff9bd,5,0.057626038789749146,0.057626038789749146,True
STACK,q12_5a5ff9bd,4,0.057626038789749146,0.057626038789749146,True
STACK,q12_5a5ff9bd,3,0.057626038789749146,0.057626038789749146,True
STACK,q12_5a5ff9bd,2,0.057626038789749146,0.057626038789749146,True
STACK,q12_5a5ff9bd,1,0.057626038789749146,0.057626038789749146,True
STACK,q12_5a5ff9bd,0,0.057626038789749146,0.057626038789749146,True
STACK,q12_06c8d688,63,0.050847128033638,0.050847128033638,True
STACK,q12_06c8d688,62,0.050847128033638,0.050847128033638,True
STACK,q12_06c8d688,61,0.050847128033638,0.050847128033638,True
STACK,q12_06c8d688,60,0.050847128033638,0.050847128033638,True
STACK,q12_06c8d688,59,0.050847128033638,0.050847128033638,True
STACK,q12_06c8d688,58,0.050847128033638,0.050847128033638,True
STACK,q12_06c8d688,57,0.050847128033638,0.050847128033638,True
STACK,q12_06c8d688,56,0.050847128033638,0.050847128033638,True
STACK,q12_06c8d688,55,0.050847128033638,0.050847128033638,True
STACK,q12_06c8d688,54,0.050847128033638,0.050847128033638,True
STACK,q12_06c8d688,53,0.050847128033638,0.050847128033638,True
STACK,q12_06c8d688,52,0.050847128033638,0.050847128033638,True
STACK,q12_06c8d688,51,0.050847128033638,0.050847128033638,True
STACK,q12_06c8d688,50,0.050847128033638,0.050847128033638,True
STACK,q12_06c8d688,49,0.050847128033638,0.050847128033638,True
STACK,q12_06c8d688,48,0.050847128033638,0.050847128033638,True
STACK,q12_06c8d688,47,0.050847128033638,0.050847128033638,True
STACK,q12_06c8d688,46,0.050847128033638,0.050847128033638,True
STACK,q12_06c8d688,45,0.050847128033638,0.050847128033638,True
STACK,q12_06c8d688,44,0.050847128033638,0.050847128033638,True
STACK,q12_06c8d688,43,0.050847128033638,0.050847128033638,True
STACK,q12_06c8d688,42,0.050847128033638,0.050847128033638,True
STACK,q12_06c8d688,41,0.050847128033638,0.050847128033638,True
STACK,q12_06c8d688,40,0.050847128033638,0.050847128033638,True
STACK,q12_06c8d688,39,0.050847128033638,0.050847128033638,True
STACK,q12_06c8d688,38,0.050847128033638,0.050847128033638,True
STACK,q12_06c8d688,37,0.050847128033638,0.050847128033638,True
STACK,q12_06c8d688,36,0.050847128033638,0.050847128033638,True
STACK,q12_06c8d688,35,0.050847128033638,0.050847128033638,True
STACK,q12_06c8d688,34,0.050847128033638,0.050847128033638,True
STACK,q12_06c8d688,33,0.050847128033638,0.050847128033638,True
STACK,q12_06c8d688,32,0.050847128033638,0.050847128033638,True
STACK,q12_06c8d688,31,0.050847128033638,0.050847128033638,True
STACK,q12_06c8d688,30,0.050847128033638,0.050847128033638,True
STACK,q12_06c8d688,29,0.050847128033638,0.050847128033638,True
STACK,q12_06c8d688,28,0.050847128033638,0.050847128033638,True
STACK,q12_06c8d688,27,0.050847128033638,0.050847128033638,True
STACK,q12_06c8d688,26,0.050847128033638,0.050847128033638,True
STACK,q12_06c8d688,25,0.050847128033638,0.050847128033638,True
STACK,q12_06c8d688,24,0.050847128033638,0.050847128033638,True
STACK,q12_06c8d688,23,0.050847128033638,0.050847128033638,True
STACK,q12_06c8d688,22,0.050847128033638,0.050847128033638,True
STACK,q12_06c8d688,21,0.050847128033638,0.050847128033638,True
STACK,q12_06c8d688,20,0.050847128033638,0.050847128033638,True
STACK,q12_06c8d688,19,0.050847128033638,0.050847128033638,True
STACK,q12_06c8d688,18,0.050847128033638,0.050847128033638,True
STACK,q12_06c8d688,17,0.050847128033638,0.050847128033638,True
STACK,q12_06c8d688,16,0.050847128033638,0.050847128033638,True
STACK,q12_06c8d688,15,0.050847128033638,0.050847128033638,True
STACK,q12_06c8d688,14,0.050847128033638,0.050847128033638,True
STACK,q12_06c8d688,13,0.050847128033638,0.050847128033638,True
STACK,q12_06c8d688,12,0.050847128033638,0.050847128033638,True
STACK,q12_06c8d688,11,0.050847128033638,0.050847128033638,True
STACK,q12_06c8d688,10,0.050847128033638,0.050847128033638,True
STACK,q12_06c8d688,9,0.050847128033638,0.050847128033638,True
STACK,q12_06c8d688,8,0.050847128033638,0.050847128033638,True
STACK,q12_06c8d688,7,0.050847128033638,0.050847128033638,True
STACK,q12_06c8d688,6,0.050847128033638,0.050847128033638,True
STACK,q12_06c8d688,5,0.050847128033638,0.050847128033638,True
STACK,q12_06c8d688,4,0.050847128033638,0.050847128033638,True
STACK,q12_06c8d688,3,0.050847128033638,0.050847128033638,True
STACK,q12_06c8d688,2,0.050847128033638,0.050847128033638,True
STACK,q12_06c8d688,1,0.050847128033638,0.050847128033638,True
STACK,q12_06c8d688,0,0.050847128033638,0.050847128033638,True
STACK,q12_55de941e,63,0.5723995491862297,0.5723995491862297,True
STACK,q12_55de941e,62,0.5723995491862297,0.5723995491862297,True
STACK,q12_55de941e,61,0.5723995491862297,0.5723995491862297,True
STACK,q12_55de941e,60,0.5723995491862297,0.5723995491862297,True
STACK,q12_55de941e,59,0.5723995491862297,0.5723995491862297,True
STACK,q12_55de941e,58,0.5723995491862297,0.5723995491862297,True
STACK,q12_55de941e,57,0.5723995491862297,0.5723995491862297,True
STACK,q12_55de941e,56,0.5723995491862297,0.5723995491862297,True
STACK,q12_55de941e,55,0.5723995491862297,0.5723995491862297,True
STACK,q12_55de941e,54,0.5723995491862297,0.5723995491862297,True
STACK,q12_55de941e,53,0.5723995491862297,0.5723995491862297,True
STACK,q12_55de941e,52,0.5723995491862297,0.5723995491862297,True
STACK,q12_55de941e,51,0.5723995491862297,0.5723995491862297,True
STACK,q12_55de941e,50,0.5723995491862297,0.5723995491862297,True
STACK,q12_55de941e,49,0.5723995491862297,0.5723995491862297,True
STACK,q12_55de941e,48,0.5723995491862297,0.5723995491862297,True
STACK,q12_55de941e,47,0.5723995491862297,0.5723995491862297,True
STACK,q12_55de941e,46,0.5723995491862297,0.5723995491862297,True
STACK,q12_55de941e,45,0.5723995491862297,0.5723995491862297,True
STACK,q12_55de941e,44,0.5723995491862297,0.5723995491862297,True
STACK,q12_55de941e,43,0.5723995491862297,0.5723995491862297,True
STACK,q12_55de941e,42,0.5723995491862297,0.5723995491862297,True
STACK,q12_55de941e,41,0.5723995491862297,0.5723995491862297,True
STACK,q12_55de941e,40,0.5723995491862297,0.5723995491862297,True
STACK,q12_55de941e,39,0.5723995491862297,0.5723995491862297,True
STACK,q12_55de941e,38,0.5723995491862297,0.5723995491862297,True
STACK,q12_55de941e,37,0.5723995491862297,0.5723995491862297,True
STACK,q12_55de941e,36,0.5723995491862297,0.5723995491862297,True
STACK,q12_55de941e,35,0.5723995491862297,0.5723995491862297,True
STACK,q12_55de941e,34,0.5723995491862297,0.5723995491862297,True
STACK,q12_55de941e,33,0.5723995491862297,0.5723995491862297,True
STACK,q12_55de941e,32,0.5723995491862297,0.5723995491862297,True
STACK,q12_55de941e,31,0.5723995491862297,0.5723995491862297,True
STACK,q12_55de941e,30,0.5723995491862297,0.5723995491862297,True
STACK,q12_55de941e,29,0.5723995491862297,0.5723995491862297,True
STACK,q12_55de941e,28,0.5723995491862297,0.5723995491862297,True
STACK,q12_55de941e,27,0.5723995491862297,0.5723995491862297,True
STACK,q12_55de941e,26,0.5723995491862297,0.5723995491862297,True
STACK,q12_55de941e,25,0.5723995491862297,0.5723995491862297,True
STACK,q12_55de941e,24,0.5723995491862297,0.5723995491862297,True
STACK,q12_55de941e,23,0.5723995491862297,0.5723995491862297,True
STACK,q12_55de941e,22,0.5723995491862297,0.5723995491862297,True
STACK,q12_55de941e,21,0.5723995491862297,0.5723995491862297,True
STACK,q12_55de941e,20,0.5723995491862297,0.5723995491862297,True
STACK,q12_55de941e,19,0.5723995491862297,0.5723995491862297,True
STACK,q12_55de941e,18,0.5723995491862297,0.5723995491862297,True
STACK,q12_55de941e,17,0.5723995491862297,0.5723995491862297,True
STACK,q12_55de941e,16,0.5723995491862297,0.5723995491862297,True
STACK,q12_55de941e,15,0.5723995491862297,0.5723995491862297,True
STACK,q12_55de941e,14,0.5723995491862297,0.5723995491862297,True
STACK,q12_55de941e,13,0.5723995491862297,0.5723995491862297,True
STACK,q12_55de941e,12,0.5723995491862297,0.5723995491862297,True
STACK,q12_55de941e,11,0.5723995491862297,0.5723995491862297,True
STACK,q12_55de941e,10,0.5723995491862297,0.5723995491862297,True
STACK,q12_55de941e,9,0.5723995491862297,0.5723995491862297,True
STACK,q12_55de941e,8,0.5723995491862297,0.5723995491862297,True
STACK,q12_55de941e,7,0.5723995491862297,0.5723995491862297,True
STACK,q12_55de941e,6,0.5723995491862297,0.5723995491862297,True
STACK,q12_55de941e,5,0.5723995491862297,0.5723995491862297,True
STACK,q12_55de941e,4,0.5723995491862297,0.5723995491862297,True
STACK,q12_55de941e,3,0.5723995491862297,0.5723995491862297,True
STACK,q12_55de941e,2,0.5723995491862297,0.5723995491862297,True
STACK,q12_55de941e,1,0.5723995491862297,0.5723995491862297,True
STACK,q12_55de941e,0,0.5723995491862297,0.5723995491862297,True
STACK,q12_76a47868,63,0.27474038302898407,0.27474038302898407,True
STACK,q12_76a47868,62,0.27474038302898407,0.27474038302898407,True
STACK,q12_76a47868,61,0.27474038302898407,0.27474038302898407,True
STACK,q12_76a47868,60,0.27474038302898407,0.27474038302898407,True
STACK,q12_76a47868,59,0.27474038302898407,0.27474038302898407,True
STACK,q12_76a47868,58,0.27474038302898407,0.27474038302898407,True
STACK,q12_76a47868,57,0.27474038302898407,0.27474038302898407,True
STACK,q12_76a47868,56,0.27474038302898407,0.27474038302898407,True
STACK,q12_76a47868,55,0.27474038302898407,0.27474038302898407,True
STACK,q12_76a47868,54,0.27474038302898407,0.27474038302898407,True
STACK,q12_76a47868,53,0.27474038302898407,0.27474038302898407,True
STACK,q12_76a47868,52,0.27474038302898407,0.27474038302898407,True
STACK,q12_76a47868,51,0.27474038302898407,0.27474038302898407,True
STACK,q12_76a47868,50,0.27474038302898407,0.27474038302898407,True
STACK,q12_76a47868,49,0.27474038302898407,0.27474038302898407,True
STACK,q12_76a47868,48,0.27474038302898407,0.27474038302898407,True
STACK,q12_76a47868,47,0.27474038302898407,0.27474038302898407,True
STACK,q12_76a47868,46,0.27474038302898407,0.27474038302898407,True
STACK,q12_76a47868,45,0.27474038302898407,0.27474038302898407,True
STACK,q12_76a47868,44,0.27474038302898407,0.2725999876856804,False
STACK,q12_76a47868,43,0.2725999876856804,0.2725999876856804,True
STACK,q12_76a47868,42,0.2725999876856804,0.2725999876856804,True
STACK,q12_76a47868,41,0.2725999876856804,0.2725999876856804,True
STACK,q12_76a47868,40,0.2725999876856804,0.2725999876856804,True
STACK,q12_76a47868,39,0.2725999876856804,0.2725999876856804,True
STACK,q12_76a47868,38,0.2725999876856804,0.2725999876856804,True
STACK,q12_76a47868,37,0.2725999876856804,0.2725999876856804,True
STACK,q12_76a47868,36,0.2725999876856804,0.2725999876856804,True
STACK,q12_76a47868,35,0.2725999876856804,0.2725999876856804,True
STACK,q12_76a47868,34,0.2725999876856804,0.2725999876856804,True
STACK,q12_76a47868,33,0.2725999876856804,0.2725999876856804,True
STACK,q12_76a47868,32,0.2725999876856804,0.2725999876856804,True
STACK,q12_76a47868,31,0.2725999876856804,0.2725999876856804,True
STACK,q12_76a47868,30,0.2725999876856804,0.26874955743551254,False
STACK,q12_76a47868,29,0.26874955743551254,0.2672949656844139,False
STACK,q12_76a47868,28,0.2672949656844139,0.2672949656844139,True
STACK,q12_76a47868,27,0.2672949656844139,0.2672949656844139,True
STACK,q12_76a47868,26,0.2672949656844139,0.2672949656844139,True
STACK,q12_76a47868,25,0.2672949656844139,0.2672949656844139,True
STACK,q12_76a47868,24,0.2672949656844139,0.2672949656844139,True
STACK,q12_76a47868,23,0.2672949656844139,0.2672949656844139,True
STACK,q12_76a47868,22,0.2672949656844139,0.2672949656844139,True
STACK,q12_76a47868,21,0.2672949656844139,0.2672949656844139,True
STACK,q12_76a47868,20,0.2672949656844139,0.2672949656844139,True
STACK,q12_76a47868,19,0.2672949656844139,0.2672949656844139,True
STACK,q12_76a47868,18,0.2672949656844139,0.2672949656844139,True
STACK,q12_76a47868,17,0.2672949656844139,0.2672949656844139,True
STACK,q12_76a47868,16,0.2672949656844139,0.2672949656844139,True
STACK,q12_76a47868,15,0.2672949656844139,0.2672949656844139,True
STACK,q12_76a47868,14,0.2672949656844139,0.2673965021967888,False
STACK,q12_76a47868,13,0.2672949656844139,0.2661028057336807,False
STACK,q12_76a47868,12,0.2661028057336807,0.2645590081810951,False
STACK,q12_76a47868,11,0.2645590081810951,0.2645590081810951,True
STACK,q12_76a47868,10,0.2645590081810951,0.2645590081810951,True
STACK,q12_76a47868,9,0.2645590081810951,0.2645590081810951,True
STACK,q12_76a47868,8,0.2645590081810951,0.2645590081810951,True
STACK,q12_76a47868,7,0.2645590081810951,0.2645590081810951,True
STACK,q12_76a47868,6,0.2645590081810951,0.2645590081810951,True
STACK,q12_76a47868,5,0.2645590081810951,0.2645590081810951,True
STACK,q12_76a47868,4,0.2645590081810951,0.2645590081810951,True
STACK,q12_76a47868,3,0.2645590081810951,0.2645590081810951,True
STACK,q12_76a47868,2,0.2645590081810951,0.2645590081810951,True
STACK,q12_76a47868,1,0.2645590081810951,0.2645590081810951,True
STACK,q12_76a47868,0,0.2645590081810951,0.2645590081810951,True
STACK,q12_547c6bf1,63,0.02419763058423996,0.02419763058423996,True
STACK,q12_547c6bf1,62,0.02419763058423996,0.02419763058423996,True
STACK,q12_547c6bf1,61,0.02419763058423996,0.02419763058423996,True
STACK,q12_547c6bf1,60,0.02419763058423996,0.02419763058423996,True
STACK,q12_547c6bf1,59,0.02419763058423996,0.02419763058423996,True
STACK,q12_547c6bf1,58,0.02419763058423996,0.02419763058423996,True
STACK,q12_547c6bf1,57,0.02419763058423996,0.02419763058423996,True
STACK,q12_547c6bf1,56,0.02419763058423996,0.02419763058423996,True
STACK,q12_547c6bf1,55,0.02419763058423996,0.02419763058423996,True
STACK,q12_547c6bf1,54,0.02419763058423996,0.02419763058423996,True
STACK,q12_547c6bf1,53,0.02419763058423996,0.02419763058423996,True
STACK,q12_547c6bf1,52,0.02419763058423996,0.02419763058423996,True
STACK,q12_547c6bf1,51,0.02419763058423996,0.02419763058423996,True
STACK,q12_547c6bf1,50,0.02419763058423996,0.02419763058423996,True
STACK,q12_547c6bf1,49,0.02419763058423996,0.02419763058423996,True
STACK,q12_547c6bf1,48,0.02419763058423996,0.02419763058423996,True
STACK,q12_547c6bf1,47,0.02419763058423996,0.02419763058423996,True
STACK,q12_547c6bf1,46,0.02419763058423996,0.02419763058423996,True
STACK,q12_547c6bf1,45,0.02419763058423996,0.02419763058423996,True
STACK,q12_547c6bf1,44,0.02419763058423996,0.02419763058423996,True
STACK,q12_547c6bf1,43,0.02419763058423996,0.02419763058423996,True
STACK,q12_547c6bf1,42,0.02419763058423996,0.02419763058423996,True
STACK,q12_547c6bf1,41,0.02419763058423996,0.02419763058423996,True
STACK,q12_547c6bf1,40,0.02419763058423996,0.02419763058423996,True
STACK,q12_547c6bf1,39,0.02419763058423996,0.02419763058423996,True
STACK,q12_547c6bf1,38,0.02419763058423996,0.02419763058423996,True
STACK,q12_547c6bf1,37,0.02419763058423996,0.02419763058423996,True
STACK,q12_547c6bf1,36,0.02419763058423996,0.02419763058423996,True
STACK,q12_547c6bf1,35,0.02419763058423996,0.02419763058423996,True
STACK,q12_547c6bf1,34,0.02419763058423996,0.02419763058423996,True
STACK,q12_547c6bf1,33,0.02419763058423996,0.02419763058423996,True
STACK,q12_547c6bf1,32,0.02419763058423996,0.02419763058423996,True
STACK,q12_547c6bf1,31,0.02419763058423996,0.02419763058423996,True
STACK,q12_547c6bf1,30,0.02419763058423996,0.02419763058423996,True
STACK,q12_547c6bf1,29,0.02419763058423996,0.02419763058423996,True
STACK,q12_547c6bf1,28,0.02419763058423996,0.02419763058423996,True
STACK,q12_547c6bf1,27,0.02419763058423996,0.02419763058423996,True
STACK,q12_547c6bf1,26,0.02419763058423996,0.02419763058423996,True
STACK,q12_547c6bf1,25,0.02419763058423996,0.02419763058423996,True
STACK,q12_547c6bf1,24,0.02419763058423996,0.02419763058423996,True
STACK,q12_547c6bf1,23,0.02419763058423996,0.02419763058423996,True
STACK,q12_547c6bf1,22,0.02419763058423996,0.02419763058423996,True
STACK,q12_547c6bf1,21,0.02419763058423996,0.02419763058423996,True
STACK,q12_547c6bf1,20,0.02419763058423996,0.02419763058423996,True
STACK,q12_547c6bf1,19,0.02419763058423996,0.02419763058423996,True
STACK,q12_547c6bf1,18,0.02419763058423996,0.02419763058423996,True
STACK,q12_547c6bf1,17,0.02419763058423996,0.02419763058423996,True
STACK,q12_547c6bf1,16,0.02419763058423996,0.02419763058423996,True
STACK,q12_547c6bf1,15,0.02419763058423996,0.02419763058423996,True
STACK,q12_547c6bf1,14,0.02419763058423996,0.02419763058423996,True
STACK,q12_547c6bf1,13,0.02419763058423996,0.02419763058423996,True
STACK,q12_547c6bf1,12,0.02419763058423996,0.02419763058423996,True
STACK,q12_547c6bf1,11,0.02419763058423996,0.02419763058423996,True
STACK,q12_547c6bf1,10,0.02419763058423996,0.02419763058423996,True
STACK,q12_547c6bf1,9,0.02419763058423996,0.02419763058423996,True
STACK,q12_547c6bf1,8,0.02419763058423996,0.02419763058423996,True
STACK,q12_547c6bf1,7,0.02419763058423996,0.02419763058423996,True
STACK,q12_547c6bf1,6,0.02419763058423996,0.02419763058423996,True
STACK,q12_547c6bf1,5,0.02419763058423996,0.02419763058423996,True
STACK,q12_547c6bf1,4,0.02419763058423996,0.02419763058423996,True
STACK,q12_547c6bf1,3,0.02419763058423996,0.02419763058423996,True
STACK,q12_547c6bf1,2,0.02419763058423996,0.02419763058423996,True
STACK,q12_547c6bf1,1,0.02419763058423996,0.02419763058423996,True
STACK,q12_547c6bf1,0,0.02419763058423996,0.02419763058423996,True
STACK,q12_812a3eff,63,0.6772415041923523,0.6772415041923523,True
STACK,q12_812a3eff,62,0.6772415041923523,0.6573122441768646,False
STACK,q12_812a3eff,61,0.6573122441768646,0.6573122441768646,True
STACK,q12_812a3eff,60,0.6573122441768646,0.6573122441768646,True
STACK,q12_812a3eff,59,0.6573122441768646,0.6573122441768646,True
STACK,q12_812a3eff,58,0.6573122441768646,0.6573122441768646,True
STACK,q12_812a3eff,57,0.6573122441768646,0.6573122441768646,True
STACK,q12_812a3eff,56,0.6573122441768646,0.6573122441768646,True
STACK,q12_812a3eff,55,0.6573122441768646,0.6573122441768646,True
STACK,q12_812a3eff,54,0.6573122441768646,0.6573122441768646,True
STACK,q12_812a3eff,53,0.6573122441768646,0.6573122441768646,True
STACK,q12_812a3eff,52,0.6573122441768646,0.6573122441768646,True
STACK,q12_812a3eff,51,0.6573122441768646,0.6573122441768646,True
STACK,q12_812a3eff,50,0.6573122441768646,0.6573122441768646,True
STACK,q12_812a3eff,49,0.6573122441768646,0.6573122441768646,True
STACK,q12_812a3eff,48,0.6573122441768646,0.6573122441768646,True
STACK,q12_812a3eff,47,0.6573122441768646,0.6573122441768646,True
STACK,q12_812a3eff,46,0.6573122441768646,0.6573122441768646,True
STACK,q12_812a3eff,45,0.6573122441768646,0.6581248119473457,False
STACK,q12_812a3eff,44,0.6573122441768646,0.6573122441768646,True
STACK,q12_812a3eff,43,0.6573122441768646,0.6573122441768646,True
STACK,q12_812a3eff,42,0.6573122441768646,0.6573122441768646,True
STACK,q12_812a3eff,41,0.6573122441768646,0.6573122441768646,True
STACK,q12_812a3eff,40,0.6573122441768646,0.6573122441768646,True
STACK,q12_812a3eff,39,0.6573122441768646,0.6573122441768646,True
STACK,q12_812a3eff,38,0.6573122441768646,0.6573122441768646,True
STACK,q12_812a3eff,37,0.6573122441768646,0.6573122441768646,True
STACK,q12_812a3eff,36,0.6573122441768646,0.6573122441768646,True
STACK,q12_812a3eff,35,0.6573122441768646,0.6573122441768646,True
STACK,q12_812a3eff,34,0.6573122441768646,0.6573122441768646,True
STACK,q12_812a3eff,33,0.6573122441768646,0.6573122441768646,True
STACK,q12_812a3eff,32,0.6573122441768646,0.6573122441768646,True
STACK,q12_812a3eff,31,0.6573122441768646,0.6573122441768646,True
STACK,q12_812a3eff,30,0.6573122441768646,0.6573122441768646,True
STACK,q12_812a3eff,29,0.6573122441768646,0.6573122441768646,True
STACK,q12_812a3eff,28,0.6573122441768646,0.6573122441768646,True
STACK,q12_812a3eff,27,0.6573122441768646,0.6573122441768646,True
STACK,q12_812a3eff,26,0.6573122441768646,0.6573122441768646,True
STACK,q12_812a3eff,25,0.6573122441768646,0.6573122441768646,True
STACK,q12_812a3eff,24,0.6573122441768646,0.6573122441768646,True
STACK,q12_812a3eff,23,0.6573122441768646,0.6573122441768646,True
STACK,q12_812a3eff,22,0.6573122441768646,0.6573122441768646,True
STACK,q12_812a3eff,21,0.6573122441768646,0.6573122441768646,True
STACK,q12_812a3eff,20,0.6573122441768646,0.6573122441768646,True
STACK,q12_812a3eff,19,0.6573122441768646,0.6573122441768646,True
STACK,q12_812a3eff,18,0.6573122441768646,0.6573122441768646,True
STACK,q12_812a3eff,17,0.6573122441768646,0.6573122441768646,True
STACK,q12_812a3eff,16,0.6573122441768646,0.6573122441768646,True
STACK,q12_812a3eff,15,0.6573122441768646,0.656842790544033,False
STACK,q12_812a3eff,14,0.656842790544033,0.656842790544033,True
STACK,q12_812a3eff,13,0.656842790544033,0.656842790544033,True
STACK,q12_812a3eff,12,0.656842790544033,0.6535734683275223,False
STACK,q12_812a3eff,11,0.6535734683275223,0.6535734683275223,True
STACK,q12_812a3eff,10,0.6535734683275223,0.6535734683275223,True
STACK,q12_812a3eff,9,0.6535734683275223,0.6535734683275223,True
STACK,q12_812a3eff,8,0.6535734683275223,0.6535734683275223,True
STACK,q12_812a3eff,7,0.6535734683275223,0.6535734683275223,True
STACK,q12_812a3eff,6,0.6535734683275223,0.6535734683275223,True
STACK,q12_812a3eff,5,0.6535734683275223,0.6535734683275223,True
STACK,q12_812a3eff,4,0.6535734683275223,0.6535734683275223,True
STACK,q12_812a3eff,3,0.6535734683275223,0.6535734683275223,True
STACK,q12_812a3eff,2,0.6535734683275223,0.6535734683275223,True
STACK,q12_812a3eff,1,0.6535734683275223,0.6535734683275223,True
STACK,q12_812a3eff,0,0.6535734683275223,0.6535734683275223,True
STACK,q12_07007205,63,0.12043638527393341,0.12043638527393341,True
STACK,q12_07007205,62,0.12043638527393341,0.12043638527393341,True
STACK,q12_07007205,61,0.12043638527393341,0.12043638527393341,True
STACK,q12_07007205,60,0.12043638527393341,0.12043638527393341,True
STACK,q12_07007205,59,0.12043638527393341,0.12043638527393341,True
STACK,q12_07007205,58,0.12043638527393341,0.12043638527393341,True
STACK,q12_07007205,57,0.12043638527393341,0.12043638527393341,True
STACK,q12_07007205,56,0.12043638527393341,0.12043638527393341,True
STACK,q12_07007205,55,0.12043638527393341,0.12043638527393341,True
STACK,q12_07007205,54,0.12043638527393341,0.12043638527393341,True
STACK,q12_07007205,53,0.12043638527393341,0.12043638527393341,True
STACK,q12_07007205,52,0.12043638527393341,0.12043638527393341,True
STACK,q12_07007205,51,0.12043638527393341,0.12043638527393341,True
STACK,q12_07007205,50,0.12043638527393341,0.12043638527393341,True
STACK,q12_07007205,49,0.12043638527393341,0.12043638527393341,True
STACK,q12_07007205,48,0.12043638527393341,0.12043638527393341,True
STACK,q12_07007205,47,0.12043638527393341,0.12043638527393341,True
STACK,q12_07007205,46,0.12043638527393341,0.12043638527393341,True
STACK,q12_07007205,45,0.12043638527393341,0.12043638527393341,True
STACK,q12_07007205,44,0.12043638527393341,0.12043638527393341,True
STACK,q12_07007205,43,0.12043638527393341,0.12043638527393341,True
STACK,q12_07007205,42,0.12043638527393341,0.12043638527393341,True
STACK,q12_07007205,41,0.12043638527393341,0.12043638527393341,True
STACK,q12_07007205,40,0.12043638527393341,0.12043638527393341,True
STACK,q12_07007205,39,0.12043638527393341,0.12043638527393341,True
STACK,q12_07007205,38,0.12043638527393341,0.12043638527393341,True
STACK,q12_07007205,37,0.12043638527393341,0.12043638527393341,True
STACK,q12_07007205,36,0.12043638527393341,0.12043638527393341,True
STACK,q12_07007205,35,0.12043638527393341,0.12043638527393341,True
STACK,q12_07007205,34,0.12043638527393341,0.12043638527393341,True
STACK,q12_07007205,33,0.12043638527393341,0.12043638527393341,True
STACK,q12_07007205,32,0.12043638527393341,0.12043638527393341,True
STACK,q12_07007205,31,0.12043638527393341,0.12043638527393341,True
STACK,q12_07007205,30,0.12043638527393341,0.12043638527393341,True
STACK,q12_07007205,29,0.12043638527393341,0.12043638527393341,True
STACK,q12_07007205,28,0.12043638527393341,0.12043638527393341,True
STACK,q12_07007205,27,0.12043638527393341,0.12043638527393341,True
STACK,q12_07007205,26,0.12043638527393341,0.12043638527393341,True
STACK,q12_07007205,25,0.12043638527393341,0.12043638527393341,True
STACK,q12_07007205,24,0.12043638527393341,0.12043638527393341,True
STACK,q12_07007205,23,0.12043638527393341,0.12043638527393341,True
STACK,q12_07007205,22,0.12043638527393341,0.12043638527393341,True
STACK,q12_07007205,21,0.12043638527393341,0.12043638527393341,True
STACK,q12_07007205,20,0.12043638527393341,0.12043638527393341,True
STACK,q12_07007205,19,0.12043638527393341,0.12043638527393341,True
STACK,q12_07007205,18,0.12043638527393341,0.12043638527393341,True
STACK,q12_07007205,17,0.12043638527393341,0.12043638527393341,True
STACK,q12_07007205,16,0.12043638527393341,0.12043638527393341,True
STACK,q12_07007205,15,0.12043638527393341,0.12043638527393341,True
STACK,q12_07007205,14,0.12043638527393341,0.12043638527393341,True
STACK,q12_07007205,13,0.12043638527393341,0.12043638527393341,True
STACK,q12_07007205,12,0.12043638527393341,0.12043638527393341,True
STACK,q12_07007205,11,0.12043638527393341,0.12043638527393341,True
STACK,q12_07007205,10,0.12043638527393341,0.12043638527393341,True
STACK,q12_07007205,9,0.12043638527393341,0.12043638527393341,True
STACK,q12_07007205,8,0.12043638527393341,0.12043638527393341,True
STACK,q12_07007205,7,0.12043638527393341,0.12043638527393341,True
STACK,q12_07007205,6,0.12043638527393341,0.12043638527393341,True
STACK,q12_07007205,5,0.12043638527393341,0.12043638527393341,True
STACK,q12_07007205,4,0.12043638527393341,0.12043638527393341,True
STACK,q12_07007205,3,0.12043638527393341,0.12043638527393341,True
STACK,q12_07007205,2,0.12043638527393341,0.12043638527393341,True
STACK,q12_07007205,1,0.12043638527393341,0.12043638527393341,True
STACK,q12_07007205,0,0.12043638527393341,0.12043638527393341,True
STACK,q12_bde6c0cf,63,0.037033066153526306,0.037033066153526306,True
STACK,q12_bde6c0cf,62,0.037033066153526306,0.037033066153526306,True
STACK,q12_bde6c0cf,61,0.037033066153526306,0.037033066153526306,True
STACK,q12_bde6c0cf,60,0.037033066153526306,0.037033066153526306,True
STACK,q12_bde6c0cf,59,0.037033066153526306,0.037033066153526306,True
STACK,q12_bde6c0cf,58,0.037033066153526306,0.037033066153526306,True
STACK,q12_bde6c0cf,57,0.037033066153526306,0.037033066153526306,True
STACK,q12_bde6c0cf,56,0.037033066153526306,0.037033066153526306,True
STACK,q12_bde6c0cf,55,0.037033066153526306,0.037033066153526306,True
STACK,q12_bde6c0cf,54,0.037033066153526306,0.037033066153526306,True
STACK,q12_bde6c0cf,53,0.037033066153526306,0.037033066153526306,True
STACK,q12_bde6c0cf,52,0.037033066153526306,0.037033066153526306,True
STACK,q12_bde6c0cf,51,0.037033066153526306,0.037033066153526306,True
STACK,q12_bde6c0cf,50,0.037033066153526306,0.037033066153526306,True
STACK,q12_bde6c0cf,49,0.037033066153526306,0.037033066153526306,True
STACK,q12_bde6c0cf,48,0.037033066153526306,0.037033066153526306,True
STACK,q12_bde6c0cf,47,0.037033066153526306,0.037033066153526306,True
STACK,q12_bde6c0cf,46,0.037033066153526306,0.037033066153526306,True
STACK,q12_bde6c0cf,45,0.037033066153526306,0.037033066153526306,True
STACK,q12_bde6c0cf,44,0.037033066153526306,0.037033066153526306,True
STACK,q12_bde6c0cf,43,0.037033066153526306,0.037033066153526306,True
STACK,q12_bde6c0cf,42,0.037033066153526306,0.037033066153526306,True
STACK,q12_bde6c0cf,41,0.037033066153526306,0.037033066153526306,True
STACK,q12_bde6c0cf,40,0.037033066153526306,0.037033066153526306,True
STACK,q12_bde6c0cf,39,0.037033066153526306,0.037033066153526306,True
STACK,q12_bde6c0cf,38,0.037033066153526306,0.037033066153526306,True
STACK,q12_bde6c0cf,37,0.037033066153526306,0.037033066153526306,True
STACK,q12_bde6c0cf,36,0.037033066153526306,0.037033066153526306,True
STACK,q12_bde6c0cf,35,0.037033066153526306,0.037033066153526306,True
STACK,q12_bde6c0cf,34,0.037033066153526306,0.037033066153526306,True
STACK,q12_bde6c0cf,33,0.037033066153526306,0.037033066153526306,True
STACK,q12_bde6c0cf,32,0.037033066153526306,0.037033066153526306,True
STACK,q12_bde6c0cf,31,0.037033066153526306,0.037033066153526306,True
STACK,q12_bde6c0cf,30,0.037033066153526306,0.037033066153526306,True
STACK,q12_bde6c0cf,29,0.037033066153526306,0.037033066153526306,True
STACK,q12_bde6c0cf,28,0.037033066153526306,0.037033066153526306,True
STACK,q12_bde6c0cf,27,0.037033066153526306,0.037033066153526306,True
STACK,q12_bde6c0cf,26,0.037033066153526306,0.037033066153526306,True
STACK,q12_bde6c0cf,25,0.037033066153526306,0.037033066153526306,True
STACK,q12_bde6c0cf,24,0.037033066153526306,0.037033066153526306,True
STACK,q12_bde6c0cf,23,0.037033066153526306,0.037033066153526306,True
STACK,q12_bde6c0cf,22,0.037033066153526306,0.037033066153526306,True
STACK,q12_bde6c0cf,21,0.037033066153526306,0.037033066153526306,True
STACK,q12_bde6c0cf,20,0.037033066153526306,0.037033066153526306,True
STACK,q12_bde6c0cf,19,0.037033066153526306,0.037033066153526306,True
STACK,q12_bde6c0cf,18,0.037033066153526306,0.037033066153526306,True
STACK,q12_bde6c0cf,17,0.037033066153526306,0.037033066153526306,True
STACK,q12_bde6c0cf,16,0.037033066153526306,0.037033066153526306,True
STACK,q12_bde6c0cf,15,0.037033066153526306,0.037033066153526306,True
STACK,q12_bde6c0cf,14,0.037033066153526306,0.037033066153526306,True
STACK,q12_bde6c0cf,13,0.037033066153526306,0.037033066153526306,True
STACK,q12_bde6c0cf,12,0.037033066153526306,0.037033066153526306,True
STACK,q12_bde6c0cf,11,0.037033066153526306,0.037033066153526306,True
STACK,q12_bde6c0cf,10,0.037033066153526306,0.037033066153526306,True
STACK,q12_bde6c0cf,9,0.037033066153526306,0.037033066153526306,True
STACK,q12_bde6c0cf,8,0.037033066153526306,0.037033066153526306,True
STACK,q12_bde6c0cf,7,0.037033066153526306,0.037033066153526306,True
STACK,q12_bde6c0cf,6,0.037033066153526306,0.037033066153526306,True
STACK,q12_bde6c0cf,5,0.037033066153526306,0.037033066153526306,True
STACK,q12_bde6c0cf,4,0.037033066153526306,0.037033066153526306,True
STACK,q12_bde6c0cf,3,0.037033066153526306,0.037033066153526306,True
STACK,q12_bde6c0cf,2,0.037033066153526306,0.037033066153526306,True
STACK,q12_bde6c0cf,1,0.037033066153526306,0.037033066153526306,True
STACK,q12_bde6c0cf,0,0.037033066153526306,0.037033066153526306,True
STACK,q13_1ddcc865,63,0.6024775803089142,0.6024775803089142,True
STACK,q13_1ddcc865,62,0.6024775803089142,0.6024775803089142,True
STACK,q13_1ddcc865,61,0.6024775803089142,0.6024775803089142,True
STACK,q13_1ddcc865,60,0.6024775803089142,0.6024775803089142,True
STACK,q13_1ddcc865,59,0.6024775803089142,0.6024775803089142,True
STACK,q13_1ddcc865,58,0.6024775803089142,0.6024775803089142,True
STACK,q13_1ddcc865,57,0.6024775803089142,0.6024775803089142,True
STACK,q13_1ddcc865,56,0.6024775803089142,0.6024775803089142,True
STACK,q13_1ddcc865,55,0.6024775803089142,0.6024775803089142,True
STACK,q13_1ddcc865,54,0.6024775803089142,0.6024775803089142,True
STACK,q13_1ddcc865,53,0.6024775803089142,0.6024775803089142,True
STACK,q13_1ddcc865,52,0.6024775803089142,0.6024775803089142,True
STACK,q13_1ddcc865,51,0.6024775803089142,0.6024775803089142,True
STACK,q13_1ddcc865,50,0.6024775803089142,0.6024775803089142,True
STACK,q13_1ddcc865,49,0.6024775803089142,0.6024775803089142,True
STACK,q13_1ddcc865,48,0.6024775803089142,0.6024775803089142,True
STACK,q13_1ddcc865,47,0.6024775803089142,0.6024775803089142,True
STACK,q13_1ddcc865,46,0.6024775803089142,0.5875416770577431,False
STACK,q13_1ddcc865,45,0.5875416770577431,0.5180517360568047,False
STACK,q13_1ddcc865,44,0.5180517360568047,0.5180517360568047,True
STACK,q13_1ddcc865,43,0.5180517360568047,0.5180517360568047,True
STACK,q13_1ddcc865,42,0.5180517360568047,0.5180517360568047,True
STACK,q13_1ddcc865,41,0.5180517360568047,0.5180517360568047,True
STACK,q13_1ddcc865,40,0.5180517360568047,0.5180517360568047,True
STACK,q13_1ddcc865,39,0.5180517360568047,0.5180517360568047,True
STACK,q13_1ddcc865,38,0.5180517360568047,0.5180517360568047,True
STACK,q13_1ddcc865,37,0.5180517360568047,0.5180517360568047,True
STACK,q13_1ddcc865,36,0.5180517360568047,0.5180517360568047,True
STACK,q13_1ddcc865,35,0.5180517360568047,0.5180517360568047,True
STACK,q13_1ddcc865,34,0.5180517360568047,0.5180517360568047,True
STACK,q13_1ddcc865,33,0.5180517360568047,0.5180517360568047,True
STACK,q13_1ddcc865,32,0.5180517360568047,0.5180517360568047,True
STACK,q13_1ddcc865,31,0.5180517360568047,0.5180517360568047,True
STACK,q13_1ddcc865,30,0.5180517360568047,0.5180517360568047,True
STACK,q13_1ddcc865,29,0.5180517360568047,0.5180517360568047,True
STACK,q13_1ddcc865,28,0.5180517360568047,0.5180517360568047,True
STACK,q13_1ddcc865,27,0.5180517360568047,0.5180517360568047,True
STACK,q13_1ddcc865,26,0.5180517360568047,0.5180517360568047,True
STACK,q13_1ddcc865,25,0.5180517360568047,0.5180517360568047,True
STACK,q13_1ddcc865,24,0.5180517360568047,0.5180517360568047,True
STACK,q13_1ddcc865,23,0.5180517360568047,0.5180517360568047,True
STACK,q13_1ddcc865,22,0.5180517360568047,0.5180517360568047,True
STACK,q13_1ddcc865,21,0.5180517360568047,0.5180517360568047,True
STACK,q13_1ddcc865,20,0.5180517360568047,0.5180517360568047,True
STACK,q13_1ddcc865,19,0.5180517360568047,0.5180517360568047,True
STACK,q13_1ddcc865,18,0.5180517360568047,0.5180517360568047,True
STACK,q13_1ddcc865,17,0.5180517360568047,0.5180517360568047,True
STACK,q13_1ddcc865,16,0.5180517360568047,0.5180517360568047,True
STACK,q13_1ddcc865,15,0.5180517360568047,0.5180517360568047,True
STACK,q13_1ddcc865,14,0.5180517360568047,0.5180517360568047,True
STACK,q13_1ddcc865,13,0.5180517360568047,0.5161327496170998,False
STACK,q13_1ddcc865,12,0.5161327496170998,0.5162114724516869,False
STACK,q13_1ddcc865,11,0.5161327496170998,0.5161327496170998,True
STACK,q13_1ddcc865,10,0.5161327496170998,0.5161327496170998,True
STACK,q13_1ddcc865,9,0.5161327496170998,0.5161327496170998,True
STACK,q13_1ddcc865,8,0.5161327496170998,0.5161327496170998,True
STACK,q13_1ddcc865,7,0.5161327496170998,0.5161327496170998,True
STACK,q13_1ddcc865,6,0.5161327496170998,0.5161327496170998,True
STACK,q13_1ddcc865,5,0.5161327496170998,0.5161327496170998,True
STACK,q13_1ddcc865,4,0.5161327496170998,0.5161327496170998,True
STACK,q13_1ddcc865,3,0.5161327496170998,0.5161327496170998,True
STACK,q13_1ddcc865,2,0.5161327496170998,0.5161327496170998,True
STACK,q13_1ddcc865,1,0.5161327496170998,0.5161327496170998,True
STACK,q13_1ddcc865,0,0.5161327496170998,0.5161327496170998,True
STACK,q13_13ad1b8c,63,0.5506042167544365,0.5506042167544365,True
STACK,q13_13ad1b8c,62,0.5506042167544365,0.5506042167544365,True
STACK,q13_13ad1b8c,61,0.5506042167544365,0.5341591015458107,False
STACK,q13_13ad1b8c,60,0.5341591015458107,0.5218351632356644,False
STACK,q13_13ad1b8c,59,0.5218351632356644,0.3061775490641594,False
STACK,q13_13ad1b8c,58,0.3061775490641594,0.29991597682237625,False
STACK,q13_13ad1b8c,57,0.29991597682237625,0.2786082401871681,False
STACK,q13_13ad1b8c,56,0.2786082401871681,0.2786082401871681,True
STACK,q13_13ad1b8c,55,0.2786082401871681,0.2786082401871681,True
STACK,q13_13ad1b8c,54,0.2786082401871681,0.2786082401871681,True
STACK,q13_13ad1b8c,53,0.2786082401871681,0.2786082401871681,True
STACK,q13_13ad1b8c,52,0.2786082401871681,0.2786082401871681,True
STACK,q13_13ad1b8c,51,0.2786082401871681,0.2786082401871681,True
STACK,q13_13ad1b8c,50,0.2786082401871681,0.2786082401871681,True
STACK,q13_13ad1b8c,49,0.2786082401871681,0.2786082401871681,True
STACK,q13_13ad1b8c,48,0.2786082401871681,0.2786082401871681,True
STACK,q13_13ad1b8c,47,0.2786082401871681,0.2786082401871681,True
STACK,q13_13ad1b8c,46,0.2786082401871681,0.2786082401871681,True
STACK,q13_13ad1b8c,45,0.2786082401871681,0.2786082401871681,True
STACK,q13_13ad1b8c,44,0.2786082401871681,0.2786082401871681,True
STACK,q13_13ad1b8c,43,0.2786082401871681,0.277477003633976,False
STACK,q13_13ad1b8c,42,0.277477003633976,0.277477003633976,True
STACK,q13_13ad1b8c,41,0.277477003633976,0.2718678042292595,False
STACK,q13_13ad1b8c,40,0.2718678042292595,0.2718678042292595,True
STACK,q13_13ad1b8c,39,0.2718678042292595,0.2718678042292595,True
STACK,q13_13ad1b8c,38,0.2718678042292595,0.2718678042292595,True
STACK,q13_13ad1b8c,37,0.2718678042292595,0.2718678042292595,True
STACK,q13_13ad1b8c,36,0.2718678042292595,0.2718678042292595,True
STACK,q13_13ad1b8c,35,0.2718678042292595,0.2718678042292595,True
STACK,q13_13ad1b8c,34,0.2718678042292595,0.2718678042292595,True
STACK,q13_13ad1b8c,33,0.2718678042292595,0.2718678042292595,True
STACK,q13_13ad1b8c,32,0.2718678042292595,0.2718678042292595,True
STACK,q13_13ad1b8c,31,0.2718678042292595,0.2718678042292595,True
STACK,q13_13ad1b8c,30,0.2718678042292595,0.2718678042292595,True
STACK,q13_13ad1b8c,29,0.2718678042292595,0.2718678042292595,True
STACK,q13_13ad1b8c,28,0.2718678042292595,0.2718678042292595,True
STACK,q13_13ad1b8c,27,0.2718678042292595,0.2718678042292595,True
STACK,q13_13ad1b8c,26,0.2718678042292595,0.2718678042292595,True
STACK,q13_13ad1b8c,25,0.2718678042292595,0.2718678042292595,True
STACK,q13_13ad1b8c,24,0.2718678042292595,0.2718678042292595,True
STACK,q13_13ad1b8c,23,0.2718678042292595,0.2718678042292595,True
STACK,q13_13ad1b8c,22,0.2718678042292595,0.2718678042292595,True
STACK,q13_13ad1b8c,21,0.2718678042292595,0.2718678042292595,True
STACK,q13_13ad1b8c,20,0.2718678042292595,0.2718678042292595,True
STACK,q13_13ad1b8c,19,0.2718678042292595,0.2718678042292595,True
STACK,q13_13ad1b8c,18,0.2718678042292595,0.2718678042292595,True
STACK,q13_13ad1b8c,17,0.2718678042292595,0.2718678042292595,True
STACK,q13_13ad1b8c,16,0.2718678042292595,0.2718678042292595,True
STACK,q13_13ad1b8c,15,0.2718678042292595,0.2718678042292595,True
STACK,q13_13ad1b8c,14,0.2718678042292595,0.2718678042292595,True
STACK,q13_13ad1b8c,13,0.2718678042292595,0.2718678042292595,True
STACK,q13_13ad1b8c,12,0.2718678042292595,0.2718678042292595,True
STACK,q13_13ad1b8c,11,0.2718678042292595,0.2718678042292595,True
STACK,q13_13ad1b8c,10,0.2718678042292595,0.2718678042292595,True
STACK,q13_13ad1b8c,9,0.2718678042292595,0.2718678042292595,True
STACK,q13_13ad1b8c,8,0.2718678042292595,0.26964057236909866,False
STACK,q13_13ad1b8c,7,0.26964057236909866,0.26964057236909866,True
STACK,q13_13ad1b8c,6,0.26964057236909866,0.26964057236909866,True
STACK,q13_13ad1b8c,5,0.26964057236909866,0.26964057236909866,True
STACK,q13_13ad1b8c,4,0.26964057236909866,0.26964057236909866,True
STACK,q13_13ad1b8c,3,0.26964057236909866,0.26964057236909866,True
STACK,q13_13ad1b8c,2,0.26964057236909866,0.26964057236909866,True
STACK,q13_13ad1b8c,1,0.26964057236909866,0.2611594796180725,False
STACK,q13_13ad1b8c,0,0.2611594796180725,0.2611594796180725,True
STACK,q13_935e2051,63,2.7554287388920784,2.7554287388920784,True
STACK,q13_935e2051,62,2.7554287388920784,2.7554287388920784,True
STACK,q13_935e2051,61,2.7554287388920784,2.7554287388920784,True
STACK,q13_935e2051,60,2.7554287388920784,2.7554287388920784,True
STACK,q13_935e2051,59,2.7554287388920784,2.7554287388920784,True
STACK,q13_935e2051,58,2.7554287388920784,2.7554287388920784,True
STACK,q13_935e2051,57,2.7554287388920784,2.7554287388920784,True
STACK,q13_935e2051,56,2.7554287388920784,2.7554287388920784,True
STACK,q13_935e2051,55,2.7554287388920784,2.7554287388920784,True
STACK,q13_935e2051,54,2.7554287388920784,2.7554287388920784,True
STACK,q13_935e2051,53,2.7554287388920784,2.7554287388920784,True
STACK,q13_935e2051,52,2.7554287388920784,2.7554287388920784,True
STACK,q13_935e2051,51,2.7554287388920784,2.7554287388920784,True
STACK,q13_935e2051,50,2.7554287388920784,2.7554287388920784,True
STACK,q13_935e2051,49,2.7554287388920784,2.7554287388920784,True
STACK,q13_935e2051,48,2.7554287388920784,2.7554287388920784,True
STACK,q13_935e2051,47,2.7554287388920784,2.7554287388920784,True
STACK,q13_935e2051,46,2.7554287388920784,2.7554287388920784,True
STACK,q13_935e2051,45,2.7554287388920784,2.7554287388920784,True
STACK,q13_935e2051,44,2.7554287388920784,2.7554287388920784,True
STACK,q13_935e2051,43,2.7554287388920784,2.7554287388920784,True
STACK,q13_935e2051,42,2.7554287388920784,2.7554287388920784,True
STACK,q13_935e2051,41,2.7554287388920784,2.7554287388920784,True
STACK,q13_935e2051,40,2.7554287388920784,2.7554287388920784,True
STACK,q13_935e2051,39,2.7554287388920784,2.7554287388920784,True
STACK,q13_935e2051,38,2.7554287388920784,2.7554287388920784,True
STACK,q13_935e2051,37,2.7554287388920784,2.7554287388920784,True
STACK,q13_935e2051,36,2.7554287388920784,2.7554287388920784,True
STACK,q13_935e2051,35,2.7554287388920784,2.7554287388920784,True
STACK,q13_935e2051,34,2.7554287388920784,2.7554287388920784,True
STACK,q13_935e2051,33,2.7554287388920784,2.7554287388920784,True
STACK,q13_935e2051,32,2.7554287388920784,2.7554287388920784,True
STACK,q13_935e2051,31,2.7554287388920784,2.7554287388920784,True
STACK,q13_935e2051,30,2.7554287388920784,2.7554287388920784,True
STACK,q13_935e2051,29,2.7554287388920784,2.6606070026755333,False
STACK,q13_935e2051,28,2.6606070026755333,2.6496254801750183,False
STACK,q13_935e2051,27,2.6496254801750183,2.6496254801750183,True
STACK,q13_935e2051,26,2.6496254801750183,2.6496254801750183,True
STACK,q13_935e2051,25,2.6496254801750183,2.6496254801750183,True
STACK,q13_935e2051,24,2.6496254801750183,2.6496254801750183,True
STACK,q13_935e2051,23,2.6496254801750183,2.6496254801750183,True
STACK,q13_935e2051,22,2.6496254801750183,2.6496254801750183,True
STACK,q13_935e2051,21,2.6496254801750183,2.6496254801750183,True
STACK,q13_935e2051,20,2.6496254801750183,2.6496254801750183,True
STACK,q13_935e2051,19,2.6496254801750183,2.6496254801750183,True
STACK,q13_935e2051,18,2.6496254801750183,2.6496254801750183,True
STACK,q13_935e2051,17,2.6496254801750183,2.6496254801750183,True
STACK,q13_935e2051,16,2.6496254801750183,2.6496254801750183,True
STACK,q13_935e2051,15,2.6496254801750183,2.634443871676922,False
STACK,q13_935e2051,14,2.634443871676922,2.624150738120079,False
STACK,q13_935e2051,13,2.624150738120079,2.5793759003281593,False
STACK,q13_935e2051,12,2.5793759003281593,2.5793759003281593,True
STACK,q13_935e2051,11,2.5793759003281593,2.5793759003281593,True
STACK,q13_935e2051,10,2.5793759003281593,2.5793759003281593,True
STACK,q13_935e2051,9,2.5793759003281593,2.5793759003281593,True
STACK,q13_935e2051,8,2.5793759003281593,2.5793759003281593,True
STACK,q13_935e2051,7,2.5793759003281593,2.5793759003281593,True
STACK,q13_935e2051,6,2.5793759003281593,2.5793759003281593,True
STACK,q13_935e2051,5,2.5793759003281593,2.5793759003281593,True
STACK,q13_935e2051,4,2.5793759003281593,2.5793759003281593,True
STACK,q13_935e2051,3,2.5793759003281593,2.5793759003281593,True
STACK,q13_935e2051,2,2.5793759003281593,2.5793759003281593,True
STACK,q13_935e2051,1,2.5793759003281593,2.5793759003281593,True
STACK,q13_935e2051,0,2.5793759003281593,2.5793759003281593,True
STACK,q13_a3d03772,63,1.0829848870635033,1.0829848870635033,True
STACK,q13_a3d03772,62,1.0829848870635033,1.0829848870635033,True
STACK,q13_a3d03772,61,1.0829848870635033,1.062097430229187,False
STACK,q13_a3d03772,60,1.062097430229187,1.063362866640091,False
STACK,q13_a3d03772,59,1.062097430229187,1.062097430229187,True
STACK,q13_a3d03772,58,1.062097430229187,1.062097430229187,True
STACK,q13_a3d03772,57,1.062097430229187,1.062097430229187,True
STACK,q13_a3d03772,56,1.062097430229187,1.062097430229187,True
STACK,q13_a3d03772,55,1.062097430229187,1.062097430229187,True
STACK,q13_a3d03772,54,1.062097430229187,1.062097430229187,True
STACK,q13_a3d03772,53,1.062097430229187,1.062097430229187,True
STACK,q13_a3d03772,52,1.062097430229187,1.062097430229187,True
STACK,q13_a3d03772,51,1.062097430229187,1.062097430229187,True
STACK,q13_a3d03772,50,1.062097430229187,1.062097430229187,True
STACK,q13_a3d03772,49,1.062097430229187,1.062097430229187,True
STACK,q13_a3d03772,48,1.062097430229187,1.062097430229187,True
STACK,q13_a3d03772,47,1.062097430229187,1.0628926753997803,False
STACK,q13_a3d03772,46,1.062097430229187,1.062097430229187,True
STACK,q13_a3d03772,45,1.062097430229187,1.0364313423633575,False
STACK,q13_a3d03772,44,1.0364313423633575,1.0299166664481163,False
STACK,q13_a3d03772,43,1.0299166664481163,1.0299166664481163,True
STACK,q13_a3d03772,42,1.0299166664481163,1.0299166664481163,True
STACK,q13_a3d03772,41,1.0299166664481163,1.0299166664481163,True
STACK,q13_a3d03772,40,1.0299166664481163,1.0299166664481163,True
STACK,q13_a3d03772,39,1.0299166664481163,1.0299166664481163,True
STACK,q13_a3d03772,38,1.0299166664481163,1.0299166664481163,True
STACK,q13_a3d03772,37,1.0299166664481163,1.0299166664481163,True
STACK,q13_a3d03772,36,1.0299166664481163,1.0299166664481163,True
STACK,q13_a3d03772,35,1.0299166664481163,1.0299166664481163,True
STACK,q13_a3d03772,34,1.0299166664481163,1.0299166664481163,True
STACK,q13_a3d03772,33,1.0299166664481163,1.0299166664481163,True
STACK,q13_a3d03772,32,1.0299166664481163,1.0299166664481163,True
STACK,q13_a3d03772,31,1.0299166664481163,1.0299166664481163,True
STACK,q13_a3d03772,30,1.0299166664481163,1.0299166664481163,True
STACK,q13_a3d03772,29,1.0299166664481163,1.0299166664481163,True
STACK,q13_a3d03772,28,1.0299166664481163,1.0299166664481163,True
STACK,q13_a3d03772,27,1.0299166664481163,1.0299166664481163,True
STACK,q13_a3d03772,26,1.0299166664481163,1.0299166664481163,True
STACK,q13_a3d03772,25,1.0299166664481163,1.0299166664481163,True
STACK,q13_a3d03772,24,1.0299166664481163,1.0299166664481163,True
STACK,q13_a3d03772,23,1.0299166664481163,1.0299166664481163,True
STACK,q13_a3d03772,22,1.0299166664481163,1.0299166664481163,True
STACK,q13_a3d03772,21,1.0299166664481163,1.0299166664481163,True
STACK,q13_a3d03772,20,1.0299166664481163,1.0299166664481163,True
STACK,q13_a3d03772,19,1.0299166664481163,1.0299166664481163,True
STACK,q13_a3d03772,18,1.0299166664481163,1.0299166664481163,True
STACK,q13_a3d03772,17,1.0299166664481163,1.0299166664481163,True
STACK,q13_a3d03772,16,1.0299166664481163,1.0299166664481163,True
STACK,q13_a3d03772,15,1.0299166664481163,1.0299166664481163,True
STACK,q13_a3d03772,14,1.0299166664481163,1.0299166664481163,True
STACK,q13_a3d03772,13,1.0299166664481163,1.0226724594831467,False
STACK,q13_a3d03772,12,1.0226724594831467,1.0226724594831467,True
STACK,q13_a3d03772,11,1.0226724594831467,1.0226724594831467,True
STACK,q13_a3d03772,10,1.0226724594831467,1.0226724594831467,True
STACK,q13_a3d03772,9,1.0226724594831467,1.0226724594831467,True
STACK,q13_a3d03772,8,1.0226724594831467,1.0226724594831467,True
STACK,q13_a3d03772,7,1.0226724594831467,1.0226724594831467,True
STACK,q13_a3d03772,6,1.0226724594831467,1.0226724594831467,True
STACK,q13_a3d03772,5,1.0226724594831467,1.0226724594831467,True
STACK,q13_a3d03772,4,1.0226724594831467,1.0226724594831467,True
STACK,q13_a3d03772,3,1.0226724594831467,1.0226724594831467,True
STACK,q13_a3d03772,2,1.0226724594831467,1.0226724594831467,True
STACK,q13_a3d03772,1,1.0226724594831467,1.0226724594831467,True
STACK,q13_a3d03772,0,1.0226724594831467,1.0226724594831467,True
STACK,q13_a091adce,63,0.25073792040348053,0.25073792040348053,True
STACK,q13_a091adce,62,0.25073792040348053,0.25073792040348053,True
STACK,q13_a091adce,61,0.25073792040348053,0.20002075284719467,False
STACK,q13_a091adce,60,0.20002075284719467,0.19114241003990173,False
STACK,q13_a091adce,59,0.19114241003990173,0.19114241003990173,True
STACK,q13_a091adce,58,0.19114241003990173,0.19114241003990173,True
STACK,q13_a091adce,57,0.19114241003990173,0.19114241003990173,True
STACK,q13_a091adce,56,0.19114241003990173,0.19216587394475937,False
STACK,q13_a091adce,55,0.19114241003990173,0.19114241003990173,True
STACK,q13_a091adce,54,0.19114241003990173,0.19114241003990173,True
STACK,q13_a091adce,53,0.19114241003990173,0.19114241003990173,True
STACK,q13_a091adce,52,0.19114241003990173,0.19114241003990173,True
STACK,q13_a091adce,51,0.19114241003990173,0.19114241003990173,True
STACK,q13_a091adce,50,0.19114241003990173,0.19114241003990173,True
STACK,q13_a091adce,49,0.19114241003990173,0.19114241003990173,True
STACK,q13_a091adce,48,0.19114241003990173,0.19114241003990173,True
STACK,q13_a091adce,47,0.19114241003990173,0.19114241003990173,True
STACK,q13_a091adce,46,0.19114241003990173,0.19114241003990173,True
STACK,q13_a091adce,45,0.19114241003990173,0.15826620161533356,False
STACK,q13_a091adce,44,0.15826620161533356,0.1585782989859581,False
STACK,q13_a091adce,43,0.15826620161533356,0.15826620161533356,True
STACK,q13_a091adce,42,0.15826620161533356,0.15826620161533356,True
STACK,q13_a091adce,41,0.15826620161533356,0.15826620161533356,True
STACK,q13_a091adce,40,0.15826620161533356,0.15826620161533356,True
STACK,q13_a091adce,39,0.15826620161533356,0.15826620161533356,True
STACK,q13_a091adce,38,0.15826620161533356,0.15826620161533356,True
STACK,q13_a091adce,37,0.15826620161533356,0.15826620161533356,True
STACK,q13_a091adce,36,0.15826620161533356,0.15826620161533356,True
STACK,q13_a091adce,35,0.15826620161533356,0.15826620161533356,True
STACK,q13_a091adce,34,0.15826620161533356,0.15826620161533356,True
STACK,q13_a091adce,33,0.15826620161533356,0.15826620161533356,True
STACK,q13_a091adce,32,0.15826620161533356,0.15826620161533356,True
STACK,q13_a091adce,31,0.15826620161533356,0.15826620161533356,True
STACK,q13_a091adce,30,0.15826620161533356,0.15826620161533356,True
STACK,q13_a091adce,29,0.15826620161533356,0.15826620161533356,True
STACK,q13_a091adce,28,0.15826620161533356,0.15826620161533356,True
STACK,q13_a091adce,27,0.15826620161533356,0.15826620161533356,True
STACK,q13_a091adce,26,0.15826620161533356,0.15826620161533356,True
STACK,q13_a091adce,25,0.15826620161533356,0.15826620161533356,True
STACK,q13_a091adce,24,0.15826620161533356,0.15826620161533356,True
STACK,q13_a091adce,23,0.15826620161533356,0.15826620161533356,True
STACK,q13_a091adce,22,0.15826620161533356,0.15826620161533356,True
STACK,q13_a091adce,21,0.15826620161533356,0.15826620161533356,True
STACK,q13_a091adce,20,0.15826620161533356,0.15826620161533356,True
STACK,q13_a091adce,19,0.15826620161533356,0.15826620161533356,True
STACK,q13_a091adce,18,0.15826620161533356,0.15826620161533356,True
STACK,q13_a091adce,17,0.15826620161533356,0.15826620161533356,True
STACK,q13_a091adce,16,0.15826620161533356,0.15826620161533356,True
STACK,q13_a091adce,15,0.15826620161533356,0.15826620161533356,True
STACK,q13_a091adce,14,0.15826620161533356,0.15826620161533356,True
STACK,q13_a091adce,13,0.15826620161533356,0.15826620161533356,True
STACK,q13_a091adce,12,0.15826620161533356,0.15826503187417984,False
STACK,q13_a091adce,11,0.15826503187417984,0.15826503187417984,True
STACK,q13_a091adce,10,0.15826503187417984,0.15826503187417984,True
STACK,q13_a091adce,9,0.15826503187417984,0.15826503187417984,True
STACK,q13_a091adce,8,0.15826503187417984,0.15826503187417984,True
STACK,q13_a091adce,7,0.15826503187417984,0.15826503187417984,True
STACK,q13_a091adce,6,0.15826503187417984,0.15826503187417984,True
STACK,q13_a091adce,5,0.15826503187417984,0.15826503187417984,True
STACK,q13_a091adce,4,0.15826503187417984,0.15826503187417984,True
STACK,q13_a091adce,3,0.15826503187417984,0.15826503187417984,True
STACK,q13_a091adce,2,0.15826503187417984,0.15826503187417984,True
STACK,q13_a091adce,1,0.15826503187417984,0.15826503187417984,True
STACK,q13_a091adce,0,0.15826503187417984,0.15826503187417984,True
STACK,q13_add0df9d,63,0.8691526055335999,0.8691526055335999,True
STACK,q13_add0df9d,62,0.8691526055335999,0.8691526055335999,True
STACK,q13_add0df9d,61,0.8691526055335999,0.8163085132837296,False
STACK,q13_add0df9d,60,0.8163085132837296,0.810270830988884,False
STACK,q13_add0df9d,59,0.810270830988884,0.810270830988884,True
STACK,q13_add0df9d,58,0.810270830988884,0.810270830988884,True
STACK,q13_add0df9d,57,0.810270830988884,0.810270830988884,True
STACK,q13_add0df9d,56,0.810270830988884,0.810270830988884,True
STACK,q13_add0df9d,55,0.810270830988884,0.810270830988884,True
STACK,q13_add0df9d,54,0.810270830988884,0.810270830988884,True
STACK,q13_add0df9d,53,0.810270830988884,0.810270830988884,True
STACK,q13_add0df9d,52,0.810270830988884,0.810270830988884,True
STACK,q13_add0df9d,51,0.810270830988884,0.810270830988884,True
STACK,q13_add0df9d,50,0.810270830988884,0.810270830988884,True
STACK,q13_add0df9d,49,0.810270830988884,0.810270830988884,True
STACK,q13_add0df9d,48,0.810270830988884,0.810270830988884,True
STACK,q13_add0df9d,47,0.810270830988884,0.810270830988884,True
STACK,q13_add0df9d,46,0.810270830988884,0.810270830988884,True
STACK,q13_add0df9d,45,0.810270830988884,0.7879442870616913,False
STACK,q13_add0df9d,44,0.7879442870616913,0.7879442870616913,True
STACK,q13_add0df9d,43,0.7879442870616913,0.7879442870616913,True
STACK,q13_add0df9d,42,0.7879442870616913,0.7879442870616913,True
STACK,q13_add0df9d,41,0.7879442870616913,0.7879442870616913,True
STACK,q13_add0df9d,40,0.7879442870616913,0.7879442870616913,True
STACK,q13_add0df9d,39,0.7879442870616913,0.7879442870616913,True
STACK,q13_add0df9d,38,0.7879442870616913,0.7879442870616913,True
STACK,q13_add0df9d,37,0.7879442870616913,0.7879442870616913,True
STACK,q13_add0df9d,36,0.7879442870616913,0.7879442870616913,True
STACK,q13_add0df9d,35,0.7879442870616913,0.7879442870616913,True
STACK,q13_add0df9d,34,0.7879442870616913,0.7879442870616913,True
STACK,q13_add0df9d,33,0.7879442870616913,0.7879442870616913,True
STACK,q13_add0df9d,32,0.7879442870616913,0.7879442870616913,True
STACK,q13_add0df9d,31,0.7879442870616913,0.7879442870616913,True
STACK,q13_add0df9d,30,0.7879442870616913,0.7879442870616913,True
STACK,q13_add0df9d,29,0.7879442870616913,0.7879442870616913,True
STACK,q13_add0df9d,28,0.7879442870616913,0.7879442870616913,True
STACK,q13_add0df9d,27,0.7879442870616913,0.7879442870616913,True
STACK,q13_add0df9d,26,0.7879442870616913,0.7879442870616913,True
STACK,q13_add0df9d,25,0.7879442870616913,0.7879442870616913,True
STACK,q13_add0df9d,24,0.7879442870616913,0.7879442870616913,True
STACK,q13_add0df9d,23,0.7879442870616913,0.7879442870616913,True
STACK,q13_add0df9d,22,0.7879442870616913,0.7879442870616913,True
STACK,q13_add0df9d,21,0.7879442870616913,0.7879442870616913,True
STACK,q13_add0df9d,20,0.7879442870616913,0.7879442870616913,True
STACK,q13_add0df9d,19,0.7879442870616913,0.7879442870616913,True
STACK,q13_add0df9d,18,0.7879442870616913,0.7879442870616913,True
STACK,q13_add0df9d,17,0.7879442870616913,0.7879442870616913,True
STACK,q13_add0df9d,16,0.7879442870616913,0.7879442870616913,True
STACK,q13_add0df9d,15,0.7879442870616913,0.7879442870616913,True
STACK,q13_add0df9d,14,0.7879442870616913,0.7879442870616913,True
STACK,q13_add0df9d,13,0.7879442870616913,0.7859558686614037,False
STACK,q13_add0df9d,12,0.7859558686614037,0.7837499380111694,False
STACK,q13_add0df9d,11,0.7837499380111694,0.7837499380111694,True
STACK,q13_add0df9d,10,0.7837499380111694,0.7837499380111694,True
STACK,q13_add0df9d,9,0.7837499380111694,0.7837499380111694,True
STACK,q13_add0df9d,8,0.7837499380111694,0.7837499380111694,True
STACK,q13_add0df9d,7,0.7837499380111694,0.7837499380111694,True
STACK,q13_add0df9d,6,0.7837499380111694,0.7837499380111694,True
STACK,q13_add0df9d,5,0.7837499380111694,0.7837499380111694,True
STACK,q13_add0df9d,4,0.7837499380111694,0.7837499380111694,True
STACK,q13_add0df9d,3,0.7837499380111694,0.7837499380111694,True
STACK,q13_add0df9d,2,0.7837499380111694,0.7837499380111694,True
STACK,q13_add0df9d,1,0.7837499380111694,0.7837499380111694,True
STACK,q13_add0df9d,0,0.7837499380111694,0.7837499380111694,True
STACK,q13_d383cd5b,63,0.15811975300312042,0.15811975300312042,True
STACK,q13_d383cd5b,62,0.15811975300312042,0.15811975300312042,True
STACK,q13_d383cd5b,61,0.15811975300312042,0.15811975300312042,True
STACK,q13_d383cd5b,60,0.15811975300312042,0.11952001601457596,False
STACK,q13_d383cd5b,59,0.11952001601457596,0.11959585547447205,False
STACK,q13_d383cd5b,58,0.11952001601457596,0.11841979622840881,False
STACK,q13_d383cd5b,57,0.11841979622840881,0.10787685215473175,False
STACK,q13_d383cd5b,56,0.10787685215473175,0.10624897480010986,False
STACK,q13_d383cd5b,55,0.10624897480010986,0.10624897480010986,True
STACK,q13_d383cd5b,54,0.10624897480010986,0.10624897480010986,True
STACK,q13_d383cd5b,53,0.10624897480010986,0.10624897480010986,True
STACK,q13_d383cd5b,52,0.10624897480010986,0.10624897480010986,True
STACK,q13_d383cd5b,51,0.10624897480010986,0.10624897480010986,True
STACK,q13_d383cd5b,50,0.10624897480010986,0.10624897480010986,True
STACK,q13_d383cd5b,49,0.10624897480010986,0.10624897480010986,True
STACK,q13_d383cd5b,48,0.10624897480010986,0.10624897480010986,True
STACK,q13_d383cd5b,47,0.10624897480010986,0.10624897480010986,True
STACK,q13_d383cd5b,46,0.10624897480010986,0.10624897480010986,True
STACK,q13_d383cd5b,45,0.10624897480010986,0.09366967529058456,False
STACK,q13_d383cd5b,44,0.09366967529058456,0.09339885413646698,False
STACK,q13_d383cd5b,43,0.09339885413646698,0.09339885413646698,True
STACK,q13_d383cd5b,42,0.09339885413646698,0.09339885413646698,True
STACK,q13_d383cd5b,41,0.09339885413646698,0.09301643818616867,False
STACK,q13_d383cd5b,40,0.09301643818616867,0.09301643818616867,True
STACK,q13_d383cd5b,39,0.09301643818616867,0.09301643818616867,True
STACK,q13_d383cd5b,38,0.09301643818616867,0.09301643818616867,True
STACK,q13_d383cd5b,37,0.09301643818616867,0.09301643818616867,True
STACK,q13_d383cd5b,36,0.09301643818616867,0.09301643818616867,True
STACK,q13_d383cd5b,35,0.09301643818616867,0.09301643818616867,True
STACK,q13_d383cd5b,34,0.09301643818616867,0.09301643818616867,True
STACK,q13_d383cd5b,33,0.09301643818616867,0.09301643818616867,True
STACK,q13_d383cd5b,32,0.09301643818616867,0.09301643818616867,True
STACK,q13_d383cd5b,31,0.09301643818616867,0.09301643818616867,True
STACK,q13_d383cd5b,30,0.09301643818616867,0.09301643818616867,True
STACK,q13_d383cd5b,29,0.09301643818616867,0.09301643818616867,True
STACK,q13_d383cd5b,28,0.09301643818616867,0.09301643818616867,True
STACK,q13_d383cd5b,27,0.09301643818616867,0.09301643818616867,True
STACK,q13_d383cd5b,26,0.09301643818616867,0.09301643818616867,True
STACK,q13_d383cd5b,25,0.09301643818616867,0.09301643818616867,True
STACK,q13_d383cd5b,24,0.09301643818616867,0.09301643818616867,True
STACK,q13_d383cd5b,23,0.09301643818616867,0.09301643818616867,True
STACK,q13_d383cd5b,22,0.09301643818616867,0.09301643818616867,True
STACK,q13_d383cd5b,21,0.09301643818616867,0.09301643818616867,True
STACK,q13_d383cd5b,20,0.09301643818616867,0.09301643818616867,True
STACK,q13_d383cd5b,19,0.09301643818616867,0.09301643818616867,True
STACK,q13_d383cd5b,18,0.09301643818616867,0.09301643818616867,True
STACK,q13_d383cd5b,17,0.09301643818616867,0.09301643818616867,True
STACK,q13_d383cd5b,16,0.09301643818616867,0.09301643818616867,True
STACK,q13_d383cd5b,15,0.09301643818616867,0.09301643818616867,True
STACK,q13_d383cd5b,14,0.09301643818616867,0.09301643818616867,True
STACK,q13_d383cd5b,13,0.09301643818616867,0.09393605589866638,False
STACK,q13_d383cd5b,12,0.09301643818616867,0.09301643818616867,True
STACK,q13_d383cd5b,11,0.09301643818616867,0.09301643818616867,True
STACK,q13_d383cd5b,10,0.09301643818616867,0.09301643818616867,True
STACK,q13_d383cd5b,9,0.09301643818616867,0.09301643818616867,True
STACK,q13_d383cd5b,8,0.09301643818616867,0.09415532648563385,False
STACK,q13_d383cd5b,7,0.09301643818616867,0.09301643818616867,True
STACK,q13_d383cd5b,6,0.09301643818616867,0.09301643818616867,True
STACK,q13_d383cd5b,5,0.09301643818616867,0.09301643818616867,True
STACK,q13_d383cd5b,4,0.09301643818616867,0.09301643818616867,True
STACK,q13_d383cd5b,3,0.09301643818616867,0.09301643818616867,True
STACK,q13_d383cd5b,2,0.09301643818616867,0.09301643818616867,True
STACK,q13_d383cd5b,1,0.09301643818616867,0.09301643818616867,True
STACK,q13_d383cd5b,0,0.09301643818616867,0.09301643818616867,True
STACK,q13_d4707be2,63,0.2616707980632782,0.2616707980632782,True
STACK,q13_d4707be2,62,0.2616707980632782,0.2616707980632782,True
STACK,q13_d4707be2,61,0.2616707980632782,0.2616707980632782,True
STACK,q13_d4707be2,60,0.2616707980632782,0.24653204530477524,False
STACK,q13_d4707be2,59,0.24653204530477524,0.24165304750204086,False
STACK,q13_d4707be2,58,0.24165304750204086,0.24165304750204086,True
STACK,q13_d4707be2,57,0.24165304750204086,0.223958320915699,False
STACK,q13_d4707be2,56,0.223958320915699,0.2217715010046959,False
STACK,q13_d4707be2,55,0.2217715010046959,0.2217715010046959,True
STACK,q13_d4707be2,54,0.2217715010046959,0.2217715010046959,True
STACK,q13_d4707be2,53,0.2217715010046959,0.2217715010046959,True
STACK,q13_d4707be2,52,0.2217715010046959,0.2217715010046959,True
STACK,q13_d4707be2,51,0.2217715010046959,0.2217715010046959,True
STACK,q13_d4707be2,50,0.2217715010046959,0.2217715010046959,True
STACK,q13_d4707be2,49,0.2217715010046959,0.2217715010046959,True
STACK,q13_d4707be2,48,0.2217715010046959,0.2217715010046959,True
STACK,q13_d4707be2,47,0.2217715010046959,0.2217715010046959,True
STACK,q13_d4707be2,46,0.2217715010046959,0.2217715010046959,True
STACK,q13_d4707be2,45,0.2217715010046959,0.19057199358940125,False
STACK,q13_d4707be2,44,0.19057199358940125,0.18840399384498596,False
STACK,q13_d4707be2,43,0.18840399384498596,0.18840399384498596,True
STACK,q13_d4707be2,42,0.18840399384498596,0.18840399384498596,True
STACK,q13_d4707be2,41,0.18840399384498596,0.18840399384498596,True
STACK,q13_d4707be2,40,0.18840399384498596,0.18840399384498596,True
STACK,q13_d4707be2,39,0.18840399384498596,0.18840399384498596,True
STACK,q13_d4707be2,38,0.18840399384498596,0.18840399384498596,True
STACK,q13_d4707be2,37,0.18840399384498596,0.18840399384498596,True
STACK,q13_d4707be2,36,0.18840399384498596,0.18840399384498596,True
STACK,q13_d4707be2,35,0.18840399384498596,0.18840399384498596,True
STACK,q13_d4707be2,34,0.18840399384498596,0.18840399384498596,True
STACK,q13_d4707be2,33,0.18840399384498596,0.18840399384498596,True
STACK,q13_d4707be2,32,0.18840399384498596,0.18840399384498596,True
STACK,q13_d4707be2,31,0.18840399384498596,0.18840399384498596,True
STACK,q13_d4707be2,30,0.18840399384498596,0.18840399384498596,True
STACK,q13_d4707be2,29,0.18840399384498596,0.18840399384498596,True
STACK,q13_d4707be2,28,0.18840399384498596,0.18840399384498596,True
STACK,q13_d4707be2,27,0.18840399384498596,0.18840399384498596,True
STACK,q13_d4707be2,26,0.18840399384498596,0.18840399384498596,True
STACK,q13_d4707be2,25,0.18840399384498596,0.18840399384498596,True
STACK,q13_d4707be2,24,0.18840399384498596,0.18840399384498596,True
STACK,q13_d4707be2,23,0.18840399384498596,0.18840399384498596,True
STACK,q13_d4707be2,22,0.18840399384498596,0.18840399384498596,True
STACK,q13_d4707be2,21,0.18840399384498596,0.18840399384498596,True
STACK,q13_d4707be2,20,0.18840399384498596,0.18840399384498596,True
STACK,q13_d4707be2,19,0.18840399384498596,0.18840399384498596,True
STACK,q13_d4707be2,18,0.18840399384498596,0.18840399384498596,True
STACK,q13_d4707be2,17,0.18840399384498596,0.18840399384498596,True
STACK,q13_d4707be2,16,0.18840399384498596,0.18840399384498596,True
STACK,q13_d4707be2,15,0.18840399384498596,0.18840399384498596,True
STACK,q13_d4707be2,14,0.18840399384498596,0.18840399384498596,True
STACK,q13_d4707be2,13,0.18840399384498596,0.18840399384498596,True
STACK,q13_d4707be2,12,0.18840399384498596,0.18840399384498596,True
STACK,q13_d4707be2,11,0.18840399384498596,0.18840399384498596,True
STACK,q13_d4707be2,10,0.18840399384498596,0.18840399384498596,True
STACK,q13_d4707be2,9,0.18840399384498596,0.18840399384498596,True
STACK,q13_d4707be2,8,0.18840399384498596,0.18840399384498596,True
STACK,q13_d4707be2,7,0.18840399384498596,0.18840399384498596,True
STACK,q13_d4707be2,6,0.18840399384498596,0.18840399384498596,True
STACK,q13_d4707be2,5,0.18840399384498596,0.18840399384498596,True
STACK,q13_d4707be2,4,0.18840399384498596,0.18840399384498596,True
STACK,q13_d4707be2,3,0.18840399384498596,0.18840399384498596,True
STACK,q13_d4707be2,2,0.18840399384498596,0.18840399384498596,True
STACK,q13_d4707be2,1,0.18840399384498596,0.18840399384498596,True
STACK,q13_d4707be2,0,0.18840399384498596,0.18840399384498596,True
STACK,q14_5dbc1d1f,63,2.684494860470295,2.684494860470295,True
STACK,q14_5dbc1d1f,62,2.684494860470295,2.684494860470295,True
STACK,q14_5dbc1d1f,61,2.684494860470295,2.684494860470295,True
STACK,q14_5dbc1d1f,60,2.684494860470295,2.684494860470295,True
STACK,q14_5dbc1d1f,59,2.684494860470295,2.684494860470295,True
STACK,q14_5dbc1d1f,58,2.684494860470295,2.684494860470295,True
STACK,q14_5dbc1d1f,57,2.684494860470295,2.684494860470295,True
STACK,q14_5dbc1d1f,56,2.684494860470295,2.684494860470295,True
STACK,q14_5dbc1d1f,55,2.684494860470295,2.684494860470295,True
STACK,q14_5dbc1d1f,54,2.684494860470295,2.684494860470295,True
STACK,q14_5dbc1d1f,53,2.684494860470295,2.684494860470295,True
STACK,q14_5dbc1d1f,52,2.684494860470295,2.684494860470295,True
STACK,q14_5dbc1d1f,51,2.684494860470295,2.684494860470295,True
STACK,q14_5dbc1d1f,50,2.684494860470295,2.684494860470295,True
STACK,q14_5dbc1d1f,49,2.684494860470295,2.684494860470295,True
STACK,q14_5dbc1d1f,48,2.684494860470295,2.684494860470295,True
STACK,q14_5dbc1d1f,47,2.684494860470295,2.684494860470295,True
STACK,q14_5dbc1d1f,46,2.684494860470295,2.684494860470295,True
STACK,q14_5dbc1d1f,45,2.684494860470295,2.684494860470295,True
STACK,q14_5dbc1d1f,44,2.684494860470295,2.684494860470295,True
STACK,q14_5dbc1d1f,43,2.684494860470295,2.684494860470295,True
STACK,q14_5dbc1d1f,42,2.684494860470295,2.684494860470295,True
STACK,q14_5dbc1d1f,41,2.684494860470295,2.684494860470295,True
STACK,q14_5dbc1d1f,40,2.684494860470295,2.684494860470295,True
STACK,q14_5dbc1d1f,39,2.684494860470295,2.684494860470295,True
STACK,q14_5dbc1d1f,38,2.684494860470295,2.684494860470295,True
STACK,q14_5dbc1d1f,37,2.684494860470295,2.684494860470295,True
STACK,q14_5dbc1d1f,36,2.684494860470295,2.684494860470295,True
STACK,q14_5dbc1d1f,35,2.684494860470295,2.684494860470295,True
STACK,q14_5dbc1d1f,34,2.684494860470295,2.684494860470295,True
STACK,q14_5dbc1d1f,33,2.684494860470295,2.684494860470295,True
STACK,q14_5dbc1d1f,32,2.684494860470295,2.684494860470295,True
STACK,q14_5dbc1d1f,31,2.684494860470295,2.684494860470295,True
STACK,q14_5dbc1d1f,30,2.684494860470295,2.684494860470295,True
STACK,q14_5dbc1d1f,29,2.684494860470295,2.684494860470295,True
STACK,q14_5dbc1d1f,28,2.684494860470295,2.684494860470295,True
STACK,q14_5dbc1d1f,27,2.684494860470295,2.684494860470295,True
STACK,q14_5dbc1d1f,26,2.684494860470295,2.684494860470295,True
STACK,q14_5dbc1d1f,25,2.684494860470295,2.684494860470295,True
STACK,q14_5dbc1d1f,24,2.684494860470295,2.684494860470295,True
STACK,q14_5dbc1d1f,23,2.684494860470295,2.684494860470295,True
STACK,q14_5dbc1d1f,22,2.684494860470295,2.684494860470295,True
STACK,q14_5dbc1d1f,21,2.684494860470295,2.684494860470295,True
STACK,q14_5dbc1d1f,20,2.684494860470295,2.684494860470295,True
STACK,q14_5dbc1d1f,19,2.684494860470295,2.684494860470295,True
STACK,q14_5dbc1d1f,18,2.684494860470295,2.684494860470295,True
STACK,q14_5dbc1d1f,17,2.684494860470295,2.684494860470295,True
STACK,q14_5dbc1d1f,16,2.684494860470295,2.684494860470295,True
STACK,q14_5dbc1d1f,15,2.684494860470295,2.6852694898843765,False
STACK,q14_5dbc1d1f,14,2.684494860470295,2.6643320992588997,False
STACK,q14_5dbc1d1f,13,2.6643320992588997,2.6643320992588997,True
STACK,q14_5dbc1d1f,12,2.6643320992588997,2.66228998452425,False
STACK,q14_5dbc1d1f,11,2.66228998452425,2.66228998452425,True
STACK,q14_5dbc1d1f,10,2.66228998452425,2.66228998452425,True
STACK,q14_5dbc1d1f,9,2.66228998452425,2.66228998452425,True
STACK,q14_5dbc1d1f,8,2.66228998452425,2.66228998452425,True
STACK,q14_5dbc1d1f,7,2.66228998452425,2.66228998452425,True
STACK,q14_5dbc1d1f,6,2.66228998452425,2.66228998452425,True
STACK,q14_5dbc1d1f,5,2.66228998452425,2.66228998452425,True
STACK,q14_5dbc1d1f,4,2.66228998452425,2.66228998452425,True
STACK,q14_5dbc1d1f,3,2.66228998452425,2.66228998452425,True
STACK,q14_5dbc1d1f,2,2.66228998452425,2.66228998452425,True
STACK,q14_5dbc1d1f,1,2.66228998452425,2.66228998452425,True
STACK,q14_5dbc1d1f,0,2.66228998452425,2.66228998452425,True
STACK,q14_5e4835cd,63,0.11591759324073792,0.11591759324073792,True
STACK,q14_5e4835cd,62,0.11591759324073792,0.11591759324073792,True
STACK,q14_5e4835cd,61,0.11591759324073792,0.11591759324073792,True
STACK,q14_5e4835cd,60,0.11591759324073792,0.11591759324073792,True
STACK,q14_5e4835cd,59,0.11591759324073792,0.11591759324073792,True
STACK,q14_5e4835cd,58,0.11591759324073792,0.11591759324073792,True
STACK,q14_5e4835cd,57,0.11591759324073792,0.11591759324073792,True
STACK,q14_5e4835cd,56,0.11591759324073792,0.11591759324073792,True
STACK,q14_5e4835cd,55,0.11591759324073792,0.11591759324073792,True
STACK,q14_5e4835cd,54,0.11591759324073792,0.11591759324073792,True
STACK,q14_5e4835cd,53,0.11591759324073792,0.11591759324073792,True
STACK,q14_5e4835cd,52,0.11591759324073792,0.11591759324073792,True
STACK,q14_5e4835cd,51,0.11591759324073792,0.11591759324073792,True
STACK,q14_5e4835cd,50,0.11591759324073792,0.11591759324073792,True
STACK,q14_5e4835cd,49,0.11591759324073792,0.11591759324073792,True
STACK,q14_5e4835cd,48,0.11591759324073792,0.11591759324073792,True
STACK,q14_5e4835cd,47,0.11591759324073792,0.11591759324073792,True
STACK,q14_5e4835cd,46,0.11591759324073792,0.11591759324073792,True
STACK,q14_5e4835cd,45,0.11591759324073792,0.11591759324073792,True
STACK,q14_5e4835cd,44,0.11591759324073792,0.11591759324073792,True
STACK,q14_5e4835cd,43,0.11591759324073792,0.11591759324073792,True
STACK,q14_5e4835cd,42,0.11591759324073792,0.11591759324073792,True
STACK,q14_5e4835cd,41,0.11591759324073792,0.11591759324073792,True
STACK,q14_5e4835cd,40,0.11591759324073792,0.11591759324073792,True
STACK,q14_5e4835cd,39,0.11591759324073792,0.11591759324073792,True
STACK,q14_5e4835cd,38,0.11591759324073792,0.11591759324073792,True
STACK,q14_5e4835cd,37,0.11591759324073792,0.11591759324073792,True
STACK,q14_5e4835cd,36,0.11591759324073792,0.11591759324073792,True
STACK,q14_5e4835cd,35,0.11591759324073792,0.11591759324073792,True
STACK,q14_5e4835cd,34,0.11591759324073792,0.11591759324073792,True
STACK,q14_5e4835cd,33,0.11591759324073792,0.11591759324073792,True
STACK,q14_5e4835cd,32,0.11591759324073792,0.11591759324073792,True
STACK,q14_5e4835cd,31,0.11591759324073792,0.11591759324073792,True
STACK,q14_5e4835cd,30,0.11591759324073792,0.11591759324073792,True
STACK,q14_5e4835cd,29,0.11591759324073792,0.11591759324073792,True
STACK,q14_5e4835cd,28,0.11591759324073792,0.11591759324073792,True
STACK,q14_5e4835cd,27,0.11591759324073792,0.11591759324073792,True
STACK,q14_5e4835cd,26,0.11591759324073792,0.11591759324073792,True
STACK,q14_5e4835cd,25,0.11591759324073792,0.11591759324073792,True
STACK,q14_5e4835cd,24,0.11591759324073792,0.11591759324073792,True
STACK,q14_5e4835cd,23,0.11591759324073792,0.11591759324073792,True
STACK,q14_5e4835cd,22,0.11591759324073792,0.11591759324073792,True
STACK,q14_5e4835cd,21,0.11591759324073792,0.11591759324073792,True
STACK,q14_5e4835cd,20,0.11591759324073792,0.11591759324073792,True
STACK,q14_5e4835cd,19,0.11591759324073792,0.11591759324073792,True
STACK,q14_5e4835cd,18,0.11591759324073792,0.11591759324073792,True
STACK,q14_5e4835cd,17,0.11591759324073792,0.11591759324073792,True
STACK,q14_5e4835cd,16,0.11591759324073792,0.11591759324073792,True
STACK,q14_5e4835cd,15,0.11591759324073792,0.11591759324073792,True
STACK,q14_5e4835cd,14,0.11591759324073792,0.11591759324073792,True
STACK,q14_5e4835cd,13,0.11591759324073792,0.1126357689499855,False
STACK,q14_5e4835cd,12,0.1126357689499855,0.1125098243355751,False
STACK,q14_5e4835cd,11,0.1125098243355751,0.1125098243355751,True
STACK,q14_5e4835cd,10,0.1125098243355751,0.1125098243355751,True
STACK,q14_5e4835cd,9,0.1125098243355751,0.1125098243355751,True
STACK,q14_5e4835cd,8,0.1125098243355751,0.1125098243355751,True
STACK,q14_5e4835cd,7,0.1125098243355751,0.1125098243355751,True
STACK,q14_5e4835cd,6,0.1125098243355751,0.1125098243355751,True
STACK,q14_5e4835cd,5,0.1125098243355751,0.1125098243355751,True
STACK,q14_5e4835cd,4,0.1125098243355751,0.1125098243355751,True
STACK,q14_5e4835cd,3,0.1125098243355751,0.1125098243355751,True
STACK,q14_5e4835cd,2,0.1125098243355751,0.1125098243355751,True
STACK,q14_5e4835cd,1,0.1125098243355751,0.1125098243355751,True
STACK,q14_5e4835cd,0,0.1125098243355751,0.1125098243355751,True
STACK,q14_63c0776f,63,0.0604545995593071,0.0604545995593071,True
STACK,q14_63c0776f,62,0.0604545995593071,0.0604545995593071,True
STACK,q14_63c0776f,61,0.0604545995593071,0.0604545995593071,True
STACK,q14_63c0776f,60,0.0604545995593071,0.0604545995593071,True
STACK,q14_63c0776f,59,0.0604545995593071,0.0604545995593071,True
STACK,q14_63c0776f,58,0.0604545995593071,0.0604545995593071,True
STACK,q14_63c0776f,57,0.0604545995593071,0.0604545995593071,True
STACK,q14_63c0776f,56,0.0604545995593071,0.0604545995593071,True
STACK,q14_63c0776f,55,0.0604545995593071,0.0604545995593071,True
STACK,q14_63c0776f,54,0.0604545995593071,0.0604545995593071,True
STACK,q14_63c0776f,53,0.0604545995593071,0.0604545995593071,True
STACK,q14_63c0776f,52,0.0604545995593071,0.0604545995593071,True
STACK,q14_63c0776f,51,0.0604545995593071,0.0604545995593071,True
STACK,q14_63c0776f,50,0.0604545995593071,0.0604545995593071,True
STACK,q14_63c0776f,49,0.0604545995593071,0.0604545995593071,True
STACK,q14_63c0776f,48,0.0604545995593071,0.0604545995593071,True
STACK,q14_63c0776f,47,0.0604545995593071,0.0604545995593071,True
STACK,q14_63c0776f,46,0.0604545995593071,0.0604693740606308,False
STACK,q14_63c0776f,45,0.0604545995593071,0.058234840631484985,False
STACK,q14_63c0776f,44,0.058234840631484985,0.058234840631484985,True
STACK,q14_63c0776f,43,0.058234840631484985,0.058234840631484985,True
STACK,q14_63c0776f,42,0.058234840631484985,0.058234840631484985,True
STACK,q14_63c0776f,41,0.058234840631484985,0.05537576973438263,False
STACK,q14_63c0776f,40,0.05537576973438263,0.05537576973438263,True
STACK,q14_63c0776f,39,0.05537576973438263,0.05537576973438263,True
STACK,q14_63c0776f,38,0.05537576973438263,0.05537576973438263,True
STACK,q14_63c0776f,37,0.05537576973438263,0.05537576973438263,True
STACK,q14_63c0776f,36,0.05537576973438263,0.05537576973438263,True
STACK,q14_63c0776f,35,0.05537576973438263,0.05537576973438263,True
STACK,q14_63c0776f,34,0.05537576973438263,0.05537576973438263,True
STACK,q14_63c0776f,33,0.05537576973438263,0.05537576973438263,True
STACK,q14_63c0776f,32,0.05537576973438263,0.05537576973438263,True
STACK,q14_63c0776f,31,0.05537576973438263,0.05537576973438263,True
STACK,q14_63c0776f,30,0.05537576973438263,0.05537576973438263,True
STACK,q14_63c0776f,29,0.05537576973438263,0.05537576973438263,True
STACK,q14_63c0776f,28,0.05537576973438263,0.05537576973438263,True
STACK,q14_63c0776f,27,0.05537576973438263,0.05537576973438263,True
STACK,q14_63c0776f,26,0.05537576973438263,0.05537576973438263,True
STACK,q14_63c0776f,25,0.05537576973438263,0.05537576973438263,True
STACK,q14_63c0776f,24,0.05537576973438263,0.05537576973438263,True
STACK,q14_63c0776f,23,0.05537576973438263,0.05537576973438263,True
STACK,q14_63c0776f,22,0.05537576973438263,0.05537576973438263,True
STACK,q14_63c0776f,21,0.05537576973438263,0.05537576973438263,True
STACK,q14_63c0776f,20,0.05537576973438263,0.05537576973438263,True
STACK,q14_63c0776f,19,0.05537576973438263,0.05537576973438263,True
STACK,q14_63c0776f,18,0.05537576973438263,0.05537576973438263,True
STACK,q14_63c0776f,17,0.05537576973438263,0.05537576973438263,True
STACK,q14_63c0776f,16,0.05537576973438263,0.05537576973438263,True
STACK,q14_63c0776f,15,0.05537576973438263,0.05537576973438263,True
STACK,q14_63c0776f,14,0.05537576973438263,0.05537576973438263,True
STACK,q14_63c0776f,13,0.05537576973438263,0.05537576973438263,True
STACK,q14_63c0776f,12,0.05537576973438263,0.05537576973438263,True
STACK,q14_63c0776f,11,0.05537576973438263,0.05537576973438263,True
STACK,q14_63c0776f,10,0.05537576973438263,0.05537576973438263,True
STACK,q14_63c0776f,9,0.05537576973438263,0.05537576973438263,True
STACK,q14_63c0776f,8,0.05537576973438263,0.05537576973438263,True
STACK,q14_63c0776f,7,0.05537576973438263,0.05537576973438263,True
STACK,q14_63c0776f,6,0.05537576973438263,0.05537576973438263,True
STACK,q14_63c0776f,5,0.05537576973438263,0.05537576973438263,True
STACK,q14_63c0776f,4,0.05537576973438263,0.05537576973438263,True
STACK,q14_63c0776f,3,0.05537576973438263,0.05537576973438263,True
STACK,q14_63c0776f,2,0.05537576973438263,0.05537576973438263,True
STACK,q14_63c0776f,1,0.05537576973438263,0.05537576973438263,True
STACK,q14_63c0776f,0,0.05537576973438263,0.05537576973438263,True
STACK,q14_74fd1af6,63,3.4118765220046043,3.4118765220046043,True
STACK,q14_74fd1af6,62,3.4118765220046043,3.4118765220046043,True
STACK,q14_74fd1af6,61,3.4118765220046043,3.4118765220046043,True
STACK,q14_74fd1af6,60,3.4118765220046043,3.4118765220046043,True
STACK,q14_74fd1af6,59,3.4118765220046043,3.4118765220046043,True
STACK,q14_74fd1af6,58,3.4118765220046043,3.4118765220046043,True
STACK,q14_74fd1af6,57,3.4118765220046043,3.4118765220046043,True
STACK,q14_74fd1af6,56,3.4118765220046043,3.4118765220046043,True
STACK,q14_74fd1af6,55,3.4118765220046043,3.4118765220046043,True
STACK,q14_74fd1af6,54,3.4118765220046043,3.4118765220046043,True
STACK,q14_74fd1af6,53,3.4118765220046043,3.4118765220046043,True
STACK,q14_74fd1af6,52,3.4118765220046043,3.4118765220046043,True
STACK,q14_74fd1af6,51,3.4118765220046043,3.4118765220046043,True
STACK,q14_74fd1af6,50,3.4118765220046043,3.4118765220046043,True
STACK,q14_74fd1af6,49,3.4118765220046043,3.4118765220046043,True
STACK,q14_74fd1af6,48,3.4118765220046043,3.4118765220046043,True
STACK,q14_74fd1af6,47,3.4118765220046043,3.4118765220046043,True
STACK,q14_74fd1af6,46,3.4118765220046043,3.4118765220046043,True
STACK,q14_74fd1af6,45,3.4118765220046043,3.4118765220046043,True
STACK,q14_74fd1af6,44,3.4118765220046043,3.4118765220046043,True
STACK,q14_74fd1af6,43,3.4118765220046043,3.4118765220046043,True
STACK,q14_74fd1af6,42,3.4118765220046043,3.4118765220046043,True
STACK,q14_74fd1af6,41,3.4118765220046043,3.4118765220046043,True
STACK,q14_74fd1af6,40,3.4118765220046043,3.4118765220046043,True
STACK,q14_74fd1af6,39,3.4118765220046043,3.4118765220046043,True
STACK,q14_74fd1af6,38,3.4118765220046043,3.4118765220046043,True
STACK,q14_74fd1af6,37,3.4118765220046043,3.4118765220046043,True
STACK,q14_74fd1af6,36,3.4118765220046043,3.4118765220046043,True
STACK,q14_74fd1af6,35,3.4118765220046043,3.4118765220046043,True
STACK,q14_74fd1af6,34,3.4118765220046043,3.4118765220046043,True
STACK,q14_74fd1af6,33,3.4118765220046043,3.4118765220046043,True
STACK,q14_74fd1af6,32,3.4118765220046043,3.4118765220046043,True
STACK,q14_74fd1af6,31,3.4118765220046043,3.4118765220046043,True
STACK,q14_74fd1af6,30,3.4118765220046043,3.4118765220046043,True
STACK,q14_74fd1af6,29,3.4118765220046043,3.4118765220046043,True
STACK,q14_74fd1af6,28,3.4118765220046043,3.4118765220046043,True
STACK,q14_74fd1af6,27,3.4118765220046043,3.4118765220046043,True
STACK,q14_74fd1af6,26,3.4118765220046043,3.4118765220046043,True
STACK,q14_74fd1af6,25,3.4118765220046043,3.4118765220046043,True
STACK,q14_74fd1af6,24,3.4118765220046043,3.4118765220046043,True
STACK,q14_74fd1af6,23,3.4118765220046043,3.4118765220046043,True
STACK,q14_74fd1af6,22,3.4118765220046043,3.4118765220046043,True
STACK,q14_74fd1af6,21,3.4118765220046043,3.4118765220046043,True
STACK,q14_74fd1af6,20,3.4118765220046043,3.4118765220046043,True
STACK,q14_74fd1af6,19,3.4118765220046043,3.4118765220046043,True
STACK,q14_74fd1af6,18,3.4118765220046043,3.4118765220046043,True
STACK,q14_74fd1af6,17,3.4118765220046043,3.4118765220046043,True
STACK,q14_74fd1af6,16,3.4118765220046043,3.4118765220046043,True
STACK,q14_74fd1af6,15,3.4118765220046043,3.4118765220046043,True
STACK,q14_74fd1af6,14,3.4118765220046043,3.4118765220046043,True
STACK,q14_74fd1af6,13,3.4118765220046043,3.4118765220046043,True
STACK,q14_74fd1af6,12,3.4118765220046043,3.4118765220046043,True
STACK,q14_74fd1af6,11,3.4118765220046043,3.4118765220046043,True
STACK,q14_74fd1af6,10,3.4118765220046043,3.4118765220046043,True
STACK,q14_74fd1af6,9,3.4118765220046043,3.4118765220046043,True
STACK,q14_74fd1af6,8,3.4118765220046043,3.4118765220046043,True
STACK,q14_74fd1af6,7,3.4118765220046043,3.4118765220046043,True
STACK,q14_74fd1af6,6,3.4118765220046043,3.4118765220046043,True
STACK,q14_74fd1af6,5,3.4118765220046043,3.4118765220046043,True
STACK,q14_74fd1af6,4,3.4118765220046043,3.4118765220046043,True
STACK,q14_74fd1af6,3,3.4118765220046043,3.4118765220046043,True
STACK,q14_74fd1af6,2,3.4118765220046043,3.4118765220046043,True
STACK,q14_74fd1af6,1,3.4118765220046043,3.4118765220046043,True
STACK,q14_74fd1af6,0,3.4118765220046043,3.4118765220046043,True
STACK,q14_97e68ad5,63,4.56596464663744,4.56596464663744,True
STACK,q14_97e68ad5,62,4.56596464663744,4.56596464663744,True
STACK,q14_97e68ad5,61,4.56596464663744,4.56596464663744,True
STACK,q14_97e68ad5,60,4.56596464663744,4.56596464663744,True
STACK,q14_97e68ad5,59,4.56596464663744,4.56596464663744,True
STACK,q14_97e68ad5,58,4.56596464663744,4.56596464663744,True
STACK,q14_97e68ad5,57,4.56596464663744,4.56596464663744,True
STACK,q14_97e68ad5,56,4.56596464663744,4.56596464663744,True
STACK,q14_97e68ad5,55,4.56596464663744,4.56596464663744,True
STACK,q14_97e68ad5,54,4.56596464663744,4.56596464663744,True
STACK,q14_97e68ad5,53,4.56596464663744,4.56596464663744,True
STACK,q14_97e68ad5,52,4.56596464663744,4.56596464663744,True
STACK,q14_97e68ad5,51,4.56596464663744,4.56596464663744,True
STACK,q14_97e68ad5,50,4.56596464663744,4.56596464663744,True
STACK,q14_97e68ad5,49,4.56596464663744,4.56596464663744,True
STACK,q14_97e68ad5,48,4.56596464663744,4.56596464663744,True
STACK,q14_97e68ad5,47,4.56596464663744,4.56596464663744,True
STACK,q14_97e68ad5,46,4.56596464663744,4.56596464663744,True
STACK,q14_97e68ad5,45,4.56596464663744,4.56596464663744,True
STACK,q14_97e68ad5,44,4.56596464663744,4.56596464663744,True
STACK,q14_97e68ad5,43,4.56596464663744,4.56596464663744,True
STACK,q14_97e68ad5,42,4.56596464663744,4.56596464663744,True
STACK,q14_97e68ad5,41,4.56596464663744,4.56596464663744,True
STACK,q14_97e68ad5,40,4.56596464663744,4.56596464663744,True
STACK,q14_97e68ad5,39,4.56596464663744,4.56596464663744,True
STACK,q14_97e68ad5,38,4.56596464663744,4.56596464663744,True
STACK,q14_97e68ad5,37,4.56596464663744,4.56596464663744,True
STACK,q14_97e68ad5,36,4.56596464663744,4.56596464663744,True
STACK,q14_97e68ad5,35,4.56596464663744,4.56596464663744,True
STACK,q14_97e68ad5,34,4.56596464663744,4.56596464663744,True
STACK,q14_97e68ad5,33,4.56596464663744,4.56596464663744,True
STACK,q14_97e68ad5,32,4.56596464663744,4.56596464663744,True
STACK,q14_97e68ad5,31,4.56596464663744,4.56596464663744,True
STACK,q14_97e68ad5,30,4.56596464663744,4.56596464663744,True
STACK,q14_97e68ad5,29,4.56596464663744,4.56596464663744,True
STACK,q14_97e68ad5,28,4.56596464663744,4.56596464663744,True
STACK,q14_97e68ad5,27,4.56596464663744,4.56596464663744,True
STACK,q14_97e68ad5,26,4.56596464663744,4.56596464663744,True
STACK,q14_97e68ad5,25,4.56596464663744,4.56596464663744,True
STACK,q14_97e68ad5,24,4.56596464663744,4.56596464663744,True
STACK,q14_97e68ad5,23,4.56596464663744,4.56596464663744,True
STACK,q14_97e68ad5,22,4.56596464663744,4.56596464663744,True
STACK,q14_97e68ad5,21,4.56596464663744,4.56596464663744,True
STACK,q14_97e68ad5,20,4.56596464663744,4.56596464663744,True
STACK,q14_97e68ad5,19,4.56596464663744,4.56596464663744,True
STACK,q14_97e68ad5,18,4.56596464663744,4.56596464663744,True
STACK,q14_97e68ad5,17,4.56596464663744,4.56596464663744,True
STACK,q14_97e68ad5,16,4.56596464663744,4.56596464663744,True
STACK,q14_97e68ad5,15,4.56596464663744,4.56596464663744,True
STACK,q14_97e68ad5,14,4.56596464663744,4.56596464663744,True
STACK,q14_97e68ad5,13,4.56596464663744,4.56596464663744,True
STACK,q14_97e68ad5,12,4.56596464663744,4.56596464663744,True
STACK,q14_97e68ad5,11,4.56596464663744,4.56596464663744,True
STACK,q14_97e68ad5,10,4.56596464663744,4.56596464663744,True
STACK,q14_97e68ad5,9,4.56596464663744,4.56596464663744,True
STACK,q14_97e68ad5,8,4.56596464663744,4.56596464663744,True
STACK,q14_97e68ad5,7,4.56596464663744,4.56596464663744,True
STACK,q14_97e68ad5,6,4.56596464663744,4.56596464663744,True
STACK,q14_97e68ad5,5,4.56596464663744,4.56596464663744,True
STACK,q14_97e68ad5,4,4.56596464663744,4.56596464663744,True
STACK,q14_97e68ad5,3,4.56596464663744,4.56596464663744,True
STACK,q14_97e68ad5,2,4.56596464663744,4.56596464663744,True
STACK,q14_97e68ad5,1,4.56596464663744,4.56596464663744,True
STACK,q14_97e68ad5,0,4.56596464663744,4.56596464663744,True
STACK,q14_719e692d,63,0.36679495871067047,0.36679495871067047,True
STACK,q14_719e692d,62,0.36679495871067047,0.36679495871067047,True
STACK,q14_719e692d,61,0.36679495871067047,0.36679495871067047,True
STACK,q14_719e692d,60,0.36679495871067047,0.36679495871067047,True
STACK,q14_719e692d,59,0.36679495871067047,0.36679495871067047,True
STACK,q14_719e692d,58,0.36679495871067047,0.36679495871067047,True
STACK,q14_719e692d,57,0.36679495871067047,0.36679495871067047,True
STACK,q14_719e692d,56,0.36679495871067047,0.36679495871067047,True
STACK,q14_719e692d,55,0.36679495871067047,0.36679495871067047,True
STACK,q14_719e692d,54,0.36679495871067047,0.36679495871067047,True
STACK,q14_719e692d,53,0.36679495871067047,0.36679495871067047,True
STACK,q14_719e692d,52,0.36679495871067047,0.36679495871067047,True
STACK,q14_719e692d,51,0.36679495871067047,0.36679495871067047,True
STACK,q14_719e692d,50,0.36679495871067047,0.36679495871067047,True
STACK,q14_719e692d,49,0.36679495871067047,0.36679495871067047,True
STACK,q14_719e692d,48,0.36679495871067047,0.36679495871067047,True
STACK,q14_719e692d,47,0.36679495871067047,0.36679495871067047,True
STACK,q14_719e692d,46,0.36679495871067047,0.36679495871067047,True
STACK,q14_719e692d,45,0.36679495871067047,0.36679495871067047,True
STACK,q14_719e692d,44,0.36679495871067047,0.36679495871067047,True
STACK,q14_719e692d,43,0.36679495871067047,0.36679495871067047,True
STACK,q14_719e692d,42,0.36679495871067047,0.36679495871067047,True
STACK,q14_719e692d,41,0.36679495871067047,0.36679495871067047,True
STACK,q14_719e692d,40,0.36679495871067047,0.36679495871067047,True
STACK,q14_719e692d,39,0.36679495871067047,0.36679495871067047,True
STACK,q14_719e692d,38,0.36679495871067047,0.36679495871067047,True
STACK,q14_719e692d,37,0.36679495871067047,0.36679495871067047,True
STACK,q14_719e692d,36,0.36679495871067047,0.36679495871067047,True
STACK,q14_719e692d,35,0.36679495871067047,0.36679495871067047,True
STACK,q14_719e692d,34,0.36679495871067047,0.36679495871067047,True
STACK,q14_719e692d,33,0.36679495871067047,0.36679495871067047,True
STACK,q14_719e692d,32,0.36679495871067047,0.36679495871067047,True
STACK,q14_719e692d,31,0.36679495871067047,0.36679495871067047,True
STACK,q14_719e692d,30,0.36679495871067047,0.36679495871067047,True
STACK,q14_719e692d,29,0.36679495871067047,0.36679495871067047,True
STACK,q14_719e692d,28,0.36679495871067047,0.36679495871067047,True
STACK,q14_719e692d,27,0.36679495871067047,0.36679495871067047,True
STACK,q14_719e692d,26,0.36679495871067047,0.36679495871067047,True
STACK,q14_719e692d,25,0.36679495871067047,0.36679495871067047,True
STACK,q14_719e692d,24,0.36679495871067047,0.36679495871067047,True
STACK,q14_719e692d,23,0.36679495871067047,0.36679495871067047,True
STACK,q14_719e692d,22,0.36679495871067047,0.36679495871067047,True
STACK,q14_719e692d,21,0.36679495871067047,0.36679495871067047,True
STACK,q14_719e692d,20,0.36679495871067047,0.36679495871067047,True
STACK,q14_719e692d,19,0.36679495871067047,0.36679495871067047,True
STACK,q14_719e692d,18,0.36679495871067047,0.36679495871067047,True
STACK,q14_719e692d,17,0.36679495871067047,0.36679495871067047,True
STACK,q14_719e692d,16,0.36679495871067047,0.36679495871067047,True
STACK,q14_719e692d,15,0.36679495871067047,0.36679495871067047,True
STACK,q14_719e692d,14,0.36679495871067047,0.36679495871067047,True
STACK,q14_719e692d,13,0.36679495871067047,0.36679495871067047,True
STACK,q14_719e692d,12,0.36679495871067047,0.36679495871067047,True
STACK,q14_719e692d,11,0.36679495871067047,0.36679495871067047,True
STACK,q14_719e692d,10,0.36679495871067047,0.36679495871067047,True
STACK,q14_719e692d,9,0.36679495871067047,0.36679495871067047,True
STACK,q14_719e692d,8,0.36679495871067047,0.36679495871067047,True
STACK,q14_719e692d,7,0.36679495871067047,0.36679495871067047,True
STACK,q14_719e692d,6,0.36679495871067047,0.36679495871067047,True
STACK,q14_719e692d,5,0.36679495871067047,0.36679495871067047,True
STACK,q14_719e692d,4,0.36679495871067047,0.36679495871067047,True
STACK,q14_719e692d,3,0.36679495871067047,0.36679495871067047,True
STACK,q14_719e692d,2,0.36679495871067047,0.36679495871067047,True
STACK,q14_719e692d,1,0.36679495871067047,0.36679495871067047,True
STACK,q14_719e692d,0,0.36679495871067047,0.36679495871067047,True
STACK,q14_4063b6cb,63,0.3713627830147743,0.3713627830147743,True
STACK,q14_4063b6cb,62,0.3713627830147743,0.3713627830147743,True
STACK,q14_4063b6cb,61,0.3713627830147743,0.3713627830147743,True
STACK,q14_4063b6cb,60,0.3713627830147743,0.3713627830147743,True
STACK,q14_4063b6cb,59,0.3713627830147743,0.3713627830147743,True
STACK,q14_4063b6cb,58,0.3713627830147743,0.3713627830147743,True
STACK,q14_4063b6cb,57,0.3713627830147743,0.3713627830147743,True
STACK,q14_4063b6cb,56,0.3713627830147743,0.3713627830147743,True
STACK,q14_4063b6cb,55,0.3713627830147743,0.3713627830147743,True
STACK,q14_4063b6cb,54,0.3713627830147743,0.3713627830147743,True
STACK,q14_4063b6cb,53,0.3713627830147743,0.3713627830147743,True
STACK,q14_4063b6cb,52,0.3713627830147743,0.3713627830147743,True
STACK,q14_4063b6cb,51,0.3713627830147743,0.3713627830147743,True
STACK,q14_4063b6cb,50,0.3713627830147743,0.3713627830147743,True
STACK,q14_4063b6cb,49,0.3713627830147743,0.3713627830147743,True
STACK,q14_4063b6cb,48,0.3713627830147743,0.3713627830147743,True
STACK,q14_4063b6cb,47,0.3713627830147743,0.3713627830147743,True
STACK,q14_4063b6cb,46,0.3713627830147743,0.3713627830147743,True
STACK,q14_4063b6cb,45,0.3713627830147743,0.3713627830147743,True
STACK,q14_4063b6cb,44,0.3713627830147743,0.3713627830147743,True
STACK,q14_4063b6cb,43,0.3713627830147743,0.3713627830147743,True
STACK,q14_4063b6cb,42,0.3713627830147743,0.3713627830147743,True
STACK,q14_4063b6cb,41,0.3713627830147743,0.3713627830147743,True
STACK,q14_4063b6cb,40,0.3713627830147743,0.3713627830147743,True
STACK,q14_4063b6cb,39,0.3713627830147743,0.3713627830147743,True
STACK,q14_4063b6cb,38,0.3713627830147743,0.3713627830147743,True
STACK,q14_4063b6cb,37,0.3713627830147743,0.3713627830147743,True
STACK,q14_4063b6cb,36,0.3713627830147743,0.3713627830147743,True
STACK,q14_4063b6cb,35,0.3713627830147743,0.3713627830147743,True
STACK,q14_4063b6cb,34,0.3713627830147743,0.3713627830147743,True
STACK,q14_4063b6cb,33,0.3713627830147743,0.3713627830147743,True
STACK,q14_4063b6cb,32,0.3713627830147743,0.3713627830147743,True
STACK,q14_4063b6cb,31,0.3713627830147743,0.3713627830147743,True
STACK,q14_4063b6cb,30,0.3713627830147743,0.3713627830147743,True
STACK,q14_4063b6cb,29,0.3713627830147743,0.3713627830147743,True
STACK,q14_4063b6cb,28,0.3713627830147743,0.3713627830147743,True
STACK,q14_4063b6cb,27,0.3713627830147743,0.3713627830147743,True
STACK,q14_4063b6cb,26,0.3713627830147743,0.3713627830147743,True
STACK,q14_4063b6cb,25,0.3713627830147743,0.3713627830147743,True
STACK,q14_4063b6cb,24,0.3713627830147743,0.3713627830147743,True
STACK,q14_4063b6cb,23,0.3713627830147743,0.3713627830147743,True
STACK,q14_4063b6cb,22,0.3713627830147743,0.3713627830147743,True
STACK,q14_4063b6cb,21,0.3713627830147743,0.3713627830147743,True
STACK,q14_4063b6cb,20,0.3713627830147743,0.3713627830147743,True
STACK,q14_4063b6cb,19,0.3713627830147743,0.3713627830147743,True
STACK,q14_4063b6cb,18,0.3713627830147743,0.3713627830147743,True
STACK,q14_4063b6cb,17,0.3713627830147743,0.3713627830147743,True
STACK,q14_4063b6cb,16,0.3713627830147743,0.3713627830147743,True
STACK,q14_4063b6cb,15,0.3713627830147743,0.37199322134256363,False
STACK,q14_4063b6cb,14,0.3713627830147743,0.3713627830147743,True
STACK,q14_4063b6cb,13,0.3713627830147743,0.3672378957271576,False
STACK,q14_4063b6cb,12,0.3672378957271576,0.3678540959954262,False
STACK,q14_4063b6cb,11,0.3672378957271576,0.3672378957271576,True
STACK,q14_4063b6cb,10,0.3672378957271576,0.3672378957271576,True
STACK,q14_4063b6cb,9,0.3672378957271576,0.3672378957271576,True
STACK,q14_4063b6cb,8,0.3672378957271576,0.3672378957271576,True
STACK,q14_4063b6cb,7,0.3672378957271576,0.3672378957271576,True
STACK,q14_4063b6cb,6,0.3672378957271576,0.3672378957271576,True
STACK,q14_4063b6cb,5,0.3672378957271576,0.3672378957271576,True
STACK,q14_4063b6cb,4,0.3672378957271576,0.3672378957271576,True
STACK,q14_4063b6cb,3,0.3672378957271576,0.3672378957271576,True
STACK,q14_4063b6cb,2,0.3672378957271576,0.3672378957271576,True
STACK,q14_4063b6cb,1,0.3672378957271576,0.3672378957271576,True
STACK,q14_4063b6cb,0,0.3672378957271576,0.3672378957271576,True
STACK,q14_b49361f8,63,0.12402874231338501,0.12402874231338501,True
STACK,q14_b49361f8,62,0.12402874231338501,0.12402874231338501,True
STACK,q14_b49361f8,61,0.12402874231338501,0.12402874231338501,True
STACK,q14_b49361f8,60,0.12402874231338501,0.12402874231338501,True
STACK,q14_b49361f8,59,0.12402874231338501,0.12402874231338501,True
STACK,q14_b49361f8,58,0.12402874231338501,0.12402874231338501,True
STACK,q14_b49361f8,57,0.12402874231338501,0.12402874231338501,True
STACK,q14_b49361f8,56,0.12402874231338501,0.12402874231338501,True
STACK,q14_b49361f8,55,0.12402874231338501,0.12402874231338501,True
STACK,q14_b49361f8,54,0.12402874231338501,0.12402874231338501,True
STACK,q14_b49361f8,53,0.12402874231338501,0.12402874231338501,True
STACK,q14_b49361f8,52,0.12402874231338501,0.12402874231338501,True
STACK,q14_b49361f8,51,0.12402874231338501,0.12402874231338501,True
STACK,q14_b49361f8,50,0.12402874231338501,0.12402874231338501,True
STACK,q14_b49361f8,49,0.12402874231338501,0.12402874231338501,True
STACK,q14_b49361f8,48,0.12402874231338501,0.12402874231338501,True
STACK,q14_b49361f8,47,0.12402874231338501,0.12402874231338501,True
STACK,q14_b49361f8,46,0.12402874231338501,0.12402874231338501,True
STACK,q14_b49361f8,45,0.12402874231338501,0.12402874231338501,True
STACK,q14_b49361f8,44,0.12402874231338501,0.12402874231338501,True
STACK,q14_b49361f8,43,0.12402874231338501,0.12402874231338501,True
STACK,q14_b49361f8,42,0.12402874231338501,0.12402874231338501,True
STACK,q14_b49361f8,41,0.12402874231338501,0.12402874231338501,True
STACK,q14_b49361f8,40,0.12402874231338501,0.12402874231338501,True
STACK,q14_b49361f8,39,0.12402874231338501,0.12402874231338501,True
STACK,q14_b49361f8,38,0.12402874231338501,0.12402874231338501,True
STACK,q14_b49361f8,37,0.12402874231338501,0.12402874231338501,True
STACK,q14_b49361f8,36,0.12402874231338501,0.12402874231338501,True
STACK,q14_b49361f8,35,0.12402874231338501,0.12402874231338501,True
STACK,q14_b49361f8,34,0.12402874231338501,0.12402874231338501,True
STACK,q14_b49361f8,33,0.12402874231338501,0.12402874231338501,True
STACK,q14_b49361f8,32,0.12402874231338501,0.12402874231338501,True
STACK,q14_b49361f8,31,0.12402874231338501,0.12402874231338501,True
STACK,q14_b49361f8,30,0.12402874231338501,0.12402874231338501,True
STACK,q14_b49361f8,29,0.12402874231338501,0.12402874231338501,True
STACK,q14_b49361f8,28,0.12402874231338501,0.12402874231338501,True
STACK,q14_b49361f8,27,0.12402874231338501,0.12402874231338501,True
STACK,q14_b49361f8,26,0.12402874231338501,0.12402874231338501,True
STACK,q14_b49361f8,25,0.12402874231338501,0.12402874231338501,True
STACK,q14_b49361f8,24,0.12402874231338501,0.12402874231338501,True
STACK,q14_b49361f8,23,0.12402874231338501,0.12402874231338501,True
STACK,q14_b49361f8,22,0.12402874231338501,0.12402874231338501,True
STACK,q14_b49361f8,21,0.12402874231338501,0.12402874231338501,True
STACK,q14_b49361f8,20,0.12402874231338501,0.12402874231338501,True
STACK,q14_b49361f8,19,0.12402874231338501,0.12402874231338501,True
STACK,q14_b49361f8,18,0.12402874231338501,0.12402874231338501,True
STACK,q14_b49361f8,17,0.12402874231338501,0.12402874231338501,True
STACK,q14_b49361f8,16,0.12402874231338501,0.12402874231338501,True
STACK,q14_b49361f8,15,0.12402874231338501,0.12402874231338501,True
STACK,q14_b49361f8,14,0.12402874231338501,0.12402874231338501,True
STACK,q14_b49361f8,13,0.12402874231338501,0.12402874231338501,True
STACK,q14_b49361f8,12,0.12402874231338501,0.12396857887506485,False
STACK,q14_b49361f8,11,0.12396857887506485,0.12396857887506485,True
STACK,q14_b49361f8,10,0.12396857887506485,0.12396857887506485,True
STACK,q14_b49361f8,9,0.12396857887506485,0.12396857887506485,True
STACK,q14_b49361f8,8,0.12396857887506485,0.12396857887506485,True
STACK,q14_b49361f8,7,0.12396857887506485,0.12396857887506485,True
STACK,q14_b49361f8,6,0.12396857887506485,0.12396857887506485,True
STACK,q14_b49361f8,5,0.12396857887506485,0.12396857887506485,True
STACK,q14_b49361f8,4,0.12396857887506485,0.12396857887506485,True
STACK,q14_b49361f8,3,0.12396857887506485,0.12396857887506485,True
STACK,q14_b49361f8,2,0.12396857887506485,0.12396857887506485,True
STACK,q14_b49361f8,1,0.12396857887506485,0.12396857887506485,True
STACK,q14_b49361f8,0,0.12396857887506485,0.12396857887506485,True
STACK,q15_3e37e626,63,0.12610280513763428,0.12610280513763428,True
STACK,q15_3e37e626,62,0.12610280513763428,0.12610280513763428,True
STACK,q15_3e37e626,61,0.12610280513763428,0.12610280513763428,True
STACK,q15_3e37e626,60,0.12610280513763428,0.12610280513763428,True
STACK,q15_3e37e626,59,0.12610280513763428,0.12610280513763428,True
STACK,q15_3e37e626,58,0.12610280513763428,0.12610280513763428,True
STACK,q15_3e37e626,57,0.12610280513763428,0.12610280513763428,True
STACK,q15_3e37e626,56,0.12610280513763428,0.12610280513763428,True
STACK,q15_3e37e626,55,0.12610280513763428,0.12610280513763428,True
STACK,q15_3e37e626,54,0.12610280513763428,0.12610280513763428,True
STACK,q15_3e37e626,53,0.12610280513763428,0.12610280513763428,True
STACK,q15_3e37e626,52,0.12610280513763428,0.12610280513763428,True
STACK,q15_3e37e626,51,0.12610280513763428,0.12610280513763428,True
STACK,q15_3e37e626,50,0.12610280513763428,0.12610280513763428,True
STACK,q15_3e37e626,49,0.12610280513763428,0.12610280513763428,True
STACK,q15_3e37e626,48,0.12610280513763428,0.12610280513763428,True
STACK,q15_3e37e626,47,0.12610280513763428,0.12610280513763428,True
STACK,q15_3e37e626,46,0.12610280513763428,0.12610280513763428,True
STACK,q15_3e37e626,45,0.12610280513763428,0.1267113760113716,False
STACK,q15_3e37e626,44,0.12610280513763428,0.11913833767175674,False
STACK,q15_3e37e626,43,0.11913833767175674,0.11913833767175674,True
STACK,q15_3e37e626,42,0.11913833767175674,0.11913833767175674,True
STACK,q15_3e37e626,41,0.11913833767175674,0.11913833767175674,True
STACK,q15_3e37e626,40,0.11913833767175674,0.11913833767175674,True
STACK,q15_3e37e626,39,0.11913833767175674,0.11913833767175674,True
STACK,q15_3e37e626,38,0.11913833767175674,0.11913833767175674,True
STACK,q15_3e37e626,37,0.11913833767175674,0.11913833767175674,True
STACK,q15_3e37e626,36,0.11913833767175674,0.11913833767175674,True
STACK,q15_3e37e626,35,0.11913833767175674,0.11913833767175674,True
STACK,q15_3e37e626,34,0.11913833767175674,0.11913833767175674,True
STACK,q15_3e37e626,33,0.11913833767175674,0.11913833767175674,True
STACK,q15_3e37e626,32,0.11913833767175674,0.11913833767175674,True
STACK,q15_3e37e626,31,0.11913833767175674,0.11913833767175674,True
STACK,q15_3e37e626,30,0.11913833767175674,0.11913833767175674,True
STACK,q15_3e37e626,29,0.11913833767175674,0.11913833767175674,True
STACK,q15_3e37e626,28,0.11913833767175674,0.11913833767175674,True
STACK,q15_3e37e626,27,0.11913833767175674,0.11913833767175674,True
STACK,q15_3e37e626,26,0.11913833767175674,0.11913833767175674,True
STACK,q15_3e37e626,25,0.11913833767175674,0.11913833767175674,True
STACK,q15_3e37e626,24,0.11913833767175674,0.11913833767175674,True
STACK,q15_3e37e626,23,0.11913833767175674,0.11913833767175674,True
STACK,q15_3e37e626,22,0.11913833767175674,0.11913833767175674,True
STACK,q15_3e37e626,21,0.11913833767175674,0.11913833767175674,True
STACK,q15_3e37e626,20,0.11913833767175674,0.11913833767175674,True
STACK,q15_3e37e626,19,0.11913833767175674,0.11913833767175674,True
STACK,q15_3e37e626,18,0.11913833767175674,0.11913833767175674,True
STACK,q15_3e37e626,17,0.11913833767175674,0.11913833767175674,True
STACK,q15_3e37e626,16,0.11913833767175674,0.11913833767175674,True
STACK,q15_3e37e626,15,0.11913833767175674,0.11913833767175674,True
STACK,q15_3e37e626,14,0.11913833767175674,0.11913833767175674,True
STACK,q15_3e37e626,13,0.11913833767175674,0.11913833767175674,True
STACK,q15_3e37e626,12,0.11913833767175674,0.11913833767175674,True
STACK,q15_3e37e626,11,0.11913833767175674,0.11913833767175674,True
STACK,q15_3e37e626,10,0.11913833767175674,0.11913833767175674,True
STACK,q15_3e37e626,9,0.11913833767175674,0.11913833767175674,True
STACK,q15_3e37e626,8,0.11913833767175674,0.11913833767175674,True
STACK,q15_3e37e626,7,0.11913833767175674,0.11913833767175674,True
STACK,q15_3e37e626,6,0.11913833767175674,0.11913833767175674,True
STACK,q15_3e37e626,5,0.11913833767175674,0.11913833767175674,True
STACK,q15_3e37e626,4,0.11913833767175674,0.11913833767175674,True
STACK,q15_3e37e626,3,0.11913833767175674,0.11913833767175674,True
STACK,q15_3e37e626,2,0.11913833767175674,0.11913833767175674,True
STACK,q15_3e37e626,1,0.11913833767175674,0.11913833767175674,True
STACK,q15_3e37e626,0,0.11913833767175674,0.11913833767175674,True
STACK,q15_21e4988a,63,0.0858851969242096,0.0858851969242096,True
STACK,q15_21e4988a,62,0.0858851969242096,0.0858851969242096,True
STACK,q15_21e4988a,61,0.0858851969242096,0.0858851969242096,True
STACK,q15_21e4988a,60,0.0858851969242096,0.0858851969242096,True
STACK,q15_21e4988a,59,0.0858851969242096,0.0858851969242096,True
STACK,q15_21e4988a,58,0.0858851969242096,0.0858851969242096,True
STACK,q15_21e4988a,57,0.0858851969242096,0.0858851969242096,True
STACK,q15_21e4988a,56,0.0858851969242096,0.0858851969242096,True
STACK,q15_21e4988a,55,0.0858851969242096,0.0858851969242096,True
STACK,q15_21e4988a,54,0.0858851969242096,0.0858851969242096,True
STACK,q15_21e4988a,53,0.0858851969242096,0.0858851969242096,True
STACK,q15_21e4988a,52,0.0858851969242096,0.0858851969242096,True
STACK,q15_21e4988a,51,0.0858851969242096,0.0858851969242096,True
STACK,q15_21e4988a,50,0.0858851969242096,0.0858851969242096,True
STACK,q15_21e4988a,49,0.0858851969242096,0.0858851969242096,True
STACK,q15_21e4988a,48,0.0858851969242096,0.0858851969242096,True
STACK,q15_21e4988a,47,0.0858851969242096,0.0858851969242096,True
STACK,q15_21e4988a,46,0.0858851969242096,0.0858851969242096,True
STACK,q15_21e4988a,45,0.0858851969242096,0.08510472625494003,False
STACK,q15_21e4988a,44,0.08510472625494003,0.08191687613725662,False
STACK,q15_21e4988a,43,0.08191687613725662,0.08191687613725662,True
STACK,q15_21e4988a,42,0.08191687613725662,0.08191687613725662,True
STACK,q15_21e4988a,41,0.08191687613725662,0.08191687613725662,True
STACK,q15_21e4988a,40,0.08191687613725662,0.08191687613725662,True
STACK,q15_21e4988a,39,0.08191687613725662,0.08191687613725662,True
STACK,q15_21e4988a,38,0.08191687613725662,0.08191687613725662,True
STACK,q15_21e4988a,37,0.08191687613725662,0.08191687613725662,True
STACK,q15_21e4988a,36,0.08191687613725662,0.08191687613725662,True
STACK,q15_21e4988a,35,0.08191687613725662,0.08191687613725662,True
STACK,q15_21e4988a,34,0.08191687613725662,0.08191687613725662,True
STACK,q15_21e4988a,33,0.08191687613725662,0.08191687613725662,True
STACK,q15_21e4988a,32,0.08191687613725662,0.08191687613725662,True
STACK,q15_21e4988a,31,0.08191687613725662,0.08191687613725662,True
STACK,q15_21e4988a,30,0.08191687613725662,0.08191687613725662,True
STACK,q15_21e4988a,29,0.08191687613725662,0.07814326882362366,False
STACK,q15_21e4988a,28,0.07814326882362366,0.07814326882362366,True
STACK,q15_21e4988a,27,0.07814326882362366,0.07814326882362366,True
STACK,q15_21e4988a,26,0.07814326882362366,0.07814326882362366,True
STACK,q15_21e4988a,25,0.07814326882362366,0.07814326882362366,True
STACK,q15_21e4988a,24,0.07814326882362366,0.07814326882362366,True
STACK,q15_21e4988a,23,0.07814326882362366,0.07814326882362366,True
STACK,q15_21e4988a,22,0.07814326882362366,0.07814326882362366,True
STACK,q15_21e4988a,21,0.07814326882362366,0.07814326882362366,True
STACK,q15_21e4988a,20,0.07814326882362366,0.07814326882362366,True
STACK,q15_21e4988a,19,0.07814326882362366,0.07814326882362366,True
STACK,q15_21e4988a,18,0.07814326882362366,0.07814326882362366,True
STACK,q15_21e4988a,17,0.07814326882362366,0.07814326882362366,True
STACK,q15_21e4988a,16,0.07814326882362366,0.07814326882362366,True
STACK,q15_21e4988a,15,0.07814326882362366,0.07814326882362366,True
STACK,q15_21e4988a,14,0.07814326882362366,0.07814326882362366,True
STACK,q15_21e4988a,13,0.07814326882362366,0.07814326882362366,True
STACK,q15_21e4988a,12,0.07814326882362366,0.07785069942474365,False
STACK,q15_21e4988a,11,0.07785069942474365,0.07785069942474365,True
STACK,q15_21e4988a,10,0.07785069942474365,0.07785069942474365,True
STACK,q15_21e4988a,9,0.07785069942474365,0.07785069942474365,True
STACK,q15_21e4988a,8,0.07785069942474365,0.07785069942474365,True
STACK,q15_21e4988a,7,0.07785069942474365,0.07785069942474365,True
STACK,q15_21e4988a,6,0.07785069942474365,0.07785069942474365,True
STACK,q15_21e4988a,5,0.07785069942474365,0.07785069942474365,True
STACK,q15_21e4988a,4,0.07785069942474365,0.07785069942474365,True
STACK,q15_21e4988a,3,0.07785069942474365,0.07785069942474365,True
STACK,q15_21e4988a,2,0.07785069942474365,0.07785069942474365,True
STACK,q15_21e4988a,1,0.07785069942474365,0.07785069942474365,True
STACK,q15_21e4988a,0,0.07785069942474365,0.07785069942474365,True
STACK,q15_543ab3f7,63,0.22521547228097916,0.22521547228097916,True
STACK,q15_543ab3f7,62,0.22521547228097916,0.22521547228097916,True
STACK,q15_543ab3f7,61,0.22521547228097916,0.22521547228097916,True
STACK,q15_543ab3f7,60,0.22521547228097916,0.21917232125997543,False
STACK,q15_543ab3f7,59,0.21917232125997543,0.21917232125997543,True
STACK,q15_543ab3f7,58,0.21917232125997543,0.21917232125997543,True
STACK,q15_543ab3f7,57,0.21917232125997543,0.21917232125997543,True
STACK,q15_543ab3f7,56,0.21917232125997543,0.21917232125997543,True
STACK,q15_543ab3f7,55,0.21917232125997543,0.21917232125997543,True
STACK,q15_543ab3f7,54,0.21917232125997543,0.21917232125997543,True
STACK,q15_543ab3f7,53,0.21917232125997543,0.21917232125997543,True
STACK,q15_543ab3f7,52,0.21917232125997543,0.21917232125997543,True
STACK,q15_543ab3f7,51,0.21917232125997543,0.21917232125997543,True
STACK,q15_543ab3f7,50,0.21917232125997543,0.21917232125997543,True
STACK,q15_543ab3f7,49,0.21917232125997543,0.21917232125997543,True
STACK,q15_543ab3f7,48,0.21917232125997543,0.21917232125997543,True
STACK,q15_543ab3f7,47,0.21917232125997543,0.21917232125997543,True
STACK,q15_543ab3f7,46,0.21917232125997543,0.21502936631441116,False
STACK,q15_543ab3f7,45,0.21502936631441116,0.21502936631441116,True
STACK,q15_543ab3f7,44,0.21502936631441116,0.20844437181949615,False
STACK,q15_543ab3f7,43,0.20844437181949615,0.20844437181949615,True
STACK,q15_543ab3f7,42,0.20844437181949615,0.20844437181949615,True
STACK,q15_543ab3f7,41,0.20844437181949615,0.20844437181949615,True
STACK,q15_543ab3f7,40,0.20844437181949615,0.20844437181949615,True
STACK,q15_543ab3f7,39,0.20844437181949615,0.20844437181949615,True
STACK,q15_543ab3f7,38,0.20844437181949615,0.20844437181949615,True
STACK,q15_543ab3f7,37,0.20844437181949615,0.20844437181949615,True
STACK,q15_543ab3f7,36,0.20844437181949615,0.20844437181949615,True
STACK,q15_543ab3f7,35,0.20844437181949615,0.20844437181949615,True
STACK,q15_543ab3f7,34,0.20844437181949615,0.20844437181949615,True
STACK,q15_543ab3f7,33,0.20844437181949615,0.20844437181949615,True
STACK,q15_543ab3f7,32,0.20844437181949615,0.20844437181949615,True
STACK,q15_543ab3f7,31,0.20844437181949615,0.20844437181949615,True
STACK,q15_543ab3f7,30,0.20844437181949615,0.20844437181949615,True
STACK,q15_543ab3f7,29,0.20844437181949615,0.20844437181949615,True
STACK,q15_543ab3f7,28,0.20844437181949615,0.20844437181949615,True
STACK,q15_543ab3f7,27,0.20844437181949615,0.20844437181949615,True
STACK,q15_543ab3f7,26,0.20844437181949615,0.20844437181949615,True
STACK,q15_543ab3f7,25,0.20844437181949615,0.20844437181949615,True
STACK,q15_543ab3f7,24,0.20844437181949615,0.20844437181949615,True
STACK,q15_543ab3f7,23,0.20844437181949615,0.20844437181949615,True
STACK,q15_543ab3f7,22,0.20844437181949615,0.20844437181949615,True
STACK,q15_543ab3f7,21,0.20844437181949615,0.20844437181949615,True
STACK,q15_543ab3f7,20,0.20844437181949615,0.20844437181949615,True
STACK,q15_543ab3f7,19,0.20844437181949615,0.20844437181949615,True
STACK,q15_543ab3f7,18,0.20844437181949615,0.20844437181949615,True
STACK,q15_543ab3f7,17,0.20844437181949615,0.20844437181949615,True
STACK,q15_543ab3f7,16,0.20844437181949615,0.20844437181949615,True
STACK,q15_543ab3f7,15,0.20844437181949615,0.20844437181949615,True
STACK,q15_543ab3f7,14,0.20844437181949615,0.20844437181949615,True
STACK,q15_543ab3f7,13,0.20844437181949615,0.20844437181949615,True
STACK,q15_543ab3f7,12,0.20844437181949615,0.20844437181949615,True
STACK,q15_543ab3f7,11,0.20844437181949615,0.20844437181949615,True
STACK,q15_543ab3f7,10,0.20844437181949615,0.20844437181949615,True
STACK,q15_543ab3f7,9,0.20844437181949615,0.20844437181949615,True
STACK,q15_543ab3f7,8,0.20844437181949615,0.20844437181949615,True
STACK,q15_543ab3f7,7,0.20844437181949615,0.20844437181949615,True
STACK,q15_543ab3f7,6,0.20844437181949615,0.20844437181949615,True
STACK,q15_543ab3f7,5,0.20844437181949615,0.20844437181949615,True
STACK,q15_543ab3f7,4,0.20844437181949615,0.20844437181949615,True
STACK,q15_543ab3f7,3,0.20844437181949615,0.20844437181949615,True
STACK,q15_543ab3f7,2,0.20844437181949615,0.20844437181949615,True
STACK,q15_543ab3f7,1,0.20844437181949615,0.20844437181949615,True
STACK,q15_543ab3f7,0,0.20844437181949615,0.20844437181949615,True
STACK,q15_78995a5f,63,0.12976977974176407,0.12976977974176407,True
STACK,q15_78995a5f,62,0.12976977974176407,0.12976977974176407,True
STACK,q15_78995a5f,61,0.12976977974176407,0.12976977974176407,True
STACK,q15_78995a5f,60,0.12976977974176407,0.12976977974176407,True
STACK,q15_78995a5f,59,0.12976977974176407,0.12976977974176407,True
STACK,q15_78995a5f,58,0.12976977974176407,0.12976977974176407,True
STACK,q15_78995a5f,57,0.12976977974176407,0.12976977974176407,True
STACK,q15_78995a5f,56,0.12976977974176407,0.12976977974176407,True
STACK,q15_78995a5f,55,0.12976977974176407,0.12976977974176407,True
STACK,q15_78995a5f,54,0.12976977974176407,0.12976977974176407,True
STACK,q15_78995a5f,53,0.12976977974176407,0.12976977974176407,True
STACK,q15_78995a5f,52,0.12976977974176407,0.12976977974176407,True
STACK,q15_78995a5f,51,0.12976977974176407,0.12976977974176407,True
STACK,q15_78995a5f,50,0.12976977974176407,0.12976977974176407,True
STACK,q15_78995a5f,49,0.12976977974176407,0.12976977974176407,True
STACK,q15_78995a5f,48,0.12976977974176407,0.12976977974176407,True
STACK,q15_78995a5f,47,0.12976977974176407,0.12976977974176407,True
STACK,q15_78995a5f,46,0.12976977974176407,0.12976977974176407,True
STACK,q15_78995a5f,45,0.12976977974176407,0.12976977974176407,True
STACK,q15_78995a5f,44,0.12976977974176407,0.1264076679944992,False
STACK,q15_78995a5f,43,0.1264076679944992,0.1264076679944992,True
STACK,q15_78995a5f,42,0.1264076679944992,0.1264076679944992,True
STACK,q15_78995a5f,41,0.1264076679944992,0.1264076679944992,True
STACK,q15_78995a5f,40,0.1264076679944992,0.1264076679944992,True
STACK,q15_78995a5f,39,0.1264076679944992,0.1264076679944992,True
STACK,q15_78995a5f,38,0.1264076679944992,0.1264076679944992,True
STACK,q15_78995a5f,37,0.1264076679944992,0.1264076679944992,True
STACK,q15_78995a5f,36,0.1264076679944992,0.1264076679944992,True
STACK,q15_78995a5f,35,0.1264076679944992,0.1264076679944992,True
STACK,q15_78995a5f,34,0.1264076679944992,0.1264076679944992,True
STACK,q15_78995a5f,33,0.1264076679944992,0.1264076679944992,True
STACK,q15_78995a5f,32,0.1264076679944992,0.1264076679944992,True
STACK,q15_78995a5f,31,0.1264076679944992,0.1264076679944992,True
STACK,q15_78995a5f,30,0.1264076679944992,0.1264076679944992,True
STACK,q15_78995a5f,29,0.1264076679944992,0.1264076679944992,True
STACK,q15_78995a5f,28,0.1264076679944992,0.1264076679944992,True
STACK,q15_78995a5f,27,0.1264076679944992,0.1264076679944992,True
STACK,q15_78995a5f,26,0.1264076679944992,0.1264076679944992,True
STACK,q15_78995a5f,25,0.1264076679944992,0.1264076679944992,True
STACK,q15_78995a5f,24,0.1264076679944992,0.1264076679944992,True
STACK,q15_78995a5f,23,0.1264076679944992,0.1264076679944992,True
STACK,q15_78995a5f,22,0.1264076679944992,0.1264076679944992,True
STACK,q15_78995a5f,21,0.1264076679944992,0.1264076679944992,True
STACK,q15_78995a5f,20,0.1264076679944992,0.1264076679944992,True
STACK,q15_78995a5f,19,0.1264076679944992,0.1264076679944992,True
STACK,q15_78995a5f,18,0.1264076679944992,0.1264076679944992,True
STACK,q15_78995a5f,17,0.1264076679944992,0.1264076679944992,True
STACK,q15_78995a5f,16,0.1264076679944992,0.1264076679944992,True
STACK,q15_78995a5f,15,0.1264076679944992,0.1264076679944992,True
STACK,q15_78995a5f,14,0.1264076679944992,0.1264076679944992,True
STACK,q15_78995a5f,13,0.1264076679944992,0.1264076679944992,True
STACK,q15_78995a5f,12,0.1264076679944992,0.1273047924041748,False
STACK,q15_78995a5f,11,0.1264076679944992,0.1264076679944992,True
STACK,q15_78995a5f,10,0.1264076679944992,0.1264076679944992,True
STACK,q15_78995a5f,9,0.1264076679944992,0.1264076679944992,True
STACK,q15_78995a5f,8,0.1264076679944992,0.1264076679944992,True
STACK,q15_78995a5f,7,0.1264076679944992,0.1264076679944992,True
STACK,q15_78995a5f,6,0.1264076679944992,0.1264076679944992,True
STACK,q15_78995a5f,5,0.1264076679944992,0.1264076679944992,True
STACK,q15_78995a5f,4,0.1264076679944992,0.1264076679944992,True
STACK,q15_78995a5f,3,0.1264076679944992,0.1264076679944992,True
STACK,q15_78995a5f,2,0.1264076679944992,0.1264076679944992,True
STACK,q15_78995a5f,1,0.1264076679944992,0.1264076679944992,True
STACK,q15_78995a5f,0,0.1264076679944992,0.1264076679944992,True
STACK,q15_b2ee2c78,63,0.18589941412210464,0.18589941412210464,True
STACK,q15_b2ee2c78,62,0.18589941412210464,0.18589941412210464,True
STACK,q15_b2ee2c78,61,0.18589941412210464,0.18589941412210464,True
STACK,q15_b2ee2c78,60,0.18589941412210464,0.18589941412210464,True
STACK,q15_b2ee2c78,59,0.18589941412210464,0.18589941412210464,True
STACK,q15_b2ee2c78,58,0.18589941412210464,0.18589941412210464,True
STACK,q15_b2ee2c78,57,0.18589941412210464,0.18589941412210464,True
STACK,q15_b2ee2c78,56,0.18589941412210464,0.18589941412210464,True
STACK,q15_b2ee2c78,55,0.18589941412210464,0.18589941412210464,True
STACK,q15_b2ee2c78,54,0.18589941412210464,0.18589941412210464,True
STACK,q15_b2ee2c78,53,0.18589941412210464,0.18589941412210464,True
STACK,q15_b2ee2c78,52,0.18589941412210464,0.18589941412210464,True
STACK,q15_b2ee2c78,51,0.18589941412210464,0.18589941412210464,True
STACK,q15_b2ee2c78,50,0.18589941412210464,0.18589941412210464,True
STACK,q15_b2ee2c78,49,0.18589941412210464,0.18589941412210464,True
STACK,q15_b2ee2c78,48,0.18589941412210464,0.18589941412210464,True
STACK,q15_b2ee2c78,47,0.18589941412210464,0.18589941412210464,True
STACK,q15_b2ee2c78,46,0.18589941412210464,0.18589941412210464,True
STACK,q15_b2ee2c78,45,0.18589941412210464,0.1803022399544716,False
STACK,q15_b2ee2c78,44,0.1803022399544716,0.17978724837303162,False
STACK,q15_b2ee2c78,43,0.17978724837303162,0.17978724837303162,True
STACK,q15_b2ee2c78,42,0.17978724837303162,0.17978724837303162,True
STACK,q15_b2ee2c78,41,0.17978724837303162,0.17978724837303162,True
STACK,q15_b2ee2c78,40,0.17978724837303162,0.17978724837303162,True
STACK,q15_b2ee2c78,39,0.17978724837303162,0.17978724837303162,True
STACK,q15_b2ee2c78,38,0.17978724837303162,0.17978724837303162,True
STACK,q15_b2ee2c78,37,0.17978724837303162,0.17978724837303162,True
STACK,q15_b2ee2c78,36,0.17978724837303162,0.17978724837303162,True
STACK,q15_b2ee2c78,35,0.17978724837303162,0.17978724837303162,True
STACK,q15_b2ee2c78,34,0.17978724837303162,0.17978724837303162,True
STACK,q15_b2ee2c78,33,0.17978724837303162,0.17978724837303162,True
STACK,q15_b2ee2c78,32,0.17978724837303162,0.17978724837303162,True
STACK,q15_b2ee2c78,31,0.17978724837303162,0.17978724837303162,True
STACK,q15_b2ee2c78,30,0.17978724837303162,0.17978724837303162,True
STACK,q15_b2ee2c78,29,0.17978724837303162,0.17978724837303162,True
STACK,q15_b2ee2c78,28,0.17978724837303162,0.17978724837303162,True
STACK,q15_b2ee2c78,27,0.17978724837303162,0.17978724837303162,True
STACK,q15_b2ee2c78,26,0.17978724837303162,0.17978724837303162,True
STACK,q15_b2ee2c78,25,0.17978724837303162,0.17978724837303162,True
STACK,q15_b2ee2c78,24,0.17978724837303162,0.17978724837303162,True
STACK,q15_b2ee2c78,23,0.17978724837303162,0.17978724837303162,True
STACK,q15_b2ee2c78,22,0.17978724837303162,0.17978724837303162,True
STACK,q15_b2ee2c78,21,0.17978724837303162,0.17978724837303162,True
STACK,q15_b2ee2c78,20,0.17978724837303162,0.17978724837303162,True
STACK,q15_b2ee2c78,19,0.17978724837303162,0.17978724837303162,True
STACK,q15_b2ee2c78,18,0.17978724837303162,0.17978724837303162,True
STACK,q15_b2ee2c78,17,0.17978724837303162,0.17978724837303162,True
STACK,q15_b2ee2c78,16,0.17978724837303162,0.17978724837303162,True
STACK,q15_b2ee2c78,15,0.17978724837303162,0.17978724837303162,True
STACK,q15_b2ee2c78,14,0.17978724837303162,0.17978724837303162,True
STACK,q15_b2ee2c78,13,0.17978724837303162,0.17978724837303162,True
STACK,q15_b2ee2c78,12,0.17978724837303162,0.17978724837303162,True
STACK,q15_b2ee2c78,11,0.17978724837303162,0.17978724837303162,True
STACK,q15_b2ee2c78,10,0.17978724837303162,0.17978724837303162,True
STACK,q15_b2ee2c78,9,0.17978724837303162,0.17978724837303162,True
STACK,q15_b2ee2c78,8,0.17978724837303162,0.17978724837303162,True
STACK,q15_b2ee2c78,7,0.17978724837303162,0.17978724837303162,True
STACK,q15_b2ee2c78,6,0.17978724837303162,0.17978724837303162,True
STACK,q15_b2ee2c78,5,0.17978724837303162,0.17978724837303162,True
STACK,q15_b2ee2c78,4,0.17978724837303162,0.17978724837303162,True
STACK,q15_b2ee2c78,3,0.17978724837303162,0.17978724837303162,True
STACK,q15_b2ee2c78,2,0.17978724837303162,0.17978724837303162,True
STACK,q15_b2ee2c78,1,0.17978724837303162,0.17978724837303162,True
STACK,q15_b2ee2c78,0,0.17978724837303162,0.17978724837303162,True
STACK,q15_b8ddf65b,63,0.41166821867227554,0.41166821867227554,True
STACK,q15_b8ddf65b,62,0.41166821867227554,0.41166821867227554,True
STACK,q15_b8ddf65b,61,0.41166821867227554,0.41166821867227554,True
STACK,q15_b8ddf65b,60,0.41166821867227554,0.40281619876623154,False
STACK,q15_b8ddf65b,59,0.40281619876623154,0.40281619876623154,True
STACK,q15_b8ddf65b,58,0.40281619876623154,0.40281619876623154,True
STACK,q15_b8ddf65b,57,0.40281619876623154,0.40281619876623154,True
STACK,q15_b8ddf65b,56,0.40281619876623154,0.40281619876623154,True
STACK,q15_b8ddf65b,55,0.40281619876623154,0.40281619876623154,True
STACK,q15_b8ddf65b,54,0.40281619876623154,0.40281619876623154,True
STACK,q15_b8ddf65b,53,0.40281619876623154,0.40281619876623154,True
STACK,q15_b8ddf65b,52,0.40281619876623154,0.40281619876623154,True
STACK,q15_b8ddf65b,51,0.40281619876623154,0.40281619876623154,True
STACK,q15_b8ddf65b,50,0.40281619876623154,0.40281619876623154,True
STACK,q15_b8ddf65b,49,0.40281619876623154,0.40281619876623154,True
STACK,q15_b8ddf65b,48,0.40281619876623154,0.40281619876623154,True
STACK,q15_b8ddf65b,47,0.40281619876623154,0.40281619876623154,True
STACK,q15_b8ddf65b,46,0.40281619876623154,0.40281619876623154,True
STACK,q15_b8ddf65b,45,0.40281619876623154,0.40281619876623154,True
STACK,q15_b8ddf65b,44,0.40281619876623154,0.3955209478735924,False
STACK,q15_b8ddf65b,43,0.3955209478735924,0.3955209478735924,True
STACK,q15_b8ddf65b,42,0.3955209478735924,0.3955209478735924,True
STACK,q15_b8ddf65b,41,0.3955209478735924,0.3955209478735924,True
STACK,q15_b8ddf65b,40,0.3955209478735924,0.3955209478735924,True
STACK,q15_b8ddf65b,39,0.3955209478735924,0.3955209478735924,True
STACK,q15_b8ddf65b,38,0.3955209478735924,0.3955209478735924,True
STACK,q15_b8ddf65b,37,0.3955209478735924,0.3955209478735924,True
STACK,q15_b8ddf65b,36,0.3955209478735924,0.3955209478735924,True
STACK,q15_b8ddf65b,35,0.3955209478735924,0.3955209478735924,True
STACK,q15_b8ddf65b,34,0.3955209478735924,0.3955209478735924,True
STACK,q15_b8ddf65b,33,0.3955209478735924,0.3955209478735924,True
STACK,q15_b8ddf65b,32,0.3955209478735924,0.3955209478735924,True
STACK,q15_b8ddf65b,31,0.3955209478735924,0.3955209478735924,True
STACK,q15_b8ddf65b,30,0.3955209478735924,0.3955209478735924,True
STACK,q15_b8ddf65b,29,0.3955209478735924,0.3955209478735924,True
STACK,q15_b8ddf65b,28,0.3955209478735924,0.3955209478735924,True
STACK,q15_b8ddf65b,27,0.3955209478735924,0.3955209478735924,True
STACK,q15_b8ddf65b,26,0.3955209478735924,0.3955209478735924,True
STACK,q15_b8ddf65b,25,0.3955209478735924,0.3955209478735924,True
STACK,q15_b8ddf65b,24,0.3955209478735924,0.3955209478735924,True
STACK,q15_b8ddf65b,23,0.3955209478735924,0.3955209478735924,True
STACK,q15_b8ddf65b,22,0.3955209478735924,0.3955209478735924,True
STACK,q15_b8ddf65b,21,0.3955209478735924,0.3955209478735924,True
STACK,q15_b8ddf65b,20,0.3955209478735924,0.3955209478735924,True
STACK,q15_b8ddf65b,19,0.3955209478735924,0.3955209478735924,True
STACK,q15_b8ddf65b,18,0.3955209478735924,0.3955209478735924,True
STACK,q15_b8ddf65b,17,0.3955209478735924,0.3955209478735924,True
STACK,q15_b8ddf65b,16,0.3955209478735924,0.3955209478735924,True
STACK,q15_b8ddf65b,15,0.3955209478735924,0.3955209478735924,True
STACK,q15_b8ddf65b,14,0.3955209478735924,0.3955209478735924,True
STACK,q15_b8ddf65b,13,0.3955209478735924,0.3955209478735924,True
STACK,q15_b8ddf65b,12,0.3955209478735924,0.39529143273830414,False
STACK,q15_b8ddf65b,11,0.39529143273830414,0.39529143273830414,True
STACK,q15_b8ddf65b,10,0.39529143273830414,0.39529143273830414,True
STACK,q15_b8ddf65b,9,0.39529143273830414,0.39529143273830414,True
STACK,q15_b8ddf65b,8,0.39529143273830414,0.39529143273830414,True
STACK,q15_b8ddf65b,7,0.39529143273830414,0.39529143273830414,True
STACK,q15_b8ddf65b,6,0.39529143273830414,0.39529143273830414,True
STACK,q15_b8ddf65b,5,0.39529143273830414,0.39529143273830414,True
STACK,q15_b8ddf65b,4,0.39529143273830414,0.39529143273830414,True
STACK,q15_b8ddf65b,3,0.39529143273830414,0.39529143273830414,True
STACK,q15_b8ddf65b,2,0.39529143273830414,0.39529143273830414,True
STACK,q15_b8ddf65b,1,0.39529143273830414,0.39529143273830414,True
STACK,q15_b8ddf65b,0,0.39529143273830414,0.39529143273830414,True
STACK,q15_c9619ad4,63,0.4009921997785568,0.4009921997785568,True
STACK,q15_c9619ad4,62,0.4009921997785568,0.4009921997785568,True
STACK,q15_c9619ad4,61,0.4009921997785568,0.395345963537693,False
STACK,q15_c9619ad4,60,0.395345963537693,0.38533641397953033,False
STACK,q15_c9619ad4,59,0.38533641397953033,0.38533641397953033,True
STACK,q15_c9619ad4,58,0.38533641397953033,0.38533641397953033,True
STACK,q15_c9619ad4,57,0.38533641397953033,0.38533641397953033,True
STACK,q15_c9619ad4,56,0.38533641397953033,0.38533641397953033,True
STACK,q15_c9619ad4,55,0.38533641397953033,0.38533641397953033,True
STACK,q15_c9619ad4,54,0.38533641397953033,0.38533641397953033,True
STACK,q15_c9619ad4,53,0.38533641397953033,0.38533641397953033,True
STACK,q15_c9619ad4,52,0.38533641397953033,0.38533641397953033,True
STACK,q15_c9619ad4,51,0.38533641397953033,0.38533641397953033,True
STACK,q15_c9619ad4,50,0.38533641397953033,0.38533641397953033,True
STACK,q15_c9619ad4,49,0.38533641397953033,0.38533641397953033,True
STACK,q15_c9619ad4,48,0.38533641397953033,0.38533641397953033,True
STACK,q15_c9619ad4,47,0.38533641397953033,0.38533641397953033,True
STACK,q15_c9619ad4,46,0.38533641397953033,0.38533641397953033,True
STACK,q15_c9619ad4,45,0.38533641397953033,0.3863423839211464,False
STACK,q15_c9619ad4,44,0.38533641397953033,0.38097329437732697,False
STACK,q15_c9619ad4,43,0.38097329437732697,0.38097329437732697,True
STACK,q15_c9619ad4,42,0.38097329437732697,0.38097329437732697,True
STACK,q15_c9619ad4,41,0.38097329437732697,0.38097329437732697,True
STACK,q15_c9619ad4,40,0.38097329437732697,0.38097329437732697,True
STACK,q15_c9619ad4,39,0.38097329437732697,0.38097329437732697,True
STACK,q15_c9619ad4,38,0.38097329437732697,0.38097329437732697,True
STACK,q15_c9619ad4,37,0.38097329437732697,0.38097329437732697,True
STACK,q15_c9619ad4,36,0.38097329437732697,0.38097329437732697,True
STACK,q15_c9619ad4,35,0.38097329437732697,0.38097329437732697,True
STACK,q15_c9619ad4,34,0.38097329437732697,0.38097329437732697,True
STACK,q15_c9619ad4,33,0.38097329437732697,0.38097329437732697,True
STACK,q15_c9619ad4,32,0.38097329437732697,0.38097329437732697,True
STACK,q15_c9619ad4,31,0.38097329437732697,0.38097329437732697,True
STACK,q15_c9619ad4,30,0.38097329437732697,0.38097329437732697,True
STACK,q15_c9619ad4,29,0.38097329437732697,0.38097329437732697,True
STACK,q15_c9619ad4,28,0.38097329437732697,0.38097329437732697,True
STACK,q15_c9619ad4,27,0.38097329437732697,0.38097329437732697,True
STACK,q15_c9619ad4,26,0.38097329437732697,0.38097329437732697,True
STACK,q15_c9619ad4,25,0.38097329437732697,0.38097329437732697,True
STACK,q15_c9619ad4,24,0.38097329437732697,0.38097329437732697,True
STACK,q15_c9619ad4,23,0.38097329437732697,0.38097329437732697,True
STACK,q15_c9619ad4,22,0.38097329437732697,0.38097329437732697,True
STACK,q15_c9619ad4,21,0.38097329437732697,0.38097329437732697,True
STACK,q15_c9619ad4,20,0.38097329437732697,0.38097329437732697,True
STACK,q15_c9619ad4,19,0.38097329437732697,0.38097329437732697,True
STACK,q15_c9619ad4,18,0.38097329437732697,0.38097329437732697,True
STACK,q15_c9619ad4,17,0.38097329437732697,0.38097329437732697,True
STACK,q15_c9619ad4,16,0.38097329437732697,0.38097329437732697,True
STACK,q15_c9619ad4,15,0.38097329437732697,0.38097329437732697,True
STACK,q15_c9619ad4,14,0.38097329437732697,0.38097329437732697,True
STACK,q15_c9619ad4,13,0.38097329437732697,0.3800603002309799,False
STACK,q15_c9619ad4,12,0.3800603002309799,0.3780592158436775,False
STACK,q15_c9619ad4,11,0.3780592158436775,0.3780592158436775,True
STACK,q15_c9619ad4,10,0.3780592158436775,0.3780592158436775,True
STACK,q15_c9619ad4,9,0.3780592158436775,0.3780592158436775,True
STACK,q15_c9619ad4,8,0.3780592158436775,0.3780592158436775,True
STACK,q15_c9619ad4,7,0.3780592158436775,0.3780592158436775,True
STACK,q15_c9619ad4,6,0.3780592158436775,0.3780592158436775,True
STACK,q15_c9619ad4,5,0.3780592158436775,0.3780592158436775,True
STACK,q15_c9619ad4,4,0.3780592158436775,0.3780592158436775,True
STACK,q15_c9619ad4,3,0.3780592158436775,0.3780592158436775,True
STACK,q15_c9619ad4,2,0.3780592158436775,0.3780592158436775,True
STACK,q15_c9619ad4,1,0.3780592158436775,0.3780592158436775,True
STACK,q15_c9619ad4,0,0.3780592158436775,0.3780592158436775,True
STACK,q15_d5546c01,63,0.15874449908733368,0.15874449908733368,True
STACK,q15_d5546c01,62,0.15874449908733368,0.15874449908733368,True
STACK,q15_d5546c01,61,0.15874449908733368,0.15874449908733368,True
STACK,q15_d5546c01,60,0.15874449908733368,0.15874449908733368,True
STACK,q15_d5546c01,59,0.15874449908733368,0.15874449908733368,True
STACK,q15_d5546c01,58,0.15874449908733368,0.15874449908733368,True
STACK,q15_d5546c01,57,0.15874449908733368,0.15874449908733368,True
STACK,q15_d5546c01,56,0.15874449908733368,0.15874449908733368,True
STACK,q15_d5546c01,55,0.15874449908733368,0.15874449908733368,True
STACK,q15_d5546c01,54,0.15874449908733368,0.15874449908733368,True
STACK,q15_d5546c01,53,0.15874449908733368,0.15874449908733368,True
STACK,q15_d5546c01,52,0.15874449908733368,0.15874449908733368,True
STACK,q15_d5546c01,51,0.15874449908733368,0.15874449908733368,True
STACK,q15_d5546c01,50,0.15874449908733368,0.15874449908733368,True
STACK,q15_d5546c01,49,0.15874449908733368,0.15874449908733368,True
STACK,q15_d5546c01,48,0.15874449908733368,0.15874449908733368,True
STACK,q15_d5546c01,47,0.15874449908733368,0.15874449908733368,True
STACK,q15_d5546c01,46,0.15874449908733368,0.15874449908733368,True
STACK,q15_d5546c01,45,0.15874449908733368,0.15777115523815155,False
STACK,q15_d5546c01,44,0.15777115523815155,0.1531854122877121,False
STACK,q15_d5546c01,43,0.1531854122877121,0.1531854122877121,True
STACK,q15_d5546c01,42,0.1531854122877121,0.1531854122877121,True
STACK,q15_d5546c01,41,0.1531854122877121,0.1531854122877121,True
STACK,q15_d5546c01,40,0.1531854122877121,0.1531854122877121,True
STACK,q15_d5546c01,39,0.1531854122877121,0.1531854122877121,True
STACK,q15_d5546c01,38,0.1531854122877121,0.1531854122877121,True
STACK,q15_d5546c01,37,0.1531854122877121,0.1531854122877121,True
STACK,q15_d5546c01,36,0.1531854122877121,0.1531854122877121,True
STACK,q15_d5546c01,35,0.1531854122877121,0.1531854122877121,True
STACK,q15_d5546c01,34,0.1531854122877121,0.1531854122877121,True
STACK,q15_d5546c01,33,0.1531854122877121,0.1531854122877121,True
STACK,q15_d5546c01,32,0.1531854122877121,0.1531854122877121,True
STACK,q15_d5546c01,31,0.1531854122877121,0.1531854122877121,True
STACK,q15_d5546c01,30,0.1531854122877121,0.1531854122877121,True
STACK,q15_d5546c01,29,0.1531854122877121,0.1531854122877121,True
STACK,q15_d5546c01,28,0.1531854122877121,0.1531854122877121,True
STACK,q15_d5546c01,27,0.1531854122877121,0.1531854122877121,True
STACK,q15_d5546c01,26,0.1531854122877121,0.1531854122877121,True
STACK,q15_d5546c01,25,0.1531854122877121,0.1531854122877121,True
STACK,q15_d5546c01,24,0.1531854122877121,0.1531854122877121,True
STACK,q15_d5546c01,23,0.1531854122877121,0.1531854122877121,True
STACK,q15_d5546c01,22,0.1531854122877121,0.1531854122877121,True
STACK,q15_d5546c01,21,0.1531854122877121,0.1531854122877121,True
STACK,q15_d5546c01,20,0.1531854122877121,0.1531854122877121,True
STACK,q15_d5546c01,19,0.1531854122877121,0.1531854122877121,True
STACK,q15_d5546c01,18,0.1531854122877121,0.1531854122877121,True
STACK,q15_d5546c01,17,0.1531854122877121,0.1531854122877121,True
STACK,q15_d5546c01,16,0.1531854122877121,0.1531854122877121,True
STACK,q15_d5546c01,15,0.1531854122877121,0.1531854122877121,True
STACK,q15_d5546c01,14,0.1531854122877121,0.1531854122877121,True
STACK,q15_d5546c01,13,0.1531854122877121,0.1531854122877121,True
STACK,q15_d5546c01,12,0.1531854122877121,0.15125440061092377,False
STACK,q15_d5546c01,11,0.15125440061092377,0.15125440061092377,True
STACK,q15_d5546c01,10,0.15125440061092377,0.15125440061092377,True
STACK,q15_d5546c01,9,0.15125440061092377,0.15125440061092377,True
STACK,q15_d5546c01,8,0.15125440061092377,0.15125440061092377,True
STACK,q15_d5546c01,7,0.15125440061092377,0.15125440061092377,True
STACK,q15_d5546c01,6,0.15125440061092377,0.15125440061092377,True
STACK,q15_d5546c01,5,0.15125440061092377,0.15125440061092377,True
STACK,q15_d5546c01,4,0.15125440061092377,0.15125440061092377,True
STACK,q15_d5546c01,3,0.15125440061092377,0.15125440061092377,True
STACK,q15_d5546c01,2,0.15125440061092377,0.15125440061092377,True
STACK,q15_d5546c01,1,0.15125440061092377,0.15125440061092377,True
STACK,q15_d5546c01,0,0.15125440061092377,0.15125440061092377,True
STACK,q16_1e863562,63,3.7659239396452904,3.7659239396452904,True
STACK,q16_1e863562,62,3.7659239396452904,3.7659239396452904,True
STACK,q16_1e863562,61,3.7659239396452904,3.7659239396452904,True
STACK,q16_1e863562,60,3.7659239396452904,3.7659239396452904,True
STACK,q16_1e863562,59,3.7659239396452904,3.7659239396452904,True
STACK,q16_1e863562,58,3.7659239396452904,3.7659239396452904,True
STACK,q16_1e863562,57,3.7659239396452904,3.7659239396452904,True
STACK,q16_1e863562,56,3.7659239396452904,3.7659239396452904,True
STACK,q16_1e863562,55,3.7659239396452904,3.7659239396452904,True
STACK,q16_1e863562,54,3.7659239396452904,3.7659239396452904,True
STACK,q16_1e863562,53,3.7659239396452904,3.7659239396452904,True
STACK,q16_1e863562,52,3.7659239396452904,3.7659239396452904,True
STACK,q16_1e863562,51,3.7659239396452904,3.7659239396452904,True
STACK,q16_1e863562,50,3.7659239396452904,3.7659239396452904,True
STACK,q16_1e863562,49,3.7659239396452904,3.7659239396452904,True
STACK,q16_1e863562,48,3.7659239396452904,3.7659239396452904,True
STACK,q16_1e863562,47,3.7659239396452904,3.7659239396452904,True
STACK,q16_1e863562,46,3.7659239396452904,3.7578981667757034,False
STACK,q16_1e863562,45,3.7578981667757034,3.7578981667757034,True
STACK,q16_1e863562,44,3.7578981667757034,3.7578981667757034,True
STACK,q16_1e863562,43,3.7578981667757034,3.7578981667757034,True
STACK,q16_1e863562,42,3.7578981667757034,3.7578981667757034,True
STACK,q16_1e863562,41,3.7578981667757034,3.7578981667757034,True
STACK,q16_1e863562,40,3.7578981667757034,3.7578981667757034,True
STACK,q16_1e863562,39,3.7578981667757034,3.7578981667757034,True
STACK,q16_1e863562,38,3.7578981667757034,3.7578981667757034,True
STACK,q16_1e863562,37,3.7578981667757034,3.7578981667757034,True
STACK,q16_1e863562,36,3.7578981667757034,3.7578981667757034,True
STACK,q16_1e863562,35,3.7578981667757034,3.7578981667757034,True
STACK,q16_1e863562,34,3.7578981667757034,3.7578981667757034,True
STACK,q16_1e863562,33,3.7578981667757034,3.7578981667757034,True
STACK,q16_1e863562,32,3.7578981667757034,3.7578981667757034,True
STACK,q16_1e863562,31,3.7578981667757034,3.7578981667757034,True
STACK,q16_1e863562,30,3.7578981667757034,3.7578981667757034,True
STACK,q16_1e863562,29,3.7578981667757034,3.7578981667757034,True
STACK,q16_1e863562,28,3.7578981667757034,3.7578981667757034,True
STACK,q16_1e863562,27,3.7578981667757034,3.7578981667757034,True
STACK,q16_1e863562,26,3.7578981667757034,3.7578981667757034,True
STACK,q16_1e863562,25,3.7578981667757034,3.7578981667757034,True
STACK,q16_1e863562,24,3.7578981667757034,3.7578981667757034,True
STACK,q16_1e863562,23,3.7578981667757034,3.7578981667757034,True
STACK,q16_1e863562,22,3.7578981667757034,3.7578981667757034,True
STACK,q16_1e863562,21,3.7578981667757034,3.7578981667757034,True
STACK,q16_1e863562,20,3.7578981667757034,3.7578981667757034,True
STACK,q16_1e863562,19,3.7578981667757034,3.7578981667757034,True
STACK,q16_1e863562,18,3.7578981667757034,3.7578981667757034,True
STACK,q16_1e863562,17,3.7578981667757034,3.7578981667757034,True
STACK,q16_1e863562,16,3.7578981667757034,3.7578981667757034,True
STACK,q16_1e863562,15,3.7578981667757034,3.7578981667757034,True
STACK,q16_1e863562,14,3.7578981667757034,3.7497642785310745,False
STACK,q16_1e863562,13,3.7497642785310745,3.7497642785310745,True
STACK,q16_1e863562,12,3.7497642785310745,3.7497642785310745,True
STACK,q16_1e863562,11,3.7497642785310745,3.7497642785310745,True
STACK,q16_1e863562,10,3.7497642785310745,3.7497642785310745,True
STACK,q16_1e863562,9,3.7497642785310745,3.7497642785310745,True
STACK,q16_1e863562,8,3.7497642785310745,3.7497642785310745,True
STACK,q16_1e863562,7,3.7497642785310745,3.7497642785310745,True
STACK,q16_1e863562,6,3.7497642785310745,3.7497642785310745,True
STACK,q16_1e863562,5,3.7497642785310745,3.7497642785310745,True
STACK,q16_1e863562,4,3.7497642785310745,3.7497642785310745,True
STACK,q16_1e863562,3,3.7497642785310745,3.7497642785310745,True
STACK,q16_1e863562,2,3.7497642785310745,3.7497642785310745,True
STACK,q16_1e863562,1,3.7497642785310745,3.7497642785310745,True
STACK,q16_1e863562,0,3.7497642785310745,3.7497642785310745,True
STACK,q16_374e3e4c,63,5.65206840634346,5.65206840634346,True
STACK,q16_374e3e4c,62,5.65206840634346,5.615809425711632,False
STACK,q16_374e3e4c,61,5.615809425711632,5.615809425711632,True
STACK,q16_374e3e4c,60,5.615809425711632,5.615809425711632,True
STACK,q16_374e3e4c,59,5.615809425711632,5.615809425711632,True
STACK,q16_374e3e4c,58,5.615809425711632,5.615809425711632,True
STACK,q16_374e3e4c,57,5.615809425711632,5.615809425711632,True
STACK,q16_374e3e4c,56,5.615809425711632,5.615809425711632,True
STACK,q16_374e3e4c,55,5.615809425711632,5.615809425711632,True
STACK,q16_374e3e4c,54,5.615809425711632,5.615809425711632,True
STACK,q16_374e3e4c,53,5.615809425711632,5.615809425711632,True
STACK,q16_374e3e4c,52,5.615809425711632,5.615809425711632,True
STACK,q16_374e3e4c,51,5.615809425711632,5.615809425711632,True
STACK,q16_374e3e4c,50,5.615809425711632,5.615809425711632,True
STACK,q16_374e3e4c,49,5.615809425711632,5.615809425711632,True
STACK,q16_374e3e4c,48,5.615809425711632,5.615809425711632,True
STACK,q16_374e3e4c,47,5.615809425711632,5.615809425711632,True
STACK,q16_374e3e4c,46,5.615809425711632,5.584127657115459,False
STACK,q16_374e3e4c,45,5.584127657115459,5.584127657115459,True
STACK,q16_374e3e4c,44,5.584127657115459,5.584127657115459,True
STACK,q16_374e3e4c,43,5.584127657115459,5.584127657115459,True
STACK,q16_374e3e4c,42,5.584127657115459,5.584127657115459,True
STACK,q16_374e3e4c,41,5.584127657115459,5.584127657115459,True
STACK,q16_374e3e4c,40,5.584127657115459,5.584127657115459,True
STACK,q16_374e3e4c,39,5.584127657115459,5.584127657115459,True
STACK,q16_374e3e4c,38,5.584127657115459,5.584127657115459,True
STACK,q16_374e3e4c,37,5.584127657115459,5.584127657115459,True
STACK,q16_374e3e4c,36,5.584127657115459,5.584127657115459,True
STACK,q16_374e3e4c,35,5.584127657115459,5.584127657115459,True
STACK,q16_374e3e4c,34,5.584127657115459,5.584127657115459,True
STACK,q16_374e3e4c,33,5.584127657115459,5.584127657115459,True
STACK,q16_374e3e4c,32,5.584127657115459,5.584127657115459,True
STACK,q16_374e3e4c,31,5.584127657115459,5.584127657115459,True
STACK,q16_374e3e4c,30,5.584127657115459,5.584127657115459,True
STACK,q16_374e3e4c,29,5.584127657115459,5.584127657115459,True
STACK,q16_374e3e4c,28,5.584127657115459,5.584127657115459,True
STACK,q16_374e3e4c,27,5.584127657115459,5.584127657115459,True
STACK,q16_374e3e4c,26,5.584127657115459,5.584127657115459,True
STACK,q16_374e3e4c,25,5.584127657115459,5.584127657115459,True
STACK,q16_374e3e4c,24,5.584127657115459,5.584127657115459,True
STACK,q16_374e3e4c,23,5.584127657115459,5.584127657115459,True
STACK,q16_374e3e4c,22,5.584127657115459,5.584127657115459,True
STACK,q16_374e3e4c,21,5.584127657115459,5.584127657115459,True
STACK,q16_374e3e4c,20,5.584127657115459,5.584127657115459,True
STACK,q16_374e3e4c,19,5.584127657115459,5.584127657115459,True
STACK,q16_374e3e4c,18,5.584127657115459,5.584127657115459,True
STACK,q16_374e3e4c,17,5.584127657115459,5.584127657115459,True
STACK,q16_374e3e4c,16,5.584127657115459,5.584127657115459,True
STACK,q16_374e3e4c,15,5.584127657115459,5.584127657115459,True
STACK,q16_374e3e4c,14,5.584127657115459,5.584127657115459,True
STACK,q16_374e3e4c,13,5.584127657115459,5.584127657115459,True
STACK,q16_374e3e4c,12,5.584127657115459,5.584127657115459,True
STACK,q16_374e3e4c,11,5.584127657115459,5.584127657115459,True
STACK,q16_374e3e4c,10,5.584127657115459,5.584127657115459,True
STACK,q16_374e3e4c,9,5.584127657115459,5.584127657115459,True
STACK,q16_374e3e4c,8,5.584127657115459,5.584127657115459,True
STACK,q16_374e3e4c,7,5.584127657115459,5.584127657115459,True
STACK,q16_374e3e4c,6,5.584127657115459,5.584127657115459,True
STACK,q16_374e3e4c,5,5.584127657115459,5.584127657115459,True
STACK,q16_374e3e4c,4,5.584127657115459,5.584127657115459,True
STACK,q16_374e3e4c,3,5.584127657115459,5.584127657115459,True
STACK,q16_374e3e4c,2,5.584127657115459,5.584127657115459,True
STACK,q16_374e3e4c,1,5.584127657115459,5.584127657115459,True
STACK,q16_374e3e4c,0,5.584127657115459,5.584127657115459,True
STACK,q16_b1a96cd4,63,0.4925948306918144,0.4925948306918144,True
STACK,q16_b1a96cd4,62,0.4925948306918144,0.4925948306918144,True
STACK,q16_b1a96cd4,61,0.4925948306918144,0.4925948306918144,True
STACK,q16_b1a96cd4,60,0.4925948306918144,0.4925948306918144,True
STACK,q16_b1a96cd4,59,0.4925948306918144,0.4925948306918144,True
STACK,q16_b1a96cd4,58,0.4925948306918144,0.4925948306918144,True
STACK,q16_b1a96cd4,57,0.4925948306918144,0.4925948306918144,True
STACK,q16_b1a96cd4,56,0.4925948306918144,0.4925948306918144,True
STACK,q16_b1a96cd4,55,0.4925948306918144,0.4925948306918144,True
STACK,q16_b1a96cd4,54,0.4925948306918144,0.4925948306918144,True
STACK,q16_b1a96cd4,53,0.4925948306918144,0.4925948306918144,True
STACK,q16_b1a96cd4,52,0.4925948306918144,0.4925948306918144,True
STACK,q16_b1a96cd4,51,0.4925948306918144,0.4925948306918144,True
STACK,q16_b1a96cd4,50,0.4925948306918144,0.4925948306918144,True
STACK,q16_b1a96cd4,49,0.4925948306918144,0.4925948306918144,True
STACK,q16_b1a96cd4,48,0.4925948306918144,0.4925948306918144,True
STACK,q16_b1a96cd4,47,0.4925948306918144,0.4925948306918144,True
STACK,q16_b1a96cd4,46,0.4925948306918144,0.4925948306918144,True
STACK,q16_b1a96cd4,45,0.4925948306918144,0.4925948306918144,True
STACK,q16_b1a96cd4,44,0.4925948306918144,0.4925948306918144,True
STACK,q16_b1a96cd4,43,0.4925948306918144,0.4925948306918144,True
STACK,q16_b1a96cd4,42,0.4925948306918144,0.4925948306918144,True
STACK,q16_b1a96cd4,41,0.4925948306918144,0.4925948306918144,True
STACK,q16_b1a96cd4,40,0.4925948306918144,0.4925948306918144,True
STACK,q16_b1a96cd4,39,0.4925948306918144,0.4925948306918144,True
STACK,q16_b1a96cd4,38,0.4925948306918144,0.4925948306918144,True
STACK,q16_b1a96cd4,37,0.4925948306918144,0.4925948306918144,True
STACK,q16_b1a96cd4,36,0.4925948306918144,0.4925948306918144,True
STACK,q16_b1a96cd4,35,0.4925948306918144,0.4925948306918144,True
STACK,q16_b1a96cd4,34,0.4925948306918144,0.4925948306918144,True
STACK,q16_b1a96cd4,33,0.4925948306918144,0.4925948306918144,True
STACK,q16_b1a96cd4,32,0.4925948306918144,0.4925948306918144,True
STACK,q16_b1a96cd4,31,0.4925948306918144,0.4925948306918144,True
STACK,q16_b1a96cd4,30,0.4925948306918144,0.4925948306918144,True
STACK,q16_b1a96cd4,29,0.4925948306918144,0.4925948306918144,True
STACK,q16_b1a96cd4,28,0.4925948306918144,0.4925948306918144,True
STACK,q16_b1a96cd4,27,0.4925948306918144,0.4925948306918144,True
STACK,q16_b1a96cd4,26,0.4925948306918144,0.4925948306918144,True
STACK,q16_b1a96cd4,25,0.4925948306918144,0.4925948306918144,True
STACK,q16_b1a96cd4,24,0.4925948306918144,0.4925948306918144,True
STACK,q16_b1a96cd4,23,0.4925948306918144,0.4925948306918144,True
STACK,q16_b1a96cd4,22,0.4925948306918144,0.4925948306918144,True
STACK,q16_b1a96cd4,21,0.4925948306918144,0.4925948306918144,True
STACK,q16_b1a96cd4,20,0.4925948306918144,0.4925948306918144,True
STACK,q16_b1a96cd4,19,0.4925948306918144,0.4925948306918144,True
STACK,q16_b1a96cd4,18,0.4925948306918144,0.4925948306918144,True
STACK,q16_b1a96cd4,17,0.4925948306918144,0.4925948306918144,True
STACK,q16_b1a96cd4,16,0.4925948306918144,0.4925948306918144,True
STACK,q16_b1a96cd4,15,0.4925948306918144,0.4925948306918144,True
STACK,q16_b1a96cd4,14,0.4925948306918144,0.4925948306918144,True
STACK,q16_b1a96cd4,13,0.4925948306918144,0.4925948306918144,True
STACK,q16_b1a96cd4,12,0.4925948306918144,0.4925948306918144,True
STACK,q16_b1a96cd4,11,0.4925948306918144,0.4925948306918144,True
STACK,q16_b1a96cd4,10,0.4925948306918144,0.4925948306918144,True
STACK,q16_b1a96cd4,9,0.4925948306918144,0.4925948306918144,True
STACK,q16_b1a96cd4,8,0.4925948306918144,0.4925948306918144,True
STACK,q16_b1a96cd4,7,0.4925948306918144,0.4925948306918144,True
STACK,q16_b1a96cd4,6,0.4925948306918144,0.4925948306918144,True
STACK,q16_b1a96cd4,5,0.4925948306918144,0.4925948306918144,True
STACK,q16_b1a96cd4,4,0.4925948306918144,0.4925948306918144,True
STACK,q16_b1a96cd4,3,0.4925948306918144,0.4925948306918144,True
STACK,q16_b1a96cd4,2,0.4925948306918144,0.4925948306918144,True
STACK,q16_b1a96cd4,1,0.4925948306918144,0.4925948306918144,True
STACK,q16_b1a96cd4,0,0.4925948306918144,0.4925948306918144,True
STACK,q16_d5290889,63,0.08808506280183792,0.08808506280183792,True
STACK,q16_d5290889,62,0.08808506280183792,0.08808506280183792,True
STACK,q16_d5290889,61,0.08808506280183792,0.08808506280183792,True
STACK,q16_d5290889,60,0.08808506280183792,0.08808506280183792,True
STACK,q16_d5290889,59,0.08808506280183792,0.08808506280183792,True
STACK,q16_d5290889,58,0.08808506280183792,0.08808506280183792,True
STACK,q16_d5290889,57,0.08808506280183792,0.08808506280183792,True
STACK,q16_d5290889,56,0.08808506280183792,0.08808506280183792,True
STACK,q16_d5290889,55,0.08808506280183792,0.08808506280183792,True
STACK,q16_d5290889,54,0.08808506280183792,0.08808506280183792,True
STACK,q16_d5290889,53,0.08808506280183792,0.08808506280183792,True
STACK,q16_d5290889,52,0.08808506280183792,0.08808506280183792,True
STACK,q16_d5290889,51,0.08808506280183792,0.08808506280183792,True
STACK,q16_d5290889,50,0.08808506280183792,0.08808506280183792,True
STACK,q16_d5290889,49,0.08808506280183792,0.08808506280183792,True
STACK,q16_d5290889,48,0.08808506280183792,0.08808506280183792,True
STACK,q16_d5290889,47,0.08808506280183792,0.08808506280183792,True
STACK,q16_d5290889,46,0.08808506280183792,0.08808506280183792,True
STACK,q16_d5290889,45,0.08808506280183792,0.08808506280183792,True
STACK,q16_d5290889,44,0.08808506280183792,0.08808506280183792,True
STACK,q16_d5290889,43,0.08808506280183792,0.08808506280183792,True
STACK,q16_d5290889,42,0.08808506280183792,0.08808506280183792,True
STACK,q16_d5290889,41,0.08808506280183792,0.08808506280183792,True
STACK,q16_d5290889,40,0.08808506280183792,0.08808506280183792,True
STACK,q16_d5290889,39,0.08808506280183792,0.08808506280183792,True
STACK,q16_d5290889,38,0.08808506280183792,0.08808506280183792,True
STACK,q16_d5290889,37,0.08808506280183792,0.08808506280183792,True
STACK,q16_d5290889,36,0.08808506280183792,0.08808506280183792,True
STACK,q16_d5290889,35,0.08808506280183792,0.08808506280183792,True
STACK,q16_d5290889,34,0.08808506280183792,0.08808506280183792,True
STACK,q16_d5290889,33,0.08808506280183792,0.08808506280183792,True
STACK,q16_d5290889,32,0.08808506280183792,0.08808506280183792,True
STACK,q16_d5290889,31,0.08808506280183792,0.08808506280183792,True
STACK,q16_d5290889,30,0.08808506280183792,0.08808506280183792,True
STACK,q16_d5290889,29,0.08808506280183792,0.08808506280183792,True
STACK,q16_d5290889,28,0.08808506280183792,0.08808506280183792,True
STACK,q16_d5290889,27,0.08808506280183792,0.08808506280183792,True
STACK,q16_d5290889,26,0.08808506280183792,0.08808506280183792,True
STACK,q16_d5290889,25,0.08808506280183792,0.08808506280183792,True
STACK,q16_d5290889,24,0.08808506280183792,0.08808506280183792,True
STACK,q16_d5290889,23,0.08808506280183792,0.08808506280183792,True
STACK,q16_d5290889,22,0.08808506280183792,0.08808506280183792,True
STACK,q16_d5290889,21,0.08808506280183792,0.08808506280183792,True
STACK,q16_d5290889,20,0.08808506280183792,0.08808506280183792,True
STACK,q16_d5290889,19,0.08808506280183792,0.08808506280183792,True
STACK,q16_d5290889,18,0.08808506280183792,0.08808506280183792,True
STACK,q16_d5290889,17,0.08808506280183792,0.08808506280183792,True
STACK,q16_d5290889,16,0.08808506280183792,0.08808506280183792,True
STACK,q16_d5290889,15,0.08808506280183792,0.08808506280183792,True
STACK,q16_d5290889,14,0.08808506280183792,0.08808506280183792,True
STACK,q16_d5290889,13,0.08808506280183792,0.08808506280183792,True
STACK,q16_d5290889,12,0.08808506280183792,0.08808506280183792,True
STACK,q16_d5290889,11,0.08808506280183792,0.08808506280183792,True
STACK,q16_d5290889,10,0.08808506280183792,0.08808506280183792,True
STACK,q16_d5290889,9,0.08808506280183792,0.08808506280183792,True
STACK,q16_d5290889,8,0.08808506280183792,0.08808506280183792,True
STACK,q16_d5290889,7,0.08808506280183792,0.08808506280183792,True
STACK,q16_d5290889,6,0.08808506280183792,0.08808506280183792,True
STACK,q16_d5290889,5,0.08808506280183792,0.08808506280183792,True
STACK,q16_d5290889,4,0.08808506280183792,0.08808506280183792,True
STACK,q16_d5290889,3,0.08808506280183792,0.08808506280183792,True
STACK,q16_d5290889,2,0.08808506280183792,0.08808506280183792,True
STACK,q16_d5290889,1,0.08808506280183792,0.08808506280183792,True
STACK,q16_d5290889,0,0.08808506280183792,0.08808506280183792,True
STACK,q16_ea9efde5,63,0.27594853937625885,0.27594853937625885,True
STACK,q16_ea9efde5,62,0.27594853937625885,0.27594853937625885,True
STACK,q16_ea9efde5,61,0.27594853937625885,0.27594853937625885,True
STACK,q16_ea9efde5,60,0.27594853937625885,0.27594853937625885,True
STACK,q16_ea9efde5,59,0.27594853937625885,0.27594853937625885,True
STACK,q16_ea9efde5,58,0.27594853937625885,0.27594853937625885,True
STACK,q16_ea9efde5,57,0.27594853937625885,0.27594853937625885,True
STACK,q16_ea9efde5,56,0.27594853937625885,0.27594853937625885,True
STACK,q16_ea9efde5,55,0.27594853937625885,0.27594853937625885,True
STACK,q16_ea9efde5,54,0.27594853937625885,0.27594853937625885,True
STACK,q16_ea9efde5,53,0.27594853937625885,0.27594853937625885,True
STACK,q16_ea9efde5,52,0.27594853937625885,0.27594853937625885,True
STACK,q16_ea9efde5,51,0.27594853937625885,0.27594853937625885,True
STACK,q16_ea9efde5,50,0.27594853937625885,0.27594853937625885,True
STACK,q16_ea9efde5,49,0.27594853937625885,0.27594853937625885,True
STACK,q16_ea9efde5,48,0.27594853937625885,0.27594853937625885,True
STACK,q16_ea9efde5,47,0.27594853937625885,0.27594853937625885,True
STACK,q16_ea9efde5,46,0.27594853937625885,0.27594853937625885,True
STACK,q16_ea9efde5,45,0.27594853937625885,0.27594853937625885,True
STACK,q16_ea9efde5,44,0.27594853937625885,0.27594853937625885,True
STACK,q16_ea9efde5,43,0.27594853937625885,0.27594853937625885,True
STACK,q16_ea9efde5,42,0.27594853937625885,0.27594853937625885,True
STACK,q16_ea9efde5,41,0.27594853937625885,0.27594853937625885,True
STACK,q16_ea9efde5,40,0.27594853937625885,0.27594853937625885,True
STACK,q16_ea9efde5,39,0.27594853937625885,0.27594853937625885,True
STACK,q16_ea9efde5,38,0.27594853937625885,0.27594853937625885,True
STACK,q16_ea9efde5,37,0.27594853937625885,0.27594853937625885,True
STACK,q16_ea9efde5,36,0.27594853937625885,0.27594853937625885,True
STACK,q16_ea9efde5,35,0.27594853937625885,0.27594853937625885,True
STACK,q16_ea9efde5,34,0.27594853937625885,0.27594853937625885,True
STACK,q16_ea9efde5,33,0.27594853937625885,0.27594853937625885,True
STACK,q16_ea9efde5,32,0.27594853937625885,0.27594853937625885,True
STACK,q16_ea9efde5,31,0.27594853937625885,0.27594853937625885,True
STACK,q16_ea9efde5,30,0.27594853937625885,0.27594853937625885,True
STACK,q16_ea9efde5,29,0.27594853937625885,0.27594853937625885,True
STACK,q16_ea9efde5,28,0.27594853937625885,0.27594853937625885,True
STACK,q16_ea9efde5,27,0.27594853937625885,0.27594853937625885,True
STACK,q16_ea9efde5,26,0.27594853937625885,0.27594853937625885,True
STACK,q16_ea9efde5,25,0.27594853937625885,0.27594853937625885,True
STACK,q16_ea9efde5,24,0.27594853937625885,0.27594853937625885,True
STACK,q16_ea9efde5,23,0.27594853937625885,0.27594853937625885,True
STACK,q16_ea9efde5,22,0.27594853937625885,0.27594853937625885,True
STACK,q16_ea9efde5,21,0.27594853937625885,0.27594853937625885,True
STACK,q16_ea9efde5,20,0.27594853937625885,0.27594853937625885,True
STACK,q16_ea9efde5,19,0.27594853937625885,0.27594853937625885,True
STACK,q16_ea9efde5,18,0.27594853937625885,0.27594853937625885,True
STACK,q16_ea9efde5,17,0.27594853937625885,0.27594853937625885,True
STACK,q16_ea9efde5,16,0.27594853937625885,0.27594853937625885,True
STACK,q16_ea9efde5,15,0.27594853937625885,0.27594853937625885,True
STACK,q16_ea9efde5,14,0.27594853937625885,0.27594853937625885,True
STACK,q16_ea9efde5,13,0.27594853937625885,0.27594853937625885,True
STACK,q16_ea9efde5,12,0.27594853937625885,0.27594853937625885,True
STACK,q16_ea9efde5,11,0.27594853937625885,0.27594853937625885,True
STACK,q16_ea9efde5,10,0.27594853937625885,0.27594853937625885,True
STACK,q16_ea9efde5,9,0.27594853937625885,0.27594853937625885,True
STACK,q16_ea9efde5,8,0.27594853937625885,0.27594853937625885,True
STACK,q16_ea9efde5,7,0.27594853937625885,0.27594853937625885,True
STACK,q16_ea9efde5,6,0.27594853937625885,0.27594853937625885,True
STACK,q16_ea9efde5,5,0.27594853937625885,0.27594853937625885,True
STACK,q16_ea9efde5,4,0.27594853937625885,0.27594853937625885,True
STACK,q16_ea9efde5,3,0.27594853937625885,0.27594853937625885,True
STACK,q16_ea9efde5,2,0.27594853937625885,0.27594853937625885,True
STACK,q16_ea9efde5,1,0.27594853937625885,0.27594853937625885,True
STACK,q16_ea9efde5,0,0.27594853937625885,0.27594853937625885,True
STACK,q16_ed2ffeae,63,1.5199759304523468,1.5199759304523468,True
STACK,q16_ed2ffeae,62,1.5199759304523468,1.5199759304523468,True
STACK,q16_ed2ffeae,61,1.5199759304523468,1.5199759304523468,True
STACK,q16_ed2ffeae,60,1.5199759304523468,1.5199759304523468,True
STACK,q16_ed2ffeae,59,1.5199759304523468,1.5199759304523468,True
STACK,q16_ed2ffeae,58,1.5199759304523468,1.5199759304523468,True
STACK,q16_ed2ffeae,57,1.5199759304523468,1.5199759304523468,True
STACK,q16_ed2ffeae,56,1.5199759304523468,1.5199759304523468,True
STACK,q16_ed2ffeae,55,1.5199759304523468,1.5199759304523468,True
STACK,q16_ed2ffeae,54,1.5199759304523468,1.5199759304523468,True
STACK,q16_ed2ffeae,53,1.5199759304523468,1.5199759304523468,True
STACK,q16_ed2ffeae,52,1.5199759304523468,1.5199759304523468,True
STACK,q16_ed2ffeae,51,1.5199759304523468,1.5199759304523468,True
STACK,q16_ed2ffeae,50,1.5199759304523468,1.5199759304523468,True
STACK,q16_ed2ffeae,49,1.5199759304523468,1.5199759304523468,True
STACK,q16_ed2ffeae,48,1.5199759304523468,1.5199759304523468,True
STACK,q16_ed2ffeae,47,1.5199759304523468,1.5199759304523468,True
STACK,q16_ed2ffeae,46,1.5199759304523468,1.5199759304523468,True
STACK,q16_ed2ffeae,45,1.5199759304523468,1.5199759304523468,True
STACK,q16_ed2ffeae,44,1.5199759304523468,1.5199759304523468,True
STACK,q16_ed2ffeae,43,1.5199759304523468,1.5199759304523468,True
STACK,q16_ed2ffeae,42,1.5199759304523468,1.5199759304523468,True
STACK,q16_ed2ffeae,41,1.5199759304523468,1.5199759304523468,True
STACK,q16_ed2ffeae,40,1.5199759304523468,1.5199759304523468,True
STACK,q16_ed2ffeae,39,1.5199759304523468,1.5199759304523468,True
STACK,q16_ed2ffeae,38,1.5199759304523468,1.5199759304523468,True
STACK,q16_ed2ffeae,37,1.5199759304523468,1.5199759304523468,True
STACK,q16_ed2ffeae,36,1.5199759304523468,1.5199759304523468,True
STACK,q16_ed2ffeae,35,1.5199759304523468,1.5199759304523468,True
STACK,q16_ed2ffeae,34,1.5199759304523468,1.5199759304523468,True
STACK,q16_ed2ffeae,33,1.5199759304523468,1.5199759304523468,True
STACK,q16_ed2ffeae,32,1.5199759304523468,1.5199759304523468,True
STACK,q16_ed2ffeae,31,1.5199759304523468,1.5199759304523468,True
STACK,q16_ed2ffeae,30,1.5199759304523468,1.5199759304523468,True
STACK,q16_ed2ffeae,29,1.5199759304523468,1.5199759304523468,True
STACK,q16_ed2ffeae,28,1.5199759304523468,1.5199759304523468,True
STACK,q16_ed2ffeae,27,1.5199759304523468,1.5199759304523468,True
STACK,q16_ed2ffeae,26,1.5199759304523468,1.5199759304523468,True
STACK,q16_ed2ffeae,25,1.5199759304523468,1.5199759304523468,True
STACK,q16_ed2ffeae,24,1.5199759304523468,1.5199759304523468,True
STACK,q16_ed2ffeae,23,1.5199759304523468,1.5199759304523468,True
STACK,q16_ed2ffeae,22,1.5199759304523468,1.5199759304523468,True
STACK,q16_ed2ffeae,21,1.5199759304523468,1.5199759304523468,True
STACK,q16_ed2ffeae,20,1.5199759304523468,1.5199759304523468,True
STACK,q16_ed2ffeae,19,1.5199759304523468,1.5199759304523468,True
STACK,q16_ed2ffeae,18,1.5199759304523468,1.5199759304523468,True
STACK,q16_ed2ffeae,17,1.5199759304523468,1.5199759304523468,True
STACK,q16_ed2ffeae,16,1.5199759304523468,1.5199759304523468,True
STACK,q16_ed2ffeae,15,1.5199759304523468,1.5199759304523468,True
STACK,q16_ed2ffeae,14,1.5199759304523468,1.5199759304523468,True
STACK,q16_ed2ffeae,13,1.5199759304523468,1.5199759304523468,True
STACK,q16_ed2ffeae,12,1.5199759304523468,1.5199759304523468,True
STACK,q16_ed2ffeae,11,1.5199759304523468,1.5199759304523468,True
STACK,q16_ed2ffeae,10,1.5199759304523468,1.5199759304523468,True
STACK,q16_ed2ffeae,9,1.5199759304523468,1.5199759304523468,True
STACK,q16_ed2ffeae,8,1.5199759304523468,1.5199759304523468,True
STACK,q16_ed2ffeae,7,1.5199759304523468,1.5199759304523468,True
STACK,q16_ed2ffeae,6,1.5199759304523468,1.5199759304523468,True
STACK,q16_ed2ffeae,5,1.5199759304523468,1.5199759304523468,True
STACK,q16_ed2ffeae,4,1.5199759304523468,1.5199759304523468,True
STACK,q16_ed2ffeae,3,1.5199759304523468,1.5199759304523468,True
STACK,q16_ed2ffeae,2,1.5199759304523468,1.5199759304523468,True
STACK,q16_ed2ffeae,1,1.5199759304523468,1.5199759304523468,True
STACK,q16_ed2ffeae,0,1.5199759304523468,1.5199759304523468,True
STACK,q16_f67cec3d,63,0.10477468371391296,0.10477468371391296,True
STACK,q16_f67cec3d,62,0.10477468371391296,0.10477468371391296,True
STACK,q16_f67cec3d,61,0.10477468371391296,0.10477468371391296,True
STACK,q16_f67cec3d,60,0.10477468371391296,0.10477468371391296,True
STACK,q16_f67cec3d,59,0.10477468371391296,0.10477468371391296,True
STACK,q16_f67cec3d,58,0.10477468371391296,0.10477468371391296,True
STACK,q16_f67cec3d,57,0.10477468371391296,0.10477468371391296,True
STACK,q16_f67cec3d,56,0.10477468371391296,0.10477468371391296,True
STACK,q16_f67cec3d,55,0.10477468371391296,0.10477468371391296,True
STACK,q16_f67cec3d,54,0.10477468371391296,0.10477468371391296,True
STACK,q16_f67cec3d,53,0.10477468371391296,0.10477468371391296,True
STACK,q16_f67cec3d,52,0.10477468371391296,0.10477468371391296,True
STACK,q16_f67cec3d,51,0.10477468371391296,0.10477468371391296,True
STACK,q16_f67cec3d,50,0.10477468371391296,0.10477468371391296,True
STACK,q16_f67cec3d,49,0.10477468371391296,0.10477468371391296,True
STACK,q16_f67cec3d,48,0.10477468371391296,0.10477468371391296,True
STACK,q16_f67cec3d,47,0.10477468371391296,0.10477468371391296,True
STACK,q16_f67cec3d,46,0.10477468371391296,0.10477468371391296,True
STACK,q16_f67cec3d,45,0.10477468371391296,0.10477468371391296,True
STACK,q16_f67cec3d,44,0.10477468371391296,0.10477468371391296,True
STACK,q16_f67cec3d,43,0.10477468371391296,0.10477468371391296,True
STACK,q16_f67cec3d,42,0.10477468371391296,0.10477468371391296,True
STACK,q16_f67cec3d,41,0.10477468371391296,0.10477468371391296,True
STACK,q16_f67cec3d,40,0.10477468371391296,0.10477468371391296,True
STACK,q16_f67cec3d,39,0.10477468371391296,0.10477468371391296,True
STACK,q16_f67cec3d,38,0.10477468371391296,0.10477468371391296,True
STACK,q16_f67cec3d,37,0.10477468371391296,0.10477468371391296,True
STACK,q16_f67cec3d,36,0.10477468371391296,0.10477468371391296,True
STACK,q16_f67cec3d,35,0.10477468371391296,0.10477468371391296,True
STACK,q16_f67cec3d,34,0.10477468371391296,0.10477468371391296,True
STACK,q16_f67cec3d,33,0.10477468371391296,0.10477468371391296,True
STACK,q16_f67cec3d,32,0.10477468371391296,0.10477468371391296,True
STACK,q16_f67cec3d,31,0.10477468371391296,0.10477468371391296,True
STACK,q16_f67cec3d,30,0.10477468371391296,0.10477468371391296,True
STACK,q16_f67cec3d,29,0.10477468371391296,0.10477468371391296,True
STACK,q16_f67cec3d,28,0.10477468371391296,0.10477468371391296,True
STACK,q16_f67cec3d,27,0.10477468371391296,0.10477468371391296,True
STACK,q16_f67cec3d,26,0.10477468371391296,0.10477468371391296,True
STACK,q16_f67cec3d,25,0.10477468371391296,0.10477468371391296,True
STACK,q16_f67cec3d,24,0.10477468371391296,0.10477468371391296,True
STACK,q16_f67cec3d,23,0.10477468371391296,0.10477468371391296,True
STACK,q16_f67cec3d,22,0.10477468371391296,0.10477468371391296,True
STACK,q16_f67cec3d,21,0.10477468371391296,0.10477468371391296,True
STACK,q16_f67cec3d,20,0.10477468371391296,0.10477468371391296,True
STACK,q16_f67cec3d,19,0.10477468371391296,0.10477468371391296,True
STACK,q16_f67cec3d,18,0.10477468371391296,0.10477468371391296,True
STACK,q16_f67cec3d,17,0.10477468371391296,0.10477468371391296,True
STACK,q16_f67cec3d,16,0.10477468371391296,0.10477468371391296,True
STACK,q16_f67cec3d,15,0.10477468371391296,0.10477468371391296,True
STACK,q16_f67cec3d,14,0.10477468371391296,0.10477468371391296,True
STACK,q16_f67cec3d,13,0.10477468371391296,0.10477468371391296,True
STACK,q16_f67cec3d,12,0.10477468371391296,0.10477468371391296,True
STACK,q16_f67cec3d,11,0.10477468371391296,0.10477468371391296,True
STACK,q16_f67cec3d,10,0.10477468371391296,0.10477468371391296,True
STACK,q16_f67cec3d,9,0.10477468371391296,0.10477468371391296,True
STACK,q16_f67cec3d,8,0.10477468371391296,0.10477468371391296,True
STACK,q16_f67cec3d,7,0.10477468371391296,0.10477468371391296,True
STACK,q16_f67cec3d,6,0.10477468371391296,0.10477468371391296,True
STACK,q16_f67cec3d,5,0.10477468371391296,0.10477468371391296,True
STACK,q16_f67cec3d,4,0.10477468371391296,0.10477468371391296,True
STACK,q16_f67cec3d,3,0.10477468371391296,0.10477468371391296,True
STACK,q16_f67cec3d,2,0.10477468371391296,0.10477468371391296,True
STACK,q16_f67cec3d,1,0.10477468371391296,0.10477468371391296,True
STACK,q16_f67cec3d,0,0.10477468371391296,0.10477468371391296,True
STACK,q16_fbe34e8f,63,4.2250310108065605,4.2250310108065605,True
STACK,q16_fbe34e8f,62,4.2250310108065605,4.2250310108065605,True
STACK,q16_fbe34e8f,61,4.2250310108065605,4.2250310108065605,True
STACK,q16_fbe34e8f,60,4.2250310108065605,4.2157445549964905,False
STACK,q16_fbe34e8f,59,4.2157445549964905,4.2157445549964905,True
STACK,q16_fbe34e8f,58,4.2157445549964905,4.2157445549964905,True
STACK,q16_fbe34e8f,57,4.2157445549964905,4.2157445549964905,True
STACK,q16_fbe34e8f,56,4.2157445549964905,4.2157445549964905,True
STACK,q16_fbe34e8f,55,4.2157445549964905,4.2157445549964905,True
STACK,q16_fbe34e8f,54,4.2157445549964905,4.2157445549964905,True
STACK,q16_fbe34e8f,53,4.2157445549964905,4.2157445549964905,True
STACK,q16_fbe34e8f,52,4.2157445549964905,4.2157445549964905,True
STACK,q16_fbe34e8f,51,4.2157445549964905,4.2157445549964905,True
STACK,q16_fbe34e8f,50,4.2157445549964905,4.2157445549964905,True
STACK,q16_fbe34e8f,49,4.2157445549964905,4.2157445549964905,True
STACK,q16_fbe34e8f,48,4.2157445549964905,4.2157445549964905,True
STACK,q16_fbe34e8f,47,4.2157445549964905,4.2157445549964905,True
STACK,q16_fbe34e8f,46,4.2157445549964905,4.2157445549964905,True
STACK,q16_fbe34e8f,45,4.2157445549964905,4.2157445549964905,True
STACK,q16_fbe34e8f,44,4.2157445549964905,4.2157445549964905,True
STACK,q16_fbe34e8f,43,4.2157445549964905,4.2157445549964905,True
STACK,q16_fbe34e8f,42,4.2157445549964905,4.2157445549964905,True
STACK,q16_fbe34e8f,41,4.2157445549964905,4.2157445549964905,True
STACK,q16_fbe34e8f,40,4.2157445549964905,4.2157445549964905,True
STACK,q16_fbe34e8f,39,4.2157445549964905,4.2157445549964905,True
STACK,q16_fbe34e8f,38,4.2157445549964905,4.2157445549964905,True
STACK,q16_fbe34e8f,37,4.2157445549964905,4.2157445549964905,True
STACK,q16_fbe34e8f,36,4.2157445549964905,4.2157445549964905,True
STACK,q16_fbe34e8f,35,4.2157445549964905,4.2157445549964905,True
STACK,q16_fbe34e8f,34,4.2157445549964905,4.2157445549964905,True
STACK,q16_fbe34e8f,33,4.2157445549964905,4.2157445549964905,True
STACK,q16_fbe34e8f,32,4.2157445549964905,4.2157445549964905,True
STACK,q16_fbe34e8f,31,4.2157445549964905,4.2157445549964905,True
STACK,q16_fbe34e8f,30,4.2157445549964905,4.2157445549964905,True
STACK,q16_fbe34e8f,29,4.2157445549964905,4.2157445549964905,True
STACK,q16_fbe34e8f,28,4.2157445549964905,4.2157445549964905,True
STACK,q16_fbe34e8f,27,4.2157445549964905,4.2157445549964905,True
STACK,q16_fbe34e8f,26,4.2157445549964905,4.2157445549964905,True
STACK,q16_fbe34e8f,25,4.2157445549964905,4.2157445549964905,True
STACK,q16_fbe34e8f,24,4.2157445549964905,4.2157445549964905,True
STACK,q16_fbe34e8f,23,4.2157445549964905,4.2157445549964905,True
STACK,q16_fbe34e8f,22,4.2157445549964905,4.2157445549964905,True
STACK,q16_fbe34e8f,21,4.2157445549964905,4.2157445549964905,True
STACK,q16_fbe34e8f,20,4.2157445549964905,4.2157445549964905,True
STACK,q16_fbe34e8f,19,4.2157445549964905,4.2157445549964905,True
STACK,q16_fbe34e8f,18,4.2157445549964905,4.2157445549964905,True
STACK,q16_fbe34e8f,17,4.2157445549964905,4.2157445549964905,True
STACK,q16_fbe34e8f,16,4.2157445549964905,4.2157445549964905,True
STACK,q16_fbe34e8f,15,4.2157445549964905,4.2157445549964905,True
STACK,q16_fbe34e8f,14,4.2157445549964905,4.2157445549964905,True
STACK,q16_fbe34e8f,13,4.2157445549964905,4.2157445549964905,True
STACK,q16_fbe34e8f,12,4.2157445549964905,4.2157445549964905,True
STACK,q16_fbe34e8f,11,4.2157445549964905,4.2157445549964905,True
STACK,q16_fbe34e8f,10,4.2157445549964905,4.2157445549964905,True
STACK,q16_fbe34e8f,9,4.2157445549964905,4.2157445549964905,True
STACK,q16_fbe34e8f,8,4.2157445549964905,4.2157445549964905,True
STACK,q16_fbe34e8f,7,4.2157445549964905,4.2157445549964905,True
STACK,q16_fbe34e8f,6,4.2157445549964905,4.2157445549964905,True
STACK,q16_fbe34e8f,5,4.2157445549964905,4.2157445549964905,True
STACK,q16_fbe34e8f,4,4.2157445549964905,4.2157445549964905,True
STACK,q16_fbe34e8f,3,4.2157445549964905,4.2157445549964905,True
STACK,q16_fbe34e8f,2,4.2157445549964905,4.2157445549964905,True
STACK,q16_fbe34e8f,1,4.2157445549964905,4.2157445549964905,True
STACK,q16_fbe34e8f,0,4.2157445549964905,4.2157445549964905,True
