dataset,protocol,fold,sql_path,method,runtime_ms,inference_ms,status,result_hash,result_rows,cache_id,trajectory_hash,checkpoint,actions_json
STACK,,,./workloads/query_stack/q1_q1-009.sql,PostgreSQL,16.072981059551,0.000000000000,ok,1577dd87c87a98a945bdfe6241f8ba8bec74386da1356559492e5256c64b3898,1,,,,
STACK,,,./workloads/query_stack/q1_q1-031.sql,PostgreSQL,13.277173042297,0.000000000000,ok,c477fc5cdc9f42cb68ce4b5e84826064e0ef04fbabe63d5ca7f0fc8fb38f76f3,1,,,,
STACK,,,./workloads/query_stack/q1_q1-035.sql,PostgreSQL,13.140797615051,0.000000000000,ok,7be53cf6bfcc260821b51f2c5281ced2aab32cdec4c0c1ec0ca3d8c126a82fcc,1,,,,
STACK,,,./workloads/query_stack/q1_q1-067.sql,PostgreSQL,164.338953793049,0.000000000000,ok,c9dd46b1aecc1a0a57b83d992be22c22864c2883017313681fcdbf86176dde23,1,,,,
STACK,,,./workloads/query_stack/q1_q1-075.sql,PostgreSQL,311.737403273582,0.000000000000,ok,cf40347cf084bcb3d570668aa63c9cef9a86397fa803bc744f1d545474737cc8,1,,,,
STACK,,,./workloads/query_stack/q1_q1-098.sql,PostgreSQL,2001.949317753315,0.000000000000,ok,960e6a0ef13e52079a1dd42799d19055a56c769a39e14a684d9eb6f5622bbf80,1,,,,
STACK,,,./workloads/query_stack/q1_q1-099.sql,PostgreSQL,1528.415597975254,0.000000000000,ok,255101fdda1ca3c2f3ae58e6353cad7b564a2197a2ad759d263029a75242bd42,1,,,,
STACK,,,./workloads/query_stack/q1_q1-100.sql,PostgreSQL,1696.248359978199,0.000000000000,ok,52029182550f0fa47543f84955fe7331aee1b72157eef7aa11b62ee2ce8e196b,1,,,,
STACK,,,./workloads/query_stack/q2_q2-001.sql,PostgreSQL,11827.897585928440,0.000000000000,ok,2bffd8ab17a26b8370abfb88738303108d002a210e14acef9be8cc960c321c99,5,,,,
STACK,,,./workloads/query_stack/q2_q2-012.sql,PostgreSQL,7730.792440474033,0.000000000000,ok,27da984fe72a918d0bc65b9ba989e9430456981e1023a8f857fa04cfaf8fd1ac,12,,,,
STACK,,,./workloads/query_stack/q2_q2-032.sql,PostgreSQL,13530.390694737434,0.000000000000,ok,cbcc4bf18be978bc8e11361047893040b820f9342b513c47cd5de359c6ec5d3c,24,,,,
STACK,,,./workloads/query_stack/q2_q2-035.sql,PostgreSQL,3606.933459639549,0.000000000000,ok,fa9b5a8f3c77364c08b65a0e726eefa22e85e339e1d6b78011517860581ee954,109,,,,
STACK,,,./workloads/query_stack/q2_q2-050.sql,PostgreSQL,1793.040893971920,0.000000000000,ok,ed74d41b92f52f7e73691e61cf1c0ef9bda5896e118a93c3ae95b014878fec2f,1,,,,
STACK,,,./workloads/query_stack/q2_q2-081.sql,PostgreSQL,4658.656284213066,0.000000000000,ok,a55663d3b1103aaa5f8c0e754135a294fb747d85d45c624c9b0e1ea9c8593144,35,,,,
STACK,,,./workloads/query_stack/q2_q2-094.sql,PostgreSQL,3435.539714992046,0.000000000000,ok,358694287b9a980bbf566835d9f6822a80f9476f4899462d14c403363363a9ba,7,,,,
STACK,,,./workloads/query_stack/q2_q2-098.sql,PostgreSQL,60000.000000000000,0.000000000000,timeout,,,,,,
STACK,,,./workloads/query_stack/q3_q3-018.sql,PostgreSQL,733.416236937046,0.000000000000,ok,2bb4771eebb7b47365089a6a19756f2e83053e8323d7cd31fa1b6cfcfa7c9c64,1,,,,
STACK,,,./workloads/query_stack/q3_q3-040.sql,PostgreSQL,3714.087605476379,0.000000000000,ok,a982d9cbf4f754d298d550f90214aeaea2ac8b6765c2678c2d16e00c7c326586,1,,,,
STACK,,,./workloads/query_stack/q3_q3-043.sql,PostgreSQL,814.068607985973,0.000000000000,ok,e6f0f8d79adc05f93040da91ab04f3d215ad4b06c20176285c0994a20326a1c7,1,,,,
STACK,,,./workloads/query_stack/q3_q3-046.sql,PostgreSQL,660.755731165409,0.000000000000,ok,2bb4771eebb7b47365089a6a19756f2e83053e8323d7cd31fa1b6cfcfa7c9c64,1,,,,
STACK,,,./workloads/query_stack/q3_q3-066.sql,PostgreSQL,1254.288487136364,0.000000000000,ok,9f6bdf0bf7115edfd6324c9577f3fe29a7fe0693b1536fc82a76924f2d2e0a11,1,,,,
STACK,,,./workloads/query_stack/q3_q3-068.sql,PostgreSQL,725.630149245262,0.000000000000,ok,e6f0f8d79adc05f93040da91ab04f3d215ad4b06c20176285c0994a20326a1c7,1,,,,
STACK,,,./workloads/query_stack/q3_q3-086.sql,PostgreSQL,774.912789463997,0.000000000000,ok,ce8ae4a1c41bb6ace1751e8b691713500edc7b921b9a42bfde4909ad43ad647a,1,,,,
STACK,,,./workloads/query_stack/q3_q3-099.sql,PostgreSQL,1984.883368015289,0.000000000000,ok,fa879e4fc50b8c9696eb4dbd6a0b301941889f11c3953bede1a1f9308c6c8618,1,,,,
STACK,,,./workloads/query_stack/q4_q4-002.sql,PostgreSQL,85.837624967098,0.000000000000,ok,c864892cebf2bcd76361025abefe0b45c273b6bc88fcaac7524509b0da45d13a,1,,,,
STACK,,,./workloads/query_stack/q4_q4-026.sql,PostgreSQL,81.818446516991,0.000000000000,ok,8208a27f62e0680bc5279d146a02a85f041481025e09191fdd95e7bdd0ad9f20,1,,,,
STACK,,,./workloads/query_stack/q4_q4-041.sql,PostgreSQL,139.216721057892,0.000000000000,ok,fe54d4286ce6086681006e1ecd09fc9d152845c4463b3e5b8b6c728ee4e234f9,1,,,,
STACK,,,./workloads/query_stack/q4_q4-042.sql,PostgreSQL,94.661585986614,0.000000000000,ok,60d4eef18cbac5e212273096a23605ea2d76084c15c470f1fa0b4c3005541cdf,1,,,,
STACK,,,./workloads/query_stack/q4_q4-064.sql,PostgreSQL,78.532852232456,0.000000000000,ok,061b93499c5df4faf14c2c35585ff6323c63abe189179e7cce2ceec7267b0577,1,,,,
STACK,,,./workloads/query_stack/q4_q4-074.sql,PostgreSQL,115.583188831806,0.000000000000,ok,e242775e50269233bc6c5bce3dad769a5bbb2594d81b0f4e31efacfa89bf001f,1,,,,
STACK,,,./workloads/query_stack/q4_q4-086.sql,PostgreSQL,140.473820269108,0.000000000000,ok,f06b83fdb51fc65e64ede37c596474b57059177cc94cf5f546ffa37722348e0a,1,,,,
STACK,,,./workloads/query_stack/q4_q4-089.sql,PostgreSQL,145.928747951984,0.000000000000,ok,79025d35b461862d663194eb59bac4ed4bfb82e2141585511442bd74e1be8146,1,,,,
STACK,,,./workloads/query_stack/q5_q5-015.sql,PostgreSQL,24.201527237892,0.000000000000,ok,ad2301e16f8ac0e556a59dd245bfdf55c48548fd352f0cf92a385882c89aebbd,1,,,,
STACK,,,./workloads/query_stack/q5_q5-032.sql,PostgreSQL,32.525978982449,0.000000000000,ok,ad2301e16f8ac0e556a59dd245bfdf55c48548fd352f0cf92a385882c89aebbd,1,,,,
STACK,,,./workloads/query_stack/q5_q5-041.sql,PostgreSQL,50.507888197899,0.000000000000,ok,7be53cf6bfcc260821b51f2c5281ced2aab32cdec4c0c1ec0ca3d8c126a82fcc,1,,,,
STACK,,,./workloads/query_stack/q5_q5-052.sql,PostgreSQL,33.131241798401,0.000000000000,ok,ad2301e16f8ac0e556a59dd245bfdf55c48548fd352f0cf92a385882c89aebbd,1,,,,
STACK,,,./workloads/query_stack/q5_q5-059.sql,PostgreSQL,41.458740830421,0.000000000000,ok,fa879e4fc50b8c9696eb4dbd6a0b301941889f11c3953bede1a1f9308c6c8618,1,,,,
STACK,,,./workloads/query_stack/q5_q5-077.sql,PostgreSQL,33.538751304150,0.000000000000,ok,fa879e4fc50b8c9696eb4dbd6a0b301941889f11c3953bede1a1f9308c6c8618,1,,,,
STACK,,,./workloads/query_stack/q5_q5-079.sql,PostgreSQL,61.621673405170,0.000000000000,ok,2bb4771eebb7b47365089a6a19756f2e83053e8323d7cd31fa1b6cfcfa7c9c64,1,,,,
STACK,,,./workloads/query_stack/q5_q5-082.sql,PostgreSQL,49.585871398449,0.000000000000,ok,ce8ae4a1c41bb6ace1751e8b691713500edc7b921b9a42bfde4909ad43ad647a,1,,,,
STACK,,,./workloads/query_stack/q6_q6-002.sql,PostgreSQL,74.027560651302,0.000000000000,ok,97aa4c18bf50ae3fa51216a478a137f40638640a06e47808742366f7e91f2e2f,1,,,,
STACK,,,./workloads/query_stack/q6_q6-009.sql,PostgreSQL,34.136340022087,0.000000000000,ok,fa879e4fc50b8c9696eb4dbd6a0b301941889f11c3953bede1a1f9308c6c8618,1,,,,
STACK,,,./workloads/query_stack/q6_q6-060.sql,PostgreSQL,92.421293258667,0.000000000000,ok,97aa4c18bf50ae3fa51216a478a137f40638640a06e47808742366f7e91f2e2f,1,,,,
STACK,,,./workloads/query_stack/q6_q6-064.sql,PostgreSQL,40.785446763039,0.000000000000,ok,6518978a26809bbdf6469a623c9f6104faa2d413a314e3a4152fa2196829ff2b,1,,,,
STACK,,,./workloads/query_stack/q6_q6-065.sql,PostgreSQL,37.565864622593,0.000000000000,ok,64043c6a0d07cdab8939a506f1a097454642c5f07efa20f7d4c6ef417b0776a6,1,,,,
STACK,,,./workloads/query_stack/q6_q6-067.sql,PostgreSQL,38.795210421085,0.000000000000,ok,ce8ae4a1c41bb6ace1751e8b691713500edc7b921b9a42bfde4909ad43ad647a,1,,,,
STACK,,,./workloads/query_stack/q6_q6-069.sql,PostgreSQL,39.552137255669,0.000000000000,ok,64043c6a0d07cdab8939a506f1a097454642c5f07efa20f7d4c6ef417b0776a6,1,,,,
STACK,,,./workloads/query_stack/q6_q6-085.sql,PostgreSQL,35.171926021576,0.000000000000,ok,6518978a26809bbdf6469a623c9f6104faa2d413a314e3a4152fa2196829ff2b,1,,,,
STACK,,,./workloads/query_stack/q7_q7-034.sql,PostgreSQL,6995.234265923500,0.000000000000,ok,fa879e4fc50b8c9696eb4dbd6a0b301941889f11c3953bede1a1f9308c6c8618,1,,,,
STACK,,,./workloads/query_stack/q7_q7-036.sql,PostgreSQL,4882.329158484936,0.000000000000,ok,fa879e4fc50b8c9696eb4dbd6a0b301941889f11c3953bede1a1f9308c6c8618,1,,,,
STACK,,,./workloads/query_stack/q7_q7-047.sql,PostgreSQL,5365.501314401627,0.000000000000,ok,fa879e4fc50b8c9696eb4dbd6a0b301941889f11c3953bede1a1f9308c6c8618,1,,,,
STACK,,,./workloads/query_stack/q7_q7-077.sql,PostgreSQL,4869.890533387661,0.000000000000,ok,91ceb6f253ad07a97c56603d48d7757d57db954f6118e3b861b1b2a27fffc679,1,,,,
STACK,,,./workloads/query_stack/q7_q7-082.sql,PostgreSQL,4961.613900959492,0.000000000000,ok,64043c6a0d07cdab8939a506f1a097454642c5f07efa20f7d4c6ef417b0776a6,1,,,,
STACK,,,./workloads/query_stack/q7_q7-085.sql,PostgreSQL,5238.859362900257,0.000000000000,ok,6d776eb7da1ae8477f7038ddf562c90e9a7a7070bdd1e4229ad8df4edf82ad33,1,,,,
STACK,,,./workloads/query_stack/q7_q7-095.sql,PostgreSQL,5129.824258387089,0.000000000000,ok,6e5557b7569a2d9a71b5f22b1f0b662ac75e91e1a3f70a0e8efb120b7f2df8f8,1,,,,
STACK,,,./workloads/query_stack/q7_q7-099.sql,PostgreSQL,5089.789614081383,0.000000000000,ok,e6097a493b497f00231f62efb8f5a998c223e2cd8bf8f4813d3f9efb2ac1da29,1,,,,
STACK,,,./workloads/query_stack/q8_q8-006.sql,PostgreSQL,288.267016410828,0.000000000000,ok,fa879e4fc50b8c9696eb4dbd6a0b301941889f11c3953bede1a1f9308c6c8618,1,,,,
STACK,,,./workloads/query_stack/q8_q8-025.sql,PostgreSQL,298.319205641747,0.000000000000,ok,fa879e4fc50b8c9696eb4dbd6a0b301941889f11c3953bede1a1f9308c6c8618,1,,,,
STACK,,,./workloads/query_stack/q8_q8-046.sql,PostgreSQL,295.033045113087,0.000000000000,ok,fa879e4fc50b8c9696eb4dbd6a0b301941889f11c3953bede1a1f9308c6c8618,1,,,,
STACK,,,./workloads/query_stack/q8_q8-062.sql,PostgreSQL,294.676281511784,0.000000000000,ok,fa879e4fc50b8c9696eb4dbd6a0b301941889f11c3953bede1a1f9308c6c8618,1,,,,
STACK,,,./workloads/query_stack/q8_q8-065.sql,PostgreSQL,301.676206290722,0.000000000000,ok,fa879e4fc50b8c9696eb4dbd6a0b301941889f11c3953bede1a1f9308c6c8618,1,,,,
STACK,,,./workloads/query_stack/q8_q8-074.sql,PostgreSQL,297.809921205044,0.000000000000,ok,fa879e4fc50b8c9696eb4dbd6a0b301941889f11c3953bede1a1f9308c6c8618,1,,,,
STACK,,,./workloads/query_stack/q8_q8-076.sql,PostgreSQL,305.068626999855,0.000000000000,ok,fa879e4fc50b8c9696eb4dbd6a0b301941889f11c3953bede1a1f9308c6c8618,1,,,,
STACK,,,./workloads/query_stack/q8_q8-096.sql,PostgreSQL,299.946971237659,0.000000000000,ok,fa879e4fc50b8c9696eb4dbd6a0b301941889f11c3953bede1a1f9308c6c8618,1,,,,
STACK,,,./workloads/query_stack/q11_0ea8bacd.sql,PostgreSQL,111.754968762398,0.000000000000,ok,d8714971266ec8c7c623401c8ef3cfc2c3c21cadce072ea6c3c14b1b960e5d8a,1,,,,
STACK,,,./workloads/query_stack/q11_6c5cba41.sql,PostgreSQL,103.572323918343,0.000000000000,ok,cba0e349060d87f9d9efb4ab6cfd35c7343a26f4929c5136bc22f9c8d1723098,1,,,,
STACK,,,./workloads/query_stack/q11_33e1caf2.sql,PostgreSQL,50.609633326530,0.000000000000,ok,9e3b62d12632fdde1d17610fcaa2affa9c7e3a4cbf1029abc5b91c7a465c0ddd,1,,,,
STACK,,,./workloads/query_stack/q11_87c4bd09.sql,PostgreSQL,312.577880918980,0.000000000000,ok,d3672bfaec19b14a49db24366991fed416d55ba1b1afb3722ad7bf05e7668e8a,1,,,,
STACK,,,./workloads/query_stack/q11_9389f588.sql,PostgreSQL,45.223928987980,0.000000000000,ok,70f7c7f2bcbaa98648b1c741070a164123c7a04051ada67710a405b381cb1cd1,1,,,,
STACK,,,./workloads/query_stack/q11_aa96c8d7.sql,PostgreSQL,39.012983441353,0.000000000000,ok,130dcd222834c7e47fd6a119d24a3b31a7e26e9235dc5e691ad3eed784d3ceb0,1,,,,
STACK,,,./workloads/query_stack/q11_c1ae2a99.sql,PostgreSQL,1478.957109153271,0.000000000000,ok,a7fbc628e4f0fe299002929e19aa84006948dfae33a95fca05719346f54681a3,1,,,,
STACK,,,./workloads/query_stack/q11_e4ca3559.sql,PostgreSQL,77.820047736168,0.000000000000,ok,255ac23e8fbaca2243d0524f1e073de062c703842d9a82ad2ce5d4665413825e,1,,,,
STACK,,,./workloads/query_stack/q12_5a5ff9bd.sql,PostgreSQL,116.583317518234,0.000000000000,ok,2934b8d7bb9d7519f1ab3ed39f2118bc5d4279b4b04c567a9556fcdf8448dbb4,9,,,,
STACK,,,./workloads/query_stack/q12_06c8d688.sql,PostgreSQL,75.226493179798,0.000000000000,ok,614ede66a2aaef39ffa39f441e6887c4c46862a51b25e9c602f6275437058114,8,,,,
STACK,,,./workloads/query_stack/q12_55de941e.sql,PostgreSQL,562.868393957615,0.000000000000,ok,7c04cb117b64d5e82b1480272f24d0d1affe6bca9f9976ddd2e88f1e7a5cae8d,9,,,,
STACK,,,./workloads/query_stack/q12_76a47868.sql,PostgreSQL,539.560548961163,0.000000000000,ok,b6354e178d7ce9ef82413cda694713ea1d7720d89e1207cd294fc2eba8ef30e4,11,,,,
STACK,,,./workloads/query_stack/q12_547c6bf1.sql,PostgreSQL,58.064796030521,0.000000000000,ok,53c32537e2706ea555035f400177e182935ae0cace6a78a1f865148acdfae803,2,,,,
STACK,,,./workloads/query_stack/q12_812a3eff.sql,PostgreSQL,673.781059682369,0.000000000000,ok,0369ac8ed687e16231eff9f27fe9c2deeb80fecdfc88c57ac2626c6e3ca5a9f6,12,,,,
STACK,,,./workloads/query_stack/q12_07007205.sql,PostgreSQL,190.399341285229,0.000000000000,ok,a8660971c13bda6892982fd95cb1bbdd370bc2fab56684c988a8d98013fccaad,12,,,,
STACK,,,./workloads/query_stack/q12_bde6c0cf.sql,PostgreSQL,93.794360756874,0.000000000000,ok,6defe877c43e3377fb6fec1332eb2fc39902c1d9639d991d162667495264b206,1,,,,
STACK,,,./workloads/query_stack/q13_1ddcc865.sql,PostgreSQL,1228.555984795094,0.000000000000,ok,649577436345ea56caa627a6ed130505d2986502747d92dd5005d54512cd93ea,100,,,,
STACK,,,./workloads/query_stack/q13_13ad1b8c.sql,PostgreSQL,515.417337417603,0.000000000000,ok,21894051dc6fa3dbf1b9115c7a542c38172062f5548aa7faef84be307cbcf2b4,100,,,,
STACK,,,./workloads/query_stack/q13_935e2051.sql,PostgreSQL,4081.970028579235,0.000000000000,ok,4401b954267f13b830ce2ec8d46621c68e8c68dbf75b8913a037969770470043,100,,,,
STACK,,,./workloads/query_stack/q13_a3d03772.sql,PostgreSQL,1015.794619917870,0.000000000000,ok,a94e5be2ac2a5a962361e4d8f3a46ec8fcde51687e823a96bca666cf1df22f1a,100,,,,
STACK,,,./workloads/query_stack/q13_a091adce.sql,PostgreSQL,352.170251309872,0.000000000000,ok,a59b2234ed545dcc20f8bfc005221462bd1347d6668015e2072b2373e846c441,4,,,,
STACK,,,./workloads/query_stack/q13_add0df9d.sql,PostgreSQL,933.907188475132,0.000000000000,ok,afe44109bd44e9f34ecedd6761100dceac2df4e50957fcd231db7fa74bf0796a,100,,,,
STACK,,,./workloads/query_stack/q13_d383cd5b.sql,PostgreSQL,271.229930222034,0.000000000000,ok,2b04709ff233cd90009048148fec2888e2bafca5279ebb63c1cfe8968a9ab651,26,,,,
STACK,,,./workloads/query_stack/q13_d4707be2.sql,PostgreSQL,436.559110879898,0.000000000000,ok,39f37f8d1931b3bdf767e7510dd69509fbf23af1f7654933d0a4d291cbdd4418,0,,,,
STACK,,,./workloads/query_stack/q14_5dbc1d1f.sql,PostgreSQL,2853.279948234558,0.000000000000,ok,f0526abda0afba7e858d078bce3c527d096c9f06da013de76c6d2f5721e90398,1,,,,
STACK,,,./workloads/query_stack/q14_5e4835cd.sql,PostgreSQL,181.295469403267,0.000000000000,ok,3c3561d9be4e1a810a5e229fa8a97574455defecb40c297c44c31533c61f435f,1,,,,
STACK,,,./workloads/query_stack/q14_63c0776f.sql,PostgreSQL,131.825253367424,0.000000000000,ok,32c0946967efead2bd089e99644f90d207400683bf559a4be840bee9f7dbbf7f,1,,,,
STACK,,,./workloads/query_stack/q14_74fd1af6.sql,PostgreSQL,3484.448097646236,0.000000000000,ok,978c8041cd7342af73a282341c3706aad2722c3a99b41dc651b18cef8f097526,1,,,,
STACK,,,./workloads/query_stack/q14_97e68ad5.sql,PostgreSQL,3639.594681560993,0.000000000000,ok,c0f48286152404264514ca1921fd05473e1364e28d9f3781497d40defe26277b,1,,,,
STACK,,,./workloads/query_stack/q14_719e692d.sql,PostgreSQL,510.810121893883,0.000000000000,ok,33bea737f9a6478bb4f563e9f233b2617c72d1fa9cd3f204db8616f70d46fdec,1,,,,
STACK,,,./workloads/query_stack/q14_4063b6cb.sql,PostgreSQL,1087.987765669823,0.000000000000,ok,fe2f7dd0d44c1b9b48863fba184ea3f2c3ce0fc72954f6ddd1c8a3675c541ed8,1,,,,
STACK,,,./workloads/query_stack/q14_b49361f8.sql,PostgreSQL,234.621338546276,0.000000000000,ok,f0bbc0e87fbfe8dd57d576746037b6b4bc1bef3cd6fd67edaa01de9b3c9bc528,1,,,,
STACK,,,./workloads/query_stack/q15_3e37e626.sql,PostgreSQL,834.819048643112,0.000000000000,ok,e4d972c3a9bdf5708181172e8946fde1bfbfe5b07e00bc84c8ed54650a1f181b,39,,,,
STACK,,,./workloads/query_stack/q15_21e4988a.sql,PostgreSQL,298.691868782043,0.000000000000,ok,457e49a570b12578dc461ae2d43eac05bee2ee7233e797823545b8d6e65d4212,53,,,,
STACK,,,./workloads/query_stack/q15_543ab3f7.sql,PostgreSQL,202.505312860012,0.000000000000,ok,b5de167d40941317a62ce34f775428763184c054b938b979bdf442f507469adc,5,,,,
STACK,,,./workloads/query_stack/q15_78995a5f.sql,PostgreSQL,613.450728356838,0.000000000000,ok,a206509f05da48a86317b5070e31132b2cb37b1416ea7ebad228e1173c9bebfa,84,,,,
STACK,,,./workloads/query_stack/q15_b2ee2c78.sql,PostgreSQL,771.636232733727,0.000000000000,ok,bbd152009fca41e4f353c74fecde714192725b482e98e391ea8b6a1b7b10c945,78,,,,
STACK,,,./workloads/query_stack/q15_b8ddf65b.sql,PostgreSQL,330.499969422817,0.000000000000,ok,39f37f8d1931b3bdf767e7510dd69509fbf23af1f7654933d0a4d291cbdd4418,0,,,,
STACK,,,./workloads/query_stack/q15_c9619ad4.sql,PostgreSQL,412.064544856548,0.000000000000,ok,db0123da1723595988b952315ebd2d55af7b8b9f359d55f8926612fce74f550c,33,,,,
STACK,,,./workloads/query_stack/q15_d5546c01.sql,PostgreSQL,192.796275019646,0.000000000000,ok,39f37f8d1931b3bdf767e7510dd69509fbf23af1f7654933d0a4d291cbdd4418,0,,,,
STACK,,,./workloads/query_stack/q16_1e863562.sql,PostgreSQL,3356.219880282879,0.000000000000,ok,6fd9c485f76b5442e76ecea6174c73f10666b4513cc39b8d6e566997ad4f1ca9,1,,,,
STACK,,,./workloads/query_stack/q16_374e3e4c.sql,PostgreSQL,4726.928986608982,0.000000000000,ok,8d8b4d96afd394123bbb18c13c219dd72ad774255a865ae566958ea4a9bae9b3,1,,,,
STACK,,,./workloads/query_stack/q16_b1a96cd4.sql,PostgreSQL,707.876302301884,0.000000000000,ok,980d489b6da5cdf4f22af2750a8b2e91ab95ee5be9be8e3eaa04b83f954dfa03,1,,,,
STACK,,,./workloads/query_stack/q16_d5290889.sql,PostgreSQL,204.281255602837,0.000000000000,ok,6df0e219ac573723d552586b66c486c20731ea236011d7d2c4401ec2789e452e,1,,,,
STACK,,,./workloads/query_stack/q16_ea9efde5.sql,PostgreSQL,479.712627828121,0.000000000000,ok,588ebdf1895dab972e82595e1a87bf136b29bd1c2c8db1d62a8829e64aa6c149,1,,,,
STACK,,,./workloads/query_stack/q16_ed2ffeae.sql,PostgreSQL,1431.880205869675,0.000000000000,ok,fa879e4fc50b8c9696eb4dbd6a0b301941889f11c3953bede1a1f9308c6c8618,1,,,,
STACK,,,./workloads/query_stack/q16_f67cec3d.sql,PostgreSQL,225.493200123310,0.000000000000,ok,fa879e4fc50b8c9696eb4dbd6a0b301941889f11c3953bede1a1f9308c6c8618,1,,,,
STACK,,,./workloads/query_stack/q16_fbe34e8f.sql,PostgreSQL,5718.176394701004,0.000000000000,ok,f7068151168d36bab68ce51020effcfb9da6973e6f97428e3c5c17dd001ad7c6,1,,,,
STACK,random,c,./workloads/query_stack/q11_e4ca3559.sql,NQO,319.299817085266,212.543000000000,ok,255ac23e8fbaca2243d0524f1e073de062c703842d9a82ad2ce5d4665413825e,1,5fba63956cad6859efaeb121ead0d4385f9638ef26409ab47709fa0d5d0d1b69,3f0494ee5dcfc39edba7d21c04a6dc37fb2b8d1e07a4e35c590f9600264bebe4,./results/models/stack/random/c/best.pt,"[{""action"":{""high_action"":""split"",""order_decision"":""only_cost""},""phase"":""high""},{""action"":{""candidate_id"":0,""schedule_alpha"":0.5},""phase"":""select""},{""action"":{""search_k"":1,""search_strategy"":""default""},""phase"":""search""},{""action"":{""execution_action"":""none"",""lip_action"":""none""},""phase"":""low""},{""action"":{""high_action"":""split"",""order_decision"":""only_cost""},""phase"":""high""},{""action"":{""candidate_id"":1,""schedule_alpha"":0.5},""phase"":""select""},{""action"":{""search_k"":1,""search_strategy"":""default""},""phase"":""search""},{""action"":{""execution_action"":""none"",""lip_action"":""none""},""phase"":""low""},{""action"":{""high_action"":""stop"",""order_decision"":""only_cost""},""phase"":""high""},{""action"":{""search_k"":1,""search_strategy"":""default""},""phase"":""search""},{""action"":{""execution_action"":""none"",""lip_action"":""none""},""phase"":""low""}]"
STACK,random,a,./workloads/query_stack/q11_0ea8bacd.sql,NQO,365.751229226589,219.254000000000,ok,d8714971266ec8c7c623401c8ef3cfc2c3c21cadce072ea6c3c14b1b960e5d8a,1,3a4c4c3dcae01b41223fb19d97d89296a2cda2fa693c10f947c28d0bbc8a3565,84a53ad75a05d04389aeb80c349cb98635a4b267786cc9e0975f9ac94a72b838,./results/models/stack/random/a/best.pt,"[{""action"":{""high_action"":""split"",""order_decision"":""only_cost""},""phase"":""high""},{""action"":{""candidate_id"":0,""schedule_alpha"":0.5},""phase"":""select""},{""action"":{""search_k"":1,""search_strategy"":""default""},""phase"":""search""},{""action"":{""execution_action"":""none"",""lip_action"":""none""},""phase"":""low""},{""action"":{""high_action"":""split"",""order_decision"":""only_cost""},""phase"":""high""},{""action"":{""candidate_id"":1,""schedule_alpha"":0.5},""phase"":""select""},{""action"":{""search_k"":1,""search_strategy"":""default""},""phase"":""search""},{""action"":{""execution_action"":""none"",""lip_action"":""none""},""phase"":""low""},{""action"":{""high_action"":""stop"",""order_decision"":""only_cost""},""phase"":""high""},{""action"":{""search_k"":1,""search_strategy"":""default""},""phase"":""search""},{""action"":{""execution_action"":""none"",""lip_action"":""none""},""phase"":""low""}]"
STACK,random,b,./workloads/query_stack/q11_87c4bd09.sql,NQO,448.541887104511,115.403000000000,ok,d3672bfaec19b14a49db24366991fed416d55ba1b1afb3722ad7bf05e7668e8a,1,017f487d44f5fcb0e22042fe59f4f83cd97c06227644161ac0a8f67ac46e3fcf,6d0a67621880a63943d66c9b16d8510891ba9169466546ce725b301c9f77ef68,./results/models/stack/random/b/best.pt,"[{""action"":{""high_action"":""stop"",""order_decision"":""only_cost""},""phase"":""high""},{""action"":{""search_k"":1,""search_strategy"":""default""},""phase"":""search""},{""action"":{""execution_action"":""none"",""lip_action"":""none""},""phase"":""low""}]"
STACK,random,a,./workloads/query_stack/q11_33e1caf2.sql,NQO,253.048166632650,117.994000000000,timeout,,,8f354b381dc770fae87cd1c08b130b1886a097a780580b5353c09c14deb4ff18,0abb2519bd1d6193c190eac8caed798ab8a2563b0fe6e9a20389fd4febb5591d,./results/models/stack/random/a/best.pt,"[{""action"":{""high_action"":""split"",""order_decision"":""only_cost""},""phase"":""high""},{""action"":{""candidate_id"":0,""schedule_alpha"":0.5},""phase"":""select""},{""action"":{""search_k"":1,""search_strategy"":""default""},""phase"":""search""},{""action"":{""execution_action"":""none"",""lip_action"":""none""},""phase"":""low""},{""action"":{""high_action"":""split"",""order_decision"":""only_cost""},""phase"":""high""},{""action"":{""candidate_id"":1,""schedule_alpha"":0.5},""phase"":""select""},{""action"":{""search_k"":1,""search_strategy"":""default""},""phase"":""search""},{""action"":{""execution_action"":""none"",""lip_action"":""none""},""phase"":""low""},{""action"":{""high_action"":""stop"",""order_decision"":""only_cost""},""phase"":""high""},{""action"":{""search_k"":1,""search_strategy"":""default""},""phase"":""search""},{""action"":{""execution_action"":""none"",""lip_action"":""none""},""phase"":""low""}]"
STACK,random,c,./workloads/query_stack/q12_547c6bf1.sql,NQO,290.323980152605,211.106000000000,timeout,,,d2001fce4e92e407a592212e4453408d0155f4b3dc521ff479747e45a298b1f1,de9b3e49785638f02941cc0a93631493f8eac7b592c3f2f772048972c2342dda,./results/models/stack/random/c/best.pt,"[{""action"":{""high_action"":""split"",""order_decision"":""only_cost""},""phase"":""high""},{""action"":{""candidate_id"":3,""schedule_alpha"":0.5},""phase"":""select""},{""action"":{""search_k"":1,""search_strategy"":""default""},""phase"":""search""},{""action"":{""execution_action"":""none"",""lip_action"":""none""},""phase"":""low""},{""action"":{""high_action"":""split"",""order_decision"":""only_cost""},""phase"":""high""},{""action"":{""candidate_id"":3,""schedule_alpha"":0.5},""phase"":""select""},{""action"":{""search_k"":1,""search_strategy"":""default""},""phase"":""search""},{""action"":{""execution_action"":""none"",""lip_action"":""none""},""phase"":""low""},{""action"":{""high_action"":""split"",""order_decision"":""only_cost""},""phase"":""high""},{""action"":{""candidate_id"":1,""schedule_alpha"":0.5},""phase"":""select""},{""action"":{""search_k"":1,""search_strategy"":""default""},""phase"":""search""},{""action"":{""execution_action"":""none"",""lip_action"":""none""},""phase"":""low""},{""action"":{""high_action"":""split"",""order_decision"":""only_cost""},""phase"":""high""}]"
STACK,random,a,./workloads/query_stack/q11_6c5cba41.sql,NQO,263.427533209324,136.282000000000,ok,cba0e349060d87f9d9efb4ab6cfd35c7343a26f4929c5136bc22f9c8d1723098,1,e6e22ab62799414ef87bb86209ef0614e6fe8e23b5cff4361d46e47c88582ccc,a529be2a7814697ba2a867761ff1c0744db623ccca0f259f6f5cb45cf37bf7a9,./results/models/stack/random/a/best.pt,"[{""action"":{""high_action"":""split"",""order_decision"":""only_cost""},""phase"":""high""},{""action"":{""candidate_id"":0,""schedule_alpha"":0.5},""phase"":""select""},{""action"":{""search_k"":1,""search_strategy"":""default""},""phase"":""search""},{""action"":{""execution_action"":""none"",""lip_action"":""none""},""phase"":""low""},{""action"":{""high_action"":""split"",""order_decision"":""only_cost""},""phase"":""high""},{""action"":{""candidate_id"":1,""schedule_alpha"":0.5},""phase"":""select""},{""action"":{""search_k"":1,""search_strategy"":""default""},""phase"":""search""},{""action"":{""execution_action"":""none"",""lip_action"":""none""},""phase"":""low""},{""action"":{""high_action"":""stop"",""order_decision"":""only_cost""},""phase"":""high""},{""action"":{""search_k"":1,""search_strategy"":""default""},""phase"":""search""},{""action"":{""execution_action"":""none"",""lip_action"":""none""},""phase"":""low""}]"
STACK,random,a,./workloads/query_stack/q11_9389f588.sql,NQO,226.119644939900,115.638000000000,timeout,,,801be77c3fc7bc4c5c5d9fed87cd6f65b3c146d8637de4b9c51b462907200635,44b0478731fdd10b5e69e734f2913fafae3fee0567d2a6d3cb5b518e9fa75a20,./results/models/stack/random/a/best.pt,"[{""action"":{""high_action"":""split"",""order_decision"":""only_cost""},""phase"":""high""},{""action"":{""candidate_id"":0,""schedule_alpha"":0.5},""phase"":""select""},{""action"":{""search_k"":1,""search_strategy"":""default""},""phase"":""search""},{""action"":{""execution_action"":""none"",""lip_action"":""none""},""phase"":""low""},{""action"":{""high_action"":""split"",""order_decision"":""only_cost""},""phase"":""high""},{""action"":{""candidate_id"":1,""schedule_alpha"":0.5},""phase"":""select""},{""action"":{""search_k"":1,""search_strategy"":""default""},""phase"":""search""},{""action"":{""execution_action"":""none"",""lip_action"":""none""},""phase"":""low""},{""action"":{""high_action"":""stop"",""order_decision"":""only_cost""},""phase"":""high""},{""action"":{""search_k"":1,""search_strategy"":""default""},""phase"":""search""},{""action"":{""execution_action"":""none"",""lip_action"":""none""},""phase"":""low""}]"
STACK,random,a,./workloads/query_stack/q11_aa96c8d7.sql,NQO,180.780708789825,121.708000000000,ok,130dcd222834c7e47fd6a119d24a3b31a7e26e9235dc5e691ad3eed784d3ceb0,1,9e2ffb0285b3bebebdd1ae03d5326038c628065d08c9b2922daef8b9a2e05140,76e75ffda204b83ff5e74ca1b59c45f14fdcb0aef330c3f2783b8ddc8c114032,./results/models/stack/random/a/best.pt,"[{""action"":{""high_action"":""split"",""order_decision"":""only_cost""},""phase"":""high""},{""action"":{""candidate_id"":0,""schedule_alpha"":0.5},""phase"":""select""},{""action"":{""search_k"":1,""search_strategy"":""default""},""phase"":""search""},{""action"":{""execution_action"":""none"",""lip_action"":""none""},""phase"":""low""},{""action"":{""high_action"":""split"",""order_decision"":""only_cost""},""phase"":""high""},{""action"":{""candidate_id"":1,""schedule_alpha"":0.5},""phase"":""select""},{""action"":{""search_k"":1,""search_strategy"":""default""},""phase"":""search""},{""action"":{""execution_action"":""none"",""lip_action"":""none""},""phase"":""low""},{""action"":{""high_action"":""stop"",""order_decision"":""only_cost""},""phase"":""high""},{""action"":{""search_k"":1,""search_strategy"":""default""},""phase"":""search""},{""action"":{""execution_action"":""none"",""lip_action"":""none""},""phase"":""low""}]"
STACK,random,a,./workloads/query_stack/q12_07007205.sql,NQO,583.895944058895,309.737000000000,ok,a8660971c13bda6892982fd95cb1bbdd370bc2fab56684c988a8d98013fccaad,12,19e37cc6b7b35af6efb35c2db9023be04ff2e4f7ab9af2cc4808afc0e47ea2a1,e9c456a746635b214b9975519a30504a3cb1a6d9d8acec683c409af8b7e30629,./results/models/stack/random/a/best.pt,"[{""action"":{""high_action"":""split"",""order_decision"":""only_cost""},""phase"":""high""},{""action"":{""candidate_id"":3,""schedule_alpha"":0.5},""phase"":""select""},{""action"":{""search_k"":1,""search_strategy"":""default""},""phase"":""search""},{""action"":{""execution_action"":""none"",""lip_action"":""none""},""phase"":""low""},{""action"":{""high_action"":""split"",""order_decision"":""only_cost""},""phase"":""high""},{""action"":{""candidate_id"":3,""schedule_alpha"":0.5},""phase"":""select""},{""action"":{""search_k"":1,""search_strategy"":""default""},""phase"":""search""},{""action"":{""execution_action"":""none"",""lip_action"":""none""},""phase"":""low""},{""action"":{""high_action"":""split"",""order_decision"":""only_cost""},""phase"":""high""},{""action"":{""candidate_id"":1,""schedule_alpha"":0.5},""phase"":""select""},{""action"":{""search_k"":1,""search_strategy"":""default""},""phase"":""search""},{""action"":{""execution_action"":""none"",""lip_action"":""none""},""phase"":""low""},{""action"":{""high_action"":""split"",""order_decision"":""only_cost""},""phase"":""high""},{""action"":{""candidate_id"":0,""schedule_alpha"":0.0},""phase"":""select""},{""action"":{""search_k"":1,""search_strategy"":""default""},""phase"":""search""},{""action"":{""execution_action"":""none"",""lip_action"":""none""},""phase"":""low""},{""action"":{""high_action"":""stop"",""order_decision"":""only_cost""},""phase"":""high""},{""action"":{""search_k"":1,""search_strategy"":""default""},""phase"":""search""},{""action"":{""execution_action"":""none"",""lip_action"":""none""},""phase"":""low""}]"
STACK,random,b,./workloads/query_stack/q11_c1ae2a99.sql,NQO,1609.215870499611,96.169000000000,ok,a7fbc628e4f0fe299002929e19aa84006948dfae33a95fca05719346f54681a3,1,1ef96034e04d9d94248794ea42899a73ecd86e97740d9fa39e061e24323b66c9,bb3c9b986e9d6d4117f34beffb45fef323710cc593c07756f8ad471de66dd555,./results/models/stack/random/b/best.pt,"[{""action"":{""high_action"":""stop"",""order_decision"":""only_cost""},""phase"":""high""},{""action"":{""search_k"":1,""search_strategy"":""default""},""phase"":""search""},{""action"":{""execution_action"":""none"",""lip_action"":""none""},""phase"":""low""}]"
STACK,random,c,./workloads/query_stack/q12_55de941e.sql,NQO,1462.107859551907,320.221000000000,ok,7c04cb117b64d5e82b1480272f24d0d1affe6bca9f9976ddd2e88f1e7a5cae8d,9,e5f9b7d2080e51cb5264c730d0082f271b87cfe7f1349cd8e54712cad1cf1261,9ca8a0d520d49bf2942f9565b46ceb4fb3075d907389bfe815a0beba2469e465,./results/models/stack/random/c/best.pt,"[{""action"":{""high_action"":""split"",""order_decision"":""only_cost""},""phase"":""high""},{""action"":{""candidate_id"":3,""schedule_alpha"":0.5},""phase"":""select""},{""action"":{""search_k"":1,""search_strategy"":""default""},""phase"":""search""},{""action"":{""execution_action"":""none"",""lip_action"":""none""},""phase"":""low""},{""action"":{""high_action"":""split"",""order_decision"":""only_cost""},""phase"":""high""},{""action"":{""candidate_id"":3,""schedule_alpha"":0.5},""phase"":""select""},{""action"":{""search_k"":1,""search_strategy"":""default""},""phase"":""search""},{""action"":{""execution_action"":""none"",""lip_action"":""none""},""phase"":""low""},{""action"":{""high_action"":""split"",""order_decision"":""only_cost""},""phase"":""high""},{""action"":{""candidate_id"":1,""schedule_alpha"":0.5},""phase"":""select""},{""action"":{""search_k"":1,""search_strategy"":""default""},""phase"":""search""},{""action"":{""execution_action"":""none"",""lip_action"":""none""},""phase"":""low""},{""action"":{""high_action"":""split"",""order_decision"":""only_cost""},""phase"":""high""},{""action"":{""candidate_id"":0,""schedule_alpha"":0.5},""phase"":""select""},{""action"":{""search_k"":1,""search_strategy"":""default""},""phase"":""search""},{""action"":{""execution_action"":""none"",""lip_action"":""none""},""phase"":""low""},{""action"":{""high_action"":""stop"",""order_decision"":""only_cost""},""phase"":""high""},{""action"":{""search_k"":1,""search_strategy"":""default""},""phase"":""search""},{""action"":{""execution_action"":""none"",""lip_action"":""none""},""phase"":""low""}]"
STACK,random,b,./workloads/query_stack/q12_06c8d688.sql,NQO,200.385756790638,112.179000000000,ok,614ede66a2aaef39ffa39f441e6887c4c46862a51b25e9c602f6275437058114,8,201bae8f6de43431a0a147d08defe07a13421f8715e70632ede2e0e330d04930,839f8d603c801c2683d488a9fa2c71c94fd3cb4a93d023d31407eacb26c35e6b,./results/models/stack/random/b/best.pt,"[{""action"":{""high_action"":""stop"",""order_decision"":""only_cost""},""phase"":""high""},{""action"":{""search_k"":1,""search_strategy"":""default""},""phase"":""search""},{""action"":{""execution_action"":""none"",""lip_action"":""none""},""phase"":""low""}]"
STACK,random,c,./workloads/query_stack/q12_5a5ff9bd.sql,NQO,525.012060999870,350.255000000000,ok,2934b8d7bb9d7519f1ab3ed39f2118bc5d4279b4b04c567a9556fcdf8448dbb4,9,dc4881b33a7b74b4ed02bee564cf7c798e6e8de34ff63251342780c50c039a4e,f7f1cce7bc125b041f4e35d188539dd6f1d358a3e9f12b9304effe2a51051a05,./results/models/stack/random/c/best.pt,"[{""action"":{""high_action"":""split"",""order_decision"":""only_cost""},""phase"":""high""},{""action"":{""candidate_id"":3,""schedule_alpha"":0.5},""phase"":""select""},{""action"":{""search_k"":1,""search_strategy"":""default""},""phase"":""search""},{""action"":{""execution_action"":""none"",""lip_action"":""none""},""phase"":""low""},{""action"":{""high_action"":""split"",""order_decision"":""only_cost""},""phase"":""high""},{""action"":{""candidate_id"":3,""schedule_alpha"":0.5},""phase"":""select""},{""action"":{""search_k"":1,""search_strategy"":""default""},""phase"":""search""},{""action"":{""execution_action"":""none"",""lip_action"":""none""},""phase"":""low""},{""action"":{""high_action"":""split"",""order_decision"":""only_cost""},""phase"":""high""},{""action"":{""candidate_id"":1,""schedule_alpha"":0.5},""phase"":""select""},{""action"":{""search_k"":1,""search_strategy"":""default""},""phase"":""search""},{""action"":{""execution_action"":""none"",""lip_action"":""none""},""phase"":""low""},{""action"":{""high_action"":""split"",""order_decision"":""only_cost""},""phase"":""high""},{""action"":{""candidate_id"":1,""schedule_alpha"":0.5},""phase"":""select""},{""action"":{""search_k"":1,""search_strategy"":""default""},""phase"":""search""},{""action"":{""execution_action"":""none"",""lip_action"":""none""},""phase"":""low""},{""action"":{""high_action"":""stop"",""order_decision"":""only_cost""},""phase"":""high""},{""action"":{""search_k"":1,""search_strategy"":""default""},""phase"":""search""},{""action"":{""execution_action"":""none"",""lip_action"":""none""},""phase"":""low""}]"
STACK,random,a,./workloads/query_stack/q12_76a47868.sql,NQO,708.501629531384,325.688000000000,ok,b6354e178d7ce9ef82413cda694713ea1d7720d89e1207cd294fc2eba8ef30e4,11,27b2a14e47abec5d63adca875d17ab9570f197a70065f617fa4c25c2777a704c,047bcfd7b71ffcf7d87e2764ba51fb060823843c96dddf6b2f73a5642eb73a5f,./results/models/stack/random/a/best.pt,"[{""action"":{""high_action"":""split"",""order_decision"":""only_cost""},""phase"":""high""},{""action"":{""candidate_id"":3,""schedule_alpha"":0.5},""phase"":""select""},{""action"":{""search_k"":1,""search_strategy"":""default""},""phase"":""search""},{""action"":{""execution_action"":""none"",""lip_action"":""none""},""phase"":""low""},{""action"":{""high_action"":""split"",""order_decision"":""only_cost""},""phase"":""high""},{""action"":{""candidate_id"":3,""schedule_alpha"":0.5},""phase"":""select""},{""action"":{""search_k"":1,""search_strategy"":""default""},""phase"":""search""},{""action"":{""execution_action"":""none"",""lip_action"":""none""},""phase"":""low""},{""action"":{""high_action"":""split"",""order_decision"":""only_cost""},""phase"":""high""},{""action"":{""candidate_id"":1,""schedule_alpha"":0.5},""phase"":""select""},{""action"":{""search_k"":1,""search_strategy"":""default""},""phase"":""search""},{""action"":{""execution_action"":""none"",""lip_action"":""none""},""phase"":""low""},{""action"":{""high_action"":""split"",""order_decision"":""only_cost""},""phase"":""high""},{""action"":{""candidate_id"":1,""schedule_alpha"":0.0},""phase"":""select""},{""action"":{""search_k"":1,""search_strategy"":""default""},""phase"":""search""},{""action"":{""execution_action"":""none"",""lip_action"":""none""},""phase"":""low""},{""action"":{""high_action"":""stop"",""order_decision"":""only_cost""},""phase"":""high""},{""action"":{""search_k"":1,""search_strategy"":""default""},""phase"":""search""},{""action"":{""execution_action"":""none"",""lip_action"":""none""},""phase"":""low""}]"
STACK,random,b,./workloads/query_stack/q12_812a3eff.sql,NQO,667.987614870071,113.565000000000,ok,0369ac8ed687e16231eff9f27fe9c2deeb80fecdfc88c57ac2626c6e3ca5a9f6,12,c2b9cdf5bdd99f6b00cfdfebd3b0326f5c667ccccec86bf5ae00fcb9d0c0f1a2,6fa2c22284d081f3d7fac53449099899f1c2b50eb6dfa37951cad3d5098d92c8,./results/models/stack/random/b/best.pt,"[{""action"":{""high_action"":""stop"",""order_decision"":""only_cost""},""phase"":""high""},{""action"":{""search_k"":1,""search_strategy"":""default""},""phase"":""search""},{""action"":{""execution_action"":""none"",""lip_action"":""none""},""phase"":""low""}]"
STACK,random,b,./workloads/query_stack/q12_bde6c0cf.sql,NQO,184.922404587269,104.531000000000,ok,6defe877c43e3377fb6fec1332eb2fc39902c1d9639d991d162667495264b206,1,b0fb2c0f0e9d88c9e43343ae35e4c9b7c4c52e74ad513fdcc66dcc9c71c643dd,ac76ac0b918e9cc2a499c5826973e20e1693d89ecbd8a802ae71858ca232ce4d,./results/models/stack/random/b/best.pt,"[{""action"":{""high_action"":""stop"",""order_decision"":""only_cost""},""phase"":""high""},{""action"":{""search_k"":1,""search_strategy"":""default""},""phase"":""search""},{""action"":{""execution_action"":""none"",""lip_action"":""none""},""phase"":""low""}]"
STACK,random,a,./workloads/query_stack/q13_13ad1b8c.sql,NQO,669.209450483322,441.778000000000,ok,21894051dc6fa3dbf1b9115c7a542c38172062f5548aa7faef84be307cbcf2b4,100,a71b7880354561eb1d3638b1fc5882ce7ba90db29e9b6131f98da394da076980,6651100afecd384ad6e5c62d1e782f1ce3f371d2c72fb8c8ce64b21e88556cc9,./results/models/stack/random/a/best.pt,"[{""action"":{""high_action"":""split"",""order_decision"":""only_cost""},""phase"":""high""},{""action"":{""candidate_id"":3,""schedule_alpha"":0.5},""phase"":""select""},{""action"":{""search_k"":1,""search_strategy"":""default""},""phase"":""search""},{""action"":{""execution_action"":""none"",""lip_action"":""none""},""phase"":""low""},{""action"":{""high_action"":""split"",""order_decision"":""only_cost""},""phase"":""high""},{""action"":{""candidate_id"":3,""schedule_alpha"":0.5},""phase"":""select""},{""action"":{""search_k"":1,""search_strategy"":""default""},""phase"":""search""},{""action"":{""execution_action"":""none"",""lip_action"":""none""},""phase"":""low""},{""action"":{""high_action"":""split"",""order_decision"":""only_cost""},""phase"":""high""},{""action"":{""candidate_id"":1,""schedule_alpha"":0.5},""phase"":""select""},{""action"":{""search_k"":1,""search_strategy"":""default""},""phase"":""search""},{""action"":{""execution_action"":""none"",""lip_action"":""none""},""phase"":""low""},{""action"":{""high_action"":""split"",""order_decision"":""only_cost""},""phase"":""high""},{""action"":{""candidate_id"":1,""schedule_alpha"":0.5},""phase"":""select""},{""action"":{""search_k"":1,""search_strategy"":""default""},""phase"":""search""},{""action"":{""execution_action"":""none"",""lip_action"":""none""},""phase"":""low""},{""action"":{""high_action"":""split"",""order_decision"":""only_cost""},""phase"":""high""},{""action"":{""candidate_id"":0,""schedule_alpha"":0.5},""phase"":""select""},{""action"":{""search_k"":1,""search_strategy"":""default""},""phase"":""search""},{""action"":{""execution_action"":""none"",""lip_action"":""none""},""phase"":""low""},{""action"":{""high_action"":""stop"",""order_decision"":""only_cost""},""phase"":""high""},{""action"":{""search_k"":1,""search_strategy"":""default""},""phase"":""search""},{""action"":{""execution_action"":""none"",""lip_action"":""selective""},""phase"":""low""}]"
STACK,random,b,./workloads/query_stack/q13_a091adce.sql,NQO,659.354262053967,433.409000000000,ok,a59b2234ed545dcc20f8bfc005221462bd1347d6668015e2072b2373e846c441,4,059c3bf43ecd71a8d98a6c2dc00037897fa79ddd9afed7a8d7fedd95e895a754,4facddc7e6c8b612e7c845d00d0a084f0b4c9279876fea3aa81260fd5e95bea3,./results/models/stack/random/b/best.pt,"[{""action"":{""high_action"":""split"",""order_decision"":""only_cost""},""phase"":""high""},{""action"":{""candidate_id"":3,""schedule_alpha"":0.5},""phase"":""select""},{""action"":{""search_k"":1,""search_strategy"":""default""},""phase"":""search""},{""action"":{""execution_action"":""none"",""lip_action"":""none""},""phase"":""low""},{""action"":{""high_action"":""split"",""order_decision"":""only_cost""},""phase"":""high""},{""action"":{""candidate_id"":3,""schedule_alpha"":0.5},""phase"":""select""},{""action"":{""search_k"":1,""search_strategy"":""default""},""phase"":""search""},{""action"":{""execution_action"":""none"",""lip_action"":""none""},""phase"":""low""},{""action"":{""high_action"":""split"",""order_decision"":""only_cost""},""phase"":""high""},{""action"":{""candidate_id"":1,""schedule_alpha"":0.5},""phase"":""select""},{""action"":{""search_k"":1,""search_strategy"":""default""},""phase"":""search""},{""action"":{""execution_action"":""none"",""lip_action"":""none""},""phase"":""low""},{""action"":{""high_action"":""split"",""order_decision"":""only_cost""},""phase"":""high""},{""action"":{""candidate_id"":1,""schedule_alpha"":0.5},""phase"":""select""},{""action"":{""search_k"":1,""search_strategy"":""default""},""phase"":""search""},{""action"":{""execution_action"":""none"",""lip_action"":""none""},""phase"":""low""},{""action"":{""high_action"":""split"",""order_decision"":""only_cost""},""phase"":""high""},{""action"":{""candidate_id"":0,""schedule_alpha"":0.5},""phase"":""select""},{""action"":{""search_k"":1,""search_strategy"":""default""},""phase"":""search""},{""action"":{""execution_action"":""none"",""lip_action"":""none""},""phase"":""low""},{""action"":{""high_action"":""stop"",""order_decision"":""only_cost""},""phase"":""high""},{""action"":{""search_k"":1,""search_strategy"":""default""},""phase"":""search""},{""action"":{""execution_action"":""none"",""lip_action"":""none""},""phase"":""low""}]"
STACK,random,a,./workloads/query_stack/q13_1ddcc865.sql,NQO,1272.296726703644,380.733000000000,ok,649577436345ea56caa627a6ed130505d2986502747d92dd5005d54512cd93ea,100,24bf33ab0fc8d671f7e656c258a76f7aa4025e73fd5084158887fdbb21417a25,4f6c50e6cd5d0b8503e4c90a8dcd83b8c51d5deaabee69fe0d33330203a00c83,./results/models/stack/random/a/best.pt,"[{""action"":{""high_action"":""split"",""order_decision"":""only_cost""},""phase"":""high""},{""action"":{""candidate_id"":3,""schedule_alpha"":0.5},""phase"":""select""},{""action"":{""search_k"":1,""search_strategy"":""default""},""phase"":""search""},{""action"":{""execution_action"":""none"",""lip_action"":""none""},""phase"":""low""},{""action"":{""high_action"":""split"",""order_decision"":""only_cost""},""phase"":""high""},{""action"":{""candidate_id"":3,""schedule_alpha"":0.5},""phase"":""select""},{""action"":{""search_k"":1,""search_strategy"":""default""},""phase"":""search""},{""action"":{""execution_action"":""none"",""lip_action"":""none""},""phase"":""low""},{""action"":{""high_action"":""split"",""order_decision"":""only_cost""},""phase"":""high""},{""action"":{""candidate_id"":1,""schedule_alpha"":0.5},""phase"":""select""},{""action"":{""search_k"":1,""search_strategy"":""default""},""phase"":""search""},{""action"":{""execution_action"":""none"",""lip_action"":""none""},""phase"":""low""},{""action"":{""high_action"":""split"",""order_decision"":""only_cost""},""phase"":""high""},{""action"":{""candidate_id"":1,""schedule_alpha"":0.5},""phase"":""select""},{""action"":{""search_k"":1,""search_strategy"":""default""},""phase"":""search""},{""action"":{""execution_action"":""none"",""lip_action"":""selective""},""phase"":""low""},{""action"":{""high_action"":""split"",""order_decision"":""only_cost""},""phase"":""high""},{""action"":{""candidate_id"":0,""schedule_alpha"":0.5},""phase"":""select""},{""action"":{""search_k"":1,""search_strategy"":""default""},""phase"":""search""},{""action"":{""execution_action"":""none"",""lip_action"":""none""},""phase"":""low""},{""action"":{""high_action"":""stop"",""order_decision"":""only_cost""},""phase"":""high""},{""action"":{""search_k"":1,""search_strategy"":""default""},""phase"":""search""},{""action"":{""execution_action"":""none"",""lip_action"":""selective""},""phase"":""low""}]"
STACK,random,b,./workloads/query_stack/q13_a3d03772.sql,NQO,816.388666629791,390.146000000000,ok,a94e5be2ac2a5a962361e4d8f3a46ec8fcde51687e823a96bca666cf1df22f1a,100,81bdf5cd8250e4cde580969230ae5b7bca0088e16bdb18573f11053004d93a74,bc2250326c56408d400d70f5e92f9b5b8ba67f1ceecf074d4ba4accf3ea3ec41,./results/models/stack/random/b/best.pt,"[{""action"":{""high_action"":""split"",""order_decision"":""only_cost""},""phase"":""high""},{""action"":{""candidate_id"":3,""schedule_alpha"":0.5},""phase"":""select""},{""action"":{""search_k"":1,""search_strategy"":""default""},""phase"":""search""},{""action"":{""execution_action"":""none"",""lip_action"":""none""},""phase"":""low""},{""action"":{""high_action"":""split"",""order_decision"":""only_cost""},""phase"":""high""},{""action"":{""candidate_id"":3,""schedule_alpha"":0.5},""phase"":""select""},{""action"":{""search_k"":1,""search_strategy"":""default""},""phase"":""search""},{""action"":{""execution_action"":""none"",""lip_action"":""none""},""phase"":""low""},{""action"":{""high_action"":""split"",""order_decision"":""only_cost""},""phase"":""high""},{""action"":{""candidate_id"":1,""schedule_alpha"":0.5},""phase"":""select""},{""action"":{""search_k"":1,""search_strategy"":""default""},""phase"":""search""},{""action"":{""execution_action"":""none"",""lip_action"":""none""},""phase"":""low""},{""action"":{""high_action"":""split"",""order_decision"":""only_cost""},""phase"":""high""},{""action"":{""candidate_id"":1,""schedule_alpha"":0.5},""phase"":""select""},{""action"":{""search_k"":1,""search_strategy"":""default""},""phase"":""search""},{""action"":{""execution_action"":""none"",""lip_action"":""none""},""phase"":""low""},{""action"":{""high_action"":""split"",""order_decision"":""only_cost""},""phase"":""high""},{""action"":{""candidate_id"":0,""schedule_alpha"":0.5},""phase"":""select""},{""action"":{""search_k"":1,""search_strategy"":""default""},""phase"":""search""},{""action"":{""execution_action"":""none"",""lip_action"":""none""},""phase"":""low""},{""action"":{""high_action"":""stop"",""order_decision"":""only_cost""},""phase"":""high""},{""action"":{""search_k"":1,""search_strategy"":""default""},""phase"":""search""},{""action"":{""execution_action"":""none"",""lip_action"":""none""},""phase"":""low""}]"
STACK,random,b,./workloads/query_stack/q14_4063b6cb.sql,NQO,639.033727347851,405.649000000000,ok,fe2f7dd0d44c1b9b48863fba184ea3f2c3ce0fc72954f6ddd1c8a3675c541ed8,1,43ee48cf25a57a45946e25faabe9bc440091401684e194baa49912026c0ccc61,93bd5b19bb46b54e918098b4c455c6a80e693664974185b0a5d6629d6ed57c73,./results/models/stack/random/b/best.pt,"[{""action"":{""high_action"":""split"",""order_decision"":""only_cost""},""phase"":""high""},{""action"":{""candidate_id"":3,""schedule_alpha"":0.5},""phase"":""select""},{""action"":{""search_k"":1,""search_strategy"":""default""},""phase"":""search""},{""action"":{""execution_action"":""none"",""lip_action"":""none""},""phase"":""low""},{""action"":{""high_action"":""split"",""order_decision"":""only_cost""},""phase"":""high""},{""action"":{""candidate_id"":3,""schedule_alpha"":0.5},""phase"":""select""},{""action"":{""search_k"":1,""search_strategy"":""default""},""phase"":""search""},{""action"":{""execution_action"":""none"",""lip_action"":""none""},""phase"":""low""},{""action"":{""high_action"":""split"",""order_decision"":""only_cost""},""phase"":""high""},{""action"":{""candidate_id"":1,""schedule_alpha"":0.5},""phase"":""select""},{""action"":{""search_k"":1,""search_strategy"":""default""},""phase"":""search""},{""action"":{""execution_action"":""none"",""lip_action"":""none""},""phase"":""low""},{""action"":{""high_action"":""split"",""order_decision"":""only_cost""},""phase"":""high""},{""action"":{""candidate_id"":1,""schedule_alpha"":0.5},""phase"":""select""},{""action"":{""search_k"":1,""search_strategy"":""default""},""phase"":""search""},{""action"":{""execution_action"":""none"",""lip_action"":""none""},""phase"":""low""},{""action"":{""high_action"":""split"",""order_decision"":""only_cost""},""phase"":""high""},{""action"":{""candidate_id"":0,""schedule_alpha"":0.5},""phase"":""select""},{""action"":{""search_k"":1,""search_strategy"":""default""},""phase"":""search""},{""action"":{""execution_action"":""none"",""lip_action"":""none""},""phase"":""low""},{""action"":{""high_action"":""stop"",""order_decision"":""only_cost""},""phase"":""high""},{""action"":{""search_k"":1,""search_strategy"":""default""},""phase"":""search""},{""action"":{""execution_action"":""none"",""lip_action"":""none""},""phase"":""low""}]"
STACK,random,a,./workloads/query_stack/q13_add0df9d.sql,NQO,745.390720665455,398.719000000000,ok,afe44109bd44e9f34ecedd6761100dceac2df4e50957fcd231db7fa74bf0796a,100,b814c60c4566fb1edb44c872c7c03e43feefe6b49c475a1c04f7970009775f66,818e55b5e9441d944bcbb949e27ee51b57743e72601a39cee700497912bdef82,./results/models/stack/random/a/best.pt,"[{""action"":{""high_action"":""split"",""order_decision"":""only_cost""},""phase"":""high""},{""action"":{""candidate_id"":3,""schedule_alpha"":0.5},""phase"":""select""},{""action"":{""search_k"":1,""search_strategy"":""default""},""phase"":""search""},{""action"":{""execution_action"":""none"",""lip_action"":""none""},""phase"":""low""},{""action"":{""high_action"":""split"",""order_decision"":""only_cost""},""phase"":""high""},{""action"":{""candidate_id"":3,""schedule_alpha"":0.5},""phase"":""select""},{""action"":{""search_k"":1,""search_strategy"":""default""},""phase"":""search""},{""action"":{""execution_action"":""none"",""lip_action"":""none""},""phase"":""low""},{""action"":{""high_action"":""split"",""order_decision"":""only_cost""},""phase"":""high""},{""action"":{""candidate_id"":1,""schedule_alpha"":0.5},""phase"":""select""},{""action"":{""search_k"":1,""search_strategy"":""default""},""phase"":""search""},{""action"":{""execution_action"":""none"",""lip_action"":""none""},""phase"":""low""},{""action"":{""high_action"":""split"",""order_decision"":""only_cost""},""phase"":""high""},{""action"":{""candidate_id"":1,""schedule_alpha"":0.5},""phase"":""select""},{""action"":{""search_k"":1,""search_strategy"":""default""},""phase"":""search""},{""action"":{""execution_action"":""none"",""lip_action"":""none""},""phase"":""low""},{""action"":{""high_action"":""split"",""order_decision"":""only_cost""},""phase"":""high""},{""action"":{""candidate_id"":0,""schedule_alpha"":0.5},""phase"":""select""},{""action"":{""search_k"":1,""search_strategy"":""default""},""phase"":""search""},{""action"":{""execution_action"":""none"",""lip_action"":""none""},""phase"":""low""},{""action"":{""high_action"":""stop"",""order_decision"":""only_cost""},""phase"":""high""},{""action"":{""search_k"":1,""search_strategy"":""default""},""phase"":""search""},{""action"":{""execution_action"":""none"",""lip_action"":""selective""},""phase"":""low""}]"
STACK,random,a,./workloads/query_stack/q14_5e4835cd.sql,NQO,549.976907670498,373.442000000000,ok,3c3561d9be4e1a810a5e229fa8a97574455defecb40c297c44c31533c61f435f,1,46ec4963d3f099fdcdf7f4b8cf991074142ed745862ffda3cd1c0b17d43224a5,f48d7237adf748ea8d9a563c05ee88ad91a87e6021a6310459c584c7d6a4c23a,./results/models/stack/random/a/best.pt,"[{""action"":{""high_action"":""split"",""order_decision"":""only_cost""},""phase"":""high""},{""action"":{""candidate_id"":3,""schedule_alpha"":0.5},""phase"":""select""},{""action"":{""search_k"":1,""search_strategy"":""default""},""phase"":""search""},{""action"":{""execution_action"":""none"",""lip_action"":""none""},""phase"":""low""},{""action"":{""high_action"":""split"",""order_decision"":""only_cost""},""phase"":""high""},{""action"":{""candidate_id"":3,""schedule_alpha"":0.5},""phase"":""select""},{""action"":{""search_k"":1,""search_strategy"":""default""},""phase"":""search""},{""action"":{""execution_action"":""none"",""lip_action"":""none""},""phase"":""low""},{""action"":{""high_action"":""split"",""order_decision"":""only_cost""},""phase"":""high""},{""action"":{""candidate_id"":1,""schedule_alpha"":0.5},""phase"":""select""},{""action"":{""search_k"":1,""search_strategy"":""default""},""phase"":""search""},{""action"":{""execution_action"":""none"",""lip_action"":""none""},""phase"":""low""},{""action"":{""high_action"":""split"",""order_decision"":""only_cost""},""phase"":""high""},{""action"":{""candidate_id"":1,""schedule_alpha"":0.5},""phase"":""select""},{""action"":{""search_k"":1,""search_strategy"":""default""},""phase"":""search""},{""action"":{""execution_action"":""none"",""lip_action"":""none""},""phase"":""low""},{""action"":{""high_action"":""split"",""order_decision"":""only_cost""},""phase"":""high""},{""action"":{""candidate_id"":0,""schedule_alpha"":0.5},""phase"":""select""},{""action"":{""search_k"":1,""search_strategy"":""default""},""phase"":""search""},{""action"":{""execution_action"":""none"",""lip_action"":""none""},""phase"":""low""},{""action"":{""high_action"":""stop"",""order_decision"":""only_cost""},""phase"":""high""},{""action"":{""search_k"":1,""search_strategy"":""default""},""phase"":""search""},{""action"":{""execution_action"":""none"",""lip_action"":""none""},""phase"":""low""}]"
STACK,random,a,./workloads/query_stack/q14_63c0776f.sql,NQO,494.341708719730,373.314000000000,ok,32c0946967efead2bd089e99644f90d207400683bf559a4be840bee9f7dbbf7f,1,d8b6432581a309e7ca34e36e9c98bb37449aa7bf3afb81c82157e7e26697dabc,6083b4898cde88e0b736e7ed30a2f74bce49c2f861ef43b2daa3f04d71c1ce7e,./results/models/stack/random/a/best.pt,"[{""action"":{""high_action"":""split"",""order_decision"":""only_cost""},""phase"":""high""},{""action"":{""candidate_id"":3,""schedule_alpha"":0.5},""phase"":""select""},{""action"":{""search_k"":1,""search_strategy"":""default""},""phase"":""search""},{""action"":{""execution_action"":""none"",""lip_action"":""none""},""phase"":""low""},{""action"":{""high_action"":""split"",""order_decision"":""only_cost""},""phase"":""high""},{""action"":{""candidate_id"":3,""schedule_alpha"":0.5},""phase"":""select""},{""action"":{""search_k"":1,""search_strategy"":""default""},""phase"":""search""},{""action"":{""execution_action"":""none"",""lip_action"":""none""},""phase"":""low""},{""action"":{""high_action"":""split"",""order_decision"":""only_cost""},""phase"":""high""},{""action"":{""candidate_id"":1,""schedule_alpha"":0.5},""phase"":""select""},{""action"":{""search_k"":1,""search_strategy"":""default""},""phase"":""search""},{""action"":{""execution_action"":""none"",""lip_action"":""none""},""phase"":""low""},{""action"":{""high_action"":""split"",""order_decision"":""only_cost""},""phase"":""high""},{""action"":{""candidate_id"":1,""schedule_alpha"":0.5},""phase"":""select""},{""action"":{""search_k"":1,""search_strategy"":""default""},""phase"":""search""},{""action"":{""execution_action"":""none"",""lip_action"":""none""},""phase"":""low""},{""action"":{""high_action"":""split"",""order_decision"":""only_cost""},""phase"":""high""},{""action"":{""candidate_id"":0,""schedule_alpha"":0.5},""phase"":""select""},{""action"":{""search_k"":1,""search_strategy"":""default""},""phase"":""search""},{""action"":{""execution_action"":""none"",""lip_action"":""none""},""phase"":""low""},{""action"":{""high_action"":""stop"",""order_decision"":""only_cost""},""phase"":""high""},{""action"":{""search_k"":1,""search_strategy"":""default""},""phase"":""search""},{""action"":{""execution_action"":""none"",""lip_action"":""none""},""phase"":""low""}]"
STACK,random,a,./workloads/query_stack/q15_3e37e626.sql,NQO,452.844068408012,301.400000000000,ok,e4d972c3a9bdf5708181172e8946fde1bfbfe5b07e00bc84c8ed54650a1f181b,39,fe3a0fb9710ac928bd443bda79d93f3ad98f21e8fb391509044b9183184417e5,d1a45db1a965b05460ce54e73afbe76ae98ee475279d94c0c5eddbb2c0c52ff1,./results/models/stack/random/a/best.pt,"[{""action"":{""high_action"":""split"",""order_decision"":""only_cost""},""phase"":""high""},{""action"":{""candidate_id"":1,""schedule_alpha"":0.5},""phase"":""select""},{""action"":{""search_k"":1,""search_strategy"":""default""},""phase"":""search""},{""action"":{""execution_action"":""none"",""lip_action"":""none""},""phase"":""low""},{""action"":{""high_action"":""split"",""order_decision"":""only_cost""},""phase"":""high""},{""action"":{""candidate_id"":1,""schedule_alpha"":0.5},""phase"":""select""},{""action"":{""search_k"":1,""search_strategy"":""default""},""phase"":""search""},{""action"":{""execution_action"":""none"",""lip_action"":""none""},""phase"":""low""},{""action"":{""high_action"":""split"",""order_decision"":""only_cost""},""phase"":""high""},{""action"":{""candidate_id"":0,""schedule_alpha"":0.5},""phase"":""select""},{""action"":{""search_k"":1,""search_strategy"":""default""},""phase"":""search""},{""action"":{""execution_action"":""none"",""lip_action"":""none""},""phase"":""low""},{""action"":{""high_action"":""stop"",""order_decision"":""only_cost""},""phase"":""high""},{""action"":{""search_k"":1,""search_strategy"":""default""},""phase"":""search""},{""action"":{""execution_action"":""none"",""lip_action"":""selective""},""phase"":""low""}]"
STACK,random,a,./workloads/query_stack/q15_d5546c01.sql,NQO,289.245881140232,227.014000000000,ok,39f37f8d1931b3bdf767e7510dd69509fbf23af1f7654933d0a4d291cbdd4418,0,b3aa3618251707364eed3a9d4d15c2c9c22e38c1013e5e96be5b9f57a8954d15,03ce334b29e722492f8343982d399da22dc9eeac2426972ce3df0eced84bf497,./results/models/stack/random/a/best.pt,"[{""action"":{""high_action"":""split"",""order_decision"":""only_cost""},""phase"":""high""},{""action"":{""candidate_id"":1,""schedule_alpha"":0.5},""phase"":""select""},{""action"":{""search_k"":1,""search_strategy"":""default""},""phase"":""search""},{""action"":{""execution_action"":""none"",""lip_action"":""none""},""phase"":""low""},{""action"":{""high_action"":""split"",""order_decision"":""only_cost""},""phase"":""high""},{""action"":{""candidate_id"":1,""schedule_alpha"":0.5},""phase"":""select""},{""action"":{""search_k"":1,""search_strategy"":""default""},""phase"":""search""},{""action"":{""execution_action"":""none"",""lip_action"":""none""},""phase"":""low""},{""action"":{""high_action"":""split"",""order_decision"":""only_cost""},""phase"":""high""},{""action"":{""candidate_id"":0,""schedule_alpha"":0.5},""phase"":""select""},{""action"":{""search_k"":1,""search_strategy"":""default""},""phase"":""search""},{""action"":{""execution_action"":""none"",""lip_action"":""none""},""phase"":""low""},{""action"":{""high_action"":""stop"",""order_decision"":""only_cost""},""phase"":""high""},{""action"":{""search_k"":1,""search_strategy"":""default""},""phase"":""search""},{""action"":{""execution_action"":""none"",""lip_action"":""selective""},""phase"":""low""}]"
STACK,random,a,./workloads/query_stack/q1_q1-009.sql,NQO,80.364905297755,48.620000000000,timeout,,,954a0b93559841424f79d00c750f9a1b86e0229babda77c31c4eb67c01cc2c40,ae53f8ef052edf55eae1b7ece5618820da4a1a8b7540fb321216ae761d2a00cb,./results/models/stack/random/a/best.pt,"[{""action"":{""high_action"":""split"",""order_decision"":""only_cost""},""phase"":""high""},{""action"":{""candidate_id"":0,""schedule_alpha"":0.5},""phase"":""select""},{""action"":{""search_k"":1,""search_strategy"":""default""},""phase"":""search""},{""action"":{""execution_action"":""none"",""lip_action"":""none""},""phase"":""low""},{""action"":{""high_action"":""split"",""order_decision"":""only_cost""},""phase"":""high""},{""action"":{""candidate_id"":1,""schedule_alpha"":0.5},""phase"":""select""},{""action"":{""execution_action"":""none"",""lip_action"":""none""},""phase"":""low""},{""action"":{""search_k"":1,""search_strategy"":""default""},""phase"":""search""}]"
STACK,random,a,./workloads/query_stack/q1_q1-075.sql,NQO,254.358276724815,140.048000000000,ok,cf40347cf084bcb3d570668aa63c9cef9a86397fa803bc744f1d545474737cc8,1,112d49bbbed154ccfd7dcfd642022ae9f07aac64b8d89d2f555499b392702b44,50315a9255b08a24397b4d0277387fe0f456bb8a93033a2457655b6d064b79e5,./results/models/stack/random/a/best.pt,"[{""action"":{""high_action"":""split"",""order_decision"":""only_cost""},""phase"":""high""},{""action"":{""candidate_id"":0,""schedule_alpha"":0.5},""phase"":""select""},{""action"":{""search_k"":1,""search_strategy"":""default""},""phase"":""search""},{""action"":{""execution_action"":""none"",""lip_action"":""none""},""phase"":""low""},{""action"":{""high_action"":""split"",""order_decision"":""only_cost""},""phase"":""high""},{""action"":{""candidate_id"":1,""schedule_alpha"":0.5},""phase"":""select""},{""action"":{""search_k"":1,""search_strategy"":""default""},""phase"":""search""},{""action"":{""execution_action"":""none"",""lip_action"":""none""},""phase"":""low""},{""action"":{""high_action"":""stop"",""order_decision"":""only_cost""},""phase"":""high""},{""action"":{""search_k"":1,""search_strategy"":""default""},""phase"":""search""},{""action"":{""execution_action"":""none"",""lip_action"":""none""},""phase"":""low""}]"
STACK,random,c,./workloads/query_stack/q13_935e2051.sql,NQO,5125.492788851261,471.391000000000,ok,d9f1f39b148cebc71c891ccc84d4c669b5ccf49d0dafddb81661c55590d1f98a,100,850f9a42a58db82c1c0e7de4a12f45d8c245c7ef4c13e2a0a158bf790897ae65,69b11731e894982e94618cf93dead06f2a822f57bd0213b0136e541e6d7aef02,./results/models/stack/random/c/best.pt,"[{""action"":{""high_action"":""split"",""order_decision"":""only_cost""},""phase"":""high""},{""action"":{""candidate_id"":3,""schedule_alpha"":0.5},""phase"":""select""},{""action"":{""search_k"":1,""search_strategy"":""default""},""phase"":""search""},{""action"":{""execution_action"":""none"",""lip_action"":""none""},""phase"":""low""},{""action"":{""high_action"":""split"",""order_decision"":""only_cost""},""phase"":""high""},{""action"":{""candidate_id"":3,""schedule_alpha"":0.5},""phase"":""select""},{""action"":{""search_k"":1,""search_strategy"":""default""},""phase"":""search""},{""action"":{""execution_action"":""none"",""lip_action"":""none""},""phase"":""low""},{""action"":{""high_action"":""split"",""order_decision"":""only_cost""},""phase"":""high""},{""action"":{""candidate_id"":1,""schedule_alpha"":0.5},""phase"":""select""},{""action"":{""search_k"":1,""search_strategy"":""default""},""phase"":""search""},{""action"":{""execution_action"":""conservative"",""lip_action"":""none""},""phase"":""low""},{""action"":{""high_action"":""split"",""order_decision"":""only_cost""},""phase"":""high""},{""action"":{""candidate_id"":1,""schedule_alpha"":0.5},""phase"":""select""},{""action"":{""search_k"":1,""search_strategy"":""default""},""phase"":""search""},{""action"":{""execution_action"":""none"",""lip_action"":""none""},""phase"":""low""},{""action"":{""high_action"":""split"",""order_decision"":""only_cost""},""phase"":""high""},{""action"":{""candidate_id"":0,""schedule_alpha"":0.5},""phase"":""select""},{""action"":{""search_k"":1,""search_strategy"":""default""},""phase"":""search""},{""action"":{""execution_action"":""none"",""lip_action"":""none""},""phase"":""low""},{""action"":{""high_action"":""stop"",""order_decision"":""only_cost""},""phase"":""high""},{""action"":{""search_k"":1,""search_strategy"":""default""},""phase"":""search""},{""action"":{""execution_action"":""none"",""lip_action"":""none""},""phase"":""low""}]"
STACK,random,b,./workloads/query_stack/q14_5dbc1d1f.sql,NQO,2443.779066205025,380.434000000000,ok,f0526abda0afba7e858d078bce3c527d096c9f06da013de76c6d2f5721e90398,1,516746f97b60a6acaf7ce180fdab8ab799f4bcc06324cf3a9be3d2247e6db0e6,e68b0702e451e685ace5e5492e1a27329cd7ae060dc87887032d052859638def,./results/models/stack/random/b/best.pt,"[{""action"":{""high_action"":""split"",""order_decision"":""only_cost""},""phase"":""high""},{""action"":{""candidate_id"":3,""schedule_alpha"":0.5},""phase"":""select""},{""action"":{""search_k"":1,""search_strategy"":""default""},""phase"":""search""},{""action"":{""execution_action"":""none"",""lip_action"":""none""},""phase"":""low""},{""action"":{""high_action"":""split"",""order_decision"":""only_cost""},""phase"":""high""},{""action"":{""candidate_id"":3,""schedule_alpha"":0.5},""phase"":""select""},{""action"":{""search_k"":1,""search_strategy"":""default""},""phase"":""search""},{""action"":{""execution_action"":""none"",""lip_action"":""none""},""phase"":""low""},{""action"":{""high_action"":""split"",""order_decision"":""only_cost""},""phase"":""high""},{""action"":{""candidate_id"":1,""schedule_alpha"":0.5},""phase"":""select""},{""action"":{""search_k"":1,""search_strategy"":""default""},""phase"":""search""},{""action"":{""execution_action"":""none"",""lip_action"":""none""},""phase"":""low""},{""action"":{""high_action"":""split"",""order_decision"":""only_cost""},""phase"":""high""},{""action"":{""candidate_id"":1,""schedule_alpha"":0.5},""phase"":""select""},{""action"":{""search_k"":1,""search_strategy"":""default""},""phase"":""search""},{""action"":{""execution_action"":""none"",""lip_action"":""none""},""phase"":""low""},{""action"":{""high_action"":""split"",""order_decision"":""only_cost""},""phase"":""high""},{""action"":{""candidate_id"":0,""schedule_alpha"":0.5},""phase"":""select""},{""action"":{""search_k"":1,""search_strategy"":""default""},""phase"":""search""},{""action"":{""execution_action"":""none"",""lip_action"":""none""},""phase"":""low""},{""action"":{""high_action"":""stop"",""order_decision"":""only_cost""},""phase"":""high""},{""action"":{""search_k"":1,""search_strategy"":""default""},""phase"":""search""},{""action"":{""execution_action"":""none"",""lip_action"":""none""},""phase"":""low""}]"
STACK,random,c,./workloads/query_stack/q13_d383cd5b.sql,NQO,598.485670983791,422.804000000000,ok,2b04709ff233cd90009048148fec2888e2bafca5279ebb63c1cfe8968a9ab651,26,806a85b7c92773527d715cd6f6f9a06a739763f41a6528e4852365b4e4805c54,eeecc11655ff293021854f5447e83ec81a93fedb9311c3c39c06b6a1f3b4a68f,./results/models/stack/random/c/best.pt,"[{""action"":{""high_action"":""split"",""order_decision"":""only_cost""},""phase"":""high""},{""action"":{""candidate_id"":3,""schedule_alpha"":0.5},""phase"":""select""},{""action"":{""search_k"":1,""search_strategy"":""default""},""phase"":""search""},{""action"":{""execution_action"":""none"",""lip_action"":""none""},""phase"":""low""},{""action"":{""high_action"":""split"",""order_decision"":""only_cost""},""phase"":""high""},{""action"":{""candidate_id"":3,""schedule_alpha"":0.5},""phase"":""select""},{""action"":{""search_k"":1,""search_strategy"":""default""},""phase"":""search""},{""action"":{""execution_action"":""none"",""lip_action"":""none""},""phase"":""low""},{""action"":{""high_action"":""split"",""order_decision"":""only_cost""},""phase"":""high""},{""action"":{""candidate_id"":1,""schedule_alpha"":0.5},""phase"":""select""},{""action"":{""search_k"":1,""search_strategy"":""default""},""phase"":""search""},{""action"":{""execution_action"":""none"",""lip_action"":""none""},""phase"":""low""},{""action"":{""high_action"":""split"",""order_decision"":""only_cost""},""phase"":""high""},{""action"":{""candidate_id"":1,""schedule_alpha"":0.5},""phase"":""select""},{""action"":{""search_k"":1,""search_strategy"":""default""},""phase"":""search""},{""action"":{""execution_action"":""none"",""lip_action"":""none""},""phase"":""low""},{""action"":{""high_action"":""split"",""order_decision"":""only_cost""},""phase"":""high""},{""action"":{""candidate_id"":0,""schedule_alpha"":0.5},""phase"":""select""},{""action"":{""search_k"":1,""search_strategy"":""default""},""phase"":""search""},{""action"":{""execution_action"":""none"",""lip_action"":""none""},""phase"":""low""},{""action"":{""high_action"":""stop"",""order_decision"":""only_cost""},""phase"":""high""},{""action"":{""search_k"":1,""search_strategy"":""default""},""phase"":""search""},{""action"":{""execution_action"":""none"",""lip_action"":""none""},""phase"":""low""}]"
STACK,random,a,./workloads/query_stack/q2_q2-012.sql,NQO,1017.178237438202,537.017000000000,ok,27da984fe72a918d0bc65b9ba989e9430456981e1023a8f857fa04cfaf8fd1ac,12,9ee600899bb385abb241d6fb4088392c809605000108d2981baf70787e3ca495,6c97a44fd49e31e2f0589e91c1d985a40fc1a75e48668b195b436843d18399f1,./results/models/stack/random/a/best.pt,"[{""action"":{""high_action"":""split"",""order_decision"":""only_cost""},""phase"":""high""},{""action"":{""candidate_id"":0,""schedule_alpha"":0.5},""phase"":""select""},{""action"":{""search_k"":1,""search_strategy"":""default""},""phase"":""search""},{""action"":{""execution_action"":""none"",""lip_action"":""none""},""phase"":""low""},{""action"":{""high_action"":""split"",""order_decision"":""only_cost""},""phase"":""high""},{""action"":{""candidate_id"":3,""schedule_alpha"":0.5},""phase"":""select""},{""action"":{""search_k"":1,""search_strategy"":""default""},""phase"":""search""},{""action"":{""execution_action"":""none"",""lip_action"":""none""},""phase"":""low""},{""action"":{""high_action"":""split"",""order_decision"":""only_cost""},""phase"":""high""},{""action"":{""candidate_id"":1,""schedule_alpha"":0.5},""phase"":""select""},{""action"":{""search_k"":1,""search_strategy"":""default""},""phase"":""search""},{""action"":{""execution_action"":""none"",""lip_action"":""none""},""phase"":""low""},{""action"":{""high_action"":""split"",""order_decision"":""only_cost""},""phase"":""high""},{""action"":{""candidate_id"":3,""schedule_alpha"":0.5},""phase"":""select""},{""action"":{""search_k"":1,""search_strategy"":""default""},""phase"":""search""},{""action"":{""execution_action"":""none"",""lip_action"":""none""},""phase"":""low""},{""action"":{""high_action"":""split"",""order_decision"":""only_cost""},""phase"":""high""},{""action"":{""candidate_id"":0,""schedule_alpha"":0.0},""phase"":""select""},{""action"":{""search_k"":1,""search_strategy"":""default""},""phase"":""search""},{""action"":{""execution_action"":""none"",""lip_action"":""none""},""phase"":""low""},{""action"":{""high_action"":""split"",""order_decision"":""only_cost""},""phase"":""high""},{""action"":{""candidate_id"":1,""schedule_alpha"":0.0},""phase"":""select""},{""action"":{""search_k"":1,""search_strategy"":""default""},""phase"":""search""},{""action"":{""execution_action"":""none"",""lip_action"":""none""},""phase"":""low""},{""action"":{""high_action"":""stop"",""order_decision"":""only_cost""},""phase"":""high""},{""action"":{""search_k"":1,""search_strategy"":""default""},""phase"":""search""},{""action"":{""execution_action"":""none"",""lip_action"":""selective""},""phase"":""low""}]"
STACK,random,c,./workloads/query_stack/q13_d4707be2.sql,NQO,721.867986023426,390.205000000000,ok,39f37f8d1931b3bdf767e7510dd69509fbf23af1f7654933d0a4d291cbdd4418,0,cdeea76f5b0d1642bb48c89b59a2173436d50b588149dd4fec5778edda691d0a,e53218a9f1af8cdbbde5d39c4f8fddf4920b37b4678ddddb99d79a66139ddbf0,./results/models/stack/random/c/best.pt,"[{""action"":{""high_action"":""split"",""order_decision"":""only_cost""},""phase"":""high""},{""action"":{""candidate_id"":3,""schedule_alpha"":0.5},""phase"":""select""},{""action"":{""search_k"":1,""search_strategy"":""default""},""phase"":""search""},{""action"":{""execution_action"":""none"",""lip_action"":""none""},""phase"":""low""},{""action"":{""high_action"":""split"",""order_decision"":""only_cost""},""phase"":""high""},{""action"":{""candidate_id"":3,""schedule_alpha"":0.5},""phase"":""select""},{""action"":{""search_k"":1,""search_strategy"":""default""},""phase"":""search""},{""action"":{""execution_action"":""none"",""lip_action"":""none""},""phase"":""low""},{""action"":{""high_action"":""split"",""order_decision"":""only_cost""},""phase"":""high""},{""action"":{""candidate_id"":1,""schedule_alpha"":0.5},""phase"":""select""},{""action"":{""search_k"":1,""search_strategy"":""default""},""phase"":""search""},{""action"":{""execution_action"":""none"",""lip_action"":""none""},""phase"":""low""},{""action"":{""high_action"":""split"",""order_decision"":""only_cost""},""phase"":""high""},{""action"":{""candidate_id"":1,""schedule_alpha"":0.5},""phase"":""select""},{""action"":{""search_k"":1,""search_strategy"":""default""},""phase"":""search""},{""action"":{""execution_action"":""none"",""lip_action"":""none""},""phase"":""low""},{""action"":{""high_action"":""split"",""order_decision"":""only_cost""},""phase"":""high""},{""action"":{""candidate_id"":0,""schedule_alpha"":0.5},""phase"":""select""},{""action"":{""search_k"":1,""search_strategy"":""default""},""phase"":""search""},{""action"":{""execution_action"":""none"",""lip_action"":""none""},""phase"":""low""},{""action"":{""high_action"":""stop"",""order_decision"":""only_cost""},""phase"":""high""},{""action"":{""search_k"":1,""search_strategy"":""default""},""phase"":""search""},{""action"":{""execution_action"":""none"",""lip_action"":""none""},""phase"":""low""}]"
STACK,random,a,./workloads/query_stack/q2_q2-032.sql,NQO,679.768294095993,303.628000000000,ok,cbcc4bf18be978bc8e11361047893040b820f9342b513c47cd5de359c6ec5d3c,24,5c4b0c4e379c4ab801e1a97266116eda29bb6ce81be7171aad4f76821e55abf5,69a797c82349be9d20aa6ddb68e99ee58c319ac704df6f797f165b9ff64a144e,./results/models/stack/random/a/best.pt,"[{""action"":{""high_action"":""split"",""order_decision"":""only_cost""},""phase"":""high""},{""action"":{""candidate_id"":0,""schedule_alpha"":0.5},""phase"":""select""},{""action"":{""search_k"":1,""search_strategy"":""default""},""phase"":""search""},{""action"":{""execution_action"":""none"",""lip_action"":""none""},""phase"":""low""},{""action"":{""high_action"":""split"",""order_decision"":""only_cost""},""phase"":""high""},{""action"":{""candidate_id"":3,""schedule_alpha"":0.5},""phase"":""select""},{""action"":{""search_k"":1,""search_strategy"":""default""},""phase"":""search""},{""action"":{""execution_action"":""none"",""lip_action"":""none""},""phase"":""low""},{""action"":{""high_action"":""split"",""order_decision"":""only_cost""},""phase"":""high""},{""action"":{""candidate_id"":1,""schedule_alpha"":0.5},""phase"":""select""},{""action"":{""search_k"":1,""search_strategy"":""default""},""phase"":""search""},{""action"":{""execution_action"":""none"",""lip_action"":""none""},""phase"":""low""},{""action"":{""high_action"":""split"",""order_decision"":""only_cost""},""phase"":""high""},{""action"":{""candidate_id"":3,""schedule_alpha"":0.5},""phase"":""select""},{""action"":{""search_k"":1,""search_strategy"":""default""},""phase"":""search""},{""action"":{""execution_action"":""none"",""lip_action"":""none""},""phase"":""low""},{""action"":{""high_action"":""split"",""order_decision"":""only_cost""},""phase"":""high""},{""action"":{""candidate_id"":0,""schedule_alpha"":0.0},""phase"":""select""},{""action"":{""search_k"":1,""search_strategy"":""default""},""phase"":""search""},{""action"":{""execution_action"":""none"",""lip_action"":""none""},""phase"":""low""},{""action"":{""high_action"":""split"",""order_decision"":""only_cost""},""phase"":""high""},{""action"":{""candidate_id"":1,""schedule_alpha"":0.0},""phase"":""select""},{""action"":{""search_k"":1,""search_strategy"":""default""},""phase"":""search""},{""action"":{""execution_action"":""none"",""lip_action"":""none""},""phase"":""low""},{""action"":{""high_action"":""stop"",""order_decision"":""only_cost""},""phase"":""high""},{""action"":{""search_k"":1,""search_strategy"":""default""},""phase"":""search""},{""action"":{""execution_action"":""none"",""lip_action"":""none""},""phase"":""low""}]"
STACK,random,c,./workloads/query_stack/q14_719e692d.sql,NQO,777.066893875599,382.718000000000,ok,33bea737f9a6478bb4f563e9f233b2617c72d1fa9cd3f204db8616f70d46fdec,1,352b04265fb3afc586e0a6069e6add157176b07a3daf43d3a952170af6e9b938,be0dfeb69a8657cf5e929e236834c8b60cb5c290fdfabfdf137249a13214356f,./results/models/stack/random/c/best.pt,"[{""action"":{""high_action"":""split"",""order_decision"":""only_cost""},""phase"":""high""},{""action"":{""candidate_id"":3,""schedule_alpha"":0.5},""phase"":""select""},{""action"":{""search_k"":1,""search_strategy"":""default""},""phase"":""search""},{""action"":{""execution_action"":""none"",""lip_action"":""none""},""phase"":""low""},{""action"":{""high_action"":""split"",""order_decision"":""only_cost""},""phase"":""high""},{""action"":{""candidate_id"":3,""schedule_alpha"":0.5},""phase"":""select""},{""action"":{""search_k"":1,""search_strategy"":""default""},""phase"":""search""},{""action"":{""execution_action"":""none"",""lip_action"":""none""},""phase"":""low""},{""action"":{""high_action"":""split"",""order_decision"":""only_cost""},""phase"":""high""},{""action"":{""candidate_id"":1,""schedule_alpha"":0.5},""phase"":""select""},{""action"":{""search_k"":1,""search_strategy"":""default""},""phase"":""search""},{""action"":{""execution_action"":""none"",""lip_action"":""none""},""phase"":""low""},{""action"":{""high_action"":""split"",""order_decision"":""only_cost""},""phase"":""high""},{""action"":{""candidate_id"":1,""schedule_alpha"":0.5},""phase"":""select""},{""action"":{""search_k"":1,""search_strategy"":""default""},""phase"":""search""},{""action"":{""execution_action"":""none"",""lip_action"":""none""},""phase"":""low""},{""action"":{""high_action"":""split"",""order_decision"":""only_cost""},""phase"":""high""},{""action"":{""candidate_id"":0,""schedule_alpha"":0.5},""phase"":""select""},{""action"":{""search_k"":1,""search_strategy"":""default""},""phase"":""search""},{""action"":{""execution_action"":""none"",""lip_action"":""none""},""phase"":""low""},{""action"":{""high_action"":""stop"",""order_decision"":""only_cost""},""phase"":""high""},{""action"":{""search_k"":1,""search_strategy"":""default""},""phase"":""search""},{""action"":{""execution_action"":""none"",""lip_action"":""none""},""phase"":""low""}]"
STACK,random,b,./workloads/query_stack/q14_97e68ad5.sql,NQO,2443.250574171543,378.127000000000,ok,c0f48286152404264514ca1921fd05473e1364e28d9f3781497d40defe26277b,1,abe1395ca3b49286683b29ce8d6239602607293be32cf2148c9d757f76f81d9c,6e11cbfa793d1aff810b87e769b301248a502fa1fa7eaa041671d152def73ddf,./results/models/stack/random/b/best.pt,"[{""action"":{""high_action"":""split"",""order_decision"":""only_cost""},""phase"":""high""},{""action"":{""candidate_id"":3,""schedule_alpha"":0.5},""phase"":""select""},{""action"":{""search_k"":1,""search_strategy"":""default""},""phase"":""search""},{""action"":{""execution_action"":""none"",""lip_action"":""none""},""phase"":""low""},{""action"":{""high_action"":""split"",""order_decision"":""only_cost""},""phase"":""high""},{""action"":{""candidate_id"":3,""schedule_alpha"":0.5},""phase"":""select""},{""action"":{""search_k"":1,""search_strategy"":""default""},""phase"":""search""},{""action"":{""execution_action"":""none"",""lip_action"":""none""},""phase"":""low""},{""action"":{""high_action"":""split"",""order_decision"":""only_cost""},""phase"":""high""},{""action"":{""candidate_id"":1,""schedule_alpha"":0.5},""phase"":""select""},{""action"":{""search_k"":1,""search_strategy"":""default""},""phase"":""search""},{""action"":{""execution_action"":""none"",""lip_action"":""none""},""phase"":""low""},{""action"":{""high_action"":""split"",""order_decision"":""only_cost""},""phase"":""high""},{""action"":{""candidate_id"":1,""schedule_alpha"":0.5},""phase"":""select""},{""action"":{""search_k"":1,""search_strategy"":""default""},""phase"":""search""},{""action"":{""execution_action"":""none"",""lip_action"":""none""},""phase"":""low""},{""action"":{""high_action"":""split"",""order_decision"":""only_cost""},""phase"":""high""},{""action"":{""candidate_id"":0,""schedule_alpha"":0.5},""phase"":""select""},{""action"":{""search_k"":1,""search_strategy"":""default""},""phase"":""search""},{""action"":{""execution_action"":""none"",""lip_action"":""none""},""phase"":""low""},{""action"":{""high_action"":""stop"",""order_decision"":""only_cost""},""phase"":""high""},{""action"":{""search_k"":1,""search_strategy"":""default""},""phase"":""search""},{""action"":{""execution_action"":""none"",""lip_action"":""none""},""phase"":""low""}]"
STACK,random,a,./workloads/query_stack/q2_q2-035.sql,NQO,780.924372375011,332.932000000000,ok,fa9b5a8f3c77364c08b65a0e726eefa22e85e339e1d6b78011517860581ee954,109,a15b72529f24c3d8ad0c73f0e1a8a74ca1b8c9159bee14a19bb1ee370a8cee29,a373b70b51dad8e55930ee620a9dee3523e64b2c2647b5a61af3d6727733d75f,./results/models/stack/random/a/best.pt,"[{""action"":{""high_action"":""split"",""order_decision"":""only_cost""},""phase"":""high""},{""action"":{""candidate_id"":0,""schedule_alpha"":0.5},""phase"":""select""},{""action"":{""search_k"":1,""search_strategy"":""default""},""phase"":""search""},{""action"":{""execution_action"":""none"",""lip_action"":""none""},""phase"":""low""},{""action"":{""high_action"":""split"",""order_decision"":""only_cost""},""phase"":""high""},{""action"":{""candidate_id"":3,""schedule_alpha"":0.5},""phase"":""select""},{""action"":{""search_k"":1,""search_strategy"":""default""},""phase"":""search""},{""action"":{""execution_action"":""none"",""lip_action"":""none""},""phase"":""low""},{""action"":{""high_action"":""split"",""order_decision"":""only_cost""},""phase"":""high""},{""action"":{""candidate_id"":1,""schedule_alpha"":0.5},""phase"":""select""},{""action"":{""search_k"":1,""search_strategy"":""default""},""phase"":""search""},{""action"":{""execution_action"":""none"",""lip_action"":""none""},""phase"":""low""},{""action"":{""high_action"":""split"",""order_decision"":""only_cost""},""phase"":""high""},{""action"":{""candidate_id"":3,""schedule_alpha"":0.5},""phase"":""select""},{""action"":{""search_k"":1,""search_strategy"":""default""},""phase"":""search""},{""action"":{""execution_action"":""none"",""lip_action"":""none""},""phase"":""low""},{""action"":{""high_action"":""split"",""order_decision"":""only_cost""},""phase"":""high""},{""action"":{""candidate_id"":2,""schedule_alpha"":0.0},""phase"":""select""},{""action"":{""search_k"":1,""search_strategy"":""default""},""phase"":""search""},{""action"":{""execution_action"":""none"",""lip_action"":""none""},""phase"":""low""},{""action"":{""high_action"":""split"",""order_decision"":""only_cost""},""phase"":""high""},{""action"":{""candidate_id"":0,""schedule_alpha"":0.0},""phase"":""select""},{""action"":{""search_k"":1,""search_strategy"":""default""},""phase"":""search""},{""action"":{""execution_action"":""none"",""lip_action"":""none""},""phase"":""low""},{""action"":{""high_action"":""stop"",""order_decision"":""only_cost""},""phase"":""high""},{""action"":{""search_k"":1,""search_strategy"":""default""},""phase"":""search""},{""action"":{""execution_action"":""none"",""lip_action"":""selective""},""phase"":""low""}]"
STACK,random,b,./workloads/query_stack/q15_21e4988a.sql,NQO,396.701283752918,274.028000000000,ok,457e49a570b12578dc461ae2d43eac05bee2ee7233e797823545b8d6e65d4212,53,b7988096d3eb94dd367e7285ddf75c143063421ede60011b0cbc63532a116ea3,bae3b9f2591a383f74157f6c6e82af20609cb27bacdc2ac9417012373c8fdacc,./results/models/stack/random/b/best.pt,"[{""action"":{""high_action"":""split"",""order_decision"":""only_cost""},""phase"":""high""},{""action"":{""candidate_id"":1,""schedule_alpha"":0.5},""phase"":""select""},{""action"":{""search_k"":1,""search_strategy"":""default""},""phase"":""search""},{""action"":{""execution_action"":""none"",""lip_action"":""none""},""phase"":""low""},{""action"":{""high_action"":""split"",""order_decision"":""only_cost""},""phase"":""high""},{""action"":{""candidate_id"":1,""schedule_alpha"":0.5},""phase"":""select""},{""action"":{""search_k"":1,""search_strategy"":""default""},""phase"":""search""},{""action"":{""execution_action"":""none"",""lip_action"":""none""},""phase"":""low""},{""action"":{""high_action"":""split"",""order_decision"":""only_cost""},""phase"":""high""},{""action"":{""candidate_id"":0,""schedule_alpha"":0.5},""phase"":""select""},{""action"":{""search_k"":1,""search_strategy"":""default""},""phase"":""search""},{""action"":{""execution_action"":""none"",""lip_action"":""none""},""phase"":""low""},{""action"":{""high_action"":""stop"",""order_decision"":""only_cost""},""phase"":""high""},{""action"":{""search_k"":1,""search_strategy"":""default""},""phase"":""search""},{""action"":{""execution_action"":""none"",""lip_action"":""none""},""phase"":""low""}]"
STACK,random,a,./workloads/query_stack/q2_q2-050.sql,NQO,553.556561470032,308.537000000000,ok,ed74d41b92f52f7e73691e61cf1c0ef9bda5896e118a93c3ae95b014878fec2f,1,f5af76fda837f62ec9c1497de9d5f118de4800ecef20b267f9e59c7df613d11e,5c43b9e7996e37594f68115bcf976118f8551bf2d64d18d8a3ea7dbde35ebdb8,./results/models/stack/random/a/best.pt,"[{""action"":{""high_action"":""split"",""order_decision"":""only_cost""},""phase"":""high""},{""action"":{""candidate_id"":0,""schedule_alpha"":0.5},""phase"":""select""},{""action"":{""search_k"":1,""search_strategy"":""default""},""phase"":""search""},{""action"":{""execution_action"":""none"",""lip_action"":""none""},""phase"":""low""},{""action"":{""high_action"":""split"",""order_decision"":""only_cost""},""phase"":""high""},{""action"":{""candidate_id"":3,""schedule_alpha"":0.5},""phase"":""select""},{""action"":{""search_k"":1,""search_strategy"":""default""},""phase"":""search""},{""action"":{""execution_action"":""none"",""lip_action"":""none""},""phase"":""low""},{""action"":{""high_action"":""split"",""order_decision"":""only_cost""},""phase"":""high""},{""action"":{""candidate_id"":1,""schedule_alpha"":0.5},""phase"":""select""},{""action"":{""search_k"":1,""search_strategy"":""default""},""phase"":""search""},{""action"":{""execution_action"":""none"",""lip_action"":""none""},""phase"":""low""},{""action"":{""high_action"":""split"",""order_decision"":""only_cost""},""phase"":""high""},{""action"":{""candidate_id"":3,""schedule_alpha"":0.5},""phase"":""select""},{""action"":{""search_k"":1,""search_strategy"":""default""},""phase"":""search""},{""action"":{""execution_action"":""none"",""lip_action"":""none""},""phase"":""low""},{""action"":{""high_action"":""split"",""order_decision"":""only_cost""},""phase"":""high""},{""action"":{""candidate_id"":2,""schedule_alpha"":0.0},""phase"":""select""},{""action"":{""search_k"":1,""search_strategy"":""default""},""phase"":""search""},{""action"":{""execution_action"":""none"",""lip_action"":""none""},""phase"":""low""},{""action"":{""high_action"":""split"",""order_decision"":""only_cost""},""phase"":""high""},{""action"":{""candidate_id"":0,""schedule_alpha"":0.0},""phase"":""select""},{""action"":{""search_k"":1,""search_strategy"":""default""},""phase"":""search""},{""action"":{""execution_action"":""none"",""lip_action"":""none""},""phase"":""low""},{""action"":{""high_action"":""stop"",""order_decision"":""only_cost""},""phase"":""high""},{""action"":{""search_k"":1,""search_strategy"":""default""},""phase"":""search""},{""action"":{""execution_action"":""none"",""lip_action"":""none""},""phase"":""low""}]"
STACK,random,b,./workloads/query_stack/q15_78995a5f.sql,NQO,400.198638439178,232.386000000000,ok,a206509f05da48a86317b5070e31132b2cb37b1416ea7ebad228e1173c9bebfa,84,41aeab468d668f8d64fbf91ad50dab9f32c548d807c9ce97a840e941077b2f42,86858bc7f1b08c739352719479762b3adc9ffa1cf31b3f7ed6b09fbb1d194757,./results/models/stack/random/b/best.pt,"[{""action"":{""high_action"":""split"",""order_decision"":""only_cost""},""phase"":""high""},{""action"":{""candidate_id"":1,""schedule_alpha"":0.5},""phase"":""select""},{""action"":{""search_k"":1,""search_strategy"":""default""},""phase"":""search""},{""action"":{""execution_action"":""none"",""lip_action"":""none""},""phase"":""low""},{""action"":{""high_action"":""split"",""order_decision"":""only_cost""},""phase"":""high""},{""action"":{""candidate_id"":1,""schedule_alpha"":0.5},""phase"":""select""},{""action"":{""search_k"":1,""search_strategy"":""default""},""phase"":""search""},{""action"":{""execution_action"":""none"",""lip_action"":""none""},""phase"":""low""},{""action"":{""high_action"":""split"",""order_decision"":""only_cost""},""phase"":""high""},{""action"":{""candidate_id"":0,""schedule_alpha"":0.5},""phase"":""select""},{""action"":{""search_k"":1,""search_strategy"":""default""},""phase"":""search""},{""action"":{""execution_action"":""none"",""lip_action"":""none""},""phase"":""low""},{""action"":{""high_action"":""stop"",""order_decision"":""only_cost""},""phase"":""high""},{""action"":{""search_k"":1,""search_strategy"":""default""},""phase"":""search""},{""action"":{""execution_action"":""none"",""lip_action"":""none""},""phase"":""low""}]"
STACK,random,b,./workloads/query_stack/q15_b8ddf65b.sql,NQO,346.295058727264,244.286000000000,ok,39f37f8d1931b3bdf767e7510dd69509fbf23af1f7654933d0a4d291cbdd4418,0,53fdde44eaa69e2223302d99b5d134498fda130b5d0b39353af002fc0fd6efa5,da0725bcf2fbf88bb301c2e35b6d60cbd1d2379bb92cf21fd73e384cd365dbc7,./results/models/stack/random/b/best.pt,"[{""action"":{""high_action"":""split"",""order_decision"":""only_cost""},""phase"":""high""},{""action"":{""candidate_id"":1,""schedule_alpha"":0.5},""phase"":""select""},{""action"":{""search_k"":1,""search_strategy"":""default""},""phase"":""search""},{""action"":{""execution_action"":""none"",""lip_action"":""none""},""phase"":""low""},{""action"":{""high_action"":""split"",""order_decision"":""only_cost""},""phase"":""high""},{""action"":{""candidate_id"":1,""schedule_alpha"":0.5},""phase"":""select""},{""action"":{""search_k"":1,""search_strategy"":""default""},""phase"":""search""},{""action"":{""execution_action"":""none"",""lip_action"":""none""},""phase"":""low""},{""action"":{""high_action"":""split"",""order_decision"":""only_cost""},""phase"":""high""},{""action"":{""candidate_id"":0,""schedule_alpha"":0.5},""phase"":""select""},{""action"":{""search_k"":1,""search_strategy"":""default""},""phase"":""search""},{""action"":{""execution_action"":""none"",""lip_action"":""none""},""phase"":""low""},{""action"":{""high_action"":""stop"",""order_decision"":""only_cost""},""phase"":""high""},{""action"":{""search_k"":1,""search_strategy"":""default""},""phase"":""search""},{""action"":{""execution_action"":""none"",""lip_action"":""none""},""phase"":""low""}]"
STACK,random,c,./workloads/query_stack/q14_74fd1af6.sql,NQO,2342.673808336258,373.788000000000,ok,978c8041cd7342af73a282341c3706aad2722c3a99b41dc651b18cef8f097526,1,9a78caedaaa7008abdf80f28242b39d02ae3281cce5cae44ec0d785138f6bc57,156b5d4977a43d870a7c398b73d6fdf3e7248a9f8400bb9357926ebb0fbb2a3f,./results/models/stack/random/c/best.pt,"[{""action"":{""high_action"":""split"",""order_decision"":""only_cost""},""phase"":""high""},{""action"":{""candidate_id"":3,""schedule_alpha"":0.5},""phase"":""select""},{""action"":{""search_k"":1,""search_strategy"":""default""},""phase"":""search""},{""action"":{""execution_action"":""none"",""lip_action"":""none""},""phase"":""low""},{""action"":{""high_action"":""split"",""order_decision"":""only_cost""},""phase"":""high""},{""action"":{""candidate_id"":3,""schedule_alpha"":0.5},""phase"":""select""},{""action"":{""search_k"":1,""search_strategy"":""default""},""phase"":""search""},{""action"":{""execution_action"":""none"",""lip_action"":""none""},""phase"":""low""},{""action"":{""high_action"":""split"",""order_decision"":""only_cost""},""phase"":""high""},{""action"":{""candidate_id"":1,""schedule_alpha"":0.5},""phase"":""select""},{""action"":{""search_k"":1,""search_strategy"":""default""},""phase"":""search""},{""action"":{""execution_action"":""none"",""lip_action"":""none""},""phase"":""low""},{""action"":{""high_action"":""split"",""order_decision"":""only_cost""},""phase"":""high""},{""action"":{""candidate_id"":1,""schedule_alpha"":0.5},""phase"":""select""},{""action"":{""search_k"":1,""search_strategy"":""default""},""phase"":""search""},{""action"":{""execution_action"":""none"",""lip_action"":""none""},""phase"":""low""},{""action"":{""high_action"":""split"",""order_decision"":""only_cost""},""phase"":""high""},{""action"":{""candidate_id"":0,""schedule_alpha"":0.5},""phase"":""select""},{""action"":{""search_k"":1,""search_strategy"":""default""},""phase"":""search""},{""action"":{""execution_action"":""none"",""lip_action"":""none""},""phase"":""low""},{""action"":{""high_action"":""stop"",""order_decision"":""only_cost""},""phase"":""high""},{""action"":{""search_k"":1,""search_strategy"":""default""},""phase"":""search""},{""action"":{""execution_action"":""none"",""lip_action"":""none""},""phase"":""low""}]"
STACK,random,c,./workloads/query_stack/q14_b49361f8.sql,NQO,523.534096777439,353.472000000000,ok,f0bbc0e87fbfe8dd57d576746037b6b4bc1bef3cd6fd67edaa01de9b3c9bc528,1,053562639457578aec3255945345d979918b8e70f2608b54dadf68ea93f89cf3,d534c9482f77f03189cd637fc8c80620437078a6d5ffd968a6f2274edb4ac951,./results/models/stack/random/c/best.pt,"[{""action"":{""high_action"":""split"",""order_decision"":""only_cost""},""phase"":""high""},{""action"":{""candidate_id"":3,""schedule_alpha"":0.5},""phase"":""select""},{""action"":{""search_k"":1,""search_strategy"":""default""},""phase"":""search""},{""action"":{""execution_action"":""none"",""lip_action"":""none""},""phase"":""low""},{""action"":{""high_action"":""split"",""order_decision"":""only_cost""},""phase"":""high""},{""action"":{""candidate_id"":3,""schedule_alpha"":0.5},""phase"":""select""},{""action"":{""search_k"":1,""search_strategy"":""default""},""phase"":""search""},{""action"":{""execution_action"":""none"",""lip_action"":""none""},""phase"":""low""},{""action"":{""high_action"":""split"",""order_decision"":""only_cost""},""phase"":""high""},{""action"":{""candidate_id"":1,""schedule_alpha"":0.5},""phase"":""select""},{""action"":{""search_k"":1,""search_strategy"":""default""},""phase"":""search""},{""action"":{""execution_action"":""none"",""lip_action"":""none""},""phase"":""low""},{""action"":{""high_action"":""split"",""order_decision"":""only_cost""},""phase"":""high""},{""action"":{""candidate_id"":1,""schedule_alpha"":0.5},""phase"":""select""},{""action"":{""search_k"":1,""search_strategy"":""default""},""phase"":""search""},{""action"":{""execution_action"":""none"",""lip_action"":""none""},""phase"":""low""},{""action"":{""high_action"":""split"",""order_decision"":""only_cost""},""phase"":""high""},{""action"":{""candidate_id"":0,""schedule_alpha"":0.5},""phase"":""select""},{""action"":{""search_k"":1,""search_strategy"":""default""},""phase"":""search""},{""action"":{""execution_action"":""none"",""lip_action"":""none""},""phase"":""low""},{""action"":{""high_action"":""stop"",""order_decision"":""only_cost""},""phase"":""high""},{""action"":{""search_k"":1,""search_strategy"":""default""},""phase"":""search""},{""action"":{""execution_action"":""none"",""lip_action"":""none""},""phase"":""low""}]"
STACK,random,a,./workloads/query_stack/q2_q2-098.sql,NQO,1985.268652439117,569.218000000000,ok,5fa24c5a7ce3c77ef21305d6e85ae327339db2867b30be1afbcd60ba08a5511a,34,7e1197347740b43f6c54b00acde52e4e55350b254ee19881414367d31d25ffb6,2be70adeb42f5a0e65cdf2bb8c430a07aef79f8e5893aecc9dd12475abcaad17,./results/models/stack/random/a/best.pt,"[{""action"":{""high_action"":""split"",""order_decision"":""only_cost""},""phase"":""high""},{""action"":{""candidate_id"":4,""schedule_alpha"":0.5},""phase"":""select""},{""action"":{""search_k"":1,""search_strategy"":""default""},""phase"":""search""},{""action"":{""execution_action"":""none"",""lip_action"":""none""},""phase"":""low""},{""action"":{""high_action"":""split"",""order_decision"":""only_cost""},""phase"":""high""},{""action"":{""candidate_id"":5,""schedule_alpha"":0.5},""phase"":""select""},{""action"":{""search_k"":1,""search_strategy"":""default""},""phase"":""search""},{""action"":{""execution_action"":""none"",""lip_action"":""none""},""phase"":""low""},{""action"":{""high_action"":""split"",""order_decision"":""only_cost""},""phase"":""high""},{""action"":{""candidate_id"":0,""schedule_alpha"":0.5},""phase"":""select""},{""action"":{""search_k"":1,""search_strategy"":""default""},""phase"":""search""},{""action"":{""execution_action"":""none"",""lip_action"":""none""},""phase"":""low""},{""action"":{""high_action"":""split"",""order_decision"":""only_cost""},""phase"":""high""},{""action"":{""candidate_id"":1,""schedule_alpha"":0.5},""phase"":""select""},{""action"":{""search_k"":1,""search_strategy"":""default""},""phase"":""search""},{""action"":{""execution_action"":""none"",""lip_action"":""none""},""phase"":""low""},{""action"":{""high_action"":""split"",""order_decision"":""only_cost""},""phase"":""high""},{""action"":{""candidate_id"":0,""schedule_alpha"":0.0},""phase"":""select""},{""action"":{""search_k"":1,""search_strategy"":""default""},""phase"":""search""},{""action"":{""execution_action"":""none"",""lip_action"":""none""},""phase"":""low""},{""action"":{""high_action"":""split"",""order_decision"":""only_cost""},""phase"":""high""},{""action"":{""candidate_id"":0,""schedule_alpha"":0.0},""phase"":""select""},{""action"":{""search_k"":1,""search_strategy"":""default""},""phase"":""search""},{""action"":{""execution_action"":""none"",""lip_action"":""none""},""phase"":""low""},{""action"":{""high_action"":""split"",""order_decision"":""only_cost""},""phase"":""high""},{""action"":{""candidate_id"":0,""schedule_alpha"":0.0},""phase"":""select""},{""action"":{""search_k"":1,""search_strategy"":""default""},""phase"":""search""},{""action"":{""execution_action"":""none"",""lip_action"":""none""},""phase"":""low""},{""action"":{""high_action"":""stop"",""order_decision"":""only_cost""},""phase"":""high""},{""action"":{""search_k"":1,""search_strategy"":""default""},""phase"":""search""},{""action"":{""execution_action"":""none"",""lip_action"":""selective""},""phase"":""low""}]"
STACK,random,c,./workloads/query_stack/q15_543ab3f7.sql,NQO,331.450954079628,271.270000000000,ok,b5de167d40941317a62ce34f775428763184c054b938b979bdf442f507469adc,5,838cacff040498750359bc787215fa1245358a8c7a8ec28ae9e282767780802c,cdc1c79ef7d05ca6f2442befec75d8bc25eb67d18070e59b3392feb89b8ddd73,./results/models/stack/random/c/best.pt,"[{""action"":{""high_action"":""split"",""order_decision"":""only_cost""},""phase"":""high""},{""action"":{""candidate_id"":1,""schedule_alpha"":0.5},""phase"":""select""},{""action"":{""search_k"":1,""search_strategy"":""default""},""phase"":""search""},{""action"":{""execution_action"":""none"",""lip_action"":""none""},""phase"":""low""},{""action"":{""high_action"":""split"",""order_decision"":""only_cost""},""phase"":""high""},{""action"":{""candidate_id"":1,""schedule_alpha"":0.5},""phase"":""select""},{""action"":{""search_k"":1,""search_strategy"":""default""},""phase"":""search""},{""action"":{""execution_action"":""none"",""lip_action"":""none""},""phase"":""low""},{""action"":{""high_action"":""split"",""order_decision"":""only_cost""},""phase"":""high""},{""action"":{""candidate_id"":0,""schedule_alpha"":0.5},""phase"":""select""},{""action"":{""search_k"":1,""search_strategy"":""default""},""phase"":""search""},{""action"":{""execution_action"":""none"",""lip_action"":""none""},""phase"":""low""},{""action"":{""high_action"":""stop"",""order_decision"":""only_cost""},""phase"":""high""},{""action"":{""search_k"":1,""search_strategy"":""default""},""phase"":""search""},{""action"":{""execution_action"":""none"",""lip_action"":""none""},""phase"":""low""}]"
STACK,random,b,./workloads/query_stack/q16_374e3e4c.sql,NQO,1910.747684538364,290.811000000000,ok,8d8b4d96afd394123bbb18c13c219dd72ad774255a865ae566958ea4a9bae9b3,1,41a867309c11271d48d5905d7d0dffd72027816534d2b9d592479f360bb0aadf,70ef43d6a9f4eaf7fba0bdf7780a04b4a862bba4fbb1fd48c35f42c7b548b760,./results/models/stack/random/b/best.pt,"[{""action"":{""high_action"":""split"",""order_decision"":""only_cost""},""phase"":""high""},{""action"":{""candidate_id"":1,""schedule_alpha"":0.5},""phase"":""select""},{""action"":{""search_k"":1,""search_strategy"":""default""},""phase"":""search""},{""action"":{""execution_action"":""none"",""lip_action"":""none""},""phase"":""low""},{""action"":{""high_action"":""split"",""order_decision"":""only_cost""},""phase"":""high""},{""action"":{""candidate_id"":1,""schedule_alpha"":0.5},""phase"":""select""},{""action"":{""search_k"":1,""search_strategy"":""default""},""phase"":""search""},{""action"":{""execution_action"":""none"",""lip_action"":""none""},""phase"":""low""},{""action"":{""high_action"":""split"",""order_decision"":""only_cost""},""phase"":""high""},{""action"":{""candidate_id"":0,""schedule_alpha"":0.5},""phase"":""select""},{""action"":{""search_k"":1,""search_strategy"":""default""},""phase"":""search""},{""action"":{""execution_action"":""none"",""lip_action"":""none""},""phase"":""low""},{""action"":{""high_action"":""stop"",""order_decision"":""only_cost""},""phase"":""high""},{""action"":{""search_k"":1,""search_strategy"":""default""},""phase"":""search""},{""action"":{""execution_action"":""none"",""lip_action"":""none""},""phase"":""low""}]"
STACK,random,b,./workloads/query_stack/q16_d5290889.sql,NQO,285.590976476669,222.129000000000,ok,6df0e219ac573723d552586b66c486c20731ea236011d7d2c4401ec2789e452e,1,10cfc6aaf0dc07b342b3e4a986399aeb04cea4f0981f6fdd76bc63e196247730,87bb81f20b09be402307ad151f749ebd3cea4bc57888856213a3d3405cd4a0ec,./results/models/stack/random/b/best.pt,"[{""action"":{""high_action"":""split"",""order_decision"":""only_cost""},""phase"":""high""},{""action"":{""candidate_id"":1,""schedule_alpha"":0.5},""phase"":""select""},{""action"":{""search_k"":1,""search_strategy"":""default""},""phase"":""search""},{""action"":{""execution_action"":""none"",""lip_action"":""none""},""phase"":""low""},{""action"":{""high_action"":""split"",""order_decision"":""only_cost""},""phase"":""high""},{""action"":{""candidate_id"":1,""schedule_alpha"":0.5},""phase"":""select""},{""action"":{""search_k"":1,""search_strategy"":""default""},""phase"":""search""},{""action"":{""execution_action"":""none"",""lip_action"":""none""},""phase"":""low""},{""action"":{""high_action"":""split"",""order_decision"":""only_cost""},""phase"":""high""},{""action"":{""candidate_id"":0,""schedule_alpha"":0.5},""phase"":""select""},{""action"":{""search_k"":1,""search_strategy"":""default""},""phase"":""search""},{""action"":{""execution_action"":""none"",""lip_action"":""none""},""phase"":""low""},{""action"":{""high_action"":""stop"",""order_decision"":""only_cost""},""phase"":""high""},{""action"":{""search_k"":1,""search_strategy"":""default""},""phase"":""search""},{""action"":{""execution_action"":""none"",""lip_action"":""none""},""phase"":""low""}]"
STACK,random,c,./workloads/query_stack/q15_b2ee2c78.sql,NQO,500.928960740566,274.794000000000,ok,bbd152009fca41e4f353c74fecde714192725b482e98e391ea8b6a1b7b10c945,78,b44dbeefcc7c1b394c411986678a9c07f66806611d1a79f4d26c97ae8aa4c83b,464119e3b393adc5b3c0a192309c7acabbc52d870799a80b77d277098af03c13,./results/models/stack/random/c/best.pt,"[{""action"":{""high_action"":""split"",""order_decision"":""only_cost""},""phase"":""high""},{""action"":{""candidate_id"":1,""schedule_alpha"":0.5},""phase"":""select""},{""action"":{""search_k"":1,""search_strategy"":""default""},""phase"":""search""},{""action"":{""execution_action"":""none"",""lip_action"":""none""},""phase"":""low""},{""action"":{""high_action"":""split"",""order_decision"":""only_cost""},""phase"":""high""},{""action"":{""candidate_id"":1,""schedule_alpha"":0.5},""phase"":""select""},{""action"":{""search_k"":1,""search_strategy"":""default""},""phase"":""search""},{""action"":{""execution_action"":""none"",""lip_action"":""none""},""phase"":""low""},{""action"":{""high_action"":""split"",""order_decision"":""only_cost""},""phase"":""high""},{""action"":{""candidate_id"":0,""schedule_alpha"":0.5},""phase"":""select""},{""action"":{""search_k"":1,""search_strategy"":""default""},""phase"":""search""},{""action"":{""execution_action"":""none"",""lip_action"":""none""},""phase"":""low""},{""action"":{""high_action"":""stop"",""order_decision"":""only_cost""},""phase"":""high""},{""action"":{""search_k"":1,""search_strategy"":""default""},""phase"":""search""},{""action"":{""execution_action"":""none"",""lip_action"":""none""},""phase"":""low""}]"
STACK,random,b,./workloads/query_stack/q16_f67cec3d.sql,NQO,329.673893749714,250.054000000000,ok,fa879e4fc50b8c9696eb4dbd6a0b301941889f11c3953bede1a1f9308c6c8618,1,badce0234be7572f1d3fde7ca99718caf4198f741b365377f38d4e8c22406a8c,59124e47b1469302a4c00ef4fed2faba12d45bd0c81d64cd99f715ffac2a6bec,./results/models/stack/random/b/best.pt,"[{""action"":{""high_action"":""split"",""order_decision"":""only_cost""},""phase"":""high""},{""action"":{""candidate_id"":1,""schedule_alpha"":0.5},""phase"":""select""},{""action"":{""search_k"":1,""search_strategy"":""default""},""phase"":""search""},{""action"":{""execution_action"":""none"",""lip_action"":""none""},""phase"":""low""},{""action"":{""high_action"":""split"",""order_decision"":""only_cost""},""phase"":""high""},{""action"":{""candidate_id"":1,""schedule_alpha"":0.5},""phase"":""select""},{""action"":{""search_k"":1,""search_strategy"":""default""},""phase"":""search""},{""action"":{""execution_action"":""none"",""lip_action"":""none""},""phase"":""low""},{""action"":{""high_action"":""split"",""order_decision"":""only_cost""},""phase"":""high""},{""action"":{""candidate_id"":0,""schedule_alpha"":0.5},""phase"":""select""},{""action"":{""search_k"":1,""search_strategy"":""default""},""phase"":""search""},{""action"":{""execution_action"":""none"",""lip_action"":""none""},""phase"":""low""},{""action"":{""high_action"":""stop"",""order_decision"":""only_cost""},""phase"":""high""},{""action"":{""search_k"":1,""search_strategy"":""default""},""phase"":""search""},{""action"":{""execution_action"":""none"",""lip_action"":""none""},""phase"":""low""}]"
STACK,random,a,./workloads/query_stack/q3_q3-043.sql,NQO,1192.886821925640,537.987000000000,ok,e6f0f8d79adc05f93040da91ab04f3d215ad4b06c20176285c0994a20326a1c7,1,7aee60a2dec194b34d933a125302c869b988597ada57809475f1fcdd07770770,61a0c5e3445af98ebfd4cfce5596bcd24597f41938397a7b4625ec4e62766d13,./results/models/stack/random/a/best.pt,"[{""action"":{""high_action"":""split"",""order_decision"":""only_cost""},""phase"":""high""},{""action"":{""candidate_id"":0,""schedule_alpha"":0.5},""phase"":""select""},{""action"":{""search_k"":1,""search_strategy"":""default""},""phase"":""search""},{""action"":{""execution_action"":""none"",""lip_action"":""none""},""phase"":""low""},{""action"":{""high_action"":""split"",""order_decision"":""only_cost""},""phase"":""high""},{""action"":{""candidate_id"":4,""schedule_alpha"":0.5},""phase"":""select""},{""action"":{""search_k"":1,""search_strategy"":""default""},""phase"":""search""},{""action"":{""execution_action"":""none"",""lip_action"":""none""},""phase"":""low""},{""action"":{""high_action"":""split"",""order_decision"":""only_cost""},""phase"":""high""},{""action"":{""candidate_id"":2,""schedule_alpha"":0.5},""phase"":""select""},{""action"":{""search_k"":1,""search_strategy"":""default""},""phase"":""search""},{""action"":{""execution_action"":""none"",""lip_action"":""none""},""phase"":""low""},{""action"":{""high_action"":""split"",""order_decision"":""only_cost""},""phase"":""high""},{""action"":{""candidate_id"":4,""schedule_alpha"":0.5},""phase"":""select""},{""action"":{""search_k"":1,""search_strategy"":""default""},""phase"":""search""},{""action"":{""execution_action"":""none"",""lip_action"":""none""},""phase"":""low""},{""action"":{""high_action"":""split"",""order_decision"":""only_cost""},""phase"":""high""},{""action"":{""candidate_id"":0,""schedule_alpha"":0.5},""phase"":""select""},{""action"":{""search_k"":1,""search_strategy"":""default""},""phase"":""search""},{""action"":{""execution_action"":""none"",""lip_action"":""none""},""phase"":""low""},{""action"":{""high_action"":""split"",""order_decision"":""only_cost""},""phase"":""high""},{""action"":{""candidate_id"":2,""schedule_alpha"":0.0},""phase"":""select""},{""action"":{""search_k"":1,""search_strategy"":""default""},""phase"":""search""},{""action"":{""execution_action"":""none"",""lip_action"":""none""},""phase"":""low""},{""action"":{""high_action"":""split"",""order_decision"":""only_cost""},""phase"":""high""},{""action"":{""candidate_id"":0,""schedule_alpha"":0.0},""phase"":""select""},{""action"":{""search_k"":1,""search_strategy"":""default""},""phase"":""search""},{""action"":{""execution_action"":""none"",""lip_action"":""none""},""phase"":""low""},{""action"":{""high_action"":""stop"",""order_decision"":""only_cost""},""phase"":""high""},{""action"":{""search_k"":1,""search_strategy"":""default""},""phase"":""search""},{""action"":{""execution_action"":""none"",""lip_action"":""selective""},""phase"":""low""}]"
STACK,random,c,./workloads/query_stack/q15_c9619ad4.sql,NQO,439.756900072098,268.645000000000,ok,db0123da1723595988b952315ebd2d55af7b8b9f359d55f8926612fce74f550c,33,3eec28a573dba741e7830f2421aca29cd180483e1b718eb403ab704ed518d637,8aa6796fefa9e7ab96db539625cc916aa6817e3c8d7492ad0a682fa0306fb244,./results/models/stack/random/c/best.pt,"[{""action"":{""high_action"":""split"",""order_decision"":""only_cost""},""phase"":""high""},{""action"":{""candidate_id"":1,""schedule_alpha"":0.5},""phase"":""select""},{""action"":{""search_k"":1,""search_strategy"":""default""},""phase"":""search""},{""action"":{""execution_action"":""none"",""lip_action"":""none""},""phase"":""low""},{""action"":{""high_action"":""split"",""order_decision"":""only_cost""},""phase"":""high""},{""action"":{""candidate_id"":1,""schedule_alpha"":0.5},""phase"":""select""},{""action"":{""search_k"":1,""search_strategy"":""default""},""phase"":""search""},{""action"":{""execution_action"":""none"",""lip_action"":""none""},""phase"":""low""},{""action"":{""high_action"":""split"",""order_decision"":""only_cost""},""phase"":""high""},{""action"":{""candidate_id"":0,""schedule_alpha"":0.5},""phase"":""select""},{""action"":{""search_k"":1,""search_strategy"":""default""},""phase"":""search""},{""action"":{""execution_action"":""none"",""lip_action"":""none""},""phase"":""low""},{""action"":{""high_action"":""stop"",""order_decision"":""only_cost""},""phase"":""high""},{""action"":{""search_k"":1,""search_strategy"":""default""},""phase"":""search""},{""action"":{""execution_action"":""none"",""lip_action"":""none""},""phase"":""low""}]"
STACK,random,b,./workloads/query_stack/q1_q1-067.sql,NQO,159.162901341915,82.280000000000,ok,c9dd46b1aecc1a0a57b83d992be22c22864c2883017313681fcdbf86176dde23,1,a35d0051683a61bd135342cf1cce4eb56021b8f8bf4fbbf21167e9fb48042e0b,66032520445d8a2b15379c8b820a306c6003eef1408c100f2a5e744fb7099ef2,./results/models/stack/random/b/best.pt,"[{""action"":{""high_action"":""stop"",""order_decision"":""only_cost""},""phase"":""high""},{""action"":{""search_k"":1,""search_strategy"":""default""},""phase"":""search""},{""action"":{""execution_action"":""none"",""lip_action"":""none""},""phase"":""low""}]"
STACK,random,a,./workloads/query_stack/q3_q3-086.sql,NQO,969.965025782585,420.672000000000,ok,ce8ae4a1c41bb6ace1751e8b691713500edc7b921b9a42bfde4909ad43ad647a,1,46c124e2d4195183af48029fe5645766a0ab94ed6bf23e213737986962a8c512,2f7421960c4a3a12f5d670d43a1d80c6faf53c1a95e0cdbea1ad8eaf1fcf1b23,./results/models/stack/random/a/best.pt,"[{""action"":{""high_action"":""split"",""order_decision"":""only_cost""},""phase"":""high""},{""action"":{""candidate_id"":0,""schedule_alpha"":0.5},""phase"":""select""},{""action"":{""search_k"":1,""search_strategy"":""default""},""phase"":""search""},{""action"":{""execution_action"":""none"",""lip_action"":""none""},""phase"":""low""},{""action"":{""high_action"":""split"",""order_decision"":""only_cost""},""phase"":""high""},{""action"":{""candidate_id"":4,""schedule_alpha"":0.5},""phase"":""select""},{""action"":{""search_k"":1,""search_strategy"":""default""},""phase"":""search""},{""action"":{""execution_action"":""none"",""lip_action"":""none""},""phase"":""low""},{""action"":{""high_action"":""split"",""order_decision"":""only_cost""},""phase"":""high""},{""action"":{""candidate_id"":2,""schedule_alpha"":0.5},""phase"":""select""},{""action"":{""search_k"":1,""search_strategy"":""default""},""phase"":""search""},{""action"":{""execution_action"":""none"",""lip_action"":""none""},""phase"":""low""},{""action"":{""high_action"":""split"",""order_decision"":""only_cost""},""phase"":""high""},{""action"":{""candidate_id"":4,""schedule_alpha"":0.5},""phase"":""select""},{""action"":{""search_k"":1,""search_strategy"":""default""},""phase"":""search""},{""action"":{""execution_action"":""none"",""lip_action"":""none""},""phase"":""low""},{""action"":{""high_action"":""split"",""order_decision"":""only_cost""},""phase"":""high""},{""action"":{""candidate_id"":0,""schedule_alpha"":0.5},""phase"":""select""},{""action"":{""search_k"":1,""search_strategy"":""default""},""phase"":""search""},{""action"":{""execution_action"":""none"",""lip_action"":""none""},""phase"":""low""},{""action"":{""high_action"":""split"",""order_decision"":""only_cost""},""phase"":""high""},{""action"":{""candidate_id"":0,""schedule_alpha"":0.0},""phase"":""select""},{""action"":{""search_k"":1,""search_strategy"":""default""},""phase"":""search""},{""action"":{""execution_action"":""none"",""lip_action"":""none""},""phase"":""low""},{""action"":{""high_action"":""split"",""order_decision"":""only_cost""},""phase"":""high""},{""action"":{""candidate_id"":1,""schedule_alpha"":0.0},""phase"":""select""},{""action"":{""search_k"":1,""search_strategy"":""default""},""phase"":""search""},{""action"":{""execution_action"":""none"",""lip_action"":""none""},""phase"":""low""},{""action"":{""high_action"":""stop"",""order_decision"":""only_cost""},""phase"":""high""},{""action"":{""search_k"":1,""search_strategy"":""default""},""phase"":""search""},{""action"":{""execution_action"":""none"",""lip_action"":""selective""},""phase"":""low""}]"
STACK,random,c,./workloads/query_stack/q16_1e863562.sql,NQO,1328.174747526646,265.862000000000,ok,6fd9c485f76b5442e76ecea6174c73f10666b4513cc39b8d6e566997ad4f1ca9,1,8296d118d1a369c25a65ca83ded1afbf5ae99d47c6b4606636d31d326203b537,3d49fc384d20892334c4b3138a7422adc91d5cbb9244ff208e7eb0969ceaaea4,./results/models/stack/random/c/best.pt,"[{""action"":{""high_action"":""split"",""order_decision"":""only_cost""},""phase"":""high""},{""action"":{""candidate_id"":1,""schedule_alpha"":0.5},""phase"":""select""},{""action"":{""search_k"":1,""search_strategy"":""default""},""phase"":""search""},{""action"":{""execution_action"":""none"",""lip_action"":""none""},""phase"":""low""},{""action"":{""high_action"":""split"",""order_decision"":""only_cost""},""phase"":""high""},{""action"":{""candidate_id"":1,""schedule_alpha"":0.5},""phase"":""select""},{""action"":{""search_k"":1,""search_strategy"":""default""},""phase"":""search""},{""action"":{""execution_action"":""none"",""lip_action"":""none""},""phase"":""low""},{""action"":{""high_action"":""split"",""order_decision"":""only_cost""},""phase"":""high""},{""action"":{""candidate_id"":0,""schedule_alpha"":0.5},""phase"":""select""},{""action"":{""search_k"":1,""search_strategy"":""default""},""phase"":""search""},{""action"":{""execution_action"":""none"",""lip_action"":""none""},""phase"":""low""},{""action"":{""high_action"":""stop"",""order_decision"":""only_cost""},""phase"":""high""},{""action"":{""search_k"":1,""search_strategy"":""default""},""phase"":""search""},{""action"":{""execution_action"":""none"",""lip_action"":""none""},""phase"":""low""}]"
STACK,random,a,./workloads/query_stack/q4_q4-041.sql,NQO,484.725788235664,317.419000000000,ok,fe54d4286ce6086681006e1ecd09fc9d152845c4463b3e5b8b6c728ee4e234f9,1,71a9809d62c4516b903978907755dc12f629c6dbbccf83bd0983ad40813016e6,5e90994c02a3a4dd494e13733fc96cf101a3b2536ef9cefa17b3450770c0c2a8,./results/models/stack/random/a/best.pt,"[{""action"":{""high_action"":""split"",""order_decision"":""only_cost""},""phase"":""high""},{""action"":{""candidate_id"":0,""schedule_alpha"":0.5},""phase"":""select""},{""action"":{""search_k"":1,""search_strategy"":""default""},""phase"":""search""},{""action"":{""execution_action"":""none"",""lip_action"":""none""},""phase"":""low""},{""action"":{""high_action"":""split"",""order_decision"":""only_cost""},""phase"":""high""},{""action"":{""candidate_id"":2,""schedule_alpha"":0.5},""phase"":""select""},{""action"":{""search_k"":1,""search_strategy"":""default""},""phase"":""search""},{""action"":{""execution_action"":""none"",""lip_action"":""none""},""phase"":""low""},{""action"":{""high_action"":""split"",""order_decision"":""only_cost""},""phase"":""high""},{""action"":{""candidate_id"":0,""schedule_alpha"":0.0},""phase"":""select""},{""action"":{""search_k"":1,""search_strategy"":""default""},""phase"":""search""},{""action"":{""execution_action"":""none"",""lip_action"":""none""},""phase"":""low""},{""action"":{""high_action"":""split"",""order_decision"":""only_cost""},""phase"":""high""},{""action"":{""candidate_id"":0,""schedule_alpha"":0.0},""phase"":""select""},{""action"":{""search_k"":1,""search_strategy"":""default""},""phase"":""search""},{""action"":{""execution_action"":""none"",""lip_action"":""none""},""phase"":""low""},{""action"":{""high_action"":""stop"",""order_decision"":""only_cost""},""phase"":""high""},{""action"":{""search_k"":1,""search_strategy"":""default""},""phase"":""search""},{""action"":{""execution_action"":""none"",""lip_action"":""none""},""phase"":""low""}]"
STACK,random,a,./workloads/query_stack/q4_q4-086.sql,NQO,326.360240578651,193.863000000000,ok,f06b83fdb51fc65e64ede37c596474b57059177cc94cf5f546ffa37722348e0a,1,0d5c205426040dae170c37925d017cf25d901cbe24d9f830fab5dbbc535d8da5,eee797f28154782eda4bc882bb892943769386b3fe1fc39948a06a65df76d351,./results/models/stack/random/a/best.pt,"[{""action"":{""high_action"":""split"",""order_decision"":""only_cost""},""phase"":""high""},{""action"":{""candidate_id"":0,""schedule_alpha"":0.5},""phase"":""select""},{""action"":{""search_k"":1,""search_strategy"":""default""},""phase"":""search""},{""action"":{""execution_action"":""none"",""lip_action"":""none""},""phase"":""low""},{""action"":{""high_action"":""split"",""order_decision"":""only_cost""},""phase"":""high""},{""action"":{""candidate_id"":2,""schedule_alpha"":0.5},""phase"":""select""},{""action"":{""search_k"":1,""search_strategy"":""default""},""phase"":""search""},{""action"":{""execution_action"":""none"",""lip_action"":""none""},""phase"":""low""},{""action"":{""high_action"":""split"",""order_decision"":""only_cost""},""phase"":""high""},{""action"":{""candidate_id"":0,""schedule_alpha"":0.0},""phase"":""select""},{""action"":{""search_k"":1,""search_strategy"":""default""},""phase"":""search""},{""action"":{""execution_action"":""none"",""lip_action"":""none""},""phase"":""low""},{""action"":{""high_action"":""split"",""order_decision"":""only_cost""},""phase"":""high""},{""action"":{""candidate_id"":0,""schedule_alpha"":0.0},""phase"":""select""},{""action"":{""search_k"":1,""search_strategy"":""default""},""phase"":""search""},{""action"":{""execution_action"":""none"",""lip_action"":""none""},""phase"":""low""},{""action"":{""high_action"":""stop"",""order_decision"":""only_cost""},""phase"":""high""},{""action"":{""search_k"":1,""search_strategy"":""default""},""phase"":""search""},{""action"":{""execution_action"":""none"",""lip_action"":""none""},""phase"":""low""}]"
STACK,random,c,./workloads/query_stack/q16_b1a96cd4.sql,NQO,522.787906229496,247.173000000000,ok,980d489b6da5cdf4f22af2750a8b2e91ab95ee5be9be8e3eaa04b83f954dfa03,1,2baf09f96e0b4d414c8b40e22c673b954246d80cac18adcaa99a2265ebee1b54,9f2435a69f7085a240f78a7f2906cc66f809dcdeb2806d1c7548b7de0f880640,./results/models/stack/random/c/best.pt,"[{""action"":{""high_action"":""split"",""order_decision"":""only_cost""},""phase"":""high""},{""action"":{""candidate_id"":1,""schedule_alpha"":0.5},""phase"":""select""},{""action"":{""search_k"":1,""search_strategy"":""default""},""phase"":""search""},{""action"":{""execution_action"":""none"",""lip_action"":""none""},""phase"":""low""},{""action"":{""high_action"":""split"",""order_decision"":""only_cost""},""phase"":""high""},{""action"":{""candidate_id"":1,""schedule_alpha"":0.5},""phase"":""select""},{""action"":{""search_k"":1,""search_strategy"":""default""},""phase"":""search""},{""action"":{""execution_action"":""none"",""lip_action"":""none""},""phase"":""low""},{""action"":{""high_action"":""split"",""order_decision"":""only_cost""},""phase"":""high""},{""action"":{""candidate_id"":0,""schedule_alpha"":0.5},""phase"":""select""},{""action"":{""search_k"":1,""search_strategy"":""default""},""phase"":""search""},{""action"":{""execution_action"":""none"",""lip_action"":""none""},""phase"":""low""},{""action"":{""high_action"":""stop"",""order_decision"":""only_cost""},""phase"":""high""},{""action"":{""search_k"":1,""search_strategy"":""default""},""phase"":""search""},{""action"":{""execution_action"":""none"",""lip_action"":""none""},""phase"":""low""}]"
STACK,random,b,./workloads/query_stack/q1_q1-098.sql,NQO,1991.205222904682,95.003000000000,ok,960e6a0ef13e52079a1dd42799d19055a56c769a39e14a684d9eb6f5622bbf80,1,9efdc0c70fbe32467f29af1da8d8081b4bb27e840549c2e7a52205d9af2b1f46,4b6d4cf3e5e313f146e901f090b1bd4a433db3a49958d3267830ee6f4d3e2a9d,./results/models/stack/random/b/best.pt,"[{""action"":{""high_action"":""stop"",""order_decision"":""only_cost""},""phase"":""high""},{""action"":{""search_k"":1,""search_strategy"":""default""},""phase"":""search""},{""action"":{""execution_action"":""none"",""lip_action"":""none""},""phase"":""low""}]"
STACK,random,a,./workloads/query_stack/q4_q4-089.sql,NQO,313.089899718761,194.024000000000,ok,79025d35b461862d663194eb59bac4ed4bfb82e2141585511442bd74e1be8146,1,7315cac8b889cf3329561d4de7dcf2902f9bf7a054591580aa997089223a572a,fe3a6dee748403c0f061032a4e138efa3fb2ceb1febfea8f5b1e329d6b7181f1,./results/models/stack/random/a/best.pt,"[{""action"":{""high_action"":""split"",""order_decision"":""only_cost""},""phase"":""high""},{""action"":{""candidate_id"":0,""schedule_alpha"":0.5},""phase"":""select""},{""action"":{""search_k"":1,""search_strategy"":""default""},""phase"":""search""},{""action"":{""execution_action"":""none"",""lip_action"":""none""},""phase"":""low""},{""action"":{""high_action"":""split"",""order_decision"":""only_cost""},""phase"":""high""},{""action"":{""candidate_id"":2,""schedule_alpha"":0.5},""phase"":""select""},{""action"":{""search_k"":1,""search_strategy"":""default""},""phase"":""search""},{""action"":{""execution_action"":""none"",""lip_action"":""none""},""phase"":""low""},{""action"":{""high_action"":""split"",""order_decision"":""only_cost""},""phase"":""high""},{""action"":{""candidate_id"":0,""schedule_alpha"":0.0},""phase"":""select""},{""action"":{""search_k"":1,""search_strategy"":""default""},""phase"":""search""},{""action"":{""execution_action"":""none"",""lip_action"":""none""},""phase"":""low""},{""action"":{""high_action"":""split"",""order_decision"":""only_cost""},""phase"":""high""},{""action"":{""candidate_id"":0,""schedule_alpha"":0.0},""phase"":""select""},{""action"":{""search_k"":1,""search_strategy"":""default""},""phase"":""search""},{""action"":{""execution_action"":""none"",""lip_action"":""none""},""phase"":""low""},{""action"":{""high_action"":""stop"",""order_decision"":""only_cost""},""phase"":""high""},{""action"":{""search_k"":1,""search_strategy"":""default""},""phase"":""search""},{""action"":{""execution_action"":""none"",""lip_action"":""none""},""phase"":""low""}]"
STACK,random,c,./workloads/query_stack/q16_ea9efde5.sql,NQO,326.962023973465,231.057000000000,ok,588ebdf1895dab972e82595e1a87bf136b29bd1c2c8db1d62a8829e64aa6c149,1,8626353b93db69c7af97d878002a71fe0580b51ef1dbcb77a4af398989e8f95a,b9e20bf7e78e5f7672f851937083ae563fefc898eb5153abe424ddd93c500b38,./results/models/stack/random/c/best.pt,"[{""action"":{""high_action"":""split"",""order_decision"":""only_cost""},""phase"":""high""},{""action"":{""candidate_id"":1,""schedule_alpha"":0.5},""phase"":""select""},{""action"":{""search_k"":1,""search_strategy"":""default""},""phase"":""search""},{""action"":{""execution_action"":""none"",""lip_action"":""none""},""phase"":""low""},{""action"":{""high_action"":""split"",""order_decision"":""only_cost""},""phase"":""high""},{""action"":{""candidate_id"":1,""schedule_alpha"":0.5},""phase"":""select""},{""action"":{""search_k"":1,""search_strategy"":""default""},""phase"":""search""},{""action"":{""execution_action"":""none"",""lip_action"":""none""},""phase"":""low""},{""action"":{""high_action"":""split"",""order_decision"":""only_cost""},""phase"":""high""},{""action"":{""candidate_id"":0,""schedule_alpha"":0.5},""phase"":""select""},{""action"":{""search_k"":1,""search_strategy"":""default""},""phase"":""search""},{""action"":{""execution_action"":""none"",""lip_action"":""none""},""phase"":""low""},{""action"":{""high_action"":""stop"",""order_decision"":""only_cost""},""phase"":""high""},{""action"":{""search_k"":1,""search_strategy"":""default""},""phase"":""search""},{""action"":{""execution_action"":""none"",""lip_action"":""none""},""phase"":""low""}]"
STACK,random,a,./workloads/query_stack/q5_q5-032.sql,NQO,162.629894912245,121.683000000000,timeout,,,84244e85de5cca084ab654014c4ad90bcbc1dfcb936ab06705fb47b358e39e00,cc17ce4ce724e028a8da233815c105dbbca7395d26343ec7dcee7f4c306fc51a,./results/models/stack/random/a/best.pt,"[{""action"":{""high_action"":""split"",""order_decision"":""only_cost""},""phase"":""high""},{""action"":{""candidate_id"":0,""schedule_alpha"":0.5},""phase"":""select""},{""action"":{""search_k"":1,""search_strategy"":""default""},""phase"":""search""},{""action"":{""execution_action"":""none"",""lip_action"":""none""},""phase"":""low""},{""action"":{""high_action"":""split"",""order_decision"":""only_cost""},""phase"":""high""},{""action"":{""candidate_id"":1,""schedule_alpha"":0.5},""phase"":""select""},{""action"":{""search_k"":1,""search_strategy"":""default""},""phase"":""search""},{""action"":{""execution_action"":""none"",""lip_action"":""none""},""phase"":""low""}]"
STACK,random,a,./workloads/query_stack/q5_q5-059.sql,NQO,207.293704152105,122.260000000000,timeout,,,811cc957aa2eeb1778f15ad291e67afecb30ac9867c0e4b49f82e595c6371b5a,c899f62f7aeb167db98674ce79187284ae18bb9195e9a791b284c338aee91a47,./results/models/stack/random/a/best.pt,"[{""action"":{""high_action"":""split"",""order_decision"":""only_cost""},""phase"":""high""},{""action"":{""high_action"":""split"",""order_decision"":""only_cost""},""phase"":""high""},{""action"":{""candidate_id"":0,""schedule_alpha"":0.5},""phase"":""select""},{""action"":{""search_k"":1,""search_strategy"":""default""},""phase"":""search""},{""action"":{""execution_action"":""none"",""lip_action"":""none""},""phase"":""low""},{""action"":{""high_action"":""split"",""order_decision"":""only_cost""},""phase"":""high""},{""action"":{""candidate_id"":1,""schedule_alpha"":0.5},""phase"":""select""},{""action"":{""search_k"":1,""search_strategy"":""default""},""phase"":""search""},{""action"":{""execution_action"":""none"",""lip_action"":""none""},""phase"":""low""},{""action"":{""high_action"":""split"",""order_decision"":""only_cost""},""phase"":""high""},{""action"":{""candidate_id"":0,""schedule_alpha"":0.0},""phase"":""select""}]"
STACK,random,a,./workloads/query_stack/q6_q6-002.sql,NQO,357.031330466270,298.218000000000,ok,97aa4c18bf50ae3fa51216a478a137f40638640a06e47808742366f7e91f2e2f,1,5997d0d2779f0d869e4b782cd60d71102ba8d451063613754fad70d93c3a8aa2,0f451a4e1e21343d8ce22c8a3d17395fada4cfa4ad544a85bc1caf05eb69303f,./results/models/stack/random/a/best.pt,"[{""action"":{""search_k"":1,""search_strategy"":""default""},""phase"":""search""},{""action"":{""execution_action"":""none"",""lip_action"":""none""},""phase"":""low""},{""action"":{""high_action"":""split"",""order_decision"":""only_cost""},""phase"":""high""},{""action"":{""candidate_id"":0,""schedule_alpha"":0.5},""phase"":""select""},{""action"":{""search_k"":1,""search_strategy"":""default""},""phase"":""search""},{""action"":{""execution_action"":""none"",""lip_action"":""none""},""phase"":""low""},{""action"":{""high_action"":""split"",""order_decision"":""only_cost""},""phase"":""high""},{""action"":{""candidate_id"":1,""schedule_alpha"":0.5},""phase"":""select""},{""action"":{""search_k"":1,""search_strategy"":""default""},""phase"":""search""},{""action"":{""execution_action"":""none"",""lip_action"":""none""},""phase"":""low""},{""action"":{""high_action"":""split"",""order_decision"":""only_cost""},""phase"":""high""},{""action"":{""candidate_id"":0,""schedule_alpha"":0.0},""phase"":""select""},{""action"":{""search_k"":1,""search_strategy"":""default""},""phase"":""search""},{""action"":{""execution_action"":""none"",""lip_action"":""none""},""phase"":""low""},{""action"":{""high_action"":""split"",""order_decision"":""only_cost""},""phase"":""high""},{""action"":{""candidate_id"":1,""schedule_alpha"":0.0},""phase"":""select""},{""action"":{""search_k"":1,""search_strategy"":""default""},""phase"":""search""},{""action"":{""execution_action"":""none"",""lip_action"":""none""},""phase"":""low""},{""action"":{""high_action"":""stop"",""order_decision"":""only_cost""},""phase"":""high""},{""action"":{""search_k"":1,""search_strategy"":""default""},""phase"":""search""},{""action"":{""execution_action"":""none"",""lip_action"":""none""},""phase"":""low""}]"
STACK,random,c,./workloads/query_stack/q16_ed2ffeae.sql,NQO,704.648740589619,230.585000000000,ok,fa879e4fc50b8c9696eb4dbd6a0b301941889f11c3953bede1a1f9308c6c8618,1,744ca132c829cd15ea24f2ce3598b93d7367526edaac49cad6d63ce11a7a48f7,4622237848316bbd07ceaaf0fe73927b4bb4cc0dfd8333d800258a5134c56ec3,./results/models/stack/random/c/best.pt,"[{""action"":{""high_action"":""split"",""order_decision"":""only_cost""},""phase"":""high""},{""action"":{""candidate_id"":1,""schedule_alpha"":0.5},""phase"":""select""},{""action"":{""search_k"":1,""search_strategy"":""default""},""phase"":""search""},{""action"":{""execution_action"":""none"",""lip_action"":""none""},""phase"":""low""},{""action"":{""high_action"":""split"",""order_decision"":""only_cost""},""phase"":""high""},{""action"":{""candidate_id"":1,""schedule_alpha"":0.5},""phase"":""select""},{""action"":{""search_k"":1,""search_strategy"":""default""},""phase"":""search""},{""action"":{""execution_action"":""none"",""lip_action"":""none""},""phase"":""low""},{""action"":{""high_action"":""split"",""order_decision"":""only_cost""},""phase"":""high""},{""action"":{""candidate_id"":0,""schedule_alpha"":0.5},""phase"":""select""},{""action"":{""search_k"":1,""search_strategy"":""default""},""phase"":""search""},{""action"":{""execution_action"":""none"",""lip_action"":""none""},""phase"":""low""},{""action"":{""high_action"":""stop"",""order_decision"":""only_cost""},""phase"":""high""},{""action"":{""search_k"":1,""search_strategy"":""default""},""phase"":""search""},{""action"":{""execution_action"":""none"",""lip_action"":""none""},""phase"":""low""}]"
STACK,random,a,./workloads/query_stack/q6_q6-060.sql,NQO,265.524663031101,203.044000000000,ok,97aa4c18bf50ae3fa51216a478a137f40638640a06e47808742366f7e91f2e2f,1,0d241c9bd4057abef85e47dba64c1bdeaff2c309c3f7c13ca648288c5c09d153,4b7695a00388a146154bb63287fd7874be9868207ee2fd99de4fe4c995928e47,./results/models/stack/random/a/best.pt,"[{""action"":{""high_action"":""split"",""order_decision"":""only_cost""},""phase"":""high""},{""action"":{""candidate_id"":0,""schedule_alpha"":0.5},""phase"":""select""},{""action"":{""search_k"":1,""search_strategy"":""default""},""phase"":""search""},{""action"":{""execution_action"":""none"",""lip_action"":""none""},""phase"":""low""},{""action"":{""high_action"":""split"",""order_decision"":""only_cost""},""phase"":""high""},{""action"":{""candidate_id"":1,""schedule_alpha"":0.5},""phase"":""select""},{""action"":{""search_k"":1,""search_strategy"":""default""},""phase"":""search""},{""action"":{""execution_action"":""none"",""lip_action"":""none""},""phase"":""low""},{""action"":{""high_action"":""split"",""order_decision"":""only_cost""},""phase"":""high""},{""action"":{""candidate_id"":0,""schedule_alpha"":0.0},""phase"":""select""},{""action"":{""search_k"":1,""search_strategy"":""default""},""phase"":""search""},{""action"":{""execution_action"":""none"",""lip_action"":""none""},""phase"":""low""},{""action"":{""high_action"":""split"",""order_decision"":""only_cost""},""phase"":""high""},{""action"":{""candidate_id"":1,""schedule_alpha"":0.0},""phase"":""select""},{""action"":{""search_k"":1,""search_strategy"":""default""},""phase"":""search""},{""action"":{""execution_action"":""none"",""lip_action"":""none""},""phase"":""low""},{""action"":{""high_action"":""stop"",""order_decision"":""only_cost""},""phase"":""high""},{""action"":{""search_k"":1,""search_strategy"":""default""},""phase"":""search""},{""action"":{""execution_action"":""none"",""lip_action"":""none""},""phase"":""low""}]"
STACK,random,a,./workloads/query_stack/q6_q6-065.sql,NQO,187.829323112965,149.948000000000,timeout,,,69d7c08c09dd45a93cf3be730c9e618179eb9ac262ae7a6a875b600cec33fee6,f1b562e89dd396a8bd0b09cbe4997f64b24cf013dcd0a154aa3568eb72e9a54c,./results/models/stack/random/a/best.pt,"[{""action"":{""high_action"":""split"",""order_decision"":""only_cost""},""phase"":""high""},{""action"":{""candidate_id"":0,""schedule_alpha"":0.5},""phase"":""select""},{""action"":{""search_k"":1,""search_strategy"":""default""},""phase"":""search""},{""action"":{""execution_action"":""none"",""lip_action"":""none""},""phase"":""low""},{""action"":{""high_action"":""split"",""order_decision"":""only_cost""},""phase"":""high""},{""action"":{""candidate_id"":1,""schedule_alpha"":0.5},""phase"":""select""},{""action"":{""search_k"":1,""search_strategy"":""default""},""phase"":""search""},{""action"":{""execution_action"":""none"",""lip_action"":""none""},""phase"":""low""},{""action"":{""high_action"":""split"",""order_decision"":""only_cost""},""phase"":""high""},{""action"":{""candidate_id"":0,""schedule_alpha"":0.0},""phase"":""select""},{""action"":{""search_k"":1,""search_strategy"":""default""},""phase"":""search""},{""action"":{""execution_action"":""none"",""lip_action"":""none""},""phase"":""low""},{""action"":{""high_action"":""split"",""order_decision"":""only_cost""},""phase"":""high""},{""action"":{""candidate_id"":1,""schedule_alpha"":0.0},""phase"":""select""},{""action"":{""search_k"":1,""search_strategy"":""default""},""phase"":""search""}]"
STACK,random,a,./workloads/query_stack/q6_q6-067.sql,NQO,193.976052105425,138.196000000000,timeout,,,218d61119d7bc07b35987d83c529ed978c52f93ef0ae0a3b61b169d4be594dd6,67ff86cc2a564c0ee402926a915d08f7eaea01c524f276b11329608277275353,./results/models/stack/random/a/best.pt,"[{""action"":{""execution_action"":""none"",""lip_action"":""none""},""phase"":""low""},{""action"":{""high_action"":""split"",""order_decision"":""only_cost""},""phase"":""high""},{""action"":{""candidate_id"":0,""schedule_alpha"":0.5},""phase"":""select""},{""action"":{""search_k"":1,""search_strategy"":""default""},""phase"":""search""},{""action"":{""execution_action"":""none"",""lip_action"":""none""},""phase"":""low""},{""action"":{""high_action"":""split"",""order_decision"":""only_cost""},""phase"":""high""},{""action"":{""candidate_id"":1,""schedule_alpha"":0.5},""phase"":""select""},{""action"":{""search_k"":1,""search_strategy"":""default""},""phase"":""search""},{""action"":{""execution_action"":""none"",""lip_action"":""none""},""phase"":""low""},{""action"":{""high_action"":""split"",""order_decision"":""only_cost""},""phase"":""high""},{""action"":{""candidate_id"":0,""schedule_alpha"":0.0},""phase"":""select""},{""action"":{""search_k"":1,""search_strategy"":""default""},""phase"":""search""},{""action"":{""execution_action"":""none"",""lip_action"":""none""},""phase"":""low""},{""action"":{""high_action"":""split"",""order_decision"":""only_cost""},""phase"":""high""},{""action"":{""candidate_id"":1,""schedule_alpha"":0.0},""phase"":""select""},{""action"":{""search_k"":1,""search_strategy"":""default""},""phase"":""search""},{""action"":{""execution_action"":""none"",""lip_action"":""none""},""phase"":""low""},{""action"":{""high_action"":""stop"",""order_decision"":""only_cost""},""phase"":""high""},{""action"":{""search_k"":1,""search_strategy"":""default""},""phase"":""search""}]"
STACK,random,b,./workloads/query_stack/q1_q1-099.sql,NQO,1643.513783812523,81.770000000000,ok,255101fdda1ca3c2f3ae58e6353cad7b564a2197a2ad759d263029a75242bd42,1,9fab6eacd96c350df8f569f415bc196d55d79246b3a2adf3829011e70a4f3135,514796b4a8c061ecc44d2fe91aa209fceec97022335f0af5e3bde1ec014d76be,./results/models/stack/random/b/best.pt,"[{""action"":{""high_action"":""stop"",""order_decision"":""only_cost""},""phase"":""high""},{""action"":{""search_k"":1,""search_strategy"":""default""},""phase"":""search""},{""action"":{""execution_action"":""none"",""lip_action"":""none""},""phase"":""low""}]"
STACK,random,c,./workloads/query_stack/q16_fbe34e8f.sql,NQO,832.893803715706,174.447000000000,ok,f7068151168d36bab68ce51020effcfb9da6973e6f97428e3c5c17dd001ad7c6,1,ca8d23b33bc022a43aeb060865e07a53441f5822de1a4c8e4b120db5af379a27,24142b21e56ea55a48c1b1d5514d1bc8a8067d7dd5418db017d645735ad8b306,./results/models/stack/random/c/best.pt,"[{""action"":{""high_action"":""split"",""order_decision"":""only_cost""},""phase"":""high""},{""action"":{""candidate_id"":1,""schedule_alpha"":0.5},""phase"":""select""},{""action"":{""search_k"":1,""search_strategy"":""default""},""phase"":""search""},{""action"":{""execution_action"":""none"",""lip_action"":""none""},""phase"":""low""},{""action"":{""high_action"":""split"",""order_decision"":""only_cost""},""phase"":""high""},{""action"":{""candidate_id"":1,""schedule_alpha"":0.5},""phase"":""select""},{""action"":{""search_k"":1,""search_strategy"":""default""},""phase"":""search""},{""action"":{""execution_action"":""none"",""lip_action"":""none""},""phase"":""low""},{""action"":{""high_action"":""split"",""order_decision"":""only_cost""},""phase"":""high""},{""action"":{""candidate_id"":0,""schedule_alpha"":0.5},""phase"":""select""},{""action"":{""search_k"":1,""search_strategy"":""default""},""phase"":""search""},{""action"":{""execution_action"":""none"",""lip_action"":""none""},""phase"":""low""},{""action"":{""high_action"":""stop"",""order_decision"":""only_cost""},""phase"":""high""},{""action"":{""search_k"":1,""search_strategy"":""default""},""phase"":""search""},{""action"":{""execution_action"":""none"",""lip_action"":""none""},""phase"":""low""}]"
STACK,random,a,./workloads/query_stack/q6_q6-085.sql,NQO,175.859630107880,140.174000000000,timeout,,,54cc97f91c70c3184a01fb856219cf724a5453af1113bc9a428dca6361aaf855,657f31f104bdf1c8190789e247ea5726ee10b896f0a3de12daacfdc0be4e29c1,./results/models/stack/random/a/best.pt,"[{""action"":{""execution_action"":""none"",""lip_action"":""none""},""phase"":""low""},{""action"":{""high_action"":""split"",""order_decision"":""only_cost""},""phase"":""high""},{""action"":{""candidate_id"":0,""schedule_alpha"":0.5},""phase"":""select""},{""action"":{""search_k"":1,""search_strategy"":""default""},""phase"":""search""},{""action"":{""execution_action"":""none"",""lip_action"":""none""},""phase"":""low""},{""action"":{""high_action"":""split"",""order_decision"":""only_cost""},""phase"":""high""},{""action"":{""candidate_id"":1,""schedule_alpha"":0.5},""phase"":""select""},{""action"":{""search_k"":1,""search_strategy"":""default""},""phase"":""search""},{""action"":{""execution_action"":""none"",""lip_action"":""none""},""phase"":""low""},{""action"":{""high_action"":""split"",""order_decision"":""only_cost""},""phase"":""high""},{""action"":{""candidate_id"":0,""schedule_alpha"":0.0},""phase"":""select""},{""action"":{""search_k"":1,""search_strategy"":""default""},""phase"":""search""},{""action"":{""execution_action"":""none"",""lip_action"":""none""},""phase"":""low""},{""action"":{""high_action"":""split"",""order_decision"":""only_cost""},""phase"":""high""},{""action"":{""candidate_id"":1,""schedule_alpha"":0.0},""phase"":""select""},{""action"":{""search_k"":1,""search_strategy"":""default""},""phase"":""search""}]"
STACK,random,c,./workloads/query_stack/q1_q1-031.sql,NQO,66.385865211485,30.610471963882,timeout,,,d3d4ab0f33c28517f1c80982090ec8214d4007952b5af2f314900bf0f1492d95,f606bffec37feb0c32bd3048b1cd5c59dab075d513242f554ad020001a255193,./results/models/stack/random/c/best.pt,"[{""action"":{""high_action"":""split"",""order_decision"":""only_cost""},""phase"":""high""},{""action"":{""candidate_id"":0,""schedule_alpha"":0.5},""phase"":""select""}]"
STACK,random,c,./workloads/query_stack/q1_q1-035.sql,NQO,65.703988075255,75.303398072720,timeout,,,019409e87dd48ecdbc433a05a865e947f9f79dce200fba5b2f3290b36c45a840,bd6f90420eb9f2685b4d3886ab7faa25a9146efd9ab599f2ed97a62ac816e72f,./results/models/stack/random/c/best.pt,"[{""action"":{""execution_action"":""none"",""lip_action"":""none""},""phase"":""low""},{""action"":{""search_k"":1,""search_strategy"":""default""},""phase"":""search""},{""action"":{""high_action"":""split"",""order_decision"":""only_cost""},""phase"":""high""},{""action"":{""candidate_id"":0,""schedule_alpha"":0.5},""phase"":""select""}]"
STACK,random,c,./workloads/query_stack/q2_q2-094.sql,NQO,1004.087336361408,551.573000000000,ok,358694287b9a980bbf566835d9f6822a80f9476f4899462d14c403363363a9ba,7,2bb2cf0b71b902e19f0ad87c54fa2d3f674db98dfb56581e7de82ef9776b9e79,3bc384a75e72e009b0b50bea264da9770cf9d5dfba46475cf15c66ee53dc7508,./results/models/stack/random/c/best.pt,"[{""action"":{""search_k"":1,""search_strategy"":""default""},""phase"":""search""},{""action"":{""execution_action"":""none"",""lip_action"":""none""},""phase"":""low""},{""action"":{""high_action"":""split"",""order_decision"":""only_cost""},""phase"":""high""},{""action"":{""candidate_id"":0,""schedule_alpha"":0.5},""phase"":""select""},{""action"":{""search_k"":1,""search_strategy"":""default""},""phase"":""search""},{""action"":{""execution_action"":""none"",""lip_action"":""none""},""phase"":""low""},{""action"":{""high_action"":""split"",""order_decision"":""only_cost""},""phase"":""high""},{""action"":{""candidate_id"":3,""schedule_alpha"":0.5},""phase"":""select""},{""action"":{""search_k"":1,""search_strategy"":""default""},""phase"":""search""},{""action"":{""execution_action"":""none"",""lip_action"":""none""},""phase"":""low""},{""action"":{""high_action"":""split"",""order_decision"":""only_cost""},""phase"":""high""},{""action"":{""candidate_id"":1,""schedule_alpha"":0.5},""phase"":""select""},{""action"":{""search_k"":1,""search_strategy"":""default""},""phase"":""search""},{""action"":{""execution_action"":""none"",""lip_action"":""none""},""phase"":""low""},{""action"":{""high_action"":""split"",""order_decision"":""only_cost""},""phase"":""high""},{""action"":{""candidate_id"":3,""schedule_alpha"":0.5},""phase"":""select""},{""action"":{""search_k"":1,""search_strategy"":""default""},""phase"":""search""},{""action"":{""execution_action"":""none"",""lip_action"":""none""},""phase"":""low""},{""action"":{""high_action"":""split"",""order_decision"":""only_cost""},""phase"":""high""},{""action"":{""candidate_id"":0,""schedule_alpha"":0.5},""phase"":""select""},{""action"":{""search_k"":1,""search_strategy"":""default""},""phase"":""search""},{""action"":{""execution_action"":""none"",""lip_action"":""none""},""phase"":""low""},{""action"":{""high_action"":""split"",""order_decision"":""only_cost""},""phase"":""high""},{""action"":{""candidate_id"":0,""schedule_alpha"":0.5},""phase"":""select""},{""action"":{""search_k"":1,""search_strategy"":""default""},""phase"":""search""},{""action"":{""execution_action"":""none"",""lip_action"":""none""},""phase"":""low""},{""action"":{""high_action"":""split"",""order_decision"":""only_cost""},""phase"":""high""},{""action"":{""candidate_id"":1,""schedule_alpha"":0.5},""phase"":""select""},{""action"":{""search_k"":1,""search_strategy"":""default""},""phase"":""search""},{""action"":{""execution_action"":""none"",""lip_action"":""none""},""phase"":""low""},{""action"":{""high_action"":""stop"",""order_decision"":""only_cost""},""phase"":""high""},{""action"":{""search_k"":1,""search_strategy"":""default""},""phase"":""search""},{""action"":{""execution_action"":""conservative"",""lip_action"":""selective""},""phase"":""low""}]"
STACK,random,b,./workloads/query_stack/q1_q1-100.sql,NQO,1732.657931745052,71.342000000000,ok,52029182550f0fa47543f84955fe7331aee1b72157eef7aa11b62ee2ce8e196b,1,84ffce8fcb9f210b4ccd7afe3afa5ae9971f806e65dc4a3f58fc9f73e3e36cbc,f7c77f698fb481d0566f56a45c3541ce9cf745058ac4d3d597378e5795e7dda6,./results/models/stack/random/b/best.pt,"[{""action"":{""high_action"":""stop"",""order_decision"":""only_cost""},""phase"":""high""},{""action"":{""search_k"":1,""search_strategy"":""default""},""phase"":""search""},{""action"":{""execution_action"":""none"",""lip_action"":""none""},""phase"":""low""}]"
STACK,random,c,./workloads/query_stack/q3_q3-066.sql,NQO,1150.270015001297,538.395000000000,ok,9f6bdf0bf7115edfd6324c9577f3fe29a7fe0693b1536fc82a76924f2d2e0a11,1,a64a63dc78d89b94ac12f5b31148f6480d8876337bae3a46ab5ef0bf42b65470,c4dcd02d0b56f95bcf69add3509a331cdec672ad7ab6d9bda73df0bf8f840801,./results/models/stack/random/c/best.pt,"[{""action"":{""high_action"":""split"",""order_decision"":""only_cost""},""phase"":""high""},{""action"":{""candidate_id"":0,""schedule_alpha"":0.5},""phase"":""select""},{""action"":{""search_k"":1,""search_strategy"":""default""},""phase"":""search""},{""action"":{""execution_action"":""none"",""lip_action"":""none""},""phase"":""low""},{""action"":{""high_action"":""split"",""order_decision"":""only_cost""},""phase"":""high""},{""action"":{""candidate_id"":4,""schedule_alpha"":0.5},""phase"":""select""},{""action"":{""search_k"":1,""search_strategy"":""default""},""phase"":""search""},{""action"":{""execution_action"":""none"",""lip_action"":""none""},""phase"":""low""},{""action"":{""high_action"":""split"",""order_decision"":""only_cost""},""phase"":""high""},{""action"":{""candidate_id"":2,""schedule_alpha"":0.5},""phase"":""select""},{""action"":{""search_k"":1,""search_strategy"":""default""},""phase"":""search""},{""action"":{""execution_action"":""none"",""lip_action"":""none""},""phase"":""low""},{""action"":{""high_action"":""split"",""order_decision"":""only_cost""},""phase"":""high""},{""action"":{""candidate_id"":4,""schedule_alpha"":0.5},""phase"":""select""},{""action"":{""search_k"":1,""search_strategy"":""default""},""phase"":""search""},{""action"":{""execution_action"":""none"",""lip_action"":""none""},""phase"":""low""},{""action"":{""high_action"":""split"",""order_decision"":""only_cost""},""phase"":""high""},{""action"":{""candidate_id"":0,""schedule_alpha"":0.5},""phase"":""select""},{""action"":{""search_k"":1,""search_strategy"":""default""},""phase"":""search""},{""action"":{""execution_action"":""none"",""lip_action"":""none""},""phase"":""low""},{""action"":{""high_action"":""split"",""order_decision"":""only_cost""},""phase"":""high""},{""action"":{""candidate_id"":0,""schedule_alpha"":0.5},""phase"":""select""},{""action"":{""search_k"":1,""search_strategy"":""default""},""phase"":""search""},{""action"":{""execution_action"":""none"",""lip_action"":""none""},""phase"":""low""},{""action"":{""high_action"":""split"",""order_decision"":""only_cost""},""phase"":""high""},{""action"":{""candidate_id"":1,""schedule_alpha"":0.5},""phase"":""select""},{""action"":{""search_k"":1,""search_strategy"":""default""},""phase"":""search""},{""action"":{""execution_action"":""none"",""lip_action"":""none""},""phase"":""low""},{""action"":{""high_action"":""stop"",""order_decision"":""only_cost""},""phase"":""high""},{""action"":{""search_k"":1,""search_strategy"":""default""},""phase"":""search""},{""action"":{""execution_action"":""conservative"",""lip_action"":""selective""},""phase"":""low""}]"
STACK,random,b,./workloads/query_stack/q2_q2-001.sql,NQO,1302.638746798038,611.647000000000,ok,2bffd8ab17a26b8370abfb88738303108d002a210e14acef9be8cc960c321c99,5,a41014832cfe688768c66e9a65d6e803b85fd5bc7b04eb853d859430d8fb1baf,c7bf0223fdab67dba3d4a9f98bd0550ce0c8753d8ac5b4df9de43384bac4c557,./results/models/stack/random/b/best.pt,"[{""action"":{""high_action"":""split"",""order_decision"":""only_cost""},""phase"":""high""},{""action"":{""candidate_id"":0,""schedule_alpha"":0.5},""phase"":""select""},{""action"":{""search_k"":1,""search_strategy"":""default""},""phase"":""search""},{""action"":{""execution_action"":""none"",""lip_action"":""none""},""phase"":""low""},{""action"":{""high_action"":""split"",""order_decision"":""only_cost""},""phase"":""high""},{""action"":{""candidate_id"":3,""schedule_alpha"":0.5},""phase"":""select""},{""action"":{""search_k"":1,""search_strategy"":""default""},""phase"":""search""},{""action"":{""execution_action"":""none"",""lip_action"":""none""},""phase"":""low""},{""action"":{""high_action"":""split"",""order_decision"":""only_cost""},""phase"":""high""},{""action"":{""candidate_id"":1,""schedule_alpha"":0.5},""phase"":""select""},{""action"":{""search_k"":1,""search_strategy"":""default""},""phase"":""search""},{""action"":{""execution_action"":""none"",""lip_action"":""none""},""phase"":""low""},{""action"":{""high_action"":""split"",""order_decision"":""only_cost""},""phase"":""high""},{""action"":{""candidate_id"":3,""schedule_alpha"":0.5},""phase"":""select""},{""action"":{""search_k"":1,""search_strategy"":""default""},""phase"":""search""},{""action"":{""execution_action"":""none"",""lip_action"":""none""},""phase"":""low""},{""action"":{""high_action"":""split"",""order_decision"":""only_cost""},""phase"":""high""},{""action"":{""candidate_id"":0,""schedule_alpha"":0.5},""phase"":""select""},{""action"":{""search_k"":1,""search_strategy"":""default""},""phase"":""search""},{""action"":{""execution_action"":""none"",""lip_action"":""none""},""phase"":""low""},{""action"":{""high_action"":""split"",""order_decision"":""only_cost""},""phase"":""high""},{""action"":{""candidate_id"":0,""schedule_alpha"":0.5},""phase"":""select""},{""action"":{""search_k"":1,""search_strategy"":""default""},""phase"":""search""},{""action"":{""execution_action"":""none"",""lip_action"":""none""},""phase"":""low""},{""action"":{""high_action"":""split"",""order_decision"":""only_cost""},""phase"":""high""},{""action"":{""candidate_id"":1,""schedule_alpha"":0.5},""phase"":""select""},{""action"":{""search_k"":1,""search_strategy"":""default""},""phase"":""search""},{""action"":{""execution_action"":""none"",""lip_action"":""none""},""phase"":""low""},{""action"":{""high_action"":""stop"",""order_decision"":""only_cost""},""phase"":""high""},{""action"":{""search_k"":1,""search_strategy"":""default""},""phase"":""search""},{""action"":{""execution_action"":""none"",""lip_action"":""none""},""phase"":""low""}]"
STACK,random,c,./workloads/query_stack/q3_q3-068.sql,NQO,1299.494676291943,406.768000000000,ok,e6f0f8d79adc05f93040da91ab04f3d215ad4b06c20176285c0994a20326a1c7,1,3d229f019cc4c91e2bd67c511ccecbdf7b183d2cf16a344a9f863c165eac53c5,af67bf2b054e7f72a6335bcb17904b386d48fa78542b3efc01f909951651bed6,./results/models/stack/random/c/best.pt,"[{""action"":{""high_action"":""split"",""order_decision"":""only_cost""},""phase"":""high""},{""action"":{""candidate_id"":0,""schedule_alpha"":0.5},""phase"":""select""},{""action"":{""search_k"":1,""search_strategy"":""default""},""phase"":""search""},{""action"":{""execution_action"":""none"",""lip_action"":""none""},""phase"":""low""},{""action"":{""high_action"":""split"",""order_decision"":""only_cost""},""phase"":""high""},{""action"":{""candidate_id"":4,""schedule_alpha"":0.5},""phase"":""select""},{""action"":{""search_k"":1,""search_strategy"":""default""},""phase"":""search""},{""action"":{""execution_action"":""none"",""lip_action"":""none""},""phase"":""low""},{""action"":{""high_action"":""split"",""order_decision"":""only_cost""},""phase"":""high""},{""action"":{""candidate_id"":2,""schedule_alpha"":0.5},""phase"":""select""},{""action"":{""search_k"":1,""search_strategy"":""default""},""phase"":""search""},{""action"":{""execution_action"":""none"",""lip_action"":""none""},""phase"":""low""},{""action"":{""high_action"":""split"",""order_decision"":""only_cost""},""phase"":""high""},{""action"":{""candidate_id"":4,""schedule_alpha"":0.5},""phase"":""select""},{""action"":{""search_k"":1,""search_strategy"":""default""},""phase"":""search""},{""action"":{""execution_action"":""none"",""lip_action"":""none""},""phase"":""low""},{""action"":{""high_action"":""split"",""order_decision"":""only_cost""},""phase"":""high""},{""action"":{""candidate_id"":3,""schedule_alpha"":0.5},""phase"":""select""},{""action"":{""search_k"":1,""search_strategy"":""default""},""phase"":""search""},{""action"":{""execution_action"":""none"",""lip_action"":""none""},""phase"":""low""},{""action"":{""high_action"":""split"",""order_decision"":""only_cost""},""phase"":""high""},{""action"":{""candidate_id"":0,""schedule_alpha"":0.5},""phase"":""select""},{""action"":{""search_k"":1,""search_strategy"":""default""},""phase"":""search""},{""action"":{""execution_action"":""none"",""lip_action"":""none""},""phase"":""low""},{""action"":{""high_action"":""split"",""order_decision"":""only_cost""},""phase"":""high""},{""action"":{""candidate_id"":1,""schedule_alpha"":0.5},""phase"":""select""},{""action"":{""search_k"":1,""search_strategy"":""default""},""phase"":""search""},{""action"":{""execution_action"":""none"",""lip_action"":""none""},""phase"":""low""},{""action"":{""high_action"":""stop"",""order_decision"":""only_cost""},""phase"":""high""},{""action"":{""search_k"":1,""search_strategy"":""default""},""phase"":""search""},{""action"":{""execution_action"":""conservative"",""lip_action"":""selective""},""phase"":""low""}]"
STACK,random,b,./workloads/query_stack/q2_q2-081.sql,NQO,868.311949074268,323.761000000000,ok,a55663d3b1103aaa5f8c0e754135a294fb747d85d45c624c9b0e1ea9c8593144,35,3149f2b9c38c3f62bdafb696c701866c10409e82f7b5eaee2e3001eef837b906,ce13a90d6b98d7964b0071f1a30e7be69e875788f2ae0df44fd22b958e186f49,./results/models/stack/random/b/best.pt,"[{""action"":{""high_action"":""split"",""order_decision"":""only_cost""},""phase"":""high""},{""action"":{""candidate_id"":0,""schedule_alpha"":0.5},""phase"":""select""},{""action"":{""search_k"":1,""search_strategy"":""default""},""phase"":""search""},{""action"":{""execution_action"":""none"",""lip_action"":""none""},""phase"":""low""},{""action"":{""high_action"":""split"",""order_decision"":""only_cost""},""phase"":""high""},{""action"":{""candidate_id"":3,""schedule_alpha"":0.5},""phase"":""select""},{""action"":{""search_k"":1,""search_strategy"":""default""},""phase"":""search""},{""action"":{""execution_action"":""none"",""lip_action"":""none""},""phase"":""low""},{""action"":{""high_action"":""split"",""order_decision"":""only_cost""},""phase"":""high""},{""action"":{""candidate_id"":1,""schedule_alpha"":0.5},""phase"":""select""},{""action"":{""search_k"":1,""search_strategy"":""default""},""phase"":""search""},{""action"":{""execution_action"":""none"",""lip_action"":""none""},""phase"":""low""},{""action"":{""high_action"":""split"",""order_decision"":""only_cost""},""phase"":""high""},{""action"":{""candidate_id"":3,""schedule_alpha"":0.5},""phase"":""select""},{""action"":{""search_k"":1,""search_strategy"":""default""},""phase"":""search""},{""action"":{""execution_action"":""none"",""lip_action"":""none""},""phase"":""low""},{""action"":{""high_action"":""split"",""order_decision"":""only_cost""},""phase"":""high""},{""action"":{""candidate_id"":0,""schedule_alpha"":0.5},""phase"":""select""},{""action"":{""search_k"":1,""search_strategy"":""default""},""phase"":""search""},{""action"":{""execution_action"":""none"",""lip_action"":""none""},""phase"":""low""},{""action"":{""high_action"":""split"",""order_decision"":""only_cost""},""phase"":""high""},{""action"":{""candidate_id"":0,""schedule_alpha"":0.5},""phase"":""select""},{""action"":{""search_k"":1,""search_strategy"":""default""},""phase"":""search""},{""action"":{""execution_action"":""none"",""lip_action"":""none""},""phase"":""low""},{""action"":{""high_action"":""split"",""order_decision"":""only_cost""},""phase"":""high""},{""action"":{""candidate_id"":1,""schedule_alpha"":0.5},""phase"":""select""},{""action"":{""search_k"":1,""search_strategy"":""default""},""phase"":""search""},{""action"":{""execution_action"":""none"",""lip_action"":""none""},""phase"":""low""},{""action"":{""high_action"":""stop"",""order_decision"":""only_cost""},""phase"":""high""},{""action"":{""search_k"":1,""search_strategy"":""default""},""phase"":""search""},{""action"":{""execution_action"":""none"",""lip_action"":""none""},""phase"":""low""}]"
STACK,random,c,./workloads/query_stack/q3_q3-099.sql,NQO,826.124921441078,598.255000000000,ok,fa879e4fc50b8c9696eb4dbd6a0b301941889f11c3953bede1a1f9308c6c8618,1,34d61fb35dea34dbb2a11f2877b49cdb81760aa3663d0ac4e99eaaa90507ab8a,16baa39a6d0cfa29eeb3e163a51bb057450c948a2e32ccb28f04e0823b1a8193,./results/models/stack/random/c/best.pt,"[{""action"":{""high_action"":""split"",""order_decision"":""only_cost""},""phase"":""high""},{""action"":{""candidate_id"":5,""schedule_alpha"":0.5},""phase"":""select""},{""action"":{""search_k"":1,""search_strategy"":""default""},""phase"":""search""},{""action"":{""execution_action"":""none"",""lip_action"":""none""},""phase"":""low""},{""action"":{""high_action"":""split"",""order_decision"":""only_cost""},""phase"":""high""},{""action"":{""candidate_id"":6,""schedule_alpha"":0.5},""phase"":""select""},{""action"":{""search_k"":1,""search_strategy"":""default""},""phase"":""search""},{""action"":{""execution_action"":""none"",""lip_action"":""none""},""phase"":""low""},{""action"":{""high_action"":""split"",""order_decision"":""only_cost""},""phase"":""high""},{""action"":{""candidate_id"":0,""schedule_alpha"":0.5},""phase"":""select""},{""action"":{""search_k"":1,""search_strategy"":""default""},""phase"":""search""},{""action"":{""execution_action"":""none"",""lip_action"":""none""},""phase"":""low""},{""action"":{""high_action"":""split"",""order_decision"":""only_cost""},""phase"":""high""},{""action"":{""candidate_id"":2,""schedule_alpha"":0.5},""phase"":""select""},{""action"":{""search_k"":1,""search_strategy"":""default""},""phase"":""search""},{""action"":{""execution_action"":""none"",""lip_action"":""none""},""phase"":""low""},{""action"":{""high_action"":""split"",""order_decision"":""only_cost""},""phase"":""high""},{""action"":{""candidate_id"":0,""schedule_alpha"":0.5},""phase"":""select""},{""action"":{""search_k"":1,""search_strategy"":""default""},""phase"":""search""},{""action"":{""execution_action"":""none"",""lip_action"":""none""},""phase"":""low""},{""action"":{""high_action"":""split"",""order_decision"":""only_cost""},""phase"":""high""},{""action"":{""candidate_id"":2,""schedule_alpha"":0.5},""phase"":""select""},{""action"":{""search_k"":1,""search_strategy"":""default""},""phase"":""search""},{""action"":{""execution_action"":""none"",""lip_action"":""none""},""phase"":""low""},{""action"":{""high_action"":""split"",""order_decision"":""only_cost""},""phase"":""high""},{""action"":{""candidate_id"":0,""schedule_alpha"":0.5},""phase"":""select""},{""action"":{""search_k"":1,""search_strategy"":""default""},""phase"":""search""},{""action"":{""execution_action"":""none"",""lip_action"":""none""},""phase"":""low""},{""action"":{""high_action"":""stop"",""order_decision"":""only_cost""},""phase"":""high""},{""action"":{""search_k"":1,""search_strategy"":""default""},""phase"":""search""},{""action"":{""execution_action"":""conservative"",""lip_action"":""selective""},""phase"":""low""}]"
STACK,random,b,./workloads/query_stack/q3_q3-018.sql,NQO,1088.297516107559,579.630000000000,ok,2bb4771eebb7b47365089a6a19756f2e83053e8323d7cd31fa1b6cfcfa7c9c64,1,94b0c816649cd7ed5fbd16fd91ae3ebd366b79fed52510fd86f8c4d8a51a403d,867201c40e4a714232543338ee4fed54bd22f35cc6087786d463d53e00fedd8e,./results/models/stack/random/b/best.pt,"[{""action"":{""high_action"":""split"",""order_decision"":""only_cost""},""phase"":""high""},{""action"":{""candidate_id"":0,""schedule_alpha"":0.5},""phase"":""select""},{""action"":{""search_k"":1,""search_strategy"":""default""},""phase"":""search""},{""action"":{""execution_action"":""none"",""lip_action"":""none""},""phase"":""low""},{""action"":{""high_action"":""split"",""order_decision"":""only_cost""},""phase"":""high""},{""action"":{""candidate_id"":4,""schedule_alpha"":0.5},""phase"":""select""},{""action"":{""search_k"":1,""search_strategy"":""default""},""phase"":""search""},{""action"":{""execution_action"":""none"",""lip_action"":""none""},""phase"":""low""},{""action"":{""high_action"":""split"",""order_decision"":""only_cost""},""phase"":""high""},{""action"":{""candidate_id"":2,""schedule_alpha"":0.5},""phase"":""select""},{""action"":{""search_k"":1,""search_strategy"":""default""},""phase"":""search""},{""action"":{""execution_action"":""none"",""lip_action"":""none""},""phase"":""low""},{""action"":{""high_action"":""split"",""order_decision"":""only_cost""},""phase"":""high""},{""action"":{""candidate_id"":4,""schedule_alpha"":0.5},""phase"":""select""},{""action"":{""search_k"":1,""search_strategy"":""default""},""phase"":""search""},{""action"":{""execution_action"":""none"",""lip_action"":""none""},""phase"":""low""},{""action"":{""high_action"":""split"",""order_decision"":""only_cost""},""phase"":""high""},{""action"":{""candidate_id"":0,""schedule_alpha"":0.5},""phase"":""select""},{""action"":{""search_k"":1,""search_strategy"":""default""},""phase"":""search""},{""action"":{""execution_action"":""none"",""lip_action"":""none""},""phase"":""low""},{""action"":{""high_action"":""split"",""order_decision"":""only_cost""},""phase"":""high""},{""action"":{""candidate_id"":0,""schedule_alpha"":0.5},""phase"":""select""},{""action"":{""search_k"":1,""search_strategy"":""default""},""phase"":""search""},{""action"":{""execution_action"":""none"",""lip_action"":""none""},""phase"":""low""},{""action"":{""high_action"":""split"",""order_decision"":""only_cost""},""phase"":""high""},{""action"":{""candidate_id"":0,""schedule_alpha"":0.5},""phase"":""select""},{""action"":{""search_k"":1,""search_strategy"":""default""},""phase"":""search""},{""action"":{""execution_action"":""none"",""lip_action"":""none""},""phase"":""low""},{""action"":{""high_action"":""split"",""order_decision"":""only_cost""},""phase"":""high""},{""action"":{""candidate_id"":1,""schedule_alpha"":0.5},""phase"":""select""},{""action"":{""search_k"":1,""search_strategy"":""default""},""phase"":""search""},{""action"":{""execution_action"":""none"",""lip_action"":""none""},""phase"":""low""},{""action"":{""high_action"":""stop"",""order_decision"":""only_cost""},""phase"":""high""},{""action"":{""search_k"":1,""search_strategy"":""default""},""phase"":""search""},{""action"":{""execution_action"":""none"",""lip_action"":""none""},""phase"":""low""}]"
STACK,random,c,./workloads/query_stack/q4_q4-074.sql,NQO,482.029259204865,316.349000000000,ok,e242775e50269233bc6c5bce3dad769a5bbb2594d81b0f4e31efacfa89bf001f,1,91375889ea01486279f5bb28ee665b819ff11a4edf47d0efd1c50dc7c84f5e1d,bb41a1c5bf67cdd75392e319a6feafdc757aea7cd951d2936fd50b6433f7deb7,./results/models/stack/random/c/best.pt,"[{""action"":{""high_action"":""split"",""order_decision"":""only_cost""},""phase"":""high""},{""action"":{""candidate_id"":0,""schedule_alpha"":0.5},""phase"":""select""},{""action"":{""search_k"":1,""search_strategy"":""default""},""phase"":""search""},{""action"":{""execution_action"":""none"",""lip_action"":""none""},""phase"":""low""},{""action"":{""high_action"":""split"",""order_decision"":""only_cost""},""phase"":""high""},{""action"":{""candidate_id"":2,""schedule_alpha"":0.5},""phase"":""select""},{""action"":{""search_k"":1,""search_strategy"":""default""},""phase"":""search""},{""action"":{""execution_action"":""none"",""lip_action"":""none""},""phase"":""low""},{""action"":{""high_action"":""split"",""order_decision"":""only_cost""},""phase"":""high""},{""action"":{""candidate_id"":0,""schedule_alpha"":0.5},""phase"":""select""},{""action"":{""search_k"":1,""search_strategy"":""default""},""phase"":""search""},{""action"":{""execution_action"":""none"",""lip_action"":""none""},""phase"":""low""},{""action"":{""high_action"":""split"",""order_decision"":""only_cost""},""phase"":""high""},{""action"":{""candidate_id"":0,""schedule_alpha"":0.5},""phase"":""select""},{""action"":{""search_k"":1,""search_strategy"":""default""},""phase"":""search""},{""action"":{""execution_action"":""none"",""lip_action"":""none""},""phase"":""low""},{""action"":{""high_action"":""stop"",""order_decision"":""only_cost""},""phase"":""high""},{""action"":{""search_k"":1,""search_strategy"":""default""},""phase"":""search""},{""action"":{""execution_action"":""none"",""lip_action"":""none""},""phase"":""low""}]"
STACK,random,a,./workloads/query_stack/q7_q7-085.sql,NQO,5238.137684762478,78.545000000000,ok,6d776eb7da1ae8477f7038ddf562c90e9a7a7070bdd1e4229ad8df4edf82ad33,1,9d00b3b4c6f4dfca1078ebefdec6b19932be159fdef9e9ba8fe0729f2ad09b12,23909e3350fb23e6345ef1b06b0959ac598a59c295893db98f803554b237ca4b,./results/models/stack/random/a/best.pt,"[{""action"":{""execution_action"":""none"",""lip_action"":""none""},""phase"":""low""},{""action"":{""high_action"":""stop"",""order_decision"":""only_cost""},""phase"":""high""},{""action"":{""high_action"":""stop"",""order_decision"":""only_cost""},""phase"":""high""},{""action"":{""search_k"":1,""search_strategy"":""default""},""phase"":""search""},{""action"":{""execution_action"":""none"",""lip_action"":""selective""},""phase"":""low""}]"
STACK,random,c,./workloads/query_stack/q5_q5-015.sql,NQO,121.007636189460,85.102000000000,timeout,,,f54b0c28125fd6b280536da7207e13ef9f5f7d991ca8e1c5430e60320782cd7f,77ff8f3d10074cae8ec03889738c239fb9a15cab7240be0c0e819c56e3b816eb,./results/models/stack/random/c/best.pt,"[{""action"":{""high_action"":""split"",""order_decision"":""only_cost""},""phase"":""high""},{""action"":{""candidate_id"":0,""schedule_alpha"":0.5},""phase"":""select""},{""action"":{""search_k"":1,""search_strategy"":""default""},""phase"":""search""},{""action"":{""execution_action"":""none"",""lip_action"":""none""},""phase"":""low""}]"
STACK,random,c,./workloads/query_stack/q5_q5-077.sql,NQO,167.693756520750,133.216000000000,timeout,,,27d2c09d2ca9f754b852b8046e23cc24f3600c744714a163775424cdbbbc55c2,3053f2057350fd0f3abfe1015750a9641ef4229cf221b914faac1c66fcc06e8c,./results/models/stack/random/c/best.pt,"[{""action"":{""high_action"":""split"",""order_decision"":""only_cost""},""phase"":""high""},{""action"":{""high_action"":""split"",""order_decision"":""only_cost""},""phase"":""high""},{""action"":{""candidate_id"":0,""schedule_alpha"":0.5},""phase"":""select""},{""action"":{""search_k"":1,""search_strategy"":""default""},""phase"":""search""},{""action"":{""execution_action"":""none"",""lip_action"":""none""},""phase"":""low""},{""action"":{""high_action"":""split"",""order_decision"":""only_cost""},""phase"":""high""},{""action"":{""candidate_id"":1,""schedule_alpha"":0.5},""phase"":""select""},{""action"":{""search_k"":1,""search_strategy"":""default""},""phase"":""search""},{""action"":{""execution_action"":""none"",""lip_action"":""none""},""phase"":""low""}]"
STACK,random,c,./workloads/query_stack/q6_q6-009.sql,NQO,170.681700110435,110.200000000000,timeout,,,b818a62d09f4ae75400b8626c8628a7181aad4d0927bd3a0bd473d79a4dc0efd,888cb20be95053aa5d697300cf664e79eab7cf0e00c88c83d6b8bf079f6c3a9c,./results/models/stack/random/c/best.pt,"[{""action"":{""high_action"":""split"",""order_decision"":""only_cost""},""phase"":""high""},{""action"":{""high_action"":""split"",""order_decision"":""only_cost""},""phase"":""high""},{""action"":{""candidate_id"":0,""schedule_alpha"":0.5},""phase"":""select""},{""action"":{""search_k"":1,""search_strategy"":""default""},""phase"":""search""},{""action"":{""execution_action"":""none"",""lip_action"":""none""},""phase"":""low""},{""action"":{""high_action"":""split"",""order_decision"":""only_cost""},""phase"":""high""},{""action"":{""candidate_id"":1,""schedule_alpha"":0.5},""phase"":""select""},{""action"":{""search_k"":1,""search_strategy"":""default""},""phase"":""search""},{""action"":{""execution_action"":""none"",""lip_action"":""none""},""phase"":""low""},{""action"":{""high_action"":""split"",""order_decision"":""only_cost""},""phase"":""high""}]"
STACK,random,c,./workloads/query_stack/q6_q6-069.sql,NQO,197.760686278345,141.644000000000,timeout,,,a4288dd5587900105511fd9b1b4fa39bf36e4d5d354707956c9c25bab9109485,a9d4d83af45e12ec9bca74e49c1da01d284b9a3044035d2fd60b55f2849c96d6,./results/models/stack/random/c/best.pt,"[{""action"":{""search_k"":1,""search_strategy"":""default""},""phase"":""search""},{""action"":{""candidate_id"":0,""schedule_alpha"":0.5},""phase"":""select""},{""action"":{""high_action"":""split"",""order_decision"":""only_cost""},""phase"":""high""},{""action"":{""candidate_id"":0,""schedule_alpha"":0.5},""phase"":""select""},{""action"":{""search_k"":1,""search_strategy"":""default""},""phase"":""search""},{""action"":{""execution_action"":""none"",""lip_action"":""none""},""phase"":""low""},{""action"":{""high_action"":""split"",""order_decision"":""only_cost""},""phase"":""high""},{""action"":{""candidate_id"":1,""schedule_alpha"":0.5},""phase"":""select""},{""action"":{""search_k"":1,""search_strategy"":""default""},""phase"":""search""},{""action"":{""execution_action"":""none"",""lip_action"":""none""},""phase"":""low""},{""action"":{""high_action"":""split"",""order_decision"":""only_cost""},""phase"":""high""},{""action"":{""candidate_id"":0,""schedule_alpha"":0.5},""phase"":""select""},{""action"":{""search_k"":1,""search_strategy"":""default""},""phase"":""search""},{""action"":{""execution_action"":""none"",""lip_action"":""none""},""phase"":""low""}]"
STACK,random,b,./workloads/query_stack/q3_q3-040.sql,NQO,4008.133858442307,439.403000000000,ok,a982d9cbf4f754d298d550f90214aeaea2ac8b6765c2678c2d16e00c7c326586,1,641e4270f42621cdfb63dfe133fe82a4be5a72b1a202be53b762b34939962403,5040e6307eb32a66801bf90cf3c2d94b2e792f3412e57f59c3e1db4d19e3ba0c,./results/models/stack/random/b/best.pt,"[{""action"":{""high_action"":""split"",""order_decision"":""only_cost""},""phase"":""high""},{""action"":{""candidate_id"":0,""schedule_alpha"":0.5},""phase"":""select""},{""action"":{""search_k"":1,""search_strategy"":""default""},""phase"":""search""},{""action"":{""execution_action"":""none"",""lip_action"":""none""},""phase"":""low""},{""action"":{""high_action"":""split"",""order_decision"":""only_cost""},""phase"":""high""},{""action"":{""candidate_id"":4,""schedule_alpha"":0.5},""phase"":""select""},{""action"":{""search_k"":1,""search_strategy"":""default""},""phase"":""search""},{""action"":{""execution_action"":""none"",""lip_action"":""none""},""phase"":""low""},{""action"":{""high_action"":""split"",""order_decision"":""only_cost""},""phase"":""high""},{""action"":{""candidate_id"":2,""schedule_alpha"":0.5},""phase"":""select""},{""action"":{""search_k"":1,""search_strategy"":""default""},""phase"":""search""},{""action"":{""execution_action"":""none"",""lip_action"":""none""},""phase"":""low""},{""action"":{""high_action"":""split"",""order_decision"":""only_cost""},""phase"":""high""},{""action"":{""candidate_id"":4,""schedule_alpha"":0.5},""phase"":""select""},{""action"":{""search_k"":1,""search_strategy"":""default""},""phase"":""search""},{""action"":{""execution_action"":""none"",""lip_action"":""none""},""phase"":""low""},{""action"":{""high_action"":""split"",""order_decision"":""only_cost""},""phase"":""high""},{""action"":{""candidate_id"":3,""schedule_alpha"":0.5},""phase"":""select""},{""action"":{""search_k"":1,""search_strategy"":""default""},""phase"":""search""},{""action"":{""execution_action"":""none"",""lip_action"":""none""},""phase"":""low""},{""action"":{""high_action"":""split"",""order_decision"":""only_cost""},""phase"":""high""},{""action"":{""candidate_id"":2,""schedule_alpha"":0.5},""phase"":""select""},{""action"":{""search_k"":1,""search_strategy"":""default""},""phase"":""search""},{""action"":{""execution_action"":""none"",""lip_action"":""none""},""phase"":""low""},{""action"":{""high_action"":""split"",""order_decision"":""only_cost""},""phase"":""high""},{""action"":{""candidate_id"":0,""schedule_alpha"":0.5},""phase"":""select""},{""action"":{""search_k"":1,""search_strategy"":""default""},""phase"":""search""},{""action"":{""execution_action"":""none"",""lip_action"":""none""},""phase"":""low""},{""action"":{""high_action"":""stop"",""order_decision"":""only_cost""},""phase"":""high""},{""action"":{""search_k"":1,""search_strategy"":""default""},""phase"":""search""},{""action"":{""execution_action"":""conservative"",""lip_action"":""none""},""phase"":""low""}]"
STACK,random,a,./workloads/query_stack/q7_q7-099.sql,NQO,4646.039046347141,72.464000000000,ok,e6097a493b497f00231f62efb8f5a998c223e2cd8bf8f4813d3f9efb2ac1da29,1,8c9d81cd8f551c4f16ebe57f9be5c26de5f6fddebbfc05382b6cc4ce8e40fd77,321cda967f66512a4fcac9a0022bb90dcb065123587451aa3e4c7ef0e7df57d6,./results/models/stack/random/a/best.pt,"[{""action"":{""high_action"":""stop"",""order_decision"":""only_cost""},""phase"":""high""},{""action"":{""search_k"":1,""search_strategy"":""default""},""phase"":""search""},{""action"":{""execution_action"":""none"",""lip_action"":""selective""},""phase"":""low""}]"
STACK,random,b,./workloads/query_stack/q3_q3-046.sql,NQO,966.199733316898,420.779000000000,ok,2bb4771eebb7b47365089a6a19756f2e83053e8323d7cd31fa1b6cfcfa7c9c64,1,5f89bd9c882d7190ce7ff36f110259560eb773ee1070bcd9c308a495882d3210,609dae1cb3012bc37c933c10d620dbef7856cec7b36d8229d1ea2766a821d69f,./results/models/stack/random/b/best.pt,"[{""action"":{""high_action"":""split"",""order_decision"":""only_cost""},""phase"":""high""},{""action"":{""candidate_id"":0,""schedule_alpha"":0.5},""phase"":""select""},{""action"":{""search_k"":1,""search_strategy"":""default""},""phase"":""search""},{""action"":{""execution_action"":""none"",""lip_action"":""none""},""phase"":""low""},{""action"":{""high_action"":""split"",""order_decision"":""only_cost""},""phase"":""high""},{""action"":{""candidate_id"":4,""schedule_alpha"":0.5},""phase"":""select""},{""action"":{""search_k"":1,""search_strategy"":""default""},""phase"":""search""},{""action"":{""execution_action"":""none"",""lip_action"":""none""},""phase"":""low""},{""action"":{""high_action"":""split"",""order_decision"":""only_cost""},""phase"":""high""},{""action"":{""candidate_id"":2,""schedule_alpha"":0.5},""phase"":""select""},{""action"":{""search_k"":1,""search_strategy"":""default""},""phase"":""search""},{""action"":{""execution_action"":""none"",""lip_action"":""none""},""phase"":""low""},{""action"":{""high_action"":""split"",""order_decision"":""only_cost""},""phase"":""high""},{""action"":{""candidate_id"":4,""schedule_alpha"":0.5},""phase"":""select""},{""action"":{""search_k"":1,""search_strategy"":""default""},""phase"":""search""},{""action"":{""execution_action"":""none"",""lip_action"":""none""},""phase"":""low""},{""action"":{""high_action"":""split"",""order_decision"":""only_cost""},""phase"":""high""},{""action"":{""candidate_id"":3,""schedule_alpha"":0.5},""phase"":""select""},{""action"":{""search_k"":1,""search_strategy"":""default""},""phase"":""search""},{""action"":{""execution_action"":""none"",""lip_action"":""none""},""phase"":""low""},{""action"":{""high_action"":""split"",""order_decision"":""only_cost""},""phase"":""high""},{""action"":{""candidate_id"":0,""schedule_alpha"":0.5},""phase"":""select""},{""action"":{""search_k"":1,""search_strategy"":""default""},""phase"":""search""},{""action"":{""execution_action"":""none"",""lip_action"":""none""},""phase"":""low""},{""action"":{""high_action"":""split"",""order_decision"":""only_cost""},""phase"":""high""},{""action"":{""candidate_id"":0,""schedule_alpha"":0.5},""phase"":""select""},{""action"":{""search_k"":1,""search_strategy"":""default""},""phase"":""search""},{""action"":{""execution_action"":""none"",""lip_action"":""none""},""phase"":""low""},{""action"":{""high_action"":""stop"",""order_decision"":""only_cost""},""phase"":""high""},{""action"":{""search_k"":1,""search_strategy"":""default""},""phase"":""search""},{""action"":{""execution_action"":""none"",""lip_action"":""none""},""phase"":""low""}]"
STACK,random,b,./workloads/query_stack/q4_q4-002.sql,NQO,203.860647976398,107.423000000000,ok,c864892cebf2bcd76361025abefe0b45c273b6bc88fcaac7524509b0da45d13a,1,5a347541800d220ce2c38266ba7899a8c164a4092c54a656b07d1f6f18412b43,57098c65940140255513a5008730e0854e30b61779d6232bb285356a88980510,./results/models/stack/random/b/best.pt,"[{""action"":{""high_action"":""stop"",""order_decision"":""only_cost""},""phase"":""high""},{""action"":{""search_k"":1,""search_strategy"":""default""},""phase"":""search""},{""action"":{""execution_action"":""none"",""lip_action"":""none""},""phase"":""low""}]"
STACK,random,b,./workloads/query_stack/q4_q4-026.sql,NQO,172.969125211239,98.378000000000,ok,8208a27f62e0680bc5279d146a02a85f041481025e09191fdd95e7bdd0ad9f20,1,0231a7de7318208e748d587b2f0ee0394cb69f0571c2a7587f60b5ad55714ad4,0e610f58ad26b6f599db265e19c39b7f979c39ba71ebc8801019deffc25a9b87,./results/models/stack/random/b/best.pt,"[{""action"":{""high_action"":""stop"",""order_decision"":""only_cost""},""phase"":""high""},{""action"":{""search_k"":1,""search_strategy"":""default""},""phase"":""search""},{""action"":{""execution_action"":""none"",""lip_action"":""none""},""phase"":""low""}]"
STACK,random,b,./workloads/query_stack/q4_q4-042.sql,NQO,182.559862732887,105.826000000000,ok,60d4eef18cbac5e212273096a23605ea2d76084c15c470f1fa0b4c3005541cdf,1,8ce2f8c1626beab8182fd89320c717f141d623d41fc88559dd49818f847fcfcf,11ef0d4aca4f64869cb6146e191feaafaa5c39713a4fd656a7b99b827269e636,./results/models/stack/random/b/best.pt,"[{""action"":{""high_action"":""stop"",""order_decision"":""only_cost""},""phase"":""high""},{""action"":{""search_k"":1,""search_strategy"":""default""},""phase"":""search""},{""action"":{""execution_action"":""none"",""lip_action"":""none""},""phase"":""low""}]"
STACK,random,b,./workloads/query_stack/q4_q4-064.sql,NQO,117.644563317299,55.014000000000,ok,061b93499c5df4faf14c2c35585ff6323c63abe189179e7cce2ceec7267b0577,1,86dc09fcc0b0435e8c810283d3421b2e8c88e9328c09e261ea6fc1181b741d33,f4ff0594cdd00d6dd68c8bdcef179f8907f24d06a9adbcad12b98323210873fd,./results/models/stack/random/b/best.pt,"[{""action"":{""high_action"":""stop"",""order_decision"":""only_cost""},""phase"":""high""},{""action"":{""search_k"":1,""search_strategy"":""default""},""phase"":""search""},{""action"":{""execution_action"":""none"",""lip_action"":""none""},""phase"":""low""}]"
STACK,random,b,./workloads/query_stack/q5_q5-041.sql,NQO,154.975183308125,101.639000000000,ok,7be53cf6bfcc260821b51f2c5281ced2aab32cdec4c0c1ec0ca3d8c126a82fcc,1,39bee6e7dcf2351674a938fe5dbd203ff78325b39a0f94edc35d6369387a28b2,a03d711a725e915d8e9d36e229bbfd820f39ca3c773cfd9a0209367fd7631d65,./results/models/stack/random/b/best.pt,"[{""action"":{""high_action"":""stop"",""order_decision"":""only_cost""},""phase"":""high""},{""action"":{""search_k"":1,""search_strategy"":""default""},""phase"":""search""},{""action"":{""execution_action"":""none"",""lip_action"":""none""},""phase"":""low""}]"
STACK,random,c,./workloads/query_stack/q7_q7-034.sql,NQO,5183.923549950123,180.762000000000,ok,fa879e4fc50b8c9696eb4dbd6a0b301941889f11c3953bede1a1f9308c6c8618,1,f5b8e28e248e7471aa418e7784a97b51e3b6416c9dd66682d84b487e3816319c,cd323cd2ac278d22b60fc510a2d85a79448d517ddbe5d9e26cfad844c2e9ab27,./results/models/stack/random/c/best.pt,"[{""action"":{""high_action"":""split"",""order_decision"":""only_cost""},""phase"":""high""},{""action"":{""high_action"":""split"",""order_decision"":""only_cost""},""phase"":""high""},{""action"":{""candidate_id"":2,""schedule_alpha"":0.5},""phase"":""select""},{""action"":{""search_k"":1,""search_strategy"":""default""},""phase"":""search""},{""action"":{""execution_action"":""none"",""lip_action"":""none""},""phase"":""low""},{""action"":{""high_action"":""split"",""order_decision"":""only_cost""},""phase"":""high""},{""action"":{""candidate_id"":1,""schedule_alpha"":0.5},""phase"":""select""},{""action"":{""search_k"":1,""search_strategy"":""default""},""phase"":""search""},{""action"":{""execution_action"":""none"",""lip_action"":""none""},""phase"":""low""},{""action"":{""high_action"":""stop"",""order_decision"":""only_cost""},""phase"":""high""},{""action"":{""search_k"":1,""search_strategy"":""default""},""phase"":""search""},{""action"":{""execution_action"":""none"",""lip_action"":""none""},""phase"":""low""}]"
STACK,random,b,./workloads/query_stack/q5_q5-052.sql,NQO,151.196427643299,110.528000000000,ok,ad2301e16f8ac0e556a59dd245bfdf55c48548fd352f0cf92a385882c89aebbd,1,66d7ee58e2dd7374ca478048f65c16f5b85a1cf59ec5148ebe83105fbf79a5d1,091aae82e070d553c07ef605581eaf2768c4322ab3c97fd29f8838d71665104a,./results/models/stack/random/b/best.pt,"[{""action"":{""high_action"":""stop"",""order_decision"":""only_cost""},""phase"":""high""},{""action"":{""search_k"":1,""search_strategy"":""default""},""phase"":""search""},{""action"":{""execution_action"":""none"",""lip_action"":""none""},""phase"":""low""}]"
STACK,random,b,./workloads/query_stack/q5_q5-079.sql,NQO,201.790444552898,125.233000000000,ok,2bb4771eebb7b47365089a6a19756f2e83053e8323d7cd31fa1b6cfcfa7c9c64,1,3dc6c680bc524ad6a1a32e00ecd16a87dcf8b5c715f969463c24e48aa78ceb9f,3c1c6b5714ce39dc5664cbc5fa4022288eee1139ff4550348148fe4ae91ad702,./results/models/stack/random/b/best.pt,"[{""action"":{""high_action"":""stop"",""order_decision"":""only_cost""},""phase"":""high""},{""action"":{""search_k"":1,""search_strategy"":""default""},""phase"":""search""},{""action"":{""execution_action"":""none"",""lip_action"":""none""},""phase"":""low""}]"
STACK,random,a,./workloads/query_stack/q8_q8-006.sql,NQO,1441.999450325966,296.404000000000,ok,fa879e4fc50b8c9696eb4dbd6a0b301941889f11c3953bede1a1f9308c6c8618,1,dd33be792e0f5348e8c253f753368b139674905fd8bf5b36bdf2ae739c90111e,5bc1afa9a8a7a3dbfdd3f4b5e08ccf7a6ff410558117bf94ad2c83210e77ca7e,./results/models/stack/random/a/best.pt,"[{""action"":{""high_action"":""split"",""order_decision"":""only_cost""},""phase"":""high""},{""action"":{""candidate_id"":3,""schedule_alpha"":0.5},""phase"":""select""},{""action"":{""search_k"":1,""search_strategy"":""default""},""phase"":""search""},{""action"":{""execution_action"":""none"",""lip_action"":""none""},""phase"":""low""},{""action"":{""high_action"":""split"",""order_decision"":""only_cost""},""phase"":""high""},{""action"":{""candidate_id"":0,""schedule_alpha"":0.5},""phase"":""select""},{""action"":{""search_k"":1,""search_strategy"":""default""},""phase"":""search""},{""action"":{""execution_action"":""none"",""lip_action"":""none""},""phase"":""low""},{""action"":{""high_action"":""split"",""order_decision"":""only_cost""},""phase"":""high""},{""action"":{""candidate_id"":2,""schedule_alpha"":0.5},""phase"":""select""},{""action"":{""search_k"":1,""search_strategy"":""default""},""phase"":""search""},{""action"":{""execution_action"":""none"",""lip_action"":""none""},""phase"":""low""}]"
STACK,random,b,./workloads/query_stack/q5_q5-082.sql,NQO,173.925541341305,110.606000000000,ok,ce8ae4a1c41bb6ace1751e8b691713500edc7b921b9a42bfde4909ad43ad647a,1,61956716b37ff61c958b1763b990986118a2559ab02c746b124a7183a7a154b0,a496d3d4acd9792f4f62d4db4ff8f14a96546a6e055461dbdf7ed19069fb9bfc,./results/models/stack/random/b/best.pt,"[{""action"":{""high_action"":""stop"",""order_decision"":""only_cost""},""phase"":""high""},{""action"":{""search_k"":1,""search_strategy"":""default""},""phase"":""search""},{""action"":{""execution_action"":""none"",""lip_action"":""none""},""phase"":""low""}]"
STACK,random,b,./workloads/query_stack/q6_q6-064.sql,NQO,144.699446856976,104.886000000000,ok,6518978a26809bbdf6469a623c9f6104faa2d413a314e3a4152fa2196829ff2b,1,6e5e5f84427dc504dffd895597bc63ec6ba84506bcaf8662b6580e3990dca135,4d7e29b1c049bedbc19980d8806af4031954577e5745900c6fcb4d29716129b5,./results/models/stack/random/b/best.pt,"[{""action"":{""high_action"":""stop"",""order_decision"":""only_cost""},""phase"":""high""},{""action"":{""search_k"":1,""search_strategy"":""default""},""phase"":""search""},{""action"":{""execution_action"":""none"",""lip_action"":""none""},""phase"":""low""}]"
STACK,random,a,./workloads/query_stack/q8_q8-076.sql,NQO,1525.906257331371,222.356000000000,ok,fa879e4fc50b8c9696eb4dbd6a0b301941889f11c3953bede1a1f9308c6c8618,1,584338df8c787c038e2d7505ef1ec25b1317b0e1e70324542397f488cf174f23,503c9e944794846c559be329558680e9dedddc5599ced29c5445120ce95467c4,./results/models/stack/random/a/best.pt,"[{""action"":{""high_action"":""split"",""order_decision"":""only_cost""},""phase"":""high""},{""action"":{""high_action"":""split"",""order_decision"":""only_cost""},""phase"":""high""},{""action"":{""candidate_id"":3,""schedule_alpha"":0.5},""phase"":""select""},{""action"":{""search_k"":1,""search_strategy"":""default""},""phase"":""search""},{""action"":{""execution_action"":""none"",""lip_action"":""none""},""phase"":""low""},{""action"":{""high_action"":""split"",""order_decision"":""only_cost""},""phase"":""high""},{""action"":{""candidate_id"":0,""schedule_alpha"":0.5},""phase"":""select""},{""action"":{""search_k"":1,""search_strategy"":""default""},""phase"":""search""},{""action"":{""execution_action"":""none"",""lip_action"":""none""},""phase"":""low""},{""action"":{""high_action"":""split"",""order_decision"":""only_cost""},""phase"":""high""},{""action"":{""candidate_id"":2,""schedule_alpha"":0.5},""phase"":""select""},{""action"":{""search_k"":1,""search_strategy"":""default""},""phase"":""search""},{""action"":{""execution_action"":""none"",""lip_action"":""none""},""phase"":""low""}]"
STACK,random,c,./workloads/query_stack/q7_q7-077.sql,NQO,5308.902420103550,163.131000000000,ok,91ceb6f253ad07a97c56603d48d7757d57db954f6118e3b861b1b2a27fffc679,1,ad708d1064a4a92cd613c209922639a671554338795557cdcd45a3b6c7320fc1,69ff8e64b0b1a204b5dee7d8d2d53152b7b8bb2329a7f9452f125658d7e0ca44,./results/models/stack/random/c/best.pt,"[{""action"":{""high_action"":""split"",""order_decision"":""only_cost""},""phase"":""high""},{""action"":{""candidate_id"":1,""schedule_alpha"":0.5},""phase"":""select""},{""action"":{""search_k"":1,""search_strategy"":""default""},""phase"":""search""},{""action"":{""execution_action"":""none"",""lip_action"":""none""},""phase"":""low""},{""action"":{""high_action"":""split"",""order_decision"":""only_cost""},""phase"":""high""},{""action"":{""candidate_id"":1,""schedule_alpha"":0.5},""phase"":""select""},{""action"":{""search_k"":1,""search_strategy"":""default""},""phase"":""search""},{""action"":{""execution_action"":""none"",""lip_action"":""none""},""phase"":""low""},{""action"":{""high_action"":""stop"",""order_decision"":""only_cost""},""phase"":""high""},{""action"":{""search_k"":1,""search_strategy"":""default""},""phase"":""search""},{""action"":{""execution_action"":""none"",""lip_action"":""none""},""phase"":""low""}]"
STACK,random,b,./workloads/query_stack/q7_q7-036.sql,NQO,5155.714772641659,194.153000000000,ok,fa879e4fc50b8c9696eb4dbd6a0b301941889f11c3953bede1a1f9308c6c8618,1,93aba5e2c2261d0ba50ae5b51447a26f13b2b6dd6c2a2821ac2892ebb0d7f252,616c54c1ef328b20960e1812caa2aa958c3533568d260c77bc7f65d4021f385f,./results/models/stack/random/b/best.pt,"[{""action"":{""high_action"":""split"",""order_decision"":""only_cost""},""phase"":""high""},{""action"":{""candidate_id"":1,""schedule_alpha"":0.5},""phase"":""select""},{""action"":{""search_k"":1,""search_strategy"":""default""},""phase"":""search""},{""action"":{""execution_action"":""none"",""lip_action"":""none""},""phase"":""low""},{""action"":{""high_action"":""split"",""order_decision"":""only_cost""},""phase"":""high""},{""action"":{""candidate_id"":0,""schedule_alpha"":0.5},""phase"":""select""},{""action"":{""search_k"":1,""search_strategy"":""default""},""phase"":""search""},{""action"":{""execution_action"":""none"",""lip_action"":""none""},""phase"":""low""},{""action"":{""high_action"":""stop"",""order_decision"":""only_cost""},""phase"":""high""},{""action"":{""search_k"":1,""search_strategy"":""default""},""phase"":""search""},{""action"":{""execution_action"":""none"",""lip_action"":""none""},""phase"":""low""}]"
STACK,random,c,./workloads/query_stack/q7_q7-082.sql,NQO,5256.662711501122,156.418000000000,ok,64043c6a0d07cdab8939a506f1a097454642c5f07efa20f7d4c6ef417b0776a6,1,466075e19bbcc2ac6739ee8f6e4dd3721b15fceec510844b49fc976e980957be,4f2f352d638396c0b874fcdbe87b1ce487980046f15b2783a888fb98276138da,./results/models/stack/random/c/best.pt,"[{""action"":{""high_action"":""split"",""order_decision"":""only_cost""},""phase"":""high""},{""action"":{""candidate_id"":1,""schedule_alpha"":0.5},""phase"":""select""},{""action"":{""search_k"":1,""search_strategy"":""default""},""phase"":""search""},{""action"":{""execution_action"":""none"",""lip_action"":""none""},""phase"":""low""},{""action"":{""high_action"":""split"",""order_decision"":""only_cost""},""phase"":""high""},{""action"":{""candidate_id"":1,""schedule_alpha"":0.5},""phase"":""select""},{""action"":{""search_k"":1,""search_strategy"":""default""},""phase"":""search""},{""action"":{""execution_action"":""none"",""lip_action"":""none""},""phase"":""low""},{""action"":{""high_action"":""stop"",""order_decision"":""only_cost""},""phase"":""high""},{""action"":{""search_k"":1,""search_strategy"":""default""},""phase"":""search""},{""action"":{""execution_action"":""none"",""lip_action"":""none""},""phase"":""low""}]"
STACK,random,b,./workloads/query_stack/q7_q7-047.sql,NQO,5269.647747278214,180.978000000000,ok,fa879e4fc50b8c9696eb4dbd6a0b301941889f11c3953bede1a1f9308c6c8618,1,f360dce8e6ad3e084088ae05c9b43602e54f1a158decaa17af366189d1015620,87b6229f81d33dc77c9797e3f571fcf8dc453f2d8f5f409f84acb5a843fcf3af,./results/models/stack/random/b/best.pt,"[{""action"":{""high_action"":""split"",""order_decision"":""only_cost""},""phase"":""high""},{""action"":{""candidate_id"":1,""schedule_alpha"":0.5},""phase"":""select""},{""action"":{""search_k"":1,""search_strategy"":""default""},""phase"":""search""},{""action"":{""execution_action"":""none"",""lip_action"":""none""},""phase"":""low""},{""action"":{""high_action"":""split"",""order_decision"":""only_cost""},""phase"":""high""},{""action"":{""candidate_id"":1,""schedule_alpha"":0.5},""phase"":""select""},{""action"":{""search_k"":1,""search_strategy"":""default""},""phase"":""search""},{""action"":{""execution_action"":""none"",""lip_action"":""none""},""phase"":""low""},{""action"":{""high_action"":""stop"",""order_decision"":""only_cost""},""phase"":""high""},{""action"":{""search_k"":1,""search_strategy"":""default""},""phase"":""search""},{""action"":{""execution_action"":""none"",""lip_action"":""none""},""phase"":""low""}]"
STACK,random,c,./workloads/query_stack/q8_q8-025.sql,NQO,489.301234483719,432.323000000000,ok,fa879e4fc50b8c9696eb4dbd6a0b301941889f11c3953bede1a1f9308c6c8618,1,47a38ebda32aa39071079cf9a60f57d579cb03a617878b276e15086a6a21f97b,94d1ea342466747f429295c3c449803ab3e7e41a5305813a58b816e4c7ea68ea,./results/models/stack/random/c/best.pt,"[{""action"":{""high_action"":""split"",""order_decision"":""only_cost""},""phase"":""high""},{""action"":{""candidate_id"":0,""schedule_alpha"":0.5},""phase"":""select""},{""action"":{""search_k"":1,""search_strategy"":""default""},""phase"":""search""},{""action"":{""execution_action"":""none"",""lip_action"":""none""},""phase"":""low""},{""action"":{""high_action"":""split"",""order_decision"":""only_cost""},""phase"":""high""},{""action"":{""candidate_id"":2,""schedule_alpha"":0.5},""phase"":""select""},{""action"":{""search_k"":1,""search_strategy"":""default""},""phase"":""search""},{""action"":{""execution_action"":""none"",""lip_action"":""none""},""phase"":""low""},{""action"":{""high_action"":""split"",""order_decision"":""only_cost""},""phase"":""high""},{""action"":{""candidate_id"":2,""schedule_alpha"":0.5},""phase"":""select""},{""action"":{""search_k"":1,""search_strategy"":""default""},""phase"":""search""},{""action"":{""execution_action"":""none"",""lip_action"":""none""},""phase"":""low""},{""action"":{""high_action"":""split"",""order_decision"":""only_cost""},""phase"":""high""},{""action"":{""candidate_id"":2,""schedule_alpha"":0.5},""phase"":""select""},{""action"":{""search_k"":1,""search_strategy"":""default""},""phase"":""search""},{""action"":{""execution_action"":""none"",""lip_action"":""none""},""phase"":""low""},{""action"":{""high_action"":""split"",""order_decision"":""only_cost""},""phase"":""high""},{""action"":{""candidate_id"":0,""schedule_alpha"":0.5},""phase"":""select""},{""action"":{""search_k"":1,""search_strategy"":""default""},""phase"":""search""},{""action"":{""execution_action"":""none"",""lip_action"":""none""},""phase"":""low""},{""action"":{""high_action"":""stop"",""order_decision"":""only_cost""},""phase"":""high""},{""action"":{""search_k"":1,""search_strategy"":""default""},""phase"":""search""},{""action"":{""execution_action"":""none"",""lip_action"":""none""},""phase"":""low""}]"
STACK,random,c,./workloads/query_stack/q8_q8-046.sql,NQO,1475.165225565435,76.348088681698,timeout,,,9fdce93cabe838f14d1dbcadbf6c329713d508931717a57989757511fe66252e,c6654e1b90f6a90f87d8cadaa255f026ba3abf864ad61fcc38643bfba2fc2655,./results/models/stack/random/c/best.pt,"[{""action"":{""high_action"":""split"",""order_decision"":""only_cost""},""phase"":""high""},{""action"":{""candidate_id"":3,""schedule_alpha"":0.5},""phase"":""select""},{""action"":{""search_k"":1,""search_strategy"":""default""},""phase"":""search""},{""action"":{""execution_action"":""none"",""lip_action"":""none""},""phase"":""low""}]"
STACK,random,c,./workloads/query_stack/q8_q8-062.sql,NQO,1473.381407558920,84.709055721760,timeout,,,0fea3386014ef699e6b503a5df0f2d7dcd4d09e286eac12b45b71a149d815819,b78781eba2552a907cf40089253af1e511d295b85b8b8029ecd10f114a091fe7,./results/models/stack/random/c/best.pt,"[{""action"":{""high_action"":""split"",""order_decision"":""only_cost""},""phase"":""high""},{""action"":{""candidate_id"":3,""schedule_alpha"":0.5},""phase"":""select""},{""action"":{""search_k"":1,""search_strategy"":""default""},""phase"":""search""},{""action"":{""execution_action"":""none"",""lip_action"":""none""},""phase"":""low""}]"
STACK,random,c,./workloads/query_stack/q8_q8-065.sql,NQO,1457.109980285168,336.672000000000,ok,fa879e4fc50b8c9696eb4dbd6a0b301941889f11c3953bede1a1f9308c6c8618,1,275498aaba921cafb714e3c556578313da0e0cdddbe7da5da660f9f01586714c,d81d63d7e327c35374677b8b4db5c7b025a1fb630ca96f2265088a1f18486303,./results/models/stack/random/c/best.pt,"[{""action"":{""high_action"":""split"",""order_decision"":""only_cost""},""phase"":""high""},{""action"":{""candidate_id"":3,""schedule_alpha"":0.5},""phase"":""select""},{""action"":{""search_k"":1,""search_strategy"":""default""},""phase"":""search""},{""action"":{""execution_action"":""none"",""lip_action"":""none""},""phase"":""low""},{""action"":{""high_action"":""split"",""order_decision"":""only_cost""},""phase"":""high""},{""action"":{""candidate_id"":0,""schedule_alpha"":0.5},""phase"":""select""},{""action"":{""search_k"":1,""search_strategy"":""default""},""phase"":""search""},{""action"":{""execution_action"":""none"",""lip_action"":""none""},""phase"":""low""},{""action"":{""high_action"":""split"",""order_decision"":""only_cost""},""phase"":""high""},{""action"":{""candidate_id"":2,""schedule_alpha"":0.5},""phase"":""select""},{""action"":{""search_k"":1,""search_strategy"":""default""},""phase"":""search""},{""action"":{""execution_action"":""none"",""lip_action"":""none""},""phase"":""low""},{""action"":{""high_action"":""split"",""order_decision"":""only_cost""},""phase"":""high""},{""action"":{""candidate_id"":0,""schedule_alpha"":0.5},""phase"":""select""},{""action"":{""search_k"":1,""search_strategy"":""default""},""phase"":""search""},{""action"":{""execution_action"":""none"",""lip_action"":""none""},""phase"":""low""},{""action"":{""high_action"":""stop"",""order_decision"":""only_cost""},""phase"":""high""},{""action"":{""search_k"":1,""search_strategy"":""default""},""phase"":""search""},{""action"":{""execution_action"":""none"",""lip_action"":""none""},""phase"":""low""}]"
STACK,random,b,./workloads/query_stack/q7_q7-095.sql,NQO,5371.699586510658,183.386000000000,ok,6e5557b7569a2d9a71b5f22b1f0b662ac75e91e1a3f70a0e8efb120b7f2df8f8,1,95ab0494c49d039897c82b180ed58b5cb28a5d4968880d2d52aac9a99b170293,494751b6340425fdc2df04e71b267491d8065635967e388991794c81a342c155,./results/models/stack/random/b/best.pt,"[{""action"":{""high_action"":""split"",""order_decision"":""only_cost""},""phase"":""high""},{""action"":{""candidate_id"":1,""schedule_alpha"":0.5},""phase"":""select""},{""action"":{""search_k"":1,""search_strategy"":""default""},""phase"":""search""},{""action"":{""execution_action"":""none"",""lip_action"":""none""},""phase"":""low""},{""action"":{""high_action"":""split"",""order_decision"":""only_cost""},""phase"":""high""},{""action"":{""candidate_id"":0,""schedule_alpha"":0.5},""phase"":""select""},{""action"":{""search_k"":1,""search_strategy"":""default""},""phase"":""search""},{""action"":{""execution_action"":""none"",""lip_action"":""none""},""phase"":""low""},{""action"":{""high_action"":""stop"",""order_decision"":""only_cost""},""phase"":""high""},{""action"":{""search_k"":1,""search_strategy"":""default""},""phase"":""search""},{""action"":{""execution_action"":""none"",""lip_action"":""none""},""phase"":""low""}]"
STACK,random,c,./workloads/query_stack/q8_q8-074.sql,NQO,1489.049606025220,78.965216875076,timeout,,,f08d67e27d298f92e8f039aaedc1c296cf98bb94953e025f433098f395ea1a88,02d8e2e81e5854f61d152a0346d58ed21e0d5417d5f46c39d144ece3d7c5a688,./results/models/stack/random/c/best.pt,"[{""action"":{""high_action"":""split"",""order_decision"":""only_cost""},""phase"":""high""},{""action"":{""candidate_id"":3,""schedule_alpha"":0.5},""phase"":""select""},{""action"":{""search_k"":1,""search_strategy"":""default""},""phase"":""search""},{""action"":{""execution_action"":""none"",""lip_action"":""none""},""phase"":""low""}]"
STACK,random,c,./workloads/query_stack/q8_q8-096.sql,NQO,1256.008915603161,290.843000000000,ok,fa879e4fc50b8c9696eb4dbd6a0b301941889f11c3953bede1a1f9308c6c8618,1,5758157a0ed7af489b19c62a113ea7ef36036c02b3a1c87a3c7c41ef3da7fa52,ef190c5dade6ca7b6489fda3d992b7227a581bc7094b4a7ec62fb7981855ed43,./results/models/stack/random/c/best.pt,"[{""action"":{""high_action"":""split"",""order_decision"":""only_cost""},""phase"":""high""},{""action"":{""candidate_id"":3,""schedule_alpha"":0.5},""phase"":""select""},{""action"":{""search_k"":1,""search_strategy"":""default""},""phase"":""search""},{""action"":{""execution_action"":""none"",""lip_action"":""none""},""phase"":""low""},{""action"":{""high_action"":""split"",""order_decision"":""only_cost""},""phase"":""high""},{""action"":{""candidate_id"":0,""schedule_alpha"":0.5},""phase"":""select""},{""action"":{""search_k"":1,""search_strategy"":""default""},""phase"":""search""},{""action"":{""execution_action"":""none"",""lip_action"":""none""},""phase"":""low""},{""action"":{""high_action"":""split"",""order_decision"":""only_cost""},""phase"":""high""},{""action"":{""candidate_id"":2,""schedule_alpha"":0.5},""phase"":""select""},{""action"":{""search_k"":1,""search_strategy"":""default""},""phase"":""search""},{""action"":{""execution_action"":""none"",""lip_action"":""none""},""phase"":""low""},{""action"":{""high_action"":""split"",""order_decision"":""only_cost""},""phase"":""high""},{""action"":{""candidate_id"":0,""schedule_alpha"":0.5},""phase"":""select""},{""action"":{""search_k"":1,""search_strategy"":""default""},""phase"":""search""},{""action"":{""execution_action"":""none"",""lip_action"":""none""},""phase"":""low""},{""action"":{""high_action"":""stop"",""order_decision"":""only_cost""},""phase"":""high""},{""action"":{""search_k"":1,""search_strategy"":""default""},""phase"":""search""},{""action"":{""execution_action"":""none"",""lip_action"":""none""},""phase"":""low""}]"
