dataset,protocol,fold,sql_path,method,runtime_ms,inference_ms,status,result_hash,result_rows,cache_id,trajectory_hash,checkpoint,actions_json
JOB,,,./workloads/query_job/1a.sql,PostgreSQL,19.184842705727,0.000000000000,ok,dd253fda72c20dfb222996e15bab3080adeea4ecc6640c5fb422b8dbcda92bee,1,,,,
JOB,,,./workloads/query_job/1b.sql,PostgreSQL,10.740295052528,0.000000000000,ok,38cf683886cf6fdc55596ffbf14756cbedd54a4091ef744fb773fc7f37ce3139,1,,,,
JOB,,,./workloads/query_job/1c.sql,PostgreSQL,15.698611736298,0.000000000000,ok,38cf683886cf6fdc55596ffbf14756cbedd54a4091ef744fb773fc7f37ce3139,1,,,,
JOB,,,./workloads/query_job/1d.sql,PostgreSQL,7.678143680096,0.000000000000,ok,38cf683886cf6fdc55596ffbf14756cbedd54a4091ef744fb773fc7f37ce3139,1,,,,
JOB,,,./workloads/query_job/2a.sql,PostgreSQL,278.936386108398,0.000000000000,ok,926b05773671feeb0bc0c29c32e155c6a95ebf9c8354f34eb0a420c86dcd2587,1,,,,
JOB,,,./workloads/query_job/2b.sql,PostgreSQL,188.373304903507,0.000000000000,ok,6b5e89621644dd75b4340f92341b72d950b8d446017fd778034cedf23d21f2ed,1,,,,
JOB,,,./workloads/query_job/2c.sql,PostgreSQL,182.301327586174,0.000000000000,ok,4f78f1a55542d807d5eaabd4ee2244ee9ba0258958f7de1c1ef4598cd5b46ab1,1,,,,
JOB,,,./workloads/query_job/2d.sql,PostgreSQL,242.829039692879,0.000000000000,ok,5d9b14ce41ade9856b228a9571b81fa301bfc1f43ec9ee069d7e980a162e322c,1,,,,
JOB,,,./workloads/query_job/3a.sql,PostgreSQL,118.452809751034,0.000000000000,ok,a25bbd029f290d8d4a4e3950235e37dcf0d344d9b660b168a71b99126ced242e,1,,,,
JOB,,,./workloads/query_job/3b.sql,PostgreSQL,72.886578738689,0.000000000000,ok,4f78f1a55542d807d5eaabd4ee2244ee9ba0258958f7de1c1ef4598cd5b46ab1,1,,,,
JOB,,,./workloads/query_job/3c.sql,PostgreSQL,166.672274470329,0.000000000000,ok,bf1a3680f7ce525911e550ac09a5a1784d65a0fa6f605bc437d5c6098af0c2af,1,,,,
JOB,,,./workloads/query_job/4a.sql,PostgreSQL,78.406266868114,0.000000000000,ok,7c1f395331a8b97b06979e898720d60352be5cd9e0efafa1d3582c061d40fac0,1,,,,
JOB,,,./workloads/query_job/4b.sql,PostgreSQL,47.130100429058,0.000000000000,ok,706843969f310473a0308417223dbd3b01f9c23dd72c30ca6a320928a1c6d9a0,1,,,,
JOB,,,./workloads/query_job/4c.sql,PostgreSQL,76.060324907303,0.000000000000,ok,80890508b69994b28c38acb164509f37f3e3d56454997a07d06071fd64719edb,1,,,,
JOB,,,./workloads/query_job/5a.sql,PostgreSQL,75.017891824245,0.000000000000,ok,4f78f1a55542d807d5eaabd4ee2244ee9ba0258958f7de1c1ef4598cd5b46ab1,1,,,,
JOB,,,./workloads/query_job/5b.sql,PostgreSQL,74.502438306808,0.000000000000,ok,4f78f1a55542d807d5eaabd4ee2244ee9ba0258958f7de1c1ef4598cd5b46ab1,1,,,,
JOB,,,./workloads/query_job/5c.sql,PostgreSQL,93.055240809917,0.000000000000,ok,914648c9d245b6e6d72fd3f49337b500b20b8313101aa116453227cf3baf4b54,1,,,,
JOB,,,./workloads/query_job/6a.sql,PostgreSQL,123.433135449886,0.000000000000,ok,2e45680981dcedf844899f966540a92734a6200fc0d8bd8a547ceba0d0cf631f,1,,,,
JOB,,,./workloads/query_job/6b.sql,PostgreSQL,117.080427706242,0.000000000000,ok,38cf683886cf6fdc55596ffbf14756cbedd54a4091ef744fb773fc7f37ce3139,1,,,,
JOB,,,./workloads/query_job/6c.sql,PostgreSQL,35.229712724686,0.000000000000,ok,38cf683886cf6fdc55596ffbf14756cbedd54a4091ef744fb773fc7f37ce3139,1,,,,
JOB,,,./workloads/query_job/6d.sql,PostgreSQL,5325.484625995159,0.000000000000,ok,a6e1254b945957be00697bfe9f49e242a11c2571ff9b293a7b87a24afec252e1,1,,,,
JOB,,,./workloads/query_job/6e.sql,PostgreSQL,45.333623886108,0.000000000000,ok,2e45680981dcedf844899f966540a92734a6200fc0d8bd8a547ceba0d0cf631f,1,,,,
JOB,,,./workloads/query_job/6f.sql,PostgreSQL,1214.914686977863,0.000000000000,ok,4c8ae12fbdfe20a01c8fa6a1566197651e812dde9e027b742ec6f8e69f377f78,1,,,,
JOB,,,./workloads/query_job/7a.sql,PostgreSQL,289.472788572311,0.000000000000,ok,c45c16058ceb0fa3043d43cf324eb296890f073ea7be51873fac68d90838f72f,1,,,,
JOB,,,./workloads/query_job/7b.sql,PostgreSQL,75.049713253975,0.000000000000,ok,c45c16058ceb0fa3043d43cf324eb296890f073ea7be51873fac68d90838f72f,1,,,,
JOB,,,./workloads/query_job/7c.sql,PostgreSQL,1264.733605086803,0.000000000000,ok,8d253e0d16c802b9292df83113bce0188ac021d4b38e594d721cb020d7a03abf,1,,,,
JOB,,,./workloads/query_job/8a.sql,PostgreSQL,811.018377542496,0.000000000000,ok,3828f7303034340a98ef15ead4a6900cfa1272fc3bf752f306dedc8226a60381,1,,,,
JOB,,,./workloads/query_job/8b.sql,PostgreSQL,144.414976239204,0.000000000000,ok,e5b0fc3c68184c62fd7ca88151a039904e2fc3708d4c2773297d07ecda52eef1,1,,,,
JOB,,,./workloads/query_job/8c.sql,PostgreSQL,1686.769038438797,0.000000000000,ok,01d29c2bfe548a761685e08d7695143d7188d138b9ed9be2dc7550ca7e6622c0,1,,,,
JOB,,,./workloads/query_job/8d.sql,PostgreSQL,806.732662022114,0.000000000000,ok,b50c2737ab9a94fd59cbc7b091e69509ac4d8c8ca5b321b7a0d1a7c762d6c287,1,,,,
JOB,,,./workloads/query_job/9a.sql,PostgreSQL,692.342832684517,0.000000000000,ok,50751b25493546e3bb1394fa08d05872da5ff4acfd918b574f7bb2876408917d,1,,,,
JOB,,,./workloads/query_job/9b.sql,PostgreSQL,494.616799056530,0.000000000000,ok,b056be1df2b02b725e026121efce250a997680daf239b6979cad9f174aa906c5,1,,,,
JOB,,,./workloads/query_job/9c.sql,PostgreSQL,581.007756292820,0.000000000000,ok,0405578de0c236cc89b6746ccdc34933bc8c52faba292c4242d62850486c391c,1,,,,
JOB,,,./workloads/query_job/9d.sql,PostgreSQL,2011.850334703922,0.000000000000,ok,ac1207d2eac5267cb540b680ad56ae7ea9037636b11d91212ce93e12a758bea1,1,,,,
JOB,,,./workloads/query_job/10a.sql,PostgreSQL,292.226195335388,0.000000000000,ok,8a8a0637c8903a0dc5c530e45fc874c9594090f9826920b5556432f0d8413091,1,,,,
JOB,,,./workloads/query_job/10b.sql,PostgreSQL,191.765815019608,0.000000000000,ok,706843969f310473a0308417223dbd3b01f9c23dd72c30ca6a320928a1c6d9a0,1,,,,
JOB,,,./workloads/query_job/10c.sql,PostgreSQL,1675.058901309967,0.000000000000,ok,73b0bf53e0d911a07eeb82a77e0c4d8e572b4a66464eabd6ab74eddeab66e4b6,1,,,,
JOB,,,./workloads/query_job/11a.sql,PostgreSQL,24.634622037411,0.000000000000,ok,fa1f095cb852fd0f6f9bf5067b9f057dbbfa7e3a43a13ea9f216a34e120ad9dd,1,,,,
JOB,,,./workloads/query_job/11b.sql,PostgreSQL,18.243186175823,0.000000000000,ok,38cf683886cf6fdc55596ffbf14756cbedd54a4091ef744fb773fc7f37ce3139,1,,,,
JOB,,,./workloads/query_job/11c.sql,PostgreSQL,55.508531630039,0.000000000000,ok,38cf683886cf6fdc55596ffbf14756cbedd54a4091ef744fb773fc7f37ce3139,1,,,,
JOB,,,./workloads/query_job/11d.sql,PostgreSQL,50.019845366478,0.000000000000,ok,7953a9187057fd7173604021c36eb4e9481567f239b2aeb9843a73ee8c367b4b,1,,,,
JOB,,,./workloads/query_job/12a.sql,PostgreSQL,143.099479377270,0.000000000000,ok,7e45f4646b28e92262bc79b1c100a31366c9cc977a286b3f99fe8570ede4aaea,1,,,,
JOB,,,./workloads/query_job/12b.sql,PostgreSQL,18.408991396427,0.000000000000,ok,706843969f310473a0308417223dbd3b01f9c23dd72c30ca6a320928a1c6d9a0,1,,,,
JOB,,,./workloads/query_job/12c.sql,PostgreSQL,401.215247809887,0.000000000000,ok,78ba83774ef895c36a4d250ae45d889cde11a52dfe7ea2a953b3efd8a793bdb4,1,,,,
JOB,,,./workloads/query_job/13a.sql,PostgreSQL,685.011170804501,0.000000000000,ok,260041f2b274eea1e0ffc9065fd95869ed0b873d8216be51fa8a87abe1dc08b6,1,,,,
JOB,,,./workloads/query_job/13b.sql,PostgreSQL,273.581795394421,0.000000000000,ok,18170491b6ba1300d74d5c4cf4749c8d52e76f06f7fed17a25f5fc6979544c84,1,,,,
JOB,,,./workloads/query_job/13c.sql,PostgreSQL,264.921858906746,0.000000000000,ok,6c92afdf2463474643ad9a8b9d6ea56de47b8ed184cb9b8e8ff35ff9de872b10,1,,,,
JOB,,,./workloads/query_job/13d.sql,PostgreSQL,2413.495317101479,0.000000000000,ok,22d25994e23e3809ff9dd5874786aa233c41f4dfcf737f6b845db0652a47c16e,1,,,,
JOB,,,./workloads/query_job/14a.sql,PostgreSQL,155.349411070347,0.000000000000,ok,ea499f627bdc3e4c3b4046bee6c395977034d4bdab2b462f0e972a6b49d6244d,1,,,,
JOB,,,./workloads/query_job/14b.sql,PostgreSQL,81.116437911987,0.000000000000,ok,74085e27c595ac219c6257d663e3ccccdf16299520347ac5488a715783f18a41,1,,,,
JOB,,,./workloads/query_job/14c.sql,PostgreSQL,220.245741307735,0.000000000000,ok,c394284262ba60039e0e66c6ad41c10e412ec18d31dd585ff5e4725d815167fb,1,,,,
JOB,,,./workloads/query_job/15a.sql,PostgreSQL,265.542656183243,0.000000000000,ok,9aa21a8fa13146f60f32bc16ecd4a6803fcf27eb022da89a2a1ee12d269a6b60,1,,,,
JOB,,,./workloads/query_job/15b.sql,PostgreSQL,81.317849457264,0.000000000000,ok,706843969f310473a0308417223dbd3b01f9c23dd72c30ca6a320928a1c6d9a0,1,,,,
JOB,,,./workloads/query_job/15c.sql,PostgreSQL,222.368791699409,0.000000000000,ok,ccbeae6a8faf2d04824c456c2203183322daf192f795408723d36c5edb1403b3,1,,,,
JOB,,,./workloads/query_job/15d.sql,PostgreSQL,174.517065286636,0.000000000000,ok,400b22fc5681b1b57424bd968b6e45956b7d18c499f4d29c205d2e35ea4f6dce,1,,,,
JOB,,,./workloads/query_job/16a.sql,PostgreSQL,103.818394243717,0.000000000000,ok,5e7866f059ade1ecc7539c053e9001f129631370189ded709835f631f7f74aec,1,,,,
JOB,,,./workloads/query_job/16b.sql,PostgreSQL,4485.851302742958,0.000000000000,ok,e0e92607df0264e88da5f9083871abed619eeb2c823f63e087fd52cdc314ff51,1,,,,
JOB,,,./workloads/query_job/16c.sql,PostgreSQL,578.890778124332,0.000000000000,ok,1318f60bc0ac9eb3ca4ac578870bec99e9ac05ece5a440ba30e253efb9ea5aeb,1,,,,
JOB,,,./workloads/query_job/16d.sql,PostgreSQL,533.198110759258,0.000000000000,ok,1318f60bc0ac9eb3ca4ac578870bec99e9ac05ece5a440ba30e253efb9ea5aeb,1,,,,
JOB,,,./workloads/query_job/17a.sql,PostgreSQL,2507.127635180950,0.000000000000,ok,0ad8e3fd85f654cd3e58857928c1de84b0542236603c3f965780600958cb00fd,1,,,,
JOB,,,./workloads/query_job/17b.sql,PostgreSQL,1888.110347092152,0.000000000000,ok,d261aa811c1fd7999d2b6445c232f66701d65e43600c9f12261cd8ddcd1d3c4a,1,,,,
JOB,,,./workloads/query_job/17c.sql,PostgreSQL,1834.834314882755,0.000000000000,ok,9a88922a07f7c94e9dc7a41a5569e86b46ddedb8b21c148635ab47de2133362c,1,,,,
JOB,,,./workloads/query_job/17d.sql,PostgreSQL,1844.942778348923,0.000000000000,ok,9a519542553c082aa22cad711ded801827b50f2fc8a7b5078563cb2b04a7428e,1,,,,
JOB,,,./workloads/query_job/17e.sql,PostgreSQL,2587.251722812653,0.000000000000,ok,7ab5c6f39076c10d198bb7e034d2791fe5211da1d3a4f44aa6cc67cc1612668b,1,,,,
JOB,,,./workloads/query_job/17f.sql,PostgreSQL,2586.075022816658,0.000000000000,ok,920b6b482600d5e100bde41a7665792302f7f5ee9dd0da35273868af81e8948f,1,,,,
JOB,,,./workloads/query_job/18a.sql,PostgreSQL,2141.421884298325,0.000000000000,ok,ecfb7774dba4203cb479110b78eb7163d3c82d04c951ea1a85486d182e4c91fe,1,,,,
JOB,,,./workloads/query_job/18b.sql,PostgreSQL,147.139430046082,0.000000000000,ok,6c5a7e9ebd03f72ecebcc535b399f6c46355fdca3cf8e5325e00a00a7e5c4b60,1,,,,
JOB,,,./workloads/query_job/18c.sql,PostgreSQL,2565.262742340565,0.000000000000,ok,60090bc71590ed5d21114bb1c510335974d4dbdd4d5591383835a3b487def86c,1,,,,
JOB,,,./workloads/query_job/19a.sql,PostgreSQL,711.910001933575,0.000000000000,ok,1f0ca7719cfc34a43e2d3322146638f13989d450c4591afc7b3885613918e4de,1,,,,
JOB,,,./workloads/query_job/19b.sql,PostgreSQL,151.819035410881,0.000000000000,ok,706843969f310473a0308417223dbd3b01f9c23dd72c30ca6a320928a1c6d9a0,1,,,,
JOB,,,./workloads/query_job/19c.sql,PostgreSQL,2861.659914255142,0.000000000000,ok,a2cddc8c88a29a38680b8ada283b5f3068992f23d87261db6a2ed27dc6a1f357,1,,,,
JOB,,,./workloads/query_job/19d.sql,PostgreSQL,4060.408718883991,0.000000000000,ok,f4640dad4cb0008f98d2e1f6170917e4c1951654bb96d1ea80a0516389bb01f6,1,,,,
JOB,,,./workloads/query_job/20a.sql,PostgreSQL,2381.129607558250,0.000000000000,ok,4f78f1a55542d807d5eaabd4ee2244ee9ba0258958f7de1c1ef4598cd5b46ab1,1,,,,
JOB,,,./workloads/query_job/20b.sql,PostgreSQL,450.052678585052,0.000000000000,ok,4f78f1a55542d807d5eaabd4ee2244ee9ba0258958f7de1c1ef4598cd5b46ab1,1,,,,
JOB,,,./workloads/query_job/20c.sql,PostgreSQL,383.623927831650,0.000000000000,ok,38a99301087a183c28cf22b01188557298cc706968f8e977012b73187550cc72,1,,,,
JOB,,,./workloads/query_job/21a.sql,PostgreSQL,37.090063095093,0.000000000000,ok,fa1f095cb852fd0f6f9bf5067b9f057dbbfa7e3a43a13ea9f216a34e120ad9dd,1,,,,
JOB,,,./workloads/query_job/21b.sql,PostgreSQL,20.986638963223,0.000000000000,ok,38cf683886cf6fdc55596ffbf14756cbedd54a4091ef744fb773fc7f37ce3139,1,,,,
JOB,,,./workloads/query_job/21c.sql,PostgreSQL,34.446418285370,0.000000000000,ok,fa1f095cb852fd0f6f9bf5067b9f057dbbfa7e3a43a13ea9f216a34e120ad9dd,1,,,,
JOB,,,./workloads/query_job/22a.sql,PostgreSQL,213.540002703667,0.000000000000,ok,d46d17b837650f954abcf1e13ffb0b549b78b90fdca9af0b4217c98d72d9a285,1,,,,
JOB,,,./workloads/query_job/22b.sql,PostgreSQL,158.879399299622,0.000000000000,ok,26fc9d771d58bb8fe44f5d0471976db43fb3dec4ffd5fdce5a1dc39074fb8702,1,,,,
JOB,,,./workloads/query_job/22c.sql,PostgreSQL,576.577715575695,0.000000000000,ok,b0e39e76d360e9938dbc12ec9d74dadb9189ccac4288643fc8238bbe0af96f6a,1,,,,
JOB,,,./workloads/query_job/22d.sql,PostgreSQL,995.680332183838,0.000000000000,ok,991e8b67081098ca2488bedc79afe1881f2df52affbd0cf95312f4fb04855bd7,1,,,,
JOB,,,./workloads/query_job/23a.sql,PostgreSQL,156.251303851604,0.000000000000,ok,706843969f310473a0308417223dbd3b01f9c23dd72c30ca6a320928a1c6d9a0,1,,,,
JOB,,,./workloads/query_job/23b.sql,PostgreSQL,92.229448258877,0.000000000000,ok,706843969f310473a0308417223dbd3b01f9c23dd72c30ca6a320928a1c6d9a0,1,,,,
JOB,,,./workloads/query_job/23c.sql,PostgreSQL,189.547613263130,0.000000000000,ok,d6d3b9a56435f4fe61ee133589ebd35b7135f05afe08be1125990d58b250e9f9,1,,,,
JOB,,,./workloads/query_job/24a.sql,PostgreSQL,280.149847269058,0.000000000000,ok,f4169f00311267bc5150d6f8f6844c337f2d0c7e1fb16657b848e1aaf95d3d0b,1,,,,
JOB,,,./workloads/query_job/24b.sql,PostgreSQL,145.329788327217,0.000000000000,ok,f4169f00311267bc5150d6f8f6844c337f2d0c7e1fb16657b848e1aaf95d3d0b,1,,,,
JOB,,,./workloads/query_job/25a.sql,PostgreSQL,1433.976411819458,0.000000000000,ok,b8a608853fec3d02ee97899e7d964df35e322857a079b6197318be468f13607d,1,,,,
JOB,,,./workloads/query_job/25b.sql,PostgreSQL,162.346087396145,0.000000000000,ok,91a05f71dbba805aeb9c620210fe2d6ba7c806304be891b740e8be86565d2035,1,,,,
JOB,,,./workloads/query_job/25c.sql,PostgreSQL,2055.974751710892,0.000000000000,ok,44a867aeaec93e48ff940905a8582214be350a680e8ae22ba32217e64ce8a881,1,,,,
JOB,,,./workloads/query_job/26a.sql,PostgreSQL,561.271436512470,0.000000000000,ok,844330d6fb63e80b9ea48d7ae726315f8a32aa6419ba4f30c684782a698ffbcc,1,,,,
JOB,,,./workloads/query_job/26b.sql,PostgreSQL,173.172116279602,0.000000000000,ok,6c8eed2f6420fb49dfd6621c8b45ca766ad5c67fd0cf2e6e15448f8d57798626,1,,,,
JOB,,,./workloads/query_job/26c.sql,PostgreSQL,1569.533899426460,0.000000000000,ok,70b2d9bb4e50528ac0c3c8a30e8429d77bb4bafe1bcefcad39efba8b877d5bc1,1,,,,
JOB,,,./workloads/query_job/27a.sql,PostgreSQL,84.810324013233,0.000000000000,ok,17da2f55cbda32682db3bc710c4a0f0048b6fb05111deffe244b8be90c1e4968,1,,,,
JOB,,,./workloads/query_job/27b.sql,PostgreSQL,96.058912575245,0.000000000000,ok,4eb4e5bb88d274fb571daa3d9537d134ac91e3971795bedfe21b63973b8a983c,1,,,,
JOB,,,./workloads/query_job/27c.sql,PostgreSQL,82.852989435196,0.000000000000,ok,17da2f55cbda32682db3bc710c4a0f0048b6fb05111deffe244b8be90c1e4968,1,,,,
JOB,,,./workloads/query_job/28a.sql,PostgreSQL,509.395033121109,0.000000000000,ok,a48e9dbacd2287778dbe0c0b677f1a0cf702701db28eec4243e6492cdd3419f1,1,,,,
JOB,,,./workloads/query_job/28b.sql,PostgreSQL,393.408641219139,0.000000000000,ok,1504c5fe4b85e0649828523441b52c0f8b7c17598529646d3d732ab63db821f5,1,,,,
JOB,,,./workloads/query_job/28c.sql,PostgreSQL,971.174858510494,0.000000000000,ok,44dba797ea1efc36aabeea4008dbc9aa1fc5ba51b13eea9ae51e14c83fec0272,1,,,,
JOB,,,./workloads/query_job/29a.sql,PostgreSQL,1972.282588481903,0.000000000000,ok,6931843f19cb52122ed461369626a4f45f6b0550fbb8e5608f26c0a53fbfa63e,1,,,,
JOB,,,./workloads/query_job/29b.sql,PostgreSQL,2102.123066782951,0.000000000000,ok,6931843f19cb52122ed461369626a4f45f6b0550fbb8e5608f26c0a53fbfa63e,1,,,,
JOB,,,./workloads/query_job/29c.sql,PostgreSQL,2730.921261012554,0.000000000000,ok,dda4051371e757e998ef0ae58a7591d626e20e99c9eba0772134d56f7a0dd380,1,,,,
JOB,,,./workloads/query_job/30a.sql,PostgreSQL,316.729776561260,0.000000000000,ok,0086e898e573e12549adf0b1ea02a2910149acec275db2476ea8c3b5ab924b8a,1,,,,
JOB,,,./workloads/query_job/30b.sql,PostgreSQL,156.427748501301,0.000000000000,ok,91a05f71dbba805aeb9c620210fe2d6ba7c806304be891b740e8be86565d2035,1,,,,
JOB,,,./workloads/query_job/30c.sql,PostgreSQL,931.583248078823,0.000000000000,ok,988e9db979074bf28709340f9061c1e80dca308d80972ac2966d6e9f10a6fbb4,1,,,,
JOB,,,./workloads/query_job/31a.sql,PostgreSQL,1658.539973199368,0.000000000000,ok,557c6596152087f2ecde682e61b30b5bac904eb76d0cbc67145c757c07268a04,1,,,,
JOB,,,./workloads/query_job/31b.sql,PostgreSQL,211.085267364979,0.000000000000,ok,91a05f71dbba805aeb9c620210fe2d6ba7c806304be891b740e8be86565d2035,1,,,,
JOB,,,./workloads/query_job/31c.sql,PostgreSQL,2354.157783091068,0.000000000000,ok,4bb0b4e1e71ed072b79bfeaa787213a365270086fcc0945a92c27b91b03d8fcb,1,,,,
JOB,,,./workloads/query_job/32a.sql,PostgreSQL,41.172020137310,0.000000000000,ok,38cf683886cf6fdc55596ffbf14756cbedd54a4091ef744fb773fc7f37ce3139,1,,,,
JOB,,,./workloads/query_job/32b.sql,PostgreSQL,77.392794191837,0.000000000000,ok,b333cc3619bf1f1571de519b0273de81b2b291b23e593ad8b8224f32e0573ed2,1,,,,
JOB,,,./workloads/query_job/33a.sql,PostgreSQL,288.766600191593,0.000000000000,ok,d85cda0858ec5526b298952a3cca295b617b84838c8a35c9802ea6504b32690f,1,,,,
JOB,,,./workloads/query_job/33b.sql,PostgreSQL,266.064867377281,0.000000000000,ok,d85cda0858ec5526b298952a3cca295b617b84838c8a35c9802ea6504b32690f,1,,,,
JOB,,,./workloads/query_job/33c.sql,PostgreSQL,200.223147869110,0.000000000000,ok,ce28afdbde06f3d7c4d2687c1982022876a453b23d510fa6c3df51c0dd4eb87b,1,,,,
JOB,random,c,./workloads/query_job/11a.sql,NQO,123.173110187055,81.956364214420,timeout,,,075587253b6998a95cbdb0cc8efd1d9f6a20c47ca2b9959f3be92836a6a90ead,dbd68bb594575518a12b6069a9a5a9d9da32d8c6995e8b6a91f95fc057fb1345,./results/models/job/random/c/best.pt,"[{""action"":{""high_action"":""split"",""order_decision"":""only_cost""},""phase"":""high""}]"
JOB,random,b,./workloads/query_job/10a.sql,NQO,469.083122909069,156.332000000000,ok,8a8a0637c8903a0dc5c530e45fc874c9594090f9826920b5556432f0d8413091,1,ac7069d9b0e2f9bb8b109a18795f12679a4a5a7f82a4e78bc6ed717760f80802,51fa43379bf86d31a19e826bc26ddc0d864a6500417c0572b52263236c02594f,./results/models/job/random/b/best.pt,"[{""action"":{""high_action"":""stop"",""order_decision"":""only_cost""},""phase"":""high""},{""action"":{""search_k"":1,""search_strategy"":""default""},""phase"":""search""},{""action"":{""execution_action"":""none"",""lip_action"":""none""},""phase"":""low""}]"
JOB,random,c,./workloads/query_job/12a.sql,NQO,506.396353244781,302.016000000000,ok,7e45f4646b28e92262bc79b1c100a31366c9cc977a286b3f99fe8570ede4aaea,1,568710b05a22235c8ea59abd39a355a7e0626150f801c18d4f7dffe2482a4e85,670c397c773ad91bdb57be4f40c70e91f5a0600e92df3930e6ffb37b4b401b60,./results/models/job/random/c/best.pt,"[{""action"":{""candidate_id"":1,""schedule_alpha"":0.5},""phase"":""select""},{""action"":{""search_k"":1,""search_strategy"":""default""},""phase"":""search""},{""action"":{""high_action"":""split"",""order_decision"":""only_cost""},""phase"":""high""},{""action"":{""candidate_id"":2,""schedule_alpha"":0.5},""phase"":""select""},{""action"":{""search_k"":1,""search_strategy"":""default""},""phase"":""search""},{""action"":{""execution_action"":""none"",""lip_action"":""none""},""phase"":""low""},{""action"":{""high_action"":""split"",""order_decision"":""only_cost""},""phase"":""high""},{""action"":{""candidate_id"":1,""schedule_alpha"":0.5},""phase"":""select""},{""action"":{""search_k"":1,""search_strategy"":""default""},""phase"":""search""},{""action"":{""execution_action"":""none"",""lip_action"":""none""},""phase"":""low""},{""action"":{""high_action"":""stop"",""order_decision"":""only_cost""},""phase"":""high""},{""action"":{""search_k"":1,""search_strategy"":""default""},""phase"":""search""},{""action"":{""execution_action"":""none"",""lip_action"":""none""},""phase"":""low""}]"
JOB,random,b,./workloads/query_job/10b.sql,NQO,298.541925847530,84.698000000000,ok,706843969f310473a0308417223dbd3b01f9c23dd72c30ca6a320928a1c6d9a0,1,ff901df5e29b5a0f8e3c2a5ca038e414dd02f30e495818ecfa8f2fa151b858db,b5bfe615d77389a283bf128976dbfaab3bdd5d65eb08b468e076ab2c382bea50,./results/models/job/random/b/best.pt,"[{""action"":{""high_action"":""stop"",""order_decision"":""only_cost""},""phase"":""high""},{""action"":{""search_k"":1,""search_strategy"":""default""},""phase"":""search""},{""action"":{""execution_action"":""none"",""lip_action"":""none""},""phase"":""low""}]"
JOB,random,c,./workloads/query_job/13c.sql,NQO,647.968068718910,319.497000000000,ok,6c92afdf2463474643ad9a8b9d6ea56de47b8ed184cb9b8e8ff35ff9de872b10,1,7631d751532bad2dd7457ff032faf7e1239d7b6b2b4dde5a12c8f2b8869b1c6b,5436337a45d5e4f14d9ffe800d455f681baa9af9cf2a2b3be986f50c338f08b5,./results/models/job/random/c/best.pt,"[{""action"":{""high_action"":""split"",""order_decision"":""only_cost""},""phase"":""high""},{""action"":{""candidate_id"":2,""schedule_alpha"":0.5},""phase"":""select""},{""action"":{""search_k"":1,""search_strategy"":""default""},""phase"":""search""},{""action"":{""execution_action"":""none"",""lip_action"":""none""},""phase"":""low""},{""action"":{""high_action"":""split"",""order_decision"":""only_cost""},""phase"":""high""},{""action"":{""candidate_id"":0,""schedule_alpha"":0.5},""phase"":""select""},{""action"":{""search_k"":1,""search_strategy"":""default""},""phase"":""search""},{""action"":{""execution_action"":""conservative"",""lip_action"":""selective""},""phase"":""low""},{""action"":{""high_action"":""split"",""order_decision"":""only_cost""},""phase"":""high""},{""action"":{""candidate_id"":0,""schedule_alpha"":0.5},""phase"":""select""},{""action"":{""search_k"":1,""search_strategy"":""default""},""phase"":""search""},{""action"":{""execution_action"":""none"",""lip_action"":""none""},""phase"":""low""},{""action"":{""high_action"":""stop"",""order_decision"":""only_cost""},""phase"":""high""},{""action"":{""search_k"":1,""search_strategy"":""default""},""phase"":""search""},{""action"":{""execution_action"":""none"",""lip_action"":""none""},""phase"":""low""}]"
JOB,random,c,./workloads/query_job/14a.sql,NQO,518.389515578747,332.940000000000,ok,ea499f627bdc3e4c3b4046bee6c395977034d4bdab2b462f0e972a6b49d6244d,1,2d04b6b711970aa0fba952d32645b17cc560884357408a21c0ec4abd7aa7a834,aec44ea583f5c01c6876f7f95aff0c9abf3b448d38142dc68867648d8b4042fd,./results/models/job/random/c/best.pt,"[{""action"":{""high_action"":""split"",""order_decision"":""only_cost""},""phase"":""high""},{""action"":{""candidate_id"":2,""schedule_alpha"":0.5},""phase"":""select""},{""action"":{""search_k"":1,""search_strategy"":""default""},""phase"":""search""},{""action"":{""execution_action"":""none"",""lip_action"":""none""},""phase"":""low""},{""action"":{""high_action"":""split"",""order_decision"":""only_cost""},""phase"":""high""},{""action"":{""candidate_id"":0,""schedule_alpha"":0.5},""phase"":""select""},{""action"":{""search_k"":1,""search_strategy"":""default""},""phase"":""search""},{""action"":{""execution_action"":""conservative"",""lip_action"":""selective""},""phase"":""low""},{""action"":{""high_action"":""split"",""order_decision"":""only_cost""},""phase"":""high""},{""action"":{""candidate_id"":1,""schedule_alpha"":0.5},""phase"":""select""},{""action"":{""search_k"":1,""search_strategy"":""default""},""phase"":""search""},{""action"":{""execution_action"":""none"",""lip_action"":""none""},""phase"":""low""},{""action"":{""high_action"":""stop"",""order_decision"":""only_cost""},""phase"":""high""},{""action"":{""search_k"":1,""search_strategy"":""default""},""phase"":""search""},{""action"":{""execution_action"":""none"",""lip_action"":""none""},""phase"":""low""}]"
JOB,random,c,./workloads/query_job/15a.sql,NQO,501.904666423798,280.309000000000,ok,9aa21a8fa13146f60f32bc16ecd4a6803fcf27eb022da89a2a1ee12d269a6b60,1,ea81b87fb1e93e32293d7cf412476a04ec36fa0b0c6402903d34fb23f1e1c96b,fc65589ab748230acfb92de2ee4a7e6ce9fe5046c028732620afb858d87a6011,./results/models/job/random/c/best.pt,"[{""action"":{""high_action"":""split"",""order_decision"":""only_cost""},""phase"":""high""},{""action"":{""candidate_id"":2,""schedule_alpha"":0.5},""phase"":""select""},{""action"":{""search_k"":1,""search_strategy"":""default""},""phase"":""search""},{""action"":{""execution_action"":""none"",""lip_action"":""none""},""phase"":""low""},{""action"":{""high_action"":""split"",""order_decision"":""only_cost""},""phase"":""high""},{""action"":{""candidate_id"":1,""schedule_alpha"":0.5},""phase"":""select""},{""action"":{""search_k"":1,""search_strategy"":""default""},""phase"":""search""},{""action"":{""execution_action"":""none"",""lip_action"":""none""},""phase"":""low""},{""action"":{""high_action"":""split"",""order_decision"":""only_cost""},""phase"":""high""},{""action"":{""candidate_id"":0,""schedule_alpha"":0.5},""phase"":""select""},{""action"":{""search_k"":1,""search_strategy"":""default""},""phase"":""search""},{""action"":{""execution_action"":""none"",""lip_action"":""none""},""phase"":""low""},{""action"":{""high_action"":""stop"",""order_decision"":""only_cost""},""phase"":""high""},{""action"":{""search_k"":1,""search_strategy"":""default""},""phase"":""search""},{""action"":{""execution_action"":""none"",""lip_action"":""none""},""phase"":""low""}]"
JOB,random,b,./workloads/query_job/11b.sql,NQO,91.215930879115,48.700839281082,timeout,,,88afff92d465be01ee8a1b02244505e18b279e5e9405c4cdb692b6d4e2e11001,15ad409e20094921d7f4141e83897f9c0daf1fbca9dd302a962f15dfbe83e722,./results/models/job/random/b/best.pt,"[{""action"":{""high_action"":""stop"",""order_decision"":""only_cost""},""phase"":""high""}]"
JOB,random,c,./workloads/query_job/15b.sql,NQO,382.838897407055,270.353000000000,ok,706843969f310473a0308417223dbd3b01f9c23dd72c30ca6a320928a1c6d9a0,1,18705dc4ec89b6b21ee51cae59ab35531ae728160f911edc51a0ef99e49593e5,c03c576bca205a4dd0775f57f28593089d6de00cfe616d1f96e2558d11ddf426,./results/models/job/random/c/best.pt,"[{""action"":{""high_action"":""split"",""order_decision"":""only_cost""},""phase"":""high""},{""action"":{""candidate_id"":1,""schedule_alpha"":0.5},""phase"":""select""},{""action"":{""search_k"":1,""search_strategy"":""default""},""phase"":""search""},{""action"":{""execution_action"":""none"",""lip_action"":""none""},""phase"":""low""},{""action"":{""high_action"":""split"",""order_decision"":""only_cost""},""phase"":""high""},{""action"":{""candidate_id"":1,""schedule_alpha"":0.5},""phase"":""select""},{""action"":{""search_k"":1,""search_strategy"":""default""},""phase"":""search""},{""action"":{""execution_action"":""none"",""lip_action"":""none""},""phase"":""low""},{""action"":{""high_action"":""split"",""order_decision"":""only_cost""},""phase"":""high""},{""action"":{""candidate_id"":0,""schedule_alpha"":0.5},""phase"":""select""},{""action"":{""search_k"":1,""search_strategy"":""default""},""phase"":""search""},{""action"":{""execution_action"":""none"",""lip_action"":""none""},""phase"":""low""},{""action"":{""high_action"":""stop"",""order_decision"":""only_cost""},""phase"":""high""},{""action"":{""search_k"":1,""search_strategy"":""default""},""phase"":""search""},{""action"":{""execution_action"":""none"",""lip_action"":""none""},""phase"":""low""}]"
JOB,random,a,./workloads/query_job/10c.sql,NQO,1917.535811662674,101.643000000000,ok,73b0bf53e0d911a07eeb82a77e0c4d8e572b4a66464eabd6ab74eddeab66e4b6,1,33a1eb2f4c8f8c78f3b41397ae89b5f4a3f02198614920e54129ec73558059f7,63014c38c5e2ca6656d8ff50af6973bc3df18ef15066594157a70dc6e2b6d611,./results/models/job/random/a/best.pt,"[{""action"":{""high_action"":""stop"",""order_decision"":""only_cost""},""phase"":""high""},{""action"":{""search_k"":1,""search_strategy"":""default""},""phase"":""search""},{""action"":{""execution_action"":""conservative"",""lip_action"":""selective""},""phase"":""low""}]"
JOB,random,a,./workloads/query_job/11d.sql,NQO,173.588395118713,106.452000000000,ok,7953a9187057fd7173604021c36eb4e9481567f239b2aeb9843a73ee8c367b4b,1,0fc1b400e76ebc75eeee1b8a375e601157bb919cc07d9d8308a7c8168d750c37,568c1975cbf848eaeefaff879531ba52385fcfc8bb225a9d15adae72373ed8c7,./results/models/job/random/a/best.pt,"[{""action"":{""high_action"":""stop"",""order_decision"":""only_cost""},""phase"":""high""},{""action"":{""search_k"":1,""search_strategy"":""default""},""phase"":""search""},{""action"":{""execution_action"":""none"",""lip_action"":""none""},""phase"":""low""}]"
JOB,random,a,./workloads/query_job/13a.sql,NQO,790.137857198715,114.783000000000,ok,260041f2b274eea1e0ffc9065fd95869ed0b873d8216be51fa8a87abe1dc08b6,1,8c4ad6950f4e726ec0345ce8299b6d60aabb6a9ef25410dfe6c967772e74e358,6a0b2722cc0aca661f198718c4ec6c73124bc47acec08bedfcbb89709f3775d1,./results/models/job/random/a/best.pt,"[{""action"":{""high_action"":""stop"",""order_decision"":""only_cost""},""phase"":""high""},{""action"":{""search_k"":1,""search_strategy"":""default""},""phase"":""search""},{""action"":{""execution_action"":""conservative"",""lip_action"":""selective""},""phase"":""low""}]"
JOB,random,a,./workloads/query_job/13b.sql,NQO,398.531042039394,102.950000000000,ok,18170491b6ba1300d74d5c4cf4749c8d52e76f06f7fed17a25f5fc6979544c84,1,f67977a8ab176da1bdcecc1375be6e64e204fb6a64792e5d85527d018445343b,1f5c1f0a1d509dc8618adbe2ece131b2d9030635e1592f4fe652b1e1eb8ec5f2,./results/models/job/random/a/best.pt,"[{""action"":{""high_action"":""stop"",""order_decision"":""only_cost""},""phase"":""high""},{""action"":{""search_k"":1,""search_strategy"":""default""},""phase"":""search""},{""action"":{""execution_action"":""none"",""lip_action"":""none""},""phase"":""low""}]"
JOB,random,a,./workloads/query_job/13d.sql,NQO,2394.966609776020,105.436000000000,ok,22d25994e23e3809ff9dd5874786aa233c41f4dfcf737f6b845db0652a47c16e,1,4a66d81629d5be93c325fa94d7dfea769f99d6e7b1c9289d1c5ed0300d3fec01,2e2881d864d209cdb4e39b29ee0cb64281bd4f4c4c517506cbe046f056544ad4,./results/models/job/random/a/best.pt,"[{""action"":{""high_action"":""stop"",""order_decision"":""only_cost""},""phase"":""high""},{""action"":{""search_k"":1,""search_strategy"":""default""},""phase"":""search""},{""action"":{""execution_action"":""conservative"",""lip_action"":""selective""},""phase"":""low""}]"
JOB,random,a,./workloads/query_job/15c.sql,NQO,356.893874704838,112.418000000000,ok,ccbeae6a8faf2d04824c456c2203183322daf192f795408723d36c5edb1403b3,1,12b82730a9508b408f51e7f0f36a1404db7a2c65391a52170d8af57a0ff221e6,deb660d6a18000813a8bc5e10ec30dd5223886e2e6fb07d51bd7fe01194fee5e,./results/models/job/random/a/best.pt,"[{""action"":{""high_action"":""stop"",""order_decision"":""only_cost""},""phase"":""high""},{""action"":{""search_k"":1,""search_strategy"":""default""},""phase"":""search""},{""action"":{""execution_action"":""none"",""lip_action"":""none""},""phase"":""low""}]"
JOB,random,b,./workloads/query_job/11c.sql,NQO,179.803304374218,102.646000000000,ok,38cf683886cf6fdc55596ffbf14756cbedd54a4091ef744fb773fc7f37ce3139,1,ef019cdf2bd28b5d6c4b2c7ef937473b977e937571c0d002b1ea7cdc4f10fcb7,1f4ead4824c32651a2d1f8f0ab218ed25666441133352e92c7b1f84105c9a5ed,./results/models/job/random/b/best.pt,"[{""action"":{""search_k"":1,""search_strategy"":""default""},""phase"":""search""},{""action"":{""high_action"":""stop"",""order_decision"":""only_cost""},""phase"":""high""},{""action"":{""search_k"":1,""search_strategy"":""default""},""phase"":""search""},{""action"":{""execution_action"":""none"",""lip_action"":""none""},""phase"":""low""}]"
JOB,random,b,./workloads/query_job/12b.sql,NQO,92.044956982135,80.378726124763,timeout,,,c328f8c68f29e797a3eced09a09c7ae4a900b3a3f200f0c3ac5400d49ba77f96,f5404c69450018fd01b236eee61260fc004688912a3dcccf8a769655099ad6bd,./results/models/job/random/b/best.pt,"[{""action"":{""high_action"":""stop"",""order_decision"":""only_cost""},""phase"":""high""},{""action"":{""search_k"":1,""search_strategy"":""default""},""phase"":""search""}]"
JOB,random,a,./workloads/query_job/17d.sql,NQO,1523.094668984413,216.258000000000,ok,9a519542553c082aa22cad711ded801827b50f2fc8a7b5078563cb2b04a7428e,1,b5f93440c9316a3c2b0ff2a5e2ab9a5de56b03fe631e74633b790e9e7079bb13,7413eb4dce8d94890d26289334a75e91fb60b7f84db301b7258a8fdc83e963be,./results/models/job/random/a/best.pt,"[{""action"":{""high_action"":""split"",""order_decision"":""only_cost""},""phase"":""high""},{""action"":{""candidate_id"":2,""schedule_alpha"":0.5},""phase"":""select""},{""action"":{""search_k"":1,""search_strategy"":""default""},""phase"":""search""},{""action"":{""execution_action"":""none"",""lip_action"":""none""},""phase"":""low""},{""action"":{""high_action"":""split"",""order_decision"":""only_cost""},""phase"":""high""},{""action"":{""candidate_id"":0,""schedule_alpha"":0.5},""phase"":""select""},{""action"":{""search_k"":1,""search_strategy"":""default""},""phase"":""search""},{""action"":{""execution_action"":""none"",""lip_action"":""none""},""phase"":""low""},{""action"":{""high_action"":""stop"",""order_decision"":""only_cost""},""phase"":""high""},{""action"":{""search_k"":1,""search_strategy"":""default""},""phase"":""search""},{""action"":{""execution_action"":""none"",""lip_action"":""none""},""phase"":""low""}]"
JOB,random,a,./workloads/query_job/18b.sql,NQO,489.857807755470,279.027000000000,ok,6c5a7e9ebd03f72ecebcc535b399f6c46355fdca3cf8e5325e00a00a7e5c4b60,1,55705daff028ef1ce9bc3409e3287e9df366f341448f27703d80c86e5cbfef35,6d4cf1bc20564fca73348849758b79054ddc144c4da28a187fa3e8ae477cdac3,./results/models/job/random/a/best.pt,"[{""action"":{""high_action"":""split"",""order_decision"":""only_cost""},""phase"":""high""},{""action"":{""candidate_id"":2,""schedule_alpha"":0.5},""phase"":""select""},{""action"":{""search_k"":1,""search_strategy"":""default""},""phase"":""search""},{""action"":{""execution_action"":""none"",""lip_action"":""none""},""phase"":""low""},{""action"":{""high_action"":""split"",""order_decision"":""only_cost""},""phase"":""high""},{""action"":{""candidate_id"":1,""schedule_alpha"":0.5},""phase"":""select""},{""action"":{""search_k"":1,""search_strategy"":""default""},""phase"":""search""},{""action"":{""execution_action"":""none"",""lip_action"":""none""},""phase"":""low""},{""action"":{""high_action"":""stop"",""order_decision"":""only_cost""},""phase"":""high""},{""action"":{""search_k"":1,""search_strategy"":""default""},""phase"":""search""},{""action"":{""execution_action"":""none"",""lip_action"":""none""},""phase"":""low""}]"
JOB,random,c,./workloads/query_job/16c.sql,NQO,1021.637946367264,310.951000000000,ok,1318f60bc0ac9eb3ca4ac578870bec99e9ac05ece5a440ba30e253efb9ea5aeb,1,4560366a616ec7cadc3ab3006685f5f382ac5352c59aa96e12423331825885d5,6650da47180dc13646b2246f678a034d26c81aa7b2fb9f126df02174f8a853ab,./results/models/job/random/c/best.pt,"[{""action"":{""high_action"":""split"",""order_decision"":""only_cost""},""phase"":""high""},{""action"":{""candidate_id"":3,""schedule_alpha"":0.5},""phase"":""select""},{""action"":{""search_k"":1,""search_strategy"":""default""},""phase"":""search""},{""action"":{""execution_action"":""none"",""lip_action"":""none""},""phase"":""low""},{""action"":{""high_action"":""split"",""order_decision"":""only_cost""},""phase"":""high""},{""action"":{""candidate_id"":2,""schedule_alpha"":0.5},""phase"":""select""},{""action"":{""search_k"":1,""search_strategy"":""default""},""phase"":""search""},{""action"":{""execution_action"":""none"",""lip_action"":""none""},""phase"":""low""},{""action"":{""high_action"":""split"",""order_decision"":""only_cost""},""phase"":""high""},{""action"":{""candidate_id"":1,""schedule_alpha"":0.5},""phase"":""select""},{""action"":{""search_k"":1,""search_strategy"":""default""},""phase"":""search""},{""action"":{""execution_action"":""none"",""lip_action"":""none""},""phase"":""low""},{""action"":{""high_action"":""stop"",""order_decision"":""only_cost""},""phase"":""high""},{""action"":{""search_k"":1,""search_strategy"":""default""},""phase"":""search""},{""action"":{""execution_action"":""none"",""lip_action"":""none""},""phase"":""low""}]"
JOB,random,c,./workloads/query_job/16d.sql,NQO,811.544008553028,188.346000000000,ok,1318f60bc0ac9eb3ca4ac578870bec99e9ac05ece5a440ba30e253efb9ea5aeb,1,404a099440ec7f530970292a8e09f83325f12897333f7e99abf8381b440c4048,f77a28151358df1f993718ed426edf8732e36b18a455c8d137c80e9c41676c02,./results/models/job/random/c/best.pt,"[{""action"":{""high_action"":""split"",""order_decision"":""only_cost""},""phase"":""high""},{""action"":{""candidate_id"":3,""schedule_alpha"":0.5},""phase"":""select""},{""action"":{""search_k"":1,""search_strategy"":""default""},""phase"":""search""},{""action"":{""execution_action"":""none"",""lip_action"":""none""},""phase"":""low""},{""action"":{""high_action"":""split"",""order_decision"":""only_cost""},""phase"":""high""},{""action"":{""candidate_id"":2,""schedule_alpha"":0.5},""phase"":""select""},{""action"":{""search_k"":1,""search_strategy"":""default""},""phase"":""search""},{""action"":{""execution_action"":""none"",""lip_action"":""none""},""phase"":""low""},{""action"":{""high_action"":""split"",""order_decision"":""only_cost""},""phase"":""high""},{""action"":{""candidate_id"":1,""schedule_alpha"":0.5},""phase"":""select""},{""action"":{""search_k"":1,""search_strategy"":""default""},""phase"":""search""},{""action"":{""execution_action"":""none"",""lip_action"":""none""},""phase"":""low""},{""action"":{""high_action"":""stop"",""order_decision"":""only_cost""},""phase"":""high""},{""action"":{""search_k"":1,""search_strategy"":""default""},""phase"":""search""},{""action"":{""execution_action"":""none"",""lip_action"":""none""},""phase"":""low""}]"
JOB,random,a,./workloads/query_job/18c.sql,NQO,1738.172583281994,242.045000000000,ok,60090bc71590ed5d21114bb1c510335974d4dbdd4d5591383835a3b487def86c,1,b6d9d0a3d1884dda2ca1f5b70e41ff22cc5792754256aecbbba53ec87a66fb1f,99db2d29ea22f57325ab9e4b0e7f247862357199f8814c1044b0061ee389237b,./results/models/job/random/a/best.pt,"[{""action"":{""high_action"":""split"",""order_decision"":""only_cost""},""phase"":""high""},{""action"":{""candidate_id"":1,""schedule_alpha"":0.5},""phase"":""select""},{""action"":{""search_k"":1,""search_strategy"":""default""},""phase"":""search""},{""action"":{""execution_action"":""none"",""lip_action"":""none""},""phase"":""low""},{""action"":{""high_action"":""split"",""order_decision"":""only_cost""},""phase"":""high""},{""action"":{""candidate_id"":1,""schedule_alpha"":0.5},""phase"":""select""},{""action"":{""search_k"":1,""search_strategy"":""default""},""phase"":""search""},{""action"":{""execution_action"":""conservative"",""lip_action"":""selective""},""phase"":""low""},{""action"":{""high_action"":""stop"",""order_decision"":""only_cost""},""phase"":""high""},{""action"":{""search_k"":1,""search_strategy"":""default""},""phase"":""search""},{""action"":{""execution_action"":""conservative"",""lip_action"":""selective""},""phase"":""low""}]"
JOB,random,a,./workloads/query_job/19b.sql,NQO,278.112635016441,122.544000000000,ok,706843969f310473a0308417223dbd3b01f9c23dd72c30ca6a320928a1c6d9a0,1,908b348d4612cf437aef2c287faaead857e7a3abc6229fd21d37f8deb521dc1d,16900501aeff3b5f6c47b4a23841cb483659e2c515778c016187fa9dab8f9b1f,./results/models/job/random/a/best.pt,"[{""action"":{""high_action"":""stop"",""order_decision"":""only_cost""},""phase"":""high""},{""action"":{""search_k"":1,""search_strategy"":""default""},""phase"":""search""},{""action"":{""execution_action"":""none"",""lip_action"":""none""},""phase"":""low""}]"
JOB,random,a,./workloads/query_job/19c.sql,NQO,1391.676895320415,352.690000000000,ok,a2cddc8c88a29a38680b8ada283b5f3068992f23d87261db6a2ed27dc6a1f357,1,26f0e1e6fd952f77c350b7b204a0dc67b616d747cad841314a1c921a2f11aed9,3be4ec4be18866f3749f759da5f1112fe439c37899bcdabbc1fbb89149b33032,./results/models/job/random/a/best.pt,"[{""action"":{""high_action"":""split"",""order_decision"":""only_cost""},""phase"":""high""},{""action"":{""candidate_id"":1,""schedule_alpha"":0.5},""phase"":""select""},{""action"":{""search_k"":1,""search_strategy"":""default""},""phase"":""search""},{""action"":{""execution_action"":""none"",""lip_action"":""none""},""phase"":""low""},{""action"":{""high_action"":""split"",""order_decision"":""only_cost""},""phase"":""high""},{""action"":{""candidate_id"":2,""schedule_alpha"":0.5},""phase"":""select""},{""action"":{""search_k"":1,""search_strategy"":""default""},""phase"":""search""},{""action"":{""execution_action"":""none"",""lip_action"":""none""},""phase"":""low""},{""action"":{""high_action"":""split"",""order_decision"":""only_cost""},""phase"":""high""},{""action"":{""candidate_id"":0,""schedule_alpha"":0.5},""phase"":""select""},{""action"":{""search_k"":1,""search_strategy"":""default""},""phase"":""search""},{""action"":{""execution_action"":""none"",""lip_action"":""none""},""phase"":""low""},{""action"":{""high_action"":""stop"",""order_decision"":""only_cost""},""phase"":""high""},{""action"":{""search_k"":1,""search_strategy"":""default""},""phase"":""search""},{""action"":{""execution_action"":""none"",""lip_action"":""none""},""phase"":""low""}]"
JOB,random,a,./workloads/query_job/1a.sql,NQO,95.924213528635,69.000750780106,timeout,,,e99c7fde492af3ab656acc596adb2e7118e36729166f39d0b854b710a6c0c666,1f7dcd2ed2164027bdeae1fb5e5311de768d74f75c36ef16731a838f292126d1,./results/models/job/random/a/best.pt,"[{""action"":{""high_action"":""stop"",""order_decision"":""only_cost""},""phase"":""high""},{""action"":{""search_k"":1,""search_strategy"":""default""},""phase"":""search""},{""action"":{""execution_action"":""conservative"",""lip_action"":""selective""},""phase"":""low""}]"
JOB,random,c,./workloads/query_job/17a.sql,NQO,2032.946415245533,215.177000000000,ok,0ad8e3fd85f654cd3e58857928c1de84b0542236603c3f965780600958cb00fd,1,bd6b978487391b18f7ee3c5265547ece24755ad83e29d1af017967b50871416f,68b130732ebcf4cd84e44c2584b3e2d774e6849723cc0915936c6daab17dc778,./results/models/job/random/c/best.pt,"[{""action"":{""high_action"":""split"",""order_decision"":""only_cost""},""phase"":""high""},{""action"":{""candidate_id"":2,""schedule_alpha"":0.5},""phase"":""select""},{""action"":{""search_k"":1,""search_strategy"":""default""},""phase"":""search""},{""action"":{""execution_action"":""none"",""lip_action"":""none""},""phase"":""low""},{""action"":{""high_action"":""split"",""order_decision"":""only_cost""},""phase"":""high""},{""action"":{""candidate_id"":1,""schedule_alpha"":0.5},""phase"":""select""},{""action"":{""search_k"":1,""search_strategy"":""default""},""phase"":""search""},{""action"":{""execution_action"":""conservative"",""lip_action"":""selective""},""phase"":""low""},{""action"":{""high_action"":""stop"",""order_decision"":""only_cost""},""phase"":""high""},{""action"":{""search_k"":1,""search_strategy"":""default""},""phase"":""search""},{""action"":{""execution_action"":""none"",""lip_action"":""none""},""phase"":""low""}]"
JOB,random,a,./workloads/query_job/20a.sql,NQO,1062.928341329098,343.640000000000,ok,4f78f1a55542d807d5eaabd4ee2244ee9ba0258958f7de1c1ef4598cd5b46ab1,1,c7782f46aca665aadc14652bd5eabb960005565d3e75bfc8a1937d92e875d302,e517b8e1546240d7fc0f7c1cebf9dae4c08691222150a4af07b9801fbd79c4d7,./results/models/job/random/a/best.pt,"[{""action"":{""high_action"":""split"",""order_decision"":""only_cost""},""phase"":""high""},{""action"":{""candidate_id"":2,""schedule_alpha"":0.5},""phase"":""select""},{""action"":{""search_k"":1,""search_strategy"":""default""},""phase"":""search""},{""action"":{""execution_action"":""none"",""lip_action"":""none""},""phase"":""low""},{""action"":{""high_action"":""split"",""order_decision"":""only_cost""},""phase"":""high""},{""action"":{""candidate_id"":2,""schedule_alpha"":0.5},""phase"":""select""},{""action"":{""search_k"":1,""search_strategy"":""default""},""phase"":""search""},{""action"":{""execution_action"":""none"",""lip_action"":""none""},""phase"":""low""},{""action"":{""high_action"":""split"",""order_decision"":""only_cost""},""phase"":""high""},{""action"":{""candidate_id"":0,""schedule_alpha"":0.5},""phase"":""select""},{""action"":{""search_k"":1,""search_strategy"":""default""},""phase"":""search""},{""action"":{""execution_action"":""none"",""lip_action"":""none""},""phase"":""low""},{""action"":{""high_action"":""stop"",""order_decision"":""only_cost""},""phase"":""high""},{""action"":{""search_k"":1,""search_strategy"":""default""},""phase"":""search""},{""action"":{""execution_action"":""none"",""lip_action"":""none""},""phase"":""low""}]"
JOB,random,b,./workloads/query_job/12c.sql,NQO,516.657277941704,94.863000000000,ok,78ba83774ef895c36a4d250ae45d889cde11a52dfe7ea2a953b3efd8a793bdb4,1,cc6386e141fb19ddda37acb7c1c5626c389f7c6feca0041acabb682c8090a0b3,06057f9450f38140a2b46d07e62eb7248140bd31c773ec4222083c09817b6acc,./results/models/job/random/b/best.pt,"[{""action"":{""high_action"":""stop"",""order_decision"":""only_cost""},""phase"":""high""},{""action"":{""search_k"":1,""search_strategy"":""default""},""phase"":""search""},{""action"":{""execution_action"":""none"",""lip_action"":""none""},""phase"":""low""}]"
JOB,random,b,./workloads/query_job/14b.sql,NQO,215.504668653011,106.461000000000,ok,74085e27c595ac219c6257d663e3ccccdf16299520347ac5488a715783f18a41,1,121d206c6363a4ffd4cf47aff185c59916661c8ef540e070afb69a98568b7e6b,b2976da7ff73469d12bd6cd43ddea8b429766c6615a9c1299f1774e736aa873c,./results/models/job/random/b/best.pt,"[{""action"":{""high_action"":""stop"",""order_decision"":""only_cost""},""phase"":""high""},{""action"":{""search_k"":1,""search_strategy"":""default""},""phase"":""search""},{""action"":{""execution_action"":""none"",""lip_action"":""none""},""phase"":""low""}]"
JOB,random,b,./workloads/query_job/14c.sql,NQO,359.402045607567,98.321000000000,ok,c394284262ba60039e0e66c6ad41c10e412ec18d31dd585ff5e4725d815167fb,1,1a466842ad6c49bdc31d6108d76cbb50571b4984a744ad7a1f0fe39b66aa4346,7b3e166f819581e09ac2469be64275a732e4bef5c3a65761cc0aacc6d7d24777,./results/models/job/random/b/best.pt,"[{""action"":{""high_action"":""stop"",""order_decision"":""only_cost""},""phase"":""high""},{""action"":{""search_k"":1,""search_strategy"":""default""},""phase"":""search""},{""action"":{""execution_action"":""none"",""lip_action"":""none""},""phase"":""low""}]"
JOB,random,b,./workloads/query_job/15d.sql,NQO,310.896649956703,108.935000000000,ok,400b22fc5681b1b57424bd968b6e45956b7d18c499f4d29c205d2e35ea4f6dce,1,a8e249c705c8b320e23cee4b17a3dc0227a16e94eaa8fe42ae55de2ec45a3b0a,c9d3653b5fd633cca234a1d651566d556b92a4a61fd768be840bbce3d3576a20,./results/models/job/random/b/best.pt,"[{""action"":{""high_action"":""stop"",""order_decision"":""only_cost""},""phase"":""high""},{""action"":{""search_k"":1,""search_strategy"":""default""},""phase"":""search""},{""action"":{""execution_action"":""none"",""lip_action"":""none""},""phase"":""low""}]"
JOB,random,b,./workloads/query_job/16a.sql,NQO,235.116943717003,107.547000000000,ok,5e7866f059ade1ecc7539c053e9001f129631370189ded709835f631f7f74aec,1,9eac229bfa730f6454154f63b62258c591eb1ce834a6383692b579f1016b4739,21f260eeddb9873ed7c4863e1d48c89ca7ad6afb3720fa8aac6fa0e1db9ef7af,./results/models/job/random/b/best.pt,"[{""action"":{""high_action"":""stop"",""order_decision"":""only_cost""},""phase"":""high""},{""action"":{""search_k"":1,""search_strategy"":""default""},""phase"":""search""},{""action"":{""execution_action"":""none"",""lip_action"":""none""},""phase"":""low""}]"
JOB,random,a,./workloads/query_job/22a.sql,NQO,352.259263396263,118.161000000000,ok,d46d17b837650f954abcf1e13ffb0b549b78b90fdca9af0b4217c98d72d9a285,1,6e5c925cdef7112a67ca6a00f046d184e12c18e7b52bf84e81627e2258b1b355,758e2f6c691abb5c06e1667cad72af8b84a6819966a079a7f960bd86c16223d0,./results/models/job/random/a/best.pt,"[{""action"":{""high_action"":""stop"",""order_decision"":""only_cost""},""phase"":""high""},{""action"":{""search_k"":1,""search_strategy"":""default""},""phase"":""search""},{""action"":{""execution_action"":""none"",""lip_action"":""none""},""phase"":""low""}]"
JOB,random,b,./workloads/query_job/16b.sql,NQO,3693.709746003151,302.928000000000,ok,e0e92607df0264e88da5f9083871abed619eeb2c823f63e087fd52cdc314ff51,1,801d0c6dbb2058b0cec12be0cacbb1c79e3ad84f786341fdba1fb1f23e741c96,c6fca82b9311d5dd36bd3f34b3034ddb02087382f376920f90390515e645774c,./results/models/job/random/b/best.pt,"[{""action"":{""high_action"":""split"",""order_decision"":""only_cost""},""phase"":""high""},{""action"":{""candidate_id"":3,""schedule_alpha"":1.0},""phase"":""select""},{""action"":{""search_k"":1,""search_strategy"":""default""},""phase"":""search""},{""action"":{""execution_action"":""none"",""lip_action"":""none""},""phase"":""low""},{""action"":{""high_action"":""split"",""order_decision"":""only_cost""},""phase"":""high""},{""action"":{""candidate_id"":2,""schedule_alpha"":1.0},""phase"":""select""},{""action"":{""search_k"":1,""search_strategy"":""default""},""phase"":""search""},{""action"":{""execution_action"":""none"",""lip_action"":""none""},""phase"":""low""},{""action"":{""high_action"":""split"",""order_decision"":""only_cost""},""phase"":""high""},{""action"":{""candidate_id"":0,""schedule_alpha"":1.0},""phase"":""select""},{""action"":{""search_k"":1,""search_strategy"":""default""},""phase"":""search""},{""action"":{""execution_action"":""none"",""lip_action"":""none""},""phase"":""low""},{""action"":{""high_action"":""stop"",""order_decision"":""only_cost""},""phase"":""high""},{""action"":{""search_k"":1,""search_strategy"":""default""},""phase"":""search""},{""action"":{""execution_action"":""none"",""lip_action"":""none""},""phase"":""low""}]"
JOB,random,c,./workloads/query_job/17b.sql,NQO,2363.474249839783,189.104000000000,ok,d261aa811c1fd7999d2b6445c232f66701d65e43600c9f12261cd8ddcd1d3c4a,1,e4236c7ea20cfa5d9988096cea59d5e391c6bbad50195b9d039ebf8596a723a4,2eb172f7f98cdb4a860826b251e87711b35b09887ce506f78e7fb62dce63b3cc,./results/models/job/random/c/best.pt,"[{""action"":{""high_action"":""split"",""order_decision"":""only_cost""},""phase"":""high""},{""action"":{""candidate_id"":2,""schedule_alpha"":0.5},""phase"":""select""},{""action"":{""search_k"":1,""search_strategy"":""default""},""phase"":""search""},{""action"":{""execution_action"":""none"",""lip_action"":""none""},""phase"":""low""},{""action"":{""high_action"":""split"",""order_decision"":""only_cost""},""phase"":""high""},{""action"":{""candidate_id"":0,""schedule_alpha"":0.5},""phase"":""select""},{""action"":{""search_k"":1,""search_strategy"":""default""},""phase"":""search""},{""action"":{""execution_action"":""conservative"",""lip_action"":""selective""},""phase"":""low""},{""action"":{""high_action"":""stop"",""order_decision"":""only_cost""},""phase"":""high""},{""action"":{""search_k"":1,""search_strategy"":""default""},""phase"":""search""},{""action"":{""execution_action"":""none"",""lip_action"":""none""},""phase"":""low""}]"
JOB,random,a,./workloads/query_job/22c.sql,NQO,740.386739373207,162.825000000000,ok,b0e39e76d360e9938dbc12ec9d74dadb9189ccac4288643fc8238bbe0af96f6a,1,ead35de04bb6d63d1b80e7feeea8f63962d106bb8820ff557604620143db1bc7,366a8c18787aa014cec1a3084ff0e3f8c0dbf701c96c687753b81218fca122fe,./results/models/job/random/a/best.pt,"[{""action"":{""high_action"":""stop"",""order_decision"":""only_cost""},""phase"":""high""},{""action"":{""search_k"":1,""search_strategy"":""default""},""phase"":""search""},{""action"":{""execution_action"":""none"",""lip_action"":""none""},""phase"":""low""}]"
JOB,random,c,./workloads/query_job/17c.sql,NQO,1047.219537198544,169.160000000000,ok,9a88922a07f7c94e9dc7a41a5569e86b46ddedb8b21c148635ab47de2133362c,1,c37a0bea63c16823e0c786dcd6f70d88404448bb8267dc8feef8b543a8981485,d47cd484e28da88784929c0cd283dd34da9389d884b827605cd5eb0a25d4641b,./results/models/job/random/c/best.pt,"[{""action"":{""high_action"":""split"",""order_decision"":""only_cost""},""phase"":""high""},{""action"":{""candidate_id"":2,""schedule_alpha"":0.5},""phase"":""select""},{""action"":{""search_k"":1,""search_strategy"":""default""},""phase"":""search""},{""action"":{""execution_action"":""none"",""lip_action"":""none""},""phase"":""low""},{""action"":{""high_action"":""split"",""order_decision"":""only_cost""},""phase"":""high""},{""action"":{""candidate_id"":0,""schedule_alpha"":0.5},""phase"":""select""},{""action"":{""search_k"":1,""search_strategy"":""default""},""phase"":""search""},{""action"":{""execution_action"":""none"",""lip_action"":""none""},""phase"":""low""},{""action"":{""high_action"":""stop"",""order_decision"":""only_cost""},""phase"":""high""},{""action"":{""search_k"":1,""search_strategy"":""default""},""phase"":""search""},{""action"":{""execution_action"":""none"",""lip_action"":""none""},""phase"":""low""}]"
JOB,random,a,./workloads/query_job/22d.sql,NQO,1130.144953727722,137.510000000000,ok,991e8b67081098ca2488bedc79afe1881f2df52affbd0cf95312f4fb04855bd7,1,2ce2e351f3a30732f98153d9c2f2684b0e6ab2a193ca1ebae52213774cdb35c4,538ddd7ae7d8aea402f44b77396d0f8f6cbedf573c045cf2e5a950af9ef37975,./results/models/job/random/a/best.pt,"[{""action"":{""high_action"":""stop"",""order_decision"":""only_cost""},""phase"":""high""},{""action"":{""search_k"":1,""search_strategy"":""default""},""phase"":""search""},{""action"":{""execution_action"":""none"",""lip_action"":""none""},""phase"":""low""}]"
JOB,random,c,./workloads/query_job/17e.sql,NQO,2073.077365756035,170.922000000000,ok,7ab5c6f39076c10d198bb7e034d2791fe5211da1d3a4f44aa6cc67cc1612668b,1,0aad9ca3fada158bea45b5de99fb9bf151ff45eea7a04e6915c5929702f5bed4,142fc30f740396764cd34ccf7df2a171e61ff74aa8f3c64249b7ba54ce1cc8b4,./results/models/job/random/c/best.pt,"[{""action"":{""high_action"":""split"",""order_decision"":""only_cost""},""phase"":""high""},{""action"":{""candidate_id"":2,""schedule_alpha"":0.5},""phase"":""select""},{""action"":{""search_k"":1,""search_strategy"":""default""},""phase"":""search""},{""action"":{""execution_action"":""none"",""lip_action"":""none""},""phase"":""low""},{""action"":{""high_action"":""split"",""order_decision"":""only_cost""},""phase"":""high""},{""action"":{""candidate_id"":1,""schedule_alpha"":0.5},""phase"":""select""},{""action"":{""search_k"":1,""search_strategy"":""default""},""phase"":""search""},{""action"":{""execution_action"":""conservative"",""lip_action"":""selective""},""phase"":""low""},{""action"":{""high_action"":""stop"",""order_decision"":""only_cost""},""phase"":""high""},{""action"":{""search_k"":1,""search_strategy"":""default""},""phase"":""search""},{""action"":{""execution_action"":""none"",""lip_action"":""none""},""phase"":""low""}]"
JOB,random,b,./workloads/query_job/17f.sql,NQO,2509.271718561649,228.840000000000,ok,920b6b482600d5e100bde41a7665792302f7f5ee9dd0da35273868af81e8948f,1,61d5a412edfee85b5d87145000947ae73fa6f2b812e0b24bcf7f5d752ecfddaa,9edf20810986aa3ddf23bb6e5bc08dbe09e19de03043d74004a3abf43af097b0,./results/models/job/random/b/best.pt,"[{""action"":{""high_action"":""split"",""order_decision"":""only_cost""},""phase"":""high""},{""action"":{""candidate_id"":2,""schedule_alpha"":1.0},""phase"":""select""},{""action"":{""search_k"":1,""search_strategy"":""default""},""phase"":""search""},{""action"":{""execution_action"":""none"",""lip_action"":""none""},""phase"":""low""},{""action"":{""high_action"":""split"",""order_decision"":""only_cost""},""phase"":""high""},{""action"":{""candidate_id"":1,""schedule_alpha"":1.0},""phase"":""select""},{""action"":{""search_k"":1,""search_strategy"":""default""},""phase"":""search""},{""action"":{""execution_action"":""none"",""lip_action"":""none""},""phase"":""low""},{""action"":{""high_action"":""stop"",""order_decision"":""only_cost""},""phase"":""high""},{""action"":{""search_k"":1,""search_strategy"":""default""},""phase"":""search""},{""action"":{""execution_action"":""none"",""lip_action"":""none""},""phase"":""low""}]"
JOB,random,a,./workloads/query_job/23b.sql,NQO,254.291847348213,155.035000000000,ok,706843969f310473a0308417223dbd3b01f9c23dd72c30ca6a320928a1c6d9a0,1,8526f5dbfc39b9523484968edd7c367817cd8a60176220d86d19cbc410a50585,60496d2a26d7d6311f0c23bb2d3f7a28220604ca2a92831d86098f989be748e6,./results/models/job/random/a/best.pt,"[{""action"":{""high_action"":""stop"",""order_decision"":""only_cost""},""phase"":""high""},{""action"":{""search_k"":1,""search_strategy"":""default""},""phase"":""search""},{""action"":{""execution_action"":""none"",""lip_action"":""none""},""phase"":""low""}]"
JOB,random,a,./workloads/query_job/26b.sql,NQO,566.001676023006,422.353000000000,ok,6c8eed2f6420fb49dfd6621c8b45ca766ad5c67fd0cf2e6e15448f8d57798626,1,d5a5324de263892b77af10a0be8ebe2d5afe6fe814a0fd63544b3762eba2bde7,4814995833bb75fd1534677fd581bf811f22107c632ee522be12aaafa4d5c0f2,./results/models/job/random/a/best.pt,"[{""action"":{""high_action"":""split"",""order_decision"":""only_cost""},""phase"":""high""},{""action"":{""candidate_id"":3,""schedule_alpha"":0.5},""phase"":""select""},{""action"":{""search_k"":1,""search_strategy"":""default""},""phase"":""search""},{""action"":{""execution_action"":""none"",""lip_action"":""none""},""phase"":""low""},{""action"":{""high_action"":""split"",""order_decision"":""only_cost""},""phase"":""high""},{""action"":{""candidate_id"":2,""schedule_alpha"":0.5},""phase"":""select""},{""action"":{""search_k"":1,""search_strategy"":""default""},""phase"":""search""},{""action"":{""execution_action"":""none"",""lip_action"":""none""},""phase"":""low""},{""action"":{""high_action"":""split"",""order_decision"":""only_cost""},""phase"":""high""},{""action"":{""candidate_id"":2,""schedule_alpha"":0.5},""phase"":""select""},{""action"":{""search_k"":1,""search_strategy"":""default""},""phase"":""search""},{""action"":{""execution_action"":""none"",""lip_action"":""none""},""phase"":""low""},{""action"":{""high_action"":""split"",""order_decision"":""only_cost""},""phase"":""high""},{""action"":{""candidate_id"":0,""schedule_alpha"":0.5},""phase"":""select""},{""action"":{""search_k"":1,""search_strategy"":""default""},""phase"":""search""},{""action"":{""execution_action"":""none"",""lip_action"":""none""},""phase"":""low""},{""action"":{""high_action"":""stop"",""order_decision"":""only_cost""},""phase"":""high""},{""action"":{""search_k"":1,""search_strategy"":""default""},""phase"":""search""},{""action"":{""execution_action"":""none"",""lip_action"":""none""},""phase"":""low""}]"
JOB,random,c,./workloads/query_job/19d.sql,NQO,2314.232259988785,313.257000000000,ok,f4640dad4cb0008f98d2e1f6170917e4c1951654bb96d1ea80a0516389bb01f6,1,1a66f0ce9c9a6a157aee37c8cc690b5796c2c83da29e75498b6929f4d70b0a3f,72a146584abc5179e9b6b8cbccc42c680adbf8106ee7ed46824d2e0147bad298,./results/models/job/random/c/best.pt,"[{""action"":{""high_action"":""split"",""order_decision"":""only_cost""},""phase"":""high""},{""action"":{""candidate_id"":1,""schedule_alpha"":0.5},""phase"":""select""},{""action"":{""search_k"":1,""search_strategy"":""default""},""phase"":""search""},{""action"":{""execution_action"":""none"",""lip_action"":""none""},""phase"":""low""},{""action"":{""high_action"":""split"",""order_decision"":""only_cost""},""phase"":""high""},{""action"":{""candidate_id"":2,""schedule_alpha"":0.5},""phase"":""select""},{""action"":{""search_k"":1,""search_strategy"":""default""},""phase"":""search""},{""action"":{""execution_action"":""conservative"",""lip_action"":""selective""},""phase"":""low""},{""action"":{""high_action"":""split"",""order_decision"":""only_cost""},""phase"":""high""},{""action"":{""candidate_id"":0,""schedule_alpha"":0.5},""phase"":""select""},{""action"":{""search_k"":1,""search_strategy"":""default""},""phase"":""search""},{""action"":{""execution_action"":""none"",""lip_action"":""none""},""phase"":""low""},{""action"":{""high_action"":""stop"",""order_decision"":""only_cost""},""phase"":""high""},{""action"":{""search_k"":1,""search_strategy"":""default""},""phase"":""search""},{""action"":{""execution_action"":""conservative"",""lip_action"":""selective""},""phase"":""low""}]"
JOB,random,b,./workloads/query_job/18a.sql,NQO,2062.179796397686,258.271000000000,ok,ecfb7774dba4203cb479110b78eb7163d3c82d04c951ea1a85486d182e4c91fe,1,0379be3f0d82c93a7ffc3529ccfc7dbfe49a9c138c494acbdc90bf0db90ce446,1c68dd12557e54b40cda6f06eef57b65dd0a70610ba131f6d4ee77430cf4939b,./results/models/job/random/b/best.pt,"[{""action"":{""high_action"":""split"",""order_decision"":""only_cost""},""phase"":""high""},{""action"":{""candidate_id"":2,""schedule_alpha"":1.0},""phase"":""select""},{""action"":{""search_k"":1,""search_strategy"":""default""},""phase"":""search""},{""action"":{""execution_action"":""none"",""lip_action"":""none""},""phase"":""low""},{""action"":{""high_action"":""split"",""order_decision"":""only_cost""},""phase"":""high""},{""action"":{""candidate_id"":1,""schedule_alpha"":1.0},""phase"":""select""},{""action"":{""search_k"":1,""search_strategy"":""default""},""phase"":""search""},{""action"":{""execution_action"":""none"",""lip_action"":""none""},""phase"":""low""},{""action"":{""high_action"":""stop"",""order_decision"":""only_cost""},""phase"":""high""},{""action"":{""search_k"":1,""search_strategy"":""default""},""phase"":""search""},{""action"":{""execution_action"":""none"",""lip_action"":""none""},""phase"":""low""}]"
JOB,random,a,./workloads/query_job/28c.sql,NQO,2843.342319130898,150.925000000000,ok,44dba797ea1efc36aabeea4008dbc9aa1fc5ba51b13eea9ae51e14c83fec0272,1,bc52de333e0416faf04cf7120b520430dd37b53e7a9a277074fdf6bac5a49e8d,9dead240fb5665793a9dcc2627a54eb932dd3a951320712cf5ecfd9ef767be53,./results/models/job/random/a/best.pt,"[{""action"":{""high_action"":""stop"",""order_decision"":""only_cost""},""phase"":""high""},{""action"":{""search_k"":1,""search_strategy"":""default""},""phase"":""search""},{""action"":{""execution_action"":""conservative"",""lip_action"":""selective""},""phase"":""low""}]"
JOB,random,a,./workloads/query_job/2a.sql,NQO,308.637402951717,79.037000000000,ok,926b05773671feeb0bc0c29c32e155c6a95ebf9c8354f34eb0a420c86dcd2587,1,b5a801abca237249a2f4874208bbf493bd97765509db038071300f4383ce6531,063537bc4daee73b8eae6b765118ce403e8ce7a67aff90297621058e6b227e56,./results/models/job/random/a/best.pt,"[{""action"":{""high_action"":""stop"",""order_decision"":""only_cost""},""phase"":""high""},{""action"":{""search_k"":1,""search_strategy"":""default""},""phase"":""search""},{""action"":{""execution_action"":""none"",""lip_action"":""none""},""phase"":""low""}]"
JOB,random,b,./workloads/query_job/19a.sql,NQO,779.701255261898,116.796000000000,ok,1f0ca7719cfc34a43e2d3322146638f13989d450c4591afc7b3885613918e4de,1,d5fcc8739e3cfde536b41a5f95f7036e6fb32449eb21d80c417610510f56fc4b,bed0eff2696c034efa1f7429a05d723ae2d137c0fc4ae8c5452750869a1ea6f2,./results/models/job/random/b/best.pt,"[{""action"":{""high_action"":""stop"",""order_decision"":""only_cost""},""phase"":""high""},{""action"":{""search_k"":1,""search_strategy"":""default""},""phase"":""search""},{""action"":{""execution_action"":""none"",""lip_action"":""none""},""phase"":""low""}]"
JOB,random,b,./workloads/query_job/1d.sql,NQO,38.390718400480,30.487589538097,timeout,,,201b0e9cbcdc4c679eb75691b18dc68454e74a8bdabb36bdb8c98c671242aaca,fb7487dc0a15bb329205abc0d6f2b02dbf047c436b1db0945f472feb439a6a3c,./results/models/job/random/b/best.pt,"[{""action"":{""high_action"":""stop"",""order_decision"":""only_cost""},""phase"":""high""}]"
JOB,random,a,./workloads/query_job/30b.sql,NQO,638.750486075878,423.031000000000,ok,91a05f71dbba805aeb9c620210fe2d6ba7c806304be891b740e8be86565d2035,1,2fd031ef2fb82a34dfb82bdefa3a9bc59994cc687dcc192689c0e8edb0d7771b,63774bdf87ebd30a805a64651ff9407b0c7b035769525ebd5cda7c5a216869f8,./results/models/job/random/a/best.pt,"[{""action"":{""high_action"":""split"",""order_decision"":""only_cost""},""phase"":""high""},{""action"":{""candidate_id"":4,""schedule_alpha"":0.5},""phase"":""select""},{""action"":{""search_k"":1,""search_strategy"":""default""},""phase"":""search""},{""action"":{""execution_action"":""none"",""lip_action"":""none""},""phase"":""low""},{""action"":{""high_action"":""split"",""order_decision"":""only_cost""},""phase"":""high""},{""action"":{""candidate_id"":0,""schedule_alpha"":0.5},""phase"":""select""},{""action"":{""search_k"":1,""search_strategy"":""default""},""phase"":""search""},{""action"":{""execution_action"":""none"",""lip_action"":""none""},""phase"":""low""},{""action"":{""high_action"":""split"",""order_decision"":""only_cost""},""phase"":""high""},{""action"":{""candidate_id"":2,""schedule_alpha"":0.5},""phase"":""select""},{""action"":{""search_k"":1,""search_strategy"":""default""},""phase"":""search""},{""action"":{""execution_action"":""none"",""lip_action"":""none""},""phase"":""low""},{""action"":{""high_action"":""split"",""order_decision"":""only_cost""},""phase"":""high""},{""action"":{""candidate_id"":1,""schedule_alpha"":0.5},""phase"":""select""},{""action"":{""search_k"":1,""search_strategy"":""default""},""phase"":""search""},{""action"":{""execution_action"":""none"",""lip_action"":""none""},""phase"":""low""},{""action"":{""high_action"":""stop"",""order_decision"":""only_cost""},""phase"":""high""},{""action"":{""search_k"":1,""search_strategy"":""default""},""phase"":""search""},{""action"":{""execution_action"":""none"",""lip_action"":""none""},""phase"":""low""}]"
JOB,random,b,./workloads/query_job/20b.sql,NQO,794.854901731014,327.763000000000,ok,4f78f1a55542d807d5eaabd4ee2244ee9ba0258958f7de1c1ef4598cd5b46ab1,1,7350a37122aed2a28218d2e86003405eb97c6f722be962620ad4f1466097eaff,ae4bc452bc3b399ac100cb77d7b56f216fc5fd49940ea0a92885f613aa20f2db,./results/models/job/random/b/best.pt,"[{""action"":{""high_action"":""split"",""order_decision"":""only_cost""},""phase"":""high""},{""action"":{""candidate_id"":0,""schedule_alpha"":1.0},""phase"":""select""},{""action"":{""search_k"":1,""search_strategy"":""default""},""phase"":""search""},{""action"":{""execution_action"":""none"",""lip_action"":""none""},""phase"":""low""},{""action"":{""high_action"":""split"",""order_decision"":""only_cost""},""phase"":""high""},{""action"":{""candidate_id"":0,""schedule_alpha"":1.0},""phase"":""select""},{""action"":{""search_k"":1,""search_strategy"":""default""},""phase"":""search""},{""action"":{""execution_action"":""none"",""lip_action"":""none""},""phase"":""low""},{""action"":{""high_action"":""split"",""order_decision"":""only_cost""},""phase"":""high""},{""action"":{""candidate_id"":1,""schedule_alpha"":1.0},""phase"":""select""},{""action"":{""search_k"":1,""search_strategy"":""default""},""phase"":""search""},{""action"":{""execution_action"":""none"",""lip_action"":""none""},""phase"":""low""},{""action"":{""high_action"":""stop"",""order_decision"":""only_cost""},""phase"":""high""},{""action"":{""search_k"":1,""search_strategy"":""default""},""phase"":""search""},{""action"":{""execution_action"":""none"",""lip_action"":""none""},""phase"":""low""}]"
JOB,random,b,./workloads/query_job/22b.sql,NQO,297.589205205441,113.251000000000,ok,26fc9d771d58bb8fe44f5d0471976db43fb3dec4ffd5fdce5a1dc39074fb8702,1,082bfff33238104da0ebf7b24e8e03fe22c4dfec0cf84c2d900226d7dea226c1,3bdaa1b3d0132d3e5ea3657facdf399178e302806e043ebffb7d7b548a819516,./results/models/job/random/b/best.pt,"[{""action"":{""high_action"":""stop"",""order_decision"":""only_cost""},""phase"":""high""},{""action"":{""search_k"":1,""search_strategy"":""default""},""phase"":""search""},{""action"":{""execution_action"":""none"",""lip_action"":""none""},""phase"":""low""}]"
JOB,random,b,./workloads/query_job/23c.sql,NQO,623.322114348412,397.158000000000,ok,d6d3b9a56435f4fe61ee133589ebd35b7135f05afe08be1125990d58b250e9f9,1,890e74b832cfe4d7939243a89dd0e857325b5f493efefff4404ebc80bf5fa4ad,dba6a9eeaba8be2b479c95490c8bda808dc97cdf2fd3e3947810ac865d57461b,./results/models/job/random/b/best.pt,"[{""action"":{""high_action"":""split"",""order_decision"":""only_cost""},""phase"":""high""},{""action"":{""candidate_id"":2,""schedule_alpha"":0.5},""phase"":""select""},{""action"":{""search_k"":1,""search_strategy"":""default""},""phase"":""search""},{""action"":{""execution_action"":""none"",""lip_action"":""none""},""phase"":""low""},{""action"":{""high_action"":""split"",""order_decision"":""only_cost""},""phase"":""high""},{""action"":{""candidate_id"":1,""schedule_alpha"":1.0},""phase"":""select""},{""action"":{""search_k"":1,""search_strategy"":""default""},""phase"":""search""},{""action"":{""execution_action"":""none"",""lip_action"":""none""},""phase"":""low""},{""action"":{""high_action"":""split"",""order_decision"":""only_cost""},""phase"":""high""},{""action"":{""candidate_id"":0,""schedule_alpha"":1.0},""phase"":""select""},{""action"":{""search_k"":1,""search_strategy"":""default""},""phase"":""search""},{""action"":{""execution_action"":""none"",""lip_action"":""none""},""phase"":""low""},{""action"":{""high_action"":""split"",""order_decision"":""only_cost""},""phase"":""high""},{""action"":{""candidate_id"":1,""schedule_alpha"":1.0},""phase"":""select""},{""action"":{""search_k"":1,""search_strategy"":""default""},""phase"":""search""},{""action"":{""execution_action"":""none"",""lip_action"":""none""},""phase"":""low""},{""action"":{""high_action"":""stop"",""order_decision"":""only_cost""},""phase"":""high""},{""action"":{""search_k"":1,""search_strategy"":""default""},""phase"":""search""},{""action"":{""execution_action"":""none"",""lip_action"":""none""},""phase"":""low""}]"
JOB,random,b,./workloads/query_job/24a.sql,NQO,426.485769450665,160.602000000000,ok,f4169f00311267bc5150d6f8f6844c337f2d0c7e1fb16657b848e1aaf95d3d0b,1,604d47d21780eed9be2380d94df64efdf2af1da41f31fef71711327c92856743,e77b6bf82ecb9ef5cda10c88e96a124abc699a3b813a8dc3db319a281c357528,./results/models/job/random/b/best.pt,"[{""action"":{""high_action"":""stop"",""order_decision"":""only_cost""},""phase"":""high""},{""action"":{""search_k"":1,""search_strategy"":""default""},""phase"":""search""},{""action"":{""execution_action"":""none"",""lip_action"":""none""},""phase"":""low""}]"
JOB,random,a,./workloads/query_job/30c.sql,NQO,1080.754250288010,469.052000000000,ok,988e9db979074bf28709340f9061c1e80dca308d80972ac2966d6e9f10a6fbb4,1,fc09cb4ef2a939a083e9edca08d9b57a76a09984966167503ca127b0b8b667ce,882c9e13449e26e85ceb7e4f4488f0015cd63982cc7536246669c85a70fb2e99,./results/models/job/random/a/best.pt,"[{""action"":{""high_action"":""split"",""order_decision"":""only_cost""},""phase"":""high""},{""action"":{""candidate_id"":4,""schedule_alpha"":0.5},""phase"":""select""},{""action"":{""search_k"":1,""search_strategy"":""default""},""phase"":""search""},{""action"":{""execution_action"":""none"",""lip_action"":""none""},""phase"":""low""},{""action"":{""high_action"":""split"",""order_decision"":""only_cost""},""phase"":""high""},{""action"":{""candidate_id"":0,""schedule_alpha"":0.5},""phase"":""select""},{""action"":{""search_k"":1,""search_strategy"":""default""},""phase"":""search""},{""action"":{""execution_action"":""none"",""lip_action"":""none""},""phase"":""low""},{""action"":{""high_action"":""split"",""order_decision"":""only_cost""},""phase"":""high""},{""action"":{""candidate_id"":2,""schedule_alpha"":0.5},""phase"":""select""},{""action"":{""search_k"":1,""search_strategy"":""default""},""phase"":""search""},{""action"":{""execution_action"":""none"",""lip_action"":""none""},""phase"":""low""},{""action"":{""high_action"":""split"",""order_decision"":""only_cost""},""phase"":""high""},{""action"":{""candidate_id"":1,""schedule_alpha"":0.5},""phase"":""select""},{""action"":{""search_k"":1,""search_strategy"":""default""},""phase"":""search""},{""action"":{""execution_action"":""none"",""lip_action"":""none""},""phase"":""low""},{""action"":{""high_action"":""stop"",""order_decision"":""only_cost""},""phase"":""high""},{""action"":{""search_k"":1,""search_strategy"":""default""},""phase"":""search""},{""action"":{""execution_action"":""none"",""lip_action"":""none""},""phase"":""low""}]"
JOB,random,c,./workloads/query_job/1b.sql,NQO,53.701475262640,24.491846561432,timeout,,,d47b9f94f6fb6968cc5a741fe80abf31ada3f82d34b65fcc2bf82d17fa54b58e,0d71c8e5a0f782196b153186c55f2eff36bcc11d2bca6c6c30897f8d076ead5c,./results/models/job/random/c/best.pt,"[{""action"":{""high_action"":""split"",""order_decision"":""only_cost""},""phase"":""high""}]"
JOB,random,c,./workloads/query_job/1c.sql,NQO,78.493058681490,114.698007702827,timeout,,,1797d1a35a58e6afc408992a7a006d54c12f5dbc2f7ad72c3bc33214340ff578,41c906b24345500d2b65ba02325c9e687fc3a396b925d67c6f40e4bc603abb84,./results/models/job/random/c/best.pt,"[{""action"":{""candidate_id"":1,""schedule_alpha"":0.5},""phase"":""select""},{""action"":{""high_action"":""split"",""order_decision"":""only_cost""},""phase"":""high""},{""action"":{""search_k"":1,""search_strategy"":""default""},""phase"":""search""}]"
JOB,random,a,./workloads/query_job/31c.sql,NQO,795.027263462543,427.843000000000,ok,4bb0b4e1e71ed072b79bfeaa787213a365270086fcc0945a92c27b91b03d8fcb,1,85ab202e0783371e185d53bf92cc3a733691822d1e047a6cf5b1c060c26a4034,27fe0815b9975a9210b1681b9b270a32169483fc40a39d22a4669f95d6c1596e,./results/models/job/random/a/best.pt,"[{""action"":{""high_action"":""split"",""order_decision"":""only_cost""},""phase"":""high""},{""action"":{""candidate_id"":4,""schedule_alpha"":0.5},""phase"":""select""},{""action"":{""search_k"":1,""search_strategy"":""default""},""phase"":""search""},{""action"":{""execution_action"":""none"",""lip_action"":""none""},""phase"":""low""},{""action"":{""high_action"":""split"",""order_decision"":""only_cost""},""phase"":""high""},{""action"":{""candidate_id"":1,""schedule_alpha"":0.5},""phase"":""select""},{""action"":{""search_k"":1,""search_strategy"":""default""},""phase"":""search""},{""action"":{""execution_action"":""none"",""lip_action"":""none""},""phase"":""low""},{""action"":{""high_action"":""split"",""order_decision"":""only_cost""},""phase"":""high""},{""action"":{""candidate_id"":2,""schedule_alpha"":0.5},""phase"":""select""},{""action"":{""search_k"":1,""search_strategy"":""default""},""phase"":""search""},{""action"":{""execution_action"":""none"",""lip_action"":""none""},""phase"":""low""},{""action"":{""high_action"":""split"",""order_decision"":""only_cost""},""phase"":""high""},{""action"":{""candidate_id"":1,""schedule_alpha"":0.5},""phase"":""select""},{""action"":{""search_k"":1,""search_strategy"":""default""},""phase"":""search""},{""action"":{""execution_action"":""none"",""lip_action"":""none""},""phase"":""low""},{""action"":{""high_action"":""stop"",""order_decision"":""only_cost""},""phase"":""high""},{""action"":{""search_k"":1,""search_strategy"":""default""},""phase"":""search""},{""action"":{""execution_action"":""none"",""lip_action"":""none""},""phase"":""low""}]"
JOB,random,b,./workloads/query_job/25c.sql,NQO,1292.432352900505,350.504000000000,ok,44a867aeaec93e48ff940905a8582214be350a680e8ae22ba32217e64ce8a881,1,b120687813e2222514ed67f33ff643e37320d489f87146a50ae640d875c289dc,f3ec1edd0ddb0f86e64ffae61e689be13cba050abce6d0bcbfa69bd82ae4bd41,./results/models/job/random/b/best.pt,"[{""action"":{""high_action"":""split"",""order_decision"":""only_cost""},""phase"":""high""},{""action"":{""candidate_id"":3,""schedule_alpha"":1.0},""phase"":""select""},{""action"":{""search_k"":1,""search_strategy"":""default""},""phase"":""search""},{""action"":{""execution_action"":""none"",""lip_action"":""none""},""phase"":""low""},{""action"":{""high_action"":""split"",""order_decision"":""only_cost""},""phase"":""high""},{""action"":{""candidate_id"":2,""schedule_alpha"":1.0},""phase"":""select""},{""action"":{""search_k"":1,""search_strategy"":""default""},""phase"":""search""},{""action"":{""execution_action"":""none"",""lip_action"":""none""},""phase"":""low""},{""action"":{""high_action"":""split"",""order_decision"":""only_cost""},""phase"":""high""},{""action"":{""candidate_id"":1,""schedule_alpha"":1.0},""phase"":""select""},{""action"":{""search_k"":1,""search_strategy"":""default""},""phase"":""search""},{""action"":{""execution_action"":""none"",""lip_action"":""none""},""phase"":""low""},{""action"":{""high_action"":""stop"",""order_decision"":""only_cost""},""phase"":""high""},{""action"":{""search_k"":1,""search_strategy"":""default""},""phase"":""search""},{""action"":{""execution_action"":""none"",""lip_action"":""none""},""phase"":""low""}]"
JOB,random,c,./workloads/query_job/20c.sql,NQO,763.584516942501,316.744000000000,ok,38a99301087a183c28cf22b01188557298cc706968f8e977012b73187550cc72,1,70fb6a7f1609b639450a4372c5b3e4acfbc5e08f8c3b94aa48ec5c0e57889887,12e9dabed831261a2b3d0ca142b00375a1790c07b1e0e3dfaaea2c4769bc1149,./results/models/job/random/c/best.pt,"[{""action"":{""search_k"":1,""search_strategy"":""default""},""phase"":""search""},{""action"":{""candidate_id"":0,""schedule_alpha"":0.5},""phase"":""select""},{""action"":{""high_action"":""split"",""order_decision"":""only_cost""},""phase"":""high""},{""action"":{""candidate_id"":2,""schedule_alpha"":0.5},""phase"":""select""},{""action"":{""search_k"":1,""search_strategy"":""default""},""phase"":""search""},{""action"":{""execution_action"":""none"",""lip_action"":""none""},""phase"":""low""},{""action"":{""high_action"":""split"",""order_decision"":""only_cost""},""phase"":""high""},{""action"":{""candidate_id"":2,""schedule_alpha"":0.5},""phase"":""select""},{""action"":{""search_k"":1,""search_strategy"":""default""},""phase"":""search""},{""action"":{""execution_action"":""conservative"",""lip_action"":""selective""},""phase"":""low""},{""action"":{""high_action"":""split"",""order_decision"":""only_cost""},""phase"":""high""},{""action"":{""candidate_id"":0,""schedule_alpha"":0.5},""phase"":""select""},{""action"":{""search_k"":1,""search_strategy"":""default""},""phase"":""search""},{""action"":{""execution_action"":""conservative"",""lip_action"":""selective""},""phase"":""low""},{""action"":{""high_action"":""stop"",""order_decision"":""only_cost""},""phase"":""high""},{""action"":{""search_k"":1,""search_strategy"":""default""},""phase"":""search""},{""action"":{""execution_action"":""none"",""lip_action"":""none""},""phase"":""low""}]"
JOB,random,a,./workloads/query_job/32a.sql,NQO,132.175162434578,81.131000000000,ok,38cf683886cf6fdc55596ffbf14756cbedd54a4091ef744fb773fc7f37ce3139,1,30b3385e3189cf6b31700f0d2ed7904cd557748bcd23ec0a2e487e97255b3680,3d7a1f4a0fc51f96565c092874631fea1920dfbe40c8bddd4103416bea0f0cd8,./results/models/job/random/a/best.pt,"[{""action"":{""high_action"":""stop"",""order_decision"":""only_cost""},""phase"":""high""},{""action"":{""search_k"":1,""search_strategy"":""default""},""phase"":""search""},{""action"":{""execution_action"":""none"",""lip_action"":""none""},""phase"":""low""}]"
JOB,random,c,./workloads/query_job/21a.sql,NQO,185.450315475465,113.655701279640,timeout,,,e3194f2e5e41b3ddd7eb160f28cddd8f8f4980ec272c60662055ff56e1838511,a40ad6e266ea4e025d3ed54113eaf9301e17b6da9fc6a2eea59bd41a393cd0bc,./results/models/job/random/c/best.pt,"[{""action"":{""high_action"":""split"",""order_decision"":""only_cost""},""phase"":""high""},{""action"":{""candidate_id"":2,""schedule_alpha"":0.5},""phase"":""select""},{""action"":{""search_k"":1,""search_strategy"":""default""},""phase"":""search""},{""action"":{""execution_action"":""none"",""lip_action"":""none""},""phase"":""low""}]"
JOB,random,b,./workloads/query_job/26a.sql,NQO,810.734391212463,454.909000000000,ok,844330d6fb63e80b9ea48d7ae726315f8a32aa6419ba4f30c684782a698ffbcc,1,3c528415d1fea1ee172f24d7a34d3b24893af363f7f6370971c9af1e6d240949,20186bf50d930198ee1c0fc7db113088a676f1905dd1cec0a1c3cb84a06a8081,./results/models/job/random/b/best.pt,"[{""action"":{""high_action"":""split"",""order_decision"":""only_cost""},""phase"":""high""},{""action"":{""candidate_id"":0,""schedule_alpha"":1.0},""phase"":""select""},{""action"":{""search_k"":1,""search_strategy"":""default""},""phase"":""search""},{""action"":{""execution_action"":""none"",""lip_action"":""none""},""phase"":""low""},{""action"":{""high_action"":""split"",""order_decision"":""only_cost""},""phase"":""high""},{""action"":{""candidate_id"":0,""schedule_alpha"":1.0},""phase"":""select""},{""action"":{""search_k"":1,""search_strategy"":""default""},""phase"":""search""},{""action"":{""execution_action"":""none"",""lip_action"":""none""},""phase"":""low""},{""action"":{""high_action"":""split"",""order_decision"":""only_cost""},""phase"":""high""},{""action"":{""candidate_id"":1,""schedule_alpha"":1.0},""phase"":""select""},{""action"":{""search_k"":1,""search_strategy"":""default""},""phase"":""search""},{""action"":{""execution_action"":""none"",""lip_action"":""none""},""phase"":""low""},{""action"":{""high_action"":""split"",""order_decision"":""only_cost""},""phase"":""high""},{""action"":{""candidate_id"":1,""schedule_alpha"":1.0},""phase"":""select""},{""action"":{""search_k"":1,""search_strategy"":""default""},""phase"":""search""},{""action"":{""execution_action"":""none"",""lip_action"":""none""},""phase"":""low""},{""action"":{""high_action"":""stop"",""order_decision"":""only_cost""},""phase"":""high""},{""action"":{""search_k"":1,""search_strategy"":""default""},""phase"":""search""},{""action"":{""execution_action"":""none"",""lip_action"":""none""},""phase"":""low""}]"
JOB,random,b,./workloads/query_job/27a.sql,NQO,424.051620066165,366.977000000000,timeout,,,34819f27439199d9d587d9971735484fa46ae1b22c4eb5e6504f68f7ce503939,89d5885bf90742fe03ccc47f53e41ec253f9e95fda15022b3dc33bc898416ece,./results/models/job/random/b/best.pt,"[{""action"":{""high_action"":""split"",""order_decision"":""only_cost""},""phase"":""high""},{""action"":{""candidate_id"":4,""schedule_alpha"":1.0},""phase"":""select""},{""action"":{""search_k"":1,""search_strategy"":""default""},""phase"":""search""},{""action"":{""execution_action"":""none"",""lip_action"":""none""},""phase"":""low""},{""action"":{""high_action"":""split"",""order_decision"":""only_cost""},""phase"":""high""},{""action"":{""candidate_id"":0,""schedule_alpha"":1.0},""phase"":""select""},{""action"":{""search_k"":1,""search_strategy"":""default""},""phase"":""search""},{""action"":{""execution_action"":""none"",""lip_action"":""none""},""phase"":""low""},{""action"":{""high_action"":""split"",""order_decision"":""only_cost""},""phase"":""high""},{""action"":{""candidate_id"":0,""schedule_alpha"":1.0},""phase"":""select""},{""action"":{""search_k"":1,""search_strategy"":""default""},""phase"":""search""},{""action"":{""execution_action"":""none"",""lip_action"":""none""},""phase"":""low""},{""action"":{""high_action"":""split"",""order_decision"":""only_cost""},""phase"":""high""},{""action"":{""candidate_id"":0,""schedule_alpha"":1.0},""phase"":""select""},{""action"":{""search_k"":1,""search_strategy"":""default""},""phase"":""search""},{""action"":{""execution_action"":""none"",""lip_action"":""none""},""phase"":""low""}]"
JOB,random,a,./workloads/query_job/33a.sql,NQO,1443.833000957965,165.613323450089,timeout,,,c591eec007f0b6a9f658827e1e66d2fb2e1800ac4459ce04c2f1fac45b415ce8,ff1e98528cc0bb10b2041a6bbdfbe6885cbeba05c3547c1a076d59639eaf78a6,./results/models/job/random/a/best.pt,"[{""action"":{""high_action"":""stop"",""order_decision"":""only_cost""},""phase"":""high""},{""action"":{""search_k"":1,""search_strategy"":""default""},""phase"":""search""},{""action"":{""execution_action"":""conservative"",""lip_action"":""selective""},""phase"":""low""}]"
JOB,random,b,./workloads/query_job/27c.sql,NQO,414.264947175980,330.389000000000,timeout,,,e2b2cda5c403043e8966d67aa0fd181b3a0764754ba2ce6c04de7d4951c749e4,a60ced6fd01e5857573cff65c11467e40406799d4cece4cd0d9a0f9e93c4cc8c,./results/models/job/random/b/best.pt,"[{""action"":{""high_action"":""stop"",""order_decision"":""only_cost""},""phase"":""high""},{""action"":{""high_action"":""split"",""order_decision"":""only_cost""},""phase"":""high""},{""action"":{""candidate_id"":4,""schedule_alpha"":1.0},""phase"":""select""},{""action"":{""search_k"":1,""search_strategy"":""default""},""phase"":""search""},{""action"":{""execution_action"":""none"",""lip_action"":""none""},""phase"":""low""},{""action"":{""high_action"":""split"",""order_decision"":""only_cost""},""phase"":""high""},{""action"":{""candidate_id"":0,""schedule_alpha"":1.0},""phase"":""select""},{""action"":{""search_k"":1,""search_strategy"":""default""},""phase"":""search""},{""action"":{""execution_action"":""none"",""lip_action"":""none""},""phase"":""low""},{""action"":{""high_action"":""split"",""order_decision"":""only_cost""},""phase"":""high""},{""action"":{""candidate_id"":0,""schedule_alpha"":1.0},""phase"":""select""},{""action"":{""search_k"":1,""search_strategy"":""default""},""phase"":""search""},{""action"":{""execution_action"":""none"",""lip_action"":""none""},""phase"":""low""},{""action"":{""high_action"":""split"",""order_decision"":""only_cost""},""phase"":""high""},{""action"":{""candidate_id"":0,""schedule_alpha"":1.0},""phase"":""select""},{""action"":{""search_k"":1,""search_strategy"":""default""},""phase"":""search""},{""action"":{""execution_action"":""none"",""lip_action"":""none""},""phase"":""low""},{""action"":{""high_action"":""stop"",""order_decision"":""only_cost""},""phase"":""high""},{""action"":{""search_k"":1,""search_strategy"":""default""},""phase"":""search""}]"
JOB,random,a,./workloads/query_job/33b.sql,NQO,439.827516674995,156.986000000000,ok,d85cda0858ec5526b298952a3cca295b617b84838c8a35c9802ea6504b32690f,1,cf6b7522b93e58e9428764d0ba271b3bb3866ce99ff1bd27165edbaea4b3677c,e32cc1d5509cf831b5ca1d13e017235b4d8ec62fde231eaf6a6241a36f967304,./results/models/job/random/a/best.pt,"[{""action"":{""high_action"":""stop"",""order_decision"":""only_cost""},""phase"":""high""},{""action"":{""search_k"":1,""search_strategy"":""default""},""phase"":""search""},{""action"":{""execution_action"":""none"",""lip_action"":""none""},""phase"":""low""}]"
JOB,random,c,./workloads/query_job/21b.sql,NQO,104.933194816115,78.957043588161,timeout,,,9be8c87c0ed521a57903d8da57c55459449ee5d6892ac7684a54a25bd5e6ba82,b99c90524eedb858e08fa0b1e9c081c0ef8f0c6fdb9a126de417ee9cb6050501,./results/models/job/random/c/best.pt,"[{""action"":{""high_action"":""split"",""order_decision"":""only_cost""},""phase"":""high""},{""action"":{""candidate_id"":2,""schedule_alpha"":0.5},""phase"":""select""}]"
JOB,random,a,./workloads/query_job/3b.sql,NQO,172.388017177582,88.712000000000,ok,4f78f1a55542d807d5eaabd4ee2244ee9ba0258958f7de1c1ef4598cd5b46ab1,1,bf15eaeaa17e398f20a7c920261b19d43f3c9e1046eee117ef47f28934b4edf2,0732f97d16c14aa42240d9cc6a71b673871c1dde170bc03bb0920909affd31a7,./results/models/job/random/a/best.pt,"[{""action"":{""high_action"":""stop"",""order_decision"":""only_cost""},""phase"":""high""},{""action"":{""search_k"":1,""search_strategy"":""default""},""phase"":""search""},{""action"":{""execution_action"":""none"",""lip_action"":""none""},""phase"":""low""}]"
JOB,random,c,./workloads/query_job/21c.sql,NQO,172.232091426850,172.546654939651,timeout,,,299e8b704b54b9e53df1eb3b2c722419e460e25ecd5a5c88cd7944e5f6edf797,38a8b397587e51047a925c4b562e1fd3b8180a1d3a8cb8e9acabb1ff13a0cdf6,./results/models/job/random/c/best.pt,"[{""action"":{""search_k"":1,""search_strategy"":""default""},""phase"":""search""},{""action"":{""execution_action"":""none"",""lip_action"":""none""},""phase"":""low""},{""action"":{""high_action"":""split"",""order_decision"":""only_cost""},""phase"":""high""},{""action"":{""candidate_id"":2,""schedule_alpha"":0.5},""phase"":""select""},{""action"":{""search_k"":1,""search_strategy"":""default""},""phase"":""search""},{""action"":{""execution_action"":""none"",""lip_action"":""none""},""phase"":""low""}]"
JOB,random,b,./workloads/query_job/28b.sql,NQO,751.811236143112,541.982000000000,ok,1504c5fe4b85e0649828523441b52c0f8b7c17598529646d3d732ab63db821f5,1,b425f8a504c0f4474ad35d03c34ae0b38b97b4cbddb373c6f61d575eb702c48c,51634a201bea0eef2d5bdbfc1e8580ff5a5c3f47c3dac40cc74a8f625e0246d7,./results/models/job/random/b/best.pt,"[{""action"":{""execution_action"":""none"",""lip_action"":""none""},""phase"":""low""},{""action"":{""high_action"":""split"",""order_decision"":""only_cost""},""phase"":""high""},{""action"":{""candidate_id"":4,""schedule_alpha"":1.0},""phase"":""select""},{""action"":{""search_k"":1,""search_strategy"":""default""},""phase"":""search""},{""action"":{""execution_action"":""none"",""lip_action"":""none""},""phase"":""low""},{""action"":{""high_action"":""split"",""order_decision"":""only_cost""},""phase"":""high""},{""action"":{""candidate_id"":1,""schedule_alpha"":1.0},""phase"":""select""},{""action"":{""search_k"":1,""search_strategy"":""default""},""phase"":""search""},{""action"":{""execution_action"":""none"",""lip_action"":""none""},""phase"":""low""},{""action"":{""high_action"":""split"",""order_decision"":""only_cost""},""phase"":""high""},{""action"":{""candidate_id"":0,""schedule_alpha"":1.0},""phase"":""select""},{""action"":{""search_k"":1,""search_strategy"":""default""},""phase"":""search""},{""action"":{""execution_action"":""none"",""lip_action"":""none""},""phase"":""low""},{""action"":{""high_action"":""split"",""order_decision"":""only_cost""},""phase"":""high""},{""action"":{""candidate_id"":2,""schedule_alpha"":1.0},""phase"":""select""},{""action"":{""search_k"":1,""search_strategy"":""default""},""phase"":""search""},{""action"":{""execution_action"":""none"",""lip_action"":""none""},""phase"":""low""},{""action"":{""high_action"":""split"",""order_decision"":""only_cost""},""phase"":""high""},{""action"":{""candidate_id"":0,""schedule_alpha"":1.0},""phase"":""select""},{""action"":{""search_k"":1,""search_strategy"":""default""},""phase"":""search""},{""action"":{""execution_action"":""none"",""lip_action"":""none""},""phase"":""low""},{""action"":{""high_action"":""stop"",""order_decision"":""only_cost""},""phase"":""high""},{""action"":{""search_k"":1,""search_strategy"":""default""},""phase"":""search""},{""action"":{""execution_action"":""none"",""lip_action"":""none""},""phase"":""low""}]"
JOB,random,c,./workloads/query_job/23a.sql,NQO,635.320492088795,397.003000000000,ok,706843969f310473a0308417223dbd3b01f9c23dd72c30ca6a320928a1c6d9a0,1,6e1c094c1b8eab0717228b59c986a33e2bbf98a7e07e4944821b81f200b29c8a,3bdc85e3a6794d9380a2c0d810e76ec4600ea3e1a5ff8ae82c1aff5691f19a12,./results/models/job/random/c/best.pt,"[{""action"":{""high_action"":""split"",""order_decision"":""only_cost""},""phase"":""high""},{""action"":{""candidate_id"":2,""schedule_alpha"":0.5},""phase"":""select""},{""action"":{""search_k"":1,""search_strategy"":""default""},""phase"":""search""},{""action"":{""execution_action"":""none"",""lip_action"":""none""},""phase"":""low""},{""action"":{""high_action"":""split"",""order_decision"":""only_cost""},""phase"":""high""},{""action"":{""candidate_id"":1,""schedule_alpha"":0.5},""phase"":""select""},{""action"":{""search_k"":1,""search_strategy"":""default""},""phase"":""search""},{""action"":{""execution_action"":""conservative"",""lip_action"":""selective""},""phase"":""low""},{""action"":{""high_action"":""split"",""order_decision"":""only_cost""},""phase"":""high""},{""action"":{""candidate_id"":0,""schedule_alpha"":0.5},""phase"":""select""},{""action"":{""search_k"":1,""search_strategy"":""default""},""phase"":""search""},{""action"":{""execution_action"":""conservative"",""lip_action"":""selective""},""phase"":""low""},{""action"":{""high_action"":""split"",""order_decision"":""only_cost""},""phase"":""high""},{""action"":{""candidate_id"":0,""schedule_alpha"":0.5},""phase"":""select""},{""action"":{""search_k"":1,""search_strategy"":""default""},""phase"":""search""},{""action"":{""execution_action"":""none"",""lip_action"":""none""},""phase"":""low""},{""action"":{""high_action"":""stop"",""order_decision"":""only_cost""},""phase"":""high""},{""action"":{""search_k"":1,""search_strategy"":""default""},""phase"":""search""},{""action"":{""execution_action"":""none"",""lip_action"":""none""},""phase"":""low""}]"
JOB,random,b,./workloads/query_job/29b.sql,NQO,765.702150762081,644.951000000000,ok,6931843f19cb52122ed461369626a4f45f6b0550fbb8e5608f26c0a53fbfa63e,1,f8d2f0db4264bb873cc9434660a66716b0a91d7f881772548d8ca23693bee584,32d978bc19620b86ab28d7084b2e01ad8445a39c2d2c6d1a0b5d419c6f83575f,./results/models/job/random/b/best.pt,"[{""action"":{""high_action"":""split"",""order_decision"":""only_cost""},""phase"":""high""},{""action"":{""candidate_id"":5,""schedule_alpha"":1.0},""phase"":""select""},{""action"":{""search_k"":1,""search_strategy"":""default""},""phase"":""search""},{""action"":{""execution_action"":""none"",""lip_action"":""none""},""phase"":""low""},{""action"":{""high_action"":""split"",""order_decision"":""only_cost""},""phase"":""high""},{""action"":{""candidate_id"":1,""schedule_alpha"":1.0},""phase"":""select""},{""action"":{""search_k"":1,""search_strategy"":""default""},""phase"":""search""},{""action"":{""execution_action"":""none"",""lip_action"":""none""},""phase"":""low""},{""action"":{""high_action"":""split"",""order_decision"":""only_cost""},""phase"":""high""},{""action"":{""candidate_id"":2,""schedule_alpha"":1.0},""phase"":""select""},{""action"":{""search_k"":1,""search_strategy"":""default""},""phase"":""search""},{""action"":{""execution_action"":""none"",""lip_action"":""none""},""phase"":""low""},{""action"":{""high_action"":""split"",""order_decision"":""only_cost""},""phase"":""high""},{""action"":{""candidate_id"":2,""schedule_alpha"":1.0},""phase"":""select""},{""action"":{""search_k"":1,""search_strategy"":""default""},""phase"":""search""},{""action"":{""execution_action"":""none"",""lip_action"":""none""},""phase"":""low""},{""action"":{""high_action"":""split"",""order_decision"":""only_cost""},""phase"":""high""},{""action"":{""candidate_id"":1,""schedule_alpha"":1.0},""phase"":""select""},{""action"":{""search_k"":1,""search_strategy"":""default""},""phase"":""search""},{""action"":{""execution_action"":""none"",""lip_action"":""none""},""phase"":""low""},{""action"":{""high_action"":""split"",""order_decision"":""only_cost""},""phase"":""high""},{""action"":{""candidate_id"":0,""schedule_alpha"":1.0},""phase"":""select""},{""action"":{""search_k"":1,""search_strategy"":""default""},""phase"":""search""},{""action"":{""execution_action"":""none"",""lip_action"":""none""},""phase"":""low""},{""action"":{""high_action"":""stop"",""order_decision"":""only_cost""},""phase"":""high""},{""action"":{""search_k"":1,""search_strategy"":""default""},""phase"":""search""},{""action"":{""execution_action"":""none"",""lip_action"":""none""},""phase"":""low""}]"
JOB,random,c,./workloads/query_job/24b.sql,NQO,556.250534951687,434.522000000000,ok,f4169f00311267bc5150d6f8f6844c337f2d0c7e1fb16657b848e1aaf95d3d0b,1,600c3ad83e65a545d7fcb6524f471c195c41531e7bc0d56095e305da19d0aec9,f13fc639dd41f1cf9c6fe17d743d359ded8622d172d5c75745bf4b3047f1a6c6,./results/models/job/random/c/best.pt,"[{""action"":{""high_action"":""split"",""order_decision"":""only_cost""},""phase"":""high""},{""action"":{""candidate_id"":4,""schedule_alpha"":0.5},""phase"":""select""},{""action"":{""search_k"":1,""search_strategy"":""default""},""phase"":""search""},{""action"":{""execution_action"":""none"",""lip_action"":""none""},""phase"":""low""},{""action"":{""high_action"":""split"",""order_decision"":""only_cost""},""phase"":""high""},{""action"":{""candidate_id"":2,""schedule_alpha"":0.5},""phase"":""select""},{""action"":{""search_k"":1,""search_strategy"":""default""},""phase"":""search""},{""action"":{""execution_action"":""none"",""lip_action"":""none""},""phase"":""low""},{""action"":{""high_action"":""split"",""order_decision"":""only_cost""},""phase"":""high""},{""action"":{""candidate_id"":2,""schedule_alpha"":0.5},""phase"":""select""},{""action"":{""search_k"":1,""search_strategy"":""default""},""phase"":""search""},{""action"":{""execution_action"":""none"",""lip_action"":""none""},""phase"":""low""},{""action"":{""high_action"":""split"",""order_decision"":""only_cost""},""phase"":""high""},{""action"":{""candidate_id"":1,""schedule_alpha"":0.5},""phase"":""select""},{""action"":{""search_k"":1,""search_strategy"":""default""},""phase"":""search""},{""action"":{""execution_action"":""none"",""lip_action"":""none""},""phase"":""low""},{""action"":{""high_action"":""stop"",""order_decision"":""only_cost""},""phase"":""high""},{""action"":{""search_k"":1,""search_strategy"":""default""},""phase"":""search""},{""action"":{""execution_action"":""none"",""lip_action"":""none""},""phase"":""low""}]"
JOB,random,b,./workloads/query_job/2b.sql,NQO,306.147761642933,93.956000000000,ok,6b5e89621644dd75b4340f92341b72d950b8d446017fd778034cedf23d21f2ed,1,8f15de9c4eabc3514295c59fb00d6feb6760b17faf2ab33369849ff6fdbde329,ec870bca7e5c2b223ebc050bb1e240540e8d9f76eb11c59e683b4bbc226f20c2,./results/models/job/random/b/best.pt,"[{""action"":{""high_action"":""stop"",""order_decision"":""only_cost""},""phase"":""high""},{""action"":{""search_k"":1,""search_strategy"":""default""},""phase"":""search""},{""action"":{""execution_action"":""none"",""lip_action"":""none""},""phase"":""low""}]"
JOB,random,a,./workloads/query_job/3c.sql,NQO,239.049330353737,74.528000000000,ok,bf1a3680f7ce525911e550ac09a5a1784d65a0fa6f605bc437d5c6098af0c2af,1,d37f3ea74a94c1db7692557c5a766e00a6abec32e21eb400c358016f60e387ad,9a20108f420b294cb8615fd09a4ae58f42c541d825ba2556c32cd90c0ed89a2e,./results/models/job/random/a/best.pt,"[{""action"":{""high_action"":""stop"",""order_decision"":""only_cost""},""phase"":""high""},{""action"":{""search_k"":1,""search_strategy"":""default""},""phase"":""search""},{""action"":{""execution_action"":""none"",""lip_action"":""none""},""phase"":""low""}]"
JOB,random,b,./workloads/query_job/2c.sql,NQO,305.566504597664,92.474000000000,ok,4f78f1a55542d807d5eaabd4ee2244ee9ba0258958f7de1c1ef4598cd5b46ab1,1,4a7a02db9ade2e00f2e89955e755c2444c3d19a0e4c42096215e172747de3150,4e95060e49f1e43262b386125767fc034c14e321b0447a4b2169ca743a1e5410,./results/models/job/random/b/best.pt,"[{""action"":{""high_action"":""stop"",""order_decision"":""only_cost""},""phase"":""high""},{""action"":{""search_k"":1,""search_strategy"":""default""},""phase"":""search""},{""action"":{""execution_action"":""none"",""lip_action"":""none""},""phase"":""low""}]"
JOB,random,b,./workloads/query_job/2d.sql,NQO,379.601784050465,87.652000000000,ok,5d9b14ce41ade9856b228a9571b81fa301bfc1f43ec9ee069d7e980a162e322c,1,0b4aacf5dbf9b5bbca04551bbbe48e9e0ce8ce88a0517419671b6cf7592a0389,40823855e84f32449b5e27d58831539888b7b1ab5f962ce7d0c7b99b9752c2d7,./results/models/job/random/b/best.pt,"[{""action"":{""high_action"":""stop"",""order_decision"":""only_cost""},""phase"":""high""},{""action"":{""search_k"":1,""search_strategy"":""default""},""phase"":""search""},{""action"":{""execution_action"":""none"",""lip_action"":""none""},""phase"":""low""}]"
JOB,random,b,./workloads/query_job/3a.sql,NQO,194.066777825356,74.790000000000,ok,a25bbd029f290d8d4a4e3950235e37dcf0d344d9b660b168a71b99126ced242e,1,b6a90e561698f88b5d45b6550e00cae30e4adfe7ec24f29c19719b134a2fd816,97931cd9e057bd0159cd230645726d784cb0163b4a32b96fdafd7226d89d8491,./results/models/job/random/b/best.pt,"[{""action"":{""high_action"":""stop"",""order_decision"":""only_cost""},""phase"":""high""},{""action"":{""search_k"":1,""search_strategy"":""default""},""phase"":""search""},{""action"":{""execution_action"":""none"",""lip_action"":""none""},""phase"":""low""}]"
JOB,random,c,./workloads/query_job/25a.sql,NQO,960.106894373894,354.068000000000,ok,b8a608853fec3d02ee97899e7d964df35e322857a079b6197318be468f13607d,1,0921cdbe7cf89841b695fabce03e5eb4c3eb30516ee5f67e3da533c9221cb446,d7d6221c9c513fde9fbede6527296519654b9bf68afd9e8c612ba9f594317c16,./results/models/job/random/c/best.pt,"[{""action"":{""high_action"":""split"",""order_decision"":""only_cost""},""phase"":""high""},{""action"":{""candidate_id"":3,""schedule_alpha"":0.5},""phase"":""select""},{""action"":{""search_k"":1,""search_strategy"":""default""},""phase"":""search""},{""action"":{""execution_action"":""none"",""lip_action"":""none""},""phase"":""low""},{""action"":{""high_action"":""split"",""order_decision"":""only_cost""},""phase"":""high""},{""action"":{""candidate_id"":1,""schedule_alpha"":0.5},""phase"":""select""},{""action"":{""search_k"":1,""search_strategy"":""default""},""phase"":""search""},{""action"":{""execution_action"":""none"",""lip_action"":""none""},""phase"":""low""},{""action"":{""high_action"":""split"",""order_decision"":""only_cost""},""phase"":""high""},{""action"":{""candidate_id"":1,""schedule_alpha"":0.5},""phase"":""select""},{""action"":{""search_k"":1,""search_strategy"":""default""},""phase"":""search""},{""action"":{""execution_action"":""none"",""lip_action"":""none""},""phase"":""low""},{""action"":{""high_action"":""stop"",""order_decision"":""only_cost""},""phase"":""high""},{""action"":{""search_k"":1,""search_strategy"":""default""},""phase"":""search""},{""action"":{""execution_action"":""none"",""lip_action"":""none""},""phase"":""low""}]"
JOB,random,c,./workloads/query_job/25b.sql,NQO,450.087018311024,271.331000000000,ok,91a05f71dbba805aeb9c620210fe2d6ba7c806304be891b740e8be86565d2035,1,8f34af9162653ea2b40dd216d669b385f44a411d852e10eebd6a7d0de5acbd3c,49de99ad170689d39ecb9b363c2b2e11f9771e34d3df9d91492d5ebac6be13b1,./results/models/job/random/c/best.pt,"[{""action"":{""high_action"":""split"",""order_decision"":""only_cost""},""phase"":""high""},{""action"":{""candidate_id"":3,""schedule_alpha"":0.5},""phase"":""select""},{""action"":{""search_k"":1,""search_strategy"":""default""},""phase"":""search""},{""action"":{""execution_action"":""none"",""lip_action"":""none""},""phase"":""low""},{""action"":{""high_action"":""split"",""order_decision"":""only_cost""},""phase"":""high""},{""action"":{""candidate_id"":2,""schedule_alpha"":0.5},""phase"":""select""},{""action"":{""search_k"":1,""search_strategy"":""default""},""phase"":""search""},{""action"":{""execution_action"":""none"",""lip_action"":""none""},""phase"":""low""},{""action"":{""high_action"":""split"",""order_decision"":""only_cost""},""phase"":""high""},{""action"":{""candidate_id"":1,""schedule_alpha"":0.5},""phase"":""select""},{""action"":{""search_k"":1,""search_strategy"":""default""},""phase"":""search""},{""action"":{""execution_action"":""none"",""lip_action"":""none""},""phase"":""low""},{""action"":{""high_action"":""stop"",""order_decision"":""only_cost""},""phase"":""high""},{""action"":{""search_k"":1,""search_strategy"":""default""},""phase"":""search""},{""action"":{""execution_action"":""none"",""lip_action"":""none""},""phase"":""low""}]"
JOB,random,c,./workloads/query_job/26c.sql,NQO,820.940665900707,385.856000000000,ok,70b2d9bb4e50528ac0c3c8a30e8429d77bb4bafe1bcefcad39efba8b877d5bc1,1,5c3df7965e9f13c232750505510f15b9c2a1f0a53a8a0a1736c9058fb6866b6e,a491d4326e194c8fcff50757db2d80e8d99ae177e8f1d564d73fdb22de896e7c,./results/models/job/random/c/best.pt,"[{""action"":{""high_action"":""split"",""order_decision"":""only_cost""},""phase"":""high""},{""action"":{""candidate_id"":3,""schedule_alpha"":0.5},""phase"":""select""},{""action"":{""search_k"":1,""search_strategy"":""default""},""phase"":""search""},{""action"":{""execution_action"":""none"",""lip_action"":""none""},""phase"":""low""},{""action"":{""high_action"":""split"",""order_decision"":""only_cost""},""phase"":""high""},{""action"":{""candidate_id"":2,""schedule_alpha"":0.5},""phase"":""select""},{""action"":{""search_k"":1,""search_strategy"":""default""},""phase"":""search""},{""action"":{""execution_action"":""conservative"",""lip_action"":""selective""},""phase"":""low""},{""action"":{""high_action"":""split"",""order_decision"":""only_cost""},""phase"":""high""},{""action"":{""candidate_id"":0,""schedule_alpha"":0.5},""phase"":""select""},{""action"":{""search_k"":1,""search_strategy"":""default""},""phase"":""search""},{""action"":{""execution_action"":""conservative"",""lip_action"":""selective""},""phase"":""low""},{""action"":{""high_action"":""split"",""order_decision"":""only_cost""},""phase"":""high""},{""action"":{""candidate_id"":1,""schedule_alpha"":0.5},""phase"":""select""},{""action"":{""search_k"":1,""search_strategy"":""default""},""phase"":""search""},{""action"":{""execution_action"":""none"",""lip_action"":""none""},""phase"":""low""},{""action"":{""high_action"":""stop"",""order_decision"":""only_cost""},""phase"":""high""},{""action"":{""search_k"":1,""search_strategy"":""default""},""phase"":""search""},{""action"":{""execution_action"":""none"",""lip_action"":""none""},""phase"":""low""}]"
JOB,random,a,./workloads/query_job/4a.sql,NQO,183.969698846340,88.360000000000,ok,7c1f395331a8b97b06979e898720d60352be5cd9e0efafa1d3582c061d40fac0,1,12e0fa84514de630cd13c2993d1ae6c7820e098076bbe838761648956fc37146,1a629b21ec8ede530c95d73393807f5447929ae737c9aed4f0eb72a06f60fb58,./results/models/job/random/a/best.pt,"[{""action"":{""high_action"":""stop"",""order_decision"":""only_cost""},""phase"":""high""},{""action"":{""search_k"":1,""search_strategy"":""default""},""phase"":""search""},{""action"":{""execution_action"":""none"",""lip_action"":""none""},""phase"":""low""}]"
JOB,random,a,./workloads/query_job/4b.sql,NQO,164.037533104420,94.845000000000,ok,706843969f310473a0308417223dbd3b01f9c23dd72c30ca6a320928a1c6d9a0,1,9e097c3a95a84bdf093d5593a7f219de9aa2b74ee54e341c15377ceb2224c0de,b8b08a583301355edd93dd8e48604399cf02f48f2b7ae238beac24d6d8949c0d,./results/models/job/random/a/best.pt,"[{""action"":{""high_action"":""stop"",""order_decision"":""only_cost""},""phase"":""high""},{""action"":{""search_k"":1,""search_strategy"":""default""},""phase"":""search""},{""action"":{""execution_action"":""none"",""lip_action"":""none""},""phase"":""low""}]"
JOB,random,b,./workloads/query_job/4c.sql,NQO,174.363553524017,76.812000000000,ok,80890508b69994b28c38acb164509f37f3e3d56454997a07d06071fd64719edb,1,0859be8e070d638d97c91645e05e8d465902494f5669628ff6e0439e24cca849,5754202ce9397ca6f213dd6b52579bfb2e8ad71a300554d85bd0e3b5d682358b,./results/models/job/random/b/best.pt,"[{""action"":{""high_action"":""stop"",""order_decision"":""only_cost""},""phase"":""high""},{""action"":{""search_k"":1,""search_strategy"":""default""},""phase"":""search""},{""action"":{""execution_action"":""none"",""lip_action"":""none""},""phase"":""low""}]"
JOB,random,c,./workloads/query_job/27b.sql,NQO,441.824398934841,388.228000000000,ok,4eb4e5bb88d274fb571daa3d9537d134ac91e3971795bedfe21b63973b8a983c,1,0bd26f0e014404a9b8aa13093aa7496e6ddf913c04978cea6862f902e1e6fb27,908f3b48184a1d51b0a9b1c368cbc25e2252d40674ed5ff76dcdb445bde2d167,./results/models/job/random/c/best.pt,"[{""action"":{""high_action"":""split"",""order_decision"":""only_cost""},""phase"":""high""},{""action"":{""candidate_id"":4,""schedule_alpha"":0.5},""phase"":""select""},{""action"":{""search_k"":1,""search_strategy"":""default""},""phase"":""search""},{""action"":{""execution_action"":""none"",""lip_action"":""none""},""phase"":""low""},{""action"":{""high_action"":""split"",""order_decision"":""only_cost""},""phase"":""high""},{""action"":{""candidate_id"":0,""schedule_alpha"":0.5},""phase"":""select""},{""action"":{""search_k"":1,""search_strategy"":""default""},""phase"":""search""},{""action"":{""execution_action"":""none"",""lip_action"":""none""},""phase"":""low""},{""action"":{""high_action"":""split"",""order_decision"":""only_cost""},""phase"":""high""},{""action"":{""candidate_id"":0,""schedule_alpha"":0.5},""phase"":""select""},{""action"":{""search_k"":1,""search_strategy"":""default""},""phase"":""search""},{""action"":{""execution_action"":""none"",""lip_action"":""none""},""phase"":""low""},{""action"":{""high_action"":""split"",""order_decision"":""only_cost""},""phase"":""high""},{""action"":{""candidate_id"":1,""schedule_alpha"":0.5},""phase"":""select""},{""action"":{""search_k"":1,""search_strategy"":""default""},""phase"":""search""},{""action"":{""execution_action"":""none"",""lip_action"":""none""},""phase"":""low""},{""action"":{""high_action"":""stop"",""order_decision"":""only_cost""},""phase"":""high""},{""action"":{""search_k"":1,""search_strategy"":""default""},""phase"":""search""},{""action"":{""execution_action"":""none"",""lip_action"":""none""},""phase"":""low""}]"
JOB,random,a,./workloads/query_job/5b.sql,NQO,172.014847397804,81.344000000000,ok,4f78f1a55542d807d5eaabd4ee2244ee9ba0258958f7de1c1ef4598cd5b46ab1,1,4a52c93559c82d73ed76c6fc7cc75999a82301c352f6f2acf494bd74453d7792,a6e0452cece2a0aea31f74d2352cd81236c5e1ef96ac7f25228e78cc986548c9,./results/models/job/random/a/best.pt,"[{""action"":{""high_action"":""stop"",""order_decision"":""only_cost""},""phase"":""high""},{""action"":{""search_k"":1,""search_strategy"":""default""},""phase"":""search""},{""action"":{""execution_action"":""none"",""lip_action"":""none""},""phase"":""low""}]"
JOB,random,b,./workloads/query_job/5c.sql,NQO,178.857348859310,76.355000000000,ok,914648c9d245b6e6d72fd3f49337b500b20b8313101aa116453227cf3baf4b54,1,347d707128780e954c3d108cee9079db7edb07adef0a9d90077180993bc79ce6,7a0b8ef28fc735e3274116055b42f599d640d28c17e6c4f03392a316e06c7a63,./results/models/job/random/b/best.pt,"[{""action"":{""high_action"":""stop"",""order_decision"":""only_cost""},""phase"":""high""},{""action"":{""search_k"":1,""search_strategy"":""default""},""phase"":""search""},{""action"":{""execution_action"":""none"",""lip_action"":""none""},""phase"":""low""}]"
JOB,random,b,./workloads/query_job/6a.sql,NQO,207.723796367645,136.433000000000,ok,2e45680981dcedf844899f966540a92734a6200fc0d8bd8a547ceba0d0cf631f,1,dea5b15f71d81bbc6768b6f58e728d13d80afc4477144f41d8487fc845cd43c1,a4e53c756452feb8913906db22b16db77d4cf5f1c224eb3ece74e9e2c7e9a090,./results/models/job/random/b/best.pt,"[{""action"":{""high_action"":""split"",""order_decision"":""only_cost""},""phase"":""high""},{""action"":{""candidate_id"":1,""schedule_alpha"":1.0},""phase"":""select""},{""action"":{""search_k"":1,""search_strategy"":""default""},""phase"":""search""},{""action"":{""execution_action"":""none"",""lip_action"":""none""},""phase"":""low""},{""action"":{""high_action"":""stop"",""order_decision"":""only_cost""},""phase"":""high""},{""action"":{""search_k"":1,""search_strategy"":""default""},""phase"":""search""},{""action"":{""execution_action"":""none"",""lip_action"":""none""},""phase"":""low""}]"
JOB,random,c,./workloads/query_job/28a.sql,NQO,844.268091022968,557.822000000000,ok,a48e9dbacd2287778dbe0c0b677f1a0cf702701db28eec4243e6492cdd3419f1,1,6342f73aebe4798dbdb60efeec3709171f8cef303be9f42f3b744d7e4696d12b,116407005fe1f63b31756e7d951e0511115d723f148294d789742381d514378d,./results/models/job/random/c/best.pt,"[{""action"":{""high_action"":""split"",""order_decision"":""only_cost""},""phase"":""high""},{""action"":{""candidate_id"":4,""schedule_alpha"":0.5},""phase"":""select""},{""action"":{""search_k"":1,""search_strategy"":""default""},""phase"":""search""},{""action"":{""execution_action"":""none"",""lip_action"":""none""},""phase"":""low""},{""action"":{""high_action"":""split"",""order_decision"":""only_cost""},""phase"":""high""},{""action"":{""candidate_id"":1,""schedule_alpha"":0.5},""phase"":""select""},{""action"":{""search_k"":1,""search_strategy"":""default""},""phase"":""search""},{""action"":{""execution_action"":""conservative"",""lip_action"":""selective""},""phase"":""low""},{""action"":{""high_action"":""split"",""order_decision"":""only_cost""},""phase"":""high""},{""action"":{""candidate_id"":3,""schedule_alpha"":0.5},""phase"":""select""},{""action"":{""search_k"":1,""search_strategy"":""default""},""phase"":""search""},{""action"":{""execution_action"":""none"",""lip_action"":""none""},""phase"":""low""},{""action"":{""high_action"":""split"",""order_decision"":""only_cost""},""phase"":""high""},{""action"":{""candidate_id"":0,""schedule_alpha"":0.5},""phase"":""select""},{""action"":{""search_k"":1,""search_strategy"":""default""},""phase"":""search""},{""action"":{""execution_action"":""conservative"",""lip_action"":""selective""},""phase"":""low""},{""action"":{""high_action"":""split"",""order_decision"":""only_cost""},""phase"":""high""},{""action"":{""candidate_id"":1,""schedule_alpha"":0.5},""phase"":""select""},{""action"":{""search_k"":1,""search_strategy"":""default""},""phase"":""search""},{""action"":{""execution_action"":""none"",""lip_action"":""none""},""phase"":""low""},{""action"":{""high_action"":""stop"",""order_decision"":""only_cost""},""phase"":""high""},{""action"":{""search_k"":1,""search_strategy"":""default""},""phase"":""search""},{""action"":{""execution_action"":""none"",""lip_action"":""none""},""phase"":""low""}]"
JOB,random,b,./workloads/query_job/6c.sql,NQO,175.150863826275,134.442000000000,ok,38cf683886cf6fdc55596ffbf14756cbedd54a4091ef744fb773fc7f37ce3139,1,6618810d6ded778185c75cf4efcac8ae00e211c19b5f85389adc8b81e91b261b,2172f00de09cd4b2daca5f16e8530edbf53501fda27a37f5b7151ad10e850bbd,./results/models/job/random/b/best.pt,"[{""action"":{""high_action"":""split"",""order_decision"":""only_cost""},""phase"":""high""},{""action"":{""candidate_id"":1,""schedule_alpha"":1.0},""phase"":""select""},{""action"":{""search_k"":1,""search_strategy"":""default""},""phase"":""search""},{""action"":{""execution_action"":""none"",""lip_action"":""none""},""phase"":""low""},{""action"":{""high_action"":""stop"",""order_decision"":""only_cost""},""phase"":""high""},{""action"":{""search_k"":1,""search_strategy"":""default""},""phase"":""search""},{""action"":{""execution_action"":""none"",""lip_action"":""none""},""phase"":""low""}]"
JOB,random,a,./workloads/query_job/6b.sql,NQO,303.722612559795,173.732000000000,ok,38cf683886cf6fdc55596ffbf14756cbedd54a4091ef744fb773fc7f37ce3139,1,80c22ef98335ec6ec32e23ffc79c96c6a95438acdf1e8d3a241490562ed9ded7,da5c5595b31dceb51d64786aa2027edafcf895d816c0e61467214e734b9a7ea9,./results/models/job/random/a/best.pt,"[{""action"":{""high_action"":""split"",""order_decision"":""only_cost""},""phase"":""high""},{""action"":{""candidate_id"":1,""schedule_alpha"":0.5},""phase"":""select""},{""action"":{""search_k"":1,""search_strategy"":""default""},""phase"":""search""},{""action"":{""execution_action"":""none"",""lip_action"":""none""},""phase"":""low""},{""action"":{""high_action"":""stop"",""order_decision"":""only_cost""},""phase"":""high""},{""action"":{""search_k"":1,""search_strategy"":""default""},""phase"":""search""},{""action"":{""execution_action"":""none"",""lip_action"":""none""},""phase"":""low""}]"
JOB,random,b,./workloads/query_job/7b.sql,NQO,375.248566269875,237.401000000000,timeout,,,40216e0d83ddb4943d21e9accfb553efce9ab47489c1481e9b04efc2b573f59a,462d51b8244d3ecc4ec1d98e9ba080bbe908863ad1f5c4712c1817774b8541aa,./results/models/job/random/b/best.pt,"[{""action"":{""high_action"":""split"",""order_decision"":""only_cost""},""phase"":""high""},{""action"":{""candidate_id"":2,""schedule_alpha"":1.0},""phase"":""select""},{""action"":{""search_k"":1,""search_strategy"":""default""},""phase"":""search""},{""action"":{""execution_action"":""none"",""lip_action"":""none""},""phase"":""low""},{""action"":{""high_action"":""split"",""order_decision"":""only_cost""},""phase"":""high""},{""action"":{""candidate_id"":1,""schedule_alpha"":1.0},""phase"":""select""},{""action"":{""search_k"":1,""search_strategy"":""default""},""phase"":""search""},{""action"":{""execution_action"":""none"",""lip_action"":""none""},""phase"":""low""},{""action"":{""high_action"":""split"",""order_decision"":""only_cost""},""phase"":""high""},{""action"":{""candidate_id"":0,""schedule_alpha"":1.0},""phase"":""select""},{""action"":{""search_k"":1,""search_strategy"":""default""},""phase"":""search""},{""action"":{""execution_action"":""none"",""lip_action"":""none""},""phase"":""low""}]"
JOB,random,c,./workloads/query_job/29a.sql,NQO,694.666221737862,574.062000000000,ok,6931843f19cb52122ed461369626a4f45f6b0550fbb8e5608f26c0a53fbfa63e,1,ecf45d6deaa41d5cf605ed9f997a78cb3cbe9d525878778f8eb17c8a2363097f,eb43b359d0907cae072f461fae7206bff677fe606ab2e26108c327fde23997f2,./results/models/job/random/c/best.pt,"[{""action"":{""high_action"":""split"",""order_decision"":""only_cost""},""phase"":""high""},{""action"":{""candidate_id"":5,""schedule_alpha"":0.5},""phase"":""select""},{""action"":{""search_k"":1,""search_strategy"":""default""},""phase"":""search""},{""action"":{""execution_action"":""none"",""lip_action"":""none""},""phase"":""low""},{""action"":{""high_action"":""split"",""order_decision"":""only_cost""},""phase"":""high""},{""action"":{""candidate_id"":1,""schedule_alpha"":0.5},""phase"":""select""},{""action"":{""search_k"":1,""search_strategy"":""default""},""phase"":""search""},{""action"":{""execution_action"":""none"",""lip_action"":""none""},""phase"":""low""},{""action"":{""high_action"":""split"",""order_decision"":""only_cost""},""phase"":""high""},{""action"":{""candidate_id"":2,""schedule_alpha"":0.5},""phase"":""select""},{""action"":{""search_k"":1,""search_strategy"":""default""},""phase"":""search""},{""action"":{""execution_action"":""none"",""lip_action"":""none""},""phase"":""low""},{""action"":{""high_action"":""split"",""order_decision"":""only_cost""},""phase"":""high""},{""action"":{""candidate_id"":2,""schedule_alpha"":0.5},""phase"":""select""},{""action"":{""search_k"":1,""search_strategy"":""default""},""phase"":""search""},{""action"":{""execution_action"":""none"",""lip_action"":""none""},""phase"":""low""},{""action"":{""high_action"":""split"",""order_decision"":""only_cost""},""phase"":""high""},{""action"":{""candidate_id"":1,""schedule_alpha"":0.5},""phase"":""select""},{""action"":{""search_k"":1,""search_strategy"":""default""},""phase"":""search""},{""action"":{""execution_action"":""none"",""lip_action"":""none""},""phase"":""low""},{""action"":{""high_action"":""split"",""order_decision"":""only_cost""},""phase"":""high""},{""action"":{""candidate_id"":1,""schedule_alpha"":0.5},""phase"":""select""},{""action"":{""search_k"":1,""search_strategy"":""default""},""phase"":""search""},{""action"":{""execution_action"":""none"",""lip_action"":""none""},""phase"":""low""},{""action"":{""high_action"":""stop"",""order_decision"":""only_cost""},""phase"":""high""},{""action"":{""search_k"":1,""search_strategy"":""default""},""phase"":""search""},{""action"":{""execution_action"":""none"",""lip_action"":""none""},""phase"":""low""}]"
JOB,random,b,./workloads/query_job/7c.sql,NQO,2060.664519667625,296.340000000000,ok,8d253e0d16c802b9292df83113bce0188ac021d4b38e594d721cb020d7a03abf,1,59c5e11bcc6a6fa19482bb6cecafabd8481eb98b735f008f3751d043d6accab9,bf4a47f88780398ce6b77e53dad272af6b7e363963f6a6449c0234ba7156a976,./results/models/job/random/b/best.pt,"[{""action"":{""high_action"":""stop"",""order_decision"":""only_cost""},""phase"":""high""},{""action"":{""high_action"":""split"",""order_decision"":""only_cost""},""phase"":""high""},{""action"":{""candidate_id"":2,""schedule_alpha"":1.0},""phase"":""select""},{""action"":{""search_k"":1,""search_strategy"":""default""},""phase"":""search""},{""action"":{""execution_action"":""none"",""lip_action"":""none""},""phase"":""low""},{""action"":{""high_action"":""split"",""order_decision"":""only_cost""},""phase"":""high""},{""action"":{""candidate_id"":2,""schedule_alpha"":1.0},""phase"":""select""},{""action"":{""search_k"":1,""search_strategy"":""default""},""phase"":""search""},{""action"":{""execution_action"":""none"",""lip_action"":""none""},""phase"":""low""},{""action"":{""high_action"":""split"",""order_decision"":""only_cost""},""phase"":""high""},{""action"":{""candidate_id"":0,""schedule_alpha"":1.0},""phase"":""select""},{""action"":{""search_k"":1,""search_strategy"":""default""},""phase"":""search""},{""action"":{""execution_action"":""none"",""lip_action"":""none""},""phase"":""low""},{""action"":{""high_action"":""stop"",""order_decision"":""only_cost""},""phase"":""high""},{""action"":{""search_k"":1,""search_strategy"":""default""},""phase"":""search""},{""action"":{""execution_action"":""none"",""lip_action"":""none""},""phase"":""low""}]"
JOB,random,a,./workloads/query_job/6f.sql,NQO,1472.697801887989,159.953000000000,ok,4c8ae12fbdfe20a01c8fa6a1566197651e812dde9e027b742ec6f8e69f377f78,1,c65460f04929eeda2275c1ac94b92cf14c633564012c8f94edd4890548ca0d3d,4abeaf255e19336cb4c40caff6c694b77059c7964d46212cb456d8eaa9e7634d,./results/models/job/random/a/best.pt,"[{""action"":{""high_action"":""split"",""order_decision"":""only_cost""},""phase"":""high""},{""action"":{""candidate_id"":1,""schedule_alpha"":0.5},""phase"":""select""},{""action"":{""search_k"":1,""search_strategy"":""default""},""phase"":""search""},{""action"":{""execution_action"":""none"",""lip_action"":""none""},""phase"":""low""},{""action"":{""high_action"":""stop"",""order_decision"":""only_cost""},""phase"":""high""},{""action"":{""search_k"":1,""search_strategy"":""default""},""phase"":""search""},{""action"":{""execution_action"":""none"",""lip_action"":""none""},""phase"":""low""}]"
JOB,random,c,./workloads/query_job/29c.sql,NQO,775.059342384338,567.927000000000,ok,dda4051371e757e998ef0ae58a7591d626e20e99c9eba0772134d56f7a0dd380,1,57daabe388f5896176eef7104f4d9079e621a160267e266f82d72308161bf669,5987b28de5be7f96415123b39cb3c94fbb52d4256f5de7cce34036fb001179f2,./results/models/job/random/c/best.pt,"[{""action"":{""high_action"":""split"",""order_decision"":""only_cost""},""phase"":""high""},{""action"":{""candidate_id"":5,""schedule_alpha"":0.5},""phase"":""select""},{""action"":{""search_k"":1,""search_strategy"":""default""},""phase"":""search""},{""action"":{""execution_action"":""none"",""lip_action"":""none""},""phase"":""low""},{""action"":{""high_action"":""split"",""order_decision"":""only_cost""},""phase"":""high""},{""action"":{""candidate_id"":1,""schedule_alpha"":0.5},""phase"":""select""},{""action"":{""search_k"":1,""search_strategy"":""default""},""phase"":""search""},{""action"":{""execution_action"":""none"",""lip_action"":""none""},""phase"":""low""},{""action"":{""high_action"":""split"",""order_decision"":""only_cost""},""phase"":""high""},{""action"":{""candidate_id"":3,""schedule_alpha"":0.5},""phase"":""select""},{""action"":{""search_k"":1,""search_strategy"":""default""},""phase"":""search""},{""action"":{""execution_action"":""none"",""lip_action"":""none""},""phase"":""low""},{""action"":{""high_action"":""split"",""order_decision"":""only_cost""},""phase"":""high""},{""action"":{""candidate_id"":1,""schedule_alpha"":0.5},""phase"":""select""},{""action"":{""search_k"":1,""search_strategy"":""default""},""phase"":""search""},{""action"":{""execution_action"":""none"",""lip_action"":""none""},""phase"":""low""},{""action"":{""high_action"":""split"",""order_decision"":""only_cost""},""phase"":""high""},{""action"":{""candidate_id"":2,""schedule_alpha"":0.5},""phase"":""select""},{""action"":{""search_k"":1,""search_strategy"":""default""},""phase"":""search""},{""action"":{""execution_action"":""none"",""lip_action"":""none""},""phase"":""low""},{""action"":{""high_action"":""split"",""order_decision"":""only_cost""},""phase"":""high""},{""action"":{""candidate_id"":0,""schedule_alpha"":0.5},""phase"":""select""},{""action"":{""search_k"":1,""search_strategy"":""default""},""phase"":""search""},{""action"":{""execution_action"":""none"",""lip_action"":""none""},""phase"":""low""},{""action"":{""high_action"":""stop"",""order_decision"":""only_cost""},""phase"":""high""},{""action"":{""search_k"":1,""search_strategy"":""default""},""phase"":""search""},{""action"":{""execution_action"":""none"",""lip_action"":""none""},""phase"":""low""}]"
JOB,random,b,./workloads/query_job/8b.sql,NQO,269.469864666462,107.942000000000,ok,e5b0fc3c68184c62fd7ca88151a039904e2fc3708d4c2773297d07ecda52eef1,1,733b8caa14be63b1ddcc9187d1441184c7e8bea1a5ec973b3c772486f047346e,75158cd7edc2654242526c5a4ac25509560802d0188468547cd77726bcf8963f,./results/models/job/random/b/best.pt,"[{""action"":{""high_action"":""stop"",""order_decision"":""only_cost""},""phase"":""high""},{""action"":{""search_k"":1,""search_strategy"":""default""},""phase"":""search""},{""action"":{""execution_action"":""none"",""lip_action"":""none""},""phase"":""low""}]"
JOB,random,a,./workloads/query_job/8a.sql,NQO,812.856949865818,103.813000000000,ok,3828f7303034340a98ef15ead4a6900cfa1272fc3bf752f306dedc8226a60381,1,76e4d528653b869cfac9bcf0d965a9312c999e0fb91338145bf8172ba9950cd6,fd75bd541a1ae3569c538baca9c3cd35681bdbf5ecfd9411b151615e71c464e7,./results/models/job/random/a/best.pt,"[{""action"":{""high_action"":""stop"",""order_decision"":""only_cost""},""phase"":""high""},{""action"":{""search_k"":1,""search_strategy"":""default""},""phase"":""search""},{""action"":{""execution_action"":""conservative"",""lip_action"":""selective""},""phase"":""low""}]"
JOB,random,b,./workloads/query_job/8c.sql,NQO,1812.836147844791,86.933000000000,ok,01d29c2bfe548a761685e08d7695143d7188d138b9ed9be2dc7550ca7e6622c0,1,9e0dd460e7e1769f3918c7f8d6dc2805fc8964995ca42370241f956ff0cb54ec,7fe63e633fd5c7164fdb338a6477245ae4762bdfc487520109968768ac0460ed,./results/models/job/random/b/best.pt,"[{""action"":{""high_action"":""stop"",""order_decision"":""only_cost""},""phase"":""high""},{""action"":{""search_k"":1,""search_strategy"":""default""},""phase"":""search""},{""action"":{""execution_action"":""none"",""lip_action"":""none""},""phase"":""low""}]"
JOB,random,a,./workloads/query_job/9a.sql,NQO,837.503917515278,131.372000000000,ok,50751b25493546e3bb1394fa08d05872da5ff4acfd918b574f7bb2876408917d,1,84e414679a7ffcc3bb9fe75ffc68704575b8fe407ada5f5987dede6da30f837d,bebd0aebe5e6e3f3065dd96576a642a58e7d1c6d52a04d9d97eb2aae0b7b0ea5,./results/models/job/random/a/best.pt,"[{""action"":{""high_action"":""stop"",""order_decision"":""only_cost""},""phase"":""high""},{""action"":{""search_k"":1,""search_strategy"":""default""},""phase"":""search""},{""action"":{""execution_action"":""none"",""lip_action"":""none""},""phase"":""low""}]"
JOB,random,c,./workloads/query_job/30a.sql,NQO,976.906053721905,478.350000000000,ok,0086e898e573e12549adf0b1ea02a2910149acec275db2476ea8c3b5ab924b8a,1,2e31e81015183ba2a0106c1fbc2189d508e8a1d3c4d5a4c21c3e56d02f2f7bac,69a0e65bad73ee37a8e3c7c55f86a978564d2b95b9fb19833f54634b5b6adc49,./results/models/job/random/c/best.pt,"[{""action"":{""high_action"":""split"",""order_decision"":""only_cost""},""phase"":""high""},{""action"":{""candidate_id"":4,""schedule_alpha"":0.5},""phase"":""select""},{""action"":{""search_k"":1,""search_strategy"":""default""},""phase"":""search""},{""action"":{""execution_action"":""none"",""lip_action"":""none""},""phase"":""low""},{""action"":{""high_action"":""split"",""order_decision"":""only_cost""},""phase"":""high""},{""action"":{""candidate_id"":2,""schedule_alpha"":0.5},""phase"":""select""},{""action"":{""search_k"":1,""search_strategy"":""default""},""phase"":""search""},{""action"":{""execution_action"":""none"",""lip_action"":""none""},""phase"":""low""},{""action"":{""high_action"":""split"",""order_decision"":""only_cost""},""phase"":""high""},{""action"":{""candidate_id"":2,""schedule_alpha"":0.5},""phase"":""select""},{""action"":{""search_k"":1,""search_strategy"":""default""},""phase"":""search""},{""action"":{""execution_action"":""conservative"",""lip_action"":""selective""},""phase"":""low""},{""action"":{""high_action"":""split"",""order_decision"":""only_cost""},""phase"":""high""},{""action"":{""candidate_id"":0,""schedule_alpha"":0.5},""phase"":""select""},{""action"":{""search_k"":1,""search_strategy"":""default""},""phase"":""search""},{""action"":{""execution_action"":""conservative"",""lip_action"":""selective""},""phase"":""low""},{""action"":{""high_action"":""stop"",""order_decision"":""only_cost""},""phase"":""high""},{""action"":{""search_k"":1,""search_strategy"":""default""},""phase"":""search""},{""action"":{""execution_action"":""none"",""lip_action"":""none""},""phase"":""low""}]"
JOB,random,a,./workloads/query_job/9b.sql,NQO,754.355154931545,128.632000000000,ok,b056be1df2b02b725e026121efce250a997680daf239b6979cad9f174aa906c5,1,d85170e1dde5eaa0db857144668d84f5fe2eac60ae8ed9a73ba6ae2f0cf3da95,715d97ad539a76fd864a4da78e18be22f3ef70b839ae0d01655800b03b7d5cf8,./results/models/job/random/a/best.pt,"[{""action"":{""high_action"":""stop"",""order_decision"":""only_cost""},""phase"":""high""},{""action"":{""search_k"":1,""search_strategy"":""default""},""phase"":""search""},{""action"":{""execution_action"":""none"",""lip_action"":""none""},""phase"":""low""}]"
JOB,random,c,./workloads/query_job/31a.sql,NQO,892.094127833843,519.242000000000,ok,557c6596152087f2ecde682e61b30b5bac904eb76d0cbc67145c757c07268a04,1,ffde6397387b256f1de5523f5ebb5acbd906f1ee265c88835384cb2721e0b708,e3808dd1bb4b729f102ff86de1c977e9b6b41d17928780a7a137f68d06471787,./results/models/job/random/c/best.pt,"[{""action"":{""high_action"":""split"",""order_decision"":""only_cost""},""phase"":""high""},{""action"":{""candidate_id"":4,""schedule_alpha"":0.5},""phase"":""select""},{""action"":{""search_k"":1,""search_strategy"":""default""},""phase"":""search""},{""action"":{""execution_action"":""none"",""lip_action"":""none""},""phase"":""low""},{""action"":{""high_action"":""split"",""order_decision"":""only_cost""},""phase"":""high""},{""action"":{""candidate_id"":1,""schedule_alpha"":0.5},""phase"":""select""},{""action"":{""search_k"":1,""search_strategy"":""default""},""phase"":""search""},{""action"":{""execution_action"":""conservative"",""lip_action"":""selective""},""phase"":""low""},{""action"":{""high_action"":""split"",""order_decision"":""only_cost""},""phase"":""high""},{""action"":{""candidate_id"":1,""schedule_alpha"":0.5},""phase"":""select""},{""action"":{""search_k"":1,""search_strategy"":""default""},""phase"":""search""},{""action"":{""execution_action"":""none"",""lip_action"":""none""},""phase"":""low""},{""action"":{""high_action"":""split"",""order_decision"":""only_cost""},""phase"":""high""},{""action"":{""candidate_id"":1,""schedule_alpha"":0.5},""phase"":""select""},{""action"":{""search_k"":1,""search_strategy"":""default""},""phase"":""search""},{""action"":{""execution_action"":""none"",""lip_action"":""none""},""phase"":""low""},{""action"":{""high_action"":""stop"",""order_decision"":""only_cost""},""phase"":""high""},{""action"":{""search_k"":1,""search_strategy"":""default""},""phase"":""search""},{""action"":{""execution_action"":""none"",""lip_action"":""none""},""phase"":""low""}]"
JOB,random,a,./workloads/query_job/9d.sql,NQO,1529.757171869278,102.470000000000,ok,ac1207d2eac5267cb540b680ad56ae7ea9037636b11d91212ce93e12a758bea1,1,848b85e5a60c1344959fd16ddaa5fff1d7ca0881f12accb2a04150a97118e638,8bfddcff7ab1385c839ebf0fd41292b513ce0cfbb257e6ef225b5be3c9de6a7b,./results/models/job/random/a/best.pt,"[{""action"":{""high_action"":""stop"",""order_decision"":""only_cost""},""phase"":""high""},{""action"":{""search_k"":1,""search_strategy"":""default""},""phase"":""search""},{""action"":{""execution_action"":""none"",""lip_action"":""none""},""phase"":""low""}]"
JOB,random,c,./workloads/query_job/31b.sql,NQO,627.891749143600,423.803000000000,ok,91a05f71dbba805aeb9c620210fe2d6ba7c806304be891b740e8be86565d2035,1,673b022022eddae20c8a86bb3511ecb345651d768686911a1194006bc1d8c86a,c81d9d81b82723359b94a71d3ce545255d25ed2ff73b4154d9edcdbab0c88fbe,./results/models/job/random/c/best.pt,"[{""action"":{""high_action"":""split"",""order_decision"":""only_cost""},""phase"":""high""},{""action"":{""candidate_id"":4,""schedule_alpha"":0.5},""phase"":""select""},{""action"":{""search_k"":1,""search_strategy"":""default""},""phase"":""search""},{""action"":{""execution_action"":""none"",""lip_action"":""none""},""phase"":""low""},{""action"":{""high_action"":""split"",""order_decision"":""only_cost""},""phase"":""high""},{""action"":{""candidate_id"":3,""schedule_alpha"":0.5},""phase"":""select""},{""action"":{""search_k"":1,""search_strategy"":""default""},""phase"":""search""},{""action"":{""execution_action"":""none"",""lip_action"":""none""},""phase"":""low""},{""action"":{""high_action"":""split"",""order_decision"":""only_cost""},""phase"":""high""},{""action"":{""candidate_id"":1,""schedule_alpha"":0.5},""phase"":""select""},{""action"":{""search_k"":1,""search_strategy"":""default""},""phase"":""search""},{""action"":{""execution_action"":""none"",""lip_action"":""none""},""phase"":""low""},{""action"":{""high_action"":""split"",""order_decision"":""only_cost""},""phase"":""high""},{""action"":{""candidate_id"":1,""schedule_alpha"":0.5},""phase"":""select""},{""action"":{""search_k"":1,""search_strategy"":""default""},""phase"":""search""},{""action"":{""execution_action"":""none"",""lip_action"":""none""},""phase"":""low""},{""action"":{""high_action"":""stop"",""order_decision"":""only_cost""},""phase"":""high""},{""action"":{""search_k"":1,""search_strategy"":""default""},""phase"":""search""},{""action"":{""execution_action"":""none"",""lip_action"":""none""},""phase"":""low""}]"
JOB,random,c,./workloads/query_job/32b.sql,NQO,309.177733957767,156.171000000000,ok,b333cc3619bf1f1571de519b0273de81b2b291b23e593ad8b8224f32e0573ed2,1,ff7f9e5ffa24ae6396bbe755863b84e9a0d9742c3319af132cd97a2cd92be8c4,450896242446e5d33f3187808aa4b3cb945a9f1574d2d1cd273d7f14e5fc881f,./results/models/job/random/c/best.pt,"[{""action"":{""high_action"":""split"",""order_decision"":""only_cost""},""phase"":""high""},{""action"":{""candidate_id"":0,""schedule_alpha"":0.5},""phase"":""select""},{""action"":{""search_k"":1,""search_strategy"":""default""},""phase"":""search""},{""action"":{""execution_action"":""none"",""lip_action"":""none""},""phase"":""low""},{""action"":{""high_action"":""stop"",""order_decision"":""only_cost""},""phase"":""high""},{""action"":{""search_k"":1,""search_strategy"":""default""},""phase"":""search""},{""action"":{""execution_action"":""conservative"",""lip_action"":""selective""},""phase"":""low""}]"
JOB,random,c,./workloads/query_job/33c.sql,NQO,577.395007014275,511.054000000000,ok,ce28afdbde06f3d7c4d2687c1982022876a453b23d510fa6c3df51c0dd4eb87b,1,cbc628080942d00f53e282e3504b1977e1cadacd0ff86a2e29e554d39db1c524,d29c562a57481fd1dc6b3d99b11163cf89071a89043e4b164e669296eae1c775,./results/models/job/random/c/best.pt,"[{""action"":{""high_action"":""split"",""order_decision"":""only_cost""},""phase"":""high""},{""action"":{""candidate_id"":4,""schedule_alpha"":0.5},""phase"":""select""},{""action"":{""search_k"":1,""search_strategy"":""default""},""phase"":""search""},{""action"":{""execution_action"":""none"",""lip_action"":""none""},""phase"":""low""},{""action"":{""high_action"":""split"",""order_decision"":""only_cost""},""phase"":""high""},{""action"":{""candidate_id"":0,""schedule_alpha"":0.5},""phase"":""select""},{""action"":{""search_k"":1,""search_strategy"":""default""},""phase"":""search""},{""action"":{""execution_action"":""conservative"",""lip_action"":""selective""},""phase"":""low""},{""action"":{""high_action"":""split"",""order_decision"":""only_cost""},""phase"":""high""},{""action"":{""candidate_id"":3,""schedule_alpha"":0.5},""phase"":""select""},{""action"":{""search_k"":1,""search_strategy"":""default""},""phase"":""search""},{""action"":{""execution_action"":""none"",""lip_action"":""none""},""phase"":""low""},{""action"":{""high_action"":""split"",""order_decision"":""only_cost""},""phase"":""high""},{""action"":{""candidate_id"":2,""schedule_alpha"":0.5},""phase"":""select""},{""action"":{""search_k"":1,""search_strategy"":""default""},""phase"":""search""},{""action"":{""execution_action"":""none"",""lip_action"":""none""},""phase"":""low""},{""action"":{""high_action"":""split"",""order_decision"":""only_cost""},""phase"":""high""},{""action"":{""candidate_id"":0,""schedule_alpha"":0.5},""phase"":""select""},{""action"":{""search_k"":1,""search_strategy"":""default""},""phase"":""search""},{""action"":{""execution_action"":""none"",""lip_action"":""none""},""phase"":""low""},{""action"":{""high_action"":""stop"",""order_decision"":""only_cost""},""phase"":""high""},{""action"":{""search_k"":1,""search_strategy"":""default""},""phase"":""search""},{""action"":{""execution_action"":""none"",""lip_action"":""none""},""phase"":""low""}]"
JOB,random,c,./workloads/query_job/5a.sql,NQO,252.871699631214,160.576000000000,ok,4f78f1a55542d807d5eaabd4ee2244ee9ba0258958f7de1c1ef4598cd5b46ab1,1,25c2945e217f91d81a0a5e51473545a692166561b5e157684ca3e930742795c7,ca17ec9100f23fb0a4cdbdbb66ff779b2534f69181451fdb2712f77aee76dacc,./results/models/job/random/c/best.pt,"[{""action"":{""high_action"":""split"",""order_decision"":""only_cost""},""phase"":""high""},{""action"":{""candidate_id"":0,""schedule_alpha"":0.5},""phase"":""select""},{""action"":{""search_k"":1,""search_strategy"":""default""},""phase"":""search""},{""action"":{""execution_action"":""none"",""lip_action"":""none""},""phase"":""low""},{""action"":{""high_action"":""stop"",""order_decision"":""only_cost""},""phase"":""high""},{""action"":{""search_k"":1,""search_strategy"":""default""},""phase"":""search""},{""action"":{""execution_action"":""none"",""lip_action"":""none""},""phase"":""low""}]"
JOB,random,c,./workloads/query_job/6d.sql,NQO,1145.800843834877,156.885000000000,ok,a6e1254b945957be00697bfe9f49e242a11c2571ff9b293a7b87a24afec252e1,1,d6fe64d26264b6edd5443be86d88a64746d5fd5e6064d2395c0c9836fe155170,06ebc2a4fa59b9eac9bc87e31f8f99e9d5cf99d415cca0e4644242bdb3f71416,./results/models/job/random/c/best.pt,"[{""action"":{""high_action"":""split"",""order_decision"":""only_cost""},""phase"":""high""},{""action"":{""candidate_id"":1,""schedule_alpha"":0.5},""phase"":""select""},{""action"":{""search_k"":1,""search_strategy"":""default""},""phase"":""search""},{""action"":{""execution_action"":""none"",""lip_action"":""none""},""phase"":""low""},{""action"":{""high_action"":""stop"",""order_decision"":""only_cost""},""phase"":""high""},{""action"":{""search_k"":1,""search_strategy"":""default""},""phase"":""search""},{""action"":{""execution_action"":""conservative"",""lip_action"":""selective""},""phase"":""low""}]"
JOB,random,c,./workloads/query_job/6e.sql,NQO,226.668119430540,97.767000000000,timeout,,,f1665ea37582d7a12e9e2609e3c1cb425225ba37b196b743c9bfdc176a1767b1,c35c41e33a2e6af23e729145bcdc67a75dce5a786529514fec9b0e101060f843,./results/models/job/random/c/best.pt,"[{""action"":{""high_action"":""split"",""order_decision"":""only_cost""},""phase"":""high""},{""action"":{""candidate_id"":1,""schedule_alpha"":0.5},""phase"":""select""},{""action"":{""search_k"":1,""search_strategy"":""default""},""phase"":""search""},{""action"":{""execution_action"":""none"",""lip_action"":""none""},""phase"":""low""},{""action"":{""high_action"":""stop"",""order_decision"":""only_cost""},""phase"":""high""},{""action"":{""search_k"":1,""search_strategy"":""default""},""phase"":""search""},{""action"":{""execution_action"":""none"",""lip_action"":""none""},""phase"":""low""}]"
JOB,random,c,./workloads/query_job/7a.sql,NQO,602.972820401192,352.678000000000,ok,c45c16058ceb0fa3043d43cf324eb296890f073ea7be51873fac68d90838f72f,1,f7018bfb985d3805d4e4aef8c901dcea166b46f04e2cbf7006b07a6870327ebe,799dca5b76c54ebabb0b60a31f4fdfa8905578579d60648193bc6fc99c5f76eb,./results/models/job/random/c/best.pt,"[{""action"":{""high_action"":""split"",""order_decision"":""only_cost""},""phase"":""high""},{""action"":{""candidate_id"":2,""schedule_alpha"":0.5},""phase"":""select""},{""action"":{""search_k"":1,""search_strategy"":""default""},""phase"":""search""},{""action"":{""execution_action"":""none"",""lip_action"":""none""},""phase"":""low""},{""action"":{""high_action"":""split"",""order_decision"":""only_cost""},""phase"":""high""},{""action"":{""candidate_id"":2,""schedule_alpha"":0.5},""phase"":""select""},{""action"":{""search_k"":1,""search_strategy"":""default""},""phase"":""search""},{""action"":{""execution_action"":""none"",""lip_action"":""none""},""phase"":""low""},{""action"":{""high_action"":""split"",""order_decision"":""only_cost""},""phase"":""high""},{""action"":{""candidate_id"":1,""schedule_alpha"":0.5},""phase"":""select""},{""action"":{""search_k"":1,""search_strategy"":""default""},""phase"":""search""},{""action"":{""execution_action"":""none"",""lip_action"":""none""},""phase"":""low""},{""action"":{""high_action"":""stop"",""order_decision"":""only_cost""},""phase"":""high""},{""action"":{""search_k"":1,""search_strategy"":""default""},""phase"":""search""},{""action"":{""execution_action"":""none"",""lip_action"":""none""},""phase"":""low""}]"
JOB,random,c,./workloads/query_job/8d.sql,NQO,3333.885900676250,246.426000000000,ok,b50c2737ab9a94fd59cbc7b091e69509ac4d8c8ca5b321b7a0d1a7c762d6c287,1,c31c44e668a9f70df490dbe0e4551147dcf31957d283b07b9c06b120ee2d0db3,b771509a00f439ea9cac2de54d7e3007a2b970dd5ac221bc92d5bd2b82844002,./results/models/job/random/c/best.pt,"[{""action"":{""high_action"":""split"",""order_decision"":""only_cost""},""phase"":""high""},{""action"":{""candidate_id"":2,""schedule_alpha"":0.5},""phase"":""select""},{""action"":{""search_k"":1,""search_strategy"":""default""},""phase"":""search""},{""action"":{""execution_action"":""conservative"",""lip_action"":""selective""},""phase"":""low""},{""action"":{""high_action"":""split"",""order_decision"":""only_cost""},""phase"":""high""},{""action"":{""candidate_id"":0,""schedule_alpha"":0.5},""phase"":""select""},{""action"":{""search_k"":1,""search_strategy"":""default""},""phase"":""search""},{""action"":{""execution_action"":""conservative"",""lip_action"":""selective""},""phase"":""low""},{""action"":{""high_action"":""stop"",""order_decision"":""only_cost""},""phase"":""high""},{""action"":{""search_k"":1,""search_strategy"":""default""},""phase"":""search""},{""action"":{""execution_action"":""conservative"",""lip_action"":""selective""},""phase"":""low""}]"
JOB,random,c,./workloads/query_job/9c.sql,NQO,856.230825185776,225.484000000000,ok,0405578de0c236cc89b6746ccdc34933bc8c52faba292c4242d62850486c391c,1,490f3785a76666a60b42e9fc379d1afef050a1e413cc65533e613471e7c9fc61,3f2d31256c6ca5a01926fec2d5b8ad59818c8fa519a54ba7372bcbd9817c2127,./results/models/job/random/c/best.pt,"[{""action"":{""high_action"":""split"",""order_decision"":""only_cost""},""phase"":""high""},{""action"":{""candidate_id"":1,""schedule_alpha"":0.5},""phase"":""select""},{""action"":{""search_k"":1,""search_strategy"":""default""},""phase"":""search""},{""action"":{""execution_action"":""none"",""lip_action"":""none""},""phase"":""low""},{""action"":{""high_action"":""split"",""order_decision"":""only_cost""},""phase"":""high""},{""action"":{""candidate_id"":0,""schedule_alpha"":0.5},""phase"":""select""},{""action"":{""search_k"":1,""search_strategy"":""default""},""phase"":""search""},{""action"":{""execution_action"":""none"",""lip_action"":""none""},""phase"":""low""},{""action"":{""high_action"":""stop"",""order_decision"":""only_cost""},""phase"":""high""},{""action"":{""search_k"":1,""search_strategy"":""default""},""phase"":""search""},{""action"":{""execution_action"":""none"",""lip_action"":""none""},""phase"":""low""}]"
