dataset,fold,sql_path,method,runtime_ms,inference_ms,status,result_hash,result_rows,cache_hit,cache_id,trajectory_hash,checkpoint,actions_json
JOB,a,./workloads/query_job/10c.sql,Full NQO,7338.754929602146,46.871000000000,ok,73b0bf53e0d911a07eeb82a77e0c4d8e572b4a66464eabd6ab74eddeab66e4b6,1,,5275764f2401195e6a544e22d0840536a2b4d9dbc51295d150077f21d0be35f0,7be0ed4c0418942f410676f64fb624dbfd313a5ca9b19dcc7240b853e5df589a,./results/models/job/random/a/best.pt,"[{""action"":{""high_action"":""stop"",""order_decision"":""only_cost""},""phase"":""high""},{""action"":{""search_k"":1,""search_strategy"":""default""},""phase"":""search""},{""action"":{""execution_action"":""conservative"",""lip_action"":""selective""},""phase"":""low""}]"
JOB,a,./workloads/query_job/11d.sql,Full NQO,230.543747544289,75.763000000000,ok,de7342ed1d49ddb4af769ed803430202f4e99db6d34267ee2b58c1cbcee1f279,1,,5ac4cb4ae75270882624867ac1cf2695549de7e5303c0679198919ca3f7c04ec,d5a4653df31810ede5fe552e8e52da489eb78d0b5f1d94cbc80c4ba03a3e09cf,./results/models/job/random/a/best.pt,"[{""action"":{""high_action"":""stop"",""order_decision"":""only_cost""},""phase"":""high""},{""action"":{""search_k"":1,""search_strategy"":""default""},""phase"":""search""},{""action"":{""execution_action"":""none"",""lip_action"":""none""},""phase"":""low""}]"
JOB,a,./workloads/query_job/13a.sql,Full NQO,2518.219463527203,16.506000000000,ok,5ee98befd3d641c6753778abf08e4c9202a00380903807997963bc6fbf2344d1,1,,41b19fc481696c7748cd5c7c2871b079064f5afe898caaefc11de0c05c1a1df6,9240fac0a0e0c8a9e03c9e9f8a1daa05d4dba5f8a4d3641f869ad5579ff529a5,./results/models/job/random/a/best.pt,"[{""action"":{""high_action"":""stop"",""order_decision"":""only_cost""},""phase"":""high""},{""action"":{""search_k"":1,""search_strategy"":""default""},""phase"":""search""},{""action"":{""execution_action"":""conservative"",""lip_action"":""selective""},""phase"":""low""}]"
JOB,a,./workloads/query_job/13b.sql,Full NQO,1214.693494141102,90.474000000000,ok,3d96d4044fccab21095254c6b5ee60e7d430f8e3a04d0eb12bc3df93c0a121c3,1,,bd5575bc2586996551abcbbe6aa53f734f17dc24991a03f35dc44a5309955189,4554399e8ce618524f4fcff267e6e5b20ae1cfa35fb8f6f917ccbd30c3d5588a,./results/models/job/random/a/best.pt,"[{""action"":{""high_action"":""stop"",""order_decision"":""only_cost""},""phase"":""high""},{""action"":{""search_k"":1,""search_strategy"":""default""},""phase"":""search""},{""action"":{""execution_action"":""none"",""lip_action"":""none""},""phase"":""low""}]"
JOB,a,./workloads/query_job/13d.sql,Full NQO,4458.047494292259,53.782000000000,ok,23a870573284058686cb251c6ba164baa8ae4f5ef07cfb8c562be705ab7dee88,1,,3a1396031b44384677afb9d25db64eeb442401fb0a52c11ac82d4fd155436e92,20f7e545ede9a395cb9c94d320bfc957b88cbc78a7a41816b93f9131bca95c1d,./results/models/job/random/a/best.pt,"[{""action"":{""high_action"":""stop"",""order_decision"":""only_cost""},""phase"":""high""},{""action"":{""search_k"":1,""search_strategy"":""default""},""phase"":""search""},{""action"":{""execution_action"":""conservative"",""lip_action"":""selective""},""phase"":""low""}]"
JOB,a,./workloads/query_job/15c.sql,Full NQO,801.194056868553,83.216000000000,ok,089e136e8a705182e20d1d2d2df976cada5b59fa92a88f7c18af99db6fa72368,1,,6a5059fef85836b2aee4039639564405d3cd364491998d2e9502edc8a161f84d,2ec908c854406737ed6f5213d668c7fc55664f26a149b1e9ab5e9191fc96ad50,./results/models/job/random/a/best.pt,"[{""action"":{""high_action"":""stop"",""order_decision"":""only_cost""},""phase"":""high""},{""action"":{""search_k"":1,""search_strategy"":""default""},""phase"":""search""},{""action"":{""execution_action"":""none"",""lip_action"":""none""},""phase"":""low""}]"
JOB,a,./workloads/query_job/17d.sql,Full NQO,1263.202875852585,146.335000000000,ok,9a519542553c082aa22cad711ded801827b50f2fc8a7b5078563cb2b04a7428e,1,,f5cf57ca99bc829aca937a2c7bc442096239a027dab911bf49e627f89dd9f8b2,ebabf8ea53fa21dc46114cd01e288e087a425fbb140e020f8484bac7a0ed726b,./results/models/job/random/a/best.pt,"[{""action"":{""high_action"":""split"",""order_decision"":""only_cost""},""phase"":""high""},{""action"":{""candidate_id"":2,""schedule_alpha"":0.5},""phase"":""select""},{""action"":{""search_k"":1,""search_strategy"":""default""},""phase"":""search""},{""action"":{""execution_action"":""none"",""lip_action"":""none""},""phase"":""low""},{""action"":{""high_action"":""split"",""order_decision"":""only_cost""},""phase"":""high""},{""action"":{""candidate_id"":0,""schedule_alpha"":0.5},""phase"":""select""},{""action"":{""search_k"":1,""search_strategy"":""default""},""phase"":""search""},{""action"":{""execution_action"":""none"",""lip_action"":""none""},""phase"":""low""},{""action"":{""high_action"":""stop"",""order_decision"":""only_cost""},""phase"":""high""},{""action"":{""search_k"":1,""search_strategy"":""default""},""phase"":""search""},{""action"":{""execution_action"":""none"",""lip_action"":""none""},""phase"":""low""}]"
JOB,a,./workloads/query_job/18b.sql,Full NQO,808.887258172035,156.020000000000,ok,6635682ea66176cb4b122c8c01b41b06001993191e9889f440da443126fcee38,1,,47ad672adac97e9051db2542d190ba644c17275af75a7732b190eea2f69fe122,8e60c34089ae229bfac4b60e512b09f99027cd283f45f9125afb61f273b6ca19,./results/models/job/random/a/best.pt,"[{""action"":{""high_action"":""split"",""order_decision"":""only_cost""},""phase"":""high""},{""action"":{""candidate_id"":2,""schedule_alpha"":0.5},""phase"":""select""},{""action"":{""search_k"":1,""search_strategy"":""default""},""phase"":""search""},{""action"":{""execution_action"":""none"",""lip_action"":""none""},""phase"":""low""},{""action"":{""high_action"":""split"",""order_decision"":""only_cost""},""phase"":""high""},{""action"":{""candidate_id"":1,""schedule_alpha"":0.5},""phase"":""select""},{""action"":{""search_k"":1,""search_strategy"":""default""},""phase"":""search""},{""action"":{""execution_action"":""none"",""lip_action"":""none""},""phase"":""low""},{""action"":{""high_action"":""stop"",""order_decision"":""only_cost""},""phase"":""high""},{""action"":{""search_k"":1,""search_strategy"":""default""},""phase"":""search""},{""action"":{""execution_action"":""none"",""lip_action"":""none""},""phase"":""low""}]"
JOB,a,./workloads/query_job/18c.sql,Full NQO,7493.509173393250,45.409000000000,ok,542307488c7a1ab1b7cc860d07b9bcba2943079fcc1b17924c4d69c8285fa274,1,,3d3f01746b7fd993df525fb8aaf6d2fd54c319ffffbe56a14135173b531be8b2,2d3c0ae25a661948bb7ee9b4337b5ff7941be62accaad3721f29eb16df725c78,./results/models/job/random/a/best.pt,"[{""action"":{""high_action"":""split"",""order_decision"":""only_cost""},""phase"":""high""},{""action"":{""candidate_id"":1,""schedule_alpha"":0.5},""phase"":""select""},{""action"":{""search_k"":1,""search_strategy"":""default""},""phase"":""search""},{""action"":{""execution_action"":""none"",""lip_action"":""none""},""phase"":""low""},{""action"":{""high_action"":""split"",""order_decision"":""only_cost""},""phase"":""high""},{""action"":{""candidate_id"":1,""schedule_alpha"":0.5},""phase"":""select""},{""action"":{""search_k"":1,""search_strategy"":""default""},""phase"":""search""},{""action"":{""execution_action"":""conservative"",""lip_action"":""selective""},""phase"":""low""},{""action"":{""high_action"":""stop"",""order_decision"":""only_cost""},""phase"":""high""},{""action"":{""search_k"":1,""search_strategy"":""default""},""phase"":""search""},{""action"":{""execution_action"":""conservative"",""lip_action"":""selective""},""phase"":""low""}]"
JOB,a,./workloads/query_job/19b.sql,Full NQO,613.825887441635,74.049000000000,ok,91275ea0a7bef7c58863c590bb17df5976280a00d3553ff0ccfd2fc85a34dfb6,1,,c487f37a3c6d0b8e1c01b8618bb317bca68f06cda35b66651846cb58606cfefc,7d9cbef0e835991ac8b2ac7aeca6abefeb45dd44303cf41ce96996a812ed59ee,./results/models/job/random/a/best.pt,"[{""action"":{""high_action"":""stop"",""order_decision"":""only_cost""},""phase"":""high""},{""action"":{""search_k"":1,""search_strategy"":""default""},""phase"":""search""},{""action"":{""execution_action"":""none"",""lip_action"":""none""},""phase"":""low""}]"
JOB,a,./workloads/query_job/19c.sql,Full NQO,3029.913850128651,83.318000000000,ok,5bb686926c7ac803228b08a35834a98c97bfac4d34377d9f0e0143ed1c846478,1,,61537ad94bf5098ffb8061a75e6007261bceac1e1f797330a7bfb531c4106b48,858d0aef8f7d56bfc54c6f685a0f3d08e877cd50146bbc11ebcd49b1c0530c69,./results/models/job/random/a/best.pt,"[{""action"":{""high_action"":""split"",""order_decision"":""only_cost""},""phase"":""high""},{""action"":{""candidate_id"":1,""schedule_alpha"":0.5},""phase"":""select""},{""action"":{""search_k"":1,""search_strategy"":""default""},""phase"":""search""},{""action"":{""execution_action"":""none"",""lip_action"":""none""},""phase"":""low""},{""action"":{""high_action"":""split"",""order_decision"":""only_cost""},""phase"":""high""},{""action"":{""candidate_id"":2,""schedule_alpha"":0.5},""phase"":""select""},{""action"":{""search_k"":1,""search_strategy"":""default""},""phase"":""search""},{""action"":{""execution_action"":""none"",""lip_action"":""none""},""phase"":""low""},{""action"":{""high_action"":""split"",""order_decision"":""only_cost""},""phase"":""high""},{""action"":{""candidate_id"":0,""schedule_alpha"":0.5},""phase"":""select""},{""action"":{""search_k"":1,""search_strategy"":""default""},""phase"":""search""},{""action"":{""execution_action"":""none"",""lip_action"":""none""},""phase"":""low""},{""action"":{""high_action"":""stop"",""order_decision"":""only_cost""},""phase"":""high""},{""action"":{""search_k"":1,""search_strategy"":""default""},""phase"":""search""},{""action"":{""execution_action"":""conservative"",""lip_action"":""selective""},""phase"":""low""}]"
JOB,a,./workloads/query_job/1a.sql,Full NQO,94.836473464966,40.285000000000,ok,4509535bf8626cc136208e1b88afc7aa478160ccf6b340e66765b9bcf2288a38,1,,1c839f0a1247f8e470bd458c0dd324f6595b8129d2e73f9a3beb0fbad274ffdc,deddc01784861663d77d45eedc92ed8d235d1bb7504213c41bb9977194fe66c2,./results/models/job/random/a/best.pt,"[{""action"":{""high_action"":""stop"",""order_decision"":""only_cost""},""phase"":""high""},{""action"":{""search_k"":1,""search_strategy"":""default""},""phase"":""search""},{""action"":{""execution_action"":""conservative"",""lip_action"":""selective""},""phase"":""low""}]"
JOB,a,./workloads/query_job/20a.sql,Full NQO,2352.661915123463,187.061000000000,ok,b9480e419c0d039ed6aaa9978ef27229df665cc5a98eb6295b1a8948ca1efa8c,1,,fce1942c3addaa755ef56fba0c64bdfdca8f309cad317642e934b39177868a90,4d077812cb274527d6f819e152c964b8065cf6b6512855a6a0cbdde32feda834,./results/models/job/random/a/best.pt,"[{""action"":{""high_action"":""split"",""order_decision"":""only_cost""},""phase"":""high""},{""action"":{""candidate_id"":2,""schedule_alpha"":0.5},""phase"":""select""},{""action"":{""search_k"":1,""search_strategy"":""default""},""phase"":""search""},{""action"":{""execution_action"":""none"",""lip_action"":""none""},""phase"":""low""},{""action"":{""high_action"":""split"",""order_decision"":""only_cost""},""phase"":""high""},{""action"":{""candidate_id"":2,""schedule_alpha"":0.5},""phase"":""select""},{""action"":{""search_k"":1,""search_strategy"":""default""},""phase"":""search""},{""action"":{""execution_action"":""none"",""lip_action"":""none""},""phase"":""low""},{""action"":{""high_action"":""split"",""order_decision"":""only_cost""},""phase"":""high""},{""action"":{""candidate_id"":0,""schedule_alpha"":0.5},""phase"":""select""},{""action"":{""search_k"":1,""search_strategy"":""default""},""phase"":""search""},{""action"":{""execution_action"":""none"",""lip_action"":""none""},""phase"":""low""},{""action"":{""high_action"":""stop"",""order_decision"":""only_cost""},""phase"":""high""},{""action"":{""search_k"":1,""search_strategy"":""default""},""phase"":""search""},{""action"":{""execution_action"":""none"",""lip_action"":""none""},""phase"":""low""}]"
JOB,a,./workloads/query_job/22a.sql,Full NQO,629.684254527092,73.611000000000,ok,6bee5e8659b220bbe1e6582e8e5bea8f9a97ac298b4a7f5246846c1413c5c2c3,1,,fbb968bba775747b3e0b54643e893649e8f41c9257a3cb564710493d403099a8,e07ec0fe5b9bba5e9c63036cf67af2e60c8b26c77279db2bc573dd018d6f84e1,./results/models/job/random/a/best.pt,"[{""action"":{""high_action"":""stop"",""order_decision"":""only_cost""},""phase"":""high""},{""action"":{""search_k"":1,""search_strategy"":""default""},""phase"":""search""},{""action"":{""execution_action"":""none"",""lip_action"":""none""},""phase"":""low""}]"
JOB,a,./workloads/query_job/22c.sql,Full NQO,2035.862550139427,89.258000000000,ok,18e529eeadd28daacd2cb90fcff55d8be4573ecfaaf76cd6e1ddb1dd25ff265c,1,,67c91aa92958941bff045a8d2c4da0c344edb17394eb3af91b4b543afeea2e0f,81bf82442f10392e66644157f98c9c5e731eac0bb552484e907c5840d0eacc99,./results/models/job/random/a/best.pt,"[{""action"":{""high_action"":""stop"",""order_decision"":""only_cost""},""phase"":""high""},{""action"":{""search_k"":1,""search_strategy"":""default""},""phase"":""search""},{""action"":{""execution_action"":""none"",""lip_action"":""none""},""phase"":""low""}]"
JOB,a,./workloads/query_job/22d.sql,Full NQO,1059.323564171791,79.043000000000,ok,5469e96c680a925a1c749d9befcbc02caea70a0c986dfa8291bc858fe10392ac,1,,e156dcd682c97edba243de758b0670fda555e09f3010da23cbe6a13911f7a843,034f5b395596a60dfa13fe2c3d7de2099201f7f3ccf6407b00c479fa29dd1221,./results/models/job/random/a/best.pt,"[{""action"":{""high_action"":""stop"",""order_decision"":""only_cost""},""phase"":""high""},{""action"":{""search_k"":1,""search_strategy"":""default""},""phase"":""search""},{""action"":{""execution_action"":""none"",""lip_action"":""none""},""phase"":""low""}]"
JOB,a,./workloads/query_job/23b.sql,Full NQO,209.684148430824,80.585000000000,ok,f3a7f99f72b0caf860606e57aed9dc89d96aec3d96e1b92fd2104119ba77b59b,1,,7d91588d90cf3f62d17ad7f50a9c93ff5a3e6af79c5483981cf7f8e143d2cf49,2e3ac61a4c3492025e775a219d2615ea5260a4d71f54601c108f1bfc62e3175c,./results/models/job/random/a/best.pt,"[{""action"":{""high_action"":""stop"",""order_decision"":""only_cost""},""phase"":""high""},{""action"":{""search_k"":1,""search_strategy"":""default""},""phase"":""search""},{""action"":{""execution_action"":""none"",""lip_action"":""none""},""phase"":""low""}]"
JOB,a,./workloads/query_job/26b.sql,Full NQO,550.275161862373,312.819000000000,ok,52c5df37c8602881f0acfe405e5a4f38ddcec08893afde614bdc4c3ed35bf58f,1,,fdfa3b34ec346be9eb6692af6e82f8df43e5968ed5436da1ded08ce84d31544e,a1ce98c42675782986bef81d0bf4986edd6a3abcc1eb26237ede1e9bdc380761,./results/models/job/random/a/best.pt,"[{""action"":{""high_action"":""split"",""order_decision"":""only_cost""},""phase"":""high""},{""action"":{""candidate_id"":3,""schedule_alpha"":0.5},""phase"":""select""},{""action"":{""search_k"":1,""search_strategy"":""default""},""phase"":""search""},{""action"":{""execution_action"":""none"",""lip_action"":""none""},""phase"":""low""},{""action"":{""high_action"":""split"",""order_decision"":""only_cost""},""phase"":""high""},{""action"":{""candidate_id"":2,""schedule_alpha"":0.5},""phase"":""select""},{""action"":{""search_k"":1,""search_strategy"":""default""},""phase"":""search""},{""action"":{""execution_action"":""none"",""lip_action"":""none""},""phase"":""low""},{""action"":{""high_action"":""split"",""order_decision"":""only_cost""},""phase"":""high""},{""action"":{""candidate_id"":2,""schedule_alpha"":0.5},""phase"":""select""},{""action"":{""search_k"":1,""search_strategy"":""default""},""phase"":""search""},{""action"":{""execution_action"":""none"",""lip_action"":""none""},""phase"":""low""},{""action"":{""high_action"":""split"",""order_decision"":""only_cost""},""phase"":""high""},{""action"":{""candidate_id"":0,""schedule_alpha"":0.5},""phase"":""select""},{""action"":{""search_k"":1,""search_strategy"":""default""},""phase"":""search""},{""action"":{""execution_action"":""none"",""lip_action"":""none""},""phase"":""low""},{""action"":{""high_action"":""stop"",""order_decision"":""only_cost""},""phase"":""high""},{""action"":{""search_k"":1,""search_strategy"":""default""},""phase"":""search""},{""action"":{""execution_action"":""none"",""lip_action"":""none""},""phase"":""low""}]"
JOB,a,./workloads/query_job/28c.sql,Full NQO,1462.902680039406,93.876000000000,ok,991e8b67081098ca2488bedc79afe1881f2df52affbd0cf95312f4fb04855bd7,1,,44786839196803076f694a42ea77fe7dbf087e6d129705b727260222ad0640b9,6e0e9e34366290554801d0f64aed71fbaf36f532c2078ebf64704f208727138d,./results/models/job/random/a/best.pt,"[{""action"":{""high_action"":""stop"",""order_decision"":""only_cost""},""phase"":""high""},{""action"":{""search_k"":1,""search_strategy"":""default""},""phase"":""search""},{""action"":{""execution_action"":""none"",""lip_action"":""none""},""phase"":""low""}]"
JOB,a,./workloads/query_job/2a.sql,Full NQO,721.579730510712,60.570000000000,ok,fc90f3c2c15c5abce95811297c6b9a8ee98e4e03347ce9e79c8ce8e6b57b03a0,1,,0995feb2bcd3f7f0309e5327fcc700850effde3e159b0c7405c2a29e9f46ba89,398c0ef785bfd21c05bc6e7a8542f94d8a4d991a6823510e5d9a1f92176a4728,./results/models/job/random/a/best.pt,"[{""action"":{""high_action"":""stop"",""order_decision"":""only_cost""},""phase"":""high""},{""action"":{""search_k"":1,""search_strategy"":""default""},""phase"":""search""},{""action"":{""execution_action"":""none"",""lip_action"":""none""},""phase"":""low""}]"
JOB,a,./workloads/query_job/30b.sql,Full NQO,812.626153230667,243.832000000000,ok,9debd188f6a0b8138ba60e6d549daaba2133a2011cbd29d42025eebe31205230,1,,cfa7d8ca041e428e1d5309dc75c76077ebac66ad9a35c608cdc98780d442e64d,aba066d4720e0dcee7b053ca0b386f387fa57cf0ab4ee41300dc406ea068ca4a,./results/models/job/random/a/best.pt,"[{""action"":{""high_action"":""split"",""order_decision"":""only_cost""},""phase"":""high""},{""action"":{""candidate_id"":4,""schedule_alpha"":0.5},""phase"":""select""},{""action"":{""search_k"":1,""search_strategy"":""default""},""phase"":""search""},{""action"":{""execution_action"":""none"",""lip_action"":""none""},""phase"":""low""},{""action"":{""high_action"":""split"",""order_decision"":""only_cost""},""phase"":""high""},{""action"":{""candidate_id"":3,""schedule_alpha"":0.5},""phase"":""select""},{""action"":{""search_k"":1,""search_strategy"":""default""},""phase"":""search""},{""action"":{""execution_action"":""none"",""lip_action"":""none""},""phase"":""low""},{""action"":{""high_action"":""split"",""order_decision"":""only_cost""},""phase"":""high""},{""action"":{""candidate_id"":0,""schedule_alpha"":0.5},""phase"":""select""},{""action"":{""search_k"":1,""search_strategy"":""default""},""phase"":""search""},{""action"":{""execution_action"":""none"",""lip_action"":""none""},""phase"":""low""},{""action"":{""high_action"":""split"",""order_decision"":""only_cost""},""phase"":""high""},{""action"":{""candidate_id"":1,""schedule_alpha"":0.5},""phase"":""select""},{""action"":{""search_k"":1,""search_strategy"":""default""},""phase"":""search""},{""action"":{""execution_action"":""none"",""lip_action"":""none""},""phase"":""low""},{""action"":{""high_action"":""stop"",""order_decision"":""only_cost""},""phase"":""high""},{""action"":{""search_k"":1,""search_strategy"":""default""},""phase"":""search""},{""action"":{""execution_action"":""none"",""lip_action"":""none""},""phase"":""low""}]"
JOB,a,./workloads/query_job/30c.sql,Full NQO,2128.015570342541,238.821000000000,ok,9def3478d3162492b92bb76237115759aec29176d767191b8cd5def2da2391c9,1,,4490fad880a4fd6cef1717c86ec789c5032e14215261d122c4eb20a5fbfa78ab,b2f758d9c8b5f17129ee62a9e840befd299b165c8eef5cbf9788928477dc0bd1,./results/models/job/random/a/best.pt,"[{""action"":{""high_action"":""split"",""order_decision"":""only_cost""},""phase"":""high""},{""action"":{""candidate_id"":4,""schedule_alpha"":0.5},""phase"":""select""},{""action"":{""search_k"":1,""search_strategy"":""default""},""phase"":""search""},{""action"":{""execution_action"":""none"",""lip_action"":""none""},""phase"":""low""},{""action"":{""high_action"":""split"",""order_decision"":""only_cost""},""phase"":""high""},{""action"":{""candidate_id"":0,""schedule_alpha"":0.5},""phase"":""select""},{""action"":{""search_k"":1,""search_strategy"":""default""},""phase"":""search""},{""action"":{""execution_action"":""none"",""lip_action"":""none""},""phase"":""low""},{""action"":{""high_action"":""split"",""order_decision"":""only_cost""},""phase"":""high""},{""action"":{""candidate_id"":2,""schedule_alpha"":0.5},""phase"":""select""},{""action"":{""search_k"":1,""search_strategy"":""default""},""phase"":""search""},{""action"":{""execution_action"":""none"",""lip_action"":""none""},""phase"":""low""},{""action"":{""high_action"":""split"",""order_decision"":""only_cost""},""phase"":""high""},{""action"":{""candidate_id"":1,""schedule_alpha"":0.5},""phase"":""select""},{""action"":{""search_k"":1,""search_strategy"":""default""},""phase"":""search""},{""action"":{""execution_action"":""none"",""lip_action"":""none""},""phase"":""low""},{""action"":{""high_action"":""stop"",""order_decision"":""only_cost""},""phase"":""high""},{""action"":{""search_k"":1,""search_strategy"":""default""},""phase"":""search""},{""action"":{""execution_action"":""none"",""lip_action"":""none""},""phase"":""low""}]"
JOB,a,./workloads/query_job/31c.sql,Full NQO,1158.591069281101,303.754000000000,ok,09c5cf7e96fa8a299de4f7088731cf8e370fa7af16a3438017bcf08c6d8905ae,1,,c7c137605a3a70a7886d8950383c13d4074e591f6598cf2a6171e355d8df1096,7da50b2fc8ae9a4b093b2a9f11197b867ab04e85fb5748e4eac45a3644ff4bb7,./results/models/job/random/a/best.pt,"[{""action"":{""high_action"":""split"",""order_decision"":""only_cost""},""phase"":""high""},{""action"":{""candidate_id"":4,""schedule_alpha"":0.5},""phase"":""select""},{""action"":{""search_k"":1,""search_strategy"":""default""},""phase"":""search""},{""action"":{""execution_action"":""none"",""lip_action"":""none""},""phase"":""low""},{""action"":{""high_action"":""split"",""order_decision"":""only_cost""},""phase"":""high""},{""action"":{""candidate_id"":1,""schedule_alpha"":0.5},""phase"":""select""},{""action"":{""search_k"":1,""search_strategy"":""default""},""phase"":""search""},{""action"":{""execution_action"":""none"",""lip_action"":""none""},""phase"":""low""},{""action"":{""high_action"":""split"",""order_decision"":""only_cost""},""phase"":""high""},{""action"":{""candidate_id"":2,""schedule_alpha"":0.5},""phase"":""select""},{""action"":{""search_k"":1,""search_strategy"":""default""},""phase"":""search""},{""action"":{""execution_action"":""none"",""lip_action"":""none""},""phase"":""low""},{""action"":{""high_action"":""split"",""order_decision"":""only_cost""},""phase"":""high""},{""action"":{""candidate_id"":1,""schedule_alpha"":0.5},""phase"":""select""},{""action"":{""search_k"":1,""search_strategy"":""default""},""phase"":""search""},{""action"":{""execution_action"":""none"",""lip_action"":""none""},""phase"":""low""},{""action"":{""high_action"":""stop"",""order_decision"":""only_cost""},""phase"":""high""},{""action"":{""search_k"":1,""search_strategy"":""default""},""phase"":""search""},{""action"":{""execution_action"":""none"",""lip_action"":""none""},""phase"":""low""}]"
JOB,a,./workloads/query_job/32a.sql,Full NQO,106.169357895851,61.572000000000,ok,38cf683886cf6fdc55596ffbf14756cbedd54a4091ef744fb773fc7f37ce3139,1,,8ad21930b0a8a23f5e33825167d833a61153d8cb7d5be09d4b81d3cd0617fb08,6521cf5a0b6f3b22a0ad0976142ceeb4f99e5a166efc1656f2af4246846945f6,./results/models/job/random/a/best.pt,"[{""action"":{""high_action"":""stop"",""order_decision"":""only_cost""},""phase"":""high""},{""action"":{""search_k"":1,""search_strategy"":""default""},""phase"":""search""},{""action"":{""execution_action"":""none"",""lip_action"":""none""},""phase"":""low""}]"
JOB,a,./workloads/query_job/33a.sql,Full NQO,1601.651534438135,108.393751084805,timeout,,,,6a38fb395b06f945854ef0423937019deed322f9f962b26950ed9c16f02e744d,fa594c1a4fdeab5f64d3b129587c0c0a4f712df879f10cbd6d27e8d77dd8eb52,./results/models/job/random/a/best.pt,"[{""action"":{""high_action"":""stop"",""order_decision"":""only_cost""},""phase"":""high""},{""action"":{""search_k"":1,""search_strategy"":""default""},""phase"":""search""},{""action"":{""execution_action"":""conservative"",""lip_action"":""selective""},""phase"":""low""}]"
JOB,a,./workloads/query_job/33b.sql,Full NQO,1542.342230677605,81.994108855724,timeout,,,,e14647709a68dddcaae13776734ffd6414f1e12c54e94e082601741ffb8e0629,b201c719d5a109414c888ae5bf745ad936fdb1dee0b4aa1d892016f619f72675,./results/models/job/random/a/best.pt,"[{""action"":{""high_action"":""stop"",""order_decision"":""only_cost""},""phase"":""high""},{""action"":{""search_k"":1,""search_strategy"":""default""},""phase"":""search""},{""action"":{""execution_action"":""conservative"",""lip_action"":""selective""},""phase"":""low""}]"
JOB,a,./workloads/query_job/3b.sql,Full NQO,209.415115416050,52.491000000000,ok,f09c4919f4c92a95515be773a486d51c5e5ccd19e0f5087b7c0f0ab64cd137cf,1,,ae4004cc7b799ac793b059f8e836f1f30e1c7aa97f606ea09a38a5bf3249c9b0,84d29a7505c100bf2b8246c9be5df5e592cf34845dd9f212ac76a18b80591379,./results/models/job/random/a/best.pt,"[{""action"":{""high_action"":""stop"",""order_decision"":""only_cost""},""phase"":""high""},{""action"":{""search_k"":1,""search_strategy"":""default""},""phase"":""search""},{""action"":{""execution_action"":""none"",""lip_action"":""none""},""phase"":""low""}]"
JOB,a,./workloads/query_job/3c.sql,Full NQO,434.940822422504,46.477000000000,ok,78dc828b7194ccb46ee35f89eb2f2152e11378ef17a14837d364bb6f73cc0769,1,,53f67ff744c691ea1d11ad08bd66770e31b5d5aa38acafd34f0975631c915b0a,96e9d72d112021ea7a50ee4fa22fcb86c62c2674cad615984e03bcc5b27fb2a5,./results/models/job/random/a/best.pt,"[{""action"":{""high_action"":""stop"",""order_decision"":""only_cost""},""phase"":""high""},{""action"":{""search_k"":1,""search_strategy"":""default""},""phase"":""search""},{""action"":{""execution_action"":""none"",""lip_action"":""none""},""phase"":""low""}]"
JOB,a,./workloads/query_job/4a.sql,Full NQO,227.734640240669,61.976000000000,ok,748155aaa114d016eb288dab57d2b91f8907ee5678c3789b9df355aec3a5f474,1,,06bfce65a48f6ab1199c4a9bba913510f7b8a82566d50963a11f84c92b9f7a89,2f9a3e127c3ab3e6665cac74c39561a0b74685029816cdd480e956e204ddd92e,./results/models/job/random/a/best.pt,"[{""action"":{""high_action"":""stop"",""order_decision"":""only_cost""},""phase"":""high""},{""action"":{""search_k"":1,""search_strategy"":""default""},""phase"":""search""},{""action"":{""execution_action"":""none"",""lip_action"":""none""},""phase"":""low""}]"
JOB,a,./workloads/query_job/4b.sql,Full NQO,203.850194811821,54.375000000000,ok,c2e5045abfc8ecfbd0b40e2ecf04f734592cd5b76e223f977e6c366b9f571679,1,,dace7f2a6b2b3cb8f35621d48df5ec2f440e2897681e0d2e3c4876fb41206ea6,c21d9dceadadd56d12c23a7bf4d2f8851ef8d99b4b124434b2d5518b3a1905d4,./results/models/job/random/a/best.pt,"[{""action"":{""high_action"":""stop"",""order_decision"":""only_cost""},""phase"":""high""},{""action"":{""search_k"":1,""search_strategy"":""default""},""phase"":""search""},{""action"":{""execution_action"":""none"",""lip_action"":""none""},""phase"":""low""}]"
JOB,a,./workloads/query_job/5b.sql,Full NQO,319.519981741905,60.291000000000,ok,4f78f1a55542d807d5eaabd4ee2244ee9ba0258958f7de1c1ef4598cd5b46ab1,1,,f78fd9dcfdefdabe6ccf1417c71f47a3f55d557440d5af502154d3407164641c,1fd4a63b9958e07a71cbd3739d6400aa3d0fe2f076e8994ee47643feaec1c52d,./results/models/job/random/a/best.pt,"[{""action"":{""high_action"":""stop"",""order_decision"":""only_cost""},""phase"":""high""},{""action"":{""search_k"":1,""search_strategy"":""default""},""phase"":""search""},{""action"":{""execution_action"":""none"",""lip_action"":""none""},""phase"":""low""}]"
JOB,a,./workloads/query_job/6b.sql,Full NQO,376.647420227528,78.544000000000,ok,2b959ee9a358222cd3f680b4de1a9c2be8556432140123daad1b20aa89815ab9,1,,419e551750c0131f0e1003b4d6108970d8e55450d8864511a38ea622f1ec5b46,4b4fbdccb49613c8ac20ef24e9a4c20781da87750327cd66fca9ffb9e6be5425,./results/models/job/random/a/best.pt,"[{""action"":{""high_action"":""split"",""order_decision"":""only_cost""},""phase"":""high""},{""action"":{""candidate_id"":1,""schedule_alpha"":0.5},""phase"":""select""},{""action"":{""search_k"":1,""search_strategy"":""default""},""phase"":""search""},{""action"":{""execution_action"":""none"",""lip_action"":""none""},""phase"":""low""},{""action"":{""high_action"":""stop"",""order_decision"":""only_cost""},""phase"":""high""},{""action"":{""search_k"":1,""search_strategy"":""default""},""phase"":""search""},{""action"":{""execution_action"":""none"",""lip_action"":""none""},""phase"":""low""}]"
JOB,a,./workloads/query_job/6f.sql,Full NQO,3600.704103708267,77.684000000000,ok,ce75c2032883b5ebfbc1826c33aee0cbee3a05005e8a664ad50142f57e258055,1,,ca81b44f1bb28270af16fc3d7fc9557d25b0370bbbf93af18424495d9360b0cf,66f345526e2d80dee471ab0a61feffc1caeec5e94355c5f2c1ebaa9e079eb2a7,./results/models/job/random/a/best.pt,"[{""action"":{""high_action"":""split"",""order_decision"":""only_cost""},""phase"":""high""},{""action"":{""candidate_id"":1,""schedule_alpha"":0.5},""phase"":""select""},{""action"":{""search_k"":1,""search_strategy"":""default""},""phase"":""search""},{""action"":{""execution_action"":""none"",""lip_action"":""none""},""phase"":""low""},{""action"":{""high_action"":""stop"",""order_decision"":""only_cost""},""phase"":""high""},{""action"":{""search_k"":1,""search_strategy"":""default""},""phase"":""search""},{""action"":{""execution_action"":""none"",""lip_action"":""none""},""phase"":""low""}]"
JOB,a,./workloads/query_job/8a.sql,Full NQO,2227.720022201538,48.031000000000,ok,83ca1ebec91355240bb85797c81f9f6b8a96392c57707c100978708f49ae71e9,1,,73718f4b13eeaee44908b29c966eb3cd5194734f660c4b9b5321e15b934ac32c,d8dfda3b35ef2b118e1b1a0326172cba6af9863eaedc023def1943885ecc71dc,./results/models/job/random/a/best.pt,"[{""action"":{""high_action"":""stop"",""order_decision"":""only_cost""},""phase"":""high""},{""action"":{""search_k"":1,""search_strategy"":""default""},""phase"":""search""},{""action"":{""execution_action"":""conservative"",""lip_action"":""selective""},""phase"":""low""}]"
JOB,a,./workloads/query_job/9a.sql,Full NQO,881.695315241814,77.628000000000,ok,886c7581cf3aa969ef759925c2f5ff04f028206a5c5d8bf1705580bbaac34c47,1,,5c60e0fb6187f83d8c4459e1c364362583fa03f6dd31b13217182f0d4af891c0,02a906cc3e3be3274c46029454d253473b105c9abf0ddd061cbdde580bb6b0c8,./results/models/job/random/a/best.pt,"[{""action"":{""high_action"":""stop"",""order_decision"":""only_cost""},""phase"":""high""},{""action"":{""search_k"":1,""search_strategy"":""default""},""phase"":""search""},{""action"":{""execution_action"":""none"",""lip_action"":""none""},""phase"":""low""}]"
JOB,a,./workloads/query_job/9b.sql,Full NQO,856.529012322426,75.122000000000,ok,8078dd223231eda190e9f3cf026f80ab7e46a368b87b14254a00ad3dcf6f4f90,1,,b294b8877b6b33ef1ad86f3b2674ccaceda7d1f0629658d3bb9496c492de625e,dd44dfa822a7b8222ec7c897602c2224d841b880ee19caa62f8058576e5f503f,./results/models/job/random/a/best.pt,"[{""action"":{""high_action"":""stop"",""order_decision"":""only_cost""},""phase"":""high""},{""action"":{""search_k"":1,""search_strategy"":""default""},""phase"":""search""},{""action"":{""execution_action"":""none"",""lip_action"":""none""},""phase"":""low""}]"
JOB,a,./workloads/query_job/9d.sql,Full NQO,4051.779113709927,75.075000000000,ok,0e289ef9aab62d7cdc6d31fb6a14d705898bc5aae64eda813c4c66eea1574c1a,1,,edcb2421819dd3bd5216ca8f01ded7b51fff1f50f281715adf5dd145339f2950,d1e172d21207fd171a5c293d2e9e0ea21c80da8970a17bd585b3135e6d94f39d,./results/models/job/random/a/best.pt,"[{""action"":{""high_action"":""stop"",""order_decision"":""only_cost""},""phase"":""high""},{""action"":{""search_k"":1,""search_strategy"":""default""},""phase"":""search""},{""action"":{""execution_action"":""none"",""lip_action"":""none""},""phase"":""low""}]"
JOB,b,./workloads/query_job/10a.sql,Full NQO,1002.688966691494,94.257000000000,ok,929d0b936421c3cc037300fc273cb56746f39627e96a60da4dd6863044511457,1,,4f7e839273e2685d2478269c637edaa5281dbe2f7d2e46a40b69ed63f97c1fc7,37056096cdce64f3e0de756e91f0795bd242c7889ff016532a7ebe7d775832c4,./results/models/job/random/b/best.pt,"[{""action"":{""high_action"":""stop"",""order_decision"":""only_cost""},""phase"":""high""},{""action"":{""search_k"":1,""search_strategy"":""default""},""phase"":""search""},{""action"":{""execution_action"":""none"",""lip_action"":""none""},""phase"":""low""}]"
JOB,b,./workloads/query_job/10b.sql,Full NQO,618.509158492088,49.673000000000,ok,706843969f310473a0308417223dbd3b01f9c23dd72c30ca6a320928a1c6d9a0,1,,31dfcfe0dcefc0d13b798aa177b2c159eae2cd8b2df4ca73b41e49f8cec79585,46f5b5c8c8601f726be430904a2a83c89bc14ad0680c46fbaafefe79eb639849,./results/models/job/random/b/best.pt,"[{""action"":{""high_action"":""stop"",""order_decision"":""only_cost""},""phase"":""high""},{""action"":{""search_k"":1,""search_strategy"":""default""},""phase"":""search""},{""action"":{""execution_action"":""none"",""lip_action"":""none""},""phase"":""low""}]"
JOB,b,./workloads/query_job/11b.sql,Full NQO,151.234090328217,59.877000000000,ok,1140a97472e10ce6316cd6b2747dee298183b9dfeb896f858eb6598def2645fe,1,,026a2923932822f165f6fd040a30c9759823e34a3db99ee5ca1cc0a48517dee7,68fb8e53f42b6ccd63bb8a2c8a303d69feaeddca6a26ecdcf57254f750cfbf28,./results/models/job/random/b/best.pt,"[{""action"":{""high_action"":""stop"",""order_decision"":""only_cost""},""phase"":""high""},{""action"":{""search_k"":1,""search_strategy"":""default""},""phase"":""search""},{""action"":{""execution_action"":""none"",""lip_action"":""none""},""phase"":""low""}]"
JOB,b,./workloads/query_job/11c.sql,Full NQO,231.095977127552,61.431000000000,ok,e03dd6f5aa7f119762f6b549c488852bbe23e0297bd479e5946f75c06ef1bbca,1,,24418b7045c0af9849674710ca42999c3805444262db5bf7797fe686d71e37c5,ae6e4fb1018295cf1d19a1a0332a31434e3b9510a1a38511fdc64432f92a3cb7,./results/models/job/random/b/best.pt,"[{""action"":{""high_action"":""stop"",""order_decision"":""only_cost""},""phase"":""high""},{""action"":{""search_k"":1,""search_strategy"":""default""},""phase"":""search""},{""action"":{""execution_action"":""none"",""lip_action"":""none""},""phase"":""low""}]"
JOB,b,./workloads/query_job/12b.sql,Full NQO,98.602868616581,72.312000000000,ok,c6ff9ec06ce589c648d889e9e9021a68976c3ccf8550d7c147b5054bdddcb545,1,,e96311daa843971c31b4777946179ee6f2fcaa606bf8a9e5a8943fece9eabc47,a8ae3fa79df451e276b6cb006aaa2be2115d6339447fee522e5e03d30058411c,./results/models/job/random/b/best.pt,"[{""action"":{""high_action"":""stop"",""order_decision"":""only_cost""},""phase"":""high""},{""action"":{""search_k"":1,""search_strategy"":""default""},""phase"":""search""},{""action"":{""execution_action"":""none"",""lip_action"":""none""},""phase"":""low""}]"
JOB,b,./workloads/query_job/12c.sql,Full NQO,1603.018276393414,64.149000000000,ok,fc048ce250bbfdae76cc58594ab66716a3f413669bed819d0adf4b9851bbc9c4,1,,3f0dc46b469f123899b8f0afac5166360a9515b80cc119000d34b9cbbc595dcc,68ee8c3f6408ae0343d5961725fef8765955d0c9d2a9c07826613b56075b3273,./results/models/job/random/b/best.pt,"[{""action"":{""high_action"":""stop"",""order_decision"":""only_cost""},""phase"":""high""},{""action"":{""search_k"":1,""search_strategy"":""default""},""phase"":""search""},{""action"":{""execution_action"":""none"",""lip_action"":""none""},""phase"":""low""}]"
JOB,b,./workloads/query_job/14b.sql,Full NQO,279.425911605358,61.577000000000,ok,74085e27c595ac219c6257d663e3ccccdf16299520347ac5488a715783f18a41,1,,72a86d3d410bfa8934473ad17b8e7e16a21295b330a8bcd538f5852679bda3ae,b7f924adc34a99b4ec429ddf830cfbe725ab749ec67ec3c573a55542056563db,./results/models/job/random/b/best.pt,"[{""action"":{""high_action"":""stop"",""order_decision"":""only_cost""},""phase"":""high""},{""action"":{""search_k"":1,""search_strategy"":""default""},""phase"":""search""},{""action"":{""execution_action"":""none"",""lip_action"":""none""},""phase"":""low""}]"
JOB,b,./workloads/query_job/14c.sql,Full NQO,836.652174592018,78.703000000000,ok,f13c3a0e601dd42f5abd41675e0438c06c7c79b9e0a6b2e6974fe4952b94c09e,1,,2abc81e56f24824f74cc57c7f68064f7a2e09c477aec58c412dbca1e121b7bf4,52871e2475eac0fb6a8f61ee16c7d11f4f2be3a94a972dacb2c8640df25f1167,./results/models/job/random/b/best.pt,"[{""action"":{""high_action"":""stop"",""order_decision"":""only_cost""},""phase"":""high""},{""action"":{""search_k"":1,""search_strategy"":""default""},""phase"":""search""},{""action"":{""execution_action"":""none"",""lip_action"":""none""},""phase"":""low""}]"
JOB,b,./workloads/query_job/15d.sql,Full NQO,971.490591764450,61.159000000000,ok,df3a19f8bdca38394c1c9a01f448c4e34ce26e4cc3c938d45c9a4e59526d24d5,1,,6d7374a11d420ecc60873aa972203f23aed1a5fe613031e98b60a7f58d57212b,da38c2e46953afcb2e9614d06155c81e79fe907e3e9e22093c618c3a3dad0ae5,./results/models/job/random/b/best.pt,"[{""action"":{""high_action"":""stop"",""order_decision"":""only_cost""},""phase"":""high""},{""action"":{""search_k"":1,""search_strategy"":""default""},""phase"":""search""},{""action"":{""execution_action"":""none"",""lip_action"":""none""},""phase"":""low""}]"
JOB,b,./workloads/query_job/16a.sql,Full NQO,336.930431425571,59.584000000000,ok,bffefed9bcba1ce113c4f9365520889d2a59468ebb170e1a8e776353d8311bfb,1,,6c6e8d41af5d9f6797dbe5c20921031137791808c6713cc386a35f9ba0f80590,874349158c617788232fdc0adeaade000e40cad04800ea7cc46e503db21484ed,./results/models/job/random/b/best.pt,"[{""action"":{""high_action"":""stop"",""order_decision"":""only_cost""},""phase"":""high""},{""action"":{""search_k"":1,""search_strategy"":""default""},""phase"":""search""},{""action"":{""execution_action"":""none"",""lip_action"":""none""},""phase"":""low""}]"
JOB,b,./workloads/query_job/16b.sql,Full NQO,6137.469880282879,100.474000000000,ok,e153889fdca6a79bf30b6f802a7d6fb574587af0fb56f36ecc25d831db945ea2,1,,6be531f8658751caca247b9352f7eb4bd34e57c0c7f8539ec476a7112a715a48,905261b33608561119264f943aabbd4697640b0cbef17832fb0e438ac991bff2,./results/models/job/random/b/best.pt,"[{""action"":{""high_action"":""split"",""order_decision"":""only_cost""},""phase"":""high""},{""action"":{""candidate_id"":3,""schedule_alpha"":1.0},""phase"":""select""},{""action"":{""search_k"":1,""search_strategy"":""default""},""phase"":""search""},{""action"":{""execution_action"":""none"",""lip_action"":""none""},""phase"":""low""},{""action"":{""high_action"":""split"",""order_decision"":""only_cost""},""phase"":""high""},{""action"":{""candidate_id"":2,""schedule_alpha"":1.0},""phase"":""select""},{""action"":{""search_k"":1,""search_strategy"":""default""},""phase"":""search""},{""action"":{""execution_action"":""none"",""lip_action"":""none""},""phase"":""low""},{""action"":{""high_action"":""split"",""order_decision"":""only_cost""},""phase"":""high""},{""action"":{""candidate_id"":0,""schedule_alpha"":1.0},""phase"":""select""},{""action"":{""search_k"":1,""search_strategy"":""default""},""phase"":""search""},{""action"":{""execution_action"":""none"",""lip_action"":""none""},""phase"":""low""},{""action"":{""high_action"":""stop"",""order_decision"":""only_cost""},""phase"":""high""},{""action"":{""search_k"":1,""search_strategy"":""default""},""phase"":""search""},{""action"":{""execution_action"":""none"",""lip_action"":""none""},""phase"":""low""}]"
JOB,b,./workloads/query_job/17f.sql,Full NQO,5102.881304919720,73.142000000000,ok,966c1a52f852284091756356c99e5f43debac4e41bc8ee9f790f5c70bff4c7c4,1,,713a97a2c637845ee48e35cedf2f7576c5f5bff0cbe6fce41ae65ec2547e7e52,d6600965619fd5ca92bf307fc5acae5df903a246d0bd637d596c550485e84e37,./results/models/job/random/b/best.pt,"[{""action"":{""high_action"":""split"",""order_decision"":""only_cost""},""phase"":""high""},{""action"":{""candidate_id"":2,""schedule_alpha"":1.0},""phase"":""select""},{""action"":{""search_k"":1,""search_strategy"":""default""},""phase"":""search""},{""action"":{""execution_action"":""none"",""lip_action"":""none""},""phase"":""low""},{""action"":{""high_action"":""split"",""order_decision"":""only_cost""},""phase"":""high""},{""action"":{""candidate_id"":1,""schedule_alpha"":1.0},""phase"":""select""},{""action"":{""search_k"":1,""search_strategy"":""default""},""phase"":""search""},{""action"":{""execution_action"":""none"",""lip_action"":""none""},""phase"":""low""},{""action"":{""high_action"":""stop"",""order_decision"":""only_cost""},""phase"":""high""},{""action"":{""search_k"":1,""search_strategy"":""default""},""phase"":""search""},{""action"":{""execution_action"":""none"",""lip_action"":""none""},""phase"":""low""}]"
JOB,b,./workloads/query_job/18a.sql,Full NQO,6644.601531326771,172.795000000000,ok,4ea394ad5b6ff23d28102b48eef256f385144f05c176dcf273e5fc3dfc0f3ea7,1,,b430134a2bf9f63dbd68d997eb925a24c42bf4fe4f19b7615d1c18b8800758d6,957df57f3e1d4ae0e63f037a57ca228a9c3bc29a166b79f0da978da64fad0c7f,./results/models/job/random/b/best.pt,"[{""action"":{""high_action"":""split"",""order_decision"":""only_cost""},""phase"":""high""},{""action"":{""candidate_id"":2,""schedule_alpha"":1.0},""phase"":""select""},{""action"":{""search_k"":1,""search_strategy"":""default""},""phase"":""search""},{""action"":{""execution_action"":""none"",""lip_action"":""none""},""phase"":""low""},{""action"":{""high_action"":""split"",""order_decision"":""only_cost""},""phase"":""high""},{""action"":{""candidate_id"":1,""schedule_alpha"":1.0},""phase"":""select""},{""action"":{""search_k"":1,""search_strategy"":""default""},""phase"":""search""},{""action"":{""execution_action"":""none"",""lip_action"":""none""},""phase"":""low""},{""action"":{""high_action"":""stop"",""order_decision"":""only_cost""},""phase"":""high""},{""action"":{""search_k"":1,""search_strategy"":""default""},""phase"":""search""},{""action"":{""execution_action"":""none"",""lip_action"":""none""},""phase"":""low""}]"
JOB,b,./workloads/query_job/19a.sql,Full NQO,937.321484088898,77.527000000000,ok,1f0ca7719cfc34a43e2d3322146638f13989d450c4591afc7b3885613918e4de,1,,73fb654ba5138fce33837985b29e8d2d19753acb40a005ba9c5767a9a193a2c3,c4f1ece59a091cf5be6ffc4039361962495066a499798e32b7ad2ac5e9d6210a,./results/models/job/random/b/best.pt,"[{""action"":{""high_action"":""stop"",""order_decision"":""only_cost""},""phase"":""high""},{""action"":{""search_k"":1,""search_strategy"":""default""},""phase"":""search""},{""action"":{""execution_action"":""none"",""lip_action"":""none""},""phase"":""low""}]"
JOB,b,./workloads/query_job/1d.sql,Full NQO,67.287102341652,54.830000000000,ok,b68175a2c8e96f8bc107b1f09c2703f390d5a78ec2aa27991cd17eea2e6db1c8,1,,2834e9a1b33b886e23549256c81de70a7dc044800287b5aa48ed227514aac78a,f1bd75ab077db5b12ee3c76f1da69e8a207025d4df6009717947de0f7ad2f0e1,./results/models/job/random/b/best.pt,"[{""action"":{""high_action"":""stop"",""order_decision"":""only_cost""},""phase"":""high""},{""action"":{""search_k"":1,""search_strategy"":""default""},""phase"":""search""},{""action"":{""execution_action"":""none"",""lip_action"":""none""},""phase"":""low""}]"
JOB,b,./workloads/query_job/20b.sql,Full NQO,1438.206449151039,62.196000000000,ok,bdabdfce4c8cd4726f7228f6d5040b01cd2120ccf41064b215b2fd1b9c7cdbe3,1,,862b487b3ef99f1d59c2c8271466688c45e9631f61cbc7d6e28bb0c29ea29a61,beaef2f0d8e3d23d8e5503db238f2b05b4b592c1b1e9fbceee4f253b3f3a9578,./results/models/job/random/b/best.pt,"[{""action"":{""high_action"":""split"",""order_decision"":""only_cost""},""phase"":""high""},{""action"":{""candidate_id"":2,""schedule_alpha"":1.0},""phase"":""select""},{""action"":{""search_k"":1,""search_strategy"":""default""},""phase"":""search""},{""action"":{""execution_action"":""none"",""lip_action"":""none""},""phase"":""low""},{""action"":{""high_action"":""split"",""order_decision"":""only_cost""},""phase"":""high""},{""action"":{""candidate_id"":2,""schedule_alpha"":1.0},""phase"":""select""},{""action"":{""search_k"":1,""search_strategy"":""default""},""phase"":""search""},{""action"":{""execution_action"":""none"",""lip_action"":""none""},""phase"":""low""},{""action"":{""high_action"":""split"",""order_decision"":""only_cost""},""phase"":""high""},{""action"":{""candidate_id"":0,""schedule_alpha"":1.0},""phase"":""select""},{""action"":{""search_k"":1,""search_strategy"":""default""},""phase"":""search""},{""action"":{""execution_action"":""none"",""lip_action"":""none""},""phase"":""low""},{""action"":{""high_action"":""stop"",""order_decision"":""only_cost""},""phase"":""high""},{""action"":{""search_k"":1,""search_strategy"":""default""},""phase"":""search""},{""action"":{""execution_action"":""none"",""lip_action"":""none""},""phase"":""low""}]"
JOB,b,./workloads/query_job/22b.sql,Full NQO,477.641090750694,86.801000000000,ok,261344b3d5dbc63bbc8b73ff367b08e19136e387d0502f40684455f7a223d93f,1,,ceb99b72091ec77a6ed0a7c13926a58fb8d1a9521d7a1a75dbb47afd71e00b59,5200be1f42de837c4427cc02922eb0f87fabe343e7e6591e296d2655f6cd2821,./results/models/job/random/b/best.pt,"[{""action"":{""high_action"":""stop"",""order_decision"":""only_cost""},""phase"":""high""},{""action"":{""search_k"":1,""search_strategy"":""default""},""phase"":""search""},{""action"":{""execution_action"":""none"",""lip_action"":""none""},""phase"":""low""}]"
JOB,b,./workloads/query_job/23c.sql,Full NQO,860.630460083485,68.719000000000,ok,d6d3b9a56435f4fe61ee133589ebd35b7135f05afe08be1125990d58b250e9f9,1,,624cd7d2ee0588dd1f3732a1ab7cd8881cd8bae4c385e5ee1a68777f0399c4b6,e739279f53983ff41718753c3b9852a4c225ee2e4cb5a67a125b1c0e9bd9ddba,./results/models/job/random/b/best.pt,"[{""action"":{""high_action"":""split"",""order_decision"":""only_cost""},""phase"":""high""},{""action"":{""candidate_id"":2,""schedule_alpha"":0.5},""phase"":""select""},{""action"":{""search_k"":1,""search_strategy"":""default""},""phase"":""search""},{""action"":{""execution_action"":""none"",""lip_action"":""none""},""phase"":""low""},{""action"":{""high_action"":""split"",""order_decision"":""only_cost""},""phase"":""high""},{""action"":{""candidate_id"":1,""schedule_alpha"":1.0},""phase"":""select""},{""action"":{""search_k"":1,""search_strategy"":""default""},""phase"":""search""},{""action"":{""execution_action"":""none"",""lip_action"":""none""},""phase"":""low""},{""action"":{""high_action"":""split"",""order_decision"":""only_cost""},""phase"":""high""},{""action"":{""candidate_id"":0,""schedule_alpha"":1.0},""phase"":""select""},{""action"":{""search_k"":1,""search_strategy"":""default""},""phase"":""search""},{""action"":{""execution_action"":""none"",""lip_action"":""none""},""phase"":""low""},{""action"":{""high_action"":""split"",""order_decision"":""only_cost""},""phase"":""high""},{""action"":{""candidate_id"":0,""schedule_alpha"":1.0},""phase"":""select""},{""action"":{""search_k"":1,""search_strategy"":""default""},""phase"":""search""},{""action"":{""execution_action"":""none"",""lip_action"":""none""},""phase"":""low""},{""action"":{""high_action"":""stop"",""order_decision"":""only_cost""},""phase"":""high""},{""action"":{""search_k"":1,""search_strategy"":""default""},""phase"":""search""},{""action"":{""execution_action"":""none"",""lip_action"":""none""},""phase"":""low""}]"
JOB,b,./workloads/query_job/24a.sql,Full NQO,499.328680336475,97.932000000000,ok,f456596f387e349a6006b7f95149e83820f1855cb47322cf82c324c7abf10133,1,,33cd030d49a496ef3514703d7d90def9e2769ec6410b1318c043bacfd156c83e,9499a463d9fe776e28c76556828e7bba0ef9c48321eefd967d0623a07a0d5da9,./results/models/job/random/b/best.pt,"[{""action"":{""high_action"":""stop"",""order_decision"":""only_cost""},""phase"":""high""},{""action"":{""search_k"":1,""search_strategy"":""default""},""phase"":""search""},{""action"":{""execution_action"":""none"",""lip_action"":""none""},""phase"":""low""}]"
JOB,b,./workloads/query_job/25c.sql,Full NQO,3765.770480036736,64.913000000000,ok,67a630b3c65d3bcaa414c0e78677ad348267d0f04c2fa18b570f5906a0599ac5,1,,e6ca2c5303b374e09183036c21fca182c1012b69a54fafb4be6fc65eb6158add,1bd130465a350c2936d1a092e95a48aa7be8163fdc350777da41feccc9d135be,./results/models/job/random/b/best.pt,"[{""action"":{""high_action"":""split"",""order_decision"":""only_cost""},""phase"":""high""},{""action"":{""candidate_id"":3,""schedule_alpha"":1.0},""phase"":""select""},{""action"":{""search_k"":1,""search_strategy"":""default""},""phase"":""search""},{""action"":{""execution_action"":""none"",""lip_action"":""none""},""phase"":""low""},{""action"":{""high_action"":""split"",""order_decision"":""only_cost""},""phase"":""high""},{""action"":{""candidate_id"":2,""schedule_alpha"":1.0},""phase"":""select""},{""action"":{""search_k"":1,""search_strategy"":""default""},""phase"":""search""},{""action"":{""execution_action"":""none"",""lip_action"":""none""},""phase"":""low""},{""action"":{""high_action"":""split"",""order_decision"":""only_cost""},""phase"":""high""},{""action"":{""candidate_id"":1,""schedule_alpha"":1.0},""phase"":""select""},{""action"":{""search_k"":1,""search_strategy"":""default""},""phase"":""search""},{""action"":{""execution_action"":""none"",""lip_action"":""none""},""phase"":""low""},{""action"":{""high_action"":""stop"",""order_decision"":""only_cost""},""phase"":""high""},{""action"":{""search_k"":1,""search_strategy"":""default""},""phase"":""search""},{""action"":{""execution_action"":""none"",""lip_action"":""none""},""phase"":""low""}]"
JOB,b,./workloads/query_job/26a.sql,Full NQO,866.349697113037,125.164000000000,ok,2c7cebb1807f0b225f4f97c680278aa0ec35039ff7dbf43518e7a09bd026684a,1,,492f3d548bb05124c170103f1ee33f23f5c320df28f4e00088e25a977bdc9f78,ed04e3b7f896578f252b8ab32f2ea259e9ac2f7f682734bdd0fd5e8aaeb95635,./results/models/job/random/b/best.pt,"[{""action"":{""high_action"":""split"",""order_decision"":""only_cost""},""phase"":""high""},{""action"":{""candidate_id"":3,""schedule_alpha"":1.0},""phase"":""select""},{""action"":{""search_k"":1,""search_strategy"":""default""},""phase"":""search""},{""action"":{""execution_action"":""none"",""lip_action"":""none""},""phase"":""low""},{""action"":{""high_action"":""split"",""order_decision"":""only_cost""},""phase"":""high""},{""action"":{""candidate_id"":2,""schedule_alpha"":1.0},""phase"":""select""},{""action"":{""search_k"":1,""search_strategy"":""default""},""phase"":""search""},{""action"":{""execution_action"":""none"",""lip_action"":""none""},""phase"":""low""},{""action"":{""high_action"":""split"",""order_decision"":""only_cost""},""phase"":""high""},{""action"":{""candidate_id"":0,""schedule_alpha"":1.0},""phase"":""select""},{""action"":{""search_k"":1,""search_strategy"":""default""},""phase"":""search""},{""action"":{""execution_action"":""none"",""lip_action"":""none""},""phase"":""low""},{""action"":{""high_action"":""split"",""order_decision"":""only_cost""},""phase"":""high""},{""action"":{""candidate_id"":1,""schedule_alpha"":1.0},""phase"":""select""},{""action"":{""search_k"":1,""search_strategy"":""default""},""phase"":""search""},{""action"":{""execution_action"":""none"",""lip_action"":""none""},""phase"":""low""},{""action"":{""high_action"":""stop"",""order_decision"":""only_cost""},""phase"":""high""},{""action"":{""search_k"":1,""search_strategy"":""default""},""phase"":""search""},{""action"":{""execution_action"":""none"",""lip_action"":""none""},""phase"":""low""}]"
JOB,b,./workloads/query_job/27a.sql,Full NQO,217.827439308167,63.448000000000,ok,17da2f55cbda32682db3bc710c4a0f0048b6fb05111deffe244b8be90c1e4968,1,,0ae475751e8ac7b987b8bf7986c5b29a7b48aa5b77a3de96bf7e5eee3cae0709,27dd184fb8cfd856ffed7737940e629174e8afc74149d2e5ed08e54617bbd76a,./results/models/job/random/b/best.pt,"[{""action"":{""high_action"":""split"",""order_decision"":""only_cost""},""phase"":""high""},{""action"":{""candidate_id"":3,""schedule_alpha"":1.0},""phase"":""select""},{""action"":{""search_k"":1,""search_strategy"":""default""},""phase"":""search""},{""action"":{""execution_action"":""none"",""lip_action"":""none""},""phase"":""low""},{""action"":{""high_action"":""split"",""order_decision"":""only_cost""},""phase"":""high""},{""action"":{""candidate_id"":3,""schedule_alpha"":1.0},""phase"":""select""},{""action"":{""search_k"":1,""search_strategy"":""default""},""phase"":""search""},{""action"":{""execution_action"":""none"",""lip_action"":""none""},""phase"":""low""},{""action"":{""high_action"":""split"",""order_decision"":""only_cost""},""phase"":""high""},{""action"":{""candidate_id"":0,""schedule_alpha"":1.0},""phase"":""select""},{""action"":{""search_k"":1,""search_strategy"":""default""},""phase"":""search""},{""action"":{""execution_action"":""none"",""lip_action"":""none""},""phase"":""low""},{""action"":{""high_action"":""split"",""order_decision"":""only_cost""},""phase"":""high""},{""action"":{""candidate_id"":0,""schedule_alpha"":1.0},""phase"":""select""},{""action"":{""search_k"":1,""search_strategy"":""default""},""phase"":""search""},{""action"":{""execution_action"":""none"",""lip_action"":""none""},""phase"":""low""},{""action"":{""high_action"":""stop"",""order_decision"":""only_cost""},""phase"":""high""},{""action"":{""search_k"":1,""search_strategy"":""default""},""phase"":""search""},{""action"":{""execution_action"":""none"",""lip_action"":""none""},""phase"":""low""}]"
JOB,b,./workloads/query_job/27c.sql,Full NQO,318.119287490845,127.208000000000,ok,17da2f55cbda32682db3bc710c4a0f0048b6fb05111deffe244b8be90c1e4968,1,,59bda41b88b7862a4126ed05981cb7e29281181b98934b47a11cbcbe54ce0c92,1354c3e353cbf0e57c265909847115e37ccebea2ec53e2876fc886ba2ac51fb6,./results/models/job/random/b/best.pt,"[{""action"":{""high_action"":""split"",""order_decision"":""only_cost""},""phase"":""high""},{""action"":{""candidate_id"":3,""schedule_alpha"":1.0},""phase"":""select""},{""action"":{""search_k"":1,""search_strategy"":""default""},""phase"":""search""},{""action"":{""execution_action"":""none"",""lip_action"":""none""},""phase"":""low""},{""action"":{""high_action"":""split"",""order_decision"":""only_cost""},""phase"":""high""},{""action"":{""candidate_id"":3,""schedule_alpha"":1.0},""phase"":""select""},{""action"":{""search_k"":1,""search_strategy"":""default""},""phase"":""search""},{""action"":{""execution_action"":""none"",""lip_action"":""none""},""phase"":""low""},{""action"":{""high_action"":""split"",""order_decision"":""only_cost""},""phase"":""high""},{""action"":{""candidate_id"":0,""schedule_alpha"":1.0},""phase"":""select""},{""action"":{""search_k"":1,""search_strategy"":""default""},""phase"":""search""},{""action"":{""execution_action"":""none"",""lip_action"":""none""},""phase"":""low""},{""action"":{""high_action"":""split"",""order_decision"":""only_cost""},""phase"":""high""},{""action"":{""candidate_id"":0,""schedule_alpha"":1.0},""phase"":""select""},{""action"":{""search_k"":1,""search_strategy"":""default""},""phase"":""search""},{""action"":{""execution_action"":""none"",""lip_action"":""none""},""phase"":""low""},{""action"":{""high_action"":""stop"",""order_decision"":""only_cost""},""phase"":""high""},{""action"":{""search_k"":1,""search_strategy"":""default""},""phase"":""search""},{""action"":{""execution_action"":""none"",""lip_action"":""none""},""phase"":""low""}]"
JOB,b,./workloads/query_job/28b.sql,Full NQO,543.285697698593,106.801000000000,ok,1504c5fe4b85e0649828523441b52c0f8b7c17598529646d3d732ab63db821f5,1,,023b09d8b7169d1cf53f505f194d5403260133c6554d0c5a65c844ac2b0736b2,dd6c2e1c0770d04b0c3a59c132d182c6a095e1c176adf5f074651f0c2d6ea3ea,./results/models/job/random/b/best.pt,"[{""action"":{""high_action"":""split"",""order_decision"":""only_cost""},""phase"":""high""},{""action"":{""candidate_id"":4,""schedule_alpha"":1.0},""phase"":""select""},{""action"":{""search_k"":1,""search_strategy"":""default""},""phase"":""search""},{""action"":{""execution_action"":""none"",""lip_action"":""none""},""phase"":""low""},{""action"":{""high_action"":""split"",""order_decision"":""only_cost""},""phase"":""high""},{""action"":{""candidate_id"":1,""schedule_alpha"":1.0},""phase"":""select""},{""action"":{""search_k"":1,""search_strategy"":""default""},""phase"":""search""},{""action"":{""execution_action"":""none"",""lip_action"":""none""},""phase"":""low""},{""action"":{""high_action"":""split"",""order_decision"":""only_cost""},""phase"":""high""},{""action"":{""candidate_id"":0,""schedule_alpha"":1.0},""phase"":""select""},{""action"":{""search_k"":1,""search_strategy"":""default""},""phase"":""search""},{""action"":{""execution_action"":""none"",""lip_action"":""none""},""phase"":""low""},{""action"":{""high_action"":""split"",""order_decision"":""only_cost""},""phase"":""high""},{""action"":{""candidate_id"":2,""schedule_alpha"":1.0},""phase"":""select""},{""action"":{""search_k"":1,""search_strategy"":""default""},""phase"":""search""},{""action"":{""execution_action"":""none"",""lip_action"":""none""},""phase"":""low""},{""action"":{""high_action"":""split"",""order_decision"":""only_cost""},""phase"":""high""},{""action"":{""candidate_id"":0,""schedule_alpha"":1.0},""phase"":""select""},{""action"":{""search_k"":1,""search_strategy"":""default""},""phase"":""search""},{""action"":{""execution_action"":""none"",""lip_action"":""none""},""phase"":""low""},{""action"":{""high_action"":""stop"",""order_decision"":""only_cost""},""phase"":""high""},{""action"":{""search_k"":1,""search_strategy"":""default""},""phase"":""search""},{""action"":{""execution_action"":""none"",""lip_action"":""none""},""phase"":""low""}]"
JOB,b,./workloads/query_job/29b.sql,Full NQO,245.965108275414,130.033000000000,ok,6931843f19cb52122ed461369626a4f45f6b0550fbb8e5608f26c0a53fbfa63e,1,,238173bc5bdc20c3d2a9937214cfbc05941ac48bd96ce07241899a1c966d23af,adb022095098e0758c94bfb5860c56f2a104ca88634e1159f98157f9dd6ec7e0,./results/models/job/random/b/best.pt,"[{""action"":{""high_action"":""split"",""order_decision"":""only_cost""},""phase"":""high""},{""action"":{""candidate_id"":5,""schedule_alpha"":1.0},""phase"":""select""},{""action"":{""search_k"":1,""search_strategy"":""default""},""phase"":""search""},{""action"":{""execution_action"":""none"",""lip_action"":""none""},""phase"":""low""},{""action"":{""high_action"":""split"",""order_decision"":""only_cost""},""phase"":""high""},{""action"":{""candidate_id"":1,""schedule_alpha"":1.0},""phase"":""select""},{""action"":{""search_k"":1,""search_strategy"":""default""},""phase"":""search""},{""action"":{""execution_action"":""none"",""lip_action"":""none""},""phase"":""low""},{""action"":{""high_action"":""split"",""order_decision"":""only_cost""},""phase"":""high""},{""action"":{""candidate_id"":2,""schedule_alpha"":1.0},""phase"":""select""},{""action"":{""search_k"":1,""search_strategy"":""default""},""phase"":""search""},{""action"":{""execution_action"":""none"",""lip_action"":""none""},""phase"":""low""},{""action"":{""high_action"":""split"",""order_decision"":""only_cost""},""phase"":""high""},{""action"":{""candidate_id"":1,""schedule_alpha"":1.0},""phase"":""select""},{""action"":{""search_k"":1,""search_strategy"":""default""},""phase"":""search""},{""action"":{""execution_action"":""none"",""lip_action"":""none""},""phase"":""low""},{""action"":{""high_action"":""split"",""order_decision"":""only_cost""},""phase"":""high""},{""action"":{""candidate_id"":0,""schedule_alpha"":1.0},""phase"":""select""},{""action"":{""search_k"":1,""search_strategy"":""default""},""phase"":""search""},{""action"":{""execution_action"":""none"",""lip_action"":""none""},""phase"":""low""},{""action"":{""high_action"":""split"",""order_decision"":""only_cost""},""phase"":""high""},{""action"":{""candidate_id"":1,""schedule_alpha"":1.0},""phase"":""select""},{""action"":{""search_k"":1,""search_strategy"":""default""},""phase"":""search""},{""action"":{""execution_action"":""none"",""lip_action"":""none""},""phase"":""low""},{""action"":{""high_action"":""stop"",""order_decision"":""only_cost""},""phase"":""high""},{""action"":{""search_k"":1,""search_strategy"":""default""},""phase"":""search""},{""action"":{""execution_action"":""none"",""lip_action"":""none""},""phase"":""low""}]"
JOB,b,./workloads/query_job/2b.sql,Full NQO,618.683539330959,55.383000000000,ok,fc90f3c2c15c5abce95811297c6b9a8ee98e4e03347ce9e79c8ce8e6b57b03a0,1,,c7796dd8d0c1b7da7366a26897fbaf263ac0036a91454a7a2372141809d4304a,935178064c20ae7a8eb8e005db9be28c65a789bc27bd81f2ac38a248288b55f0,./results/models/job/random/b/best.pt,"[{""action"":{""high_action"":""stop"",""order_decision"":""only_cost""},""phase"":""high""},{""action"":{""search_k"":1,""search_strategy"":""default""},""phase"":""search""},{""action"":{""execution_action"":""none"",""lip_action"":""none""},""phase"":""low""}]"
JOB,b,./workloads/query_job/2c.sql,Full NQO,597.391553223133,47.560000000000,ok,4f78f1a55542d807d5eaabd4ee2244ee9ba0258958f7de1c1ef4598cd5b46ab1,1,,9b4c6fb85dd789ddb97c5c464a0975b8a17cf09d861774c6ead11dcfc8136572,0a17444a4bf345a176b3d2ca55f85fe2aeb23dbdeb1e6fb8c85f60cfca79e280,./results/models/job/random/b/best.pt,"[{""action"":{""high_action"":""stop"",""order_decision"":""only_cost""},""phase"":""high""},{""action"":{""search_k"":1,""search_strategy"":""default""},""phase"":""search""},{""action"":{""execution_action"":""none"",""lip_action"":""none""},""phase"":""low""}]"
JOB,b,./workloads/query_job/2d.sql,Full NQO,778.993569314480,58.310000000000,ok,d55d5656333bd757f053124d39c4d7de4605203e41f67c025f0cc73ff2c7b9bb,1,,13e746f7a57d1a4a0c3b24f9cb84351b705ed1220a0e462dca8fb16d1429131e,11a94416bb91c0c913b808b4d7d8a043c72e515abc5e477d3602e480c716f97f,./results/models/job/random/b/best.pt,"[{""action"":{""high_action"":""stop"",""order_decision"":""only_cost""},""phase"":""high""},{""action"":{""search_k"":1,""search_strategy"":""default""},""phase"":""search""},{""action"":{""execution_action"":""none"",""lip_action"":""none""},""phase"":""low""}]"
JOB,b,./workloads/query_job/3a.sql,Full NQO,274.317331612110,58.998000000000,ok,4446b454452e8db43636d58c5e3a7f9041b179149913a47dfd28d049a31e3f4d,1,,335652cf37d3466bee7ea3d4104f27b128c7fedc64266ce0dd0534b41858a028,4f3798f0f8d732cdbf1314fbb1152c4b79ef7f55428e7c694ea76ad7edc80aad,./results/models/job/random/b/best.pt,"[{""action"":{""high_action"":""stop"",""order_decision"":""only_cost""},""phase"":""high""},{""action"":{""search_k"":1,""search_strategy"":""default""},""phase"":""search""},{""action"":{""execution_action"":""none"",""lip_action"":""none""},""phase"":""low""}]"
JOB,b,./workloads/query_job/4c.sql,Full NQO,229.137405753136,45.013000000000,ok,5c9364f684db0004720ec4e9642a958681b071ff992dadc090178e95cc52235a,1,,8b326a722c93f49b0cdf8ee1d34a78b074c4796c733f602c0db24dd4ea9bb50d,1075f94d0954585dbc49d1b18917efe3f39e4935bb6c095d5711431370ba1169,./results/models/job/random/b/best.pt,"[{""action"":{""high_action"":""stop"",""order_decision"":""only_cost""},""phase"":""high""},{""action"":{""search_k"":1,""search_strategy"":""default""},""phase"":""search""},{""action"":{""execution_action"":""none"",""lip_action"":""none""},""phase"":""low""}]"
JOB,b,./workloads/query_job/5c.sql,Full NQO,357.079841196537,60.305000000000,ok,c63c0f430af977fe1bf0c51442b833d536b07965c22254d5a737a187719cc641,1,,4919f7ec00f2be5db8cc1650c33fccf19c4eb04ac3e3fed6b50be9979a79943e,e99595d3ea9aeef0d2c5ed83e577e7fa66223973fd4f4bb94f58b7f3910012e7,./results/models/job/random/b/best.pt,"[{""action"":{""high_action"":""stop"",""order_decision"":""only_cost""},""phase"":""high""},{""action"":{""search_k"":1,""search_strategy"":""default""},""phase"":""search""},{""action"":{""execution_action"":""none"",""lip_action"":""none""},""phase"":""low""}]"
JOB,b,./workloads/query_job/6a.sql,Full NQO,168.421506881714,80.448000000000,ok,2e45680981dcedf844899f966540a92734a6200fc0d8bd8a547ceba0d0cf631f,1,,dba491c605c900208bbe1fa664017eec7807afa9cf2e1cd542636cd5b3ef87e3,322e538e1250175a917b247946faab3ec7ed38d82a7fb8b53763dc01a0a9d64a,./results/models/job/random/b/best.pt,"[{""action"":{""high_action"":""split"",""order_decision"":""only_cost""},""phase"":""high""},{""action"":{""candidate_id"":1,""schedule_alpha"":1.0},""phase"":""select""},{""action"":{""search_k"":1,""search_strategy"":""default""},""phase"":""search""},{""action"":{""execution_action"":""none"",""lip_action"":""none""},""phase"":""low""},{""action"":{""high_action"":""stop"",""order_decision"":""only_cost""},""phase"":""high""},{""action"":{""search_k"":1,""search_strategy"":""default""},""phase"":""search""},{""action"":{""execution_action"":""none"",""lip_action"":""none""},""phase"":""low""}]"
JOB,b,./workloads/query_job/6c.sql,Full NQO,154.869809746742,105.569000000000,ok,eb15d11fcc635c0f71eefa80cad2069e9f06841887450ba39d0be7466e8da9dd,1,,b5ab2b861b58a4eb062c1f60d7908fc14b6e6f4a1279b3e34550e4f6e75cc8f6,1482ff093bbdf1cca9f551142ad34e1a13545852ba0bfc1ba61c1a2fe9abae48,./results/models/job/random/b/best.pt,"[{""action"":{""high_action"":""split"",""order_decision"":""only_cost""},""phase"":""high""},{""action"":{""candidate_id"":1,""schedule_alpha"":1.0},""phase"":""select""},{""action"":{""search_k"":1,""search_strategy"":""default""},""phase"":""search""},{""action"":{""execution_action"":""none"",""lip_action"":""none""},""phase"":""low""},{""action"":{""high_action"":""stop"",""order_decision"":""only_cost""},""phase"":""high""},{""action"":{""search_k"":1,""search_strategy"":""default""},""phase"":""search""},{""action"":{""execution_action"":""none"",""lip_action"":""none""},""phase"":""low""}]"
JOB,b,./workloads/query_job/7b.sql,Full NQO,498.131476342678,79.179000000000,ok,9d6ae68bd583de41667a4cae160a3da2b5ea5d39fe8dcce1e8fd3d20a5278abe,1,,a4af70c8ddc7aefb80d5af5fc2c6c6f015c889e7e9749ff733f02ecf52614e39,88d7af433f6ed21817ea4db96eaac0f0c8366c42d56cf1a215228b6804ddbf27,./results/models/job/random/b/best.pt,"[{""action"":{""high_action"":""split"",""order_decision"":""only_cost""},""phase"":""high""},{""action"":{""candidate_id"":2,""schedule_alpha"":1.0},""phase"":""select""},{""action"":{""search_k"":1,""search_strategy"":""default""},""phase"":""search""},{""action"":{""execution_action"":""none"",""lip_action"":""none""},""phase"":""low""},{""action"":{""high_action"":""split"",""order_decision"":""only_cost""},""phase"":""high""},{""action"":{""candidate_id"":1,""schedule_alpha"":1.0},""phase"":""select""},{""action"":{""search_k"":1,""search_strategy"":""default""},""phase"":""search""},{""action"":{""execution_action"":""none"",""lip_action"":""none""},""phase"":""low""},{""action"":{""high_action"":""split"",""order_decision"":""only_cost""},""phase"":""high""},{""action"":{""candidate_id"":0,""schedule_alpha"":1.0},""phase"":""select""},{""action"":{""search_k"":1,""search_strategy"":""default""},""phase"":""search""},{""action"":{""execution_action"":""none"",""lip_action"":""none""},""phase"":""low""},{""action"":{""high_action"":""stop"",""order_decision"":""only_cost""},""phase"":""high""},{""action"":{""search_k"":1,""search_strategy"":""default""},""phase"":""search""},{""action"":{""execution_action"":""none"",""lip_action"":""none""},""phase"":""low""}]"
JOB,b,./workloads/query_job/7c.sql,Full NQO,5009.968586266041,121.685000000000,ok,7cdabf89c2c21f17ae631979c9e8405f2f72c7561fa51440c4ebafa4ab13790d,1,,65b68abd58163b2223b12e2c9a95bd874670c6a467cda9a77607d5965b80e7d8,4a34051306ee2f8c4b96e552d9e9b23110da7da18bba6009446c2b7576275848,./results/models/job/random/b/best.pt,"[{""action"":{""high_action"":""split"",""order_decision"":""only_cost""},""phase"":""high""},{""action"":{""candidate_id"":2,""schedule_alpha"":1.0},""phase"":""select""},{""action"":{""search_k"":1,""search_strategy"":""default""},""phase"":""search""},{""action"":{""execution_action"":""none"",""lip_action"":""none""},""phase"":""low""},{""action"":{""high_action"":""split"",""order_decision"":""only_cost""},""phase"":""high""},{""action"":{""candidate_id"":2,""schedule_alpha"":1.0},""phase"":""select""},{""action"":{""search_k"":1,""search_strategy"":""default""},""phase"":""search""},{""action"":{""execution_action"":""none"",""lip_action"":""none""},""phase"":""low""},{""action"":{""high_action"":""split"",""order_decision"":""only_cost""},""phase"":""high""},{""action"":{""candidate_id"":0,""schedule_alpha"":1.0},""phase"":""select""},{""action"":{""search_k"":1,""search_strategy"":""default""},""phase"":""search""},{""action"":{""execution_action"":""none"",""lip_action"":""none""},""phase"":""low""},{""action"":{""high_action"":""stop"",""order_decision"":""only_cost""},""phase"":""high""},{""action"":{""search_k"":1,""search_strategy"":""default""},""phase"":""search""},{""action"":{""execution_action"":""none"",""lip_action"":""none""},""phase"":""low""}]"
JOB,b,./workloads/query_job/8b.sql,Full NQO,593.742758035660,76.814000000000,ok,e5b0fc3c68184c62fd7ca88151a039904e2fc3708d4c2773297d07ecda52eef1,1,,88ffaa85f9f7a0e48366e3c169118cc5babe2754f4e18ca1bcfb91b14b9843f0,3c736318ed112301271e3717df58be7a11335a0cca2f92964eeec70810aa78ab,./results/models/job/random/b/best.pt,"[{""action"":{""high_action"":""stop"",""order_decision"":""only_cost""},""phase"":""high""},{""action"":{""search_k"":1,""search_strategy"":""default""},""phase"":""search""},{""action"":{""execution_action"":""none"",""lip_action"":""none""},""phase"":""low""}]"
JOB,b,./workloads/query_job/8c.sql,Full NQO,5010.342836380005,59.285000000000,ok,ca648dbd161cd660e79b73f4d2feac37247f699997bfceb70abcc975adab600b,1,,e88e75d64722f698374b46c6a3792f5b0a7d7e1dc85d43580d6204e35dd046c2,20e3062e7125b94c5ba5a167eaf1a149464c09080553e5e1c130d3b3a36819ec,./results/models/job/random/b/best.pt,"[{""action"":{""high_action"":""stop"",""order_decision"":""only_cost""},""phase"":""high""},{""action"":{""search_k"":1,""search_strategy"":""default""},""phase"":""search""},{""action"":{""execution_action"":""none"",""lip_action"":""none""},""phase"":""low""}]"
JOB,c,./workloads/query_job/11a.sql,Full NQO,315.558537840843,159.389000000000,ok,83811c5c01e3bdbafff3ac6671360f1cb19c1452dd9ec0b095bcd21856c36865,1,,bebe00cd8355d15fab0408281be717a2ed24ef3cbe2542d1e232f8ad5bdd3d6c,331643e91a55a474a59f19145f64b588870cf6d0f46dbba02b10dec806f57041,./results/models/job/random/c/best.pt,"[{""action"":{""high_action"":""split"",""order_decision"":""only_cost""},""phase"":""high""},{""action"":{""candidate_id"":1,""schedule_alpha"":0.5},""phase"":""select""},{""action"":{""search_k"":1,""search_strategy"":""default""},""phase"":""search""},{""action"":{""execution_action"":""none"",""lip_action"":""none""},""phase"":""low""},{""action"":{""high_action"":""split"",""order_decision"":""only_cost""},""phase"":""high""},{""action"":{""candidate_id"":1,""schedule_alpha"":0.5},""phase"":""select""},{""action"":{""search_k"":1,""search_strategy"":""default""},""phase"":""search""},{""action"":{""execution_action"":""none"",""lip_action"":""none""},""phase"":""low""},{""action"":{""high_action"":""stop"",""order_decision"":""only_cost""},""phase"":""high""},{""action"":{""search_k"":1,""search_strategy"":""default""},""phase"":""search""},{""action"":{""execution_action"":""none"",""lip_action"":""none""},""phase"":""low""}]"
JOB,c,./workloads/query_job/12a.sql,Full NQO,766.239300370216,160.009000000000,ok,859e14caaec80c8e1bdf8043bc9dbcdc6810582adf44e5ae0ea485fc5cb8ed01,1,,3f468388c8bfa0ca74690321ae1d6dc69338d1ed8efbb39f7c3a3817855e8598,5b38b6ceeb323cfb20b07f84abd589ad688b1c3d14912c191ee807f85554255a,./results/models/job/random/c/best.pt,"[{""action"":{""high_action"":""split"",""order_decision"":""only_cost""},""phase"":""high""},{""action"":{""candidate_id"":2,""schedule_alpha"":0.5},""phase"":""select""},{""action"":{""search_k"":1,""search_strategy"":""default""},""phase"":""search""},{""action"":{""execution_action"":""none"",""lip_action"":""none""},""phase"":""low""},{""action"":{""high_action"":""split"",""order_decision"":""only_cost""},""phase"":""high""},{""action"":{""candidate_id"":1,""schedule_alpha"":0.5},""phase"":""select""},{""action"":{""search_k"":1,""search_strategy"":""default""},""phase"":""search""},{""action"":{""execution_action"":""none"",""lip_action"":""none""},""phase"":""low""},{""action"":{""high_action"":""stop"",""order_decision"":""only_cost""},""phase"":""high""},{""action"":{""search_k"":1,""search_strategy"":""default""},""phase"":""search""},{""action"":{""execution_action"":""none"",""lip_action"":""none""},""phase"":""low""}]"
JOB,c,./workloads/query_job/13c.sql,Full NQO,1329.354077577591,98.324000000000,ok,62d718231272d8795fb939428fb8d114fb4735e7ff7ba5aa1c8431e0dd880cb9,1,,e9e930cd9c090581246bfa44b93e4094eaeea664b0477618fe26a49737edc31e,1d64ae2a5542107b8cb20131d9e02e889595e36d84a79384b40825916af174dd,./results/models/job/random/c/best.pt,"[{""action"":{""high_action"":""split"",""order_decision"":""only_cost""},""phase"":""high""},{""action"":{""candidate_id"":2,""schedule_alpha"":0.5},""phase"":""select""},{""action"":{""search_k"":1,""search_strategy"":""default""},""phase"":""search""},{""action"":{""execution_action"":""none"",""lip_action"":""none""},""phase"":""low""},{""action"":{""high_action"":""split"",""order_decision"":""only_cost""},""phase"":""high""},{""action"":{""candidate_id"":0,""schedule_alpha"":0.5},""phase"":""select""},{""action"":{""search_k"":1,""search_strategy"":""default""},""phase"":""search""},{""action"":{""execution_action"":""conservative"",""lip_action"":""selective""},""phase"":""low""},{""action"":{""high_action"":""split"",""order_decision"":""only_cost""},""phase"":""high""},{""action"":{""candidate_id"":0,""schedule_alpha"":0.5},""phase"":""select""},{""action"":{""search_k"":1,""search_strategy"":""default""},""phase"":""search""},{""action"":{""execution_action"":""none"",""lip_action"":""none""},""phase"":""low""},{""action"":{""high_action"":""stop"",""order_decision"":""only_cost""},""phase"":""high""},{""action"":{""search_k"":1,""search_strategy"":""default""},""phase"":""search""},{""action"":{""execution_action"":""none"",""lip_action"":""none""},""phase"":""low""}]"
JOB,c,./workloads/query_job/14a.sql,Full NQO,514.985896646976,59.398000000000,ok,f13c3a0e601dd42f5abd41675e0438c06c7c79b9e0a6b2e6974fe4952b94c09e,1,,6487e56609d3d9319a0a333d132a980b6a32c9f5ddb3fe861f5b8adc7d1a9971,8184d503379849fe36d73ac3a194012a5eeaf0ecd723bdd44ebe8c961f9099ef,./results/models/job/random/c/best.pt,"[{""action"":{""high_action"":""split"",""order_decision"":""only_cost""},""phase"":""high""},{""action"":{""candidate_id"":2,""schedule_alpha"":0.5},""phase"":""select""},{""action"":{""search_k"":1,""search_strategy"":""default""},""phase"":""search""},{""action"":{""execution_action"":""none"",""lip_action"":""none""},""phase"":""low""},{""action"":{""high_action"":""split"",""order_decision"":""only_cost""},""phase"":""high""},{""action"":{""candidate_id"":0,""schedule_alpha"":0.5},""phase"":""select""},{""action"":{""search_k"":1,""search_strategy"":""default""},""phase"":""search""},{""action"":{""execution_action"":""conservative"",""lip_action"":""selective""},""phase"":""low""},{""action"":{""high_action"":""split"",""order_decision"":""only_cost""},""phase"":""high""},{""action"":{""candidate_id"":1,""schedule_alpha"":0.5},""phase"":""select""},{""action"":{""search_k"":1,""search_strategy"":""default""},""phase"":""search""},{""action"":{""execution_action"":""none"",""lip_action"":""none""},""phase"":""low""},{""action"":{""high_action"":""stop"",""order_decision"":""only_cost""},""phase"":""high""},{""action"":{""search_k"":1,""search_strategy"":""default""},""phase"":""search""},{""action"":{""execution_action"":""none"",""lip_action"":""none""},""phase"":""low""}]"
JOB,c,./workloads/query_job/15a.sql,Full NQO,860.909581184387,193.800000000000,ok,0bf74f571c854c91dada16e78f6a511682855e8364304c1e74a2715a468ad523,1,,9e2eebd9091956d24d63ec84a5691ff08bfda0fc4e2a4592bce4eccb1fccf71c,4171d901cd294ee8d082dda5230178794c76dd76f36d30dd4862e578475cb518,./results/models/job/random/c/best.pt,"[{""action"":{""high_action"":""split"",""order_decision"":""only_cost""},""phase"":""high""},{""action"":{""candidate_id"":2,""schedule_alpha"":0.5},""phase"":""select""},{""action"":{""search_k"":1,""search_strategy"":""default""},""phase"":""search""},{""action"":{""execution_action"":""none"",""lip_action"":""none""},""phase"":""low""},{""action"":{""high_action"":""split"",""order_decision"":""only_cost""},""phase"":""high""},{""action"":{""candidate_id"":1,""schedule_alpha"":0.5},""phase"":""select""},{""action"":{""search_k"":1,""search_strategy"":""default""},""phase"":""search""},{""action"":{""execution_action"":""none"",""lip_action"":""none""},""phase"":""low""},{""action"":{""high_action"":""split"",""order_decision"":""only_cost""},""phase"":""high""},{""action"":{""candidate_id"":0,""schedule_alpha"":0.5},""phase"":""select""},{""action"":{""search_k"":1,""search_strategy"":""default""},""phase"":""search""},{""action"":{""execution_action"":""none"",""lip_action"":""none""},""phase"":""low""},{""action"":{""high_action"":""stop"",""order_decision"":""only_cost""},""phase"":""high""},{""action"":{""search_k"":1,""search_strategy"":""default""},""phase"":""search""},{""action"":{""execution_action"":""none"",""lip_action"":""none""},""phase"":""low""}]"
JOB,c,./workloads/query_job/15b.sql,Full NQO,326.998539268970,207.043000000000,ok,b25c3f018dd147bf4abce160072d7f8ba5b0f3abbe07bec34bc2e8b72eefff81,1,,3f55302c01f440a8ed2bead85f5ca08a7ec51d75caa549ce98d56cef32a16282,cd81f23bd129bde1fd841246f69c2eea31079cc33c2241588dc250f84c6475c7,./results/models/job/random/c/best.pt,"[{""action"":{""high_action"":""split"",""order_decision"":""only_cost""},""phase"":""high""},{""action"":{""candidate_id"":1,""schedule_alpha"":0.5},""phase"":""select""},{""action"":{""search_k"":1,""search_strategy"":""default""},""phase"":""search""},{""action"":{""execution_action"":""none"",""lip_action"":""none""},""phase"":""low""},{""action"":{""high_action"":""split"",""order_decision"":""only_cost""},""phase"":""high""},{""action"":{""candidate_id"":1,""schedule_alpha"":0.5},""phase"":""select""},{""action"":{""search_k"":1,""search_strategy"":""default""},""phase"":""search""},{""action"":{""execution_action"":""none"",""lip_action"":""none""},""phase"":""low""},{""action"":{""high_action"":""split"",""order_decision"":""only_cost""},""phase"":""high""},{""action"":{""candidate_id"":0,""schedule_alpha"":0.5},""phase"":""select""},{""action"":{""search_k"":1,""search_strategy"":""default""},""phase"":""search""},{""action"":{""execution_action"":""none"",""lip_action"":""none""},""phase"":""low""},{""action"":{""high_action"":""stop"",""order_decision"":""only_cost""},""phase"":""high""},{""action"":{""search_k"":1,""search_strategy"":""default""},""phase"":""search""},{""action"":{""execution_action"":""none"",""lip_action"":""none""},""phase"":""low""}]"
JOB,c,./workloads/query_job/16c.sql,Full NQO,1672.325283288956,102.263000000000,ok,1318f60bc0ac9eb3ca4ac578870bec99e9ac05ece5a440ba30e253efb9ea5aeb,1,,d8de59bd1a95c7e471e0d164674163a80b66ebc76e6d68e82b902a5da988173f,455cadd99b396a086ee10aaf254cb7537b99962b7da955a40a21845286a32c38,./results/models/job/random/c/best.pt,"[{""action"":{""high_action"":""split"",""order_decision"":""only_cost""},""phase"":""high""},{""action"":{""candidate_id"":3,""schedule_alpha"":0.5},""phase"":""select""},{""action"":{""search_k"":1,""search_strategy"":""default""},""phase"":""search""},{""action"":{""execution_action"":""none"",""lip_action"":""none""},""phase"":""low""},{""action"":{""high_action"":""split"",""order_decision"":""only_cost""},""phase"":""high""},{""action"":{""candidate_id"":2,""schedule_alpha"":0.5},""phase"":""select""},{""action"":{""search_k"":1,""search_strategy"":""default""},""phase"":""search""},{""action"":{""execution_action"":""conservative"",""lip_action"":""selective""},""phase"":""low""},{""action"":{""high_action"":""split"",""order_decision"":""only_cost""},""phase"":""high""},{""action"":{""candidate_id"":1,""schedule_alpha"":0.5},""phase"":""select""},{""action"":{""search_k"":1,""search_strategy"":""default""},""phase"":""search""},{""action"":{""execution_action"":""none"",""lip_action"":""none""},""phase"":""low""},{""action"":{""high_action"":""stop"",""order_decision"":""only_cost""},""phase"":""high""},{""action"":{""search_k"":1,""search_strategy"":""default""},""phase"":""search""},{""action"":{""execution_action"":""none"",""lip_action"":""none""},""phase"":""low""}]"
JOB,c,./workloads/query_job/16d.sql,Full NQO,1364.527523517609,63.577000000000,ok,1318f60bc0ac9eb3ca4ac578870bec99e9ac05ece5a440ba30e253efb9ea5aeb,1,,15fd3f31f5fff9aa8e4a23529343029f1403a157ab8e9855d174d4ff260e0e83,cf24d8b8f8954a13ee7451082ae5fc5f4e842e48955d490bf1aed51853529b24,./results/models/job/random/c/best.pt,"[{""action"":{""high_action"":""split"",""order_decision"":""only_cost""},""phase"":""high""},{""action"":{""candidate_id"":3,""schedule_alpha"":0.5},""phase"":""select""},{""action"":{""search_k"":1,""search_strategy"":""default""},""phase"":""search""},{""action"":{""execution_action"":""none"",""lip_action"":""none""},""phase"":""low""},{""action"":{""high_action"":""split"",""order_decision"":""only_cost""},""phase"":""high""},{""action"":{""candidate_id"":2,""schedule_alpha"":0.5},""phase"":""select""},{""action"":{""search_k"":1,""search_strategy"":""default""},""phase"":""search""},{""action"":{""execution_action"":""conservative"",""lip_action"":""selective""},""phase"":""low""},{""action"":{""high_action"":""split"",""order_decision"":""only_cost""},""phase"":""high""},{""action"":{""candidate_id"":1,""schedule_alpha"":0.5},""phase"":""select""},{""action"":{""search_k"":1,""search_strategy"":""default""},""phase"":""search""},{""action"":{""execution_action"":""none"",""lip_action"":""none""},""phase"":""low""},{""action"":{""high_action"":""stop"",""order_decision"":""only_cost""},""phase"":""high""},{""action"":{""search_k"":1,""search_strategy"":""default""},""phase"":""search""},{""action"":{""execution_action"":""none"",""lip_action"":""none""},""phase"":""low""}]"
JOB,c,./workloads/query_job/17a.sql,Full NQO,5447.128929197788,73.457000000000,ok,12f3484b478e4f8b8c8fb87fad1c71c58c270dfee71990c3ecc25050d8a36b0f,1,,a5305dea2bab99b38242cbbf144a934d8b07ad8fef4280258e0f9fcf6792c4f7,8870b00e12cda7308205a2f4c3252113d63b05c81b69fd858a0dd6648a71f6f2,./results/models/job/random/c/best.pt,"[{""action"":{""high_action"":""split"",""order_decision"":""only_cost""},""phase"":""high""},{""action"":{""candidate_id"":2,""schedule_alpha"":0.5},""phase"":""select""},{""action"":{""search_k"":1,""search_strategy"":""default""},""phase"":""search""},{""action"":{""execution_action"":""none"",""lip_action"":""none""},""phase"":""low""},{""action"":{""high_action"":""split"",""order_decision"":""only_cost""},""phase"":""high""},{""action"":{""candidate_id"":1,""schedule_alpha"":0.5},""phase"":""select""},{""action"":{""search_k"":1,""search_strategy"":""default""},""phase"":""search""},{""action"":{""execution_action"":""conservative"",""lip_action"":""selective""},""phase"":""low""},{""action"":{""high_action"":""stop"",""order_decision"":""only_cost""},""phase"":""high""},{""action"":{""search_k"":1,""search_strategy"":""default""},""phase"":""search""},{""action"":{""execution_action"":""none"",""lip_action"":""none""},""phase"":""low""}]"
JOB,c,./workloads/query_job/17b.sql,Full NQO,5676.744230091572,43.529000000000,ok,de642ce5a04416b5f5d58162138ce38932542abd6a7a7a08d538f1a6fc288f85,1,,8d8821e2e9c29e48b220ba38af21acd584bc089c1835ece7c9769c3712734145,dc80626d4af679911b34dea67d1a328d62a0140673a9720b1319650d3ecc6573,./results/models/job/random/c/best.pt,"[{""action"":{""high_action"":""split"",""order_decision"":""only_cost""},""phase"":""high""},{""action"":{""candidate_id"":2,""schedule_alpha"":0.5},""phase"":""select""},{""action"":{""search_k"":1,""search_strategy"":""default""},""phase"":""search""},{""action"":{""execution_action"":""none"",""lip_action"":""none""},""phase"":""low""},{""action"":{""high_action"":""split"",""order_decision"":""only_cost""},""phase"":""high""},{""action"":{""candidate_id"":0,""schedule_alpha"":0.5},""phase"":""select""},{""action"":{""search_k"":1,""search_strategy"":""default""},""phase"":""search""},{""action"":{""execution_action"":""conservative"",""lip_action"":""selective""},""phase"":""low""},{""action"":{""high_action"":""stop"",""order_decision"":""only_cost""},""phase"":""high""},{""action"":{""search_k"":1,""search_strategy"":""default""},""phase"":""search""},{""action"":{""execution_action"":""conservative"",""lip_action"":""selective""},""phase"":""low""}]"
JOB,c,./workloads/query_job/17c.sql,Full NQO,1005.763761699200,135.030000000000,ok,89318885181be4671a585035246d501b4eb546101d7a71035ac9eaf20c99bdff,1,,4f83e84a06dfa5a876edceea62f3e0ce4f41327675bad39b4f489d0fe1235d5d,885182f330f14d68fa7721b6032e2d78083078b8a2d83e186b0c48214387186e,./results/models/job/random/c/best.pt,"[{""action"":{""high_action"":""split"",""order_decision"":""only_cost""},""phase"":""high""},{""action"":{""candidate_id"":2,""schedule_alpha"":0.5},""phase"":""select""},{""action"":{""search_k"":1,""search_strategy"":""default""},""phase"":""search""},{""action"":{""execution_action"":""none"",""lip_action"":""none""},""phase"":""low""},{""action"":{""high_action"":""split"",""order_decision"":""only_cost""},""phase"":""high""},{""action"":{""candidate_id"":0,""schedule_alpha"":0.5},""phase"":""select""},{""action"":{""search_k"":1,""search_strategy"":""default""},""phase"":""search""},{""action"":{""execution_action"":""none"",""lip_action"":""none""},""phase"":""low""},{""action"":{""high_action"":""stop"",""order_decision"":""only_cost""},""phase"":""high""},{""action"":{""search_k"":1,""search_strategy"":""default""},""phase"":""search""},{""action"":{""execution_action"":""none"",""lip_action"":""none""},""phase"":""low""}]"
JOB,c,./workloads/query_job/17e.sql,Full NQO,5596.808619797230,142.569000000000,ok,f737f87f1aee3edfa2a8464fe8782aa3d0139b69867ac6bfd244eb890fff19b5,1,,82d046613835b39702f8fab98496fc219de0c93a710e6c1e91cd19691848cd5f,4bcf8513e4f1136d0a304bf1ca3dc7e1525e4dcd581a703ed3612f5e43d67c71,./results/models/job/random/c/best.pt,"[{""action"":{""high_action"":""split"",""order_decision"":""only_cost""},""phase"":""high""},{""action"":{""candidate_id"":2,""schedule_alpha"":0.5},""phase"":""select""},{""action"":{""search_k"":1,""search_strategy"":""default""},""phase"":""search""},{""action"":{""execution_action"":""none"",""lip_action"":""none""},""phase"":""low""},{""action"":{""high_action"":""split"",""order_decision"":""only_cost""},""phase"":""high""},{""action"":{""candidate_id"":1,""schedule_alpha"":0.5},""phase"":""select""},{""action"":{""search_k"":1,""search_strategy"":""default""},""phase"":""search""},{""action"":{""execution_action"":""conservative"",""lip_action"":""selective""},""phase"":""low""},{""action"":{""high_action"":""stop"",""order_decision"":""only_cost""},""phase"":""high""},{""action"":{""search_k"":1,""search_strategy"":""default""},""phase"":""search""},{""action"":{""execution_action"":""none"",""lip_action"":""none""},""phase"":""low""}]"
JOB,c,./workloads/query_job/19d.sql,Full NQO,6838.759347796440,66.826000000000,ok,a4539f795d93860062d39d330febb9a7e2eba327a0dde36ea917ef25d81da7fb,1,,27d02916331b6466cc645ed9c3f672b0e833ca53fe1e31c853c85e190b7d73f1,c4f43517acf27807b16285f8039349bea8e35de1ab1e7e720732a453411a0744,./results/models/job/random/c/best.pt,"[{""action"":{""high_action"":""split"",""order_decision"":""only_cost""},""phase"":""high""},{""action"":{""candidate_id"":1,""schedule_alpha"":0.5},""phase"":""select""},{""action"":{""search_k"":1,""search_strategy"":""default""},""phase"":""search""},{""action"":{""execution_action"":""none"",""lip_action"":""none""},""phase"":""low""},{""action"":{""high_action"":""split"",""order_decision"":""only_cost""},""phase"":""high""},{""action"":{""candidate_id"":0,""schedule_alpha"":0.5},""phase"":""select""},{""action"":{""search_k"":1,""search_strategy"":""default""},""phase"":""search""},{""action"":{""execution_action"":""none"",""lip_action"":""none""},""phase"":""low""},{""action"":{""high_action"":""split"",""order_decision"":""only_cost""},""phase"":""high""},{""action"":{""candidate_id"":1,""schedule_alpha"":0.5},""phase"":""select""},{""action"":{""search_k"":1,""search_strategy"":""default""},""phase"":""search""},{""action"":{""execution_action"":""conservative"",""lip_action"":""selective""},""phase"":""low""},{""action"":{""high_action"":""stop"",""order_decision"":""only_cost""},""phase"":""high""},{""action"":{""search_k"":1,""search_strategy"":""default""},""phase"":""search""},{""action"":{""execution_action"":""conservative"",""lip_action"":""selective""},""phase"":""low""}]"
JOB,c,./workloads/query_job/1b.sql,Full NQO,138.006806373596,117.613000000000,ok,be1d6ac40c20f262e1328dfd04b2021cc535502e6b32eff765a057282a5df4f7,1,,c6e0cf18128bdbce9601e3358198f681c10d5862471045cd724113048e9b2060,d5516c82035194f811cc74720aff44a464bf74ab0fc4c3adfa088560b1a844fc,./results/models/job/random/c/best.pt,"[{""action"":{""high_action"":""split"",""order_decision"":""only_cost""},""phase"":""high""},{""action"":{""candidate_id"":1,""schedule_alpha"":0.5},""phase"":""select""},{""action"":{""search_k"":1,""search_strategy"":""default""},""phase"":""search""},{""action"":{""execution_action"":""none"",""lip_action"":""none""},""phase"":""low""},{""action"":{""high_action"":""stop"",""order_decision"":""only_cost""},""phase"":""high""},{""action"":{""search_k"":1,""search_strategy"":""default""},""phase"":""search""},{""action"":{""execution_action"":""none"",""lip_action"":""none""},""phase"":""low""}]"
JOB,c,./workloads/query_job/1c.sql,Full NQO,480.357319116592,98.135000000000,ok,c9cfeb2c53a9c7d56ba455c5c333a8fac5db32559ebd94b17f2dbd68a69e1122,1,,cd8271cf84fca4685d4374bf1e427a43d29013d55cba14421f2e6e0cf7304815,47a1beaec78491807c82a3ce9bce31926c23dbb626131f17b170c4c3d9944c7b,./results/models/job/random/c/best.pt,"[{""action"":{""high_action"":""split"",""order_decision"":""only_cost""},""phase"":""high""},{""action"":{""candidate_id"":0,""schedule_alpha"":0.5},""phase"":""select""},{""action"":{""search_k"":1,""search_strategy"":""default""},""phase"":""search""},{""action"":{""execution_action"":""none"",""lip_action"":""none""},""phase"":""low""},{""action"":{""high_action"":""stop"",""order_decision"":""only_cost""},""phase"":""high""},{""action"":{""search_k"":1,""search_strategy"":""default""},""phase"":""search""},{""action"":{""execution_action"":""none"",""lip_action"":""none""},""phase"":""low""}]"
JOB,c,./workloads/query_job/20c.sql,Full NQO,1157.084196805954,58.894000000000,ok,568e7928022d673040c12df4a67123a0784853e4f2fd144a3c3ad416f6a0ff39,1,,95a5b01ef813acd242535f3b073b36c4bb1bdda45b95ece0d5084b4b0c8bafd6,39ba1422e34d8fa29ba279637a44139433d997d57c4887565e8219fe2a177b1c,./results/models/job/random/c/best.pt,"[{""action"":{""high_action"":""split"",""order_decision"":""only_cost""},""phase"":""high""},{""action"":{""candidate_id"":2,""schedule_alpha"":0.5},""phase"":""select""},{""action"":{""search_k"":1,""search_strategy"":""default""},""phase"":""search""},{""action"":{""execution_action"":""none"",""lip_action"":""none""},""phase"":""low""},{""action"":{""high_action"":""split"",""order_decision"":""only_cost""},""phase"":""high""},{""action"":{""candidate_id"":2,""schedule_alpha"":0.5},""phase"":""select""},{""action"":{""search_k"":1,""search_strategy"":""default""},""phase"":""search""},{""action"":{""execution_action"":""conservative"",""lip_action"":""selective""},""phase"":""low""},{""action"":{""high_action"":""split"",""order_decision"":""only_cost""},""phase"":""high""},{""action"":{""candidate_id"":0,""schedule_alpha"":0.5},""phase"":""select""},{""action"":{""search_k"":1,""search_strategy"":""default""},""phase"":""search""},{""action"":{""execution_action"":""conservative"",""lip_action"":""selective""},""phase"":""low""},{""action"":{""high_action"":""stop"",""order_decision"":""only_cost""},""phase"":""high""},{""action"":{""search_k"":1,""search_strategy"":""default""},""phase"":""search""},{""action"":{""execution_action"":""none"",""lip_action"":""none""},""phase"":""low""}]"
JOB,c,./workloads/query_job/21a.sql,Full NQO,368.382677435875,197.111000000000,ok,6114bcae99606cbd64c86c8dd7da67c69f8e545ea60c5213503552460a7306d0,1,,707ba6d41e3b4350ecf28ee210653cec2d7c9e1e9b74773592ae4a13f30dcccd,68099d88a205dc7d9adfd1835d517dbc455c33f99e5ae8c7d5afb16dd7406fed,./results/models/job/random/c/best.pt,"[{""action"":{""high_action"":""split"",""order_decision"":""only_cost""},""phase"":""high""},{""action"":{""candidate_id"":2,""schedule_alpha"":0.5},""phase"":""select""},{""action"":{""search_k"":1,""search_strategy"":""default""},""phase"":""search""},{""action"":{""execution_action"":""none"",""lip_action"":""none""},""phase"":""low""},{""action"":{""high_action"":""split"",""order_decision"":""only_cost""},""phase"":""high""},{""action"":{""candidate_id"":2,""schedule_alpha"":0.5},""phase"":""select""},{""action"":{""search_k"":1,""search_strategy"":""default""},""phase"":""search""},{""action"":{""execution_action"":""none"",""lip_action"":""none""},""phase"":""low""},{""action"":{""high_action"":""split"",""order_decision"":""only_cost""},""phase"":""high""},{""action"":{""candidate_id"":0,""schedule_alpha"":0.5},""phase"":""select""},{""action"":{""search_k"":1,""search_strategy"":""default""},""phase"":""search""},{""action"":{""execution_action"":""none"",""lip_action"":""none""},""phase"":""low""},{""action"":{""high_action"":""stop"",""order_decision"":""only_cost""},""phase"":""high""},{""action"":{""search_k"":1,""search_strategy"":""default""},""phase"":""search""},{""action"":{""execution_action"":""none"",""lip_action"":""none""},""phase"":""low""}]"
JOB,c,./workloads/query_job/21b.sql,Full NQO,339.379049837589,179.466000000000,ok,1da28682b56bf46849a42e55ba2b328e656ccb98f2f56a02e22549b0a2dec397,1,,d10c951b1fe7c3cee3507404f958fb6a03650b7473aa028c6c5704695b11eaf4,9d212f0391a985d9c678ea07ea4cd9f04dea5554cf0b965a76cec0b197a5573d,./results/models/job/random/c/best.pt,"[{""action"":{""high_action"":""split"",""order_decision"":""only_cost""},""phase"":""high""},{""action"":{""candidate_id"":2,""schedule_alpha"":0.5},""phase"":""select""},{""action"":{""search_k"":1,""search_strategy"":""default""},""phase"":""search""},{""action"":{""execution_action"":""none"",""lip_action"":""none""},""phase"":""low""},{""action"":{""high_action"":""split"",""order_decision"":""only_cost""},""phase"":""high""},{""action"":{""candidate_id"":2,""schedule_alpha"":0.5},""phase"":""select""},{""action"":{""search_k"":1,""search_strategy"":""default""},""phase"":""search""},{""action"":{""execution_action"":""none"",""lip_action"":""none""},""phase"":""low""},{""action"":{""high_action"":""split"",""order_decision"":""only_cost""},""phase"":""high""},{""action"":{""candidate_id"":0,""schedule_alpha"":0.5},""phase"":""select""},{""action"":{""search_k"":1,""search_strategy"":""default""},""phase"":""search""},{""action"":{""execution_action"":""none"",""lip_action"":""none""},""phase"":""low""},{""action"":{""high_action"":""stop"",""order_decision"":""only_cost""},""phase"":""high""},{""action"":{""search_k"":1,""search_strategy"":""default""},""phase"":""search""},{""action"":{""execution_action"":""none"",""lip_action"":""none""},""phase"":""low""}]"
JOB,c,./workloads/query_job/21c.sql,Full NQO,495.996654033661,304.103000000000,ok,83811c5c01e3bdbafff3ac6671360f1cb19c1452dd9ec0b095bcd21856c36865,1,,28b2462492b064d70e1bacc811eb1f69b1e786641c8ca29eaf7854859a6d2b68,4af239a5dc4d0d5686c058d5941b6f7abf5da2a5fc610d01c300523aa595a179,./results/models/job/random/c/best.pt,"[{""action"":{""high_action"":""split"",""order_decision"":""only_cost""},""phase"":""high""},{""action"":{""candidate_id"":2,""schedule_alpha"":0.5},""phase"":""select""},{""action"":{""search_k"":1,""search_strategy"":""default""},""phase"":""search""},{""action"":{""execution_action"":""none"",""lip_action"":""none""},""phase"":""low""},{""action"":{""high_action"":""split"",""order_decision"":""only_cost""},""phase"":""high""},{""action"":{""candidate_id"":2,""schedule_alpha"":0.5},""phase"":""select""},{""action"":{""search_k"":1,""search_strategy"":""default""},""phase"":""search""},{""action"":{""execution_action"":""none"",""lip_action"":""none""},""phase"":""low""},{""action"":{""high_action"":""split"",""order_decision"":""only_cost""},""phase"":""high""},{""action"":{""candidate_id"":0,""schedule_alpha"":0.5},""phase"":""select""},{""action"":{""search_k"":1,""search_strategy"":""default""},""phase"":""search""},{""action"":{""execution_action"":""none"",""lip_action"":""none""},""phase"":""low""},{""action"":{""high_action"":""stop"",""order_decision"":""only_cost""},""phase"":""high""},{""action"":{""search_k"":1,""search_strategy"":""default""},""phase"":""search""},{""action"":{""execution_action"":""none"",""lip_action"":""none""},""phase"":""low""}]"
JOB,c,./workloads/query_job/23a.sql,Full NQO,811.920553445816,99.980000000000,ok,e33290c8b8a911bae419941260d0bb2e09cceab157ff21cbd4088e50c3a1cc9b,1,,619023cf2a31b273e95982b97cc9a8631c332571f656328053af79c8bf84c9d9,fef89d22d3d0657d9f80a18454d078ece1e6c96930a348623a3923cd80eccb58,./results/models/job/random/c/best.pt,"[{""action"":{""high_action"":""split"",""order_decision"":""only_cost""},""phase"":""high""},{""action"":{""candidate_id"":2,""schedule_alpha"":0.5},""phase"":""select""},{""action"":{""search_k"":1,""search_strategy"":""default""},""phase"":""search""},{""action"":{""execution_action"":""none"",""lip_action"":""none""},""phase"":""low""},{""action"":{""high_action"":""split"",""order_decision"":""only_cost""},""phase"":""high""},{""action"":{""candidate_id"":1,""schedule_alpha"":0.5},""phase"":""select""},{""action"":{""search_k"":1,""search_strategy"":""default""},""phase"":""search""},{""action"":{""execution_action"":""conservative"",""lip_action"":""selective""},""phase"":""low""},{""action"":{""high_action"":""split"",""order_decision"":""only_cost""},""phase"":""high""},{""action"":{""candidate_id"":0,""schedule_alpha"":0.5},""phase"":""select""},{""action"":{""search_k"":1,""search_strategy"":""default""},""phase"":""search""},{""action"":{""execution_action"":""conservative"",""lip_action"":""selective""},""phase"":""low""},{""action"":{""high_action"":""split"",""order_decision"":""only_cost""},""phase"":""high""},{""action"":{""candidate_id"":0,""schedule_alpha"":0.5},""phase"":""select""},{""action"":{""search_k"":1,""search_strategy"":""default""},""phase"":""search""},{""action"":{""execution_action"":""none"",""lip_action"":""none""},""phase"":""low""},{""action"":{""high_action"":""stop"",""order_decision"":""only_cost""},""phase"":""high""},{""action"":{""search_k"":1,""search_strategy"":""default""},""phase"":""search""},{""action"":{""execution_action"":""none"",""lip_action"":""none""},""phase"":""low""}]"
JOB,c,./workloads/query_job/24b.sql,Full NQO,404.829621315002,285.748000000000,ok,c6a12dd8a9651eef2928671373921d7e677edea1ec96df6544103293106311ef,1,,a0105c0c9d70eabe35f60231ae0e06ff11722212bb1687c82490406f9c98927a,2ca8feb974a734617b8cccc5a5253c2be6ce8af5f2779d65ecce5c9b03ee5de2,./results/models/job/random/c/best.pt,"[{""action"":{""high_action"":""split"",""order_decision"":""only_cost""},""phase"":""high""},{""action"":{""candidate_id"":2,""schedule_alpha"":0.5},""phase"":""select""},{""action"":{""search_k"":1,""search_strategy"":""default""},""phase"":""search""},{""action"":{""execution_action"":""none"",""lip_action"":""none""},""phase"":""low""},{""action"":{""high_action"":""split"",""order_decision"":""only_cost""},""phase"":""high""},{""action"":{""candidate_id"":3,""schedule_alpha"":0.5},""phase"":""select""},{""action"":{""search_k"":1,""search_strategy"":""default""},""phase"":""search""},{""action"":{""execution_action"":""none"",""lip_action"":""none""},""phase"":""low""},{""action"":{""high_action"":""split"",""order_decision"":""only_cost""},""phase"":""high""},{""action"":{""candidate_id"":1,""schedule_alpha"":0.5},""phase"":""select""},{""action"":{""search_k"":1,""search_strategy"":""default""},""phase"":""search""},{""action"":{""execution_action"":""none"",""lip_action"":""none""},""phase"":""low""},{""action"":{""high_action"":""split"",""order_decision"":""only_cost""},""phase"":""high""},{""action"":{""candidate_id"":0,""schedule_alpha"":0.5},""phase"":""select""},{""action"":{""search_k"":1,""search_strategy"":""default""},""phase"":""search""},{""action"":{""execution_action"":""none"",""lip_action"":""none""},""phase"":""low""},{""action"":{""high_action"":""stop"",""order_decision"":""only_cost""},""phase"":""high""},{""action"":{""search_k"":1,""search_strategy"":""default""},""phase"":""search""},{""action"":{""execution_action"":""none"",""lip_action"":""none""},""phase"":""low""}]"
JOB,c,./workloads/query_job/25a.sql,Full NQO,1947.491347789764,60.470000000000,ok,3f61bc3b5b8945716ddc701b2a0b19f860043a01c2e6df0e838c90693f07dd20,1,,febfc463fe77d5bf4f15173a5ed05b9619832bca3585d61055c4f2bf9f94f2b8,0ac15ebb89087b03ab7d86f0b2e393cd3df669806f066cf788c7310cee2992cd,./results/models/job/random/c/best.pt,"[{""action"":{""high_action"":""split"",""order_decision"":""only_cost""},""phase"":""high""},{""action"":{""candidate_id"":3,""schedule_alpha"":0.5},""phase"":""select""},{""action"":{""search_k"":1,""search_strategy"":""default""},""phase"":""search""},{""action"":{""execution_action"":""none"",""lip_action"":""none""},""phase"":""low""},{""action"":{""high_action"":""split"",""order_decision"":""only_cost""},""phase"":""high""},{""action"":{""candidate_id"":1,""schedule_alpha"":0.5},""phase"":""select""},{""action"":{""search_k"":1,""search_strategy"":""default""},""phase"":""search""},{""action"":{""execution_action"":""conservative"",""lip_action"":""selective""},""phase"":""low""},{""action"":{""high_action"":""split"",""order_decision"":""only_cost""},""phase"":""high""},{""action"":{""candidate_id"":1,""schedule_alpha"":0.5},""phase"":""select""},{""action"":{""search_k"":1,""search_strategy"":""default""},""phase"":""search""},{""action"":{""execution_action"":""conservative"",""lip_action"":""selective""},""phase"":""low""},{""action"":{""high_action"":""stop"",""order_decision"":""only_cost""},""phase"":""high""},{""action"":{""search_k"":1,""search_strategy"":""default""},""phase"":""search""},{""action"":{""execution_action"":""none"",""lip_action"":""none""},""phase"":""low""}]"
JOB,c,./workloads/query_job/25b.sql,Full NQO,623.305521905422,184.094000000000,ok,a6dff347cc4e2c49ccacd365b50a365a6fabbfadf92d2cdfddeb9d790e3bbb17,1,,281a9e85a78698c1d0f6c2d2068817ccdcdf7237bad1be460d828da654b0cb02,069737e86b588b2ae40b0289582ca1bf597d9c6255ddfe48c10a10aa943ed7e7,./results/models/job/random/c/best.pt,"[{""action"":{""high_action"":""split"",""order_decision"":""only_cost""},""phase"":""high""},{""action"":{""candidate_id"":3,""schedule_alpha"":0.5},""phase"":""select""},{""action"":{""search_k"":1,""search_strategy"":""default""},""phase"":""search""},{""action"":{""execution_action"":""none"",""lip_action"":""none""},""phase"":""low""},{""action"":{""high_action"":""split"",""order_decision"":""only_cost""},""phase"":""high""},{""action"":{""candidate_id"":2,""schedule_alpha"":0.5},""phase"":""select""},{""action"":{""search_k"":1,""search_strategy"":""default""},""phase"":""search""},{""action"":{""execution_action"":""none"",""lip_action"":""none""},""phase"":""low""},{""action"":{""high_action"":""split"",""order_decision"":""only_cost""},""phase"":""high""},{""action"":{""candidate_id"":1,""schedule_alpha"":0.5},""phase"":""select""},{""action"":{""search_k"":1,""search_strategy"":""default""},""phase"":""search""},{""action"":{""execution_action"":""none"",""lip_action"":""none""},""phase"":""low""},{""action"":{""high_action"":""stop"",""order_decision"":""only_cost""},""phase"":""high""},{""action"":{""search_k"":1,""search_strategy"":""default""},""phase"":""search""},{""action"":{""execution_action"":""none"",""lip_action"":""none""},""phase"":""low""}]"
JOB,c,./workloads/query_job/26c.sql,Full NQO,1107.311099767685,78.296000000000,ok,028fa66983476fd11ebe0fc3fe75f01f243fb077ff18202487babf6b5905aae1,1,,f3b7e4d426337bb138b2be9649a7a13eb49600a4c897ae5efe09aa0e98adc425,db5e074af52dc156b68749d8078320954e9c83cd1aa9dd7319fc722d8ca877b2,./results/models/job/random/c/best.pt,"[{""action"":{""high_action"":""split"",""order_decision"":""only_cost""},""phase"":""high""},{""action"":{""candidate_id"":3,""schedule_alpha"":0.5},""phase"":""select""},{""action"":{""search_k"":1,""search_strategy"":""default""},""phase"":""search""},{""action"":{""execution_action"":""none"",""lip_action"":""none""},""phase"":""low""},{""action"":{""high_action"":""split"",""order_decision"":""only_cost""},""phase"":""high""},{""action"":{""candidate_id"":2,""schedule_alpha"":0.5},""phase"":""select""},{""action"":{""search_k"":1,""search_strategy"":""default""},""phase"":""search""},{""action"":{""execution_action"":""conservative"",""lip_action"":""selective""},""phase"":""low""},{""action"":{""high_action"":""split"",""order_decision"":""only_cost""},""phase"":""high""},{""action"":{""candidate_id"":0,""schedule_alpha"":0.5},""phase"":""select""},{""action"":{""search_k"":1,""search_strategy"":""default""},""phase"":""search""},{""action"":{""execution_action"":""conservative"",""lip_action"":""selective""},""phase"":""low""},{""action"":{""high_action"":""split"",""order_decision"":""only_cost""},""phase"":""high""},{""action"":{""candidate_id"":1,""schedule_alpha"":0.5},""phase"":""select""},{""action"":{""search_k"":1,""search_strategy"":""default""},""phase"":""search""},{""action"":{""execution_action"":""none"",""lip_action"":""none""},""phase"":""low""},{""action"":{""high_action"":""stop"",""order_decision"":""only_cost""},""phase"":""high""},{""action"":{""search_k"":1,""search_strategy"":""default""},""phase"":""search""},{""action"":{""execution_action"":""none"",""lip_action"":""none""},""phase"":""low""}]"
JOB,c,./workloads/query_job/27b.sql,Full NQO,263.864330947399,90.946000000000,ok,4eb4e5bb88d274fb571daa3d9537d134ac91e3971795bedfe21b63973b8a983c,1,,d13e9c3ac11f225830039de2901a56fb70a7f87e3dc16b413dfa2223b08db80b,a107c4a214cf69f0938e346f32f83215870f3845dcf233bc4de45f85f388e744,./results/models/job/random/c/best.pt,"[{""action"":{""high_action"":""split"",""order_decision"":""only_cost""},""phase"":""high""},{""action"":{""candidate_id"":3,""schedule_alpha"":0.5},""phase"":""select""},{""action"":{""search_k"":1,""search_strategy"":""default""},""phase"":""search""},{""action"":{""execution_action"":""none"",""lip_action"":""none""},""phase"":""low""},{""action"":{""high_action"":""split"",""order_decision"":""only_cost""},""phase"":""high""},{""action"":{""candidate_id"":3,""schedule_alpha"":0.5},""phase"":""select""},{""action"":{""search_k"":1,""search_strategy"":""default""},""phase"":""search""},{""action"":{""execution_action"":""none"",""lip_action"":""none""},""phase"":""low""},{""action"":{""high_action"":""split"",""order_decision"":""only_cost""},""phase"":""high""},{""action"":{""candidate_id"":0,""schedule_alpha"":0.5},""phase"":""select""},{""action"":{""search_k"":1,""search_strategy"":""default""},""phase"":""search""},{""action"":{""execution_action"":""conservative"",""lip_action"":""selective""},""phase"":""low""},{""action"":{""high_action"":""split"",""order_decision"":""only_cost""},""phase"":""high""},{""action"":{""candidate_id"":0,""schedule_alpha"":0.5},""phase"":""select""},{""action"":{""search_k"":1,""search_strategy"":""default""},""phase"":""search""},{""action"":{""execution_action"":""none"",""lip_action"":""none""},""phase"":""low""},{""action"":{""high_action"":""stop"",""order_decision"":""only_cost""},""phase"":""high""},{""action"":{""search_k"":1,""search_strategy"":""default""},""phase"":""search""},{""action"":{""execution_action"":""none"",""lip_action"":""none""},""phase"":""low""}]"
JOB,c,./workloads/query_job/28a.sql,Full NQO,687.775783240795,86.152000000000,ok,9bbfa4b43836dbcd01ed830b9188456a9d9309e4cc0ef0948c1f6ff8b2c0e39c,1,,3e4770eb989047c56f457913fcdc918edda9e450bb637f0bb558c8d4337b357c,021ee502827b7d19257bfabb023fc62416407c807814c90ccc25891d1e88e670,./results/models/job/random/c/best.pt,"[{""action"":{""high_action"":""split"",""order_decision"":""only_cost""},""phase"":""high""},{""action"":{""candidate_id"":4,""schedule_alpha"":0.5},""phase"":""select""},{""action"":{""search_k"":1,""search_strategy"":""default""},""phase"":""search""},{""action"":{""execution_action"":""none"",""lip_action"":""none""},""phase"":""low""},{""action"":{""high_action"":""split"",""order_decision"":""only_cost""},""phase"":""high""},{""action"":{""candidate_id"":1,""schedule_alpha"":0.5},""phase"":""select""},{""action"":{""search_k"":1,""search_strategy"":""default""},""phase"":""search""},{""action"":{""execution_action"":""conservative"",""lip_action"":""selective""},""phase"":""low""},{""action"":{""high_action"":""split"",""order_decision"":""only_cost""},""phase"":""high""},{""action"":{""candidate_id"":3,""schedule_alpha"":0.5},""phase"":""select""},{""action"":{""search_k"":1,""search_strategy"":""default""},""phase"":""search""},{""action"":{""execution_action"":""conservative"",""lip_action"":""selective""},""phase"":""low""},{""action"":{""high_action"":""split"",""order_decision"":""only_cost""},""phase"":""high""},{""action"":{""candidate_id"":0,""schedule_alpha"":0.5},""phase"":""select""},{""action"":{""search_k"":1,""search_strategy"":""default""},""phase"":""search""},{""action"":{""execution_action"":""conservative"",""lip_action"":""selective""},""phase"":""low""},{""action"":{""high_action"":""split"",""order_decision"":""only_cost""},""phase"":""high""},{""action"":{""candidate_id"":1,""schedule_alpha"":0.5},""phase"":""select""},{""action"":{""search_k"":1,""search_strategy"":""default""},""phase"":""search""},{""action"":{""execution_action"":""none"",""lip_action"":""none""},""phase"":""low""},{""action"":{""high_action"":""stop"",""order_decision"":""only_cost""},""phase"":""high""},{""action"":{""search_k"":1,""search_strategy"":""default""},""phase"":""search""},{""action"":{""execution_action"":""none"",""lip_action"":""none""},""phase"":""low""}]"
JOB,c,./workloads/query_job/29a.sql,Full NQO,449.789114296436,341.868000000000,ok,6931843f19cb52122ed461369626a4f45f6b0550fbb8e5608f26c0a53fbfa63e,1,,8449905c675eb3ca264e1f1e5568fa03002e0a7bc486d54c71ffe8dbbe276332,adec67fecb9efcefc6f0dcd0e41f85e047b75e6ee4ec93c2b0f291ef93b51a92,./results/models/job/random/c/best.pt,"[{""action"":{""high_action"":""split"",""order_decision"":""only_cost""},""phase"":""high""},{""action"":{""candidate_id"":5,""schedule_alpha"":0.5},""phase"":""select""},{""action"":{""search_k"":1,""search_strategy"":""default""},""phase"":""search""},{""action"":{""execution_action"":""none"",""lip_action"":""none""},""phase"":""low""},{""action"":{""high_action"":""split"",""order_decision"":""only_cost""},""phase"":""high""},{""action"":{""candidate_id"":1,""schedule_alpha"":0.5},""phase"":""select""},{""action"":{""search_k"":1,""search_strategy"":""default""},""phase"":""search""},{""action"":{""execution_action"":""none"",""lip_action"":""none""},""phase"":""low""},{""action"":{""high_action"":""split"",""order_decision"":""only_cost""},""phase"":""high""},{""action"":{""candidate_id"":2,""schedule_alpha"":0.5},""phase"":""select""},{""action"":{""search_k"":1,""search_strategy"":""default""},""phase"":""search""},{""action"":{""execution_action"":""none"",""lip_action"":""none""},""phase"":""low""},{""action"":{""high_action"":""split"",""order_decision"":""only_cost""},""phase"":""high""},{""action"":{""candidate_id"":1,""schedule_alpha"":0.5},""phase"":""select""},{""action"":{""search_k"":1,""search_strategy"":""default""},""phase"":""search""},{""action"":{""execution_action"":""none"",""lip_action"":""none""},""phase"":""low""},{""action"":{""high_action"":""split"",""order_decision"":""only_cost""},""phase"":""high""},{""action"":{""candidate_id"":2,""schedule_alpha"":0.5},""phase"":""select""},{""action"":{""search_k"":1,""search_strategy"":""default""},""phase"":""search""},{""action"":{""execution_action"":""none"",""lip_action"":""none""},""phase"":""low""},{""action"":{""high_action"":""split"",""order_decision"":""only_cost""},""phase"":""high""},{""action"":{""candidate_id"":1,""schedule_alpha"":0.5},""phase"":""select""},{""action"":{""search_k"":1,""search_strategy"":""default""},""phase"":""search""},{""action"":{""execution_action"":""none"",""lip_action"":""none""},""phase"":""low""},{""action"":{""high_action"":""stop"",""order_decision"":""only_cost""},""phase"":""high""},{""action"":{""search_k"":1,""search_strategy"":""default""},""phase"":""search""},{""action"":{""execution_action"":""none"",""lip_action"":""none""},""phase"":""low""}]"
JOB,c,./workloads/query_job/29c.sql,Full NQO,654.435910284519,343.147000000000,ok,77d7c0fd6a7f7c2de253fe8fc44b2b6ae848c0c1e246c513425c8f83965bf0b0,1,,e9e0d24e272e9773a669bab098699b80c9b39ef0dff5bc1127a3ac6d3084dd4e,22aac18c21047a4485b6988d6ae0eb3a5bced5dc122090a0f88ed63088d0b009,./results/models/job/random/c/best.pt,"[{""action"":{""high_action"":""split"",""order_decision"":""only_cost""},""phase"":""high""},{""action"":{""candidate_id"":5,""schedule_alpha"":0.5},""phase"":""select""},{""action"":{""search_k"":1,""search_strategy"":""default""},""phase"":""search""},{""action"":{""execution_action"":""none"",""lip_action"":""none""},""phase"":""low""},{""action"":{""high_action"":""split"",""order_decision"":""only_cost""},""phase"":""high""},{""action"":{""candidate_id"":2,""schedule_alpha"":0.5},""phase"":""select""},{""action"":{""search_k"":1,""search_strategy"":""default""},""phase"":""search""},{""action"":{""execution_action"":""none"",""lip_action"":""none""},""phase"":""low""},{""action"":{""high_action"":""split"",""order_decision"":""only_cost""},""phase"":""high""},{""action"":{""candidate_id"":1,""schedule_alpha"":0.5},""phase"":""select""},{""action"":{""search_k"":1,""search_strategy"":""default""},""phase"":""search""},{""action"":{""execution_action"":""none"",""lip_action"":""none""},""phase"":""low""},{""action"":{""high_action"":""split"",""order_decision"":""only_cost""},""phase"":""high""},{""action"":{""candidate_id"":0,""schedule_alpha"":0.5},""phase"":""select""},{""action"":{""search_k"":1,""search_strategy"":""default""},""phase"":""search""},{""action"":{""execution_action"":""none"",""lip_action"":""none""},""phase"":""low""},{""action"":{""high_action"":""split"",""order_decision"":""only_cost""},""phase"":""high""},{""action"":{""candidate_id"":1,""schedule_alpha"":0.5},""phase"":""select""},{""action"":{""search_k"":1,""search_strategy"":""default""},""phase"":""search""},{""action"":{""execution_action"":""none"",""lip_action"":""none""},""phase"":""low""},{""action"":{""high_action"":""split"",""order_decision"":""only_cost""},""phase"":""high""},{""action"":{""candidate_id"":1,""schedule_alpha"":0.5},""phase"":""select""},{""action"":{""search_k"":1,""search_strategy"":""default""},""phase"":""search""},{""action"":{""execution_action"":""none"",""lip_action"":""none""},""phase"":""low""},{""action"":{""high_action"":""stop"",""order_decision"":""only_cost""},""phase"":""high""},{""action"":{""search_k"":1,""search_strategy"":""default""},""phase"":""search""},{""action"":{""execution_action"":""none"",""lip_action"":""none""},""phase"":""low""}]"
JOB,c,./workloads/query_job/30a.sql,Full NQO,1656.165726482868,77.360000000000,ok,75f27277da0bf405cd685f3341baca046a6788152a4b13a72ad743837698d0b5,1,,cfadf7297bd43e86160385879523daf17346659a22a33acbf3786166e9163927,a1ccfc78f532787477fdd2fb51a6bc7abc1ed7fb12501a317ebde55ca0701279,./results/models/job/random/c/best.pt,"[{""action"":{""high_action"":""split"",""order_decision"":""only_cost""},""phase"":""high""},{""action"":{""candidate_id"":4,""schedule_alpha"":0.5},""phase"":""select""},{""action"":{""search_k"":1,""search_strategy"":""default""},""phase"":""search""},{""action"":{""execution_action"":""none"",""lip_action"":""none""},""phase"":""low""},{""action"":{""high_action"":""split"",""order_decision"":""only_cost""},""phase"":""high""},{""action"":{""candidate_id"":2,""schedule_alpha"":0.5},""phase"":""select""},{""action"":{""search_k"":1,""search_strategy"":""default""},""phase"":""search""},{""action"":{""execution_action"":""conservative"",""lip_action"":""selective""},""phase"":""low""},{""action"":{""high_action"":""split"",""order_decision"":""only_cost""},""phase"":""high""},{""action"":{""candidate_id"":2,""schedule_alpha"":0.5},""phase"":""select""},{""action"":{""search_k"":1,""search_strategy"":""default""},""phase"":""search""},{""action"":{""execution_action"":""conservative"",""lip_action"":""selective""},""phase"":""low""},{""action"":{""high_action"":""split"",""order_decision"":""only_cost""},""phase"":""high""},{""action"":{""candidate_id"":0,""schedule_alpha"":0.5},""phase"":""select""},{""action"":{""search_k"":1,""search_strategy"":""default""},""phase"":""search""},{""action"":{""execution_action"":""conservative"",""lip_action"":""selective""},""phase"":""low""},{""action"":{""high_action"":""stop"",""order_decision"":""only_cost""},""phase"":""high""},{""action"":{""search_k"":1,""search_strategy"":""default""},""phase"":""search""},{""action"":{""execution_action"":""none"",""lip_action"":""none""},""phase"":""low""}]"
JOB,c,./workloads/query_job/31a.sql,Full NQO,958.119630813599,89.477000000000,ok,27264682db1c692f629cbc378c2d1c85c8c6d056671bebcf765b2be4f122e770,1,,6be2bd1cbc431d36718a9a438bbb239593042b0567c6c3bcda89dccee47c7102,802e6807d677eb182057935eaf0079a809ce95b9e9eeb2a10b1cc20091eca26e,./results/models/job/random/c/best.pt,"[{""action"":{""high_action"":""split"",""order_decision"":""only_cost""},""phase"":""high""},{""action"":{""candidate_id"":4,""schedule_alpha"":0.5},""phase"":""select""},{""action"":{""search_k"":1,""search_strategy"":""default""},""phase"":""search""},{""action"":{""execution_action"":""none"",""lip_action"":""none""},""phase"":""low""},{""action"":{""high_action"":""split"",""order_decision"":""only_cost""},""phase"":""high""},{""action"":{""candidate_id"":1,""schedule_alpha"":0.5},""phase"":""select""},{""action"":{""search_k"":1,""search_strategy"":""default""},""phase"":""search""},{""action"":{""execution_action"":""conservative"",""lip_action"":""selective""},""phase"":""low""},{""action"":{""high_action"":""split"",""order_decision"":""only_cost""},""phase"":""high""},{""action"":{""candidate_id"":2,""schedule_alpha"":0.5},""phase"":""select""},{""action"":{""search_k"":1,""search_strategy"":""default""},""phase"":""search""},{""action"":{""execution_action"":""none"",""lip_action"":""none""},""phase"":""low""},{""action"":{""high_action"":""split"",""order_decision"":""only_cost""},""phase"":""high""},{""action"":{""candidate_id"":1,""schedule_alpha"":0.5},""phase"":""select""},{""action"":{""search_k"":1,""search_strategy"":""default""},""phase"":""search""},{""action"":{""execution_action"":""none"",""lip_action"":""none""},""phase"":""low""},{""action"":{""high_action"":""stop"",""order_decision"":""only_cost""},""phase"":""high""},{""action"":{""search_k"":1,""search_strategy"":""default""},""phase"":""search""},{""action"":{""execution_action"":""none"",""lip_action"":""none""},""phase"":""low""}]"
JOB,c,./workloads/query_job/31b.sql,Full NQO,855.623781681061,270.752000000000,ok,17bebc2b6a6ef3426f94300ca4385edad88ebd34fac62fd56a0fc58c24e5b98e,1,,11e154b81196595c9f6586af705e2a15a4467a7ea65eb6fc4c6953fad900ea03,942bbf6a4bc8460791e267b26a1ca6d4b6b0b72524f0db793a16352e5d2fc5e7,./results/models/job/random/c/best.pt,"[{""action"":{""high_action"":""split"",""order_decision"":""only_cost""},""phase"":""high""},{""action"":{""candidate_id"":4,""schedule_alpha"":0.5},""phase"":""select""},{""action"":{""search_k"":1,""search_strategy"":""default""},""phase"":""search""},{""action"":{""execution_action"":""none"",""lip_action"":""none""},""phase"":""low""},{""action"":{""high_action"":""split"",""order_decision"":""only_cost""},""phase"":""high""},{""action"":{""candidate_id"":3,""schedule_alpha"":0.5},""phase"":""select""},{""action"":{""search_k"":1,""search_strategy"":""default""},""phase"":""search""},{""action"":{""execution_action"":""none"",""lip_action"":""none""},""phase"":""low""},{""action"":{""high_action"":""split"",""order_decision"":""only_cost""},""phase"":""high""},{""action"":{""candidate_id"":1,""schedule_alpha"":0.5},""phase"":""select""},{""action"":{""search_k"":1,""search_strategy"":""default""},""phase"":""search""},{""action"":{""execution_action"":""none"",""lip_action"":""none""},""phase"":""low""},{""action"":{""high_action"":""split"",""order_decision"":""only_cost""},""phase"":""high""},{""action"":{""candidate_id"":1,""schedule_alpha"":0.5},""phase"":""select""},{""action"":{""search_k"":1,""search_strategy"":""default""},""phase"":""search""},{""action"":{""execution_action"":""none"",""lip_action"":""none""},""phase"":""low""},{""action"":{""high_action"":""stop"",""order_decision"":""only_cost""},""phase"":""high""},{""action"":{""search_k"":1,""search_strategy"":""default""},""phase"":""search""},{""action"":{""execution_action"":""none"",""lip_action"":""none""},""phase"":""low""}]"
JOB,c,./workloads/query_job/32b.sql,Full NQO,502.774856984615,37.281000000000,ok,136f26a2ebb961337e13a1b2c25ce51ab44ee67277b807b22bcb2f94ab99343c,1,,9e0161e89dca75570b644a4ebf463b97d80361e29a4f2263d045bea5d1e34866,13ba2c5569607b1e77ed26861bf3e3870f3a749823aca4c2318a355ef2141c61,./results/models/job/random/c/best.pt,"[{""action"":{""high_action"":""split"",""order_decision"":""only_cost""},""phase"":""high""},{""action"":{""candidate_id"":0,""schedule_alpha"":0.5},""phase"":""select""},{""action"":{""search_k"":1,""search_strategy"":""default""},""phase"":""search""},{""action"":{""execution_action"":""none"",""lip_action"":""none""},""phase"":""low""},{""action"":{""high_action"":""stop"",""order_decision"":""only_cost""},""phase"":""high""},{""action"":{""search_k"":1,""search_strategy"":""default""},""phase"":""search""},{""action"":{""execution_action"":""conservative"",""lip_action"":""selective""},""phase"":""low""}]"
JOB,c,./workloads/query_job/33c.sql,Full NQO,670.634925365448,108.469000000000,ok,68464506f3c0aa8fd4c37209daa0d0c9c8f54c57dca6a9b2860add78f906185b,1,,777c6e9019cd9a5e756d6d9283a31fae57af6c4e7a0e99ab0fc7dccf72082f7b,11b20db1443aa4f1bf306c9a08b8e9b60a0232cc513a8fd9fdd5d53c7d972dc5,./results/models/job/random/c/best.pt,"[{""action"":{""high_action"":""split"",""order_decision"":""only_cost""},""phase"":""high""},{""action"":{""candidate_id"":3,""schedule_alpha"":0.5},""phase"":""select""},{""action"":{""search_k"":1,""search_strategy"":""default""},""phase"":""search""},{""action"":{""execution_action"":""none"",""lip_action"":""none""},""phase"":""low""},{""action"":{""high_action"":""split"",""order_decision"":""only_cost""},""phase"":""high""},{""action"":{""candidate_id"":0,""schedule_alpha"":0.5},""phase"":""select""},{""action"":{""search_k"":1,""search_strategy"":""default""},""phase"":""search""},{""action"":{""execution_action"":""conservative"",""lip_action"":""selective""},""phase"":""low""},{""action"":{""high_action"":""split"",""order_decision"":""only_cost""},""phase"":""high""},{""action"":{""candidate_id"":3,""schedule_alpha"":0.5},""phase"":""select""},{""action"":{""search_k"":1,""search_strategy"":""default""},""phase"":""search""},{""action"":{""execution_action"":""none"",""lip_action"":""none""},""phase"":""low""},{""action"":{""high_action"":""split"",""order_decision"":""only_cost""},""phase"":""high""},{""action"":{""candidate_id"":0,""schedule_alpha"":0.5},""phase"":""select""},{""action"":{""search_k"":1,""search_strategy"":""default""},""phase"":""search""},{""action"":{""execution_action"":""conservative"",""lip_action"":""selective""},""phase"":""low""},{""action"":{""high_action"":""split"",""order_decision"":""only_cost""},""phase"":""high""},{""action"":{""candidate_id"":2,""schedule_alpha"":0.5},""phase"":""select""},{""action"":{""search_k"":1,""search_strategy"":""default""},""phase"":""search""},{""action"":{""execution_action"":""none"",""lip_action"":""none""},""phase"":""low""},{""action"":{""high_action"":""split"",""order_decision"":""only_cost""},""phase"":""high""},{""action"":{""candidate_id"":0,""schedule_alpha"":0.5},""phase"":""select""},{""action"":{""search_k"":1,""search_strategy"":""default""},""phase"":""search""},{""action"":{""execution_action"":""none"",""lip_action"":""none""},""phase"":""low""},{""action"":{""high_action"":""stop"",""order_decision"":""only_cost""},""phase"":""high""},{""action"":{""search_k"":1,""search_strategy"":""default""},""phase"":""search""},{""action"":{""execution_action"":""none"",""lip_action"":""none""},""phase"":""low""}]"
JOB,c,./workloads/query_job/5a.sql,Full NQO,354.243405163288,77.623000000000,ok,4f78f1a55542d807d5eaabd4ee2244ee9ba0258958f7de1c1ef4598cd5b46ab1,1,,52dbfa82b51632d0afaea3008e5bf81143b5f266778029af739022a4a49f9fd0,853de6f68bc3cfd0a25809bee68edb558e7b75905d3559410ff673ce25f8f759,./results/models/job/random/c/best.pt,"[{""action"":{""high_action"":""split"",""order_decision"":""only_cost""},""phase"":""high""},{""action"":{""candidate_id"":0,""schedule_alpha"":0.5},""phase"":""select""},{""action"":{""search_k"":1,""search_strategy"":""default""},""phase"":""search""},{""action"":{""execution_action"":""none"",""lip_action"":""none""},""phase"":""low""},{""action"":{""high_action"":""stop"",""order_decision"":""only_cost""},""phase"":""high""},{""action"":{""search_k"":1,""search_strategy"":""default""},""phase"":""search""},{""action"":{""execution_action"":""none"",""lip_action"":""none""},""phase"":""low""}]"
JOB,c,./workloads/query_job/6d.sql,Full NQO,1203.599609434605,118.076000000000,ok,bf8229c3af721fca42ad64803e348b47d39c54dfd46fcbc5d2ef84cd56b31b17,1,,e3eb1dc9750b44b2a66842b0352130234def7218ac43f2e5979e12eeed9c72e5,fae0129ba5edbf3d4e8c51d1f8fc4be554d37c7bf7cea809fcf1cab30e65865f,./results/models/job/random/c/best.pt,"[{""action"":{""high_action"":""split"",""order_decision"":""only_cost""},""phase"":""high""},{""action"":{""candidate_id"":1,""schedule_alpha"":0.5},""phase"":""select""},{""action"":{""search_k"":1,""search_strategy"":""default""},""phase"":""search""},{""action"":{""execution_action"":""none"",""lip_action"":""none""},""phase"":""low""},{""action"":{""high_action"":""stop"",""order_decision"":""only_cost""},""phase"":""high""},{""action"":{""search_k"":1,""search_strategy"":""default""},""phase"":""search""},{""action"":{""execution_action"":""conservative"",""lip_action"":""selective""},""phase"":""low""}]"
JOB,c,./workloads/query_job/6e.sql,Full NQO,150.249570608139,75.645000000000,ok,2e45680981dcedf844899f966540a92734a6200fc0d8bd8a547ceba0d0cf631f,1,,ca34e6fc9f6dc5ff6c01c27b9604adc6300edc81f6dab3252e53f7d836f6c1f7,529257d3305b7fabb901d883841f36bd3a93fe5bc9f635970caf59b41661363a,./results/models/job/random/c/best.pt,"[{""action"":{""high_action"":""split"",""order_decision"":""only_cost""},""phase"":""high""},{""action"":{""candidate_id"":1,""schedule_alpha"":0.5},""phase"":""select""},{""action"":{""search_k"":1,""search_strategy"":""default""},""phase"":""search""},{""action"":{""execution_action"":""none"",""lip_action"":""none""},""phase"":""low""},{""action"":{""high_action"":""stop"",""order_decision"":""only_cost""},""phase"":""high""},{""action"":{""search_k"":1,""search_strategy"":""default""},""phase"":""search""},{""action"":{""execution_action"":""none"",""lip_action"":""none""},""phase"":""low""}]"
JOB,c,./workloads/query_job/7a.sql,Full NQO,335.975743830204,59.686000000000,ok,4c15deaf8c868c357c511a9b1b16153f35d0a6d69bf0cb9d733dd8855dca6cb3,1,,ba77f29a80063f1f49ae553e844d5862a97199b3d3d5f9368ac4a5bcc0baa3d6,06fadabaa75bcf122ee151fd33e33a414947cd4600a58392f40905099d787b80,./results/models/job/random/c/best.pt,"[{""action"":{""high_action"":""split"",""order_decision"":""only_cost""},""phase"":""high""},{""action"":{""candidate_id"":3,""schedule_alpha"":0.5},""phase"":""select""},{""action"":{""search_k"":1,""search_strategy"":""default""},""phase"":""search""},{""action"":{""execution_action"":""none"",""lip_action"":""none""},""phase"":""low""},{""action"":{""high_action"":""split"",""order_decision"":""only_cost""},""phase"":""high""},{""action"":{""candidate_id"":0,""schedule_alpha"":0.5},""phase"":""select""},{""action"":{""search_k"":1,""search_strategy"":""default""},""phase"":""search""},{""action"":{""execution_action"":""none"",""lip_action"":""none""},""phase"":""low""},{""action"":{""high_action"":""split"",""order_decision"":""only_cost""},""phase"":""high""},{""action"":{""candidate_id"":1,""schedule_alpha"":0.5},""phase"":""select""},{""action"":{""search_k"":1,""search_strategy"":""default""},""phase"":""search""},{""action"":{""execution_action"":""none"",""lip_action"":""none""},""phase"":""low""},{""action"":{""high_action"":""stop"",""order_decision"":""only_cost""},""phase"":""high""},{""action"":{""search_k"":1,""search_strategy"":""default""},""phase"":""search""},{""action"":{""execution_action"":""conservative"",""lip_action"":""selective""},""phase"":""low""}]"
JOB,c,./workloads/query_job/8d.sql,Full NQO,5230.511106550694,70.189000000000,ok,42e9d5875e298e1e96988f68f4ea5385d847af85ed0e315fb1c559c113c45301,1,,d75e8430f6364d7661b2dd52087975bce4d91380c56111358f3c9d3692f3dc16,a1f1734fdbecab5697c827fd21f452398572911aadc7d32a3108d4e0dcc7e96c,./results/models/job/random/c/best.pt,"[{""action"":{""high_action"":""split"",""order_decision"":""only_cost""},""phase"":""high""},{""action"":{""candidate_id"":2,""schedule_alpha"":0.5},""phase"":""select""},{""action"":{""search_k"":1,""search_strategy"":""default""},""phase"":""search""},{""action"":{""execution_action"":""conservative"",""lip_action"":""selective""},""phase"":""low""},{""action"":{""high_action"":""split"",""order_decision"":""only_cost""},""phase"":""high""},{""action"":{""candidate_id"":0,""schedule_alpha"":0.5},""phase"":""select""},{""action"":{""search_k"":1,""search_strategy"":""default""},""phase"":""search""},{""action"":{""execution_action"":""conservative"",""lip_action"":""selective""},""phase"":""low""},{""action"":{""high_action"":""stop"",""order_decision"":""only_cost""},""phase"":""high""},{""action"":{""search_k"":1,""search_strategy"":""default""},""phase"":""search""},{""action"":{""execution_action"":""conservative"",""lip_action"":""selective""},""phase"":""low""}]"
JOB,c,./workloads/query_job/9c.sql,Full NQO,2280.582569539547,82.428000000000,ok,557da082f2ed4caf79da00c7414e7dd21a43ea04df959539305598466791daec,1,,675d29193ccba9b272afb2c92e52d28cb1e04e7e6a36afc6f7529d106a738e21,3fb4221c29056cab5708cb1a87142587a4b3f7a91bff8701703314bd66b8821e,./results/models/job/random/c/best.pt,"[{""action"":{""high_action"":""split"",""order_decision"":""only_cost""},""phase"":""high""},{""action"":{""candidate_id"":1,""schedule_alpha"":0.5},""phase"":""select""},{""action"":{""search_k"":1,""search_strategy"":""default""},""phase"":""search""},{""action"":{""execution_action"":""none"",""lip_action"":""none""},""phase"":""low""},{""action"":{""high_action"":""split"",""order_decision"":""only_cost""},""phase"":""high""},{""action"":{""candidate_id"":0,""schedule_alpha"":0.5},""phase"":""select""},{""action"":{""search_k"":1,""search_strategy"":""default""},""phase"":""search""},{""action"":{""execution_action"":""none"",""lip_action"":""none""},""phase"":""low""},{""action"":{""high_action"":""stop"",""order_decision"":""only_cost""},""phase"":""high""},{""action"":{""search_k"":1,""search_strategy"":""default""},""phase"":""search""},{""action"":{""execution_action"":""conservative"",""lip_action"":""selective""},""phase"":""low""}]"
JOB,,./workloads/query_job/10a.sql,PostgreSQL,1062.002897262573,0.000000000000,ok,,,,,,,
JOB,,./workloads/query_job/10b.sql,PostgreSQL,550.015948712826,0.000000000000,ok,,,,,,,
JOB,,./workloads/query_job/10c.sql,PostgreSQL,9237.700425088406,0.000000000000,ok,,,,,,,
JOB,,./workloads/query_job/11a.sql,PostgreSQL,97.215741872787,0.000000000000,ok,,,,,,,
JOB,,./workloads/query_job/11b.sql,PostgreSQL,70.258535444736,0.000000000000,ok,,,,,,,
JOB,,./workloads/query_job/11c.sql,PostgreSQL,159.269966185093,0.000000000000,ok,,,,,,,
JOB,,./workloads/query_job/11d.sql,PostgreSQL,138.537377119064,0.000000000000,ok,,,,,,,
JOB,,./workloads/query_job/12a.sql,PostgreSQL,1140.036240220070,0.000000000000,ok,,,,,,,
JOB,,./workloads/query_job/12b.sql,PostgreSQL,20.849838852882,0.000000000000,ok,,,,,,,
JOB,,./workloads/query_job/12c.sql,PostgreSQL,4895.386449992657,0.000000000000,ok,,,,,,,
JOB,,./workloads/query_job/13a.sql,PostgreSQL,4301.647722721100,0.000000000000,ok,,,,,,,
JOB,,./workloads/query_job/13b.sql,PostgreSQL,1089.247480034828,0.000000000000,ok,,,,,,,
JOB,,./workloads/query_job/13c.sql,PostgreSQL,1062.294617295265,0.000000000000,ok,,,,,,,
JOB,,./workloads/query_job/13d.sql,PostgreSQL,5162.559963762760,0.000000000000,ok,,,,,,,
JOB,,./workloads/query_job/14a.sql,PostgreSQL,624.498143792152,0.000000000000,ok,,,,,,,
JOB,,./workloads/query_job/14b.sql,PostgreSQL,186.990559101105,0.000000000000,ok,,,,,,,
JOB,,./workloads/query_job/14c.sql,PostgreSQL,729.836747050285,0.000000000000,ok,,,,,,,
JOB,,./workloads/query_job/15a.sql,PostgreSQL,934.111781418324,0.000000000000,ok,,,,,,,
JOB,,./workloads/query_job/15b.sql,PostgreSQL,96.578747034073,0.000000000000,ok,,,,,,,
JOB,,./workloads/query_job/15c.sql,PostgreSQL,986.266545951366,0.000000000000,ok,,,,,,,
JOB,,./workloads/query_job/15d.sql,PostgreSQL,1081.597425043583,0.000000000000,ok,,,,,,,
JOB,,./workloads/query_job/16a.sql,PostgreSQL,247.625730931759,0.000000000000,ok,,,,,,,
JOB,,./workloads/query_job/16b.sql,PostgreSQL,21611.640319228172,0.000000000000,ok,,,,,,,
JOB,,./workloads/query_job/16c.sql,PostgreSQL,1735.685698688030,0.000000000000,ok,,,,,,,
JOB,,./workloads/query_job/16d.sql,PostgreSQL,1408.553376793861,0.000000000000,ok,,,,,,,
JOB,,./workloads/query_job/17a.sql,PostgreSQL,11863.254874944687,0.000000000000,ok,,,,,,,
JOB,,./workloads/query_job/17b.sql,PostgreSQL,7820.629060268402,0.000000000000,ok,,,,,,,
JOB,,./workloads/query_job/17c.sql,PostgreSQL,7307.303510606289,0.000000000000,ok,,,,,,,
JOB,,./workloads/query_job/17d.sql,PostgreSQL,7518.435984849930,0.000000000000,ok,,,,,,,
JOB,,./workloads/query_job/17e.sql,PostgreSQL,10082.962311804295,0.000000000000,ok,,,,,,,
JOB,,./workloads/query_job/17f.sql,PostgreSQL,8577.061973512173,0.000000000000,ok,,,,,,,
JOB,,./workloads/query_job/18a.sql,PostgreSQL,9363.223992288113,0.000000000000,ok,,,,,,,
JOB,,./workloads/query_job/18b.sql,PostgreSQL,399.334855377674,0.000000000000,ok,,,,,,,
JOB,,./workloads/query_job/18c.sql,PostgreSQL,9879.471488296986,0.000000000000,ok,,,,,,,
JOB,,./workloads/query_job/19a.sql,PostgreSQL,981.471620500088,0.000000000000,ok,,,,,,,
JOB,,./workloads/query_job/19b.sql,PostgreSQL,511.048525571823,0.000000000000,ok,,,,,,,
JOB,,./workloads/query_job/19c.sql,PostgreSQL,1972.019322216511,0.000000000000,ok,,,,,,,
JOB,,./workloads/query_job/19d.sql,PostgreSQL,12959.958776831627,0.000000000000,ok,,,,,,,
JOB,,./workloads/query_job/1a.sql,PostgreSQL,125.739857554436,0.000000000000,ok,,,,,,,
JOB,,./workloads/query_job/1b.sql,PostgreSQL,11.884637176991,0.000000000000,ok,,,,,,,
JOB,,./workloads/query_job/1c.sql,PostgreSQL,19.848696887493,0.000000000000,ok,,,,,,,
JOB,,./workloads/query_job/1d.sql,PostgreSQL,9.564861655235,0.000000000000,ok,,,,,,,
JOB,,./workloads/query_job/20a.sql,PostgreSQL,4446.739353239536,0.000000000000,ok,,,,,,,
JOB,,./workloads/query_job/20b.sql,PostgreSQL,2001.977518200874,0.000000000000,ok,,,,,,,
JOB,,./workloads/query_job/20c.sql,PostgreSQL,1157.161042094231,0.000000000000,ok,,,,,,,
JOB,,./workloads/query_job/21a.sql,PostgreSQL,115.173719823360,0.000000000000,ok,,,,,,,
JOB,,./workloads/query_job/21b.sql,PostgreSQL,113.432332873344,0.000000000000,ok,,,,,,,
JOB,,./workloads/query_job/21c.sql,PostgreSQL,125.217385590076,0.000000000000,ok,,,,,,,
JOB,,./workloads/query_job/22a.sql,PostgreSQL,534.385412931442,0.000000000000,ok,,,,,,,
JOB,,./workloads/query_job/22b.sql,PostgreSQL,369.144991040230,0.000000000000,ok,,,,,,,
JOB,,./workloads/query_job/22c.sql,PostgreSQL,2017.125643789768,0.000000000000,ok,,,,,,,
JOB,,./workloads/query_job/22d.sql,PostgreSQL,940.366297960281,0.000000000000,ok,,,,,,,
JOB,,./workloads/query_job/23a.sql,PostgreSQL,412.200421094894,0.000000000000,ok,,,,,,,
JOB,,./workloads/query_job/23b.sql,PostgreSQL,124.304994940758,0.000000000000,ok,,,,,,,
JOB,,./workloads/query_job/23c.sql,PostgreSQL,506.239660084248,0.000000000000,ok,,,,,,,
JOB,,./workloads/query_job/24a.sql,PostgreSQL,396.160408854485,0.000000000000,ok,,,,,,,
JOB,,./workloads/query_job/24b.sql,PostgreSQL,434.322066605091,0.000000000000,ok,,,,,,,
JOB,,./workloads/query_job/25a.sql,PostgreSQL,3026.886664330959,0.000000000000,ok,,,,,,,
JOB,,./workloads/query_job/25b.sql,PostgreSQL,415.515519678593,0.000000000000,ok,,,,,,,
JOB,,./workloads/query_job/25c.sql,PostgreSQL,6725.454218685627,0.000000000000,ok,,,,,,,
JOB,,./workloads/query_job/26a.sql,PostgreSQL,1567.826792597771,0.000000000000,ok,,,,,,,
JOB,,./workloads/query_job/26b.sql,PostgreSQL,253.062307834625,0.000000000000,ok,,,,,,,
JOB,,./workloads/query_job/26c.sql,PostgreSQL,4432.994611561298,0.000000000000,ok,,,,,,,
JOB,,./workloads/query_job/27a.sql,PostgreSQL,121.552340686321,0.000000000000,ok,,,,,,,
JOB,,./workloads/query_job/27b.sql,PostgreSQL,97.973756492138,0.000000000000,ok,,,,,,,
JOB,,./workloads/query_job/27c.sql,PostgreSQL,122.231170535088,0.000000000000,ok,,,,,,,
JOB,,./workloads/query_job/28a.sql,PostgreSQL,1045.240662992001,0.000000000000,ok,,,,,,,
JOB,,./workloads/query_job/28b.sql,PostgreSQL,681.756019592285,0.000000000000,ok,,,,,,,
JOB,,./workloads/query_job/28c.sql,PostgreSQL,1357.850536704063,0.000000000000,ok,,,,,,,
JOB,,./workloads/query_job/29a.sql,PostgreSQL,2289.833426475525,0.000000000000,ok,,,,,,,
JOB,,./workloads/query_job/29b.sql,PostgreSQL,2185.845553874969,0.000000000000,ok,,,,,,,
JOB,,./workloads/query_job/29c.sql,PostgreSQL,9935.959734022617,0.000000000000,ok,,,,,,,
JOB,,./workloads/query_job/2a.sql,PostgreSQL,2242.476612329483,0.000000000000,ok,,,,,,,
JOB,,./workloads/query_job/2b.sql,PostgreSQL,542.424827814102,0.000000000000,ok,,,,,,,
JOB,,./workloads/query_job/2c.sql,PostgreSQL,408.168464899063,0.000000000000,ok,,,,,,,
JOB,,./workloads/query_job/2d.sql,PostgreSQL,2104.353629052639,0.000000000000,ok,,,,,,,
JOB,,./workloads/query_job/30a.sql,PostgreSQL,3002.848818898201,0.000000000000,ok,,,,,,,
JOB,,./workloads/query_job/30b.sql,PostgreSQL,575.853057205677,0.000000000000,ok,,,,,,,
JOB,,./workloads/query_job/30c.sql,PostgreSQL,2905.365847051144,0.000000000000,ok,,,,,,,
JOB,,./workloads/query_job/31a.sql,PostgreSQL,5913.183256983757,0.000000000000,ok,,,,,,,
JOB,,./workloads/query_job/31b.sql,PostgreSQL,537.854380905628,0.000000000000,ok,,,,,,,
JOB,,./workloads/query_job/31c.sql,PostgreSQL,8280.486769974232,0.000000000000,ok,,,,,,,
JOB,,./workloads/query_job/32a.sql,PostgreSQL,24.523176252842,0.000000000000,ok,,,,,,,
JOB,,./workloads/query_job/32b.sql,PostgreSQL,173.895455896854,0.000000000000,ok,,,,,,,
JOB,,./workloads/query_job/33a.sql,PostgreSQL,320.330306887627,0.000000000000,ok,,,,,,,
JOB,,./workloads/query_job/33b.sql,PostgreSQL,308.468446135521,0.000000000000,ok,,,,,,,
JOB,,./workloads/query_job/33c.sql,PostgreSQL,234.908789396286,0.000000000000,ok,,,,,,,
JOB,,./workloads/query_job/3a.sql,PostgreSQL,1450.624108314514,0.000000000000,ok,,,,,,,
JOB,,./workloads/query_job/3b.sql,PostgreSQL,109.037376940250,0.000000000000,ok,,,,,,,
JOB,,./workloads/query_job/3c.sql,PostgreSQL,1851.131595671177,0.000000000000,ok,,,,,,,
JOB,,./workloads/query_job/4a.sql,PostgreSQL,311.795756220818,0.000000000000,ok,,,,,,,
JOB,,./workloads/query_job/4b.sql,PostgreSQL,263.578563928604,0.000000000000,ok,,,,,,,
JOB,,./workloads/query_job/4c.sql,PostgreSQL,117.703966796398,0.000000000000,ok,,,,,,,
JOB,,./workloads/query_job/5a.sql,PostgreSQL,229.351252317429,0.000000000000,ok,,,,,,,
JOB,,./workloads/query_job/5b.sql,PostgreSQL,213.582336902618,0.000000000000,ok,,,,,,,
JOB,,./workloads/query_job/5c.sql,PostgreSQL,616.215929389000,0.000000000000,ok,,,,,,,
JOB,,./workloads/query_job/6a.sql,PostgreSQL,304.985016584396,0.000000000000,ok,,,,,,,
JOB,,./workloads/query_job/6b.sql,PostgreSQL,784.166216850281,0.000000000000,ok,,,,,,,
JOB,,./workloads/query_job/6c.sql,PostgreSQL,31.306013464928,0.000000000000,ok,,,,,,,
JOB,,./workloads/query_job/6d.sql,PostgreSQL,23747.168585658073,0.000000000000,ok,,,,,,,
JOB,,./workloads/query_job/6e.sql,PostgreSQL,36.193035542965,0.000000000000,ok,,,,,,,
JOB,,./workloads/query_job/6f.sql,PostgreSQL,4596.369124948978,0.000000000000,ok,,,,,,,
JOB,,./workloads/query_job/7a.sql,PostgreSQL,2774.266779422760,0.000000000000,ok,,,,,,,
JOB,,./workloads/query_job/7b.sql,PostgreSQL,320.623517036438,0.000000000000,ok,,,,,,,
JOB,,./workloads/query_job/7c.sql,PostgreSQL,6670.190609991550,0.000000000000,ok,,,,,,,
JOB,,./workloads/query_job/8a.sql,PostgreSQL,6612.681291997433,0.000000000000,ok,,,,,,,
JOB,,./workloads/query_job/8b.sql,PostgreSQL,467.543959617615,0.000000000000,ok,,,,,,,
JOB,,./workloads/query_job/8c.sql,PostgreSQL,5690.254107117653,0.000000000000,ok,,,,,,,
JOB,,./workloads/query_job/8d.sql,PostgreSQL,2412.313476204872,0.000000000000,ok,,,,,,,
JOB,,./workloads/query_job/9a.sql,PostgreSQL,1133.110374212265,0.000000000000,ok,,,,,,,
JOB,,./workloads/query_job/9b.sql,PostgreSQL,946.450598537922,0.000000000000,ok,,,,,,,
JOB,,./workloads/query_job/9c.sql,PostgreSQL,2788.395129144192,0.000000000000,ok,,,,,,,
JOB,,./workloads/query_job/9d.sql,PostgreSQL,5509.525291621685,0.000000000000,ok,,,,,,,
JOB,a,./workloads/query_job/10c.sql,w/o Plan Topology,7338.754929602146,46.871000000000,ok,73b0bf53e0d911a07eeb82a77e0c4d8e572b4a66464eabd6ab74eddeab66e4b6,1,True,5275764f2401195e6a544e22d0840536a2b4d9dbc51295d150077f21d0be35f0,7be0ed4c0418942f410676f64fb624dbfd313a5ca9b19dcc7240b853e5df589a,./results/models/ablation/state/no_plan_topology/job/random_a/best.pt,"[{""action"":{""high_action"":""stop"",""order_decision"":""only_cost""},""phase"":""high""},{""action"":{""search_k"":1,""search_strategy"":""default""},""phase"":""search""},{""action"":{""execution_action"":""conservative"",""lip_action"":""selective""},""phase"":""low""}]"
JOB,a,./workloads/query_job/11d.sql,w/o Plan Topology,230.543747544289,75.763000000000,ok,de7342ed1d49ddb4af769ed803430202f4e99db6d34267ee2b58c1cbcee1f279,1,True,5ac4cb4ae75270882624867ac1cf2695549de7e5303c0679198919ca3f7c04ec,d5a4653df31810ede5fe552e8e52da489eb78d0b5f1d94cbc80c4ba03a3e09cf,./results/models/ablation/state/no_plan_topology/job/random_a/best.pt,"[{""action"":{""high_action"":""stop"",""order_decision"":""only_cost""},""phase"":""high""},{""action"":{""search_k"":1,""search_strategy"":""default""},""phase"":""search""},{""action"":{""execution_action"":""none"",""lip_action"":""none""},""phase"":""low""}]"
JOB,a,./workloads/query_job/13a.sql,w/o Plan Topology,2518.219463527203,16.506000000000,ok,5ee98befd3d641c6753778abf08e4c9202a00380903807997963bc6fbf2344d1,1,True,41b19fc481696c7748cd5c7c2871b079064f5afe898caaefc11de0c05c1a1df6,9240fac0a0e0c8a9e03c9e9f8a1daa05d4dba5f8a4d3641f869ad5579ff529a5,./results/models/ablation/state/no_plan_topology/job/random_a/best.pt,"[{""action"":{""high_action"":""stop"",""order_decision"":""only_cost""},""phase"":""high""},{""action"":{""search_k"":1,""search_strategy"":""default""},""phase"":""search""},{""action"":{""execution_action"":""conservative"",""lip_action"":""selective""},""phase"":""low""}]"
JOB,a,./workloads/query_job/13b.sql,w/o Plan Topology,1214.693494141102,90.474000000000,ok,3d96d4044fccab21095254c6b5ee60e7d430f8e3a04d0eb12bc3df93c0a121c3,1,True,bd5575bc2586996551abcbbe6aa53f734f17dc24991a03f35dc44a5309955189,4554399e8ce618524f4fcff267e6e5b20ae1cfa35fb8f6f917ccbd30c3d5588a,./results/models/ablation/state/no_plan_topology/job/random_a/best.pt,"[{""action"":{""high_action"":""stop"",""order_decision"":""only_cost""},""phase"":""high""},{""action"":{""search_k"":1,""search_strategy"":""default""},""phase"":""search""},{""action"":{""execution_action"":""none"",""lip_action"":""none""},""phase"":""low""}]"
JOB,a,./workloads/query_job/13d.sql,w/o Plan Topology,4458.047494292259,53.782000000000,ok,23a870573284058686cb251c6ba164baa8ae4f5ef07cfb8c562be705ab7dee88,1,True,3a1396031b44384677afb9d25db64eeb442401fb0a52c11ac82d4fd155436e92,20f7e545ede9a395cb9c94d320bfc957b88cbc78a7a41816b93f9131bca95c1d,./results/models/ablation/state/no_plan_topology/job/random_a/best.pt,"[{""action"":{""high_action"":""stop"",""order_decision"":""only_cost""},""phase"":""high""},{""action"":{""search_k"":1,""search_strategy"":""default""},""phase"":""search""},{""action"":{""execution_action"":""conservative"",""lip_action"":""selective""},""phase"":""low""}]"
JOB,a,./workloads/query_job/15c.sql,w/o Plan Topology,788.102351129055,58.626000000000,ok,089e136e8a705182e20d1d2d2df976cada5b59fa92a88f7c18af99db6fa72368,1,True,efba52083859a97e8dd98ee059b24d0c0c0874b890f1548505841a81f4cd70d4,5e235c415264c457ebfa212d81de0ec1c610facc03dabe6955d52e1bf26c1d45,./results/models/ablation/state/no_plan_topology/job/random_a/best.pt,"[{""action"":{""high_action"":""split"",""order_decision"":""only_cost""},""phase"":""high""},{""action"":{""candidate_id"":2,""schedule_alpha"":0.5},""phase"":""select""},{""action"":{""search_k"":1,""search_strategy"":""default""},""phase"":""search""},{""action"":{""execution_action"":""none"",""lip_action"":""none""},""phase"":""low""},{""action"":{""high_action"":""split"",""order_decision"":""only_cost""},""phase"":""high""},{""action"":{""candidate_id"":0,""schedule_alpha"":0.5},""phase"":""select""},{""action"":{""search_k"":1,""search_strategy"":""default""},""phase"":""search""},{""action"":{""execution_action"":""conservative"",""lip_action"":""selective""},""phase"":""low""},{""action"":{""high_action"":""split"",""order_decision"":""only_cost""},""phase"":""high""},{""action"":{""candidate_id"":0,""schedule_alpha"":0.5},""phase"":""select""},{""action"":{""search_k"":1,""search_strategy"":""default""},""phase"":""search""},{""action"":{""execution_action"":""none"",""lip_action"":""none""},""phase"":""low""},{""action"":{""high_action"":""stop"",""order_decision"":""only_cost""},""phase"":""high""},{""action"":{""search_k"":1,""search_strategy"":""default""},""phase"":""search""},{""action"":{""execution_action"":""conservative"",""lip_action"":""selective""},""phase"":""low""}]"
JOB,a,./workloads/query_job/17d.sql,w/o Plan Topology,1422.983378171921,78.878000000000,ok,9a519542553c082aa22cad711ded801827b50f2fc8a7b5078563cb2b04a7428e,1,True,f07023fe1f4b051c0561479fae1a5935caf5472328254d62b8b5b60d66d4b710,632281a5b0c90690a8045bbd61bc80c3b4e8b3d351c40ef95987b43ddb508582,./results/models/ablation/state/no_plan_topology/job/random_a/best.pt,"[{""action"":{""high_action"":""split"",""order_decision"":""only_cost""},""phase"":""high""},{""action"":{""candidate_id"":2,""schedule_alpha"":0.5},""phase"":""select""},{""action"":{""search_k"":1,""search_strategy"":""default""},""phase"":""search""},{""action"":{""execution_action"":""none"",""lip_action"":""none""},""phase"":""low""},{""action"":{""high_action"":""split"",""order_decision"":""only_cost""},""phase"":""high""},{""action"":{""candidate_id"":0,""schedule_alpha"":0.5},""phase"":""select""},{""action"":{""search_k"":1,""search_strategy"":""default""},""phase"":""search""},{""action"":{""execution_action"":""conservative"",""lip_action"":""selective""},""phase"":""low""},{""action"":{""high_action"":""stop"",""order_decision"":""only_cost""},""phase"":""high""},{""action"":{""search_k"":1,""search_strategy"":""default""},""phase"":""search""},{""action"":{""execution_action"":""none"",""lip_action"":""none""},""phase"":""low""}]"
JOB,a,./workloads/query_job/18b.sql,w/o Plan Topology,1996.674276888370,81.376858055592,timeout,,,True,984de27ca52dfa500ec86d86b37320efd6cbec08d2d1af3cb3cc610113805c16,f220f488e0c1e54886ebaa388b9b23ca586ad9302da61670c4f72883398e561f,./results/models/ablation/state/no_plan_topology/job/random_a/best.pt,"[{""action"":{""high_action"":""stop"",""order_decision"":""only_cost""},""phase"":""high""},{""action"":{""search_k"":1,""search_strategy"":""default""},""phase"":""search""},{""action"":{""execution_action"":""conservative"",""lip_action"":""selective""},""phase"":""low""}]"
JOB,a,./workloads/query_job/18c.sql,w/o Plan Topology,7493.509173393250,45.409000000000,ok,542307488c7a1ab1b7cc860d07b9bcba2943079fcc1b17924c4d69c8285fa274,1,True,3d3f01746b7fd993df525fb8aaf6d2fd54c319ffffbe56a14135173b531be8b2,2d3c0ae25a661948bb7ee9b4337b5ff7941be62accaad3721f29eb16df725c78,./results/models/ablation/state/no_plan_topology/job/random_a/best.pt,"[{""action"":{""high_action"":""split"",""order_decision"":""only_cost""},""phase"":""high""},{""action"":{""candidate_id"":1,""schedule_alpha"":0.5},""phase"":""select""},{""action"":{""search_k"":1,""search_strategy"":""default""},""phase"":""search""},{""action"":{""execution_action"":""none"",""lip_action"":""none""},""phase"":""low""},{""action"":{""high_action"":""split"",""order_decision"":""only_cost""},""phase"":""high""},{""action"":{""candidate_id"":1,""schedule_alpha"":0.5},""phase"":""select""},{""action"":{""search_k"":1,""search_strategy"":""default""},""phase"":""search""},{""action"":{""execution_action"":""conservative"",""lip_action"":""selective""},""phase"":""low""},{""action"":{""high_action"":""stop"",""order_decision"":""only_cost""},""phase"":""high""},{""action"":{""search_k"":1,""search_strategy"":""default""},""phase"":""search""},{""action"":{""execution_action"":""conservative"",""lip_action"":""selective""},""phase"":""low""}]"
JOB,a,./workloads/query_job/19b.sql,w/o Plan Topology,679.019778966904,66.885000000000,ok,91275ea0a7bef7c58863c590bb17df5976280a00d3553ff0ccfd2fc85a34dfb6,1,True,68b2a4fed1cb228d10fd40bd6f0e2ae298ca3b7c350f7b7013a566ed21bdc12c,046ed3d43cabc8c76ea8aec81fae9e2e88e8e57f8e79305cd757c72392c91aa5,./results/models/ablation/state/no_plan_topology/job/random_a/best.pt,"[{""action"":{""high_action"":""split"",""order_decision"":""only_cost""},""phase"":""high""},{""action"":{""candidate_id"":2,""schedule_alpha"":0.5},""phase"":""select""},{""action"":{""search_k"":1,""search_strategy"":""default""},""phase"":""search""},{""action"":{""execution_action"":""none"",""lip_action"":""selective""},""phase"":""low""},{""action"":{""high_action"":""split"",""order_decision"":""only_cost""},""phase"":""high""},{""action"":{""candidate_id"":1,""schedule_alpha"":0.5},""phase"":""select""},{""action"":{""search_k"":1,""search_strategy"":""default""},""phase"":""search""},{""action"":{""execution_action"":""none"",""lip_action"":""none""},""phase"":""low""},{""action"":{""high_action"":""split"",""order_decision"":""only_cost""},""phase"":""high""},{""action"":{""candidate_id"":0,""schedule_alpha"":0.5},""phase"":""select""},{""action"":{""search_k"":1,""search_strategy"":""default""},""phase"":""search""},{""action"":{""execution_action"":""none"",""lip_action"":""none""},""phase"":""low""},{""action"":{""high_action"":""stop"",""order_decision"":""only_cost""},""phase"":""high""},{""action"":{""search_k"":1,""search_strategy"":""default""},""phase"":""search""},{""action"":{""execution_action"":""none"",""lip_action"":""none""},""phase"":""low""}]"
JOB,a,./workloads/query_job/19c.sql,w/o Plan Topology,3388.210341334343,57.917000000000,ok,5bb686926c7ac803228b08a35834a98c97bfac4d34377d9f0e0143ed1c846478,1,True,d9287b1fa41b632a666069c53cf5f37fecde3507c0ee42f01a6fd6df8fa79181,9d5d6bcf588398f80efa81776156156bd06e7cf75d328be07f595ecc0a8c1de7,./results/models/ablation/state/no_plan_topology/job/random_a/best.pt,"[{""action"":{""high_action"":""split"",""order_decision"":""only_cost""},""phase"":""high""},{""action"":{""candidate_id"":1,""schedule_alpha"":0.5},""phase"":""select""},{""action"":{""search_k"":1,""search_strategy"":""default""},""phase"":""search""},{""action"":{""execution_action"":""none"",""lip_action"":""selective""},""phase"":""low""},{""action"":{""high_action"":""split"",""order_decision"":""only_cost""},""phase"":""high""},{""action"":{""candidate_id"":2,""schedule_alpha"":0.5},""phase"":""select""},{""action"":{""search_k"":1,""search_strategy"":""default""},""phase"":""search""},{""action"":{""execution_action"":""conservative"",""lip_action"":""selective""},""phase"":""low""},{""action"":{""high_action"":""split"",""order_decision"":""only_cost""},""phase"":""high""},{""action"":{""candidate_id"":0,""schedule_alpha"":0.5},""phase"":""select""},{""action"":{""search_k"":1,""search_strategy"":""default""},""phase"":""search""},{""action"":{""execution_action"":""none"",""lip_action"":""none""},""phase"":""low""},{""action"":{""high_action"":""stop"",""order_decision"":""only_cost""},""phase"":""high""},{""action"":{""search_k"":1,""search_strategy"":""default""},""phase"":""search""},{""action"":{""execution_action"":""conservative"",""lip_action"":""selective""},""phase"":""low""}]"
JOB,a,./workloads/query_job/1a.sql,w/o Plan Topology,94.836473464966,40.285000000000,ok,4509535bf8626cc136208e1b88afc7aa478160ccf6b340e66765b9bcf2288a38,1,True,1c839f0a1247f8e470bd458c0dd324f6595b8129d2e73f9a3beb0fbad274ffdc,deddc01784861663d77d45eedc92ed8d235d1bb7504213c41bb9977194fe66c2,./results/models/ablation/state/no_plan_topology/job/random_a/best.pt,"[{""action"":{""high_action"":""stop"",""order_decision"":""only_cost""},""phase"":""high""},{""action"":{""search_k"":1,""search_strategy"":""default""},""phase"":""search""},{""action"":{""execution_action"":""conservative"",""lip_action"":""selective""},""phase"":""low""}]"
JOB,a,./workloads/query_job/20a.sql,w/o Plan Topology,5838.637314736843,97.769000000000,ok,b9480e419c0d039ed6aaa9978ef27229df665cc5a98eb6295b1a8948ca1efa8c,1,True,fc8cf138d4ebf936ced3e8cb16510bb5c40adfc43a3483e59a687b96e2d1a89b,1484062c1acd0906a600dfa0c4378598461c661ee3c85b65856eed5f2b2bc4c5,./results/models/ablation/state/no_plan_topology/job/random_a/best.pt,"[{""action"":{""high_action"":""split"",""order_decision"":""only_cost""},""phase"":""high""},{""action"":{""candidate_id"":2,""schedule_alpha"":0.5},""phase"":""select""},{""action"":{""search_k"":1,""search_strategy"":""default""},""phase"":""search""},{""action"":{""execution_action"":""none"",""lip_action"":""none""},""phase"":""low""},{""action"":{""high_action"":""split"",""order_decision"":""only_cost""},""phase"":""high""},{""action"":{""candidate_id"":2,""schedule_alpha"":0.5},""phase"":""select""},{""action"":{""search_k"":1,""search_strategy"":""default""},""phase"":""search""},{""action"":{""execution_action"":""conservative"",""lip_action"":""selective""},""phase"":""low""},{""action"":{""high_action"":""split"",""order_decision"":""only_cost""},""phase"":""high""},{""action"":{""candidate_id"":0,""schedule_alpha"":0.5},""phase"":""select""},{""action"":{""search_k"":1,""search_strategy"":""default""},""phase"":""search""},{""action"":{""execution_action"":""conservative"",""lip_action"":""selective""},""phase"":""low""},{""action"":{""high_action"":""stop"",""order_decision"":""only_cost""},""phase"":""high""},{""action"":{""search_k"":1,""search_strategy"":""default""},""phase"":""search""},{""action"":{""execution_action"":""none"",""lip_action"":""none""},""phase"":""low""}]"
JOB,a,./workloads/query_job/22a.sql,w/o Plan Topology,629.684254527092,73.611000000000,ok,6bee5e8659b220bbe1e6582e8e5bea8f9a97ac298b4a7f5246846c1413c5c2c3,1,True,fbb968bba775747b3e0b54643e893649e8f41c9257a3cb564710493d403099a8,e07ec0fe5b9bba5e9c63036cf67af2e60c8b26c77279db2bc573dd018d6f84e1,./results/models/ablation/state/no_plan_topology/job/random_a/best.pt,"[{""action"":{""high_action"":""stop"",""order_decision"":""only_cost""},""phase"":""high""},{""action"":{""search_k"":1,""search_strategy"":""default""},""phase"":""search""},{""action"":{""execution_action"":""none"",""lip_action"":""none""},""phase"":""low""}]"
JOB,a,./workloads/query_job/22c.sql,w/o Plan Topology,2035.862550139427,89.258000000000,ok,18e529eeadd28daacd2cb90fcff55d8be4573ecfaaf76cd6e1ddb1dd25ff265c,1,True,67c91aa92958941bff045a8d2c4da0c344edb17394eb3af91b4b543afeea2e0f,81bf82442f10392e66644157f98c9c5e731eac0bb552484e907c5840d0eacc99,./results/models/ablation/state/no_plan_topology/job/random_a/best.pt,"[{""action"":{""high_action"":""stop"",""order_decision"":""only_cost""},""phase"":""high""},{""action"":{""search_k"":1,""search_strategy"":""default""},""phase"":""search""},{""action"":{""execution_action"":""none"",""lip_action"":""none""},""phase"":""low""}]"
JOB,a,./workloads/query_job/22d.sql,w/o Plan Topology,1059.323564171791,79.043000000000,ok,5469e96c680a925a1c749d9befcbc02caea70a0c986dfa8291bc858fe10392ac,1,True,e156dcd682c97edba243de758b0670fda555e09f3010da23cbe6a13911f7a843,034f5b395596a60dfa13fe2c3d7de2099201f7f3ccf6407b00c479fa29dd1221,./results/models/ablation/state/no_plan_topology/job/random_a/best.pt,"[{""action"":{""high_action"":""stop"",""order_decision"":""only_cost""},""phase"":""high""},{""action"":{""search_k"":1,""search_strategy"":""default""},""phase"":""search""},{""action"":{""execution_action"":""none"",""lip_action"":""none""},""phase"":""low""}]"
JOB,a,./workloads/query_job/23b.sql,w/o Plan Topology,822.952784597874,69.828000000000,ok,f3a7f99f72b0caf860606e57aed9dc89d96aec3d96e1b92fd2104119ba77b59b,1,True,2c727d4d6d349b8993f208625ce3ebc9287a42afe11d3fe6321c4eef2e9af926,2172d40e4ec2e74f62bd864b045c81d6f86cc83bb4ca887f4a58a69e2b4b6f99,./results/models/ablation/state/no_plan_topology/job/random_a/best.pt,"[{""action"":{""high_action"":""split"",""order_decision"":""only_cost""},""phase"":""high""},{""action"":{""candidate_id"":2,""schedule_alpha"":0.5},""phase"":""select""},{""action"":{""search_k"":1,""search_strategy"":""default""},""phase"":""search""},{""action"":{""execution_action"":""none"",""lip_action"":""none""},""phase"":""low""},{""action"":{""high_action"":""split"",""order_decision"":""only_cost""},""phase"":""high""},{""action"":{""candidate_id"":1,""schedule_alpha"":0.5},""phase"":""select""},{""action"":{""search_k"":1,""search_strategy"":""default""},""phase"":""search""},{""action"":{""execution_action"":""conservative"",""lip_action"":""selective""},""phase"":""low""},{""action"":{""high_action"":""split"",""order_decision"":""only_cost""},""phase"":""high""},{""action"":{""candidate_id"":2,""schedule_alpha"":0.5},""phase"":""select""},{""action"":{""search_k"":1,""search_strategy"":""default""},""phase"":""search""},{""action"":{""execution_action"":""conservative"",""lip_action"":""selective""},""phase"":""low""},{""action"":{""high_action"":""split"",""order_decision"":""only_cost""},""phase"":""high""},{""action"":{""candidate_id"":0,""schedule_alpha"":0.5},""phase"":""select""},{""action"":{""search_k"":1,""search_strategy"":""default""},""phase"":""search""},{""action"":{""execution_action"":""none"",""lip_action"":""none""},""phase"":""low""},{""action"":{""high_action"":""stop"",""order_decision"":""only_cost""},""phase"":""high""},{""action"":{""search_k"":1,""search_strategy"":""default""},""phase"":""search""},{""action"":{""execution_action"":""none"",""lip_action"":""none""},""phase"":""low""}]"
JOB,a,./workloads/query_job/26b.sql,w/o Plan Topology,729.634985327721,73.972000000000,ok,52c5df37c8602881f0acfe405e5a4f38ddcec08893afde614bdc4c3ed35bf58f,1,True,269b00a88371f1ce4be90647caf2daaa43587ff2ab478663cc77b83e0e264cbd,0834e1a5eeca1dfa7a90c0e245455dda1c906e2c3449eaa1749e390ebd088787,./results/models/ablation/state/no_plan_topology/job/random_a/best.pt,"[{""action"":{""high_action"":""split"",""order_decision"":""only_cost""},""phase"":""high""},{""action"":{""candidate_id"":3,""schedule_alpha"":0.5},""phase"":""select""},{""action"":{""search_k"":1,""search_strategy"":""default""},""phase"":""search""},{""action"":{""execution_action"":""none"",""lip_action"":""none""},""phase"":""low""},{""action"":{""high_action"":""split"",""order_decision"":""only_cost""},""phase"":""high""},{""action"":{""candidate_id"":2,""schedule_alpha"":0.5},""phase"":""select""},{""action"":{""search_k"":1,""search_strategy"":""default""},""phase"":""search""},{""action"":{""execution_action"":""conservative"",""lip_action"":""selective""},""phase"":""low""},{""action"":{""high_action"":""split"",""order_decision"":""only_cost""},""phase"":""high""},{""action"":{""candidate_id"":2,""schedule_alpha"":0.5},""phase"":""select""},{""action"":{""search_k"":1,""search_strategy"":""default""},""phase"":""search""},{""action"":{""execution_action"":""none"",""lip_action"":""none""},""phase"":""low""},{""action"":{""high_action"":""split"",""order_decision"":""only_cost""},""phase"":""high""},{""action"":{""candidate_id"":0,""schedule_alpha"":0.5},""phase"":""select""},{""action"":{""search_k"":1,""search_strategy"":""default""},""phase"":""search""},{""action"":{""execution_action"":""none"",""lip_action"":""none""},""phase"":""low""},{""action"":{""high_action"":""stop"",""order_decision"":""only_cost""},""phase"":""high""},{""action"":{""search_k"":1,""search_strategy"":""default""},""phase"":""search""},{""action"":{""execution_action"":""none"",""lip_action"":""none""},""phase"":""low""}]"
JOB,a,./workloads/query_job/28c.sql,w/o Plan Topology,1462.902680039406,93.876000000000,ok,991e8b67081098ca2488bedc79afe1881f2df52affbd0cf95312f4fb04855bd7,1,True,44786839196803076f694a42ea77fe7dbf087e6d129705b727260222ad0640b9,6e0e9e34366290554801d0f64aed71fbaf36f532c2078ebf64704f208727138d,./results/models/ablation/state/no_plan_topology/job/random_a/best.pt,"[{""action"":{""high_action"":""stop"",""order_decision"":""only_cost""},""phase"":""high""},{""action"":{""search_k"":1,""search_strategy"":""default""},""phase"":""search""},{""action"":{""execution_action"":""none"",""lip_action"":""none""},""phase"":""low""}]"
JOB,a,./workloads/query_job/2a.sql,w/o Plan Topology,721.579730510712,60.570000000000,ok,fc90f3c2c15c5abce95811297c6b9a8ee98e4e03347ce9e79c8ce8e6b57b03a0,1,True,0995feb2bcd3f7f0309e5327fcc700850effde3e159b0c7405c2a29e9f46ba89,398c0ef785bfd21c05bc6e7a8542f94d8a4d991a6823510e5d9a1f92176a4728,./results/models/ablation/state/no_plan_topology/job/random_a/best.pt,"[{""action"":{""high_action"":""stop"",""order_decision"":""only_cost""},""phase"":""high""},{""action"":{""search_k"":1,""search_strategy"":""default""},""phase"":""search""},{""action"":{""execution_action"":""none"",""lip_action"":""none""},""phase"":""low""}]"
JOB,a,./workloads/query_job/30b.sql,w/o Plan Topology,812.626153230667,243.832000000000,ok,9debd188f6a0b8138ba60e6d549daaba2133a2011cbd29d42025eebe31205230,1,True,cfa7d8ca041e428e1d5309dc75c76077ebac66ad9a35c608cdc98780d442e64d,aba066d4720e0dcee7b053ca0b386f387fa57cf0ab4ee41300dc406ea068ca4a,./results/models/ablation/state/no_plan_topology/job/random_a/best.pt,"[{""action"":{""high_action"":""split"",""order_decision"":""only_cost""},""phase"":""high""},{""action"":{""candidate_id"":4,""schedule_alpha"":0.5},""phase"":""select""},{""action"":{""search_k"":1,""search_strategy"":""default""},""phase"":""search""},{""action"":{""execution_action"":""none"",""lip_action"":""none""},""phase"":""low""},{""action"":{""high_action"":""split"",""order_decision"":""only_cost""},""phase"":""high""},{""action"":{""candidate_id"":3,""schedule_alpha"":0.5},""phase"":""select""},{""action"":{""search_k"":1,""search_strategy"":""default""},""phase"":""search""},{""action"":{""execution_action"":""none"",""lip_action"":""none""},""phase"":""low""},{""action"":{""high_action"":""split"",""order_decision"":""only_cost""},""phase"":""high""},{""action"":{""candidate_id"":0,""schedule_alpha"":0.5},""phase"":""select""},{""action"":{""search_k"":1,""search_strategy"":""default""},""phase"":""search""},{""action"":{""execution_action"":""none"",""lip_action"":""none""},""phase"":""low""},{""action"":{""high_action"":""split"",""order_decision"":""only_cost""},""phase"":""high""},{""action"":{""candidate_id"":1,""schedule_alpha"":0.5},""phase"":""select""},{""action"":{""search_k"":1,""search_strategy"":""default""},""phase"":""search""},{""action"":{""execution_action"":""none"",""lip_action"":""none""},""phase"":""low""},{""action"":{""high_action"":""stop"",""order_decision"":""only_cost""},""phase"":""high""},{""action"":{""search_k"":1,""search_strategy"":""default""},""phase"":""search""},{""action"":{""execution_action"":""none"",""lip_action"":""none""},""phase"":""low""}]"
JOB,a,./workloads/query_job/30c.sql,w/o Plan Topology,2191.140696406364,119.794000000000,ok,9def3478d3162492b92bb76237115759aec29176d767191b8cd5def2da2391c9,1,True,923d66370caacc329cfb164d3f47e2d5984623c480ef37884035bd31b570ccb0,f1fef601edd41ce90ccfbcc42ea4b5b98721716c719017f051f62e66d21e2a00,./results/models/ablation/state/no_plan_topology/job/random_a/best.pt,"[{""action"":{""high_action"":""split"",""order_decision"":""only_cost""},""phase"":""high""},{""action"":{""candidate_id"":4,""schedule_alpha"":0.5},""phase"":""select""},{""action"":{""search_k"":1,""search_strategy"":""default""},""phase"":""search""},{""action"":{""execution_action"":""none"",""lip_action"":""none""},""phase"":""low""},{""action"":{""high_action"":""split"",""order_decision"":""only_cost""},""phase"":""high""},{""action"":{""candidate_id"":0,""schedule_alpha"":0.5},""phase"":""select""},{""action"":{""search_k"":1,""search_strategy"":""default""},""phase"":""search""},{""action"":{""execution_action"":""conservative"",""lip_action"":""selective""},""phase"":""low""},{""action"":{""high_action"":""split"",""order_decision"":""only_cost""},""phase"":""high""},{""action"":{""candidate_id"":2,""schedule_alpha"":0.5},""phase"":""select""},{""action"":{""search_k"":1,""search_strategy"":""default""},""phase"":""search""},{""action"":{""execution_action"":""conservative"",""lip_action"":""selective""},""phase"":""low""},{""action"":{""high_action"":""split"",""order_decision"":""only_cost""},""phase"":""high""},{""action"":{""candidate_id"":1,""schedule_alpha"":0.5},""phase"":""select""},{""action"":{""search_k"":1,""search_strategy"":""default""},""phase"":""search""},{""action"":{""execution_action"":""conservative"",""lip_action"":""selective""},""phase"":""low""},{""action"":{""high_action"":""stop"",""order_decision"":""only_cost""},""phase"":""high""},{""action"":{""search_k"":1,""search_strategy"":""default""},""phase"":""search""},{""action"":{""execution_action"":""none"",""lip_action"":""none""},""phase"":""low""}]"
JOB,a,./workloads/query_job/31c.sql,w/o Plan Topology,1253.246098756790,112.687000000000,ok,09c5cf7e96fa8a299de4f7088731cf8e370fa7af16a3438017bcf08c6d8905ae,1,True,ac8fa5e7426016d4f9ef8358c4edecb03693a9f73e638ce0e44b32e5f1a14ccc,fa37c50fe7a722acecccffee76e47266d448236df298f2de4d609078b59fdd9f,./results/models/ablation/state/no_plan_topology/job/random_a/best.pt,"[{""action"":{""high_action"":""split"",""order_decision"":""only_cost""},""phase"":""high""},{""action"":{""candidate_id"":4,""schedule_alpha"":0.5},""phase"":""select""},{""action"":{""search_k"":1,""search_strategy"":""default""},""phase"":""search""},{""action"":{""execution_action"":""none"",""lip_action"":""none""},""phase"":""low""},{""action"":{""high_action"":""split"",""order_decision"":""only_cost""},""phase"":""high""},{""action"":{""candidate_id"":1,""schedule_alpha"":0.5},""phase"":""select""},{""action"":{""search_k"":1,""search_strategy"":""default""},""phase"":""search""},{""action"":{""execution_action"":""conservative"",""lip_action"":""selective""},""phase"":""low""},{""action"":{""high_action"":""split"",""order_decision"":""only_cost""},""phase"":""high""},{""action"":{""candidate_id"":2,""schedule_alpha"":0.5},""phase"":""select""},{""action"":{""search_k"":1,""search_strategy"":""default""},""phase"":""search""},{""action"":{""execution_action"":""conservative"",""lip_action"":""selective""},""phase"":""low""},{""action"":{""high_action"":""split"",""order_decision"":""only_cost""},""phase"":""high""},{""action"":{""candidate_id"":1,""schedule_alpha"":0.5},""phase"":""select""},{""action"":{""search_k"":1,""search_strategy"":""default""},""phase"":""search""},{""action"":{""execution_action"":""none"",""lip_action"":""none""},""phase"":""low""},{""action"":{""high_action"":""stop"",""order_decision"":""only_cost""},""phase"":""high""},{""action"":{""search_k"":1,""search_strategy"":""default""},""phase"":""search""},{""action"":{""execution_action"":""none"",""lip_action"":""none""},""phase"":""low""}]"
JOB,a,./workloads/query_job/32a.sql,w/o Plan Topology,106.169357895851,61.572000000000,ok,38cf683886cf6fdc55596ffbf14756cbedd54a4091ef744fb773fc7f37ce3139,1,True,8ad21930b0a8a23f5e33825167d833a61153d8cb7d5be09d4b81d3cd0617fb08,6521cf5a0b6f3b22a0ad0976142ceeb4f99e5a166efc1656f2af4246846945f6,./results/models/ablation/state/no_plan_topology/job/random_a/best.pt,"[{""action"":{""high_action"":""stop"",""order_decision"":""only_cost""},""phase"":""high""},{""action"":{""search_k"":1,""search_strategy"":""default""},""phase"":""search""},{""action"":{""execution_action"":""none"",""lip_action"":""none""},""phase"":""low""}]"
JOB,a,./workloads/query_job/33a.sql,w/o Plan Topology,1601.651534438135,135.160192847252,timeout,,,True,6a38fb395b06f945854ef0423937019deed322f9f962b26950ed9c16f02e744d,fa594c1a4fdeab5f64d3b129587c0c0a4f712df879f10cbd6d27e8d77dd8eb52,./results/models/ablation/state/no_plan_topology/job/random_a/best.pt,"[{""action"":{""high_action"":""stop"",""order_decision"":""only_cost""},""phase"":""high""},{""action"":{""search_k"":1,""search_strategy"":""default""},""phase"":""search""},{""action"":{""execution_action"":""conservative"",""lip_action"":""selective""},""phase"":""low""}]"
JOB,a,./workloads/query_job/33b.sql,w/o Plan Topology,1542.342230677605,134.072676301003,timeout,,,True,e14647709a68dddcaae13776734ffd6414f1e12c54e94e082601741ffb8e0629,b201c719d5a109414c888ae5bf745ad936fdb1dee0b4aa1d892016f619f72675,./results/models/ablation/state/no_plan_topology/job/random_a/best.pt,"[{""action"":{""high_action"":""stop"",""order_decision"":""only_cost""},""phase"":""high""},{""action"":{""search_k"":1,""search_strategy"":""default""},""phase"":""search""},{""action"":{""execution_action"":""conservative"",""lip_action"":""selective""},""phase"":""low""}]"
JOB,a,./workloads/query_job/3b.sql,w/o Plan Topology,209.415115416050,52.491000000000,ok,f09c4919f4c92a95515be773a486d51c5e5ccd19e0f5087b7c0f0ab64cd137cf,1,True,ae4004cc7b799ac793b059f8e836f1f30e1c7aa97f606ea09a38a5bf3249c9b0,84d29a7505c100bf2b8246c9be5df5e592cf34845dd9f212ac76a18b80591379,./results/models/ablation/state/no_plan_topology/job/random_a/best.pt,"[{""action"":{""high_action"":""stop"",""order_decision"":""only_cost""},""phase"":""high""},{""action"":{""search_k"":1,""search_strategy"":""default""},""phase"":""search""},{""action"":{""execution_action"":""none"",""lip_action"":""none""},""phase"":""low""}]"
JOB,a,./workloads/query_job/3c.sql,w/o Plan Topology,434.940822422504,46.477000000000,ok,78dc828b7194ccb46ee35f89eb2f2152e11378ef17a14837d364bb6f73cc0769,1,True,53f67ff744c691ea1d11ad08bd66770e31b5d5aa38acafd34f0975631c915b0a,96e9d72d112021ea7a50ee4fa22fcb86c62c2674cad615984e03bcc5b27fb2a5,./results/models/ablation/state/no_plan_topology/job/random_a/best.pt,"[{""action"":{""high_action"":""stop"",""order_decision"":""only_cost""},""phase"":""high""},{""action"":{""search_k"":1,""search_strategy"":""default""},""phase"":""search""},{""action"":{""execution_action"":""none"",""lip_action"":""none""},""phase"":""low""}]"
JOB,a,./workloads/query_job/4a.sql,w/o Plan Topology,227.734640240669,61.976000000000,ok,748155aaa114d016eb288dab57d2b91f8907ee5678c3789b9df355aec3a5f474,1,True,06bfce65a48f6ab1199c4a9bba913510f7b8a82566d50963a11f84c92b9f7a89,2f9a3e127c3ab3e6665cac74c39561a0b74685029816cdd480e956e204ddd92e,./results/models/ablation/state/no_plan_topology/job/random_a/best.pt,"[{""action"":{""high_action"":""stop"",""order_decision"":""only_cost""},""phase"":""high""},{""action"":{""search_k"":1,""search_strategy"":""default""},""phase"":""search""},{""action"":{""execution_action"":""none"",""lip_action"":""none""},""phase"":""low""}]"
JOB,a,./workloads/query_job/4b.sql,w/o Plan Topology,203.850194811821,54.375000000000,ok,c2e5045abfc8ecfbd0b40e2ecf04f734592cd5b76e223f977e6c366b9f571679,1,True,dace7f2a6b2b3cb8f35621d48df5ec2f440e2897681e0d2e3c4876fb41206ea6,c21d9dceadadd56d12c23a7bf4d2f8851ef8d99b4b124434b2d5518b3a1905d4,./results/models/ablation/state/no_plan_topology/job/random_a/best.pt,"[{""action"":{""high_action"":""stop"",""order_decision"":""only_cost""},""phase"":""high""},{""action"":{""search_k"":1,""search_strategy"":""default""},""phase"":""search""},{""action"":{""execution_action"":""none"",""lip_action"":""none""},""phase"":""low""}]"
JOB,a,./workloads/query_job/5b.sql,w/o Plan Topology,302.247971296310,37.275000000000,ok,4f78f1a55542d807d5eaabd4ee2244ee9ba0258958f7de1c1ef4598cd5b46ab1,1,True,fcaa648b0fec4156c680e743555f3a98e312afdcef07b9f210dd2e78e96f366a,4ab3161b9ee515b9d25cfbc6880df1c443d2d34d8cf170faa127237ce0787f5c,./results/models/ablation/state/no_plan_topology/job/random_a/best.pt,"[{""action"":{""high_action"":""stop"",""order_decision"":""only_cost""},""phase"":""high""},{""action"":{""search_k"":1,""search_strategy"":""default""},""phase"":""search""},{""action"":{""execution_action"":""none"",""lip_action"":""selective""},""phase"":""low""}]"
JOB,a,./workloads/query_job/6b.sql,w/o Plan Topology,376.647420227528,78.544000000000,ok,2b959ee9a358222cd3f680b4de1a9c2be8556432140123daad1b20aa89815ab9,1,True,419e551750c0131f0e1003b4d6108970d8e55450d8864511a38ea622f1ec5b46,4b4fbdccb49613c8ac20ef24e9a4c20781da87750327cd66fca9ffb9e6be5425,./results/models/ablation/state/no_plan_topology/job/random_a/best.pt,"[{""action"":{""high_action"":""split"",""order_decision"":""only_cost""},""phase"":""high""},{""action"":{""candidate_id"":1,""schedule_alpha"":0.5},""phase"":""select""},{""action"":{""search_k"":1,""search_strategy"":""default""},""phase"":""search""},{""action"":{""execution_action"":""none"",""lip_action"":""none""},""phase"":""low""},{""action"":{""high_action"":""stop"",""order_decision"":""only_cost""},""phase"":""high""},{""action"":{""search_k"":1,""search_strategy"":""default""},""phase"":""search""},{""action"":{""execution_action"":""none"",""lip_action"":""none""},""phase"":""low""}]"
JOB,a,./workloads/query_job/6f.sql,w/o Plan Topology,3600.704103708267,77.684000000000,ok,ce75c2032883b5ebfbc1826c33aee0cbee3a05005e8a664ad50142f57e258055,1,True,ca81b44f1bb28270af16fc3d7fc9557d25b0370bbbf93af18424495d9360b0cf,66f345526e2d80dee471ab0a61feffc1caeec5e94355c5f2c1ebaa9e079eb2a7,./results/models/ablation/state/no_plan_topology/job/random_a/best.pt,"[{""action"":{""high_action"":""split"",""order_decision"":""only_cost""},""phase"":""high""},{""action"":{""candidate_id"":1,""schedule_alpha"":0.5},""phase"":""select""},{""action"":{""search_k"":1,""search_strategy"":""default""},""phase"":""search""},{""action"":{""execution_action"":""none"",""lip_action"":""none""},""phase"":""low""},{""action"":{""high_action"":""stop"",""order_decision"":""only_cost""},""phase"":""high""},{""action"":{""search_k"":1,""search_strategy"":""default""},""phase"":""search""},{""action"":{""execution_action"":""none"",""lip_action"":""none""},""phase"":""low""}]"
JOB,a,./workloads/query_job/8a.sql,w/o Plan Topology,2227.720022201538,48.031000000000,ok,83ca1ebec91355240bb85797c81f9f6b8a96392c57707c100978708f49ae71e9,1,True,73718f4b13eeaee44908b29c966eb3cd5194734f660c4b9b5321e15b934ac32c,d8dfda3b35ef2b118e1b1a0326172cba6af9863eaedc023def1943885ecc71dc,./results/models/ablation/state/no_plan_topology/job/random_a/best.pt,"[{""action"":{""high_action"":""stop"",""order_decision"":""only_cost""},""phase"":""high""},{""action"":{""search_k"":1,""search_strategy"":""default""},""phase"":""search""},{""action"":{""execution_action"":""conservative"",""lip_action"":""selective""},""phase"":""low""}]"
JOB,a,./workloads/query_job/9a.sql,w/o Plan Topology,852.978803217411,48.644000000000,ok,886c7581cf3aa969ef759925c2f5ff04f028206a5c5d8bf1705580bbaac34c47,1,True,b59cee0756ad5ccd2f011923fb5692a48405eb575fc07804fd525f5d5043af81,e3789f1ae9be719ccdbed9a81891e30be1a731a772aed57fa9fe2d2e93c94563,./results/models/ablation/state/no_plan_topology/job/random_a/best.pt,"[{""action"":{""high_action"":""stop"",""order_decision"":""only_cost""},""phase"":""high""},{""action"":{""search_k"":1,""search_strategy"":""default""},""phase"":""search""},{""action"":{""execution_action"":""none"",""lip_action"":""selective""},""phase"":""low""}]"
JOB,a,./workloads/query_job/9b.sql,w/o Plan Topology,887.498892843723,53.060000000000,ok,8078dd223231eda190e9f3cf026f80ab7e46a368b87b14254a00ad3dcf6f4f90,1,True,d3e4c7e2475a417f999044b9390603c3a0ba86a1ff7b673397f708f7ab4e0601,46ec6dde7aee19295b6257841d059d4194f4abe09790af786867e468f86802e0,./results/models/ablation/state/no_plan_topology/job/random_a/best.pt,"[{""action"":{""high_action"":""stop"",""order_decision"":""only_cost""},""phase"":""high""},{""action"":{""search_k"":1,""search_strategy"":""default""},""phase"":""search""},{""action"":{""execution_action"":""none"",""lip_action"":""selective""},""phase"":""low""}]"
JOB,a,./workloads/query_job/9d.sql,w/o Plan Topology,4374.307371675968,43.337000000000,ok,0e289ef9aab62d7cdc6d31fb6a14d705898bc5aae64eda813c4c66eea1574c1a,1,True,10a82f5cf2e3c423a8087f7300a8cc312d37feebe557a5e23c0351fcf2023c9a,9aefef7699279dd837c3ab6d2bd98b39da1c056a02cf7aec2d3e9f2d5c416e8e,./results/models/ablation/state/no_plan_topology/job/random_a/best.pt,"[{""action"":{""high_action"":""stop"",""order_decision"":""only_cost""},""phase"":""high""},{""action"":{""search_k"":1,""search_strategy"":""default""},""phase"":""search""},{""action"":{""execution_action"":""conservative"",""lip_action"":""selective""},""phase"":""low""}]"
JOB,b,./workloads/query_job/10a.sql,w/o Plan Topology,3658.849924802780,25.604000000000,ok,929d0b936421c3cc037300fc273cb56746f39627e96a60da4dd6863044511457,1,True,b903d25de03f32fb7548afe11ab437231cebf710816e9af9f7b9249a187f91b6,538b531fe8c91d2a6eec2f8c6a3dc1682db21409827b2c5ffa3597def6ddae91,./results/models/ablation/state/no_plan_topology/job/random_b/best.pt,"[{""action"":{""high_action"":""split"",""order_decision"":""only_cost""},""phase"":""high""},{""action"":{""candidate_id"":0,""schedule_alpha"":0.5},""phase"":""select""},{""action"":{""search_k"":1,""search_strategy"":""default""},""phase"":""search""},{""action"":{""execution_action"":""none"",""lip_action"":""selective""},""phase"":""low""},{""action"":{""high_action"":""stop"",""order_decision"":""only_cost""},""phase"":""high""},{""action"":{""search_k"":1,""search_strategy"":""default""},""phase"":""search""},{""action"":{""execution_action"":""conservative"",""lip_action"":""selective""},""phase"":""low""}]"
JOB,b,./workloads/query_job/10b.sql,w/o Plan Topology,3081.048250198364,61.905000000000,ok,706843969f310473a0308417223dbd3b01f9c23dd72c30ca6a320928a1c6d9a0,1,True,fb2ad6a27beaf2cc4f2a523232a0e8705cf567e07757574bdba087c9aa0dedf7,f2cb6437121defe6466af5490a7b93be35aeed04a51417b3edc7bb814f576713,./results/models/ablation/state/no_plan_topology/job/random_b/best.pt,"[{""action"":{""high_action"":""split"",""order_decision"":""only_cost""},""phase"":""high""},{""action"":{""candidate_id"":1,""schedule_alpha"":0.5},""phase"":""select""},{""action"":{""search_k"":1,""search_strategy"":""default""},""phase"":""search""},{""action"":{""execution_action"":""conservative"",""lip_action"":""selective""},""phase"":""low""},{""action"":{""high_action"":""stop"",""order_decision"":""only_cost""},""phase"":""high""},{""action"":{""search_k"":1,""search_strategy"":""default""},""phase"":""search""},{""action"":{""execution_action"":""none"",""lip_action"":""selective""},""phase"":""low""}]"
JOB,b,./workloads/query_job/11b.sql,w/o Plan Topology,211.744755506516,35.829000000000,ok,1140a97472e10ce6316cd6b2747dee298183b9dfeb896f858eb6598def2645fe,1,True,ffc144e44824d710e5563cc0b9ffb6866dadaa9968760d257226f37f02fcd35f,e2c6ff8c09a57a45800a8d2419d2d724f204891757e557bcb133c0aa2e43f7e5,./results/models/ablation/state/no_plan_topology/job/random_b/best.pt,"[{""action"":{""high_action"":""split"",""order_decision"":""only_cost""},""phase"":""high""},{""action"":{""candidate_id"":1,""schedule_alpha"":0.5},""phase"":""select""},{""action"":{""search_k"":1,""search_strategy"":""default""},""phase"":""search""},{""action"":{""execution_action"":""none"",""lip_action"":""none""},""phase"":""low""},{""action"":{""high_action"":""split"",""order_decision"":""only_cost""},""phase"":""high""},{""action"":{""candidate_id"":1,""schedule_alpha"":0.5},""phase"":""select""},{""action"":{""search_k"":1,""search_strategy"":""default""},""phase"":""search""},{""action"":{""execution_action"":""none"",""lip_action"":""selective""},""phase"":""low""},{""action"":{""high_action"":""stop"",""order_decision"":""only_cost""},""phase"":""high""},{""action"":{""search_k"":1,""search_strategy"":""default""},""phase"":""search""},{""action"":{""execution_action"":""none"",""lip_action"":""none""},""phase"":""low""}]"
JOB,b,./workloads/query_job/11c.sql,w/o Plan Topology,538.551822304726,42.909000000000,ok,e03dd6f5aa7f119762f6b549c488852bbe23e0297bd479e5946f75c06ef1bbca,1,True,1e8a31ce5f941e875bdc6839cd0ad8711d3d7a85ea7926f967b079e825151558,0c66e7497289b3ddf49ac4bde6d27ecc873bd35316918aa7fbd5e4bc523f167a,./results/models/ablation/state/no_plan_topology/job/random_b/best.pt,"[{""action"":{""high_action"":""split"",""order_decision"":""only_cost""},""phase"":""high""},{""action"":{""candidate_id"":1,""schedule_alpha"":0.5},""phase"":""select""},{""action"":{""search_k"":1,""search_strategy"":""default""},""phase"":""search""},{""action"":{""execution_action"":""none"",""lip_action"":""none""},""phase"":""low""},{""action"":{""high_action"":""split"",""order_decision"":""only_cost""},""phase"":""high""},{""action"":{""candidate_id"":0,""schedule_alpha"":0.5},""phase"":""select""},{""action"":{""search_k"":1,""search_strategy"":""default""},""phase"":""search""},{""action"":{""execution_action"":""conservative"",""lip_action"":""selective""},""phase"":""low""},{""action"":{""high_action"":""stop"",""order_decision"":""only_cost""},""phase"":""high""},{""action"":{""search_k"":1,""search_strategy"":""default""},""phase"":""search""},{""action"":{""execution_action"":""conservative"",""lip_action"":""selective""},""phase"":""low""}]"
JOB,b,./workloads/query_job/12b.sql,w/o Plan Topology,104.249194264412,15.404000000000,timeout,,,True,08a07d396ae29995c89035c3fffc028a3238e05410e31acdba8eb0e59738ad02,3c50989a3061c4d3494156207009b788911ee3a7ac1c913c27fa3110dd9b7bf5,./results/models/ablation/state/no_plan_topology/job/random_b/best.pt,"[{""action"":{""high_action"":""split"",""order_decision"":""only_cost""},""phase"":""high""},{""action"":{""candidate_id"":2,""schedule_alpha"":0.5},""phase"":""select""},{""action"":{""search_k"":1,""search_strategy"":""default""},""phase"":""search""},{""action"":{""execution_action"":""none"",""lip_action"":""none""},""phase"":""low""},{""action"":{""high_action"":""split"",""order_decision"":""only_cost""},""phase"":""high""},{""action"":{""candidate_id"":0,""schedule_alpha"":0.5},""phase"":""select""},{""action"":{""search_k"":1,""search_strategy"":""default""},""phase"":""search""},{""action"":{""execution_action"":""none"",""lip_action"":""selective""},""phase"":""low""}]"
JOB,b,./workloads/query_job/12c.sql,w/o Plan Topology,1960.614934563637,108.930000000000,ok,fc048ce250bbfdae76cc58594ab66716a3f413669bed819d0adf4b9851bbc9c4,1,True,51d4250491b52fbe4bfb48d9301d1c7d2aa060de56c62f75690861292b9f612d,35e962f5e9e520b06d7f442d24af5c2416ba8944ad5eacdc8def67f0c916430e,./results/models/ablation/state/no_plan_topology/job/random_b/best.pt,"[{""action"":{""high_action"":""split"",""order_decision"":""only_cost""},""phase"":""high""},{""action"":{""candidate_id"":2,""schedule_alpha"":0.5},""phase"":""select""},{""action"":{""search_k"":1,""search_strategy"":""default""},""phase"":""search""},{""action"":{""execution_action"":""none"",""lip_action"":""none""},""phase"":""low""},{""action"":{""high_action"":""split"",""order_decision"":""only_cost""},""phase"":""high""},{""action"":{""candidate_id"":1,""schedule_alpha"":0.5},""phase"":""select""},{""action"":{""search_k"":1,""search_strategy"":""default""},""phase"":""search""},{""action"":{""execution_action"":""conservative"",""lip_action"":""selective""},""phase"":""low""},{""action"":{""high_action"":""stop"",""order_decision"":""only_cost""},""phase"":""high""},{""action"":{""search_k"":1,""search_strategy"":""default""},""phase"":""search""},{""action"":{""execution_action"":""none"",""lip_action"":""selective""},""phase"":""low""}]"
JOB,b,./workloads/query_job/14b.sql,w/o Plan Topology,356.030456721783,40.528000000000,ok,74085e27c595ac219c6257d663e3ccccdf16299520347ac5488a715783f18a41,1,True,04d0faccdeda1c62023c173cbd67e53648ced3d8d32598b81b98d7d8ae1374c6,63b9850bd405dd07a0495f70a0a689918c93a60ec52d48e83a1c9604f449e6d2,./results/models/ablation/state/no_plan_topology/job/random_b/best.pt,"[{""action"":{""high_action"":""split"",""order_decision"":""only_cost""},""phase"":""high""},{""action"":{""candidate_id"":2,""schedule_alpha"":0.5},""phase"":""select""},{""action"":{""search_k"":1,""search_strategy"":""default""},""phase"":""search""},{""action"":{""execution_action"":""none"",""lip_action"":""none""},""phase"":""low""},{""action"":{""high_action"":""split"",""order_decision"":""only_cost""},""phase"":""high""},{""action"":{""candidate_id"":0,""schedule_alpha"":0.5},""phase"":""select""},{""action"":{""search_k"":1,""search_strategy"":""default""},""phase"":""search""},{""action"":{""execution_action"":""conservative"",""lip_action"":""selective""},""phase"":""low""},{""action"":{""high_action"":""split"",""order_decision"":""only_cost""},""phase"":""high""},{""action"":{""candidate_id"":1,""schedule_alpha"":0.5},""phase"":""select""},{""action"":{""search_k"":1,""search_strategy"":""default""},""phase"":""search""},{""action"":{""execution_action"":""none"",""lip_action"":""selective""},""phase"":""low""},{""action"":{""high_action"":""stop"",""order_decision"":""only_cost""},""phase"":""high""},{""action"":{""search_k"":1,""search_strategy"":""default""},""phase"":""search""},{""action"":{""execution_action"":""none"",""lip_action"":""selective""},""phase"":""low""}]"
JOB,b,./workloads/query_job/14c.sql,w/o Plan Topology,1000.646658241749,62.993000000000,ok,f13c3a0e601dd42f5abd41675e0438c06c7c79b9e0a6b2e6974fe4952b94c09e,1,True,4044432e0fb5ef5a6b3c344f39d57289332aee1db54d599ca8fd9a02e0e7e010,4c6aacfb029e96c2b1c8e2bf0595cf8a7585a835b7d386915c02ecc0f2e8cc82,./results/models/ablation/state/no_plan_topology/job/random_b/best.pt,"[{""action"":{""high_action"":""split"",""order_decision"":""only_cost""},""phase"":""high""},{""action"":{""candidate_id"":2,""schedule_alpha"":0.5},""phase"":""select""},{""action"":{""search_k"":1,""search_strategy"":""default""},""phase"":""search""},{""action"":{""execution_action"":""none"",""lip_action"":""none""},""phase"":""low""},{""action"":{""high_action"":""split"",""order_decision"":""only_cost""},""phase"":""high""},{""action"":{""candidate_id"":0,""schedule_alpha"":0.5},""phase"":""select""},{""action"":{""search_k"":1,""search_strategy"":""default""},""phase"":""search""},{""action"":{""execution_action"":""conservative"",""lip_action"":""selective""},""phase"":""low""},{""action"":{""high_action"":""split"",""order_decision"":""only_cost""},""phase"":""high""},{""action"":{""candidate_id"":1,""schedule_alpha"":0.5},""phase"":""select""},{""action"":{""search_k"":1,""search_strategy"":""default""},""phase"":""search""},{""action"":{""execution_action"":""conservative"",""lip_action"":""selective""},""phase"":""low""},{""action"":{""high_action"":""stop"",""order_decision"":""only_cost""},""phase"":""high""},{""action"":{""search_k"":1,""search_strategy"":""default""},""phase"":""search""},{""action"":{""execution_action"":""conservative"",""lip_action"":""selective""},""phase"":""low""}]"
JOB,b,./workloads/query_job/15d.sql,w/o Plan Topology,964.024424552917,96.876000000000,ok,df3a19f8bdca38394c1c9a01f448c4e34ce26e4cc3c938d45c9a4e59526d24d5,1,True,4bee7bca7e2f4a056f49790ca7c32c5445624df12a7ce3d617cda3ad9db080a0,da1d024b00b99d5441a3e6f73102b9e8a692f2c922f97d28544b45d5b51495a6,./results/models/ablation/state/no_plan_topology/job/random_b/best.pt,"[{""action"":{""high_action"":""split"",""order_decision"":""only_cost""},""phase"":""high""},{""action"":{""candidate_id"":2,""schedule_alpha"":0.5},""phase"":""select""},{""action"":{""search_k"":1,""search_strategy"":""default""},""phase"":""search""},{""action"":{""execution_action"":""none"",""lip_action"":""none""},""phase"":""low""},{""action"":{""high_action"":""split"",""order_decision"":""only_cost""},""phase"":""high""},{""action"":{""candidate_id"":0,""schedule_alpha"":0.5},""phase"":""select""},{""action"":{""search_k"":1,""search_strategy"":""default""},""phase"":""search""},{""action"":{""execution_action"":""conservative"",""lip_action"":""selective""},""phase"":""low""},{""action"":{""high_action"":""split"",""order_decision"":""only_cost""},""phase"":""high""},{""action"":{""candidate_id"":0,""schedule_alpha"":0.5},""phase"":""select""},{""action"":{""search_k"":1,""search_strategy"":""default""},""phase"":""search""},{""action"":{""execution_action"":""none"",""lip_action"":""none""},""phase"":""low""},{""action"":{""high_action"":""stop"",""order_decision"":""only_cost""},""phase"":""high""},{""action"":{""search_k"":1,""search_strategy"":""default""},""phase"":""search""},{""action"":{""execution_action"":""conservative"",""lip_action"":""selective""},""phase"":""low""}]"
JOB,b,./workloads/query_job/16a.sql,w/o Plan Topology,550.613015890121,61.248000000000,ok,bffefed9bcba1ce113c4f9365520889d2a59468ebb170e1a8e776353d8311bfb,1,True,98ca9357fa4e46e7641403d725147367ff85ebe47b9af01574bd8790fdead793,e1308ae0db6a8c3b009bbb2765d16caf265aa8b1e5d71a76246e1386f7be87bd,./results/models/ablation/state/no_plan_topology/job/random_b/best.pt,"[{""action"":{""high_action"":""split"",""order_decision"":""only_cost""},""phase"":""high""},{""action"":{""candidate_id"":3,""schedule_alpha"":0.5},""phase"":""select""},{""action"":{""search_k"":1,""search_strategy"":""default""},""phase"":""search""},{""action"":{""execution_action"":""none"",""lip_action"":""none""},""phase"":""low""},{""action"":{""high_action"":""split"",""order_decision"":""only_cost""},""phase"":""high""},{""action"":{""candidate_id"":2,""schedule_alpha"":0.5},""phase"":""select""},{""action"":{""search_k"":1,""search_strategy"":""default""},""phase"":""search""},{""action"":{""execution_action"":""none"",""lip_action"":""selective""},""phase"":""low""},{""action"":{""high_action"":""split"",""order_decision"":""only_cost""},""phase"":""high""},{""action"":{""candidate_id"":1,""schedule_alpha"":0.5},""phase"":""select""},{""action"":{""search_k"":1,""search_strategy"":""default""},""phase"":""search""},{""action"":{""execution_action"":""none"",""lip_action"":""none""},""phase"":""low""},{""action"":{""high_action"":""stop"",""order_decision"":""only_cost""},""phase"":""high""},{""action"":{""search_k"":1,""search_strategy"":""default""},""phase"":""search""},{""action"":{""execution_action"":""none"",""lip_action"":""none""},""phase"":""low""}]"
JOB,b,./workloads/query_job/16b.sql,w/o Plan Topology,6486.621774733067,97.381000000000,ok,e153889fdca6a79bf30b6f802a7d6fb574587af0fb56f36ecc25d831db945ea2,1,True,fc9bade3cba0bf3d6b19e2ac06e9cee8cec6139548c843822afb9ae725a8ca50,68661751e4322de557871b9171a955aec83c4518710e04c57a6a0f5d52e7ee73,./results/models/ablation/state/no_plan_topology/job/random_b/best.pt,"[{""action"":{""high_action"":""split"",""order_decision"":""only_cost""},""phase"":""high""},{""action"":{""candidate_id"":3,""schedule_alpha"":0.5},""phase"":""select""},{""action"":{""search_k"":1,""search_strategy"":""default""},""phase"":""search""},{""action"":{""execution_action"":""none"",""lip_action"":""none""},""phase"":""low""},{""action"":{""high_action"":""split"",""order_decision"":""only_cost""},""phase"":""high""},{""action"":{""candidate_id"":2,""schedule_alpha"":0.5},""phase"":""select""},{""action"":{""search_k"":1,""search_strategy"":""default""},""phase"":""search""},{""action"":{""execution_action"":""conservative"",""lip_action"":""selective""},""phase"":""low""},{""action"":{""high_action"":""split"",""order_decision"":""only_cost""},""phase"":""high""},{""action"":{""candidate_id"":0,""schedule_alpha"":0.5},""phase"":""select""},{""action"":{""search_k"":1,""search_strategy"":""default""},""phase"":""search""},{""action"":{""execution_action"":""conservative"",""lip_action"":""selective""},""phase"":""low""},{""action"":{""high_action"":""stop"",""order_decision"":""only_cost""},""phase"":""high""},{""action"":{""search_k"":1,""search_strategy"":""default""},""phase"":""search""},{""action"":{""execution_action"":""conservative"",""lip_action"":""selective""},""phase"":""low""}]"
JOB,b,./workloads/query_job/17f.sql,w/o Plan Topology,4344.062820076942,47.110000000000,ok,966c1a52f852284091756356c99e5f43debac4e41bc8ee9f790f5c70bff4c7c4,1,True,77afa60ea3035bcc73268ff4eb0213c4a1951c7812cadde11d313b7a75e75bc1,391353d5b625521f90afea754a22c8092f89261da8ef1f2b449c84ae1567881c,./results/models/ablation/state/no_plan_topology/job/random_b/best.pt,"[{""action"":{""high_action"":""split"",""order_decision"":""only_cost""},""phase"":""high""},{""action"":{""candidate_id"":2,""schedule_alpha"":0.5},""phase"":""select""},{""action"":{""search_k"":1,""search_strategy"":""default""},""phase"":""search""},{""action"":{""execution_action"":""none"",""lip_action"":""none""},""phase"":""low""},{""action"":{""high_action"":""split"",""order_decision"":""only_cost""},""phase"":""high""},{""action"":{""candidate_id"":1,""schedule_alpha"":0.5},""phase"":""select""},{""action"":{""search_k"":1,""search_strategy"":""default""},""phase"":""search""},{""action"":{""execution_action"":""conservative"",""lip_action"":""selective""},""phase"":""low""},{""action"":{""high_action"":""stop"",""order_decision"":""only_cost""},""phase"":""high""},{""action"":{""search_k"":1,""search_strategy"":""default""},""phase"":""search""},{""action"":{""execution_action"":""conservative"",""lip_action"":""selective""},""phase"":""low""}]"
JOB,b,./workloads/query_job/18a.sql,w/o Plan Topology,8168.494716286659,59.787000000000,ok,4ea394ad5b6ff23d28102b48eef256f385144f05c176dcf273e5fc3dfc0f3ea7,1,True,b049a52518f0e2cb9e057916dbe8baada40a32d943cbba9e9302d37ad45117aa,b3bde6dc4d68f8a311b78cdce4f35bc58ec66698c421e2c482a125910b9df72d,./results/models/ablation/state/no_plan_topology/job/random_b/best.pt,"[{""action"":{""high_action"":""split"",""order_decision"":""only_cost""},""phase"":""high""},{""action"":{""candidate_id"":2,""schedule_alpha"":0.5},""phase"":""select""},{""action"":{""search_k"":1,""search_strategy"":""default""},""phase"":""search""},{""action"":{""execution_action"":""none"",""lip_action"":""none""},""phase"":""low""},{""action"":{""high_action"":""split"",""order_decision"":""only_cost""},""phase"":""high""},{""action"":{""candidate_id"":0,""schedule_alpha"":0.5},""phase"":""select""},{""action"":{""search_k"":1,""search_strategy"":""default""},""phase"":""search""},{""action"":{""execution_action"":""conservative"",""lip_action"":""selective""},""phase"":""low""},{""action"":{""high_action"":""stop"",""order_decision"":""only_cost""},""phase"":""high""},{""action"":{""search_k"":1,""search_strategy"":""default""},""phase"":""search""},{""action"":{""execution_action"":""conservative"",""lip_action"":""selective""},""phase"":""low""}]"
JOB,b,./workloads/query_job/19a.sql,w/o Plan Topology,2364.085584878922,59.058000000000,ok,1f0ca7719cfc34a43e2d3322146638f13989d450c4591afc7b3885613918e4de,1,True,27ca8fa096c14375386488ff50fb8a51380f0377dff0ff95c6bb653dd3256722,40277c63f7947d59ec9b5c25e760d077445562c31a0e8f7a0efcaaf486d57a98,./results/models/ablation/state/no_plan_topology/job/random_b/best.pt,"[{""action"":{""high_action"":""split"",""order_decision"":""only_cost""},""phase"":""high""},{""action"":{""candidate_id"":1,""schedule_alpha"":0.5},""phase"":""select""},{""action"":{""search_k"":1,""search_strategy"":""default""},""phase"":""search""},{""action"":{""execution_action"":""none"",""lip_action"":""selective""},""phase"":""low""},{""action"":{""high_action"":""split"",""order_decision"":""only_cost""},""phase"":""high""},{""action"":{""candidate_id"":2,""schedule_alpha"":0.5},""phase"":""select""},{""action"":{""search_k"":1,""search_strategy"":""default""},""phase"":""search""},{""action"":{""execution_action"":""none"",""lip_action"":""none""},""phase"":""low""},{""action"":{""high_action"":""split"",""order_decision"":""only_cost""},""phase"":""high""},{""action"":{""candidate_id"":1,""schedule_alpha"":0.5},""phase"":""select""},{""action"":{""search_k"":1,""search_strategy"":""default""},""phase"":""search""},{""action"":{""execution_action"":""none"",""lip_action"":""none""},""phase"":""low""},{""action"":{""high_action"":""stop"",""order_decision"":""only_cost""},""phase"":""high""},{""action"":{""search_k"":1,""search_strategy"":""default""},""phase"":""search""},{""action"":{""execution_action"":""none"",""lip_action"":""none""},""phase"":""low""}]"
JOB,b,./workloads/query_job/1d.sql,w/o Plan Topology,46.015478670597,29.602000000000,ok,b68175a2c8e96f8bc107b1f09c2703f390d5a78ec2aa27991cd17eea2e6db1c8,1,True,997fb060d1b75d3edd3a31b41958a5b3fcca9a4fab38f0477530342762a3d7ad,d05bb706359a673f2306b7fb6a68b19ec03e353ad1727bf41db9f1be0bf6cb94,./results/models/ablation/state/no_plan_topology/job/random_b/best.pt,"[{""action"":{""high_action"":""split"",""order_decision"":""only_cost""},""phase"":""high""},{""action"":{""candidate_id"":1,""schedule_alpha"":0.5},""phase"":""select""},{""action"":{""search_k"":1,""search_strategy"":""default""},""phase"":""search""},{""action"":{""execution_action"":""none"",""lip_action"":""none""},""phase"":""low""},{""action"":{""high_action"":""stop"",""order_decision"":""only_cost""},""phase"":""high""},{""action"":{""search_k"":1,""search_strategy"":""default""},""phase"":""search""},{""action"":{""execution_action"":""none"",""lip_action"":""selective""},""phase"":""low""}]"
JOB,b,./workloads/query_job/20b.sql,w/o Plan Topology,1018.900364637375,59.123000000000,ok,bdabdfce4c8cd4726f7228f6d5040b01cd2120ccf41064b215b2fd1b9c7cdbe3,1,True,443e3c2a3f2b9ed123e84b8702310e18bf7d47528078fcdf5a6557864e856cc3,9e8ef7ef000f8663ecd24aebefe492558754516982fe6c8dbf84fa64859eb75d,./results/models/ablation/state/no_plan_topology/job/random_b/best.pt,"[{""action"":{""high_action"":""split"",""order_decision"":""only_cost""},""phase"":""high""},{""action"":{""candidate_id"":1,""schedule_alpha"":0.5},""phase"":""select""},{""action"":{""search_k"":1,""search_strategy"":""default""},""phase"":""search""},{""action"":{""execution_action"":""none"",""lip_action"":""selective""},""phase"":""low""},{""action"":{""high_action"":""split"",""order_decision"":""only_cost""},""phase"":""high""},{""action"":{""candidate_id"":1,""schedule_alpha"":0.5},""phase"":""select""},{""action"":{""search_k"":1,""search_strategy"":""default""},""phase"":""search""},{""action"":{""execution_action"":""conservative"",""lip_action"":""selective""},""phase"":""low""},{""action"":{""high_action"":""split"",""order_decision"":""only_cost""},""phase"":""high""},{""action"":{""candidate_id"":0,""schedule_alpha"":0.5},""phase"":""select""},{""action"":{""search_k"":1,""search_strategy"":""default""},""phase"":""search""},{""action"":{""execution_action"":""none"",""lip_action"":""none""},""phase"":""low""},{""action"":{""high_action"":""stop"",""order_decision"":""only_cost""},""phase"":""high""},{""action"":{""search_k"":1,""search_strategy"":""default""},""phase"":""search""},{""action"":{""execution_action"":""none"",""lip_action"":""none""},""phase"":""low""}]"
JOB,b,./workloads/query_job/22b.sql,w/o Plan Topology,584.106981754303,88.605000000000,ok,261344b3d5dbc63bbc8b73ff367b08e19136e387d0502f40684455f7a223d93f,1,True,438ee8e6c51c7cd06593280a6ba4af4900c075cb661ca5861b3c4de1f2253cbd,42f66a8ef53e88c862d8bd00a0be7c3076d6b7f8d33b2db74b121151fd5d6e86,./results/models/ablation/state/no_plan_topology/job/random_b/best.pt,"[{""action"":{""high_action"":""split"",""order_decision"":""only_cost""},""phase"":""high""},{""action"":{""candidate_id"":3,""schedule_alpha"":0.5},""phase"":""select""},{""action"":{""search_k"":1,""search_strategy"":""default""},""phase"":""search""},{""action"":{""execution_action"":""none"",""lip_action"":""none""},""phase"":""low""},{""action"":{""high_action"":""split"",""order_decision"":""only_cost""},""phase"":""high""},{""action"":{""candidate_id"":0,""schedule_alpha"":0.5},""phase"":""select""},{""action"":{""search_k"":1,""search_strategy"":""default""},""phase"":""search""},{""action"":{""execution_action"":""conservative"",""lip_action"":""selective""},""phase"":""low""},{""action"":{""high_action"":""split"",""order_decision"":""only_cost""},""phase"":""high""},{""action"":{""candidate_id"":2,""schedule_alpha"":0.5},""phase"":""select""},{""action"":{""search_k"":1,""search_strategy"":""default""},""phase"":""search""},{""action"":{""execution_action"":""none"",""lip_action"":""none""},""phase"":""low""},{""action"":{""high_action"":""split"",""order_decision"":""only_cost""},""phase"":""high""},{""action"":{""candidate_id"":1,""schedule_alpha"":0.5},""phase"":""select""},{""action"":{""search_k"":1,""search_strategy"":""default""},""phase"":""search""},{""action"":{""execution_action"":""none"",""lip_action"":""none""},""phase"":""low""},{""action"":{""high_action"":""stop"",""order_decision"":""only_cost""},""phase"":""high""},{""action"":{""search_k"":1,""search_strategy"":""default""},""phase"":""search""},{""action"":{""execution_action"":""none"",""lip_action"":""none""},""phase"":""low""}]"
JOB,b,./workloads/query_job/23c.sql,w/o Plan Topology,760.766647756100,89.386000000000,ok,d6d3b9a56435f4fe61ee133589ebd35b7135f05afe08be1125990d58b250e9f9,1,True,575cd18e1b1441bc8e5cc5863d6b5851dd209458507edc6d4f47620b148f836a,cefa08fbc62615cb557691985fb0f2e8d130e11f441d0841b33b6f2befaf0162,./results/models/ablation/state/no_plan_topology/job/random_b/best.pt,"[{""action"":{""high_action"":""split"",""order_decision"":""only_cost""},""phase"":""high""},{""action"":{""candidate_id"":2,""schedule_alpha"":0.5},""phase"":""select""},{""action"":{""search_k"":1,""search_strategy"":""default""},""phase"":""search""},{""action"":{""execution_action"":""none"",""lip_action"":""none""},""phase"":""low""},{""action"":{""high_action"":""split"",""order_decision"":""only_cost""},""phase"":""high""},{""action"":{""candidate_id"":1,""schedule_alpha"":0.5},""phase"":""select""},{""action"":{""search_k"":1,""search_strategy"":""default""},""phase"":""search""},{""action"":{""execution_action"":""conservative"",""lip_action"":""selective""},""phase"":""low""},{""action"":{""high_action"":""split"",""order_decision"":""only_cost""},""phase"":""high""},{""action"":{""candidate_id"":0,""schedule_alpha"":0.5},""phase"":""select""},{""action"":{""search_k"":1,""search_strategy"":""default""},""phase"":""search""},{""action"":{""execution_action"":""conservative"",""lip_action"":""selective""},""phase"":""low""},{""action"":{""high_action"":""split"",""order_decision"":""only_cost""},""phase"":""high""},{""action"":{""candidate_id"":0,""schedule_alpha"":0.5},""phase"":""select""},{""action"":{""search_k"":1,""search_strategy"":""default""},""phase"":""search""},{""action"":{""execution_action"":""none"",""lip_action"":""none""},""phase"":""low""},{""action"":{""high_action"":""stop"",""order_decision"":""only_cost""},""phase"":""high""},{""action"":{""search_k"":1,""search_strategy"":""default""},""phase"":""search""},{""action"":{""execution_action"":""none"",""lip_action"":""none""},""phase"":""low""}]"
JOB,b,./workloads/query_job/24a.sql,w/o Plan Topology,371.195584535599,76.182000000000,ok,f456596f387e349a6006b7f95149e83820f1855cb47322cf82c324c7abf10133,1,True,0809409aa08be4ef5dce2bdd50cbc7fe3c9fbb249fe867a9504edcd2f73b54b5,6b418e953be1d552cad00d6444f4fdc46fd9321b0ae45671d1d79c66a90ee715,./results/models/ablation/state/no_plan_topology/job/random_b/best.pt,"[{""action"":{""high_action"":""split"",""order_decision"":""only_cost""},""phase"":""high""},{""action"":{""candidate_id"":4,""schedule_alpha"":0.5},""phase"":""select""},{""action"":{""search_k"":1,""search_strategy"":""default""},""phase"":""search""},{""action"":{""execution_action"":""none"",""lip_action"":""none""},""phase"":""low""},{""action"":{""high_action"":""split"",""order_decision"":""only_cost""},""phase"":""high""},{""action"":{""candidate_id"":1,""schedule_alpha"":0.5},""phase"":""select""},{""action"":{""search_k"":1,""search_strategy"":""default""},""phase"":""search""},{""action"":{""execution_action"":""none"",""lip_action"":""selective""},""phase"":""low""},{""action"":{""high_action"":""split"",""order_decision"":""only_cost""},""phase"":""high""},{""action"":{""candidate_id"":2,""schedule_alpha"":0.5},""phase"":""select""},{""action"":{""search_k"":1,""search_strategy"":""default""},""phase"":""search""},{""action"":{""execution_action"":""none"",""lip_action"":""none""},""phase"":""low""},{""action"":{""high_action"":""split"",""order_decision"":""only_cost""},""phase"":""high""},{""action"":{""candidate_id"":0,""schedule_alpha"":0.5},""phase"":""select""},{""action"":{""search_k"":1,""search_strategy"":""default""},""phase"":""search""},{""action"":{""execution_action"":""none"",""lip_action"":""none""},""phase"":""low""},{""action"":{""high_action"":""stop"",""order_decision"":""only_cost""},""phase"":""high""},{""action"":{""search_k"":1,""search_strategy"":""default""},""phase"":""search""},{""action"":{""execution_action"":""none"",""lip_action"":""none""},""phase"":""low""}]"
JOB,b,./workloads/query_job/25c.sql,w/o Plan Topology,4008.677385747433,93.420000000000,ok,67a630b3c65d3bcaa414c0e78677ad348267d0f04c2fa18b570f5906a0599ac5,1,True,977e89c618deac43895d1b7cfe14f0687ec1ccea01768edf455b4d8d7f0080d3,d2a23985acda75bf1272b699d78da7f088f35f91a2896b549d87a58d9e834775,./results/models/ablation/state/no_plan_topology/job/random_b/best.pt,"[{""action"":{""high_action"":""split"",""order_decision"":""only_cost""},""phase"":""high""},{""action"":{""candidate_id"":3,""schedule_alpha"":0.5},""phase"":""select""},{""action"":{""search_k"":1,""search_strategy"":""default""},""phase"":""search""},{""action"":{""execution_action"":""none"",""lip_action"":""none""},""phase"":""low""},{""action"":{""high_action"":""split"",""order_decision"":""only_cost""},""phase"":""high""},{""action"":{""candidate_id"":2,""schedule_alpha"":0.5},""phase"":""select""},{""action"":{""search_k"":1,""search_strategy"":""default""},""phase"":""search""},{""action"":{""execution_action"":""conservative"",""lip_action"":""selective""},""phase"":""low""},{""action"":{""high_action"":""split"",""order_decision"":""only_cost""},""phase"":""high""},{""action"":{""candidate_id"":1,""schedule_alpha"":0.5},""phase"":""select""},{""action"":{""search_k"":1,""search_strategy"":""default""},""phase"":""search""},{""action"":{""execution_action"":""conservative"",""lip_action"":""selective""},""phase"":""low""},{""action"":{""high_action"":""stop"",""order_decision"":""only_cost""},""phase"":""high""},{""action"":{""search_k"":1,""search_strategy"":""default""},""phase"":""search""},{""action"":{""execution_action"":""none"",""lip_action"":""none""},""phase"":""low""}]"
JOB,b,./workloads/query_job/26a.sql,w/o Plan Topology,941.070258617401,70.240000000000,ok,2c7cebb1807f0b225f4f97c680278aa0ec35039ff7dbf43518e7a09bd026684a,1,True,74ce9dc28afa27f693d0fa9297d3250b0ecc357e7b850bb60f49d6119e6b09c8,fac54129ac1f1e2ffd688ca004fa17eb7d1b861e4a595eb03e7ba61953503a2c,./results/models/ablation/state/no_plan_topology/job/random_b/best.pt,"[{""action"":{""high_action"":""split"",""order_decision"":""only_cost""},""phase"":""high""},{""action"":{""candidate_id"":3,""schedule_alpha"":0.5},""phase"":""select""},{""action"":{""search_k"":1,""search_strategy"":""default""},""phase"":""search""},{""action"":{""execution_action"":""none"",""lip_action"":""none""},""phase"":""low""},{""action"":{""high_action"":""split"",""order_decision"":""only_cost""},""phase"":""high""},{""action"":{""candidate_id"":2,""schedule_alpha"":0.5},""phase"":""select""},{""action"":{""search_k"":1,""search_strategy"":""default""},""phase"":""search""},{""action"":{""execution_action"":""conservative"",""lip_action"":""selective""},""phase"":""low""},{""action"":{""high_action"":""split"",""order_decision"":""only_cost""},""phase"":""high""},{""action"":{""candidate_id"":2,""schedule_alpha"":0.5},""phase"":""select""},{""action"":{""search_k"":1,""search_strategy"":""default""},""phase"":""search""},{""action"":{""execution_action"":""conservative"",""lip_action"":""selective""},""phase"":""low""},{""action"":{""high_action"":""split"",""order_decision"":""only_cost""},""phase"":""high""},{""action"":{""candidate_id"":0,""schedule_alpha"":0.5},""phase"":""select""},{""action"":{""search_k"":1,""search_strategy"":""default""},""phase"":""search""},{""action"":{""execution_action"":""conservative"",""lip_action"":""selective""},""phase"":""low""},{""action"":{""high_action"":""stop"",""order_decision"":""only_cost""},""phase"":""high""},{""action"":{""search_k"":1,""search_strategy"":""default""},""phase"":""search""},{""action"":{""execution_action"":""none"",""lip_action"":""selective""},""phase"":""low""}]"
JOB,b,./workloads/query_job/27a.sql,w/o Plan Topology,244.543842971325,72.945000000000,ok,17da2f55cbda32682db3bc710c4a0f0048b6fb05111deffe244b8be90c1e4968,1,True,f66a950143eb6de3a44744dc33218c7f53bb93dd2c65d8ec980d4fc33ca6d718,b5d9b3291235ebf4510d2d26a457a4c53e52fe130a335b8ce6e2b32705b623c6,./results/models/ablation/state/no_plan_topology/job/random_b/best.pt,"[{""action"":{""high_action"":""split"",""order_decision"":""only_cost""},""phase"":""high""},{""action"":{""candidate_id"":3,""schedule_alpha"":0.5},""phase"":""select""},{""action"":{""search_k"":1,""search_strategy"":""default""},""phase"":""search""},{""action"":{""execution_action"":""none"",""lip_action"":""none""},""phase"":""low""},{""action"":{""high_action"":""split"",""order_decision"":""only_cost""},""phase"":""high""},{""action"":{""candidate_id"":3,""schedule_alpha"":0.5},""phase"":""select""},{""action"":{""search_k"":1,""search_strategy"":""default""},""phase"":""search""},{""action"":{""execution_action"":""conservative"",""lip_action"":""selective""},""phase"":""low""},{""action"":{""high_action"":""split"",""order_decision"":""only_cost""},""phase"":""high""},{""action"":{""candidate_id"":0,""schedule_alpha"":0.5},""phase"":""select""},{""action"":{""search_k"":1,""search_strategy"":""default""},""phase"":""search""},{""action"":{""execution_action"":""none"",""lip_action"":""none""},""phase"":""low""},{""action"":{""high_action"":""split"",""order_decision"":""only_cost""},""phase"":""high""},{""action"":{""candidate_id"":0,""schedule_alpha"":0.5},""phase"":""select""},{""action"":{""search_k"":1,""search_strategy"":""default""},""phase"":""search""},{""action"":{""execution_action"":""none"",""lip_action"":""none""},""phase"":""low""},{""action"":{""high_action"":""stop"",""order_decision"":""only_cost""},""phase"":""high""},{""action"":{""search_k"":1,""search_strategy"":""default""},""phase"":""search""},{""action"":{""execution_action"":""none"",""lip_action"":""none""},""phase"":""low""}]"
JOB,b,./workloads/query_job/27c.sql,w/o Plan Topology,285.728089511395,100.291000000000,ok,17da2f55cbda32682db3bc710c4a0f0048b6fb05111deffe244b8be90c1e4968,1,True,4300bf5d00147149a74f1eecd9ce0a649690119e9f21d06dc880d460b350ffbd,9c961ce82818742827a89a7a034257eaa121ee043d8528279f891f5f2455874d,./results/models/ablation/state/no_plan_topology/job/random_b/best.pt,"[{""action"":{""high_action"":""split"",""order_decision"":""only_cost""},""phase"":""high""},{""action"":{""candidate_id"":3,""schedule_alpha"":0.5},""phase"":""select""},{""action"":{""search_k"":1,""search_strategy"":""default""},""phase"":""search""},{""action"":{""execution_action"":""none"",""lip_action"":""none""},""phase"":""low""},{""action"":{""high_action"":""split"",""order_decision"":""only_cost""},""phase"":""high""},{""action"":{""candidate_id"":3,""schedule_alpha"":0.5},""phase"":""select""},{""action"":{""search_k"":1,""search_strategy"":""default""},""phase"":""search""},{""action"":{""execution_action"":""conservative"",""lip_action"":""selective""},""phase"":""low""},{""action"":{""high_action"":""split"",""order_decision"":""only_cost""},""phase"":""high""},{""action"":{""candidate_id"":0,""schedule_alpha"":0.5},""phase"":""select""},{""action"":{""search_k"":1,""search_strategy"":""default""},""phase"":""search""},{""action"":{""execution_action"":""none"",""lip_action"":""none""},""phase"":""low""},{""action"":{""high_action"":""split"",""order_decision"":""only_cost""},""phase"":""high""},{""action"":{""candidate_id"":0,""schedule_alpha"":0.5},""phase"":""select""},{""action"":{""search_k"":1,""search_strategy"":""default""},""phase"":""search""},{""action"":{""execution_action"":""none"",""lip_action"":""none""},""phase"":""low""},{""action"":{""high_action"":""stop"",""order_decision"":""only_cost""},""phase"":""high""},{""action"":{""search_k"":1,""search_strategy"":""default""},""phase"":""search""},{""action"":{""execution_action"":""none"",""lip_action"":""none""},""phase"":""low""}]"
JOB,b,./workloads/query_job/28b.sql,w/o Plan Topology,922.360964119434,108.204000000000,ok,1504c5fe4b85e0649828523441b52c0f8b7c17598529646d3d732ab63db821f5,1,True,7576dc449250cf48b0f5108cdc374038cd035bdd1909a946445e23fca9dec27a,e23cd7ff4345806f0ee42dcfe6583408410d0b38d0f8fbd25eecf2e7079867eb,./results/models/ablation/state/no_plan_topology/job/random_b/best.pt,"[{""action"":{""high_action"":""split"",""order_decision"":""only_cost""},""phase"":""high""},{""action"":{""candidate_id"":4,""schedule_alpha"":0.5},""phase"":""select""},{""action"":{""search_k"":1,""search_strategy"":""default""},""phase"":""search""},{""action"":{""execution_action"":""none"",""lip_action"":""none""},""phase"":""low""},{""action"":{""high_action"":""split"",""order_decision"":""only_cost""},""phase"":""high""},{""action"":{""candidate_id"":1,""schedule_alpha"":0.5},""phase"":""select""},{""action"":{""search_k"":1,""search_strategy"":""default""},""phase"":""search""},{""action"":{""execution_action"":""conservative"",""lip_action"":""selective""},""phase"":""low""},{""action"":{""high_action"":""split"",""order_decision"":""only_cost""},""phase"":""high""},{""action"":{""candidate_id"":3,""schedule_alpha"":0.5},""phase"":""select""},{""action"":{""search_k"":1,""search_strategy"":""default""},""phase"":""search""},{""action"":{""execution_action"":""conservative"",""lip_action"":""selective""},""phase"":""low""},{""action"":{""high_action"":""split"",""order_decision"":""only_cost""},""phase"":""high""},{""action"":{""candidate_id"":2,""schedule_alpha"":0.5},""phase"":""select""},{""action"":{""search_k"":1,""search_strategy"":""default""},""phase"":""search""},{""action"":{""execution_action"":""conservative"",""lip_action"":""selective""},""phase"":""low""},{""action"":{""high_action"":""split"",""order_decision"":""only_cost""},""phase"":""high""},{""action"":{""candidate_id"":0,""schedule_alpha"":0.5},""phase"":""select""},{""action"":{""search_k"":1,""search_strategy"":""default""},""phase"":""search""},{""action"":{""execution_action"":""none"",""lip_action"":""none""},""phase"":""low""},{""action"":{""high_action"":""stop"",""order_decision"":""only_cost""},""phase"":""high""},{""action"":{""search_k"":1,""search_strategy"":""default""},""phase"":""search""},{""action"":{""execution_action"":""none"",""lip_action"":""none""},""phase"":""low""}]"
JOB,b,./workloads/query_job/29b.sql,w/o Plan Topology,454.793073236942,216.485000000000,ok,6931843f19cb52122ed461369626a4f45f6b0550fbb8e5608f26c0a53fbfa63e,1,True,13ea992c34336f74d94310c3fb825ac271de3bd1fdc806bdad3abc9206e3e7f1,b69c87cacd153b4183596ef3b6b921de8e3e3fd2f6792725dd5db3548658687e,./results/models/ablation/state/no_plan_topology/job/random_b/best.pt,"[{""action"":{""high_action"":""split"",""order_decision"":""only_cost""},""phase"":""high""},{""action"":{""candidate_id"":5,""schedule_alpha"":0.5},""phase"":""select""},{""action"":{""search_k"":1,""search_strategy"":""default""},""phase"":""search""},{""action"":{""execution_action"":""none"",""lip_action"":""none""},""phase"":""low""},{""action"":{""high_action"":""split"",""order_decision"":""only_cost""},""phase"":""high""},{""action"":{""candidate_id"":1,""schedule_alpha"":0.5},""phase"":""select""},{""action"":{""search_k"":1,""search_strategy"":""default""},""phase"":""search""},{""action"":{""execution_action"":""none"",""lip_action"":""selective""},""phase"":""low""},{""action"":{""high_action"":""split"",""order_decision"":""only_cost""},""phase"":""high""},{""action"":{""candidate_id"":2,""schedule_alpha"":0.5},""phase"":""select""},{""action"":{""search_k"":1,""search_strategy"":""default""},""phase"":""search""},{""action"":{""execution_action"":""none"",""lip_action"":""selective""},""phase"":""low""},{""action"":{""high_action"":""split"",""order_decision"":""only_cost""},""phase"":""high""},{""action"":{""candidate_id"":1,""schedule_alpha"":0.5},""phase"":""select""},{""action"":{""search_k"":1,""search_strategy"":""default""},""phase"":""search""},{""action"":{""execution_action"":""none"",""lip_action"":""selective""},""phase"":""low""},{""action"":{""high_action"":""split"",""order_decision"":""only_cost""},""phase"":""high""},{""action"":{""candidate_id"":2,""schedule_alpha"":0.5},""phase"":""select""},{""action"":{""search_k"":1,""search_strategy"":""default""},""phase"":""search""},{""action"":{""execution_action"":""none"",""lip_action"":""none""},""phase"":""low""},{""action"":{""high_action"":""split"",""order_decision"":""only_cost""},""phase"":""high""},{""action"":{""candidate_id"":0,""schedule_alpha"":0.5},""phase"":""select""},{""action"":{""search_k"":1,""search_strategy"":""default""},""phase"":""search""},{""action"":{""execution_action"":""none"",""lip_action"":""none""},""phase"":""low""},{""action"":{""high_action"":""stop"",""order_decision"":""only_cost""},""phase"":""high""},{""action"":{""search_k"":1,""search_strategy"":""default""},""phase"":""search""},{""action"":{""execution_action"":""none"",""lip_action"":""none""},""phase"":""low""}]"
JOB,b,./workloads/query_job/2b.sql,w/o Plan Topology,991.662748157978,65.491000000000,ok,fc90f3c2c15c5abce95811297c6b9a8ee98e4e03347ce9e79c8ce8e6b57b03a0,1,True,d22bf206a65e0878421ae370ec4147ba20103d7035a4e36b2873841cba8af384,30c9a962209630a831e0b992d790dd0176ff55a6754ffdded7e0108d602c4398,./results/models/ablation/state/no_plan_topology/job/random_b/best.pt,"[{""action"":{""high_action"":""split"",""order_decision"":""only_cost""},""phase"":""high""},{""action"":{""candidate_id"":1,""schedule_alpha"":0.5},""phase"":""select""},{""action"":{""search_k"":1,""search_strategy"":""default""},""phase"":""search""},{""action"":{""execution_action"":""none"",""lip_action"":""none""},""phase"":""low""},{""action"":{""high_action"":""stop"",""order_decision"":""only_cost""},""phase"":""high""},{""action"":{""search_k"":1,""search_strategy"":""default""},""phase"":""search""},{""action"":{""execution_action"":""conservative"",""lip_action"":""selective""},""phase"":""low""}]"
JOB,b,./workloads/query_job/2c.sql,w/o Plan Topology,457.224413752556,29.474000000000,ok,4f78f1a55542d807d5eaabd4ee2244ee9ba0258958f7de1c1ef4598cd5b46ab1,1,True,42f6eb18220540615e2f57d7d8ecdeac677fd6095292d6eebf46878e2fc18d3f,38eb5990874627d7f2cc25ae185d68ac8dde1b93592e96331a54cc332f610a2f,./results/models/ablation/state/no_plan_topology/job/random_b/best.pt,"[{""action"":{""high_action"":""split"",""order_decision"":""only_cost""},""phase"":""high""},{""action"":{""candidate_id"":1,""schedule_alpha"":0.5},""phase"":""select""},{""action"":{""search_k"":1,""search_strategy"":""default""},""phase"":""search""},{""action"":{""execution_action"":""none"",""lip_action"":""none""},""phase"":""low""},{""action"":{""high_action"":""stop"",""order_decision"":""only_cost""},""phase"":""high""},{""action"":{""search_k"":1,""search_strategy"":""default""},""phase"":""search""},{""action"":{""execution_action"":""conservative"",""lip_action"":""selective""},""phase"":""low""}]"
JOB,b,./workloads/query_job/2d.sql,w/o Plan Topology,1099.907472729683,28.378000000000,ok,d55d5656333bd757f053124d39c4d7de4605203e41f67c025f0cc73ff2c7b9bb,1,True,6dad9b9675469665cac831ba4421cbc343980e3f5b2bc7c5cbeb3b740ae41ce3,f163c17ea6304a7991e02b260f6399b5a68378ec07401681fb68a1c297107f15,./results/models/ablation/state/no_plan_topology/job/random_b/best.pt,"[{""action"":{""high_action"":""split"",""order_decision"":""only_cost""},""phase"":""high""},{""action"":{""candidate_id"":1,""schedule_alpha"":0.5},""phase"":""select""},{""action"":{""search_k"":1,""search_strategy"":""default""},""phase"":""search""},{""action"":{""execution_action"":""none"",""lip_action"":""none""},""phase"":""low""},{""action"":{""high_action"":""stop"",""order_decision"":""only_cost""},""phase"":""high""},{""action"":{""search_k"":1,""search_strategy"":""default""},""phase"":""search""},{""action"":{""execution_action"":""conservative"",""lip_action"":""selective""},""phase"":""low""}]"
JOB,b,./workloads/query_job/3a.sql,w/o Plan Topology,297.390915453434,72.538000000000,ok,4446b454452e8db43636d58c5e3a7f9041b179149913a47dfd28d049a31e3f4d,1,True,3e0d6388e111cb14c5a1a46f34bc1ceb8c1451d55c58f0e98ff6a8ed8e1321e7,103cfb4cee0903cd8f38beb683bc209ca64aedf3d4660653370f8f74e778a62c,./results/models/ablation/state/no_plan_topology/job/random_b/best.pt,"[{""action"":{""high_action"":""split"",""order_decision"":""only_cost""},""phase"":""high""},{""action"":{""candidate_id"":1,""schedule_alpha"":0.5},""phase"":""select""},{""action"":{""search_k"":1,""search_strategy"":""default""},""phase"":""search""},{""action"":{""execution_action"":""none"",""lip_action"":""none""},""phase"":""low""},{""action"":{""high_action"":""stop"",""order_decision"":""only_cost""},""phase"":""high""},{""action"":{""search_k"":1,""search_strategy"":""default""},""phase"":""search""},{""action"":{""execution_action"":""none"",""lip_action"":""none""},""phase"":""low""}]"
JOB,b,./workloads/query_job/4c.sql,w/o Plan Topology,437.574662268162,55.203000000000,ok,5c9364f684db0004720ec4e9642a958681b071ff992dadc090178e95cc52235a,1,True,4ace625ed95ae79fb4243c4555dda18fe4ab2a3b7624314b03b8fce627b2eca7,4f0ddb5717a7e7d81fa2069ccc7407086f436de82f012eea33c51122541fb740,./results/models/ablation/state/no_plan_topology/job/random_b/best.pt,"[{""action"":{""high_action"":""split"",""order_decision"":""only_cost""},""phase"":""high""},{""action"":{""candidate_id"":1,""schedule_alpha"":0.5},""phase"":""select""},{""action"":{""search_k"":1,""search_strategy"":""default""},""phase"":""search""},{""action"":{""execution_action"":""none"",""lip_action"":""none""},""phase"":""low""},{""action"":{""high_action"":""stop"",""order_decision"":""only_cost""},""phase"":""high""},{""action"":{""search_k"":1,""search_strategy"":""default""},""phase"":""search""},{""action"":{""execution_action"":""conservative"",""lip_action"":""selective""},""phase"":""low""}]"
JOB,b,./workloads/query_job/5c.sql,w/o Plan Topology,356.147810816765,36.085000000000,ok,c63c0f430af977fe1bf0c51442b833d536b07965c22254d5a737a187719cc641,1,True,74fcf7f1a44cc05da55a85febc908ffb3e7b3458314a6042de3e2c13ba5b80ef,2a94d2df62d3d8422b59e792767892ac326709703cc37cb14d72566a39e4d530,./results/models/ablation/state/no_plan_topology/job/random_b/best.pt,"[{""action"":{""high_action"":""split"",""order_decision"":""only_cost""},""phase"":""high""},{""action"":{""candidate_id"":0,""schedule_alpha"":0.5},""phase"":""select""},{""action"":{""search_k"":1,""search_strategy"":""default""},""phase"":""search""},{""action"":{""execution_action"":""none"",""lip_action"":""selective""},""phase"":""low""},{""action"":{""high_action"":""stop"",""order_decision"":""only_cost""},""phase"":""high""},{""action"":{""search_k"":1,""search_strategy"":""default""},""phase"":""search""},{""action"":{""execution_action"":""none"",""lip_action"":""selective""},""phase"":""low""}]"
JOB,b,./workloads/query_job/6a.sql,w/o Plan Topology,150.968350470066,75.625000000000,ok,2e45680981dcedf844899f966540a92734a6200fc0d8bd8a547ceba0d0cf631f,1,True,31f737d102bcaca78eda375b6edfc7fe770cc4d081eb6e602d8281c4add5b990,6c3289decf95fc83590ebc95ad181fcfcf3163b0e11bed35c0d64a613f82e88e,./results/models/ablation/state/no_plan_topology/job/random_b/best.pt,"[{""action"":{""high_action"":""split"",""order_decision"":""only_cost""},""phase"":""high""},{""action"":{""candidate_id"":1,""schedule_alpha"":0.5},""phase"":""select""},{""action"":{""search_k"":1,""search_strategy"":""default""},""phase"":""search""},{""action"":{""execution_action"":""none"",""lip_action"":""none""},""phase"":""low""},{""action"":{""high_action"":""stop"",""order_decision"":""only_cost""},""phase"":""high""},{""action"":{""search_k"":1,""search_strategy"":""default""},""phase"":""search""},{""action"":{""execution_action"":""none"",""lip_action"":""selective""},""phase"":""low""}]"
JOB,b,./workloads/query_job/6c.sql,w/o Plan Topology,120.217047631741,72.280000000000,ok,eb15d11fcc635c0f71eefa80cad2069e9f06841887450ba39d0be7466e8da9dd,1,True,9fe72896ae675f63ec84ead456adb2a37c1dee07538e3afc52fbd6e9bb1ead51,06f98e2bc0d4fd2b349ac39d997e60cbae3e92e0a0651800f8cb4b9e0a4744bc,./results/models/ablation/state/no_plan_topology/job/random_b/best.pt,"[{""action"":{""high_action"":""split"",""order_decision"":""only_cost""},""phase"":""high""},{""action"":{""candidate_id"":1,""schedule_alpha"":0.5},""phase"":""select""},{""action"":{""search_k"":1,""search_strategy"":""default""},""phase"":""search""},{""action"":{""execution_action"":""none"",""lip_action"":""none""},""phase"":""low""},{""action"":{""high_action"":""stop"",""order_decision"":""only_cost""},""phase"":""high""},{""action"":{""search_k"":1,""search_strategy"":""default""},""phase"":""search""},{""action"":{""execution_action"":""none"",""lip_action"":""selective""},""phase"":""low""}]"
JOB,b,./workloads/query_job/7b.sql,w/o Plan Topology,1603.117585182190,113.588884472847,timeout,,,True,76199e93406bcd162b1c99c66d44305ba4a83fef9007ce80c38154b048ce4022,c648672109cf74170673284b735e089a1d1703e7f5f352d5673859d92a196937,./results/models/ablation/state/no_plan_topology/job/random_b/best.pt,"[{""action"":{""high_action"":""split"",""order_decision"":""only_cost""},""phase"":""high""},{""action"":{""candidate_id"":3,""schedule_alpha"":0.5},""phase"":""select""},{""action"":{""search_k"":1,""search_strategy"":""default""},""phase"":""search""},{""action"":{""execution_action"":""none"",""lip_action"":""none""},""phase"":""low""}]"
JOB,b,./workloads/query_job/7c.sql,w/o Plan Topology,3275.259226560593,82.803000000000,ok,7cdabf89c2c21f17ae631979c9e8405f2f72c7561fa51440c4ebafa4ab13790d,1,True,5974050152a4322c8c53d8efc2aee40b5e12a1f096ef8d1556bf6ef4b6034acf,8497d6ef3419a4cbb4494c7c0b5e7ee18c6f1fd7dd86fddfc1c28c91ab26befa,./results/models/ablation/state/no_plan_topology/job/random_b/best.pt,"[{""action"":{""high_action"":""split"",""order_decision"":""only_cost""},""phase"":""high""},{""action"":{""candidate_id"":3,""schedule_alpha"":0.5},""phase"":""select""},{""action"":{""search_k"":1,""search_strategy"":""default""},""phase"":""search""},{""action"":{""execution_action"":""none"",""lip_action"":""none""},""phase"":""low""},{""action"":{""high_action"":""split"",""order_decision"":""only_cost""},""phase"":""high""},{""action"":{""candidate_id"":2,""schedule_alpha"":0.5},""phase"":""select""},{""action"":{""search_k"":1,""search_strategy"":""default""},""phase"":""search""},{""action"":{""execution_action"":""none"",""lip_action"":""none""},""phase"":""low""},{""action"":{""high_action"":""split"",""order_decision"":""only_cost""},""phase"":""high""},{""action"":{""candidate_id"":0,""schedule_alpha"":0.5},""phase"":""select""},{""action"":{""search_k"":1,""search_strategy"":""default""},""phase"":""search""},{""action"":{""execution_action"":""conservative"",""lip_action"":""selective""},""phase"":""low""},{""action"":{""high_action"":""stop"",""order_decision"":""only_cost""},""phase"":""high""},{""action"":{""search_k"":1,""search_strategy"":""default""},""phase"":""search""},{""action"":{""execution_action"":""conservative"",""lip_action"":""selective""},""phase"":""low""}]"
JOB,b,./workloads/query_job/8b.sql,w/o Plan Topology,685.251645743847,36.675000000000,ok,e5b0fc3c68184c62fd7ca88151a039904e2fc3708d4c2773297d07ecda52eef1,1,True,c713d54eee7fb1a1fac1b5f3708792bf1cff7ce6c2a1a4f7baedea2eb8b8ea68,c8a7eb5f5a667ccb1334bc73bab4dd5065862c05f9ce425486592efa0ee1dade,./results/models/ablation/state/no_plan_topology/job/random_b/best.pt,"[{""action"":{""high_action"":""split"",""order_decision"":""only_cost""},""phase"":""high""},{""action"":{""candidate_id"":2,""schedule_alpha"":0.5},""phase"":""select""},{""action"":{""search_k"":1,""search_strategy"":""default""},""phase"":""search""},{""action"":{""execution_action"":""none"",""lip_action"":""selective""},""phase"":""low""},{""action"":{""high_action"":""split"",""order_decision"":""only_cost""},""phase"":""high""},{""action"":{""candidate_id"":1,""schedule_alpha"":0.5},""phase"":""select""},{""action"":{""search_k"":1,""search_strategy"":""default""},""phase"":""search""},{""action"":{""execution_action"":""none"",""lip_action"":""selective""},""phase"":""low""},{""action"":{""high_action"":""stop"",""order_decision"":""only_cost""},""phase"":""high""},{""action"":{""search_k"":1,""search_strategy"":""default""},""phase"":""search""},{""action"":{""execution_action"":""none"",""lip_action"":""none""},""phase"":""low""}]"
JOB,b,./workloads/query_job/8c.sql,w/o Plan Topology,8431.705534458160,74.360000000000,ok,ca648dbd161cd660e79b73f4d2feac37247f699997bfceb70abcc975adab600b,1,True,f7e9168f0727364cde91ed37019f8823e3b0e65630e163a460763e2e93b54001,30909572cecd74493e4445ce741d3f0dd8733ea2e7b5d1c3199f2ae0066f6e88,./results/models/ablation/state/no_plan_topology/job/random_b/best.pt,"[{""action"":{""high_action"":""split"",""order_decision"":""only_cost""},""phase"":""high""},{""action"":{""candidate_id"":2,""schedule_alpha"":0.5},""phase"":""select""},{""action"":{""search_k"":1,""search_strategy"":""default""},""phase"":""search""},{""action"":{""execution_action"":""conservative"",""lip_action"":""selective""},""phase"":""low""},{""action"":{""high_action"":""split"",""order_decision"":""only_cost""},""phase"":""high""},{""action"":{""candidate_id"":0,""schedule_alpha"":0.5},""phase"":""select""},{""action"":{""search_k"":1,""search_strategy"":""default""},""phase"":""search""},{""action"":{""execution_action"":""conservative"",""lip_action"":""selective""},""phase"":""low""},{""action"":{""high_action"":""stop"",""order_decision"":""only_cost""},""phase"":""high""},{""action"":{""search_k"":1,""search_strategy"":""default""},""phase"":""search""},{""action"":{""execution_action"":""conservative"",""lip_action"":""selective""},""phase"":""low""}]"
JOB,c,./workloads/query_job/11a.sql,w/o Plan Topology,189.709104597569,69.268000000000,ok,83811c5c01e3bdbafff3ac6671360f1cb19c1452dd9ec0b095bcd21856c36865,1,True,5da07a13fdd1f784a5fa44f0bfd4f9be8e27814f1fd18f5d68b9918ca4be2b26,ba509cde49fdad0d537ca69efc91aec3e628bafe82dc321ae87c3e7aa84bf408,./results/models/ablation/state/no_plan_topology/job/random_c/best.pt,"[{""action"":{""high_action"":""stop"",""order_decision"":""only_cost""},""phase"":""high""},{""action"":{""search_k"":1,""search_strategy"":""default""},""phase"":""search""},{""action"":{""execution_action"":""none"",""lip_action"":""none""},""phase"":""low""}]"
JOB,c,./workloads/query_job/12a.sql,w/o Plan Topology,520.573116838932,72.753000000000,ok,859e14caaec80c8e1bdf8043bc9dbcdc6810582adf44e5ae0ea485fc5cb8ed01,1,True,0f6c836e602ee8c769d5967ef9af57fbe46652f0af3ba3d1781692a90be81d9e,7a6c16f2f718839d37dfe3e2a8ca9c9a765b8479499bd8cbc7ab1f02776b236a,./results/models/ablation/state/no_plan_topology/job/random_c/best.pt,"[{""action"":{""high_action"":""stop"",""order_decision"":""only_cost""},""phase"":""high""},{""action"":{""search_k"":1,""search_strategy"":""default""},""phase"":""search""},{""action"":{""execution_action"":""none"",""lip_action"":""none""},""phase"":""low""}]"
JOB,c,./workloads/query_job/13c.sql,w/o Plan Topology,1508.900813758373,112.729000000000,ok,62d718231272d8795fb939428fb8d114fb4735e7ff7ba5aa1c8431e0dd880cb9,1,True,170faf33b7c163198e247ce0be5f4213d7322ca40e1ec371e9d36e6661b74a3b,ee8c66fbec9d1ada6926b5228920e7d89bdb491db6c43cf1633b38f4d546c223,./results/models/ablation/state/no_plan_topology/job/random_c/best.pt,"[{""action"":{""high_action"":""split"",""order_decision"":""only_cost""},""phase"":""high""},{""action"":{""candidate_id"":2,""schedule_alpha"":0.5},""phase"":""select""},{""action"":{""search_k"":1,""search_strategy"":""default""},""phase"":""search""},{""action"":{""execution_action"":""none"",""lip_action"":""none""},""phase"":""low""},{""action"":{""high_action"":""split"",""order_decision"":""only_cost""},""phase"":""high""},{""action"":{""candidate_id"":0,""schedule_alpha"":0.5},""phase"":""select""},{""action"":{""search_k"":1,""search_strategy"":""default""},""phase"":""search""},{""action"":{""execution_action"":""conservative"",""lip_action"":""none""},""phase"":""low""},{""action"":{""high_action"":""split"",""order_decision"":""only_cost""},""phase"":""high""},{""action"":{""candidate_id"":0,""schedule_alpha"":0.5},""phase"":""select""},{""action"":{""search_k"":1,""search_strategy"":""default""},""phase"":""search""},{""action"":{""execution_action"":""none"",""lip_action"":""selective""},""phase"":""low""},{""action"":{""high_action"":""stop"",""order_decision"":""only_cost""},""phase"":""high""},{""action"":{""search_k"":1,""search_strategy"":""default""},""phase"":""search""},{""action"":{""execution_action"":""none"",""lip_action"":""none""},""phase"":""low""}]"
JOB,c,./workloads/query_job/14a.sql,w/o Plan Topology,1304.763659834862,251.502000000000,ok,f13c3a0e601dd42f5abd41675e0438c06c7c79b9e0a6b2e6974fe4952b94c09e,1,True,6f420ae33d6015cd31016f0c6cb744030786cf08a4c92e5ad0c12f96b789c48b,7cc2f7ba7652b36daa37c7aec66dbaef6c596437bdd3301f004a16c222d24f17,./results/models/ablation/state/no_plan_topology/job/random_c/best.pt,"[{""action"":{""high_action"":""split"",""order_decision"":""only_cost""},""phase"":""high""},{""action"":{""candidate_id"":2,""schedule_alpha"":0.5},""phase"":""select""},{""action"":{""search_k"":1,""search_strategy"":""default""},""phase"":""search""},{""action"":{""execution_action"":""none"",""lip_action"":""none""},""phase"":""low""},{""action"":{""high_action"":""split"",""order_decision"":""only_cost""},""phase"":""high""},{""action"":{""candidate_id"":0,""schedule_alpha"":0.5},""phase"":""select""},{""action"":{""search_k"":1,""search_strategy"":""default""},""phase"":""search""},{""action"":{""execution_action"":""conservative"",""lip_action"":""none""},""phase"":""low""},{""action"":{""high_action"":""split"",""order_decision"":""only_cost""},""phase"":""high""},{""action"":{""candidate_id"":1,""schedule_alpha"":0.5},""phase"":""select""},{""action"":{""search_k"":1,""search_strategy"":""default""},""phase"":""search""},{""action"":{""execution_action"":""none"",""lip_action"":""none""},""phase"":""low""},{""action"":{""high_action"":""stop"",""order_decision"":""only_cost""},""phase"":""high""},{""action"":{""search_k"":1,""search_strategy"":""default""},""phase"":""search""},{""action"":{""execution_action"":""none"",""lip_action"":""none""},""phase"":""low""}]"
JOB,c,./workloads/query_job/15a.sql,w/o Plan Topology,997.818373143673,57.838000000000,ok,0bf74f571c854c91dada16e78f6a511682855e8364304c1e74a2715a468ad523,1,True,bf436b920cd747c53197dc6af92603ba45bc624c7f07a367b9ce823ebf505f6a,2957bfe8528e5a88d3daa246856d6f7922b159e2b127cb56fa507cad1ef23b70,./results/models/ablation/state/no_plan_topology/job/random_c/best.pt,"[{""action"":{""high_action"":""stop"",""order_decision"":""only_cost""},""phase"":""high""},{""action"":{""search_k"":1,""search_strategy"":""default""},""phase"":""search""},{""action"":{""execution_action"":""conservative"",""lip_action"":""none""},""phase"":""low""}]"
JOB,c,./workloads/query_job/15b.sql,w/o Plan Topology,137.355081737041,44.688000000000,ok,b25c3f018dd147bf4abce160072d7f8ba5b0f3abbe07bec34bc2e8b72eefff81,1,True,6d6554b205df67bbd0b6f84f248a657176a5cb6270b6d9a213e35c54cb1196c7,9bb64dffa6a58297265336ce6c0ea162c113f8640f1444003501c935198943e7,./results/models/ablation/state/no_plan_topology/job/random_c/best.pt,"[{""action"":{""high_action"":""stop"",""order_decision"":""only_cost""},""phase"":""high""},{""action"":{""search_k"":1,""search_strategy"":""default""},""phase"":""search""},{""action"":{""execution_action"":""none"",""lip_action"":""selective""},""phase"":""low""}]"
JOB,c,./workloads/query_job/16c.sql,w/o Plan Topology,1825.095370411873,251.165000000000,ok,1318f60bc0ac9eb3ca4ac578870bec99e9ac05ece5a440ba30e253efb9ea5aeb,1,True,672c7d522caabd179263b3b650256de9b66e23601c83b3c2bff99e3d5021a510,e9a9137694f05c128565458bb2fba72b8d1a81b63bf18baf52009156d6e23fb4,./results/models/ablation/state/no_plan_topology/job/random_c/best.pt,"[{""action"":{""high_action"":""split"",""order_decision"":""only_cost""},""phase"":""high""},{""action"":{""candidate_id"":3,""schedule_alpha"":0.5},""phase"":""select""},{""action"":{""search_k"":1,""search_strategy"":""default""},""phase"":""search""},{""action"":{""execution_action"":""none"",""lip_action"":""none""},""phase"":""low""},{""action"":{""high_action"":""split"",""order_decision"":""only_cost""},""phase"":""high""},{""action"":{""candidate_id"":2,""schedule_alpha"":0.5},""phase"":""select""},{""action"":{""search_k"":1,""search_strategy"":""default""},""phase"":""search""},{""action"":{""execution_action"":""none"",""lip_action"":""none""},""phase"":""low""},{""action"":{""high_action"":""split"",""order_decision"":""only_cost""},""phase"":""high""},{""action"":{""candidate_id"":1,""schedule_alpha"":0.5},""phase"":""select""},{""action"":{""search_k"":1,""search_strategy"":""default""},""phase"":""search""},{""action"":{""execution_action"":""none"",""lip_action"":""none""},""phase"":""low""},{""action"":{""high_action"":""stop"",""order_decision"":""only_cost""},""phase"":""high""},{""action"":{""search_k"":1,""search_strategy"":""default""},""phase"":""search""},{""action"":{""execution_action"":""none"",""lip_action"":""none""},""phase"":""low""}]"
JOB,c,./workloads/query_job/16d.sql,w/o Plan Topology,1560.283243656158,173.524000000000,ok,1318f60bc0ac9eb3ca4ac578870bec99e9ac05ece5a440ba30e253efb9ea5aeb,1,True,177b0cbc0fbb635d47eee79dcda26f35232bf60343468e96957d392d74426a86,c7fdb3e99b9ea27a71ccd3b0f6b4ede32e174ff333c1ecb614e76e8e6aa3e9a3,./results/models/ablation/state/no_plan_topology/job/random_c/best.pt,"[{""action"":{""high_action"":""split"",""order_decision"":""only_cost""},""phase"":""high""},{""action"":{""candidate_id"":3,""schedule_alpha"":0.5},""phase"":""select""},{""action"":{""search_k"":1,""search_strategy"":""default""},""phase"":""search""},{""action"":{""execution_action"":""none"",""lip_action"":""none""},""phase"":""low""},{""action"":{""high_action"":""split"",""order_decision"":""only_cost""},""phase"":""high""},{""action"":{""candidate_id"":2,""schedule_alpha"":0.5},""phase"":""select""},{""action"":{""search_k"":1,""search_strategy"":""default""},""phase"":""search""},{""action"":{""execution_action"":""none"",""lip_action"":""none""},""phase"":""low""},{""action"":{""high_action"":""split"",""order_decision"":""only_cost""},""phase"":""high""},{""action"":{""candidate_id"":1,""schedule_alpha"":0.5},""phase"":""select""},{""action"":{""search_k"":1,""search_strategy"":""default""},""phase"":""search""},{""action"":{""execution_action"":""none"",""lip_action"":""none""},""phase"":""low""},{""action"":{""high_action"":""stop"",""order_decision"":""only_cost""},""phase"":""high""},{""action"":{""search_k"":1,""search_strategy"":""default""},""phase"":""search""},{""action"":{""execution_action"":""none"",""lip_action"":""none""},""phase"":""low""}]"
JOB,c,./workloads/query_job/17a.sql,w/o Plan Topology,4776.815153658390,117.437000000000,ok,12f3484b478e4f8b8c8fb87fad1c71c58c270dfee71990c3ecc25050d8a36b0f,1,True,cd0362b3e27cdee7a01dc92df8b1cf1e92633adc4cb742801fc338d849c4eabf,c1aa3ae42232a5a2059c90a12ac1813655240fb28150f9d43036e3af357c1ca3,./results/models/ablation/state/no_plan_topology/job/random_c/best.pt,"[{""action"":{""high_action"":""split"",""order_decision"":""only_cost""},""phase"":""high""},{""action"":{""candidate_id"":2,""schedule_alpha"":0.5},""phase"":""select""},{""action"":{""search_k"":1,""search_strategy"":""default""},""phase"":""search""},{""action"":{""execution_action"":""none"",""lip_action"":""none""},""phase"":""low""},{""action"":{""high_action"":""split"",""order_decision"":""only_cost""},""phase"":""high""},{""action"":{""candidate_id"":1,""schedule_alpha"":0.5},""phase"":""select""},{""action"":{""search_k"":1,""search_strategy"":""default""},""phase"":""search""},{""action"":{""execution_action"":""conservative"",""lip_action"":""none""},""phase"":""low""},{""action"":{""high_action"":""stop"",""order_decision"":""only_cost""},""phase"":""high""},{""action"":{""search_k"":1,""search_strategy"":""default""},""phase"":""search""},{""action"":{""execution_action"":""none"",""lip_action"":""none""},""phase"":""low""}]"
JOB,c,./workloads/query_job/17b.sql,w/o Plan Topology,6318.101599812508,45.768000000000,ok,de642ce5a04416b5f5d58162138ce38932542abd6a7a7a08d538f1a6fc288f85,1,True,ef35ddf132bc8ae9ea61dc5dd89b28ff40cf059e0012c92f71f6e86f7641afb2,68c3cadaa7982c001eedd8cf1aac8f7bbcf68cd8f275e1a2358d6b221ceaf9db,./results/models/ablation/state/no_plan_topology/job/random_c/best.pt,"[{""action"":{""high_action"":""split"",""order_decision"":""only_cost""},""phase"":""high""},{""action"":{""candidate_id"":2,""schedule_alpha"":0.5},""phase"":""select""},{""action"":{""search_k"":1,""search_strategy"":""default""},""phase"":""search""},{""action"":{""execution_action"":""none"",""lip_action"":""none""},""phase"":""low""},{""action"":{""high_action"":""split"",""order_decision"":""only_cost""},""phase"":""high""},{""action"":{""candidate_id"":0,""schedule_alpha"":0.5},""phase"":""select""},{""action"":{""search_k"":1,""search_strategy"":""default""},""phase"":""search""},{""action"":{""execution_action"":""conservative"",""lip_action"":""none""},""phase"":""low""},{""action"":{""high_action"":""stop"",""order_decision"":""only_cost""},""phase"":""high""},{""action"":{""search_k"":1,""search_strategy"":""default""},""phase"":""search""},{""action"":{""execution_action"":""conservative"",""lip_action"":""none""},""phase"":""low""}]"
JOB,c,./workloads/query_job/17c.sql,w/o Plan Topology,1133.461363613605,43.613000000000,ok,89318885181be4671a585035246d501b4eb546101d7a71035ac9eaf20c99bdff,1,True,f972af49f2544e1ef9c38ddde014ad6448afb6def1da5ebf33b2a3d08d852487,a048565d0b14d9c5be7860062b1ad1b683a4e06ab1cd50776a90f858b1a15172,./results/models/ablation/state/no_plan_topology/job/random_c/best.pt,"[{""action"":{""high_action"":""split"",""order_decision"":""only_cost""},""phase"":""high""},{""action"":{""candidate_id"":2,""schedule_alpha"":0.5},""phase"":""select""},{""action"":{""search_k"":1,""search_strategy"":""default""},""phase"":""search""},{""action"":{""execution_action"":""none"",""lip_action"":""none""},""phase"":""low""},{""action"":{""high_action"":""split"",""order_decision"":""only_cost""},""phase"":""high""},{""action"":{""candidate_id"":0,""schedule_alpha"":0.5},""phase"":""select""},{""action"":{""search_k"":1,""search_strategy"":""default""},""phase"":""search""},{""action"":{""execution_action"":""conservative"",""lip_action"":""none""},""phase"":""low""},{""action"":{""high_action"":""stop"",""order_decision"":""only_cost""},""phase"":""high""},{""action"":{""search_k"":1,""search_strategy"":""default""},""phase"":""search""},{""action"":{""execution_action"":""none"",""lip_action"":""none""},""phase"":""low""}]"
JOB,c,./workloads/query_job/17e.sql,w/o Plan Topology,4953.115172684193,49.400000000000,ok,f737f87f1aee3edfa2a8464fe8782aa3d0139b69867ac6bfd244eb890fff19b5,1,True,044c740caef77626e6d365ebe31be674579e61ff2983c0ad237005c37ff179d3,50f2a7255ac49a304e383a435e4085d82c03eb14242dd64391d7d6892fe4cbde,./results/models/ablation/state/no_plan_topology/job/random_c/best.pt,"[{""action"":{""high_action"":""split"",""order_decision"":""only_cost""},""phase"":""high""},{""action"":{""candidate_id"":2,""schedule_alpha"":0.5},""phase"":""select""},{""action"":{""search_k"":1,""search_strategy"":""default""},""phase"":""search""},{""action"":{""execution_action"":""none"",""lip_action"":""none""},""phase"":""low""},{""action"":{""high_action"":""split"",""order_decision"":""only_cost""},""phase"":""high""},{""action"":{""candidate_id"":1,""schedule_alpha"":0.5},""phase"":""select""},{""action"":{""search_k"":1,""search_strategy"":""default""},""phase"":""search""},{""action"":{""execution_action"":""conservative"",""lip_action"":""none""},""phase"":""low""},{""action"":{""high_action"":""stop"",""order_decision"":""only_cost""},""phase"":""high""},{""action"":{""search_k"":1,""search_strategy"":""default""},""phase"":""search""},{""action"":{""execution_action"":""none"",""lip_action"":""none""},""phase"":""low""}]"
JOB,c,./workloads/query_job/19d.sql,w/o Plan Topology,9496.883295476437,55.734000000000,ok,a4539f795d93860062d39d330febb9a7e2eba327a0dde36ea917ef25d81da7fb,1,True,ee3b471f31f423c6f611850afc18b4f92ac8a130dfcdde63ca7e286de78d5782,9dc44f7334e37426a9ab607e63e0da69f0f2c199aea4d342249cc090506af57f,./results/models/ablation/state/no_plan_topology/job/random_c/best.pt,"[{""action"":{""high_action"":""stop"",""order_decision"":""only_cost""},""phase"":""high""},{""action"":{""search_k"":1,""search_strategy"":""default""},""phase"":""search""},{""action"":{""execution_action"":""none"",""lip_action"":""selective""},""phase"":""low""}]"
JOB,c,./workloads/query_job/1b.sql,w/o Plan Topology,60.780003666878,48.069000000000,ok,be1d6ac40c20f262e1328dfd04b2021cc535502e6b32eff765a057282a5df4f7,1,True,3fec5892d5851559950ecff2230551a4afc23802cdd4fbeb3d8d17e887dd7f27,06c480395c2efc93c42f69bc31705eaea341548d63269676ab5b8913e144f3ad,./results/models/ablation/state/no_plan_topology/job/random_c/best.pt,"[{""action"":{""high_action"":""stop"",""order_decision"":""only_cost""},""phase"":""high""},{""action"":{""search_k"":1,""search_strategy"":""default""},""phase"":""search""},{""action"":{""execution_action"":""none"",""lip_action"":""none""},""phase"":""low""}]"
JOB,c,./workloads/query_job/1c.sql,w/o Plan Topology,91.113716363907,57.426000000000,ok,c9cfeb2c53a9c7d56ba455c5c333a8fac5db32559ebd94b17f2dbd68a69e1122,1,True,56d8514f2fd485d420b1d48b7acba3176c1aab00805e9fdc941a3d8c5eb8d4fb,48b8068886ea331d2e480d30d36ccdcece61c339f1e09bb4697b397cec7d5ede,./results/models/ablation/state/no_plan_topology/job/random_c/best.pt,"[{""action"":{""high_action"":""stop"",""order_decision"":""only_cost""},""phase"":""high""},{""action"":{""search_k"":1,""search_strategy"":""default""},""phase"":""search""},{""action"":{""execution_action"":""none"",""lip_action"":""none""},""phase"":""low""}]"
JOB,c,./workloads/query_job/20c.sql,w/o Plan Topology,1180.793441832066,70.532000000000,ok,568e7928022d673040c12df4a67123a0784853e4f2fd144a3c3ad416f6a0ff39,1,True,71b41328ec0a40d23892b52e1d066bfe2d7a2526f79125fdc79b20aac3db09fe,343c8afdddb6ea932386513fd7cc8ef8151ea6f530933acd015f11ccf1338bb9,./results/models/ablation/state/no_plan_topology/job/random_c/best.pt,"[{""action"":{""high_action"":""split"",""order_decision"":""only_cost""},""phase"":""high""},{""action"":{""candidate_id"":2,""schedule_alpha"":0.5},""phase"":""select""},{""action"":{""search_k"":1,""search_strategy"":""default""},""phase"":""search""},{""action"":{""execution_action"":""none"",""lip_action"":""none""},""phase"":""low""},{""action"":{""high_action"":""split"",""order_decision"":""only_cost""},""phase"":""high""},{""action"":{""candidate_id"":2,""schedule_alpha"":0.5},""phase"":""select""},{""action"":{""search_k"":1,""search_strategy"":""default""},""phase"":""search""},{""action"":{""execution_action"":""conservative"",""lip_action"":""none""},""phase"":""low""},{""action"":{""high_action"":""split"",""order_decision"":""only_cost""},""phase"":""high""},{""action"":{""candidate_id"":0,""schedule_alpha"":0.5},""phase"":""select""},{""action"":{""search_k"":1,""search_strategy"":""default""},""phase"":""search""},{""action"":{""execution_action"":""conservative"",""lip_action"":""none""},""phase"":""low""},{""action"":{""high_action"":""stop"",""order_decision"":""only_cost""},""phase"":""high""},{""action"":{""search_k"":1,""search_strategy"":""default""},""phase"":""search""},{""action"":{""execution_action"":""none"",""lip_action"":""none""},""phase"":""low""}]"
JOB,c,./workloads/query_job/21a.sql,w/o Plan Topology,225.477211177349,75.344000000000,ok,6114bcae99606cbd64c86c8dd7da67c69f8e545ea60c5213503552460a7306d0,1,True,d6518966e84e98b24365aeba4ede1c9dd8e890f2bd22b69f74df855c9feed086,f8c52bebaf421262c75c36de6a0a357e6d9f01b4edabd9320770c75b81e8ab84,./results/models/ablation/state/no_plan_topology/job/random_c/best.pt,"[{""action"":{""high_action"":""stop"",""order_decision"":""only_cost""},""phase"":""high""},{""action"":{""search_k"":1,""search_strategy"":""default""},""phase"":""search""},{""action"":{""execution_action"":""none"",""lip_action"":""none""},""phase"":""low""}]"
JOB,c,./workloads/query_job/21b.sql,w/o Plan Topology,205.652669072151,69.827000000000,ok,1da28682b56bf46849a42e55ba2b328e656ccb98f2f56a02e22549b0a2dec397,1,True,4e8df4f7d475a95ebba1bd86d7df63ac96c34318351f2cd2d85f95e1329e93e5,ca7fcbaa067f2eaaa1a562567da6080740699a334a83b118597149b9798519b9,./results/models/ablation/state/no_plan_topology/job/random_c/best.pt,"[{""action"":{""high_action"":""stop"",""order_decision"":""only_cost""},""phase"":""high""},{""action"":{""search_k"":1,""search_strategy"":""default""},""phase"":""search""},{""action"":{""execution_action"":""none"",""lip_action"":""none""},""phase"":""low""}]"
JOB,c,./workloads/query_job/21c.sql,w/o Plan Topology,225.876405835152,94.246000000000,ok,83811c5c01e3bdbafff3ac6671360f1cb19c1452dd9ec0b095bcd21856c36865,1,True,dddac8f4ba89aa04b29ec88bd88024b76dbfa11d5d2e7a7e4ad49e4f7f669edd,cfe79d63e883842fbe20783778d15ba60b77a2fbebd1b0d7c094c0e01a3884cf,./results/models/ablation/state/no_plan_topology/job/random_c/best.pt,"[{""action"":{""high_action"":""stop"",""order_decision"":""only_cost""},""phase"":""high""},{""action"":{""search_k"":1,""search_strategy"":""default""},""phase"":""search""},{""action"":{""execution_action"":""none"",""lip_action"":""none""},""phase"":""low""}]"
JOB,c,./workloads/query_job/23a.sql,w/o Plan Topology,541.699834167957,77.302000000000,ok,e33290c8b8a911bae419941260d0bb2e09cceab157ff21cbd4088e50c3a1cc9b,1,True,ebfdf807ceef5a012f1b26624e4d3d83332fc2ae4863affbd94ce6736bbd9317,dfdd399718cabb47d9d6ee3285944d0a83f3938844d7f9dd59f7caf233f9ce93,./results/models/ablation/state/no_plan_topology/job/random_c/best.pt,"[{""action"":{""high_action"":""stop"",""order_decision"":""only_cost""},""phase"":""high""},{""action"":{""search_k"":1,""search_strategy"":""default""},""phase"":""search""},{""action"":{""execution_action"":""none"",""lip_action"":""none""},""phase"":""low""}]"
JOB,c,./workloads/query_job/24b.sql,w/o Plan Topology,330.939263105392,86.109000000000,ok,c6a12dd8a9651eef2928671373921d7e677edea1ec96df6544103293106311ef,1,True,96b1dc2c25fa34ef872b90b9c45fa2a7ee0b120f89f509364aeb41bcbf81d78e,230b5011dc794e6f48c9784c0197ea332dd7fc73e846bcd892de9d32777c0c6a,./results/models/ablation/state/no_plan_topology/job/random_c/best.pt,"[{""action"":{""high_action"":""split"",""order_decision"":""only_cost""},""phase"":""high""},{""action"":{""candidate_id"":2,""schedule_alpha"":0.5},""phase"":""select""},{""action"":{""search_k"":1,""search_strategy"":""default""},""phase"":""search""},{""action"":{""execution_action"":""none"",""lip_action"":""selective""},""phase"":""low""},{""action"":{""high_action"":""split"",""order_decision"":""only_cost""},""phase"":""high""},{""action"":{""candidate_id"":3,""schedule_alpha"":0.5},""phase"":""select""},{""action"":{""search_k"":1,""search_strategy"":""default""},""phase"":""search""},{""action"":{""execution_action"":""none"",""lip_action"":""selective""},""phase"":""low""},{""action"":{""high_action"":""split"",""order_decision"":""only_cost""},""phase"":""high""},{""action"":{""candidate_id"":1,""schedule_alpha"":0.5},""phase"":""select""},{""action"":{""search_k"":1,""search_strategy"":""default""},""phase"":""search""},{""action"":{""execution_action"":""none"",""lip_action"":""none""},""phase"":""low""},{""action"":{""high_action"":""split"",""order_decision"":""only_cost""},""phase"":""high""},{""action"":{""candidate_id"":0,""schedule_alpha"":0.5},""phase"":""select""},{""action"":{""search_k"":1,""search_strategy"":""default""},""phase"":""search""},{""action"":{""execution_action"":""none"",""lip_action"":""none""},""phase"":""low""},{""action"":{""high_action"":""stop"",""order_decision"":""only_cost""},""phase"":""high""},{""action"":{""search_k"":1,""search_strategy"":""default""},""phase"":""search""},{""action"":{""execution_action"":""none"",""lip_action"":""none""},""phase"":""low""}]"
JOB,c,./workloads/query_job/25a.sql,w/o Plan Topology,1983.002431690693,75.481000000000,ok,3f61bc3b5b8945716ddc701b2a0b19f860043a01c2e6df0e838c90693f07dd20,1,True,5d9639bfd293b70a83e0d162b367a6bb26eea81726c0f343c4aeb5702b06b64d,a51820782e6b11484bc53cc27921c068f072cef9e2b6dc08d1de53ad77ba124e,./results/models/ablation/state/no_plan_topology/job/random_c/best.pt,"[{""action"":{""high_action"":""split"",""order_decision"":""only_cost""},""phase"":""high""},{""action"":{""candidate_id"":3,""schedule_alpha"":0.5},""phase"":""select""},{""action"":{""search_k"":1,""search_strategy"":""default""},""phase"":""search""},{""action"":{""execution_action"":""none"",""lip_action"":""none""},""phase"":""low""},{""action"":{""high_action"":""split"",""order_decision"":""only_cost""},""phase"":""high""},{""action"":{""candidate_id"":1,""schedule_alpha"":0.5},""phase"":""select""},{""action"":{""search_k"":1,""search_strategy"":""default""},""phase"":""search""},{""action"":{""execution_action"":""conservative"",""lip_action"":""none""},""phase"":""low""},{""action"":{""high_action"":""split"",""order_decision"":""only_cost""},""phase"":""high""},{""action"":{""candidate_id"":1,""schedule_alpha"":0.5},""phase"":""select""},{""action"":{""search_k"":1,""search_strategy"":""default""},""phase"":""search""},{""action"":{""execution_action"":""conservative"",""lip_action"":""none""},""phase"":""low""},{""action"":{""high_action"":""stop"",""order_decision"":""only_cost""},""phase"":""high""},{""action"":{""search_k"":1,""search_strategy"":""default""},""phase"":""search""},{""action"":{""execution_action"":""none"",""lip_action"":""none""},""phase"":""low""}]"
JOB,c,./workloads/query_job/25b.sql,w/o Plan Topology,623.305521905422,184.094000000000,ok,a6dff347cc4e2c49ccacd365b50a365a6fabbfadf92d2cdfddeb9d790e3bbb17,1,True,281a9e85a78698c1d0f6c2d2068817ccdcdf7237bad1be460d828da654b0cb02,069737e86b588b2ae40b0289582ca1bf597d9c6255ddfe48c10a10aa943ed7e7,./results/models/ablation/state/no_plan_topology/job/random_c/best.pt,"[{""action"":{""high_action"":""split"",""order_decision"":""only_cost""},""phase"":""high""},{""action"":{""candidate_id"":3,""schedule_alpha"":0.5},""phase"":""select""},{""action"":{""search_k"":1,""search_strategy"":""default""},""phase"":""search""},{""action"":{""execution_action"":""none"",""lip_action"":""none""},""phase"":""low""},{""action"":{""high_action"":""split"",""order_decision"":""only_cost""},""phase"":""high""},{""action"":{""candidate_id"":2,""schedule_alpha"":0.5},""phase"":""select""},{""action"":{""search_k"":1,""search_strategy"":""default""},""phase"":""search""},{""action"":{""execution_action"":""none"",""lip_action"":""none""},""phase"":""low""},{""action"":{""high_action"":""split"",""order_decision"":""only_cost""},""phase"":""high""},{""action"":{""candidate_id"":1,""schedule_alpha"":0.5},""phase"":""select""},{""action"":{""search_k"":1,""search_strategy"":""default""},""phase"":""search""},{""action"":{""execution_action"":""none"",""lip_action"":""none""},""phase"":""low""},{""action"":{""high_action"":""stop"",""order_decision"":""only_cost""},""phase"":""high""},{""action"":{""search_k"":1,""search_strategy"":""default""},""phase"":""search""},{""action"":{""execution_action"":""none"",""lip_action"":""none""},""phase"":""low""}]"
JOB,c,./workloads/query_job/26c.sql,w/o Plan Topology,1324.325583875179,240.714000000000,ok,028fa66983476fd11ebe0fc3fe75f01f243fb077ff18202487babf6b5905aae1,1,True,31721df13cb233ede11bd1bc64b2e5dd01582de7b9bd3b9682337e1429b7c1f0,67190f131cea05fbb32619e40e11a7c7d3c6c9a716e19416beb239cd34904b7b,./results/models/ablation/state/no_plan_topology/job/random_c/best.pt,"[{""action"":{""high_action"":""split"",""order_decision"":""only_cost""},""phase"":""high""},{""action"":{""candidate_id"":3,""schedule_alpha"":0.5},""phase"":""select""},{""action"":{""search_k"":1,""search_strategy"":""default""},""phase"":""search""},{""action"":{""execution_action"":""none"",""lip_action"":""none""},""phase"":""low""},{""action"":{""high_action"":""split"",""order_decision"":""only_cost""},""phase"":""high""},{""action"":{""candidate_id"":2,""schedule_alpha"":0.5},""phase"":""select""},{""action"":{""search_k"":1,""search_strategy"":""default""},""phase"":""search""},{""action"":{""execution_action"":""conservative"",""lip_action"":""none""},""phase"":""low""},{""action"":{""high_action"":""split"",""order_decision"":""only_cost""},""phase"":""high""},{""action"":{""candidate_id"":0,""schedule_alpha"":0.5},""phase"":""select""},{""action"":{""search_k"":1,""search_strategy"":""default""},""phase"":""search""},{""action"":{""execution_action"":""conservative"",""lip_action"":""none""},""phase"":""low""},{""action"":{""high_action"":""split"",""order_decision"":""only_cost""},""phase"":""high""},{""action"":{""candidate_id"":1,""schedule_alpha"":0.5},""phase"":""select""},{""action"":{""search_k"":1,""search_strategy"":""default""},""phase"":""search""},{""action"":{""execution_action"":""none"",""lip_action"":""none""},""phase"":""low""},{""action"":{""high_action"":""stop"",""order_decision"":""only_cost""},""phase"":""high""},{""action"":{""search_k"":1,""search_strategy"":""default""},""phase"":""search""},{""action"":{""execution_action"":""none"",""lip_action"":""none""},""phase"":""low""}]"
JOB,c,./workloads/query_job/27b.sql,w/o Plan Topology,241.746522486210,100.072000000000,ok,4eb4e5bb88d274fb571daa3d9537d134ac91e3971795bedfe21b63973b8a983c,1,True,b4722500aa8ea91050b091bacbac922a8ea9950bf5608ce32630048f709a262d,ba4dabd87ea08ee678f5d5e194ba4702068988b1757e0f3e0cae0124e9ea8c2a,./results/models/ablation/state/no_plan_topology/job/random_c/best.pt,"[{""action"":{""high_action"":""stop"",""order_decision"":""only_cost""},""phase"":""high""},{""action"":{""search_k"":1,""search_strategy"":""default""},""phase"":""search""},{""action"":{""execution_action"":""none"",""lip_action"":""none""},""phase"":""low""}]"
JOB,c,./workloads/query_job/28a.sql,w/o Plan Topology,897.013314068317,111.237000000000,ok,9bbfa4b43836dbcd01ed830b9188456a9d9309e4cc0ef0948c1f6ff8b2c0e39c,1,True,34d8ab3de556a121cb7dd7301c82a4683a614abc7659c2c5f1789e87f9bd9e7b,cdf1aafe5c86e055ac482f0b6ed5ec70d2ca8ca14366a12fbb0280e995e6093a,./results/models/ablation/state/no_plan_topology/job/random_c/best.pt,"[{""action"":{""high_action"":""split"",""order_decision"":""only_cost""},""phase"":""high""},{""action"":{""candidate_id"":4,""schedule_alpha"":0.5},""phase"":""select""},{""action"":{""search_k"":1,""search_strategy"":""default""},""phase"":""search""},{""action"":{""execution_action"":""none"",""lip_action"":""none""},""phase"":""low""},{""action"":{""high_action"":""split"",""order_decision"":""only_cost""},""phase"":""high""},{""action"":{""candidate_id"":1,""schedule_alpha"":0.5},""phase"":""select""},{""action"":{""search_k"":1,""search_strategy"":""default""},""phase"":""search""},{""action"":{""execution_action"":""conservative"",""lip_action"":""none""},""phase"":""low""},{""action"":{""high_action"":""split"",""order_decision"":""only_cost""},""phase"":""high""},{""action"":{""candidate_id"":3,""schedule_alpha"":0.5},""phase"":""select""},{""action"":{""search_k"":1,""search_strategy"":""default""},""phase"":""search""},{""action"":{""execution_action"":""conservative"",""lip_action"":""none""},""phase"":""low""},{""action"":{""high_action"":""split"",""order_decision"":""only_cost""},""phase"":""high""},{""action"":{""candidate_id"":0,""schedule_alpha"":0.5},""phase"":""select""},{""action"":{""search_k"":1,""search_strategy"":""default""},""phase"":""search""},{""action"":{""execution_action"":""conservative"",""lip_action"":""none""},""phase"":""low""},{""action"":{""high_action"":""split"",""order_decision"":""only_cost""},""phase"":""high""},{""action"":{""candidate_id"":1,""schedule_alpha"":0.5},""phase"":""select""},{""action"":{""search_k"":1,""search_strategy"":""default""},""phase"":""search""},{""action"":{""execution_action"":""none"",""lip_action"":""none""},""phase"":""low""},{""action"":{""high_action"":""stop"",""order_decision"":""only_cost""},""phase"":""high""},{""action"":{""search_k"":1,""search_strategy"":""default""},""phase"":""search""},{""action"":{""execution_action"":""none"",""lip_action"":""none""},""phase"":""low""}]"
JOB,c,./workloads/query_job/29a.sql,w/o Plan Topology,439.849384129047,205.616000000000,ok,6931843f19cb52122ed461369626a4f45f6b0550fbb8e5608f26c0a53fbfa63e,1,True,b0454b42632fbf4c3d308aafced19f016eb8f16040f218008aa319cbc6a8bb46,ae36a6df72b5a7bdcb45660252814e59e33733db4a00b369b2854bc5b7fdaf73,./results/models/ablation/state/no_plan_topology/job/random_c/best.pt,"[{""action"":{""high_action"":""split"",""order_decision"":""only_cost""},""phase"":""high""},{""action"":{""candidate_id"":5,""schedule_alpha"":0.5},""phase"":""select""},{""action"":{""search_k"":1,""search_strategy"":""default""},""phase"":""search""},{""action"":{""execution_action"":""none"",""lip_action"":""none""},""phase"":""low""},{""action"":{""high_action"":""split"",""order_decision"":""only_cost""},""phase"":""high""},{""action"":{""candidate_id"":1,""schedule_alpha"":0.5},""phase"":""select""},{""action"":{""search_k"":1,""search_strategy"":""default""},""phase"":""search""},{""action"":{""execution_action"":""none"",""lip_action"":""selective""},""phase"":""low""},{""action"":{""high_action"":""split"",""order_decision"":""only_cost""},""phase"":""high""},{""action"":{""candidate_id"":2,""schedule_alpha"":0.5},""phase"":""select""},{""action"":{""search_k"":1,""search_strategy"":""default""},""phase"":""search""},{""action"":{""execution_action"":""none"",""lip_action"":""selective""},""phase"":""low""},{""action"":{""high_action"":""split"",""order_decision"":""only_cost""},""phase"":""high""},{""action"":{""candidate_id"":1,""schedule_alpha"":0.5},""phase"":""select""},{""action"":{""search_k"":1,""search_strategy"":""default""},""phase"":""search""},{""action"":{""execution_action"":""none"",""lip_action"":""none""},""phase"":""low""},{""action"":{""high_action"":""split"",""order_decision"":""only_cost""},""phase"":""high""},{""action"":{""candidate_id"":2,""schedule_alpha"":0.5},""phase"":""select""},{""action"":{""search_k"":1,""search_strategy"":""default""},""phase"":""search""},{""action"":{""execution_action"":""none"",""lip_action"":""none""},""phase"":""low""},{""action"":{""high_action"":""split"",""order_decision"":""only_cost""},""phase"":""high""},{""action"":{""candidate_id"":1,""schedule_alpha"":0.5},""phase"":""select""},{""action"":{""search_k"":1,""search_strategy"":""default""},""phase"":""search""},{""action"":{""execution_action"":""none"",""lip_action"":""none""},""phase"":""low""},{""action"":{""high_action"":""stop"",""order_decision"":""only_cost""},""phase"":""high""},{""action"":{""search_k"":1,""search_strategy"":""default""},""phase"":""search""},{""action"":{""execution_action"":""none"",""lip_action"":""none""},""phase"":""low""}]"
JOB,c,./workloads/query_job/29c.sql,w/o Plan Topology,472.380749881268,118.317000000000,ok,77d7c0fd6a7f7c2de253fe8fc44b2b6ae848c0c1e246c513425c8f83965bf0b0,1,True,004c5ae37a05addc3c4525d601cadcd9f2471ee4547d0a8320e00ecb1b034660,9d443f09b046d414ba31004c8551636781eb2fe775a66aa75fe4f241717b82a2,./results/models/ablation/state/no_plan_topology/job/random_c/best.pt,"[{""action"":{""high_action"":""split"",""order_decision"":""only_cost""},""phase"":""high""},{""action"":{""candidate_id"":5,""schedule_alpha"":0.5},""phase"":""select""},{""action"":{""search_k"":1,""search_strategy"":""default""},""phase"":""search""},{""action"":{""execution_action"":""none"",""lip_action"":""none""},""phase"":""low""},{""action"":{""high_action"":""split"",""order_decision"":""only_cost""},""phase"":""high""},{""action"":{""candidate_id"":2,""schedule_alpha"":0.5},""phase"":""select""},{""action"":{""search_k"":1,""search_strategy"":""default""},""phase"":""search""},{""action"":{""execution_action"":""none"",""lip_action"":""selective""},""phase"":""low""},{""action"":{""high_action"":""split"",""order_decision"":""only_cost""},""phase"":""high""},{""action"":{""candidate_id"":1,""schedule_alpha"":0.5},""phase"":""select""},{""action"":{""search_k"":1,""search_strategy"":""default""},""phase"":""search""},{""action"":{""execution_action"":""none"",""lip_action"":""none""},""phase"":""low""},{""action"":{""high_action"":""split"",""order_decision"":""only_cost""},""phase"":""high""},{""action"":{""candidate_id"":0,""schedule_alpha"":0.5},""phase"":""select""},{""action"":{""search_k"":1,""search_strategy"":""default""},""phase"":""search""},{""action"":{""execution_action"":""none"",""lip_action"":""none""},""phase"":""low""},{""action"":{""high_action"":""split"",""order_decision"":""only_cost""},""phase"":""high""},{""action"":{""candidate_id"":1,""schedule_alpha"":0.5},""phase"":""select""},{""action"":{""search_k"":1,""search_strategy"":""default""},""phase"":""search""},{""action"":{""execution_action"":""none"",""lip_action"":""none""},""phase"":""low""},{""action"":{""high_action"":""split"",""order_decision"":""only_cost""},""phase"":""high""},{""action"":{""candidate_id"":1,""schedule_alpha"":0.5},""phase"":""select""},{""action"":{""search_k"":1,""search_strategy"":""default""},""phase"":""search""},{""action"":{""execution_action"":""conservative"",""lip_action"":""none""},""phase"":""low""},{""action"":{""high_action"":""stop"",""order_decision"":""only_cost""},""phase"":""high""},{""action"":{""search_k"":1,""search_strategy"":""default""},""phase"":""search""},{""action"":{""execution_action"":""none"",""lip_action"":""none""},""phase"":""low""}]"
JOB,c,./workloads/query_job/30a.sql,w/o Plan Topology,3271.351903676987,74.591000000000,ok,75f27277da0bf405cd685f3341baca046a6788152a4b13a72ad743837698d0b5,1,True,4e748a834a086bf1afac6c099d6168af0d1b7096eb4b05a3c5e6801d32b13f9b,3b6c7bc8516a363e3d763de21e2ff4126fa27a196af2b7043cde04da11272be7,./results/models/ablation/state/no_plan_topology/job/random_c/best.pt,"[{""action"":{""high_action"":""stop"",""order_decision"":""only_cost""},""phase"":""high""},{""action"":{""search_k"":1,""search_strategy"":""default""},""phase"":""search""},{""action"":{""execution_action"":""none"",""lip_action"":""none""},""phase"":""low""}]"
JOB,c,./workloads/query_job/31a.sql,w/o Plan Topology,897.663377225399,125.147000000000,ok,27264682db1c692f629cbc378c2d1c85c8c6d056671bebcf765b2be4f122e770,1,True,bb1509915d992e6653ae5c65d3406f86685f6dea1b52f5776646711a721bf371,e5cf62b3bf7b58989ed5fa7038d63fe647f896f9c5739bf498e1bc575bcb05cf,./results/models/ablation/state/no_plan_topology/job/random_c/best.pt,"[{""action"":{""high_action"":""split"",""order_decision"":""only_cost""},""phase"":""high""},{""action"":{""candidate_id"":4,""schedule_alpha"":0.5},""phase"":""select""},{""action"":{""search_k"":1,""search_strategy"":""default""},""phase"":""search""},{""action"":{""execution_action"":""none"",""lip_action"":""none""},""phase"":""low""},{""action"":{""high_action"":""split"",""order_decision"":""only_cost""},""phase"":""high""},{""action"":{""candidate_id"":1,""schedule_alpha"":0.5},""phase"":""select""},{""action"":{""search_k"":1,""search_strategy"":""default""},""phase"":""search""},{""action"":{""execution_action"":""conservative"",""lip_action"":""none""},""phase"":""low""},{""action"":{""high_action"":""split"",""order_decision"":""only_cost""},""phase"":""high""},{""action"":{""candidate_id"":2,""schedule_alpha"":0.5},""phase"":""select""},{""action"":{""search_k"":1,""search_strategy"":""default""},""phase"":""search""},{""action"":{""execution_action"":""conservative"",""lip_action"":""none""},""phase"":""low""},{""action"":{""high_action"":""split"",""order_decision"":""only_cost""},""phase"":""high""},{""action"":{""candidate_id"":1,""schedule_alpha"":0.5},""phase"":""select""},{""action"":{""search_k"":1,""search_strategy"":""default""},""phase"":""search""},{""action"":{""execution_action"":""none"",""lip_action"":""none""},""phase"":""low""},{""action"":{""high_action"":""stop"",""order_decision"":""only_cost""},""phase"":""high""},{""action"":{""search_k"":1,""search_strategy"":""default""},""phase"":""search""},{""action"":{""execution_action"":""none"",""lip_action"":""none""},""phase"":""low""}]"
JOB,c,./workloads/query_job/31b.sql,w/o Plan Topology,855.623781681061,270.752000000000,ok,17bebc2b6a6ef3426f94300ca4385edad88ebd34fac62fd56a0fc58c24e5b98e,1,True,11e154b81196595c9f6586af705e2a15a4467a7ea65eb6fc4c6953fad900ea03,942bbf6a4bc8460791e267b26a1ca6d4b6b0b72524f0db793a16352e5d2fc5e7,./results/models/ablation/state/no_plan_topology/job/random_c/best.pt,"[{""action"":{""high_action"":""split"",""order_decision"":""only_cost""},""phase"":""high""},{""action"":{""candidate_id"":4,""schedule_alpha"":0.5},""phase"":""select""},{""action"":{""search_k"":1,""search_strategy"":""default""},""phase"":""search""},{""action"":{""execution_action"":""none"",""lip_action"":""none""},""phase"":""low""},{""action"":{""high_action"":""split"",""order_decision"":""only_cost""},""phase"":""high""},{""action"":{""candidate_id"":3,""schedule_alpha"":0.5},""phase"":""select""},{""action"":{""search_k"":1,""search_strategy"":""default""},""phase"":""search""},{""action"":{""execution_action"":""none"",""lip_action"":""none""},""phase"":""low""},{""action"":{""high_action"":""split"",""order_decision"":""only_cost""},""phase"":""high""},{""action"":{""candidate_id"":1,""schedule_alpha"":0.5},""phase"":""select""},{""action"":{""search_k"":1,""search_strategy"":""default""},""phase"":""search""},{""action"":{""execution_action"":""none"",""lip_action"":""none""},""phase"":""low""},{""action"":{""high_action"":""split"",""order_decision"":""only_cost""},""phase"":""high""},{""action"":{""candidate_id"":1,""schedule_alpha"":0.5},""phase"":""select""},{""action"":{""search_k"":1,""search_strategy"":""default""},""phase"":""search""},{""action"":{""execution_action"":""none"",""lip_action"":""none""},""phase"":""low""},{""action"":{""high_action"":""stop"",""order_decision"":""only_cost""},""phase"":""high""},{""action"":{""search_k"":1,""search_strategy"":""default""},""phase"":""search""},{""action"":{""execution_action"":""none"",""lip_action"":""none""},""phase"":""low""}]"
JOB,c,./workloads/query_job/32b.sql,w/o Plan Topology,496.116675436497,47.650000000000,ok,136f26a2ebb961337e13a1b2c25ce51ab44ee67277b807b22bcb2f94ab99343c,1,True,9cc74a1fdc472cdddbf1cecd53500b7047786916d0d82d78b56f51620ccf3f9e,dcac4af7596d1e516f3601eb025e5a21cc0ffe82f96b8785f15f3f5d48ecc71d,./results/models/ablation/state/no_plan_topology/job/random_c/best.pt,"[{""action"":{""high_action"":""split"",""order_decision"":""only_cost""},""phase"":""high""},{""action"":{""candidate_id"":0,""schedule_alpha"":0.5},""phase"":""select""},{""action"":{""search_k"":1,""search_strategy"":""default""},""phase"":""search""},{""action"":{""execution_action"":""none"",""lip_action"":""none""},""phase"":""low""},{""action"":{""high_action"":""stop"",""order_decision"":""only_cost""},""phase"":""high""},{""action"":{""search_k"":1,""search_strategy"":""default""},""phase"":""search""},{""action"":{""execution_action"":""conservative"",""lip_action"":""none""},""phase"":""low""}]"
JOB,c,./workloads/query_job/33c.sql,w/o Plan Topology,725.694887340069,137.309000000000,ok,68464506f3c0aa8fd4c37209daa0d0c9c8f54c57dca6a9b2860add78f906185b,1,True,0a0c96c351c69d3a3c69837f39867bb466ff630e60c5e2efaed341bfff78d72f,ca5663e4f288febf71d4b4916059e67420a952412ca957db6de04675833a46a0,./results/models/ablation/state/no_plan_topology/job/random_c/best.pt,"[{""action"":{""high_action"":""split"",""order_decision"":""only_cost""},""phase"":""high""},{""action"":{""candidate_id"":3,""schedule_alpha"":0.5},""phase"":""select""},{""action"":{""search_k"":1,""search_strategy"":""default""},""phase"":""search""},{""action"":{""execution_action"":""none"",""lip_action"":""none""},""phase"":""low""},{""action"":{""high_action"":""split"",""order_decision"":""only_cost""},""phase"":""high""},{""action"":{""candidate_id"":0,""schedule_alpha"":0.5},""phase"":""select""},{""action"":{""search_k"":1,""search_strategy"":""default""},""phase"":""search""},{""action"":{""execution_action"":""conservative"",""lip_action"":""none""},""phase"":""low""},{""action"":{""high_action"":""split"",""order_decision"":""only_cost""},""phase"":""high""},{""action"":{""candidate_id"":3,""schedule_alpha"":0.5},""phase"":""select""},{""action"":{""search_k"":1,""search_strategy"":""default""},""phase"":""search""},{""action"":{""execution_action"":""none"",""lip_action"":""none""},""phase"":""low""},{""action"":{""high_action"":""split"",""order_decision"":""only_cost""},""phase"":""high""},{""action"":{""candidate_id"":0,""schedule_alpha"":0.5},""phase"":""select""},{""action"":{""search_k"":1,""search_strategy"":""default""},""phase"":""search""},{""action"":{""execution_action"":""conservative"",""lip_action"":""none""},""phase"":""low""},{""action"":{""high_action"":""split"",""order_decision"":""only_cost""},""phase"":""high""},{""action"":{""candidate_id"":2,""schedule_alpha"":0.5},""phase"":""select""},{""action"":{""search_k"":1,""search_strategy"":""default""},""phase"":""search""},{""action"":{""execution_action"":""none"",""lip_action"":""none""},""phase"":""low""},{""action"":{""high_action"":""split"",""order_decision"":""only_cost""},""phase"":""high""},{""action"":{""candidate_id"":0,""schedule_alpha"":0.5},""phase"":""select""},{""action"":{""search_k"":1,""search_strategy"":""default""},""phase"":""search""},{""action"":{""execution_action"":""none"",""lip_action"":""none""},""phase"":""low""},{""action"":{""high_action"":""stop"",""order_decision"":""only_cost""},""phase"":""high""},{""action"":{""search_k"":1,""search_strategy"":""default""},""phase"":""search""},{""action"":{""execution_action"":""none"",""lip_action"":""none""},""phase"":""low""}]"
JOB,c,./workloads/query_job/5a.sql,w/o Plan Topology,308.118738234043,60.087000000000,ok,4f78f1a55542d807d5eaabd4ee2244ee9ba0258958f7de1c1ef4598cd5b46ab1,1,True,e1c1c276430b8170ecfc022c3345615440dd44eb92d038b8d09d039241116717,9218d89200a97523e635d9727e7b2906e7fb44432f25bd4947dfb8439bd0ad1a,./results/models/ablation/state/no_plan_topology/job/random_c/best.pt,"[{""action"":{""high_action"":""stop"",""order_decision"":""only_cost""},""phase"":""high""},{""action"":{""search_k"":1,""search_strategy"":""default""},""phase"":""search""},{""action"":{""execution_action"":""none"",""lip_action"":""none""},""phase"":""low""}]"
JOB,c,./workloads/query_job/6d.sql,w/o Plan Topology,4693.372271955013,43.226000000000,ok,bf8229c3af721fca42ad64803e348b47d39c54dfd46fcbc5d2ef84cd56b31b17,1,True,a8de87c608df5e7ddba8792e0f0d138b4d9847066ad48ef4919f5be29ab910c6,20f1d6ba4065475fad052049872814ae8a69cad99de177a1b17fdb3f082d570a,./results/models/ablation/state/no_plan_topology/job/random_c/best.pt,"[{""action"":{""high_action"":""stop"",""order_decision"":""only_cost""},""phase"":""high""},{""action"":{""search_k"":1,""search_strategy"":""default""},""phase"":""search""},{""action"":{""execution_action"":""none"",""lip_action"":""none""},""phase"":""low""}]"
JOB,c,./workloads/query_job/6e.sql,w/o Plan Topology,114.541664719582,54.654000000000,ok,2e45680981dcedf844899f966540a92734a6200fc0d8bd8a547ceba0d0cf631f,1,True,da565ec0849b5149259dc47bfc088a03c610a87e3c0041366c95bfb5d5ae803e,dc5b9de536d74cc503e9c39ee6c97e519782a3c506d83357c4f6184a20172bb1,./results/models/ablation/state/no_plan_topology/job/random_c/best.pt,"[{""action"":{""high_action"":""stop"",""order_decision"":""only_cost""},""phase"":""high""},{""action"":{""search_k"":1,""search_strategy"":""default""},""phase"":""search""},{""action"":{""execution_action"":""none"",""lip_action"":""none""},""phase"":""low""}]"
JOB,c,./workloads/query_job/7a.sql,w/o Plan Topology,1127.013765275478,65.531000000000,ok,4c15deaf8c868c357c511a9b1b16153f35d0a6d69bf0cb9d733dd8855dca6cb3,1,True,8165b3fa00128d44942814625dfa52b3401e31c16062c9154ec31b9a19d98b4c,d773315a0885e332c7a98844a19a484a6cf002020f29a8dd7f10863c176b4e2f,./results/models/ablation/state/no_plan_topology/job/random_c/best.pt,"[{""action"":{""high_action"":""stop"",""order_decision"":""only_cost""},""phase"":""high""},{""action"":{""search_k"":1,""search_strategy"":""default""},""phase"":""search""},{""action"":{""execution_action"":""none"",""lip_action"":""none""},""phase"":""low""}]"
JOB,c,./workloads/query_job/8d.sql,w/o Plan Topology,5592.854484915733,80.140000000000,ok,42e9d5875e298e1e96988f68f4ea5385d847af85ed0e315fb1c559c113c45301,1,True,4938a8b4b9ac1e11c86e0364b053dae86c26cd4f9855bcf4c8eea1920ad9e374,c82388d9c5d523befda3e5b75e1ae6af75a6ba692d759f1ee2d3231bbb016b38,./results/models/ablation/state/no_plan_topology/job/random_c/best.pt,"[{""action"":{""high_action"":""split"",""order_decision"":""only_cost""},""phase"":""high""},{""action"":{""candidate_id"":2,""schedule_alpha"":0.5},""phase"":""select""},{""action"":{""search_k"":1,""search_strategy"":""default""},""phase"":""search""},{""action"":{""execution_action"":""conservative"",""lip_action"":""none""},""phase"":""low""},{""action"":{""high_action"":""split"",""order_decision"":""only_cost""},""phase"":""high""},{""action"":{""candidate_id"":0,""schedule_alpha"":0.5},""phase"":""select""},{""action"":{""search_k"":1,""search_strategy"":""default""},""phase"":""search""},{""action"":{""execution_action"":""conservative"",""lip_action"":""none""},""phase"":""low""},{""action"":{""high_action"":""stop"",""order_decision"":""only_cost""},""phase"":""high""},{""action"":{""search_k"":1,""search_strategy"":""default""},""phase"":""search""},{""action"":{""execution_action"":""none"",""lip_action"":""none""},""phase"":""low""}]"
JOB,c,./workloads/query_job/9c.sql,w/o Plan Topology,2408.530749380589,41.830000000000,ok,557da082f2ed4caf79da00c7414e7dd21a43ea04df959539305598466791daec,1,True,02d6e326c52db8bf91c4a4b2fdbe4b03795b385fcc0ea041209d34bb4cdde7fa,b9387b00e544a24af982d52cca136dffed78f20d1332c80ea3c211d51c49e70a,./results/models/ablation/state/no_plan_topology/job/random_c/best.pt,"[{""action"":{""high_action"":""split"",""order_decision"":""only_cost""},""phase"":""high""},{""action"":{""candidate_id"":1,""schedule_alpha"":0.5},""phase"":""select""},{""action"":{""search_k"":1,""search_strategy"":""default""},""phase"":""search""},{""action"":{""execution_action"":""none"",""lip_action"":""selective""},""phase"":""low""},{""action"":{""high_action"":""split"",""order_decision"":""only_cost""},""phase"":""high""},{""action"":{""candidate_id"":0,""schedule_alpha"":0.5},""phase"":""select""},{""action"":{""search_k"":1,""search_strategy"":""default""},""phase"":""search""},{""action"":{""execution_action"":""none"",""lip_action"":""none""},""phase"":""low""},{""action"":{""high_action"":""stop"",""order_decision"":""only_cost""},""phase"":""high""},{""action"":{""search_k"":1,""search_strategy"":""default""},""phase"":""search""},{""action"":{""execution_action"":""conservative"",""lip_action"":""none""},""phase"":""low""}]"
JOB,a,./workloads/query_job/10c.sql,w/o Query Topology,7338.754929602146,46.871000000000,ok,73b0bf53e0d911a07eeb82a77e0c4d8e572b4a66464eabd6ab74eddeab66e4b6,1,True,5275764f2401195e6a544e22d0840536a2b4d9dbc51295d150077f21d0be35f0,7be0ed4c0418942f410676f64fb624dbfd313a5ca9b19dcc7240b853e5df589a,./results/models/ablation/state/no_query_topology/job/random_a/best.pt,"[{""action"":{""high_action"":""stop"",""order_decision"":""only_cost""},""phase"":""high""},{""action"":{""search_k"":1,""search_strategy"":""default""},""phase"":""search""},{""action"":{""execution_action"":""conservative"",""lip_action"":""selective""},""phase"":""low""}]"
JOB,a,./workloads/query_job/11d.sql,w/o Query Topology,230.543747544289,75.763000000000,ok,de7342ed1d49ddb4af769ed803430202f4e99db6d34267ee2b58c1cbcee1f279,1,True,5ac4cb4ae75270882624867ac1cf2695549de7e5303c0679198919ca3f7c04ec,d5a4653df31810ede5fe552e8e52da489eb78d0b5f1d94cbc80c4ba03a3e09cf,./results/models/ablation/state/no_query_topology/job/random_a/best.pt,"[{""action"":{""high_action"":""stop"",""order_decision"":""only_cost""},""phase"":""high""},{""action"":{""search_k"":1,""search_strategy"":""default""},""phase"":""search""},{""action"":{""execution_action"":""none"",""lip_action"":""none""},""phase"":""low""}]"
JOB,a,./workloads/query_job/13a.sql,w/o Query Topology,2518.219463527203,16.506000000000,ok,5ee98befd3d641c6753778abf08e4c9202a00380903807997963bc6fbf2344d1,1,True,41b19fc481696c7748cd5c7c2871b079064f5afe898caaefc11de0c05c1a1df6,9240fac0a0e0c8a9e03c9e9f8a1daa05d4dba5f8a4d3641f869ad5579ff529a5,./results/models/ablation/state/no_query_topology/job/random_a/best.pt,"[{""action"":{""high_action"":""stop"",""order_decision"":""only_cost""},""phase"":""high""},{""action"":{""search_k"":1,""search_strategy"":""default""},""phase"":""search""},{""action"":{""execution_action"":""conservative"",""lip_action"":""selective""},""phase"":""low""}]"
JOB,a,./workloads/query_job/13b.sql,w/o Query Topology,1214.693494141102,90.474000000000,ok,3d96d4044fccab21095254c6b5ee60e7d430f8e3a04d0eb12bc3df93c0a121c3,1,True,bd5575bc2586996551abcbbe6aa53f734f17dc24991a03f35dc44a5309955189,4554399e8ce618524f4fcff267e6e5b20ae1cfa35fb8f6f917ccbd30c3d5588a,./results/models/ablation/state/no_query_topology/job/random_a/best.pt,"[{""action"":{""high_action"":""stop"",""order_decision"":""only_cost""},""phase"":""high""},{""action"":{""search_k"":1,""search_strategy"":""default""},""phase"":""search""},{""action"":{""execution_action"":""none"",""lip_action"":""none""},""phase"":""low""}]"
JOB,a,./workloads/query_job/13d.sql,w/o Query Topology,4458.047494292259,53.782000000000,ok,23a870573284058686cb251c6ba164baa8ae4f5ef07cfb8c562be705ab7dee88,1,True,3a1396031b44384677afb9d25db64eeb442401fb0a52c11ac82d4fd155436e92,20f7e545ede9a395cb9c94d320bfc957b88cbc78a7a41816b93f9131bca95c1d,./results/models/ablation/state/no_query_topology/job/random_a/best.pt,"[{""action"":{""high_action"":""stop"",""order_decision"":""only_cost""},""phase"":""high""},{""action"":{""search_k"":1,""search_strategy"":""default""},""phase"":""search""},{""action"":{""execution_action"":""conservative"",""lip_action"":""selective""},""phase"":""low""}]"
JOB,a,./workloads/query_job/15c.sql,w/o Query Topology,805.917486548424,50.117000000000,ok,089e136e8a705182e20d1d2d2df976cada5b59fa92a88f7c18af99db6fa72368,1,True,3be4f117bda98b327ee4d4720805a86e39cfa26f80606dec7def0ffda8f2f868,72bc73ee3ffb0a2ac6d5baa6ff213d298aadda04c22b359c5e7ca53b44aeadb9,./results/models/ablation/state/no_query_topology/job/random_a/best.pt,"[{""action"":{""high_action"":""stop"",""order_decision"":""only_cost""},""phase"":""high""},{""action"":{""search_k"":1,""search_strategy"":""default""},""phase"":""search""},{""action"":{""execution_action"":""none"",""lip_action"":""selective""},""phase"":""low""}]"
JOB,a,./workloads/query_job/17d.sql,w/o Query Topology,1422.983378171921,78.878000000000,ok,9a519542553c082aa22cad711ded801827b50f2fc8a7b5078563cb2b04a7428e,1,True,f07023fe1f4b051c0561479fae1a5935caf5472328254d62b8b5b60d66d4b710,632281a5b0c90690a8045bbd61bc80c3b4e8b3d351c40ef95987b43ddb508582,./results/models/ablation/state/no_query_topology/job/random_a/best.pt,"[{""action"":{""high_action"":""split"",""order_decision"":""only_cost""},""phase"":""high""},{""action"":{""candidate_id"":2,""schedule_alpha"":0.5},""phase"":""select""},{""action"":{""search_k"":1,""search_strategy"":""default""},""phase"":""search""},{""action"":{""execution_action"":""none"",""lip_action"":""none""},""phase"":""low""},{""action"":{""high_action"":""split"",""order_decision"":""only_cost""},""phase"":""high""},{""action"":{""candidate_id"":0,""schedule_alpha"":0.5},""phase"":""select""},{""action"":{""search_k"":1,""search_strategy"":""default""},""phase"":""search""},{""action"":{""execution_action"":""conservative"",""lip_action"":""selective""},""phase"":""low""},{""action"":{""high_action"":""stop"",""order_decision"":""only_cost""},""phase"":""high""},{""action"":{""search_k"":1,""search_strategy"":""default""},""phase"":""search""},{""action"":{""execution_action"":""none"",""lip_action"":""none""},""phase"":""low""}]"
JOB,a,./workloads/query_job/18b.sql,w/o Query Topology,691.724099218845,45.058000000000,ok,6635682ea66176cb4b122c8c01b41b06001993191e9889f440da443126fcee38,1,True,29a16e7a183a145bbaba867063c29a0ad56ef03915361d4339a540f70e4d70db,9732c7b7665b4655c6a1344e19e450ebbb2ed9ab12308dd9fa79907fcd6a6968,./results/models/ablation/state/no_query_topology/job/random_a/best.pt,"[{""action"":{""high_action"":""split"",""order_decision"":""only_cost""},""phase"":""high""},{""action"":{""candidate_id"":2,""schedule_alpha"":0.5},""phase"":""select""},{""action"":{""search_k"":1,""search_strategy"":""default""},""phase"":""search""},{""action"":{""execution_action"":""none"",""lip_action"":""none""},""phase"":""low""},{""action"":{""high_action"":""split"",""order_decision"":""only_cost""},""phase"":""high""},{""action"":{""candidate_id"":1,""schedule_alpha"":0.5},""phase"":""select""},{""action"":{""search_k"":1,""search_strategy"":""default""},""phase"":""search""},{""action"":{""execution_action"":""conservative"",""lip_action"":""selective""},""phase"":""low""},{""action"":{""high_action"":""stop"",""order_decision"":""only_cost""},""phase"":""high""},{""action"":{""search_k"":1,""search_strategy"":""default""},""phase"":""search""},{""action"":{""execution_action"":""none"",""lip_action"":""none""},""phase"":""low""}]"
JOB,a,./workloads/query_job/18c.sql,w/o Query Topology,6894.888520240784,43.024000000000,ok,542307488c7a1ab1b7cc860d07b9bcba2943079fcc1b17924c4d69c8285fa274,1,True,c3b965077b7361a455c162c98ed8095f09ab958fe44e2aa88b3931d5160e0019,5e9762a432bf2184a6e6880aeba51f8d629ba73b9993bb036f431e7324723350,./results/models/ablation/state/no_query_topology/job/random_a/best.pt,"[{""action"":{""high_action"":""split"",""order_decision"":""only_cost""},""phase"":""high""},{""action"":{""candidate_id"":1,""schedule_alpha"":0.5},""phase"":""select""},{""action"":{""search_k"":1,""search_strategy"":""default""},""phase"":""search""},{""action"":{""execution_action"":""none"",""lip_action"":""none""},""phase"":""low""},{""action"":{""high_action"":""split"",""order_decision"":""only_cost""},""phase"":""high""},{""action"":{""candidate_id"":1,""schedule_alpha"":0.5},""phase"":""select""},{""action"":{""search_k"":1,""search_strategy"":""default""},""phase"":""search""},{""action"":{""execution_action"":""conservative"",""lip_action"":""none""},""phase"":""low""},{""action"":{""high_action"":""stop"",""order_decision"":""only_cost""},""phase"":""high""},{""action"":{""search_k"":1,""search_strategy"":""default""},""phase"":""search""},{""action"":{""execution_action"":""conservative"",""lip_action"":""none""},""phase"":""low""}]"
JOB,a,./workloads/query_job/19b.sql,w/o Query Topology,751.467823982239,198.622000000000,ok,91275ea0a7bef7c58863c590bb17df5976280a00d3553ff0ccfd2fc85a34dfb6,1,True,64c17522b2d15703dc49092dc409d5721bdcf288de0dff5d42aee7517fd54a63,21f3066e2bde34336187e56d574eeccaf5b8c862681ad43724e8aeb9290e4c57,./results/models/ablation/state/no_query_topology/job/random_a/best.pt,"[{""action"":{""high_action"":""split"",""order_decision"":""only_cost""},""phase"":""high""},{""action"":{""candidate_id"":2,""schedule_alpha"":0.5},""phase"":""select""},{""action"":{""search_k"":1,""search_strategy"":""default""},""phase"":""search""},{""action"":{""execution_action"":""none"",""lip_action"":""none""},""phase"":""low""},{""action"":{""high_action"":""split"",""order_decision"":""only_cost""},""phase"":""high""},{""action"":{""candidate_id"":1,""schedule_alpha"":0.5},""phase"":""select""},{""action"":{""search_k"":1,""search_strategy"":""default""},""phase"":""search""},{""action"":{""execution_action"":""none"",""lip_action"":""none""},""phase"":""low""},{""action"":{""high_action"":""split"",""order_decision"":""only_cost""},""phase"":""high""},{""action"":{""candidate_id"":0,""schedule_alpha"":0.5},""phase"":""select""},{""action"":{""search_k"":1,""search_strategy"":""default""},""phase"":""search""},{""action"":{""execution_action"":""none"",""lip_action"":""none""},""phase"":""low""},{""action"":{""high_action"":""stop"",""order_decision"":""only_cost""},""phase"":""high""},{""action"":{""search_k"":1,""search_strategy"":""default""},""phase"":""search""},{""action"":{""execution_action"":""none"",""lip_action"":""none""},""phase"":""low""}]"
JOB,a,./workloads/query_job/19c.sql,w/o Query Topology,3047.520875930786,62.607000000000,ok,5bb686926c7ac803228b08a35834a98c97bfac4d34377d9f0e0143ed1c846478,1,True,7561ac8f7f22d1fc472f0fe8f8fe02813bcbc72c58152548249fc0eb24dcd509,0e005e61fbe67a18c88b27f8c2119c335fbd5e7b7d7c5f6a489f68b9bdef1572,./results/models/ablation/state/no_query_topology/job/random_a/best.pt,"[{""action"":{""high_action"":""split"",""order_decision"":""only_cost""},""phase"":""high""},{""action"":{""candidate_id"":1,""schedule_alpha"":0.5},""phase"":""select""},{""action"":{""search_k"":1,""search_strategy"":""default""},""phase"":""search""},{""action"":{""execution_action"":""none"",""lip_action"":""selective""},""phase"":""low""},{""action"":{""high_action"":""split"",""order_decision"":""only_cost""},""phase"":""high""},{""action"":{""candidate_id"":2,""schedule_alpha"":0.5},""phase"":""select""},{""action"":{""search_k"":1,""search_strategy"":""default""},""phase"":""search""},{""action"":{""execution_action"":""conservative"",""lip_action"":""selective""},""phase"":""low""},{""action"":{""high_action"":""split"",""order_decision"":""only_cost""},""phase"":""high""},{""action"":{""candidate_id"":0,""schedule_alpha"":0.5},""phase"":""select""},{""action"":{""search_k"":1,""search_strategy"":""default""},""phase"":""search""},{""action"":{""execution_action"":""none"",""lip_action"":""none""},""phase"":""low""},{""action"":{""high_action"":""stop"",""order_decision"":""only_cost""},""phase"":""high""},{""action"":{""search_k"":1,""search_strategy"":""default""},""phase"":""search""},{""action"":{""execution_action"":""conservative"",""lip_action"":""none""},""phase"":""low""}]"
JOB,a,./workloads/query_job/1a.sql,w/o Query Topology,94.836473464966,40.285000000000,ok,4509535bf8626cc136208e1b88afc7aa478160ccf6b340e66765b9bcf2288a38,1,True,1c839f0a1247f8e470bd458c0dd324f6595b8129d2e73f9a3beb0fbad274ffdc,deddc01784861663d77d45eedc92ed8d235d1bb7504213c41bb9977194fe66c2,./results/models/ablation/state/no_query_topology/job/random_a/best.pt,"[{""action"":{""high_action"":""stop"",""order_decision"":""only_cost""},""phase"":""high""},{""action"":{""search_k"":1,""search_strategy"":""default""},""phase"":""search""},{""action"":{""execution_action"":""conservative"",""lip_action"":""selective""},""phase"":""low""}]"
JOB,a,./workloads/query_job/20a.sql,w/o Query Topology,2336.044758558273,52.043000000000,ok,b9480e419c0d039ed6aaa9978ef27229df665cc5a98eb6295b1a8948ca1efa8c,1,True,ddf4599c955b926884a0317e8fbf34ef0dc4ee04d767ebe75c5ba3e1d5b18d27,cc51832351fac1ede1b7e442460bb5a1e33a2a1722a4ba250a2f9fdd00c695a2,./results/models/ablation/state/no_query_topology/job/random_a/best.pt,"[{""action"":{""high_action"":""split"",""order_decision"":""only_cost""},""phase"":""high""},{""action"":{""candidate_id"":2,""schedule_alpha"":0.5},""phase"":""select""},{""action"":{""search_k"":1,""search_strategy"":""default""},""phase"":""search""},{""action"":{""execution_action"":""none"",""lip_action"":""none""},""phase"":""low""},{""action"":{""high_action"":""split"",""order_decision"":""only_cost""},""phase"":""high""},{""action"":{""candidate_id"":2,""schedule_alpha"":0.5},""phase"":""select""},{""action"":{""search_k"":1,""search_strategy"":""default""},""phase"":""search""},{""action"":{""execution_action"":""conservative"",""lip_action"":""selective""},""phase"":""low""},{""action"":{""high_action"":""split"",""order_decision"":""only_cost""},""phase"":""high""},{""action"":{""candidate_id"":0,""schedule_alpha"":0.5},""phase"":""select""},{""action"":{""search_k"":1,""search_strategy"":""default""},""phase"":""search""},{""action"":{""execution_action"":""conservative"",""lip_action"":""none""},""phase"":""low""},{""action"":{""high_action"":""stop"",""order_decision"":""only_cost""},""phase"":""high""},{""action"":{""search_k"":1,""search_strategy"":""default""},""phase"":""search""},{""action"":{""execution_action"":""none"",""lip_action"":""none""},""phase"":""low""}]"
JOB,a,./workloads/query_job/22a.sql,w/o Query Topology,629.684254527092,73.611000000000,ok,6bee5e8659b220bbe1e6582e8e5bea8f9a97ac298b4a7f5246846c1413c5c2c3,1,True,fbb968bba775747b3e0b54643e893649e8f41c9257a3cb564710493d403099a8,e07ec0fe5b9bba5e9c63036cf67af2e60c8b26c77279db2bc573dd018d6f84e1,./results/models/ablation/state/no_query_topology/job/random_a/best.pt,"[{""action"":{""high_action"":""stop"",""order_decision"":""only_cost""},""phase"":""high""},{""action"":{""search_k"":1,""search_strategy"":""default""},""phase"":""search""},{""action"":{""execution_action"":""none"",""lip_action"":""none""},""phase"":""low""}]"
JOB,a,./workloads/query_job/22c.sql,w/o Query Topology,2035.862550139427,89.258000000000,ok,18e529eeadd28daacd2cb90fcff55d8be4573ecfaaf76cd6e1ddb1dd25ff265c,1,True,67c91aa92958941bff045a8d2c4da0c344edb17394eb3af91b4b543afeea2e0f,81bf82442f10392e66644157f98c9c5e731eac0bb552484e907c5840d0eacc99,./results/models/ablation/state/no_query_topology/job/random_a/best.pt,"[{""action"":{""high_action"":""stop"",""order_decision"":""only_cost""},""phase"":""high""},{""action"":{""search_k"":1,""search_strategy"":""default""},""phase"":""search""},{""action"":{""execution_action"":""none"",""lip_action"":""none""},""phase"":""low""}]"
JOB,a,./workloads/query_job/22d.sql,w/o Query Topology,1059.323564171791,79.043000000000,ok,5469e96c680a925a1c749d9befcbc02caea70a0c986dfa8291bc858fe10392ac,1,True,e156dcd682c97edba243de758b0670fda555e09f3010da23cbe6a13911f7a843,034f5b395596a60dfa13fe2c3d7de2099201f7f3ccf6407b00c479fa29dd1221,./results/models/ablation/state/no_query_topology/job/random_a/best.pt,"[{""action"":{""high_action"":""stop"",""order_decision"":""only_cost""},""phase"":""high""},{""action"":{""search_k"":1,""search_strategy"":""default""},""phase"":""search""},{""action"":{""execution_action"":""none"",""lip_action"":""none""},""phase"":""low""}]"
JOB,a,./workloads/query_job/23b.sql,w/o Query Topology,209.684148430824,80.585000000000,ok,f3a7f99f72b0caf860606e57aed9dc89d96aec3d96e1b92fd2104119ba77b59b,1,True,7d91588d90cf3f62d17ad7f50a9c93ff5a3e6af79c5483981cf7f8e143d2cf49,2e3ac61a4c3492025e775a219d2615ea5260a4d71f54601c108f1bfc62e3175c,./results/models/ablation/state/no_query_topology/job/random_a/best.pt,"[{""action"":{""high_action"":""stop"",""order_decision"":""only_cost""},""phase"":""high""},{""action"":{""search_k"":1,""search_strategy"":""default""},""phase"":""search""},{""action"":{""execution_action"":""none"",""lip_action"":""none""},""phase"":""low""}]"
JOB,a,./workloads/query_job/26b.sql,w/o Query Topology,729.634985327721,73.972000000000,ok,52c5df37c8602881f0acfe405e5a4f38ddcec08893afde614bdc4c3ed35bf58f,1,True,269b00a88371f1ce4be90647caf2daaa43587ff2ab478663cc77b83e0e264cbd,0834e1a5eeca1dfa7a90c0e245455dda1c906e2c3449eaa1749e390ebd088787,./results/models/ablation/state/no_query_topology/job/random_a/best.pt,"[{""action"":{""high_action"":""split"",""order_decision"":""only_cost""},""phase"":""high""},{""action"":{""candidate_id"":3,""schedule_alpha"":0.5},""phase"":""select""},{""action"":{""search_k"":1,""search_strategy"":""default""},""phase"":""search""},{""action"":{""execution_action"":""none"",""lip_action"":""none""},""phase"":""low""},{""action"":{""high_action"":""split"",""order_decision"":""only_cost""},""phase"":""high""},{""action"":{""candidate_id"":2,""schedule_alpha"":0.5},""phase"":""select""},{""action"":{""search_k"":1,""search_strategy"":""default""},""phase"":""search""},{""action"":{""execution_action"":""conservative"",""lip_action"":""selective""},""phase"":""low""},{""action"":{""high_action"":""split"",""order_decision"":""only_cost""},""phase"":""high""},{""action"":{""candidate_id"":2,""schedule_alpha"":0.5},""phase"":""select""},{""action"":{""search_k"":1,""search_strategy"":""default""},""phase"":""search""},{""action"":{""execution_action"":""none"",""lip_action"":""none""},""phase"":""low""},{""action"":{""high_action"":""split"",""order_decision"":""only_cost""},""phase"":""high""},{""action"":{""candidate_id"":0,""schedule_alpha"":0.5},""phase"":""select""},{""action"":{""search_k"":1,""search_strategy"":""default""},""phase"":""search""},{""action"":{""execution_action"":""none"",""lip_action"":""none""},""phase"":""low""},{""action"":{""high_action"":""stop"",""order_decision"":""only_cost""},""phase"":""high""},{""action"":{""search_k"":1,""search_strategy"":""default""},""phase"":""search""},{""action"":{""execution_action"":""none"",""lip_action"":""none""},""phase"":""low""}]"
JOB,a,./workloads/query_job/28c.sql,w/o Query Topology,1462.902680039406,93.876000000000,ok,991e8b67081098ca2488bedc79afe1881f2df52affbd0cf95312f4fb04855bd7,1,True,44786839196803076f694a42ea77fe7dbf087e6d129705b727260222ad0640b9,6e0e9e34366290554801d0f64aed71fbaf36f532c2078ebf64704f208727138d,./results/models/ablation/state/no_query_topology/job/random_a/best.pt,"[{""action"":{""high_action"":""stop"",""order_decision"":""only_cost""},""phase"":""high""},{""action"":{""search_k"":1,""search_strategy"":""default""},""phase"":""search""},{""action"":{""execution_action"":""none"",""lip_action"":""none""},""phase"":""low""}]"
JOB,a,./workloads/query_job/2a.sql,w/o Query Topology,721.579730510712,60.570000000000,ok,fc90f3c2c15c5abce95811297c6b9a8ee98e4e03347ce9e79c8ce8e6b57b03a0,1,True,0995feb2bcd3f7f0309e5327fcc700850effde3e159b0c7405c2a29e9f46ba89,398c0ef785bfd21c05bc6e7a8542f94d8a4d991a6823510e5d9a1f92176a4728,./results/models/ablation/state/no_query_topology/job/random_a/best.pt,"[{""action"":{""high_action"":""stop"",""order_decision"":""only_cost""},""phase"":""high""},{""action"":{""search_k"":1,""search_strategy"":""default""},""phase"":""search""},{""action"":{""execution_action"":""none"",""lip_action"":""none""},""phase"":""low""}]"
JOB,a,./workloads/query_job/30b.sql,w/o Query Topology,812.626153230667,243.832000000000,ok,9debd188f6a0b8138ba60e6d549daaba2133a2011cbd29d42025eebe31205230,1,True,cfa7d8ca041e428e1d5309dc75c76077ebac66ad9a35c608cdc98780d442e64d,aba066d4720e0dcee7b053ca0b386f387fa57cf0ab4ee41300dc406ea068ca4a,./results/models/ablation/state/no_query_topology/job/random_a/best.pt,"[{""action"":{""high_action"":""split"",""order_decision"":""only_cost""},""phase"":""high""},{""action"":{""candidate_id"":4,""schedule_alpha"":0.5},""phase"":""select""},{""action"":{""search_k"":1,""search_strategy"":""default""},""phase"":""search""},{""action"":{""execution_action"":""none"",""lip_action"":""none""},""phase"":""low""},{""action"":{""high_action"":""split"",""order_decision"":""only_cost""},""phase"":""high""},{""action"":{""candidate_id"":3,""schedule_alpha"":0.5},""phase"":""select""},{""action"":{""search_k"":1,""search_strategy"":""default""},""phase"":""search""},{""action"":{""execution_action"":""none"",""lip_action"":""none""},""phase"":""low""},{""action"":{""high_action"":""split"",""order_decision"":""only_cost""},""phase"":""high""},{""action"":{""candidate_id"":0,""schedule_alpha"":0.5},""phase"":""select""},{""action"":{""search_k"":1,""search_strategy"":""default""},""phase"":""search""},{""action"":{""execution_action"":""none"",""lip_action"":""none""},""phase"":""low""},{""action"":{""high_action"":""split"",""order_decision"":""only_cost""},""phase"":""high""},{""action"":{""candidate_id"":1,""schedule_alpha"":0.5},""phase"":""select""},{""action"":{""search_k"":1,""search_strategy"":""default""},""phase"":""search""},{""action"":{""execution_action"":""none"",""lip_action"":""none""},""phase"":""low""},{""action"":{""high_action"":""stop"",""order_decision"":""only_cost""},""phase"":""high""},{""action"":{""search_k"":1,""search_strategy"":""default""},""phase"":""search""},{""action"":{""execution_action"":""none"",""lip_action"":""none""},""phase"":""low""}]"
JOB,a,./workloads/query_job/30c.sql,w/o Query Topology,2145.872041583061,77.344000000000,ok,9def3478d3162492b92bb76237115759aec29176d767191b8cd5def2da2391c9,1,True,e800b06c4e6bdfbf28efc10edd3decdb83076b64c8d69eabff56cc99190f3c59,faf215e0592cd96e71cd6da87d6fe4f263762df6bcc1b48a28a7a899f51ea166,./results/models/ablation/state/no_query_topology/job/random_a/best.pt,"[{""action"":{""high_action"":""split"",""order_decision"":""only_cost""},""phase"":""high""},{""action"":{""candidate_id"":4,""schedule_alpha"":0.5},""phase"":""select""},{""action"":{""search_k"":1,""search_strategy"":""default""},""phase"":""search""},{""action"":{""execution_action"":""none"",""lip_action"":""none""},""phase"":""low""},{""action"":{""high_action"":""split"",""order_decision"":""only_cost""},""phase"":""high""},{""action"":{""candidate_id"":0,""schedule_alpha"":0.5},""phase"":""select""},{""action"":{""search_k"":1,""search_strategy"":""default""},""phase"":""search""},{""action"":{""execution_action"":""conservative"",""lip_action"":""none""},""phase"":""low""},{""action"":{""high_action"":""split"",""order_decision"":""only_cost""},""phase"":""high""},{""action"":{""candidate_id"":2,""schedule_alpha"":0.5},""phase"":""select""},{""action"":{""search_k"":1,""search_strategy"":""default""},""phase"":""search""},{""action"":{""execution_action"":""conservative"",""lip_action"":""selective""},""phase"":""low""},{""action"":{""high_action"":""split"",""order_decision"":""only_cost""},""phase"":""high""},{""action"":{""candidate_id"":1,""schedule_alpha"":0.5},""phase"":""select""},{""action"":{""search_k"":1,""search_strategy"":""default""},""phase"":""search""},{""action"":{""execution_action"":""conservative"",""lip_action"":""selective""},""phase"":""low""},{""action"":{""high_action"":""stop"",""order_decision"":""only_cost""},""phase"":""high""},{""action"":{""search_k"":1,""search_strategy"":""default""},""phase"":""search""},{""action"":{""execution_action"":""none"",""lip_action"":""none""},""phase"":""low""}]"
JOB,a,./workloads/query_job/31c.sql,w/o Query Topology,1253.246098756790,112.687000000000,ok,09c5cf7e96fa8a299de4f7088731cf8e370fa7af16a3438017bcf08c6d8905ae,1,True,ac8fa5e7426016d4f9ef8358c4edecb03693a9f73e638ce0e44b32e5f1a14ccc,fa37c50fe7a722acecccffee76e47266d448236df298f2de4d609078b59fdd9f,./results/models/ablation/state/no_query_topology/job/random_a/best.pt,"[{""action"":{""high_action"":""split"",""order_decision"":""only_cost""},""phase"":""high""},{""action"":{""candidate_id"":4,""schedule_alpha"":0.5},""phase"":""select""},{""action"":{""search_k"":1,""search_strategy"":""default""},""phase"":""search""},{""action"":{""execution_action"":""none"",""lip_action"":""none""},""phase"":""low""},{""action"":{""high_action"":""split"",""order_decision"":""only_cost""},""phase"":""high""},{""action"":{""candidate_id"":1,""schedule_alpha"":0.5},""phase"":""select""},{""action"":{""search_k"":1,""search_strategy"":""default""},""phase"":""search""},{""action"":{""execution_action"":""conservative"",""lip_action"":""selective""},""phase"":""low""},{""action"":{""high_action"":""split"",""order_decision"":""only_cost""},""phase"":""high""},{""action"":{""candidate_id"":2,""schedule_alpha"":0.5},""phase"":""select""},{""action"":{""search_k"":1,""search_strategy"":""default""},""phase"":""search""},{""action"":{""execution_action"":""conservative"",""lip_action"":""selective""},""phase"":""low""},{""action"":{""high_action"":""split"",""order_decision"":""only_cost""},""phase"":""high""},{""action"":{""candidate_id"":1,""schedule_alpha"":0.5},""phase"":""select""},{""action"":{""search_k"":1,""search_strategy"":""default""},""phase"":""search""},{""action"":{""execution_action"":""none"",""lip_action"":""none""},""phase"":""low""},{""action"":{""high_action"":""stop"",""order_decision"":""only_cost""},""phase"":""high""},{""action"":{""search_k"":1,""search_strategy"":""default""},""phase"":""search""},{""action"":{""execution_action"":""none"",""lip_action"":""none""},""phase"":""low""}]"
JOB,a,./workloads/query_job/32a.sql,w/o Query Topology,106.169357895851,61.572000000000,ok,38cf683886cf6fdc55596ffbf14756cbedd54a4091ef744fb773fc7f37ce3139,1,True,8ad21930b0a8a23f5e33825167d833a61153d8cb7d5be09d4b81d3cd0617fb08,6521cf5a0b6f3b22a0ad0976142ceeb4f99e5a166efc1656f2af4246846945f6,./results/models/ablation/state/no_query_topology/job/random_a/best.pt,"[{""action"":{""high_action"":""stop"",""order_decision"":""only_cost""},""phase"":""high""},{""action"":{""search_k"":1,""search_strategy"":""default""},""phase"":""search""},{""action"":{""execution_action"":""none"",""lip_action"":""none""},""phase"":""low""}]"
JOB,a,./workloads/query_job/33a.sql,w/o Query Topology,399.193234741688,84.376000000000,ok,0be421d7b97248226c3a33bad501b9e85187231d54df0c0f0c9791d8b2286ad9,1,True,e1e2fb7d864aafac0a2610c0d0fe5ffa0f1f3c9d3e5c046fcc39e91fb5962139,67776aaef17fe64425e545a268026d938f35187e5a5104ce43f45988b22d807f,./results/models/ablation/state/no_query_topology/job/random_a/best.pt,"[{""action"":{""high_action"":""stop"",""order_decision"":""only_cost""},""phase"":""high""},{""action"":{""search_k"":1,""search_strategy"":""default""},""phase"":""search""},{""action"":{""execution_action"":""none"",""lip_action"":""none""},""phase"":""low""}]"
JOB,a,./workloads/query_job/33b.sql,w/o Query Topology,393.882185220718,85.261000000000,ok,735a1be7f41a7bbb115cbeefc5bfe74994300c66a9ed18e92575e0a5028550ab,1,True,6aff3e83ea518bbb720b504f25b2a0914a67ed815fd7345db3498af16fb35585,e4b004783baa25e3ef369d6316d5da59e37f6454438e61fedde78c38d60698cd,./results/models/ablation/state/no_query_topology/job/random_a/best.pt,"[{""action"":{""high_action"":""stop"",""order_decision"":""only_cost""},""phase"":""high""},{""action"":{""search_k"":1,""search_strategy"":""default""},""phase"":""search""},{""action"":{""execution_action"":""none"",""lip_action"":""none""},""phase"":""low""}]"
JOB,a,./workloads/query_job/3b.sql,w/o Query Topology,209.415115416050,52.491000000000,ok,f09c4919f4c92a95515be773a486d51c5e5ccd19e0f5087b7c0f0ab64cd137cf,1,True,ae4004cc7b799ac793b059f8e836f1f30e1c7aa97f606ea09a38a5bf3249c9b0,84d29a7505c100bf2b8246c9be5df5e592cf34845dd9f212ac76a18b80591379,./results/models/ablation/state/no_query_topology/job/random_a/best.pt,"[{""action"":{""high_action"":""stop"",""order_decision"":""only_cost""},""phase"":""high""},{""action"":{""search_k"":1,""search_strategy"":""default""},""phase"":""search""},{""action"":{""execution_action"":""none"",""lip_action"":""none""},""phase"":""low""}]"
JOB,a,./workloads/query_job/3c.sql,w/o Query Topology,434.940822422504,46.477000000000,ok,78dc828b7194ccb46ee35f89eb2f2152e11378ef17a14837d364bb6f73cc0769,1,True,53f67ff744c691ea1d11ad08bd66770e31b5d5aa38acafd34f0975631c915b0a,96e9d72d112021ea7a50ee4fa22fcb86c62c2674cad615984e03bcc5b27fb2a5,./results/models/ablation/state/no_query_topology/job/random_a/best.pt,"[{""action"":{""high_action"":""stop"",""order_decision"":""only_cost""},""phase"":""high""},{""action"":{""search_k"":1,""search_strategy"":""default""},""phase"":""search""},{""action"":{""execution_action"":""none"",""lip_action"":""none""},""phase"":""low""}]"
JOB,a,./workloads/query_job/4a.sql,w/o Query Topology,227.734640240669,61.976000000000,ok,748155aaa114d016eb288dab57d2b91f8907ee5678c3789b9df355aec3a5f474,1,True,06bfce65a48f6ab1199c4a9bba913510f7b8a82566d50963a11f84c92b9f7a89,2f9a3e127c3ab3e6665cac74c39561a0b74685029816cdd480e956e204ddd92e,./results/models/ablation/state/no_query_topology/job/random_a/best.pt,"[{""action"":{""high_action"":""stop"",""order_decision"":""only_cost""},""phase"":""high""},{""action"":{""search_k"":1,""search_strategy"":""default""},""phase"":""search""},{""action"":{""execution_action"":""none"",""lip_action"":""none""},""phase"":""low""}]"
JOB,a,./workloads/query_job/4b.sql,w/o Query Topology,203.850194811821,54.375000000000,ok,c2e5045abfc8ecfbd0b40e2ecf04f734592cd5b76e223f977e6c366b9f571679,1,True,dace7f2a6b2b3cb8f35621d48df5ec2f440e2897681e0d2e3c4876fb41206ea6,c21d9dceadadd56d12c23a7bf4d2f8851ef8d99b4b124434b2d5518b3a1905d4,./results/models/ablation/state/no_query_topology/job/random_a/best.pt,"[{""action"":{""high_action"":""stop"",""order_decision"":""only_cost""},""phase"":""high""},{""action"":{""search_k"":1,""search_strategy"":""default""},""phase"":""search""},{""action"":{""execution_action"":""none"",""lip_action"":""none""},""phase"":""low""}]"
JOB,a,./workloads/query_job/5b.sql,w/o Query Topology,319.519981741905,60.291000000000,ok,4f78f1a55542d807d5eaabd4ee2244ee9ba0258958f7de1c1ef4598cd5b46ab1,1,True,f78fd9dcfdefdabe6ccf1417c71f47a3f55d557440d5af502154d3407164641c,1fd4a63b9958e07a71cbd3739d6400aa3d0fe2f076e8994ee47643feaec1c52d,./results/models/ablation/state/no_query_topology/job/random_a/best.pt,"[{""action"":{""high_action"":""stop"",""order_decision"":""only_cost""},""phase"":""high""},{""action"":{""search_k"":1,""search_strategy"":""default""},""phase"":""search""},{""action"":{""execution_action"":""none"",""lip_action"":""none""},""phase"":""low""}]"
JOB,a,./workloads/query_job/6b.sql,w/o Query Topology,376.647420227528,78.544000000000,ok,2b959ee9a358222cd3f680b4de1a9c2be8556432140123daad1b20aa89815ab9,1,True,419e551750c0131f0e1003b4d6108970d8e55450d8864511a38ea622f1ec5b46,4b4fbdccb49613c8ac20ef24e9a4c20781da87750327cd66fca9ffb9e6be5425,./results/models/ablation/state/no_query_topology/job/random_a/best.pt,"[{""action"":{""high_action"":""split"",""order_decision"":""only_cost""},""phase"":""high""},{""action"":{""candidate_id"":1,""schedule_alpha"":0.5},""phase"":""select""},{""action"":{""search_k"":1,""search_strategy"":""default""},""phase"":""search""},{""action"":{""execution_action"":""none"",""lip_action"":""none""},""phase"":""low""},{""action"":{""high_action"":""stop"",""order_decision"":""only_cost""},""phase"":""high""},{""action"":{""search_k"":1,""search_strategy"":""default""},""phase"":""search""},{""action"":{""execution_action"":""none"",""lip_action"":""none""},""phase"":""low""}]"
JOB,a,./workloads/query_job/6f.sql,w/o Query Topology,3600.704103708267,77.684000000000,ok,ce75c2032883b5ebfbc1826c33aee0cbee3a05005e8a664ad50142f57e258055,1,True,ca81b44f1bb28270af16fc3d7fc9557d25b0370bbbf93af18424495d9360b0cf,66f345526e2d80dee471ab0a61feffc1caeec5e94355c5f2c1ebaa9e079eb2a7,./results/models/ablation/state/no_query_topology/job/random_a/best.pt,"[{""action"":{""high_action"":""split"",""order_decision"":""only_cost""},""phase"":""high""},{""action"":{""candidate_id"":1,""schedule_alpha"":0.5},""phase"":""select""},{""action"":{""search_k"":1,""search_strategy"":""default""},""phase"":""search""},{""action"":{""execution_action"":""none"",""lip_action"":""none""},""phase"":""low""},{""action"":{""high_action"":""stop"",""order_decision"":""only_cost""},""phase"":""high""},{""action"":{""search_k"":1,""search_strategy"":""default""},""phase"":""search""},{""action"":{""execution_action"":""none"",""lip_action"":""none""},""phase"":""low""}]"
JOB,a,./workloads/query_job/8a.sql,w/o Query Topology,1677.924044430256,66.541000000000,ok,83ca1ebec91355240bb85797c81f9f6b8a96392c57707c100978708f49ae71e9,1,True,ae957fddc923bdb96ca647b092e61974f5ec1d222277dc9ccb9482725f7380c6,8f20f3db1b4c412f8af37972ec5fbe8a25a31c56f753744a957fefd200ff497b,./results/models/ablation/state/no_query_topology/job/random_a/best.pt,"[{""action"":{""high_action"":""split"",""order_decision"":""only_cost""},""phase"":""high""},{""action"":{""candidate_id"":1,""schedule_alpha"":0.5},""phase"":""select""},{""action"":{""search_k"":1,""search_strategy"":""default""},""phase"":""search""},{""action"":{""execution_action"":""none"",""lip_action"":""selective""},""phase"":""low""},{""action"":{""high_action"":""split"",""order_decision"":""only_cost""},""phase"":""high""},{""action"":{""candidate_id"":1,""schedule_alpha"":0.5},""phase"":""select""},{""action"":{""search_k"":1,""search_strategy"":""default""},""phase"":""search""},{""action"":{""execution_action"":""none"",""lip_action"":""none""},""phase"":""low""},{""action"":{""high_action"":""stop"",""order_decision"":""only_cost""},""phase"":""high""},{""action"":{""search_k"":1,""search_strategy"":""default""},""phase"":""search""},{""action"":{""execution_action"":""none"",""lip_action"":""none""},""phase"":""low""}]"
JOB,a,./workloads/query_job/9a.sql,w/o Query Topology,852.978803217411,48.644000000000,ok,886c7581cf3aa969ef759925c2f5ff04f028206a5c5d8bf1705580bbaac34c47,1,True,b59cee0756ad5ccd2f011923fb5692a48405eb575fc07804fd525f5d5043af81,e3789f1ae9be719ccdbed9a81891e30be1a731a772aed57fa9fe2d2e93c94563,./results/models/ablation/state/no_query_topology/job/random_a/best.pt,"[{""action"":{""high_action"":""stop"",""order_decision"":""only_cost""},""phase"":""high""},{""action"":{""search_k"":1,""search_strategy"":""default""},""phase"":""search""},{""action"":{""execution_action"":""none"",""lip_action"":""selective""},""phase"":""low""}]"
JOB,a,./workloads/query_job/9b.sql,w/o Query Topology,887.498892843723,53.060000000000,ok,8078dd223231eda190e9f3cf026f80ab7e46a368b87b14254a00ad3dcf6f4f90,1,True,d3e4c7e2475a417f999044b9390603c3a0ba86a1ff7b673397f708f7ab4e0601,46ec6dde7aee19295b6257841d059d4194f4abe09790af786867e468f86802e0,./results/models/ablation/state/no_query_topology/job/random_a/best.pt,"[{""action"":{""high_action"":""stop"",""order_decision"":""only_cost""},""phase"":""high""},{""action"":{""search_k"":1,""search_strategy"":""default""},""phase"":""search""},{""action"":{""execution_action"":""none"",""lip_action"":""selective""},""phase"":""low""}]"
JOB,a,./workloads/query_job/9d.sql,w/o Query Topology,5403.455324470997,51.885000000000,ok,0e289ef9aab62d7cdc6d31fb6a14d705898bc5aae64eda813c4c66eea1574c1a,1,True,dd1e9e19f8bd7d75176388760459061ef2889f59c6ce78f563b03aa58c6c7da6,01bca3df520c83e976b08b6a2725d6d91b9a4e931b63ceea111c54269db17860,./results/models/ablation/state/no_query_topology/job/random_a/best.pt,"[{""action"":{""high_action"":""split"",""order_decision"":""only_cost""},""phase"":""high""},{""action"":{""candidate_id"":1,""schedule_alpha"":0.5},""phase"":""select""},{""action"":{""search_k"":1,""search_strategy"":""default""},""phase"":""search""},{""action"":{""execution_action"":""none"",""lip_action"":""selective""},""phase"":""low""},{""action"":{""high_action"":""split"",""order_decision"":""only_cost""},""phase"":""high""},{""action"":{""candidate_id"":0,""schedule_alpha"":0.5},""phase"":""select""},{""action"":{""search_k"":1,""search_strategy"":""default""},""phase"":""search""},{""action"":{""execution_action"":""none"",""lip_action"":""none""},""phase"":""low""},{""action"":{""high_action"":""stop"",""order_decision"":""only_cost""},""phase"":""high""},{""action"":{""search_k"":1,""search_strategy"":""default""},""phase"":""search""},{""action"":{""execution_action"":""conservative"",""lip_action"":""none""},""phase"":""low""}]"
JOB,b,./workloads/query_job/10a.sql,w/o Query Topology,1002.688966691494,94.257000000000,ok,929d0b936421c3cc037300fc273cb56746f39627e96a60da4dd6863044511457,1,True,4f7e839273e2685d2478269c637edaa5281dbe2f7d2e46a40b69ed63f97c1fc7,37056096cdce64f3e0de756e91f0795bd242c7889ff016532a7ebe7d775832c4,./results/models/ablation/state/no_query_topology/job/random_b/best.pt,"[{""action"":{""high_action"":""stop"",""order_decision"":""only_cost""},""phase"":""high""},{""action"":{""search_k"":1,""search_strategy"":""default""},""phase"":""search""},{""action"":{""execution_action"":""none"",""lip_action"":""none""},""phase"":""low""}]"
JOB,b,./workloads/query_job/10b.sql,w/o Query Topology,618.509158492088,49.673000000000,ok,706843969f310473a0308417223dbd3b01f9c23dd72c30ca6a320928a1c6d9a0,1,True,31dfcfe0dcefc0d13b798aa177b2c159eae2cd8b2df4ca73b41e49f8cec79585,46f5b5c8c8601f726be430904a2a83c89bc14ad0680c46fbaafefe79eb639849,./results/models/ablation/state/no_query_topology/job/random_b/best.pt,"[{""action"":{""high_action"":""stop"",""order_decision"":""only_cost""},""phase"":""high""},{""action"":{""search_k"":1,""search_strategy"":""default""},""phase"":""search""},{""action"":{""execution_action"":""none"",""lip_action"":""none""},""phase"":""low""}]"
JOB,b,./workloads/query_job/11b.sql,w/o Query Topology,151.234090328217,59.877000000000,ok,1140a97472e10ce6316cd6b2747dee298183b9dfeb896f858eb6598def2645fe,1,True,026a2923932822f165f6fd040a30c9759823e34a3db99ee5ca1cc0a48517dee7,68fb8e53f42b6ccd63bb8a2c8a303d69feaeddca6a26ecdcf57254f750cfbf28,./results/models/ablation/state/no_query_topology/job/random_b/best.pt,"[{""action"":{""high_action"":""stop"",""order_decision"":""only_cost""},""phase"":""high""},{""action"":{""search_k"":1,""search_strategy"":""default""},""phase"":""search""},{""action"":{""execution_action"":""none"",""lip_action"":""none""},""phase"":""low""}]"
JOB,b,./workloads/query_job/11c.sql,w/o Query Topology,231.095977127552,61.431000000000,ok,e03dd6f5aa7f119762f6b549c488852bbe23e0297bd479e5946f75c06ef1bbca,1,True,24418b7045c0af9849674710ca42999c3805444262db5bf7797fe686d71e37c5,ae6e4fb1018295cf1d19a1a0332a31434e3b9510a1a38511fdc64432f92a3cb7,./results/models/ablation/state/no_query_topology/job/random_b/best.pt,"[{""action"":{""high_action"":""stop"",""order_decision"":""only_cost""},""phase"":""high""},{""action"":{""search_k"":1,""search_strategy"":""default""},""phase"":""search""},{""action"":{""execution_action"":""none"",""lip_action"":""none""},""phase"":""low""}]"
JOB,b,./workloads/query_job/12b.sql,w/o Query Topology,4417.445644736290,51.861000000000,ok,c6ff9ec06ce589c648d889e9e9021a68976c3ccf8550d7c147b5054bdddcb545,1,True,7ed5caac17c61f542301109cfab80d76c1af2874bb5f78f28984d0af836581b2,f8ea9993ccd1bd5d7b523dc8326efab932d3cb63ac38dbea05f0f08affd58aa5,./results/models/ablation/state/no_query_topology/job/random_b/best.pt,"[{""action"":{""high_action"":""stop"",""order_decision"":""only_cost""},""phase"":""high""},{""action"":{""search_k"":1,""search_strategy"":""default""},""phase"":""search""},{""action"":{""execution_action"":""conservative"",""lip_action"":""selective""},""phase"":""low""}]"
JOB,b,./workloads/query_job/12c.sql,w/o Query Topology,1603.018276393414,64.149000000000,ok,fc048ce250bbfdae76cc58594ab66716a3f413669bed819d0adf4b9851bbc9c4,1,True,3f0dc46b469f123899b8f0afac5166360a9515b80cc119000d34b9cbbc595dcc,68ee8c3f6408ae0343d5961725fef8765955d0c9d2a9c07826613b56075b3273,./results/models/ablation/state/no_query_topology/job/random_b/best.pt,"[{""action"":{""high_action"":""stop"",""order_decision"":""only_cost""},""phase"":""high""},{""action"":{""search_k"":1,""search_strategy"":""default""},""phase"":""search""},{""action"":{""execution_action"":""none"",""lip_action"":""none""},""phase"":""low""}]"
JOB,b,./workloads/query_job/14b.sql,w/o Query Topology,279.425911605358,61.577000000000,ok,74085e27c595ac219c6257d663e3ccccdf16299520347ac5488a715783f18a41,1,True,72a86d3d410bfa8934473ad17b8e7e16a21295b330a8bcd538f5852679bda3ae,b7f924adc34a99b4ec429ddf830cfbe725ab749ec67ec3c573a55542056563db,./results/models/ablation/state/no_query_topology/job/random_b/best.pt,"[{""action"":{""high_action"":""stop"",""order_decision"":""only_cost""},""phase"":""high""},{""action"":{""search_k"":1,""search_strategy"":""default""},""phase"":""search""},{""action"":{""execution_action"":""none"",""lip_action"":""none""},""phase"":""low""}]"
JOB,b,./workloads/query_job/14c.sql,w/o Query Topology,836.652174592018,78.703000000000,ok,f13c3a0e601dd42f5abd41675e0438c06c7c79b9e0a6b2e6974fe4952b94c09e,1,True,2abc81e56f24824f74cc57c7f68064f7a2e09c477aec58c412dbca1e121b7bf4,52871e2475eac0fb6a8f61ee16c7d11f4f2be3a94a972dacb2c8640df25f1167,./results/models/ablation/state/no_query_topology/job/random_b/best.pt,"[{""action"":{""high_action"":""stop"",""order_decision"":""only_cost""},""phase"":""high""},{""action"":{""search_k"":1,""search_strategy"":""default""},""phase"":""search""},{""action"":{""execution_action"":""none"",""lip_action"":""none""},""phase"":""low""}]"
JOB,b,./workloads/query_job/15d.sql,w/o Query Topology,1135.468579828739,57.385000000000,ok,df3a19f8bdca38394c1c9a01f448c4e34ce26e4cc3c938d45c9a4e59526d24d5,1,True,245659b36656833de09da49e1ed374b49325c6aebc36aecc074d8517713ad7a8,538a1915e91b68717c1cac9c62b6742ce14f0eaf007fa1a43ee72b3c1d232599,./results/models/ablation/state/no_query_topology/job/random_b/best.pt,"[{""action"":{""high_action"":""stop"",""order_decision"":""only_cost""},""phase"":""high""},{""action"":{""search_k"":1,""search_strategy"":""default""},""phase"":""search""},{""action"":{""execution_action"":""none"",""lip_action"":""selective""},""phase"":""low""}]"
JOB,b,./workloads/query_job/16a.sql,w/o Query Topology,336.930431425571,59.584000000000,ok,bffefed9bcba1ce113c4f9365520889d2a59468ebb170e1a8e776353d8311bfb,1,True,6c6e8d41af5d9f6797dbe5c20921031137791808c6713cc386a35f9ba0f80590,874349158c617788232fdc0adeaade000e40cad04800ea7cc46e503db21484ed,./results/models/ablation/state/no_query_topology/job/random_b/best.pt,"[{""action"":{""high_action"":""stop"",""order_decision"":""only_cost""},""phase"":""high""},{""action"":{""search_k"":1,""search_strategy"":""default""},""phase"":""search""},{""action"":{""execution_action"":""none"",""lip_action"":""none""},""phase"":""low""}]"
JOB,b,./workloads/query_job/16b.sql,w/o Query Topology,7271.928556263447,171.600000000000,ok,e153889fdca6a79bf30b6f802a7d6fb574587af0fb56f36ecc25d831db945ea2,1,True,4f25862d77d7e55a3f0a87bd36616b3b3cb0a51ae288b628e30525661d870bad,cbf00ef6cb7c9511d9dc1fba33a6a570d66a18140bce4a8a133fff63373214a6,./results/models/ablation/state/no_query_topology/job/random_b/best.pt,"[{""action"":{""high_action"":""split"",""order_decision"":""only_cost""},""phase"":""high""},{""action"":{""candidate_id"":3,""schedule_alpha"":0.5},""phase"":""select""},{""action"":{""search_k"":1,""search_strategy"":""default""},""phase"":""search""},{""action"":{""execution_action"":""none"",""lip_action"":""none""},""phase"":""low""},{""action"":{""high_action"":""split"",""order_decision"":""only_cost""},""phase"":""high""},{""action"":{""candidate_id"":2,""schedule_alpha"":0.5},""phase"":""select""},{""action"":{""search_k"":1,""search_strategy"":""default""},""phase"":""search""},{""action"":{""execution_action"":""none"",""lip_action"":""none""},""phase"":""low""},{""action"":{""high_action"":""split"",""order_decision"":""only_cost""},""phase"":""high""},{""action"":{""candidate_id"":0,""schedule_alpha"":0.5},""phase"":""select""},{""action"":{""search_k"":1,""search_strategy"":""default""},""phase"":""search""},{""action"":{""execution_action"":""none"",""lip_action"":""none""},""phase"":""low""},{""action"":{""high_action"":""stop"",""order_decision"":""only_cost""},""phase"":""high""},{""action"":{""search_k"":1,""search_strategy"":""default""},""phase"":""search""},{""action"":{""execution_action"":""none"",""lip_action"":""none""},""phase"":""low""}]"
JOB,b,./workloads/query_job/17f.sql,w/o Query Topology,4791.866853833199,123.414000000000,ok,966c1a52f852284091756356c99e5f43debac4e41bc8ee9f790f5c70bff4c7c4,1,True,94aa6ae99e28c12452a8d1ac2c48451e8f0f40d18974a7de1e4c0831b93df320,180f886b35f3adc661340964138da9fe1356f3338ef5769efee557e8ef138374,./results/models/ablation/state/no_query_topology/job/random_b/best.pt,"[{""action"":{""high_action"":""split"",""order_decision"":""only_cost""},""phase"":""high""},{""action"":{""candidate_id"":2,""schedule_alpha"":0.5},""phase"":""select""},{""action"":{""search_k"":1,""search_strategy"":""default""},""phase"":""search""},{""action"":{""execution_action"":""none"",""lip_action"":""none""},""phase"":""low""},{""action"":{""high_action"":""split"",""order_decision"":""only_cost""},""phase"":""high""},{""action"":{""candidate_id"":1,""schedule_alpha"":0.5},""phase"":""select""},{""action"":{""search_k"":1,""search_strategy"":""default""},""phase"":""search""},{""action"":{""execution_action"":""none"",""lip_action"":""none""},""phase"":""low""},{""action"":{""high_action"":""stop"",""order_decision"":""only_cost""},""phase"":""high""},{""action"":{""search_k"":1,""search_strategy"":""default""},""phase"":""search""},{""action"":{""execution_action"":""none"",""lip_action"":""none""},""phase"":""low""}]"
JOB,b,./workloads/query_job/18a.sql,w/o Query Topology,7837.635546922684,165.383000000000,ok,4ea394ad5b6ff23d28102b48eef256f385144f05c176dcf273e5fc3dfc0f3ea7,1,True,3b5e2dc31cf37947ba4337472121eb198e5312ab3a45a9a32a459bef78dc4521,15ce75ffafa673bbf8bcbb23b097cf459010667ea2103a83cbe6ef6090eac4ef,./results/models/ablation/state/no_query_topology/job/random_b/best.pt,"[{""action"":{""high_action"":""split"",""order_decision"":""only_cost""},""phase"":""high""},{""action"":{""candidate_id"":2,""schedule_alpha"":0.5},""phase"":""select""},{""action"":{""search_k"":1,""search_strategy"":""default""},""phase"":""search""},{""action"":{""execution_action"":""none"",""lip_action"":""none""},""phase"":""low""},{""action"":{""high_action"":""split"",""order_decision"":""only_cost""},""phase"":""high""},{""action"":{""candidate_id"":0,""schedule_alpha"":0.5},""phase"":""select""},{""action"":{""search_k"":1,""search_strategy"":""default""},""phase"":""search""},{""action"":{""execution_action"":""none"",""lip_action"":""none""},""phase"":""low""},{""action"":{""high_action"":""stop"",""order_decision"":""only_cost""},""phase"":""high""},{""action"":{""search_k"":1,""search_strategy"":""default""},""phase"":""search""},{""action"":{""execution_action"":""none"",""lip_action"":""none""},""phase"":""low""}]"
JOB,b,./workloads/query_job/19a.sql,w/o Query Topology,2305.950820446014,247.028000000000,ok,1f0ca7719cfc34a43e2d3322146638f13989d450c4591afc7b3885613918e4de,1,True,b33d35396f0d364c2ea74a5e57eaa4caa399642cc88c0e8ef792abde148dbb2d,6d6c4498eeb116c24a5f7f7f7149e3a7a573bf64c1d8a8370fef36d46f39333c,./results/models/ablation/state/no_query_topology/job/random_b/best.pt,"[{""action"":{""high_action"":""split"",""order_decision"":""only_cost""},""phase"":""high""},{""action"":{""candidate_id"":1,""schedule_alpha"":0.5},""phase"":""select""},{""action"":{""search_k"":1,""search_strategy"":""default""},""phase"":""search""},{""action"":{""execution_action"":""none"",""lip_action"":""none""},""phase"":""low""},{""action"":{""high_action"":""split"",""order_decision"":""only_cost""},""phase"":""high""},{""action"":{""candidate_id"":2,""schedule_alpha"":0.5},""phase"":""select""},{""action"":{""search_k"":1,""search_strategy"":""default""},""phase"":""search""},{""action"":{""execution_action"":""none"",""lip_action"":""none""},""phase"":""low""},{""action"":{""high_action"":""split"",""order_decision"":""only_cost""},""phase"":""high""},{""action"":{""candidate_id"":1,""schedule_alpha"":0.5},""phase"":""select""},{""action"":{""search_k"":1,""search_strategy"":""default""},""phase"":""search""},{""action"":{""execution_action"":""none"",""lip_action"":""none""},""phase"":""low""},{""action"":{""high_action"":""stop"",""order_decision"":""only_cost""},""phase"":""high""},{""action"":{""search_k"":1,""search_strategy"":""default""},""phase"":""search""},{""action"":{""execution_action"":""none"",""lip_action"":""none""},""phase"":""low""}]"
JOB,b,./workloads/query_job/1d.sql,w/o Query Topology,67.287102341652,54.830000000000,ok,b68175a2c8e96f8bc107b1f09c2703f390d5a78ec2aa27991cd17eea2e6db1c8,1,True,2834e9a1b33b886e23549256c81de70a7dc044800287b5aa48ed227514aac78a,f1bd75ab077db5b12ee3c76f1da69e8a207025d4df6009717947de0f7ad2f0e1,./results/models/ablation/state/no_query_topology/job/random_b/best.pt,"[{""action"":{""high_action"":""stop"",""order_decision"":""only_cost""},""phase"":""high""},{""action"":{""search_k"":1,""search_strategy"":""default""},""phase"":""search""},{""action"":{""execution_action"":""none"",""lip_action"":""none""},""phase"":""low""}]"
JOB,b,./workloads/query_job/20b.sql,w/o Query Topology,2104.491256177425,83.507000000000,ok,bdabdfce4c8cd4726f7228f6d5040b01cd2120ccf41064b215b2fd1b9c7cdbe3,1,True,ca51a9e02f6c1fd4e69c1b0d8192f48fcc8e2cbee31dc9b1bbd2b107f63cd3f2,53a1df0aebaaece16d40544544ac3efaa4adf13dd83451ce8f151fdfc6f5f99e,./results/models/ablation/state/no_query_topology/job/random_b/best.pt,"[{""action"":{""high_action"":""stop"",""order_decision"":""only_cost""},""phase"":""high""},{""action"":{""search_k"":1,""search_strategy"":""default""},""phase"":""search""},{""action"":{""execution_action"":""none"",""lip_action"":""none""},""phase"":""low""}]"
JOB,b,./workloads/query_job/22b.sql,w/o Query Topology,477.641090750694,86.801000000000,ok,261344b3d5dbc63bbc8b73ff367b08e19136e387d0502f40684455f7a223d93f,1,True,ceb99b72091ec77a6ed0a7c13926a58fb8d1a9521d7a1a75dbb47afd71e00b59,5200be1f42de837c4427cc02922eb0f87fabe343e7e6591e296d2655f6cd2821,./results/models/ablation/state/no_query_topology/job/random_b/best.pt,"[{""action"":{""high_action"":""stop"",""order_decision"":""only_cost""},""phase"":""high""},{""action"":{""search_k"":1,""search_strategy"":""default""},""phase"":""search""},{""action"":{""execution_action"":""none"",""lip_action"":""none""},""phase"":""low""}]"
JOB,b,./workloads/query_job/23c.sql,w/o Query Topology,645.966276526451,87.803000000000,ok,d6d3b9a56435f4fe61ee133589ebd35b7135f05afe08be1125990d58b250e9f9,1,True,14ccb57a2b91547a91a753a09a60e74b17e8c40bc3c0bbad0fb52e959dba04f1,9b621024fbdc4df18861f4ed8c9309b4dc4c0f890829df751fb0ef15c01a6f2e,./results/models/ablation/state/no_query_topology/job/random_b/best.pt,"[{""action"":{""high_action"":""stop"",""order_decision"":""only_cost""},""phase"":""high""},{""action"":{""search_k"":1,""search_strategy"":""default""},""phase"":""search""},{""action"":{""execution_action"":""none"",""lip_action"":""none""},""phase"":""low""}]"
JOB,b,./workloads/query_job/24a.sql,w/o Query Topology,625.053606927395,338.477000000000,ok,f456596f387e349a6006b7f95149e83820f1855cb47322cf82c324c7abf10133,1,True,33785a38c4c04ad8c86c124f215bc91bd97d812a27dae86b4a6e6d38464d1d39,79e0840e2c4f50e1aa8d707ba036df0ed946e7d511ac70b2db0ef64e85b2df34,./results/models/ablation/state/no_query_topology/job/random_b/best.pt,"[{""action"":{""high_action"":""split"",""order_decision"":""only_cost""},""phase"":""high""},{""action"":{""candidate_id"":4,""schedule_alpha"":0.5},""phase"":""select""},{""action"":{""search_k"":1,""search_strategy"":""default""},""phase"":""search""},{""action"":{""execution_action"":""none"",""lip_action"":""none""},""phase"":""low""},{""action"":{""high_action"":""split"",""order_decision"":""only_cost""},""phase"":""high""},{""action"":{""candidate_id"":1,""schedule_alpha"":0.5},""phase"":""select""},{""action"":{""search_k"":1,""search_strategy"":""default""},""phase"":""search""},{""action"":{""execution_action"":""none"",""lip_action"":""none""},""phase"":""low""},{""action"":{""high_action"":""split"",""order_decision"":""only_cost""},""phase"":""high""},{""action"":{""candidate_id"":2,""schedule_alpha"":0.5},""phase"":""select""},{""action"":{""search_k"":1,""search_strategy"":""default""},""phase"":""search""},{""action"":{""execution_action"":""none"",""lip_action"":""none""},""phase"":""low""},{""action"":{""high_action"":""split"",""order_decision"":""only_cost""},""phase"":""high""},{""action"":{""candidate_id"":0,""schedule_alpha"":0.5},""phase"":""select""},{""action"":{""search_k"":1,""search_strategy"":""default""},""phase"":""search""},{""action"":{""execution_action"":""none"",""lip_action"":""none""},""phase"":""low""},{""action"":{""high_action"":""stop"",""order_decision"":""only_cost""},""phase"":""high""},{""action"":{""search_k"":1,""search_strategy"":""default""},""phase"":""search""},{""action"":{""execution_action"":""none"",""lip_action"":""none""},""phase"":""low""}]"
JOB,b,./workloads/query_job/25c.sql,w/o Query Topology,3918.007560074329,227.922000000000,ok,67a630b3c65d3bcaa414c0e78677ad348267d0f04c2fa18b570f5906a0599ac5,1,True,cff42ea3308e20bce248627b95af9e0a4eb75f0ac6d924d28cad216bb59817d6,de0dcc87d091b3f08d6df57d89ec36b0ea4fc4fc1cbed428a947e6dd914d6a21,./results/models/ablation/state/no_query_topology/job/random_b/best.pt,"[{""action"":{""high_action"":""split"",""order_decision"":""only_cost""},""phase"":""high""},{""action"":{""candidate_id"":3,""schedule_alpha"":0.5},""phase"":""select""},{""action"":{""search_k"":1,""search_strategy"":""default""},""phase"":""search""},{""action"":{""execution_action"":""none"",""lip_action"":""none""},""phase"":""low""},{""action"":{""high_action"":""split"",""order_decision"":""only_cost""},""phase"":""high""},{""action"":{""candidate_id"":2,""schedule_alpha"":0.5},""phase"":""select""},{""action"":{""search_k"":1,""search_strategy"":""default""},""phase"":""search""},{""action"":{""execution_action"":""none"",""lip_action"":""none""},""phase"":""low""},{""action"":{""high_action"":""split"",""order_decision"":""only_cost""},""phase"":""high""},{""action"":{""candidate_id"":1,""schedule_alpha"":0.5},""phase"":""select""},{""action"":{""search_k"":1,""search_strategy"":""default""},""phase"":""search""},{""action"":{""execution_action"":""none"",""lip_action"":""none""},""phase"":""low""},{""action"":{""high_action"":""stop"",""order_decision"":""only_cost""},""phase"":""high""},{""action"":{""search_k"":1,""search_strategy"":""default""},""phase"":""search""},{""action"":{""execution_action"":""none"",""lip_action"":""none""},""phase"":""low""}]"
JOB,b,./workloads/query_job/26a.sql,w/o Query Topology,1649.471729993820,50.564000000000,ok,2c7cebb1807f0b225f4f97c680278aa0ec35039ff7dbf43518e7a09bd026684a,1,True,980eeeff3b5c6bf273550e4d2bde509379c9c2f043868bcf46af1fcb088a9484,aa8d0285408ec9b57022ac30abbba09b02319d31d68a4630285891459f2eb28a,./results/models/ablation/state/no_query_topology/job/random_b/best.pt,"[{""action"":{""high_action"":""stop"",""order_decision"":""only_cost""},""phase"":""high""},{""action"":{""search_k"":1,""search_strategy"":""default""},""phase"":""search""},{""action"":{""execution_action"":""none"",""lip_action"":""none""},""phase"":""low""}]"
JOB,b,./workloads/query_job/27a.sql,w/o Query Topology,217.967130243778,94.894000000000,ok,17da2f55cbda32682db3bc710c4a0f0048b6fb05111deffe244b8be90c1e4968,1,True,6c5bc48ba7971c34c06cdc23101d9d492ce6d62752798f292079ef809fd3d9f0,942cc4c3c4e9e6ab6dd747c71dab3468fe0b11c0fa5fc3e6c3b0c100cf7cd27c,./results/models/ablation/state/no_query_topology/job/random_b/best.pt,"[{""action"":{""high_action"":""stop"",""order_decision"":""only_cost""},""phase"":""high""},{""action"":{""search_k"":1,""search_strategy"":""default""},""phase"":""search""},{""action"":{""execution_action"":""none"",""lip_action"":""none""},""phase"":""low""}]"
JOB,b,./workloads/query_job/27c.sql,w/o Query Topology,416.899763047695,64.651000000000,ok,17da2f55cbda32682db3bc710c4a0f0048b6fb05111deffe244b8be90c1e4968,1,True,4b65e19a7007cfb02933fab06ba08e8cec15484fb04f2ad58607c7896b27500d,dbafcbaa90ffc57e72d2749e822ee7ca088cde70b1fb7d65968734177f48376a,./results/models/ablation/state/no_query_topology/job/random_b/best.pt,"[{""action"":{""high_action"":""stop"",""order_decision"":""only_cost""},""phase"":""high""},{""action"":{""search_k"":1,""search_strategy"":""default""},""phase"":""search""},{""action"":{""execution_action"":""none"",""lip_action"":""selective""},""phase"":""low""}]"
JOB,b,./workloads/query_job/28b.sql,w/o Query Topology,802.053891122341,83.777000000000,ok,1504c5fe4b85e0649828523441b52c0f8b7c17598529646d3d732ab63db821f5,1,True,b28d36293c0e8fcf2fa526ad7f6a62f56f14a4ddceeaec0600abd5f57768c812,e03f415042a53504ce8c9b149c016b6872810c2e253cde16841f37d000847c98,./results/models/ablation/state/no_query_topology/job/random_b/best.pt,"[{""action"":{""high_action"":""stop"",""order_decision"":""only_cost""},""phase"":""high""},{""action"":{""search_k"":1,""search_strategy"":""default""},""phase"":""search""},{""action"":{""execution_action"":""none"",""lip_action"":""none""},""phase"":""low""}]"
JOB,b,./workloads/query_job/29b.sql,w/o Query Topology,415.637522935867,318.222000000000,ok,6931843f19cb52122ed461369626a4f45f6b0550fbb8e5608f26c0a53fbfa63e,1,True,2a1f6454476c885d9c0f402273d42a5482f8715ee17a24627a7f091747824ad9,cee63f1da402bb5f55816ca3b80a8794eea225b8b5f13e8cc7854a6ee69fb7f2,./results/models/ablation/state/no_query_topology/job/random_b/best.pt,"[{""action"":{""high_action"":""split"",""order_decision"":""only_cost""},""phase"":""high""},{""action"":{""candidate_id"":5,""schedule_alpha"":0.5},""phase"":""select""},{""action"":{""search_k"":1,""search_strategy"":""default""},""phase"":""search""},{""action"":{""execution_action"":""none"",""lip_action"":""none""},""phase"":""low""},{""action"":{""high_action"":""split"",""order_decision"":""only_cost""},""phase"":""high""},{""action"":{""candidate_id"":1,""schedule_alpha"":0.5},""phase"":""select""},{""action"":{""search_k"":1,""search_strategy"":""default""},""phase"":""search""},{""action"":{""execution_action"":""none"",""lip_action"":""none""},""phase"":""low""},{""action"":{""high_action"":""split"",""order_decision"":""only_cost""},""phase"":""high""},{""action"":{""candidate_id"":2,""schedule_alpha"":0.5},""phase"":""select""},{""action"":{""search_k"":1,""search_strategy"":""default""},""phase"":""search""},{""action"":{""execution_action"":""none"",""lip_action"":""none""},""phase"":""low""},{""action"":{""high_action"":""split"",""order_decision"":""only_cost""},""phase"":""high""},{""action"":{""candidate_id"":1,""schedule_alpha"":0.5},""phase"":""select""},{""action"":{""search_k"":1,""search_strategy"":""default""},""phase"":""search""},{""action"":{""execution_action"":""none"",""lip_action"":""none""},""phase"":""low""},{""action"":{""high_action"":""split"",""order_decision"":""only_cost""},""phase"":""high""},{""action"":{""candidate_id"":2,""schedule_alpha"":0.5},""phase"":""select""},{""action"":{""search_k"":1,""search_strategy"":""default""},""phase"":""search""},{""action"":{""execution_action"":""none"",""lip_action"":""none""},""phase"":""low""},{""action"":{""high_action"":""split"",""order_decision"":""only_cost""},""phase"":""high""},{""action"":{""candidate_id"":0,""schedule_alpha"":0.5},""phase"":""select""},{""action"":{""search_k"":1,""search_strategy"":""default""},""phase"":""search""},{""action"":{""execution_action"":""none"",""lip_action"":""none""},""phase"":""low""},{""action"":{""high_action"":""stop"",""order_decision"":""only_cost""},""phase"":""high""},{""action"":{""search_k"":1,""search_strategy"":""default""},""phase"":""search""},{""action"":{""execution_action"":""none"",""lip_action"":""none""},""phase"":""low""}]"
JOB,b,./workloads/query_job/2b.sql,w/o Query Topology,618.683539330959,55.383000000000,ok,fc90f3c2c15c5abce95811297c6b9a8ee98e4e03347ce9e79c8ce8e6b57b03a0,1,True,c7796dd8d0c1b7da7366a26897fbaf263ac0036a91454a7a2372141809d4304a,935178064c20ae7a8eb8e005db9be28c65a789bc27bd81f2ac38a248288b55f0,./results/models/ablation/state/no_query_topology/job/random_b/best.pt,"[{""action"":{""high_action"":""stop"",""order_decision"":""only_cost""},""phase"":""high""},{""action"":{""search_k"":1,""search_strategy"":""default""},""phase"":""search""},{""action"":{""execution_action"":""none"",""lip_action"":""none""},""phase"":""low""}]"
JOB,b,./workloads/query_job/2c.sql,w/o Query Topology,597.391553223133,47.560000000000,ok,4f78f1a55542d807d5eaabd4ee2244ee9ba0258958f7de1c1ef4598cd5b46ab1,1,True,9b4c6fb85dd789ddb97c5c464a0975b8a17cf09d861774c6ead11dcfc8136572,0a17444a4bf345a176b3d2ca55f85fe2aeb23dbdeb1e6fb8c85f60cfca79e280,./results/models/ablation/state/no_query_topology/job/random_b/best.pt,"[{""action"":{""high_action"":""stop"",""order_decision"":""only_cost""},""phase"":""high""},{""action"":{""search_k"":1,""search_strategy"":""default""},""phase"":""search""},{""action"":{""execution_action"":""none"",""lip_action"":""none""},""phase"":""low""}]"
JOB,b,./workloads/query_job/2d.sql,w/o Query Topology,778.993569314480,58.310000000000,ok,d55d5656333bd757f053124d39c4d7de4605203e41f67c025f0cc73ff2c7b9bb,1,True,13e746f7a57d1a4a0c3b24f9cb84351b705ed1220a0e462dca8fb16d1429131e,11a94416bb91c0c913b808b4d7d8a043c72e515abc5e477d3602e480c716f97f,./results/models/ablation/state/no_query_topology/job/random_b/best.pt,"[{""action"":{""high_action"":""stop"",""order_decision"":""only_cost""},""phase"":""high""},{""action"":{""search_k"":1,""search_strategy"":""default""},""phase"":""search""},{""action"":{""execution_action"":""none"",""lip_action"":""none""},""phase"":""low""}]"
JOB,b,./workloads/query_job/3a.sql,w/o Query Topology,274.317331612110,58.998000000000,ok,4446b454452e8db43636d58c5e3a7f9041b179149913a47dfd28d049a31e3f4d,1,True,335652cf37d3466bee7ea3d4104f27b128c7fedc64266ce0dd0534b41858a028,4f3798f0f8d732cdbf1314fbb1152c4b79ef7f55428e7c694ea76ad7edc80aad,./results/models/ablation/state/no_query_topology/job/random_b/best.pt,"[{""action"":{""high_action"":""stop"",""order_decision"":""only_cost""},""phase"":""high""},{""action"":{""search_k"":1,""search_strategy"":""default""},""phase"":""search""},{""action"":{""execution_action"":""none"",""lip_action"":""none""},""phase"":""low""}]"
JOB,b,./workloads/query_job/4c.sql,w/o Query Topology,229.137405753136,45.013000000000,ok,5c9364f684db0004720ec4e9642a958681b071ff992dadc090178e95cc52235a,1,True,8b326a722c93f49b0cdf8ee1d34a78b074c4796c733f602c0db24dd4ea9bb50d,1075f94d0954585dbc49d1b18917efe3f39e4935bb6c095d5711431370ba1169,./results/models/ablation/state/no_query_topology/job/random_b/best.pt,"[{""action"":{""high_action"":""stop"",""order_decision"":""only_cost""},""phase"":""high""},{""action"":{""search_k"":1,""search_strategy"":""default""},""phase"":""search""},{""action"":{""execution_action"":""none"",""lip_action"":""none""},""phase"":""low""}]"
JOB,b,./workloads/query_job/5c.sql,w/o Query Topology,357.079841196537,60.305000000000,ok,c63c0f430af977fe1bf0c51442b833d536b07965c22254d5a737a187719cc641,1,True,4919f7ec00f2be5db8cc1650c33fccf19c4eb04ac3e3fed6b50be9979a79943e,e99595d3ea9aeef0d2c5ed83e577e7fa66223973fd4f4bb94f58b7f3910012e7,./results/models/ablation/state/no_query_topology/job/random_b/best.pt,"[{""action"":{""high_action"":""stop"",""order_decision"":""only_cost""},""phase"":""high""},{""action"":{""search_k"":1,""search_strategy"":""default""},""phase"":""search""},{""action"":{""execution_action"":""none"",""lip_action"":""none""},""phase"":""low""}]"
JOB,b,./workloads/query_job/6a.sql,w/o Query Topology,117.422521114349,59.632000000000,ok,2e45680981dcedf844899f966540a92734a6200fc0d8bd8a547ceba0d0cf631f,1,True,5846749c8f2cd3586fbf499d418be1accebd0d80ae8b805cfd0260660789114a,6f3d8b30a8d7212c2f5dde71a84c5c29ff291405e3615ac1252ffd57a7cd888b,./results/models/ablation/state/no_query_topology/job/random_b/best.pt,"[{""action"":{""high_action"":""stop"",""order_decision"":""only_cost""},""phase"":""high""},{""action"":{""search_k"":1,""search_strategy"":""default""},""phase"":""search""},{""action"":{""execution_action"":""none"",""lip_action"":""none""},""phase"":""low""}]"
JOB,b,./workloads/query_job/6c.sql,w/o Query Topology,80.234140157700,48.014000000000,ok,eb15d11fcc635c0f71eefa80cad2069e9f06841887450ba39d0be7466e8da9dd,1,True,3d2248d59c953dfdbdebf55b9d8ba4ce0800daace0945d2143a3e58ff1a928fb,ccc37b9838c085e6b6b00fcb0b4f5c952865b0d3d0fa2c3fd511e11968d52122,./results/models/ablation/state/no_query_topology/job/random_b/best.pt,"[{""action"":{""high_action"":""stop"",""order_decision"":""only_cost""},""phase"":""high""},{""action"":{""search_k"":1,""search_strategy"":""default""},""phase"":""search""},{""action"":{""execution_action"":""none"",""lip_action"":""none""},""phase"":""low""}]"
JOB,b,./workloads/query_job/7b.sql,w/o Query Topology,455.724254250526,89.846000000000,ok,9d6ae68bd583de41667a4cae160a3da2b5ea5d39fe8dcce1e8fd3d20a5278abe,1,True,b2f25b47fe7e3972f8aa80786ec670c1eae2d23bf05ba11eed6db1734d776f1e,11340cebd6d5de15d038a70ffb4c6ba75c337dba813f22c0b2d364cf35545f48,./results/models/ablation/state/no_query_topology/job/random_b/best.pt,"[{""action"":{""high_action"":""stop"",""order_decision"":""only_cost""},""phase"":""high""},{""action"":{""search_k"":1,""search_strategy"":""default""},""phase"":""search""},{""action"":{""execution_action"":""none"",""lip_action"":""none""},""phase"":""low""}]"
JOB,b,./workloads/query_job/7c.sql,w/o Query Topology,3019.600093364716,167.982000000000,ok,7cdabf89c2c21f17ae631979c9e8405f2f72c7561fa51440c4ebafa4ab13790d,1,True,5da17c5174c53bcc45725fa32280f11197a58dabd66d49be402d84702a1373d7,24aef44197ac301b4f80364a8dab1579e700a9b69e7999befd1933311220fdd5,./results/models/ablation/state/no_query_topology/job/random_b/best.pt,"[{""action"":{""high_action"":""split"",""order_decision"":""only_cost""},""phase"":""high""},{""action"":{""candidate_id"":3,""schedule_alpha"":0.5},""phase"":""select""},{""action"":{""search_k"":1,""search_strategy"":""default""},""phase"":""search""},{""action"":{""execution_action"":""none"",""lip_action"":""none""},""phase"":""low""},{""action"":{""high_action"":""split"",""order_decision"":""only_cost""},""phase"":""high""},{""action"":{""candidate_id"":2,""schedule_alpha"":0.5},""phase"":""select""},{""action"":{""search_k"":1,""search_strategy"":""default""},""phase"":""search""},{""action"":{""execution_action"":""none"",""lip_action"":""none""},""phase"":""low""},{""action"":{""high_action"":""split"",""order_decision"":""only_cost""},""phase"":""high""},{""action"":{""candidate_id"":0,""schedule_alpha"":0.5},""phase"":""select""},{""action"":{""search_k"":1,""search_strategy"":""default""},""phase"":""search""},{""action"":{""execution_action"":""none"",""lip_action"":""none""},""phase"":""low""},{""action"":{""high_action"":""stop"",""order_decision"":""only_cost""},""phase"":""high""},{""action"":{""search_k"":1,""search_strategy"":""default""},""phase"":""search""},{""action"":{""execution_action"":""none"",""lip_action"":""none""},""phase"":""low""}]"
JOB,b,./workloads/query_job/8b.sql,w/o Query Topology,593.742758035660,76.814000000000,ok,e5b0fc3c68184c62fd7ca88151a039904e2fc3708d4c2773297d07ecda52eef1,1,True,88ffaa85f9f7a0e48366e3c169118cc5babe2754f4e18ca1bcfb91b14b9843f0,3c736318ed112301271e3717df58be7a11335a0cca2f92964eeec70810aa78ab,./results/models/ablation/state/no_query_topology/job/random_b/best.pt,"[{""action"":{""high_action"":""stop"",""order_decision"":""only_cost""},""phase"":""high""},{""action"":{""search_k"":1,""search_strategy"":""default""},""phase"":""search""},{""action"":{""execution_action"":""none"",""lip_action"":""none""},""phase"":""low""}]"
JOB,b,./workloads/query_job/8c.sql,w/o Query Topology,5010.342836380005,59.285000000000,ok,ca648dbd161cd660e79b73f4d2feac37247f699997bfceb70abcc975adab600b,1,True,e88e75d64722f698374b46c6a3792f5b0a7d7e1dc85d43580d6204e35dd046c2,20e3062e7125b94c5ba5a167eaf1a149464c09080553e5e1c130d3b3a36819ec,./results/models/ablation/state/no_query_topology/job/random_b/best.pt,"[{""action"":{""high_action"":""stop"",""order_decision"":""only_cost""},""phase"":""high""},{""action"":{""search_k"":1,""search_strategy"":""default""},""phase"":""search""},{""action"":{""execution_action"":""none"",""lip_action"":""none""},""phase"":""low""}]"
JOB,c,./workloads/query_job/11a.sql,w/o Query Topology,315.558537840843,159.389000000000,ok,83811c5c01e3bdbafff3ac6671360f1cb19c1452dd9ec0b095bcd21856c36865,1,True,bebe00cd8355d15fab0408281be717a2ed24ef3cbe2542d1e232f8ad5bdd3d6c,331643e91a55a474a59f19145f64b588870cf6d0f46dbba02b10dec806f57041,./results/models/ablation/state/no_query_topology/job/random_c/best.pt,"[{""action"":{""high_action"":""split"",""order_decision"":""only_cost""},""phase"":""high""},{""action"":{""candidate_id"":1,""schedule_alpha"":0.5},""phase"":""select""},{""action"":{""search_k"":1,""search_strategy"":""default""},""phase"":""search""},{""action"":{""execution_action"":""none"",""lip_action"":""none""},""phase"":""low""},{""action"":{""high_action"":""split"",""order_decision"":""only_cost""},""phase"":""high""},{""action"":{""candidate_id"":1,""schedule_alpha"":0.5},""phase"":""select""},{""action"":{""search_k"":1,""search_strategy"":""default""},""phase"":""search""},{""action"":{""execution_action"":""none"",""lip_action"":""none""},""phase"":""low""},{""action"":{""high_action"":""stop"",""order_decision"":""only_cost""},""phase"":""high""},{""action"":{""search_k"":1,""search_strategy"":""default""},""phase"":""search""},{""action"":{""execution_action"":""none"",""lip_action"":""none""},""phase"":""low""}]"
JOB,c,./workloads/query_job/12a.sql,w/o Query Topology,766.239300370216,160.009000000000,ok,859e14caaec80c8e1bdf8043bc9dbcdc6810582adf44e5ae0ea485fc5cb8ed01,1,True,3f468388c8bfa0ca74690321ae1d6dc69338d1ed8efbb39f7c3a3817855e8598,5b38b6ceeb323cfb20b07f84abd589ad688b1c3d14912c191ee807f85554255a,./results/models/ablation/state/no_query_topology/job/random_c/best.pt,"[{""action"":{""high_action"":""split"",""order_decision"":""only_cost""},""phase"":""high""},{""action"":{""candidate_id"":2,""schedule_alpha"":0.5},""phase"":""select""},{""action"":{""search_k"":1,""search_strategy"":""default""},""phase"":""search""},{""action"":{""execution_action"":""none"",""lip_action"":""none""},""phase"":""low""},{""action"":{""high_action"":""split"",""order_decision"":""only_cost""},""phase"":""high""},{""action"":{""candidate_id"":1,""schedule_alpha"":0.5},""phase"":""select""},{""action"":{""search_k"":1,""search_strategy"":""default""},""phase"":""search""},{""action"":{""execution_action"":""none"",""lip_action"":""none""},""phase"":""low""},{""action"":{""high_action"":""stop"",""order_decision"":""only_cost""},""phase"":""high""},{""action"":{""search_k"":1,""search_strategy"":""default""},""phase"":""search""},{""action"":{""execution_action"":""none"",""lip_action"":""none""},""phase"":""low""}]"
JOB,c,./workloads/query_job/13c.sql,w/o Query Topology,1345.008216798306,177.600000000000,ok,62d718231272d8795fb939428fb8d114fb4735e7ff7ba5aa1c8431e0dd880cb9,1,True,5e11bb5cdb00b1bb825b2896d82b360c812ee03de6f8c749d5407a59bb45328c,a3d11445f575d4c888be8b646b6dc609629bb2d6c9857c233fd539bcf70e8465,./results/models/ablation/state/no_query_topology/job/random_c/best.pt,"[{""action"":{""high_action"":""split"",""order_decision"":""only_cost""},""phase"":""high""},{""action"":{""candidate_id"":2,""schedule_alpha"":0.5},""phase"":""select""},{""action"":{""search_k"":1,""search_strategy"":""default""},""phase"":""search""},{""action"":{""execution_action"":""none"",""lip_action"":""none""},""phase"":""low""},{""action"":{""high_action"":""split"",""order_decision"":""only_cost""},""phase"":""high""},{""action"":{""candidate_id"":0,""schedule_alpha"":0.5},""phase"":""select""},{""action"":{""search_k"":1,""search_strategy"":""default""},""phase"":""search""},{""action"":{""execution_action"":""none"",""lip_action"":""none""},""phase"":""low""},{""action"":{""high_action"":""split"",""order_decision"":""only_cost""},""phase"":""high""},{""action"":{""candidate_id"":0,""schedule_alpha"":0.5},""phase"":""select""},{""action"":{""search_k"":1,""search_strategy"":""default""},""phase"":""search""},{""action"":{""execution_action"":""none"",""lip_action"":""none""},""phase"":""low""},{""action"":{""high_action"":""stop"",""order_decision"":""only_cost""},""phase"":""high""},{""action"":{""search_k"":1,""search_strategy"":""default""},""phase"":""search""},{""action"":{""execution_action"":""none"",""lip_action"":""none""},""phase"":""low""}]"
JOB,c,./workloads/query_job/14a.sql,w/o Query Topology,656.992837786674,216.875000000000,ok,f13c3a0e601dd42f5abd41675e0438c06c7c79b9e0a6b2e6974fe4952b94c09e,1,True,dc28ffc136c6ddc81fc24a514822d9f9f99c257d4d91e3df98aa76022e2601b7,50a0002677fc1bf9509d9d48d1014e9d6b660e02b77ebecf7800db4f80db97ab,./results/models/ablation/state/no_query_topology/job/random_c/best.pt,"[{""action"":{""high_action"":""split"",""order_decision"":""only_cost""},""phase"":""high""},{""action"":{""candidate_id"":2,""schedule_alpha"":0.5},""phase"":""select""},{""action"":{""search_k"":1,""search_strategy"":""default""},""phase"":""search""},{""action"":{""execution_action"":""none"",""lip_action"":""none""},""phase"":""low""},{""action"":{""high_action"":""split"",""order_decision"":""only_cost""},""phase"":""high""},{""action"":{""candidate_id"":0,""schedule_alpha"":0.5},""phase"":""select""},{""action"":{""search_k"":1,""search_strategy"":""default""},""phase"":""search""},{""action"":{""execution_action"":""none"",""lip_action"":""none""},""phase"":""low""},{""action"":{""high_action"":""split"",""order_decision"":""only_cost""},""phase"":""high""},{""action"":{""candidate_id"":1,""schedule_alpha"":0.5},""phase"":""select""},{""action"":{""search_k"":1,""search_strategy"":""default""},""phase"":""search""},{""action"":{""execution_action"":""none"",""lip_action"":""none""},""phase"":""low""},{""action"":{""high_action"":""stop"",""order_decision"":""only_cost""},""phase"":""high""},{""action"":{""search_k"":1,""search_strategy"":""default""},""phase"":""search""},{""action"":{""execution_action"":""none"",""lip_action"":""none""},""phase"":""low""}]"
JOB,c,./workloads/query_job/15a.sql,w/o Query Topology,860.909581184387,193.800000000000,ok,0bf74f571c854c91dada16e78f6a511682855e8364304c1e74a2715a468ad523,1,True,9e2eebd9091956d24d63ec84a5691ff08bfda0fc4e2a4592bce4eccb1fccf71c,4171d901cd294ee8d082dda5230178794c76dd76f36d30dd4862e578475cb518,./results/models/ablation/state/no_query_topology/job/random_c/best.pt,"[{""action"":{""high_action"":""split"",""order_decision"":""only_cost""},""phase"":""high""},{""action"":{""candidate_id"":2,""schedule_alpha"":0.5},""phase"":""select""},{""action"":{""search_k"":1,""search_strategy"":""default""},""phase"":""search""},{""action"":{""execution_action"":""none"",""lip_action"":""none""},""phase"":""low""},{""action"":{""high_action"":""split"",""order_decision"":""only_cost""},""phase"":""high""},{""action"":{""candidate_id"":1,""schedule_alpha"":0.5},""phase"":""select""},{""action"":{""search_k"":1,""search_strategy"":""default""},""phase"":""search""},{""action"":{""execution_action"":""none"",""lip_action"":""none""},""phase"":""low""},{""action"":{""high_action"":""split"",""order_decision"":""only_cost""},""phase"":""high""},{""action"":{""candidate_id"":0,""schedule_alpha"":0.5},""phase"":""select""},{""action"":{""search_k"":1,""search_strategy"":""default""},""phase"":""search""},{""action"":{""execution_action"":""none"",""lip_action"":""none""},""phase"":""low""},{""action"":{""high_action"":""stop"",""order_decision"":""only_cost""},""phase"":""high""},{""action"":{""search_k"":1,""search_strategy"":""default""},""phase"":""search""},{""action"":{""execution_action"":""none"",""lip_action"":""none""},""phase"":""low""}]"
JOB,c,./workloads/query_job/15b.sql,w/o Query Topology,326.998539268970,207.043000000000,ok,b25c3f018dd147bf4abce160072d7f8ba5b0f3abbe07bec34bc2e8b72eefff81,1,True,3f55302c01f440a8ed2bead85f5ca08a7ec51d75caa549ce98d56cef32a16282,cd81f23bd129bde1fd841246f69c2eea31079cc33c2241588dc250f84c6475c7,./results/models/ablation/state/no_query_topology/job/random_c/best.pt,"[{""action"":{""high_action"":""split"",""order_decision"":""only_cost""},""phase"":""high""},{""action"":{""candidate_id"":1,""schedule_alpha"":0.5},""phase"":""select""},{""action"":{""search_k"":1,""search_strategy"":""default""},""phase"":""search""},{""action"":{""execution_action"":""none"",""lip_action"":""none""},""phase"":""low""},{""action"":{""high_action"":""split"",""order_decision"":""only_cost""},""phase"":""high""},{""action"":{""candidate_id"":1,""schedule_alpha"":0.5},""phase"":""select""},{""action"":{""search_k"":1,""search_strategy"":""default""},""phase"":""search""},{""action"":{""execution_action"":""none"",""lip_action"":""none""},""phase"":""low""},{""action"":{""high_action"":""split"",""order_decision"":""only_cost""},""phase"":""high""},{""action"":{""candidate_id"":0,""schedule_alpha"":0.5},""phase"":""select""},{""action"":{""search_k"":1,""search_strategy"":""default""},""phase"":""search""},{""action"":{""execution_action"":""none"",""lip_action"":""none""},""phase"":""low""},{""action"":{""high_action"":""stop"",""order_decision"":""only_cost""},""phase"":""high""},{""action"":{""search_k"":1,""search_strategy"":""default""},""phase"":""search""},{""action"":{""execution_action"":""none"",""lip_action"":""none""},""phase"":""low""}]"
JOB,c,./workloads/query_job/16c.sql,w/o Query Topology,1825.095370411873,251.165000000000,ok,1318f60bc0ac9eb3ca4ac578870bec99e9ac05ece5a440ba30e253efb9ea5aeb,1,True,672c7d522caabd179263b3b650256de9b66e23601c83b3c2bff99e3d5021a510,e9a9137694f05c128565458bb2fba72b8d1a81b63bf18baf52009156d6e23fb4,./results/models/ablation/state/no_query_topology/job/random_c/best.pt,"[{""action"":{""high_action"":""split"",""order_decision"":""only_cost""},""phase"":""high""},{""action"":{""candidate_id"":3,""schedule_alpha"":0.5},""phase"":""select""},{""action"":{""search_k"":1,""search_strategy"":""default""},""phase"":""search""},{""action"":{""execution_action"":""none"",""lip_action"":""none""},""phase"":""low""},{""action"":{""high_action"":""split"",""order_decision"":""only_cost""},""phase"":""high""},{""action"":{""candidate_id"":2,""schedule_alpha"":0.5},""phase"":""select""},{""action"":{""search_k"":1,""search_strategy"":""default""},""phase"":""search""},{""action"":{""execution_action"":""none"",""lip_action"":""none""},""phase"":""low""},{""action"":{""high_action"":""split"",""order_decision"":""only_cost""},""phase"":""high""},{""action"":{""candidate_id"":1,""schedule_alpha"":0.5},""phase"":""select""},{""action"":{""search_k"":1,""search_strategy"":""default""},""phase"":""search""},{""action"":{""execution_action"":""none"",""lip_action"":""none""},""phase"":""low""},{""action"":{""high_action"":""stop"",""order_decision"":""only_cost""},""phase"":""high""},{""action"":{""search_k"":1,""search_strategy"":""default""},""phase"":""search""},{""action"":{""execution_action"":""none"",""lip_action"":""none""},""phase"":""low""}]"
JOB,c,./workloads/query_job/16d.sql,w/o Query Topology,1560.283243656158,173.524000000000,ok,1318f60bc0ac9eb3ca4ac578870bec99e9ac05ece5a440ba30e253efb9ea5aeb,1,True,177b0cbc0fbb635d47eee79dcda26f35232bf60343468e96957d392d74426a86,c7fdb3e99b9ea27a71ccd3b0f6b4ede32e174ff333c1ecb614e76e8e6aa3e9a3,./results/models/ablation/state/no_query_topology/job/random_c/best.pt,"[{""action"":{""high_action"":""split"",""order_decision"":""only_cost""},""phase"":""high""},{""action"":{""candidate_id"":3,""schedule_alpha"":0.5},""phase"":""select""},{""action"":{""search_k"":1,""search_strategy"":""default""},""phase"":""search""},{""action"":{""execution_action"":""none"",""lip_action"":""none""},""phase"":""low""},{""action"":{""high_action"":""split"",""order_decision"":""only_cost""},""phase"":""high""},{""action"":{""candidate_id"":2,""schedule_alpha"":0.5},""phase"":""select""},{""action"":{""search_k"":1,""search_strategy"":""default""},""phase"":""search""},{""action"":{""execution_action"":""none"",""lip_action"":""none""},""phase"":""low""},{""action"":{""high_action"":""split"",""order_decision"":""only_cost""},""phase"":""high""},{""action"":{""candidate_id"":1,""schedule_alpha"":0.5},""phase"":""select""},{""action"":{""search_k"":1,""search_strategy"":""default""},""phase"":""search""},{""action"":{""execution_action"":""none"",""lip_action"":""none""},""phase"":""low""},{""action"":{""high_action"":""stop"",""order_decision"":""only_cost""},""phase"":""high""},{""action"":{""search_k"":1,""search_strategy"":""default""},""phase"":""search""},{""action"":{""execution_action"":""none"",""lip_action"":""none""},""phase"":""low""}]"
JOB,c,./workloads/query_job/17a.sql,w/o Query Topology,5327.870734035969,162.821000000000,ok,12f3484b478e4f8b8c8fb87fad1c71c58c270dfee71990c3ecc25050d8a36b0f,1,True,8917926c65614a6811e16b8816355e795289b1968c7bc5691b3cc413e8f36790,2adac3de0a31fc69b99e1639976d96a3bc31fc926ddae21c692806adc7d75adb,./results/models/ablation/state/no_query_topology/job/random_c/best.pt,"[{""action"":{""high_action"":""split"",""order_decision"":""only_cost""},""phase"":""high""},{""action"":{""candidate_id"":2,""schedule_alpha"":0.5},""phase"":""select""},{""action"":{""search_k"":1,""search_strategy"":""default""},""phase"":""search""},{""action"":{""execution_action"":""none"",""lip_action"":""none""},""phase"":""low""},{""action"":{""high_action"":""split"",""order_decision"":""only_cost""},""phase"":""high""},{""action"":{""candidate_id"":1,""schedule_alpha"":0.5},""phase"":""select""},{""action"":{""search_k"":1,""search_strategy"":""default""},""phase"":""search""},{""action"":{""execution_action"":""none"",""lip_action"":""none""},""phase"":""low""},{""action"":{""high_action"":""stop"",""order_decision"":""only_cost""},""phase"":""high""},{""action"":{""search_k"":1,""search_strategy"":""default""},""phase"":""search""},{""action"":{""execution_action"":""none"",""lip_action"":""none""},""phase"":""low""}]"
JOB,c,./workloads/query_job/17b.sql,w/o Query Topology,5706.624038517475,124.483000000000,ok,de642ce5a04416b5f5d58162138ce38932542abd6a7a7a08d538f1a6fc288f85,1,True,a0b4981ef56a9ea765c16ba96e0e63912eb1e3d6db05772ddc3716a2435dcae0,937f529c5674636f518a629cf5e0c01fd56735900d6fb92b931f3a8b7ae4e899,./results/models/ablation/state/no_query_topology/job/random_c/best.pt,"[{""action"":{""high_action"":""split"",""order_decision"":""only_cost""},""phase"":""high""},{""action"":{""candidate_id"":2,""schedule_alpha"":0.5},""phase"":""select""},{""action"":{""search_k"":1,""search_strategy"":""default""},""phase"":""search""},{""action"":{""execution_action"":""none"",""lip_action"":""none""},""phase"":""low""},{""action"":{""high_action"":""split"",""order_decision"":""only_cost""},""phase"":""high""},{""action"":{""candidate_id"":0,""schedule_alpha"":0.5},""phase"":""select""},{""action"":{""search_k"":1,""search_strategy"":""default""},""phase"":""search""},{""action"":{""execution_action"":""none"",""lip_action"":""none""},""phase"":""low""},{""action"":{""high_action"":""stop"",""order_decision"":""only_cost""},""phase"":""high""},{""action"":{""search_k"":1,""search_strategy"":""default""},""phase"":""search""},{""action"":{""execution_action"":""none"",""lip_action"":""none""},""phase"":""low""}]"
JOB,c,./workloads/query_job/17c.sql,w/o Query Topology,1005.763761699200,135.030000000000,ok,89318885181be4671a585035246d501b4eb546101d7a71035ac9eaf20c99bdff,1,True,4f83e84a06dfa5a876edceea62f3e0ce4f41327675bad39b4f489d0fe1235d5d,885182f330f14d68fa7721b6032e2d78083078b8a2d83e186b0c48214387186e,./results/models/ablation/state/no_query_topology/job/random_c/best.pt,"[{""action"":{""high_action"":""split"",""order_decision"":""only_cost""},""phase"":""high""},{""action"":{""candidate_id"":2,""schedule_alpha"":0.5},""phase"":""select""},{""action"":{""search_k"":1,""search_strategy"":""default""},""phase"":""search""},{""action"":{""execution_action"":""none"",""lip_action"":""none""},""phase"":""low""},{""action"":{""high_action"":""split"",""order_decision"":""only_cost""},""phase"":""high""},{""action"":{""candidate_id"":0,""schedule_alpha"":0.5},""phase"":""select""},{""action"":{""search_k"":1,""search_strategy"":""default""},""phase"":""search""},{""action"":{""execution_action"":""none"",""lip_action"":""none""},""phase"":""low""},{""action"":{""high_action"":""stop"",""order_decision"":""only_cost""},""phase"":""high""},{""action"":{""search_k"":1,""search_strategy"":""default""},""phase"":""search""},{""action"":{""execution_action"":""none"",""lip_action"":""none""},""phase"":""low""}]"
JOB,c,./workloads/query_job/17e.sql,w/o Query Topology,5555.694483220577,129.754000000000,ok,f737f87f1aee3edfa2a8464fe8782aa3d0139b69867ac6bfd244eb890fff19b5,1,True,f64610cb27de58fa03a0c9d776fdf1b0a3d9b7ceedd8ae650033ee33de937906,63f6373b2525876881be4c4eb2505d6df884496efb68c59e9c6e69b22670664d,./results/models/ablation/state/no_query_topology/job/random_c/best.pt,"[{""action"":{""high_action"":""split"",""order_decision"":""only_cost""},""phase"":""high""},{""action"":{""candidate_id"":2,""schedule_alpha"":0.5},""phase"":""select""},{""action"":{""search_k"":1,""search_strategy"":""default""},""phase"":""search""},{""action"":{""execution_action"":""none"",""lip_action"":""none""},""phase"":""low""},{""action"":{""high_action"":""split"",""order_decision"":""only_cost""},""phase"":""high""},{""action"":{""candidate_id"":1,""schedule_alpha"":0.5},""phase"":""select""},{""action"":{""search_k"":1,""search_strategy"":""default""},""phase"":""search""},{""action"":{""execution_action"":""none"",""lip_action"":""none""},""phase"":""low""},{""action"":{""high_action"":""stop"",""order_decision"":""only_cost""},""phase"":""high""},{""action"":{""search_k"":1,""search_strategy"":""default""},""phase"":""search""},{""action"":{""execution_action"":""none"",""lip_action"":""none""},""phase"":""low""}]"
JOB,c,./workloads/query_job/19d.sql,w/o Query Topology,6425.636641681194,271.907000000000,ok,a4539f795d93860062d39d330febb9a7e2eba327a0dde36ea917ef25d81da7fb,1,True,09c0e2d877d5450e391a2c8ddc6683f8282f8031cf788a071d05ecaeae3fa8a5,28f4af841240f04faccbd88ae907aeee15c518c377ba823dcada5d74457ebd1c,./results/models/ablation/state/no_query_topology/job/random_c/best.pt,"[{""action"":{""high_action"":""split"",""order_decision"":""only_cost""},""phase"":""high""},{""action"":{""candidate_id"":1,""schedule_alpha"":0.5},""phase"":""select""},{""action"":{""search_k"":1,""search_strategy"":""default""},""phase"":""search""},{""action"":{""execution_action"":""none"",""lip_action"":""none""},""phase"":""low""},{""action"":{""high_action"":""split"",""order_decision"":""only_cost""},""phase"":""high""},{""action"":{""candidate_id"":0,""schedule_alpha"":0.5},""phase"":""select""},{""action"":{""search_k"":1,""search_strategy"":""default""},""phase"":""search""},{""action"":{""execution_action"":""none"",""lip_action"":""none""},""phase"":""low""},{""action"":{""high_action"":""split"",""order_decision"":""only_cost""},""phase"":""high""},{""action"":{""candidate_id"":1,""schedule_alpha"":0.5},""phase"":""select""},{""action"":{""search_k"":1,""search_strategy"":""default""},""phase"":""search""},{""action"":{""execution_action"":""none"",""lip_action"":""none""},""phase"":""low""},{""action"":{""high_action"":""stop"",""order_decision"":""only_cost""},""phase"":""high""},{""action"":{""search_k"":1,""search_strategy"":""default""},""phase"":""search""},{""action"":{""execution_action"":""none"",""lip_action"":""none""},""phase"":""low""}]"
JOB,c,./workloads/query_job/1b.sql,w/o Query Topology,138.006806373596,117.613000000000,ok,be1d6ac40c20f262e1328dfd04b2021cc535502e6b32eff765a057282a5df4f7,1,True,c6e0cf18128bdbce9601e3358198f681c10d5862471045cd724113048e9b2060,d5516c82035194f811cc74720aff44a464bf74ab0fc4c3adfa088560b1a844fc,./results/models/ablation/state/no_query_topology/job/random_c/best.pt,"[{""action"":{""high_action"":""split"",""order_decision"":""only_cost""},""phase"":""high""},{""action"":{""candidate_id"":1,""schedule_alpha"":0.5},""phase"":""select""},{""action"":{""search_k"":1,""search_strategy"":""default""},""phase"":""search""},{""action"":{""execution_action"":""none"",""lip_action"":""none""},""phase"":""low""},{""action"":{""high_action"":""stop"",""order_decision"":""only_cost""},""phase"":""high""},{""action"":{""search_k"":1,""search_strategy"":""default""},""phase"":""search""},{""action"":{""execution_action"":""none"",""lip_action"":""none""},""phase"":""low""}]"
JOB,c,./workloads/query_job/1c.sql,w/o Query Topology,480.357319116592,98.135000000000,ok,c9cfeb2c53a9c7d56ba455c5c333a8fac5db32559ebd94b17f2dbd68a69e1122,1,True,cd8271cf84fca4685d4374bf1e427a43d29013d55cba14421f2e6e0cf7304815,47a1beaec78491807c82a3ce9bce31926c23dbb626131f17b170c4c3d9944c7b,./results/models/ablation/state/no_query_topology/job/random_c/best.pt,"[{""action"":{""high_action"":""split"",""order_decision"":""only_cost""},""phase"":""high""},{""action"":{""candidate_id"":0,""schedule_alpha"":0.5},""phase"":""select""},{""action"":{""search_k"":1,""search_strategy"":""default""},""phase"":""search""},{""action"":{""execution_action"":""none"",""lip_action"":""none""},""phase"":""low""},{""action"":{""high_action"":""stop"",""order_decision"":""only_cost""},""phase"":""high""},{""action"":{""search_k"":1,""search_strategy"":""default""},""phase"":""search""},{""action"":{""execution_action"":""none"",""lip_action"":""none""},""phase"":""low""}]"
JOB,c,./workloads/query_job/20c.sql,w/o Query Topology,1230.342872440815,196.931000000000,ok,568e7928022d673040c12df4a67123a0784853e4f2fd144a3c3ad416f6a0ff39,1,True,057503f88f8f2078ac6ccfcffea28186ad1384dbd6404808dd3fce8cf9429ba1,c5fa23fa33bc81437dc8e6e1c1879f9ef95f4ae9691281f7a3d6fabf67d918bf,./results/models/ablation/state/no_query_topology/job/random_c/best.pt,"[{""action"":{""high_action"":""split"",""order_decision"":""only_cost""},""phase"":""high""},{""action"":{""candidate_id"":2,""schedule_alpha"":0.5},""phase"":""select""},{""action"":{""search_k"":1,""search_strategy"":""default""},""phase"":""search""},{""action"":{""execution_action"":""none"",""lip_action"":""none""},""phase"":""low""},{""action"":{""high_action"":""split"",""order_decision"":""only_cost""},""phase"":""high""},{""action"":{""candidate_id"":2,""schedule_alpha"":0.5},""phase"":""select""},{""action"":{""search_k"":1,""search_strategy"":""default""},""phase"":""search""},{""action"":{""execution_action"":""none"",""lip_action"":""none""},""phase"":""low""},{""action"":{""high_action"":""split"",""order_decision"":""only_cost""},""phase"":""high""},{""action"":{""candidate_id"":0,""schedule_alpha"":0.5},""phase"":""select""},{""action"":{""search_k"":1,""search_strategy"":""default""},""phase"":""search""},{""action"":{""execution_action"":""none"",""lip_action"":""none""},""phase"":""low""},{""action"":{""high_action"":""stop"",""order_decision"":""only_cost""},""phase"":""high""},{""action"":{""search_k"":1,""search_strategy"":""default""},""phase"":""search""},{""action"":{""execution_action"":""none"",""lip_action"":""none""},""phase"":""low""}]"
JOB,c,./workloads/query_job/21a.sql,w/o Query Topology,368.382677435875,197.111000000000,ok,6114bcae99606cbd64c86c8dd7da67c69f8e545ea60c5213503552460a7306d0,1,True,707ba6d41e3b4350ecf28ee210653cec2d7c9e1e9b74773592ae4a13f30dcccd,68099d88a205dc7d9adfd1835d517dbc455c33f99e5ae8c7d5afb16dd7406fed,./results/models/ablation/state/no_query_topology/job/random_c/best.pt,"[{""action"":{""high_action"":""split"",""order_decision"":""only_cost""},""phase"":""high""},{""action"":{""candidate_id"":2,""schedule_alpha"":0.5},""phase"":""select""},{""action"":{""search_k"":1,""search_strategy"":""default""},""phase"":""search""},{""action"":{""execution_action"":""none"",""lip_action"":""none""},""phase"":""low""},{""action"":{""high_action"":""split"",""order_decision"":""only_cost""},""phase"":""high""},{""action"":{""candidate_id"":2,""schedule_alpha"":0.5},""phase"":""select""},{""action"":{""search_k"":1,""search_strategy"":""default""},""phase"":""search""},{""action"":{""execution_action"":""none"",""lip_action"":""none""},""phase"":""low""},{""action"":{""high_action"":""split"",""order_decision"":""only_cost""},""phase"":""high""},{""action"":{""candidate_id"":0,""schedule_alpha"":0.5},""phase"":""select""},{""action"":{""search_k"":1,""search_strategy"":""default""},""phase"":""search""},{""action"":{""execution_action"":""none"",""lip_action"":""none""},""phase"":""low""},{""action"":{""high_action"":""stop"",""order_decision"":""only_cost""},""phase"":""high""},{""action"":{""search_k"":1,""search_strategy"":""default""},""phase"":""search""},{""action"":{""execution_action"":""none"",""lip_action"":""none""},""phase"":""low""}]"
JOB,c,./workloads/query_job/21b.sql,w/o Query Topology,339.379049837589,179.466000000000,ok,1da28682b56bf46849a42e55ba2b328e656ccb98f2f56a02e22549b0a2dec397,1,True,d10c951b1fe7c3cee3507404f958fb6a03650b7473aa028c6c5704695b11eaf4,9d212f0391a985d9c678ea07ea4cd9f04dea5554cf0b965a76cec0b197a5573d,./results/models/ablation/state/no_query_topology/job/random_c/best.pt,"[{""action"":{""high_action"":""split"",""order_decision"":""only_cost""},""phase"":""high""},{""action"":{""candidate_id"":2,""schedule_alpha"":0.5},""phase"":""select""},{""action"":{""search_k"":1,""search_strategy"":""default""},""phase"":""search""},{""action"":{""execution_action"":""none"",""lip_action"":""none""},""phase"":""low""},{""action"":{""high_action"":""split"",""order_decision"":""only_cost""},""phase"":""high""},{""action"":{""candidate_id"":2,""schedule_alpha"":0.5},""phase"":""select""},{""action"":{""search_k"":1,""search_strategy"":""default""},""phase"":""search""},{""action"":{""execution_action"":""none"",""lip_action"":""none""},""phase"":""low""},{""action"":{""high_action"":""split"",""order_decision"":""only_cost""},""phase"":""high""},{""action"":{""candidate_id"":0,""schedule_alpha"":0.5},""phase"":""select""},{""action"":{""search_k"":1,""search_strategy"":""default""},""phase"":""search""},{""action"":{""execution_action"":""none"",""lip_action"":""none""},""phase"":""low""},{""action"":{""high_action"":""stop"",""order_decision"":""only_cost""},""phase"":""high""},{""action"":{""search_k"":1,""search_strategy"":""default""},""phase"":""search""},{""action"":{""execution_action"":""none"",""lip_action"":""none""},""phase"":""low""}]"
JOB,c,./workloads/query_job/21c.sql,w/o Query Topology,495.996654033661,304.103000000000,ok,83811c5c01e3bdbafff3ac6671360f1cb19c1452dd9ec0b095bcd21856c36865,1,True,28b2462492b064d70e1bacc811eb1f69b1e786641c8ca29eaf7854859a6d2b68,4af239a5dc4d0d5686c058d5941b6f7abf5da2a5fc610d01c300523aa595a179,./results/models/ablation/state/no_query_topology/job/random_c/best.pt,"[{""action"":{""high_action"":""split"",""order_decision"":""only_cost""},""phase"":""high""},{""action"":{""candidate_id"":2,""schedule_alpha"":0.5},""phase"":""select""},{""action"":{""search_k"":1,""search_strategy"":""default""},""phase"":""search""},{""action"":{""execution_action"":""none"",""lip_action"":""none""},""phase"":""low""},{""action"":{""high_action"":""split"",""order_decision"":""only_cost""},""phase"":""high""},{""action"":{""candidate_id"":2,""schedule_alpha"":0.5},""phase"":""select""},{""action"":{""search_k"":1,""search_strategy"":""default""},""phase"":""search""},{""action"":{""execution_action"":""none"",""lip_action"":""none""},""phase"":""low""},{""action"":{""high_action"":""split"",""order_decision"":""only_cost""},""phase"":""high""},{""action"":{""candidate_id"":0,""schedule_alpha"":0.5},""phase"":""select""},{""action"":{""search_k"":1,""search_strategy"":""default""},""phase"":""search""},{""action"":{""execution_action"":""none"",""lip_action"":""none""},""phase"":""low""},{""action"":{""high_action"":""stop"",""order_decision"":""only_cost""},""phase"":""high""},{""action"":{""search_k"":1,""search_strategy"":""default""},""phase"":""search""},{""action"":{""execution_action"":""none"",""lip_action"":""none""},""phase"":""low""}]"
JOB,c,./workloads/query_job/23a.sql,w/o Query Topology,993.319526314735,278.748000000000,ok,e33290c8b8a911bae419941260d0bb2e09cceab157ff21cbd4088e50c3a1cc9b,1,True,b18735238f5f695bf5c7cb925d45ce46200bd8d0efe95f53607216cb437a0539,2ee2d05d339ac7d661101e678f28653a1cb6b2598cdc7b4016ba960a60b5be63,./results/models/ablation/state/no_query_topology/job/random_c/best.pt,"[{""action"":{""high_action"":""split"",""order_decision"":""only_cost""},""phase"":""high""},{""action"":{""candidate_id"":2,""schedule_alpha"":0.5},""phase"":""select""},{""action"":{""search_k"":1,""search_strategy"":""default""},""phase"":""search""},{""action"":{""execution_action"":""none"",""lip_action"":""none""},""phase"":""low""},{""action"":{""high_action"":""split"",""order_decision"":""only_cost""},""phase"":""high""},{""action"":{""candidate_id"":1,""schedule_alpha"":0.5},""phase"":""select""},{""action"":{""search_k"":1,""search_strategy"":""default""},""phase"":""search""},{""action"":{""execution_action"":""none"",""lip_action"":""none""},""phase"":""low""},{""action"":{""high_action"":""split"",""order_decision"":""only_cost""},""phase"":""high""},{""action"":{""candidate_id"":0,""schedule_alpha"":0.5},""phase"":""select""},{""action"":{""search_k"":1,""search_strategy"":""default""},""phase"":""search""},{""action"":{""execution_action"":""none"",""lip_action"":""none""},""phase"":""low""},{""action"":{""high_action"":""split"",""order_decision"":""only_cost""},""phase"":""high""},{""action"":{""candidate_id"":0,""schedule_alpha"":0.5},""phase"":""select""},{""action"":{""search_k"":1,""search_strategy"":""default""},""phase"":""search""},{""action"":{""execution_action"":""none"",""lip_action"":""none""},""phase"":""low""},{""action"":{""high_action"":""stop"",""order_decision"":""only_cost""},""phase"":""high""},{""action"":{""search_k"":1,""search_strategy"":""default""},""phase"":""search""},{""action"":{""execution_action"":""none"",""lip_action"":""none""},""phase"":""low""}]"
JOB,c,./workloads/query_job/24b.sql,w/o Query Topology,404.829621315002,285.748000000000,ok,c6a12dd8a9651eef2928671373921d7e677edea1ec96df6544103293106311ef,1,True,a0105c0c9d70eabe35f60231ae0e06ff11722212bb1687c82490406f9c98927a,2ca8feb974a734617b8cccc5a5253c2be6ce8af5f2779d65ecce5c9b03ee5de2,./results/models/ablation/state/no_query_topology/job/random_c/best.pt,"[{""action"":{""high_action"":""split"",""order_decision"":""only_cost""},""phase"":""high""},{""action"":{""candidate_id"":2,""schedule_alpha"":0.5},""phase"":""select""},{""action"":{""search_k"":1,""search_strategy"":""default""},""phase"":""search""},{""action"":{""execution_action"":""none"",""lip_action"":""none""},""phase"":""low""},{""action"":{""high_action"":""split"",""order_decision"":""only_cost""},""phase"":""high""},{""action"":{""candidate_id"":3,""schedule_alpha"":0.5},""phase"":""select""},{""action"":{""search_k"":1,""search_strategy"":""default""},""phase"":""search""},{""action"":{""execution_action"":""none"",""lip_action"":""none""},""phase"":""low""},{""action"":{""high_action"":""split"",""order_decision"":""only_cost""},""phase"":""high""},{""action"":{""candidate_id"":1,""schedule_alpha"":0.5},""phase"":""select""},{""action"":{""search_k"":1,""search_strategy"":""default""},""phase"":""search""},{""action"":{""execution_action"":""none"",""lip_action"":""none""},""phase"":""low""},{""action"":{""high_action"":""split"",""order_decision"":""only_cost""},""phase"":""high""},{""action"":{""candidate_id"":0,""schedule_alpha"":0.5},""phase"":""select""},{""action"":{""search_k"":1,""search_strategy"":""default""},""phase"":""search""},{""action"":{""execution_action"":""none"",""lip_action"":""none""},""phase"":""low""},{""action"":{""high_action"":""stop"",""order_decision"":""only_cost""},""phase"":""high""},{""action"":{""search_k"":1,""search_strategy"":""default""},""phase"":""search""},{""action"":{""execution_action"":""none"",""lip_action"":""none""},""phase"":""low""}]"
JOB,c,./workloads/query_job/25a.sql,w/o Query Topology,1941.372059285641,216.786000000000,ok,3f61bc3b5b8945716ddc701b2a0b19f860043a01c2e6df0e838c90693f07dd20,1,True,e14f8b96f959046616951f3ffe5831b224f3dcfa16063ef750a9abe759e91d63,b6c1827cef7f7a6993bb08d570fb97c0733654ab1218d6ec129591a64fe10b60,./results/models/ablation/state/no_query_topology/job/random_c/best.pt,"[{""action"":{""high_action"":""split"",""order_decision"":""only_cost""},""phase"":""high""},{""action"":{""candidate_id"":3,""schedule_alpha"":0.5},""phase"":""select""},{""action"":{""search_k"":1,""search_strategy"":""default""},""phase"":""search""},{""action"":{""execution_action"":""none"",""lip_action"":""none""},""phase"":""low""},{""action"":{""high_action"":""split"",""order_decision"":""only_cost""},""phase"":""high""},{""action"":{""candidate_id"":1,""schedule_alpha"":0.5},""phase"":""select""},{""action"":{""search_k"":1,""search_strategy"":""default""},""phase"":""search""},{""action"":{""execution_action"":""none"",""lip_action"":""none""},""phase"":""low""},{""action"":{""high_action"":""split"",""order_decision"":""only_cost""},""phase"":""high""},{""action"":{""candidate_id"":1,""schedule_alpha"":0.5},""phase"":""select""},{""action"":{""search_k"":1,""search_strategy"":""default""},""phase"":""search""},{""action"":{""execution_action"":""none"",""lip_action"":""none""},""phase"":""low""},{""action"":{""high_action"":""stop"",""order_decision"":""only_cost""},""phase"":""high""},{""action"":{""search_k"":1,""search_strategy"":""default""},""phase"":""search""},{""action"":{""execution_action"":""none"",""lip_action"":""none""},""phase"":""low""}]"
JOB,c,./workloads/query_job/25b.sql,w/o Query Topology,623.305521905422,184.094000000000,ok,a6dff347cc4e2c49ccacd365b50a365a6fabbfadf92d2cdfddeb9d790e3bbb17,1,True,281a9e85a78698c1d0f6c2d2068817ccdcdf7237bad1be460d828da654b0cb02,069737e86b588b2ae40b0289582ca1bf597d9c6255ddfe48c10a10aa943ed7e7,./results/models/ablation/state/no_query_topology/job/random_c/best.pt,"[{""action"":{""high_action"":""split"",""order_decision"":""only_cost""},""phase"":""high""},{""action"":{""candidate_id"":3,""schedule_alpha"":0.5},""phase"":""select""},{""action"":{""search_k"":1,""search_strategy"":""default""},""phase"":""search""},{""action"":{""execution_action"":""none"",""lip_action"":""none""},""phase"":""low""},{""action"":{""high_action"":""split"",""order_decision"":""only_cost""},""phase"":""high""},{""action"":{""candidate_id"":2,""schedule_alpha"":0.5},""phase"":""select""},{""action"":{""search_k"":1,""search_strategy"":""default""},""phase"":""search""},{""action"":{""execution_action"":""none"",""lip_action"":""none""},""phase"":""low""},{""action"":{""high_action"":""split"",""order_decision"":""only_cost""},""phase"":""high""},{""action"":{""candidate_id"":1,""schedule_alpha"":0.5},""phase"":""select""},{""action"":{""search_k"":1,""search_strategy"":""default""},""phase"":""search""},{""action"":{""execution_action"":""none"",""lip_action"":""none""},""phase"":""low""},{""action"":{""high_action"":""stop"",""order_decision"":""only_cost""},""phase"":""high""},{""action"":{""search_k"":1,""search_strategy"":""default""},""phase"":""search""},{""action"":{""execution_action"":""none"",""lip_action"":""none""},""phase"":""low""}]"
JOB,c,./workloads/query_job/26c.sql,w/o Query Topology,1459.535531699657,359.528000000000,ok,028fa66983476fd11ebe0fc3fe75f01f243fb077ff18202487babf6b5905aae1,1,True,c72c2d810ed0cac27e72d902076fd43ebf8ba70a711dd2599fd1cf9255b8a6ca,8262f5b012fb67a212070fd2bd3658fa82b69988ea8b411c177ac113a2e96d41,./results/models/ablation/state/no_query_topology/job/random_c/best.pt,"[{""action"":{""high_action"":""split"",""order_decision"":""only_cost""},""phase"":""high""},{""action"":{""candidate_id"":3,""schedule_alpha"":0.5},""phase"":""select""},{""action"":{""search_k"":1,""search_strategy"":""default""},""phase"":""search""},{""action"":{""execution_action"":""none"",""lip_action"":""none""},""phase"":""low""},{""action"":{""high_action"":""split"",""order_decision"":""only_cost""},""phase"":""high""},{""action"":{""candidate_id"":2,""schedule_alpha"":0.5},""phase"":""select""},{""action"":{""search_k"":1,""search_strategy"":""default""},""phase"":""search""},{""action"":{""execution_action"":""none"",""lip_action"":""none""},""phase"":""low""},{""action"":{""high_action"":""split"",""order_decision"":""only_cost""},""phase"":""high""},{""action"":{""candidate_id"":0,""schedule_alpha"":0.5},""phase"":""select""},{""action"":{""search_k"":1,""search_strategy"":""default""},""phase"":""search""},{""action"":{""execution_action"":""none"",""lip_action"":""none""},""phase"":""low""},{""action"":{""high_action"":""split"",""order_decision"":""only_cost""},""phase"":""high""},{""action"":{""candidate_id"":1,""schedule_alpha"":0.5},""phase"":""select""},{""action"":{""search_k"":1,""search_strategy"":""default""},""phase"":""search""},{""action"":{""execution_action"":""none"",""lip_action"":""none""},""phase"":""low""},{""action"":{""high_action"":""stop"",""order_decision"":""only_cost""},""phase"":""high""},{""action"":{""search_k"":1,""search_strategy"":""default""},""phase"":""search""},{""action"":{""execution_action"":""none"",""lip_action"":""none""},""phase"":""low""}]"
JOB,c,./workloads/query_job/27b.sql,w/o Query Topology,450.226888060570,281.383000000000,ok,4eb4e5bb88d274fb571daa3d9537d134ac91e3971795bedfe21b63973b8a983c,1,True,3df8b4904c8f1af01ee3ec65122484cc3e07b54203aa4a18b921cca0ed7b458a,4881e9cfb42fab453eee9fe3c2e166511b40d3afac54ea0adc614b43c2f6a659,./results/models/ablation/state/no_query_topology/job/random_c/best.pt,"[{""action"":{""high_action"":""split"",""order_decision"":""only_cost""},""phase"":""high""},{""action"":{""candidate_id"":3,""schedule_alpha"":0.5},""phase"":""select""},{""action"":{""search_k"":1,""search_strategy"":""default""},""phase"":""search""},{""action"":{""execution_action"":""none"",""lip_action"":""none""},""phase"":""low""},{""action"":{""high_action"":""split"",""order_decision"":""only_cost""},""phase"":""high""},{""action"":{""candidate_id"":3,""schedule_alpha"":0.5},""phase"":""select""},{""action"":{""search_k"":1,""search_strategy"":""default""},""phase"":""search""},{""action"":{""execution_action"":""none"",""lip_action"":""none""},""phase"":""low""},{""action"":{""high_action"":""split"",""order_decision"":""only_cost""},""phase"":""high""},{""action"":{""candidate_id"":0,""schedule_alpha"":0.5},""phase"":""select""},{""action"":{""search_k"":1,""search_strategy"":""default""},""phase"":""search""},{""action"":{""execution_action"":""none"",""lip_action"":""none""},""phase"":""low""},{""action"":{""high_action"":""split"",""order_decision"":""only_cost""},""phase"":""high""},{""action"":{""candidate_id"":0,""schedule_alpha"":0.5},""phase"":""select""},{""action"":{""search_k"":1,""search_strategy"":""default""},""phase"":""search""},{""action"":{""execution_action"":""none"",""lip_action"":""none""},""phase"":""low""},{""action"":{""high_action"":""stop"",""order_decision"":""only_cost""},""phase"":""high""},{""action"":{""search_k"":1,""search_strategy"":""default""},""phase"":""search""},{""action"":{""execution_action"":""none"",""lip_action"":""none""},""phase"":""low""}]"
JOB,c,./workloads/query_job/28a.sql,w/o Query Topology,1028.064042329788,346.744000000000,ok,9bbfa4b43836dbcd01ed830b9188456a9d9309e4cc0ef0948c1f6ff8b2c0e39c,1,True,c18c452d9db8ceb30a7d3b0e69a47ae3c25ddedc97184f9423fa632b25d69884,d28064a653b4c05bbb488910fcfa89aa8881ce5b82f834fbc7851275831af483,./results/models/ablation/state/no_query_topology/job/random_c/best.pt,"[{""action"":{""high_action"":""split"",""order_decision"":""only_cost""},""phase"":""high""},{""action"":{""candidate_id"":4,""schedule_alpha"":0.5},""phase"":""select""},{""action"":{""search_k"":1,""search_strategy"":""default""},""phase"":""search""},{""action"":{""execution_action"":""none"",""lip_action"":""none""},""phase"":""low""},{""action"":{""high_action"":""split"",""order_decision"":""only_cost""},""phase"":""high""},{""action"":{""candidate_id"":1,""schedule_alpha"":0.5},""phase"":""select""},{""action"":{""search_k"":1,""search_strategy"":""default""},""phase"":""search""},{""action"":{""execution_action"":""none"",""lip_action"":""none""},""phase"":""low""},{""action"":{""high_action"":""split"",""order_decision"":""only_cost""},""phase"":""high""},{""action"":{""candidate_id"":3,""schedule_alpha"":0.5},""phase"":""select""},{""action"":{""search_k"":1,""search_strategy"":""default""},""phase"":""search""},{""action"":{""execution_action"":""none"",""lip_action"":""none""},""phase"":""low""},{""action"":{""high_action"":""split"",""order_decision"":""only_cost""},""phase"":""high""},{""action"":{""candidate_id"":0,""schedule_alpha"":0.5},""phase"":""select""},{""action"":{""search_k"":1,""search_strategy"":""default""},""phase"":""search""},{""action"":{""execution_action"":""none"",""lip_action"":""none""},""phase"":""low""},{""action"":{""high_action"":""split"",""order_decision"":""only_cost""},""phase"":""high""},{""action"":{""candidate_id"":1,""schedule_alpha"":0.5},""phase"":""select""},{""action"":{""search_k"":1,""search_strategy"":""default""},""phase"":""search""},{""action"":{""execution_action"":""none"",""lip_action"":""none""},""phase"":""low""},{""action"":{""high_action"":""stop"",""order_decision"":""only_cost""},""phase"":""high""},{""action"":{""search_k"":1,""search_strategy"":""default""},""phase"":""search""},{""action"":{""execution_action"":""none"",""lip_action"":""none""},""phase"":""low""}]"
JOB,c,./workloads/query_job/29a.sql,w/o Query Topology,449.789114296436,341.868000000000,ok,6931843f19cb52122ed461369626a4f45f6b0550fbb8e5608f26c0a53fbfa63e,1,True,8449905c675eb3ca264e1f1e5568fa03002e0a7bc486d54c71ffe8dbbe276332,adec67fecb9efcefc6f0dcd0e41f85e047b75e6ee4ec93c2b0f291ef93b51a92,./results/models/ablation/state/no_query_topology/job/random_c/best.pt,"[{""action"":{""high_action"":""split"",""order_decision"":""only_cost""},""phase"":""high""},{""action"":{""candidate_id"":5,""schedule_alpha"":0.5},""phase"":""select""},{""action"":{""search_k"":1,""search_strategy"":""default""},""phase"":""search""},{""action"":{""execution_action"":""none"",""lip_action"":""none""},""phase"":""low""},{""action"":{""high_action"":""split"",""order_decision"":""only_cost""},""phase"":""high""},{""action"":{""candidate_id"":1,""schedule_alpha"":0.5},""phase"":""select""},{""action"":{""search_k"":1,""search_strategy"":""default""},""phase"":""search""},{""action"":{""execution_action"":""none"",""lip_action"":""none""},""phase"":""low""},{""action"":{""high_action"":""split"",""order_decision"":""only_cost""},""phase"":""high""},{""action"":{""candidate_id"":2,""schedule_alpha"":0.5},""phase"":""select""},{""action"":{""search_k"":1,""search_strategy"":""default""},""phase"":""search""},{""action"":{""execution_action"":""none"",""lip_action"":""none""},""phase"":""low""},{""action"":{""high_action"":""split"",""order_decision"":""only_cost""},""phase"":""high""},{""action"":{""candidate_id"":1,""schedule_alpha"":0.5},""phase"":""select""},{""action"":{""search_k"":1,""search_strategy"":""default""},""phase"":""search""},{""action"":{""execution_action"":""none"",""lip_action"":""none""},""phase"":""low""},{""action"":{""high_action"":""split"",""order_decision"":""only_cost""},""phase"":""high""},{""action"":{""candidate_id"":2,""schedule_alpha"":0.5},""phase"":""select""},{""action"":{""search_k"":1,""search_strategy"":""default""},""phase"":""search""},{""action"":{""execution_action"":""none"",""lip_action"":""none""},""phase"":""low""},{""action"":{""high_action"":""split"",""order_decision"":""only_cost""},""phase"":""high""},{""action"":{""candidate_id"":1,""schedule_alpha"":0.5},""phase"":""select""},{""action"":{""search_k"":1,""search_strategy"":""default""},""phase"":""search""},{""action"":{""execution_action"":""none"",""lip_action"":""none""},""phase"":""low""},{""action"":{""high_action"":""stop"",""order_decision"":""only_cost""},""phase"":""high""},{""action"":{""search_k"":1,""search_strategy"":""default""},""phase"":""search""},{""action"":{""execution_action"":""none"",""lip_action"":""none""},""phase"":""low""}]"
JOB,c,./workloads/query_job/29c.sql,w/o Query Topology,654.435910284519,343.147000000000,ok,77d7c0fd6a7f7c2de253fe8fc44b2b6ae848c0c1e246c513425c8f83965bf0b0,1,True,e9e0d24e272e9773a669bab098699b80c9b39ef0dff5bc1127a3ac6d3084dd4e,22aac18c21047a4485b6988d6ae0eb3a5bced5dc122090a0f88ed63088d0b009,./results/models/ablation/state/no_query_topology/job/random_c/best.pt,"[{""action"":{""high_action"":""split"",""order_decision"":""only_cost""},""phase"":""high""},{""action"":{""candidate_id"":5,""schedule_alpha"":0.5},""phase"":""select""},{""action"":{""search_k"":1,""search_strategy"":""default""},""phase"":""search""},{""action"":{""execution_action"":""none"",""lip_action"":""none""},""phase"":""low""},{""action"":{""high_action"":""split"",""order_decision"":""only_cost""},""phase"":""high""},{""action"":{""candidate_id"":2,""schedule_alpha"":0.5},""phase"":""select""},{""action"":{""search_k"":1,""search_strategy"":""default""},""phase"":""search""},{""action"":{""execution_action"":""none"",""lip_action"":""none""},""phase"":""low""},{""action"":{""high_action"":""split"",""order_decision"":""only_cost""},""phase"":""high""},{""action"":{""candidate_id"":1,""schedule_alpha"":0.5},""phase"":""select""},{""action"":{""search_k"":1,""search_strategy"":""default""},""phase"":""search""},{""action"":{""execution_action"":""none"",""lip_action"":""none""},""phase"":""low""},{""action"":{""high_action"":""split"",""order_decision"":""only_cost""},""phase"":""high""},{""action"":{""candidate_id"":0,""schedule_alpha"":0.5},""phase"":""select""},{""action"":{""search_k"":1,""search_strategy"":""default""},""phase"":""search""},{""action"":{""execution_action"":""none"",""lip_action"":""none""},""phase"":""low""},{""action"":{""high_action"":""split"",""order_decision"":""only_cost""},""phase"":""high""},{""action"":{""candidate_id"":1,""schedule_alpha"":0.5},""phase"":""select""},{""action"":{""search_k"":1,""search_strategy"":""default""},""phase"":""search""},{""action"":{""execution_action"":""none"",""lip_action"":""none""},""phase"":""low""},{""action"":{""high_action"":""split"",""order_decision"":""only_cost""},""phase"":""high""},{""action"":{""candidate_id"":1,""schedule_alpha"":0.5},""phase"":""select""},{""action"":{""search_k"":1,""search_strategy"":""default""},""phase"":""search""},{""action"":{""execution_action"":""none"",""lip_action"":""none""},""phase"":""low""},{""action"":{""high_action"":""stop"",""order_decision"":""only_cost""},""phase"":""high""},{""action"":{""search_k"":1,""search_strategy"":""default""},""phase"":""search""},{""action"":{""execution_action"":""none"",""lip_action"":""none""},""phase"":""low""}]"
JOB,c,./workloads/query_job/30a.sql,w/o Query Topology,1600.789427757263,284.758000000000,ok,75f27277da0bf405cd685f3341baca046a6788152a4b13a72ad743837698d0b5,1,True,2e14d44df64d79837c59272f6a260a09ce7a31426112f78169b869dc5cfe2a68,66adb78afaf8166fcc93b1ac229eaa250669a40b8309397a3142dc1e1fca4aeb,./results/models/ablation/state/no_query_topology/job/random_c/best.pt,"[{""action"":{""high_action"":""split"",""order_decision"":""only_cost""},""phase"":""high""},{""action"":{""candidate_id"":4,""schedule_alpha"":0.5},""phase"":""select""},{""action"":{""search_k"":1,""search_strategy"":""default""},""phase"":""search""},{""action"":{""execution_action"":""none"",""lip_action"":""none""},""phase"":""low""},{""action"":{""high_action"":""split"",""order_decision"":""only_cost""},""phase"":""high""},{""action"":{""candidate_id"":2,""schedule_alpha"":0.5},""phase"":""select""},{""action"":{""search_k"":1,""search_strategy"":""default""},""phase"":""search""},{""action"":{""execution_action"":""none"",""lip_action"":""none""},""phase"":""low""},{""action"":{""high_action"":""split"",""order_decision"":""only_cost""},""phase"":""high""},{""action"":{""candidate_id"":2,""schedule_alpha"":0.5},""phase"":""select""},{""action"":{""search_k"":1,""search_strategy"":""default""},""phase"":""search""},{""action"":{""execution_action"":""none"",""lip_action"":""none""},""phase"":""low""},{""action"":{""high_action"":""split"",""order_decision"":""only_cost""},""phase"":""high""},{""action"":{""candidate_id"":0,""schedule_alpha"":0.5},""phase"":""select""},{""action"":{""search_k"":1,""search_strategy"":""default""},""phase"":""search""},{""action"":{""execution_action"":""none"",""lip_action"":""none""},""phase"":""low""},{""action"":{""high_action"":""stop"",""order_decision"":""only_cost""},""phase"":""high""},{""action"":{""search_k"":1,""search_strategy"":""default""},""phase"":""search""},{""action"":{""execution_action"":""none"",""lip_action"":""none""},""phase"":""low""}]"
JOB,c,./workloads/query_job/31a.sql,w/o Query Topology,1009.763643145561,238.859000000000,ok,27264682db1c692f629cbc378c2d1c85c8c6d056671bebcf765b2be4f122e770,1,True,d2dc9f276457e47de7006830b468b55de8c3d7dd2668bcbf127ae4d11c1b22d4,ad4a1e5716d7ce31073a8a14fe6486dbb53a5862455b68c4d2fb8265299b5612,./results/models/ablation/state/no_query_topology/job/random_c/best.pt,"[{""action"":{""high_action"":""split"",""order_decision"":""only_cost""},""phase"":""high""},{""action"":{""candidate_id"":4,""schedule_alpha"":0.5},""phase"":""select""},{""action"":{""search_k"":1,""search_strategy"":""default""},""phase"":""search""},{""action"":{""execution_action"":""none"",""lip_action"":""none""},""phase"":""low""},{""action"":{""high_action"":""split"",""order_decision"":""only_cost""},""phase"":""high""},{""action"":{""candidate_id"":1,""schedule_alpha"":0.5},""phase"":""select""},{""action"":{""search_k"":1,""search_strategy"":""default""},""phase"":""search""},{""action"":{""execution_action"":""none"",""lip_action"":""none""},""phase"":""low""},{""action"":{""high_action"":""split"",""order_decision"":""only_cost""},""phase"":""high""},{""action"":{""candidate_id"":2,""schedule_alpha"":0.5},""phase"":""select""},{""action"":{""search_k"":1,""search_strategy"":""default""},""phase"":""search""},{""action"":{""execution_action"":""none"",""lip_action"":""none""},""phase"":""low""},{""action"":{""high_action"":""split"",""order_decision"":""only_cost""},""phase"":""high""},{""action"":{""candidate_id"":1,""schedule_alpha"":0.5},""phase"":""select""},{""action"":{""search_k"":1,""search_strategy"":""default""},""phase"":""search""},{""action"":{""execution_action"":""none"",""lip_action"":""none""},""phase"":""low""},{""action"":{""high_action"":""stop"",""order_decision"":""only_cost""},""phase"":""high""},{""action"":{""search_k"":1,""search_strategy"":""default""},""phase"":""search""},{""action"":{""execution_action"":""none"",""lip_action"":""none""},""phase"":""low""}]"
JOB,c,./workloads/query_job/31b.sql,w/o Query Topology,855.623781681061,270.752000000000,ok,17bebc2b6a6ef3426f94300ca4385edad88ebd34fac62fd56a0fc58c24e5b98e,1,True,11e154b81196595c9f6586af705e2a15a4467a7ea65eb6fc4c6953fad900ea03,942bbf6a4bc8460791e267b26a1ca6d4b6b0b72524f0db793a16352e5d2fc5e7,./results/models/ablation/state/no_query_topology/job/random_c/best.pt,"[{""action"":{""high_action"":""split"",""order_decision"":""only_cost""},""phase"":""high""},{""action"":{""candidate_id"":4,""schedule_alpha"":0.5},""phase"":""select""},{""action"":{""search_k"":1,""search_strategy"":""default""},""phase"":""search""},{""action"":{""execution_action"":""none"",""lip_action"":""none""},""phase"":""low""},{""action"":{""high_action"":""split"",""order_decision"":""only_cost""},""phase"":""high""},{""action"":{""candidate_id"":3,""schedule_alpha"":0.5},""phase"":""select""},{""action"":{""search_k"":1,""search_strategy"":""default""},""phase"":""search""},{""action"":{""execution_action"":""none"",""lip_action"":""none""},""phase"":""low""},{""action"":{""high_action"":""split"",""order_decision"":""only_cost""},""phase"":""high""},{""action"":{""candidate_id"":1,""schedule_alpha"":0.5},""phase"":""select""},{""action"":{""search_k"":1,""search_strategy"":""default""},""phase"":""search""},{""action"":{""execution_action"":""none"",""lip_action"":""none""},""phase"":""low""},{""action"":{""high_action"":""split"",""order_decision"":""only_cost""},""phase"":""high""},{""action"":{""candidate_id"":1,""schedule_alpha"":0.5},""phase"":""select""},{""action"":{""search_k"":1,""search_strategy"":""default""},""phase"":""search""},{""action"":{""execution_action"":""none"",""lip_action"":""none""},""phase"":""low""},{""action"":{""high_action"":""stop"",""order_decision"":""only_cost""},""phase"":""high""},{""action"":{""search_k"":1,""search_strategy"":""default""},""phase"":""search""},{""action"":{""execution_action"":""none"",""lip_action"":""none""},""phase"":""low""}]"
JOB,c,./workloads/query_job/32b.sql,w/o Query Topology,563.192315399647,99.794000000000,ok,136f26a2ebb961337e13a1b2c25ce51ab44ee67277b807b22bcb2f94ab99343c,1,True,d22de2b9380df67746a8e2dbacef3f2c30ebea48aa46cdadd5fbc346b0eef53c,df50fad6af959965dbe8b8144f91f976b9e90f471329ff2cc830265ade1219f2,./results/models/ablation/state/no_query_topology/job/random_c/best.pt,"[{""action"":{""high_action"":""split"",""order_decision"":""only_cost""},""phase"":""high""},{""action"":{""candidate_id"":0,""schedule_alpha"":0.5},""phase"":""select""},{""action"":{""search_k"":1,""search_strategy"":""default""},""phase"":""search""},{""action"":{""execution_action"":""none"",""lip_action"":""none""},""phase"":""low""},{""action"":{""high_action"":""stop"",""order_decision"":""only_cost""},""phase"":""high""},{""action"":{""search_k"":1,""search_strategy"":""default""},""phase"":""search""},{""action"":{""execution_action"":""none"",""lip_action"":""none""},""phase"":""low""}]"
JOB,c,./workloads/query_job/33c.sql,w/o Query Topology,957.195624709129,420.341000000000,ok,68464506f3c0aa8fd4c37209daa0d0c9c8f54c57dca6a9b2860add78f906185b,1,True,09aa064c02a70c3302b054857f6846cfe6ee8f65abf366aad037630d1f036f4b,7ccce1dc432e50fe817fbfbc03736c66b44b747599dcc2fefc12c0973625b6bd,./results/models/ablation/state/no_query_topology/job/random_c/best.pt,"[{""action"":{""high_action"":""split"",""order_decision"":""only_cost""},""phase"":""high""},{""action"":{""candidate_id"":3,""schedule_alpha"":0.5},""phase"":""select""},{""action"":{""search_k"":1,""search_strategy"":""default""},""phase"":""search""},{""action"":{""execution_action"":""none"",""lip_action"":""none""},""phase"":""low""},{""action"":{""high_action"":""split"",""order_decision"":""only_cost""},""phase"":""high""},{""action"":{""candidate_id"":0,""schedule_alpha"":0.5},""phase"":""select""},{""action"":{""search_k"":1,""search_strategy"":""default""},""phase"":""search""},{""action"":{""execution_action"":""none"",""lip_action"":""none""},""phase"":""low""},{""action"":{""high_action"":""split"",""order_decision"":""only_cost""},""phase"":""high""},{""action"":{""candidate_id"":3,""schedule_alpha"":0.5},""phase"":""select""},{""action"":{""search_k"":1,""search_strategy"":""default""},""phase"":""search""},{""action"":{""execution_action"":""none"",""lip_action"":""none""},""phase"":""low""},{""action"":{""high_action"":""split"",""order_decision"":""only_cost""},""phase"":""high""},{""action"":{""candidate_id"":0,""schedule_alpha"":0.5},""phase"":""select""},{""action"":{""search_k"":1,""search_strategy"":""default""},""phase"":""search""},{""action"":{""execution_action"":""none"",""lip_action"":""none""},""phase"":""low""},{""action"":{""high_action"":""split"",""order_decision"":""only_cost""},""phase"":""high""},{""action"":{""candidate_id"":2,""schedule_alpha"":0.5},""phase"":""select""},{""action"":{""search_k"":1,""search_strategy"":""default""},""phase"":""search""},{""action"":{""execution_action"":""none"",""lip_action"":""none""},""phase"":""low""},{""action"":{""high_action"":""split"",""order_decision"":""only_cost""},""phase"":""high""},{""action"":{""candidate_id"":0,""schedule_alpha"":0.5},""phase"":""select""},{""action"":{""search_k"":1,""search_strategy"":""default""},""phase"":""search""},{""action"":{""execution_action"":""none"",""lip_action"":""none""},""phase"":""low""},{""action"":{""high_action"":""stop"",""order_decision"":""only_cost""},""phase"":""high""},{""action"":{""search_k"":1,""search_strategy"":""default""},""phase"":""search""},{""action"":{""execution_action"":""none"",""lip_action"":""none""},""phase"":""low""}]"
JOB,c,./workloads/query_job/5a.sql,w/o Query Topology,354.243405163288,77.623000000000,ok,4f78f1a55542d807d5eaabd4ee2244ee9ba0258958f7de1c1ef4598cd5b46ab1,1,True,52dbfa82b51632d0afaea3008e5bf81143b5f266778029af739022a4a49f9fd0,853de6f68bc3cfd0a25809bee68edb558e7b75905d3559410ff673ce25f8f759,./results/models/ablation/state/no_query_topology/job/random_c/best.pt,"[{""action"":{""high_action"":""split"",""order_decision"":""only_cost""},""phase"":""high""},{""action"":{""candidate_id"":0,""schedule_alpha"":0.5},""phase"":""select""},{""action"":{""search_k"":1,""search_strategy"":""default""},""phase"":""search""},{""action"":{""execution_action"":""none"",""lip_action"":""none""},""phase"":""low""},{""action"":{""high_action"":""stop"",""order_decision"":""only_cost""},""phase"":""high""},{""action"":{""search_k"":1,""search_strategy"":""default""},""phase"":""search""},{""action"":{""execution_action"":""none"",""lip_action"":""none""},""phase"":""low""}]"
JOB,c,./workloads/query_job/6d.sql,w/o Query Topology,1086.826741695404,94.248000000000,ok,bf8229c3af721fca42ad64803e348b47d39c54dfd46fcbc5d2ef84cd56b31b17,1,True,e3400ffd2087770c50203c6e8e2e3908c6d450aa97e9e963868b6c16a71d5393,0ef5c3cb27528007b70dc7a5ca9dc02ed799a87834c2388fffa63165d13c2e91,./results/models/ablation/state/no_query_topology/job/random_c/best.pt,"[{""action"":{""high_action"":""split"",""order_decision"":""only_cost""},""phase"":""high""},{""action"":{""candidate_id"":1,""schedule_alpha"":0.5},""phase"":""select""},{""action"":{""search_k"":1,""search_strategy"":""default""},""phase"":""search""},{""action"":{""execution_action"":""none"",""lip_action"":""none""},""phase"":""low""},{""action"":{""high_action"":""stop"",""order_decision"":""only_cost""},""phase"":""high""},{""action"":{""search_k"":1,""search_strategy"":""default""},""phase"":""search""},{""action"":{""execution_action"":""none"",""lip_action"":""none""},""phase"":""low""}]"
JOB,c,./workloads/query_job/6e.sql,w/o Query Topology,150.249570608139,75.645000000000,ok,2e45680981dcedf844899f966540a92734a6200fc0d8bd8a547ceba0d0cf631f,1,True,ca34e6fc9f6dc5ff6c01c27b9604adc6300edc81f6dab3252e53f7d836f6c1f7,529257d3305b7fabb901d883841f36bd3a93fe5bc9f635970caf59b41661363a,./results/models/ablation/state/no_query_topology/job/random_c/best.pt,"[{""action"":{""high_action"":""split"",""order_decision"":""only_cost""},""phase"":""high""},{""action"":{""candidate_id"":1,""schedule_alpha"":0.5},""phase"":""select""},{""action"":{""search_k"":1,""search_strategy"":""default""},""phase"":""search""},{""action"":{""execution_action"":""none"",""lip_action"":""none""},""phase"":""low""},{""action"":{""high_action"":""stop"",""order_decision"":""only_cost""},""phase"":""high""},{""action"":{""search_k"":1,""search_strategy"":""default""},""phase"":""search""},{""action"":{""execution_action"":""none"",""lip_action"":""none""},""phase"":""low""}]"
JOB,c,./workloads/query_job/7a.sql,w/o Query Topology,518.378347158432,184.051000000000,ok,4c15deaf8c868c357c511a9b1b16153f35d0a6d69bf0cb9d733dd8855dca6cb3,1,True,6d7518e172cc6324b8e8277a7efe3b7b9246673936aa0d16e9b631039c688235,818c8ea77ef19a9a70a07249db3cacba7d687b65a7169c483dd6fb157a342039,./results/models/ablation/state/no_query_topology/job/random_c/best.pt,"[{""action"":{""high_action"":""split"",""order_decision"":""only_cost""},""phase"":""high""},{""action"":{""candidate_id"":3,""schedule_alpha"":0.5},""phase"":""select""},{""action"":{""search_k"":1,""search_strategy"":""default""},""phase"":""search""},{""action"":{""execution_action"":""none"",""lip_action"":""none""},""phase"":""low""},{""action"":{""high_action"":""split"",""order_decision"":""only_cost""},""phase"":""high""},{""action"":{""candidate_id"":0,""schedule_alpha"":0.5},""phase"":""select""},{""action"":{""search_k"":1,""search_strategy"":""default""},""phase"":""search""},{""action"":{""execution_action"":""none"",""lip_action"":""none""},""phase"":""low""},{""action"":{""high_action"":""split"",""order_decision"":""only_cost""},""phase"":""high""},{""action"":{""candidate_id"":1,""schedule_alpha"":0.5},""phase"":""select""},{""action"":{""search_k"":1,""search_strategy"":""default""},""phase"":""search""},{""action"":{""execution_action"":""none"",""lip_action"":""none""},""phase"":""low""},{""action"":{""high_action"":""stop"",""order_decision"":""only_cost""},""phase"":""high""},{""action"":{""search_k"":1,""search_strategy"":""default""},""phase"":""search""},{""action"":{""execution_action"":""none"",""lip_action"":""none""},""phase"":""low""}]"
JOB,c,./workloads/query_job/8d.sql,w/o Query Topology,4849.684149026871,124.808000000000,ok,42e9d5875e298e1e96988f68f4ea5385d847af85ed0e315fb1c559c113c45301,1,True,fd0253b31cf20c0d46288530b3677517ca498992379589e67b1f097f46343d36,d33900e637347e2a5c0666b61839a6c65d06da68d5c9aac6f8e676861bf18624,./results/models/ablation/state/no_query_topology/job/random_c/best.pt,"[{""action"":{""high_action"":""split"",""order_decision"":""only_cost""},""phase"":""high""},{""action"":{""candidate_id"":2,""schedule_alpha"":0.5},""phase"":""select""},{""action"":{""search_k"":1,""search_strategy"":""default""},""phase"":""search""},{""action"":{""execution_action"":""none"",""lip_action"":""none""},""phase"":""low""},{""action"":{""high_action"":""split"",""order_decision"":""only_cost""},""phase"":""high""},{""action"":{""candidate_id"":0,""schedule_alpha"":0.5},""phase"":""select""},{""action"":{""search_k"":1,""search_strategy"":""default""},""phase"":""search""},{""action"":{""execution_action"":""none"",""lip_action"":""none""},""phase"":""low""},{""action"":{""high_action"":""stop"",""order_decision"":""only_cost""},""phase"":""high""},{""action"":{""search_k"":1,""search_strategy"":""default""},""phase"":""search""},{""action"":{""execution_action"":""none"",""lip_action"":""none""},""phase"":""low""}]"
JOB,c,./workloads/query_job/9c.sql,w/o Query Topology,2311.588838696480,152.246000000000,ok,557da082f2ed4caf79da00c7414e7dd21a43ea04df959539305598466791daec,1,True,4a2bc80e6a0819ec1ee72005171709b4b998d48af9fc7bcd0b8cf3841777f902,769a50c46385ba3993d01ab0f8bb8681d0b56c646b74ee789ba09fb134b09923,./results/models/ablation/state/no_query_topology/job/random_c/best.pt,"[{""action"":{""high_action"":""split"",""order_decision"":""only_cost""},""phase"":""high""},{""action"":{""candidate_id"":1,""schedule_alpha"":0.5},""phase"":""select""},{""action"":{""search_k"":1,""search_strategy"":""default""},""phase"":""search""},{""action"":{""execution_action"":""none"",""lip_action"":""none""},""phase"":""low""},{""action"":{""high_action"":""split"",""order_decision"":""only_cost""},""phase"":""high""},{""action"":{""candidate_id"":0,""schedule_alpha"":0.5},""phase"":""select""},{""action"":{""search_k"":1,""search_strategy"":""default""},""phase"":""search""},{""action"":{""execution_action"":""none"",""lip_action"":""none""},""phase"":""low""},{""action"":{""high_action"":""stop"",""order_decision"":""only_cost""},""phase"":""high""},{""action"":{""search_k"":1,""search_strategy"":""default""},""phase"":""search""},{""action"":{""execution_action"":""none"",""lip_action"":""none""},""phase"":""low""}]"
STACK,a,./workloads/query_stack/q11_0ea8bacd.sql,Full NQO,284.772336483002,18.175000000000,ok,e349f2f2474df8d4f2d41b1fc06430a33d5c22c90af8234d1126eae004afa1f8,1,,32659e921b06f27e5aae2bce4e456eedf4b09c41a7f62567f72d5e033d102a78,224e814dd1a5987c0a02b8418c15e99a970c0d1c84c5ad879bc93d3a3609e842,./results/models/stack/random/a/best.pt,"[{""action"":{""high_action"":""split"",""order_decision"":""only_cost""},""phase"":""high""},{""action"":{""candidate_id"":0,""schedule_alpha"":0.5},""phase"":""select""},{""action"":{""search_k"":1,""search_strategy"":""default""},""phase"":""search""},{""action"":{""execution_action"":""none"",""lip_action"":""none""},""phase"":""low""},{""action"":{""high_action"":""split"",""order_decision"":""only_cost""},""phase"":""high""},{""action"":{""candidate_id"":1,""schedule_alpha"":0.5},""phase"":""select""},{""action"":{""search_k"":1,""search_strategy"":""default""},""phase"":""search""},{""action"":{""execution_action"":""none"",""lip_action"":""none""},""phase"":""low""},{""action"":{""high_action"":""stop"",""order_decision"":""only_cost""},""phase"":""high""},{""action"":{""search_k"":1,""search_strategy"":""default""},""phase"":""search""},{""action"":{""execution_action"":""none"",""lip_action"":""none""},""phase"":""low""}]"
STACK,a,./workloads/query_stack/q11_33e1caf2.sql,Full NQO,147.251181304455,15.347000000000,ok,3b026bf77cd8c853ad726e848876fa9b9d14b214e0fdb060795e5de209531439,1,,85d560dfb4371d16caa3e29a43aa03dad2aba92b38ff21dfad00ba8e8800b4dc,4e352be9129d7f3065c716ba4538ec431e1d820381cc8b49fa4e8b002b7ff3f1,./results/models/stack/random/a/best.pt,"[{""action"":{""high_action"":""split"",""order_decision"":""only_cost""},""phase"":""high""},{""action"":{""candidate_id"":0,""schedule_alpha"":0.5},""phase"":""select""},{""action"":{""search_k"":1,""search_strategy"":""default""},""phase"":""search""},{""action"":{""execution_action"":""none"",""lip_action"":""none""},""phase"":""low""},{""action"":{""high_action"":""split"",""order_decision"":""only_cost""},""phase"":""high""},{""action"":{""candidate_id"":1,""schedule_alpha"":0.5},""phase"":""select""},{""action"":{""search_k"":1,""search_strategy"":""default""},""phase"":""search""},{""action"":{""execution_action"":""none"",""lip_action"":""none""},""phase"":""low""},{""action"":{""high_action"":""stop"",""order_decision"":""only_cost""},""phase"":""high""},{""action"":{""search_k"":1,""search_strategy"":""default""},""phase"":""search""},{""action"":{""execution_action"":""none"",""lip_action"":""none""},""phase"":""low""}]"
STACK,a,./workloads/query_stack/q11_6c5cba41.sql,Full NQO,263.266086578369,18.272000000000,ok,9ee7ec0e2d68030c0bea45ce77084e1189b45131e00caed35c89c85b8c97506b,1,,3afac4ae83050ce6a5bda87980920f7e4540ebce4a9028298a21507d9c7a7837,51cf209f2b9bce9f8c003214d2a8ba165154d190ed0b174e7412a2bd9e7bf966,./results/models/stack/random/a/best.pt,"[{""action"":{""high_action"":""split"",""order_decision"":""only_cost""},""phase"":""high""},{""action"":{""candidate_id"":0,""schedule_alpha"":0.5},""phase"":""select""},{""action"":{""search_k"":1,""search_strategy"":""default""},""phase"":""search""},{""action"":{""execution_action"":""none"",""lip_action"":""none""},""phase"":""low""},{""action"":{""high_action"":""split"",""order_decision"":""only_cost""},""phase"":""high""},{""action"":{""candidate_id"":1,""schedule_alpha"":0.5},""phase"":""select""},{""action"":{""search_k"":1,""search_strategy"":""default""},""phase"":""search""},{""action"":{""execution_action"":""none"",""lip_action"":""none""},""phase"":""low""},{""action"":{""high_action"":""stop"",""order_decision"":""only_cost""},""phase"":""high""},{""action"":{""search_k"":1,""search_strategy"":""default""},""phase"":""search""},{""action"":{""execution_action"":""none"",""lip_action"":""none""},""phase"":""low""}]"
STACK,a,./workloads/query_stack/q11_9389f588.sql,Full NQO,103.496111929417,18.557000000000,ok,e8807f4432a7632fddcc1e5456323b9a012fd4239fe6350e77c649c813f56d17,1,,5f61a7e49d6798bb5dfda9159799660314223dbcc73d072ea3d67bacb50f222d,75974203729c7f0dda3718707a8d18d5cfbbd38750cb76520f9d7e18ee1f9916,./results/models/stack/random/a/best.pt,"[{""action"":{""high_action"":""split"",""order_decision"":""only_cost""},""phase"":""high""},{""action"":{""candidate_id"":0,""schedule_alpha"":0.5},""phase"":""select""},{""action"":{""search_k"":1,""search_strategy"":""default""},""phase"":""search""},{""action"":{""execution_action"":""none"",""lip_action"":""none""},""phase"":""low""},{""action"":{""high_action"":""split"",""order_decision"":""only_cost""},""phase"":""high""},{""action"":{""candidate_id"":1,""schedule_alpha"":0.5},""phase"":""select""},{""action"":{""search_k"":1,""search_strategy"":""default""},""phase"":""search""},{""action"":{""execution_action"":""none"",""lip_action"":""none""},""phase"":""low""},{""action"":{""high_action"":""stop"",""order_decision"":""only_cost""},""phase"":""high""},{""action"":{""search_k"":1,""search_strategy"":""default""},""phase"":""search""},{""action"":{""execution_action"":""none"",""lip_action"":""none""},""phase"":""low""}]"
STACK,a,./workloads/query_stack/q11_aa96c8d7.sql,Full NQO,107.257843017578,19.069000000000,ok,70ae26643f4cb8280cc3f8568d58c9dcaae9ff78c7eb39886df79116206a91ef,1,,c731fb72b1be333c5ebc138b4cea34c8118fc129d5d74fa96fa02a947593788e,b5ebe45f891f1426ee8e8a1ad4027c9f2a25581950e981b72ce4c64d21fa00d5,./results/models/stack/random/a/best.pt,"[{""action"":{""high_action"":""split"",""order_decision"":""only_cost""},""phase"":""high""},{""action"":{""candidate_id"":0,""schedule_alpha"":0.5},""phase"":""select""},{""action"":{""search_k"":1,""search_strategy"":""default""},""phase"":""search""},{""action"":{""execution_action"":""none"",""lip_action"":""none""},""phase"":""low""},{""action"":{""high_action"":""split"",""order_decision"":""only_cost""},""phase"":""high""},{""action"":{""candidate_id"":1,""schedule_alpha"":0.5},""phase"":""select""},{""action"":{""search_k"":1,""search_strategy"":""default""},""phase"":""search""},{""action"":{""execution_action"":""none"",""lip_action"":""none""},""phase"":""low""},{""action"":{""high_action"":""stop"",""order_decision"":""only_cost""},""phase"":""high""},{""action"":{""search_k"":1,""search_strategy"":""default""},""phase"":""search""},{""action"":{""execution_action"":""none"",""lip_action"":""none""},""phase"":""low""}]"
STACK,a,./workloads/query_stack/q12_07007205.sql,Full NQO,589.007183909416,64.627000000000,ok,05bb5f175f4179b1313858f14bd4a26881b1d78c7677e41a72949d750e389322,14,,5fade5606e98b3b4361c2ffe427b35dfcb375c362f4e60af116805c83d236ee3,e8e3c0582b267e477990e758166a68b5922882d1625aa88a21782db0794f6e92,./results/models/stack/random/a/best.pt,"[{""action"":{""high_action"":""split"",""order_decision"":""only_cost""},""phase"":""high""},{""action"":{""candidate_id"":3,""schedule_alpha"":0.5},""phase"":""select""},{""action"":{""search_k"":1,""search_strategy"":""default""},""phase"":""search""},{""action"":{""execution_action"":""none"",""lip_action"":""none""},""phase"":""low""},{""action"":{""high_action"":""split"",""order_decision"":""only_cost""},""phase"":""high""},{""action"":{""candidate_id"":3,""schedule_alpha"":0.5},""phase"":""select""},{""action"":{""search_k"":1,""search_strategy"":""default""},""phase"":""search""},{""action"":{""execution_action"":""none"",""lip_action"":""none""},""phase"":""low""},{""action"":{""high_action"":""split"",""order_decision"":""only_cost""},""phase"":""high""},{""action"":{""candidate_id"":1,""schedule_alpha"":0.5},""phase"":""select""},{""action"":{""search_k"":1,""search_strategy"":""default""},""phase"":""search""},{""action"":{""execution_action"":""none"",""lip_action"":""none""},""phase"":""low""},{""action"":{""high_action"":""split"",""order_decision"":""only_cost""},""phase"":""high""},{""action"":{""candidate_id"":0,""schedule_alpha"":0.0},""phase"":""select""},{""action"":{""search_k"":1,""search_strategy"":""default""},""phase"":""search""},{""action"":{""execution_action"":""none"",""lip_action"":""none""},""phase"":""low""},{""action"":{""high_action"":""stop"",""order_decision"":""only_cost""},""phase"":""high""},{""action"":{""search_k"":1,""search_strategy"":""default""},""phase"":""search""},{""action"":{""execution_action"":""none"",""lip_action"":""none""},""phase"":""low""}]"
STACK,a,./workloads/query_stack/q12_76a47868.sql,Full NQO,898.061349987984,72.140000000000,ok,76e0efdb7c612efc084cab472853036e7af7c3f44b6fa0ac900f855a4d23837f,11,,d0c94ff76149d1484e4f6b9dd9b4ed5e3ecd05ec0e2f2f4fdd3f3c507d905426,99c1ba811a7e83ec60ad8ac244b0daf35f23d0348421600bf0b863fdd49bdaef,./results/models/stack/random/a/best.pt,"[{""action"":{""high_action"":""split"",""order_decision"":""only_cost""},""phase"":""high""},{""action"":{""candidate_id"":3,""schedule_alpha"":0.5},""phase"":""select""},{""action"":{""search_k"":1,""search_strategy"":""default""},""phase"":""search""},{""action"":{""execution_action"":""none"",""lip_action"":""none""},""phase"":""low""},{""action"":{""high_action"":""split"",""order_decision"":""only_cost""},""phase"":""high""},{""action"":{""candidate_id"":3,""schedule_alpha"":0.5},""phase"":""select""},{""action"":{""search_k"":1,""search_strategy"":""default""},""phase"":""search""},{""action"":{""execution_action"":""none"",""lip_action"":""none""},""phase"":""low""},{""action"":{""high_action"":""split"",""order_decision"":""only_cost""},""phase"":""high""},{""action"":{""candidate_id"":1,""schedule_alpha"":0.5},""phase"":""select""},{""action"":{""search_k"":1,""search_strategy"":""default""},""phase"":""search""},{""action"":{""execution_action"":""none"",""lip_action"":""none""},""phase"":""low""},{""action"":{""high_action"":""split"",""order_decision"":""only_cost""},""phase"":""high""},{""action"":{""candidate_id"":1,""schedule_alpha"":0.0},""phase"":""select""},{""action"":{""search_k"":1,""search_strategy"":""default""},""phase"":""search""},{""action"":{""execution_action"":""none"",""lip_action"":""none""},""phase"":""low""},{""action"":{""high_action"":""stop"",""order_decision"":""only_cost""},""phase"":""high""},{""action"":{""search_k"":1,""search_strategy"":""default""},""phase"":""search""},{""action"":{""execution_action"":""none"",""lip_action"":""none""},""phase"":""low""}]"
STACK,a,./workloads/query_stack/q13_13ad1b8c.sql,Full NQO,599.644638597965,117.053000000000,ok,c27e557d38a3ef5f28a4686010fdcac1b4188a62c69d9bf8b73de7b6e1e1f667,100,,64c2c3ac9aeaf6894177697255c599def7c7fef48d1fa046585ad2123007919f,4dc9420e145f735278cbae6fc239e09005b86558a442fed3bb2f622463d665fc,./results/models/stack/random/a/best.pt,"[{""action"":{""high_action"":""split"",""order_decision"":""only_cost""},""phase"":""high""},{""action"":{""candidate_id"":3,""schedule_alpha"":0.5},""phase"":""select""},{""action"":{""search_k"":1,""search_strategy"":""default""},""phase"":""search""},{""action"":{""execution_action"":""none"",""lip_action"":""none""},""phase"":""low""},{""action"":{""high_action"":""split"",""order_decision"":""only_cost""},""phase"":""high""},{""action"":{""candidate_id"":3,""schedule_alpha"":0.5},""phase"":""select""},{""action"":{""search_k"":1,""search_strategy"":""default""},""phase"":""search""},{""action"":{""execution_action"":""none"",""lip_action"":""none""},""phase"":""low""},{""action"":{""high_action"":""split"",""order_decision"":""only_cost""},""phase"":""high""},{""action"":{""candidate_id"":1,""schedule_alpha"":0.5},""phase"":""select""},{""action"":{""search_k"":1,""search_strategy"":""default""},""phase"":""search""},{""action"":{""execution_action"":""none"",""lip_action"":""none""},""phase"":""low""},{""action"":{""high_action"":""split"",""order_decision"":""only_cost""},""phase"":""high""},{""action"":{""candidate_id"":1,""schedule_alpha"":0.5},""phase"":""select""},{""action"":{""search_k"":1,""search_strategy"":""default""},""phase"":""search""},{""action"":{""execution_action"":""none"",""lip_action"":""none""},""phase"":""low""},{""action"":{""high_action"":""split"",""order_decision"":""only_cost""},""phase"":""high""},{""action"":{""candidate_id"":0,""schedule_alpha"":0.5},""phase"":""select""},{""action"":{""search_k"":1,""search_strategy"":""default""},""phase"":""search""},{""action"":{""execution_action"":""none"",""lip_action"":""none""},""phase"":""low""},{""action"":{""high_action"":""stop"",""order_decision"":""only_cost""},""phase"":""high""},{""action"":{""search_k"":1,""search_strategy"":""default""},""phase"":""search""},{""action"":{""execution_action"":""none"",""lip_action"":""selective""},""phase"":""low""}]"
STACK,a,./workloads/query_stack/q13_1ddcc865.sql,Full NQO,1913.273431360722,91.980000000000,ok,f04db08ffdd7b2d34c537b80c529d5ee4655c478bf55b6b443cda2c29fe8c485,100,,f63a5a118fd3604962c26ae2a4c94d5c939933de7336188e8e643a7f3da52c19,b5de7a203a09672d7b0eccb650e1c03c4899d5e9228ad7ff373bc123addd615d,./results/models/stack/random/a/best.pt,"[{""action"":{""high_action"":""split"",""order_decision"":""only_cost""},""phase"":""high""},{""action"":{""candidate_id"":3,""schedule_alpha"":0.5},""phase"":""select""},{""action"":{""search_k"":1,""search_strategy"":""default""},""phase"":""search""},{""action"":{""execution_action"":""none"",""lip_action"":""none""},""phase"":""low""},{""action"":{""high_action"":""split"",""order_decision"":""only_cost""},""phase"":""high""},{""action"":{""candidate_id"":3,""schedule_alpha"":0.5},""phase"":""select""},{""action"":{""search_k"":1,""search_strategy"":""default""},""phase"":""search""},{""action"":{""execution_action"":""none"",""lip_action"":""none""},""phase"":""low""},{""action"":{""high_action"":""split"",""order_decision"":""only_cost""},""phase"":""high""},{""action"":{""candidate_id"":1,""schedule_alpha"":0.5},""phase"":""select""},{""action"":{""search_k"":1,""search_strategy"":""default""},""phase"":""search""},{""action"":{""execution_action"":""none"",""lip_action"":""selective""},""phase"":""low""},{""action"":{""high_action"":""split"",""order_decision"":""only_cost""},""phase"":""high""},{""action"":{""candidate_id"":1,""schedule_alpha"":0.5},""phase"":""select""},{""action"":{""search_k"":1,""search_strategy"":""default""},""phase"":""search""},{""action"":{""execution_action"":""none"",""lip_action"":""selective""},""phase"":""low""},{""action"":{""high_action"":""split"",""order_decision"":""only_cost""},""phase"":""high""},{""action"":{""candidate_id"":0,""schedule_alpha"":0.5},""phase"":""select""},{""action"":{""search_k"":1,""search_strategy"":""default""},""phase"":""search""},{""action"":{""execution_action"":""none"",""lip_action"":""none""},""phase"":""low""},{""action"":{""high_action"":""stop"",""order_decision"":""only_cost""},""phase"":""high""},{""action"":{""search_k"":1,""search_strategy"":""default""},""phase"":""search""},{""action"":{""execution_action"":""none"",""lip_action"":""selective""},""phase"":""low""}]"
STACK,a,./workloads/query_stack/q13_add0df9d.sql,Full NQO,836.596734821796,156.579000000000,ok,4daad1f8d536afd5e4a011cf36f5007c65521f947b5b789682c59e292db70bb8,100,,11c26af919df19813736c825c4ad48f4d610e93c2ef28295199845943dc19f25,ea2bee6c16c98febb62d77cfd4ea0a396db723bfc7ff0ebe9f2dcfd32d9741d7,./results/models/stack/random/a/best.pt,"[{""action"":{""high_action"":""split"",""order_decision"":""only_cost""},""phase"":""high""},{""action"":{""candidate_id"":3,""schedule_alpha"":0.5},""phase"":""select""},{""action"":{""search_k"":1,""search_strategy"":""default""},""phase"":""search""},{""action"":{""execution_action"":""none"",""lip_action"":""none""},""phase"":""low""},{""action"":{""high_action"":""split"",""order_decision"":""only_cost""},""phase"":""high""},{""action"":{""candidate_id"":3,""schedule_alpha"":0.5},""phase"":""select""},{""action"":{""search_k"":1,""search_strategy"":""default""},""phase"":""search""},{""action"":{""execution_action"":""none"",""lip_action"":""none""},""phase"":""low""},{""action"":{""high_action"":""split"",""order_decision"":""only_cost""},""phase"":""high""},{""action"":{""candidate_id"":1,""schedule_alpha"":0.5},""phase"":""select""},{""action"":{""search_k"":1,""search_strategy"":""default""},""phase"":""search""},{""action"":{""execution_action"":""none"",""lip_action"":""none""},""phase"":""low""},{""action"":{""high_action"":""split"",""order_decision"":""only_cost""},""phase"":""high""},{""action"":{""candidate_id"":1,""schedule_alpha"":0.5},""phase"":""select""},{""action"":{""search_k"":1,""search_strategy"":""default""},""phase"":""search""},{""action"":{""execution_action"":""none"",""lip_action"":""none""},""phase"":""low""},{""action"":{""high_action"":""split"",""order_decision"":""only_cost""},""phase"":""high""},{""action"":{""candidate_id"":0,""schedule_alpha"":0.5},""phase"":""select""},{""action"":{""search_k"":1,""search_strategy"":""default""},""phase"":""search""},{""action"":{""execution_action"":""none"",""lip_action"":""none""},""phase"":""low""},{""action"":{""high_action"":""stop"",""order_decision"":""only_cost""},""phase"":""high""},{""action"":{""search_k"":1,""search_strategy"":""default""},""phase"":""search""},{""action"":{""execution_action"":""none"",""lip_action"":""selective""},""phase"":""low""}]"
STACK,a,./workloads/query_stack/q14_5e4835cd.sql,Full NQO,505.149312317371,40.173000000000,ok,14127c168564cfe475a814f6f226c7b1548e036eee949d874aba3fd90031c613,1,,4a78010f260da053ebf7713a111093d99c4ccd7c1fdc9f7fd0557c75593de62e,eed60dc66ed21789fcff6bafdfacc709426192056a3b69e95949420ad4716ed8,./results/models/stack/random/a/best.pt,"[{""action"":{""high_action"":""split"",""order_decision"":""only_cost""},""phase"":""high""},{""action"":{""candidate_id"":3,""schedule_alpha"":0.5},""phase"":""select""},{""action"":{""search_k"":1,""search_strategy"":""default""},""phase"":""search""},{""action"":{""execution_action"":""none"",""lip_action"":""none""},""phase"":""low""},{""action"":{""high_action"":""split"",""order_decision"":""only_cost""},""phase"":""high""},{""action"":{""candidate_id"":3,""schedule_alpha"":0.5},""phase"":""select""},{""action"":{""search_k"":1,""search_strategy"":""default""},""phase"":""search""},{""action"":{""execution_action"":""none"",""lip_action"":""none""},""phase"":""low""},{""action"":{""high_action"":""split"",""order_decision"":""only_cost""},""phase"":""high""},{""action"":{""candidate_id"":1,""schedule_alpha"":0.5},""phase"":""select""},{""action"":{""search_k"":1,""search_strategy"":""default""},""phase"":""search""},{""action"":{""execution_action"":""none"",""lip_action"":""none""},""phase"":""low""},{""action"":{""high_action"":""split"",""order_decision"":""only_cost""},""phase"":""high""},{""action"":{""candidate_id"":1,""schedule_alpha"":0.5},""phase"":""select""},{""action"":{""search_k"":1,""search_strategy"":""default""},""phase"":""search""},{""action"":{""execution_action"":""none"",""lip_action"":""none""},""phase"":""low""},{""action"":{""high_action"":""split"",""order_decision"":""only_cost""},""phase"":""high""},{""action"":{""candidate_id"":0,""schedule_alpha"":0.5},""phase"":""select""},{""action"":{""search_k"":1,""search_strategy"":""default""},""phase"":""search""},{""action"":{""execution_action"":""none"",""lip_action"":""none""},""phase"":""low""},{""action"":{""high_action"":""stop"",""order_decision"":""only_cost""},""phase"":""high""},{""action"":{""search_k"":1,""search_strategy"":""default""},""phase"":""search""},{""action"":{""execution_action"":""none"",""lip_action"":""none""},""phase"":""low""}]"
STACK,a,./workloads/query_stack/q14_63c0776f.sql,Full NQO,340.786024928093,39.557000000000,ok,65419f1249c055759a971aeb710eb11b18f9baff0adab7df6bd23e65e14f1aa7,1,,0fb9ffcc7fe26e447d7d6a635915c4f0669be138e2335bfb5eccd9f6a069062e,7306b3ad722a70ef43b730db759ddc9bf65aca9c5fc5d8011825606d646ab07d,./results/models/stack/random/a/best.pt,"[{""action"":{""high_action"":""split"",""order_decision"":""only_cost""},""phase"":""high""},{""action"":{""candidate_id"":3,""schedule_alpha"":0.5},""phase"":""select""},{""action"":{""search_k"":1,""search_strategy"":""default""},""phase"":""search""},{""action"":{""execution_action"":""none"",""lip_action"":""none""},""phase"":""low""},{""action"":{""high_action"":""split"",""order_decision"":""only_cost""},""phase"":""high""},{""action"":{""candidate_id"":3,""schedule_alpha"":0.5},""phase"":""select""},{""action"":{""search_k"":1,""search_strategy"":""default""},""phase"":""search""},{""action"":{""execution_action"":""none"",""lip_action"":""none""},""phase"":""low""},{""action"":{""high_action"":""split"",""order_decision"":""only_cost""},""phase"":""high""},{""action"":{""candidate_id"":1,""schedule_alpha"":0.5},""phase"":""select""},{""action"":{""search_k"":1,""search_strategy"":""default""},""phase"":""search""},{""action"":{""execution_action"":""none"",""lip_action"":""none""},""phase"":""low""},{""action"":{""high_action"":""split"",""order_decision"":""only_cost""},""phase"":""high""},{""action"":{""candidate_id"":1,""schedule_alpha"":0.5},""phase"":""select""},{""action"":{""search_k"":1,""search_strategy"":""default""},""phase"":""search""},{""action"":{""execution_action"":""none"",""lip_action"":""none""},""phase"":""low""},{""action"":{""high_action"":""split"",""order_decision"":""only_cost""},""phase"":""high""},{""action"":{""candidate_id"":0,""schedule_alpha"":0.5},""phase"":""select""},{""action"":{""search_k"":1,""search_strategy"":""default""},""phase"":""search""},{""action"":{""execution_action"":""none"",""lip_action"":""none""},""phase"":""low""},{""action"":{""high_action"":""stop"",""order_decision"":""only_cost""},""phase"":""high""},{""action"":{""search_k"":1,""search_strategy"":""default""},""phase"":""search""},{""action"":{""execution_action"":""none"",""lip_action"":""none""},""phase"":""low""}]"
STACK,a,./workloads/query_stack/q15_3e37e626.sql,Full NQO,401.101164519787,72.326000000000,ok,23394de368e19ac28a4f7d6417b11ebabbe2b953543d04a019e20db4f7330805,43,,52626544e6b1a1e409813eb291fdfb73a0a882ebcf6f840229400b46c9764353,78e30e74983794e404ce5781d448573ecce6152f4cee67364d950e0d25d66b77,./results/models/stack/random/a/best.pt,"[{""action"":{""high_action"":""split"",""order_decision"":""only_cost""},""phase"":""high""},{""action"":{""candidate_id"":1,""schedule_alpha"":0.5},""phase"":""select""},{""action"":{""search_k"":1,""search_strategy"":""default""},""phase"":""search""},{""action"":{""execution_action"":""none"",""lip_action"":""none""},""phase"":""low""},{""action"":{""high_action"":""split"",""order_decision"":""only_cost""},""phase"":""high""},{""action"":{""candidate_id"":1,""schedule_alpha"":0.5},""phase"":""select""},{""action"":{""search_k"":1,""search_strategy"":""default""},""phase"":""search""},{""action"":{""execution_action"":""none"",""lip_action"":""none""},""phase"":""low""},{""action"":{""high_action"":""split"",""order_decision"":""only_cost""},""phase"":""high""},{""action"":{""candidate_id"":0,""schedule_alpha"":0.5},""phase"":""select""},{""action"":{""search_k"":1,""search_strategy"":""default""},""phase"":""search""},{""action"":{""execution_action"":""none"",""lip_action"":""none""},""phase"":""low""},{""action"":{""high_action"":""stop"",""order_decision"":""only_cost""},""phase"":""high""},{""action"":{""search_k"":1,""search_strategy"":""default""},""phase"":""search""},{""action"":{""execution_action"":""none"",""lip_action"":""selective""},""phase"":""low""}]"
STACK,a,./workloads/query_stack/q15_d5546c01.sql,Full NQO,192.750774323940,103.160000000000,ok,39f37f8d1931b3bdf767e7510dd69509fbf23af1f7654933d0a4d291cbdd4418,0,,1f7f2351f5316549043a441b301d44ace3c87093c283fa93dd5e9bde76c8750a,6131d9c9ee1e521904fe62011e8320f41c0e7780ade49f68608cdc89c6fbbeb7,./results/models/stack/random/a/best.pt,"[{""action"":{""high_action"":""split"",""order_decision"":""only_cost""},""phase"":""high""},{""action"":{""candidate_id"":1,""schedule_alpha"":0.5},""phase"":""select""},{""action"":{""search_k"":1,""search_strategy"":""default""},""phase"":""search""},{""action"":{""execution_action"":""none"",""lip_action"":""none""},""phase"":""low""},{""action"":{""high_action"":""split"",""order_decision"":""only_cost""},""phase"":""high""},{""action"":{""candidate_id"":1,""schedule_alpha"":0.5},""phase"":""select""},{""action"":{""search_k"":1,""search_strategy"":""default""},""phase"":""search""},{""action"":{""execution_action"":""none"",""lip_action"":""none""},""phase"":""low""},{""action"":{""high_action"":""split"",""order_decision"":""only_cost""},""phase"":""high""},{""action"":{""candidate_id"":0,""schedule_alpha"":0.5},""phase"":""select""},{""action"":{""search_k"":1,""search_strategy"":""default""},""phase"":""search""},{""action"":{""execution_action"":""none"",""lip_action"":""none""},""phase"":""low""},{""action"":{""high_action"":""stop"",""order_decision"":""only_cost""},""phase"":""high""},{""action"":{""search_k"":1,""search_strategy"":""default""},""phase"":""search""},{""action"":{""execution_action"":""none"",""lip_action"":""selective""},""phase"":""low""}]"
STACK,a,./workloads/query_stack/q1_q1-009.sql,Full NQO,62.224715948105,72.158843278885,timeout,,,,61e30b5d0c620f2cc4ff6fa60f10f584a35a7edcedb1abddd268625783d14b14,6ea91eba7c9f4ebdc40f708c3684f26157a0be5ec178312f8e8a09291b8173fc,./results/models/stack/random/a/best.pt,"[{""action"":{""high_action"":""split"",""order_decision"":""only_cost""},""phase"":""high""}]"
STACK,a,./workloads/query_stack/q1_q1-075.sql,Full NQO,384.468868374825,18.839000000000,ok,806ab1e6dc9ec99abde1ddb9090f84d77cca8c86224442c3ccbc840127773c20,1,,669071896dd5dd07007ed505afc446cb4de2309b19ef9655356068a4b8d10be8,1d3144e18ed883f8944ff9503628724ea9d026c197e1b4a317f42f88a56a4661,./results/models/stack/random/a/best.pt,"[{""action"":{""high_action"":""split"",""order_decision"":""only_cost""},""phase"":""high""},{""action"":{""candidate_id"":0,""schedule_alpha"":0.5},""phase"":""select""},{""action"":{""search_k"":1,""search_strategy"":""default""},""phase"":""search""},{""action"":{""execution_action"":""none"",""lip_action"":""none""},""phase"":""low""},{""action"":{""high_action"":""split"",""order_decision"":""only_cost""},""phase"":""high""},{""action"":{""candidate_id"":1,""schedule_alpha"":0.5},""phase"":""select""},{""action"":{""search_k"":1,""search_strategy"":""default""},""phase"":""search""},{""action"":{""execution_action"":""none"",""lip_action"":""none""},""phase"":""low""},{""action"":{""high_action"":""stop"",""order_decision"":""only_cost""},""phase"":""high""},{""action"":{""search_k"":1,""search_strategy"":""default""},""phase"":""search""},{""action"":{""execution_action"":""none"",""lip_action"":""none""},""phase"":""low""}]"
STACK,a,./workloads/query_stack/q2_q2-012.sql,Full NQO,867.777958512306,138.357000000000,ok,0c72a996aff17d5cf2385808714691e03eeae078feb603727bd285ed83162d82,42,,460a4f05f57290be6d0d84520dec3072d3f1f2c933926cba5f2f596cfb9e86db,cb84053d5b3d45ae94e4d0a928e54234270761ea6c7ee17a7458d636adbd2296,./results/models/stack/random/a/best.pt,"[{""action"":{""high_action"":""split"",""order_decision"":""only_cost""},""phase"":""high""},{""action"":{""candidate_id"":0,""schedule_alpha"":0.5},""phase"":""select""},{""action"":{""search_k"":1,""search_strategy"":""default""},""phase"":""search""},{""action"":{""execution_action"":""none"",""lip_action"":""none""},""phase"":""low""},{""action"":{""high_action"":""split"",""order_decision"":""only_cost""},""phase"":""high""},{""action"":{""candidate_id"":3,""schedule_alpha"":0.5},""phase"":""select""},{""action"":{""search_k"":1,""search_strategy"":""default""},""phase"":""search""},{""action"":{""execution_action"":""none"",""lip_action"":""none""},""phase"":""low""},{""action"":{""high_action"":""split"",""order_decision"":""only_cost""},""phase"":""high""},{""action"":{""candidate_id"":1,""schedule_alpha"":0.5},""phase"":""select""},{""action"":{""search_k"":1,""search_strategy"":""default""},""phase"":""search""},{""action"":{""execution_action"":""none"",""lip_action"":""none""},""phase"":""low""},{""action"":{""high_action"":""split"",""order_decision"":""only_cost""},""phase"":""high""},{""action"":{""candidate_id"":3,""schedule_alpha"":0.5},""phase"":""select""},{""action"":{""search_k"":1,""search_strategy"":""default""},""phase"":""search""},{""action"":{""execution_action"":""none"",""lip_action"":""none""},""phase"":""low""},{""action"":{""high_action"":""split"",""order_decision"":""only_cost""},""phase"":""high""},{""action"":{""candidate_id"":0,""schedule_alpha"":0.0},""phase"":""select""},{""action"":{""search_k"":1,""search_strategy"":""default""},""phase"":""search""},{""action"":{""execution_action"":""none"",""lip_action"":""none""},""phase"":""low""},{""action"":{""high_action"":""split"",""order_decision"":""only_cost""},""phase"":""high""},{""action"":{""candidate_id"":1,""schedule_alpha"":0.0},""phase"":""select""},{""action"":{""search_k"":1,""search_strategy"":""default""},""phase"":""search""},{""action"":{""execution_action"":""none"",""lip_action"":""none""},""phase"":""low""},{""action"":{""high_action"":""stop"",""order_decision"":""only_cost""},""phase"":""high""},{""action"":{""search_k"":1,""search_strategy"":""default""},""phase"":""search""},{""action"":{""execution_action"":""none"",""lip_action"":""none""},""phase"":""low""}]"
STACK,a,./workloads/query_stack/q2_q2-032.sql,Full NQO,703.132942318916,104.148000000000,ok,216acde5b813524d45ac581fa2f7d38ac46b42e538ec967f54400b57065d6c7d,64,,d70ef27c3704f707d10e6cdcbbd7a71c86adc60b690c3b034fab15c0fd1674af,edc75166f461cdf875bb59b83fbd8c29fed2ae317051e7a70becbcd30941e773,./results/models/stack/random/a/best.pt,"[{""action"":{""high_action"":""split"",""order_decision"":""only_cost""},""phase"":""high""},{""action"":{""candidate_id"":0,""schedule_alpha"":0.5},""phase"":""select""},{""action"":{""search_k"":1,""search_strategy"":""default""},""phase"":""search""},{""action"":{""execution_action"":""none"",""lip_action"":""none""},""phase"":""low""},{""action"":{""high_action"":""split"",""order_decision"":""only_cost""},""phase"":""high""},{""action"":{""candidate_id"":3,""schedule_alpha"":0.5},""phase"":""select""},{""action"":{""search_k"":1,""search_strategy"":""default""},""phase"":""search""},{""action"":{""execution_action"":""none"",""lip_action"":""none""},""phase"":""low""},{""action"":{""high_action"":""split"",""order_decision"":""only_cost""},""phase"":""high""},{""action"":{""candidate_id"":1,""schedule_alpha"":0.5},""phase"":""select""},{""action"":{""search_k"":1,""search_strategy"":""default""},""phase"":""search""},{""action"":{""execution_action"":""none"",""lip_action"":""none""},""phase"":""low""},{""action"":{""high_action"":""split"",""order_decision"":""only_cost""},""phase"":""high""},{""action"":{""candidate_id"":3,""schedule_alpha"":0.5},""phase"":""select""},{""action"":{""search_k"":1,""search_strategy"":""default""},""phase"":""search""},{""action"":{""execution_action"":""none"",""lip_action"":""none""},""phase"":""low""},{""action"":{""high_action"":""split"",""order_decision"":""only_cost""},""phase"":""high""},{""action"":{""candidate_id"":0,""schedule_alpha"":0.0},""phase"":""select""},{""action"":{""search_k"":1,""search_strategy"":""default""},""phase"":""search""},{""action"":{""execution_action"":""none"",""lip_action"":""none""},""phase"":""low""},{""action"":{""high_action"":""split"",""order_decision"":""only_cost""},""phase"":""high""},{""action"":{""candidate_id"":1,""schedule_alpha"":0.0},""phase"":""select""},{""action"":{""search_k"":1,""search_strategy"":""default""},""phase"":""search""},{""action"":{""execution_action"":""none"",""lip_action"":""none""},""phase"":""low""},{""action"":{""high_action"":""stop"",""order_decision"":""only_cost""},""phase"":""high""},{""action"":{""search_k"":1,""search_strategy"":""default""},""phase"":""search""},{""action"":{""execution_action"":""none"",""lip_action"":""none""},""phase"":""low""}]"
STACK,a,./workloads/query_stack/q2_q2-035.sql,Full NQO,772.876143455505,107.845000000000,ok,7dde5286d3a49e885c56ee37d42b39b5355f4bfe86288386030d4a14652eff42,260,,815f6393bde00ee506d4e3877d6b7c416a95b1920bb42d8df60a6c152aac0b9f,2e64d479000d292db4f15d54de2dc8f39a98ce13f8ebb064a175d7c3601d7dfe,./results/models/stack/random/a/best.pt,"[{""action"":{""high_action"":""split"",""order_decision"":""only_cost""},""phase"":""high""},{""action"":{""candidate_id"":0,""schedule_alpha"":0.5},""phase"":""select""},{""action"":{""search_k"":1,""search_strategy"":""default""},""phase"":""search""},{""action"":{""execution_action"":""none"",""lip_action"":""none""},""phase"":""low""},{""action"":{""high_action"":""split"",""order_decision"":""only_cost""},""phase"":""high""},{""action"":{""candidate_id"":3,""schedule_alpha"":0.5},""phase"":""select""},{""action"":{""search_k"":1,""search_strategy"":""default""},""phase"":""search""},{""action"":{""execution_action"":""none"",""lip_action"":""none""},""phase"":""low""},{""action"":{""high_action"":""split"",""order_decision"":""only_cost""},""phase"":""high""},{""action"":{""candidate_id"":1,""schedule_alpha"":0.5},""phase"":""select""},{""action"":{""search_k"":1,""search_strategy"":""default""},""phase"":""search""},{""action"":{""execution_action"":""none"",""lip_action"":""none""},""phase"":""low""},{""action"":{""high_action"":""split"",""order_decision"":""only_cost""},""phase"":""high""},{""action"":{""candidate_id"":3,""schedule_alpha"":0.5},""phase"":""select""},{""action"":{""search_k"":1,""search_strategy"":""default""},""phase"":""search""},{""action"":{""execution_action"":""none"",""lip_action"":""none""},""phase"":""low""},{""action"":{""high_action"":""split"",""order_decision"":""only_cost""},""phase"":""high""},{""action"":{""candidate_id"":2,""schedule_alpha"":0.0},""phase"":""select""},{""action"":{""search_k"":1,""search_strategy"":""default""},""phase"":""search""},{""action"":{""execution_action"":""none"",""lip_action"":""none""},""phase"":""low""},{""action"":{""high_action"":""split"",""order_decision"":""only_cost""},""phase"":""high""},{""action"":{""candidate_id"":0,""schedule_alpha"":0.0},""phase"":""select""},{""action"":{""search_k"":1,""search_strategy"":""default""},""phase"":""search""},{""action"":{""execution_action"":""none"",""lip_action"":""none""},""phase"":""low""},{""action"":{""high_action"":""stop"",""order_decision"":""only_cost""},""phase"":""high""},{""action"":{""search_k"":1,""search_strategy"":""default""},""phase"":""search""},{""action"":{""execution_action"":""none"",""lip_action"":""none""},""phase"":""low""}]"
STACK,a,./workloads/query_stack/q2_q2-050.sql,Full NQO,477.249071002007,103.103000000000,ok,1e27f384fa81958d1078acb4bc8cbe0ad028ba630444fbf5b11bc7b9a721c652,5,,442689f3fc8e01d732b7992daff36c6a8918690c1feb575ffae846dfb9cfc30b,1fe500292b7d590186a79378413d8ca6a107806d87a98e4d3fe82d493fc9aed9,./results/models/stack/random/a/best.pt,"[{""action"":{""high_action"":""split"",""order_decision"":""only_cost""},""phase"":""high""},{""action"":{""candidate_id"":0,""schedule_alpha"":0.5},""phase"":""select""},{""action"":{""search_k"":1,""search_strategy"":""default""},""phase"":""search""},{""action"":{""execution_action"":""none"",""lip_action"":""none""},""phase"":""low""},{""action"":{""high_action"":""split"",""order_decision"":""only_cost""},""phase"":""high""},{""action"":{""candidate_id"":3,""schedule_alpha"":0.5},""phase"":""select""},{""action"":{""search_k"":1,""search_strategy"":""default""},""phase"":""search""},{""action"":{""execution_action"":""none"",""lip_action"":""none""},""phase"":""low""},{""action"":{""high_action"":""split"",""order_decision"":""only_cost""},""phase"":""high""},{""action"":{""candidate_id"":1,""schedule_alpha"":0.5},""phase"":""select""},{""action"":{""search_k"":1,""search_strategy"":""default""},""phase"":""search""},{""action"":{""execution_action"":""none"",""lip_action"":""none""},""phase"":""low""},{""action"":{""high_action"":""split"",""order_decision"":""only_cost""},""phase"":""high""},{""action"":{""candidate_id"":3,""schedule_alpha"":0.5},""phase"":""select""},{""action"":{""search_k"":1,""search_strategy"":""default""},""phase"":""search""},{""action"":{""execution_action"":""none"",""lip_action"":""none""},""phase"":""low""},{""action"":{""high_action"":""split"",""order_decision"":""only_cost""},""phase"":""high""},{""action"":{""candidate_id"":2,""schedule_alpha"":0.0},""phase"":""select""},{""action"":{""search_k"":1,""search_strategy"":""default""},""phase"":""search""},{""action"":{""execution_action"":""none"",""lip_action"":""none""},""phase"":""low""},{""action"":{""high_action"":""split"",""order_decision"":""only_cost""},""phase"":""high""},{""action"":{""candidate_id"":0,""schedule_alpha"":0.0},""phase"":""select""},{""action"":{""search_k"":1,""search_strategy"":""default""},""phase"":""search""},{""action"":{""execution_action"":""none"",""lip_action"":""none""},""phase"":""low""},{""action"":{""high_action"":""stop"",""order_decision"":""only_cost""},""phase"":""high""},{""action"":{""search_k"":1,""search_strategy"":""default""},""phase"":""search""},{""action"":{""execution_action"":""none"",""lip_action"":""none""},""phase"":""low""}]"
STACK,a,./workloads/query_stack/q2_q2-098.sql,Full NQO,3671.839781105518,126.571000000000,ok,296776255fa5947d731d01e34f4d9e5afc8f65b116b688516e1b4283bd45f000,96,,a7968ef3b45ab1404591508139574ab6400050581454668d78160b879c48698a,ff64eb572c0e91c3dc1d312907fe38fa69215738b386be7867766de6ceb27bfc,./results/models/stack/random/a/best.pt,"[{""action"":{""high_action"":""split"",""order_decision"":""only_cost""},""phase"":""high""},{""action"":{""candidate_id"":4,""schedule_alpha"":0.5},""phase"":""select""},{""action"":{""search_k"":1,""search_strategy"":""default""},""phase"":""search""},{""action"":{""execution_action"":""none"",""lip_action"":""none""},""phase"":""low""},{""action"":{""high_action"":""split"",""order_decision"":""only_cost""},""phase"":""high""},{""action"":{""candidate_id"":5,""schedule_alpha"":0.5},""phase"":""select""},{""action"":{""search_k"":1,""search_strategy"":""default""},""phase"":""search""},{""action"":{""execution_action"":""none"",""lip_action"":""none""},""phase"":""low""},{""action"":{""high_action"":""split"",""order_decision"":""only_cost""},""phase"":""high""},{""action"":{""candidate_id"":0,""schedule_alpha"":0.5},""phase"":""select""},{""action"":{""search_k"":1,""search_strategy"":""default""},""phase"":""search""},{""action"":{""execution_action"":""none"",""lip_action"":""none""},""phase"":""low""},{""action"":{""high_action"":""split"",""order_decision"":""only_cost""},""phase"":""high""},{""action"":{""candidate_id"":1,""schedule_alpha"":0.5},""phase"":""select""},{""action"":{""search_k"":1,""search_strategy"":""default""},""phase"":""search""},{""action"":{""execution_action"":""none"",""lip_action"":""none""},""phase"":""low""},{""action"":{""high_action"":""split"",""order_decision"":""only_cost""},""phase"":""high""},{""action"":{""candidate_id"":0,""schedule_alpha"":0.0},""phase"":""select""},{""action"":{""search_k"":1,""search_strategy"":""default""},""phase"":""search""},{""action"":{""execution_action"":""none"",""lip_action"":""none""},""phase"":""low""},{""action"":{""high_action"":""split"",""order_decision"":""only_cost""},""phase"":""high""},{""action"":{""candidate_id"":0,""schedule_alpha"":0.0},""phase"":""select""},{""action"":{""search_k"":1,""search_strategy"":""default""},""phase"":""search""},{""action"":{""execution_action"":""none"",""lip_action"":""none""},""phase"":""low""},{""action"":{""high_action"":""split"",""order_decision"":""only_cost""},""phase"":""high""},{""action"":{""candidate_id"":0,""schedule_alpha"":0.0},""phase"":""select""},{""action"":{""search_k"":1,""search_strategy"":""default""},""phase"":""search""},{""action"":{""execution_action"":""none"",""lip_action"":""none""},""phase"":""low""},{""action"":{""high_action"":""stop"",""order_decision"":""only_cost""},""phase"":""high""},{""action"":{""search_k"":1,""search_strategy"":""default""},""phase"":""search""},{""action"":{""execution_action"":""none"",""lip_action"":""selective""},""phase"":""low""}]"
STACK,a,./workloads/query_stack/q3_q3-043.sql,Full NQO,1300.458274781704,128.906000000000,ok,4c0f0a0bbb0c6e05c315b00e38442781160c6fb878b398b0d3c96fc9c63bf954,1,,d1620db341db8c163b1ae27a93a1b87dfb7dd46ea3ee68ce5c39bc5e07d2c1f0,e12fbb9b0b55d0901a7d827c51a9dd8d672db8708e01eb8dfb2409690d7d57d7,./results/models/stack/random/a/best.pt,"[{""action"":{""high_action"":""split"",""order_decision"":""only_cost""},""phase"":""high""},{""action"":{""candidate_id"":0,""schedule_alpha"":0.5},""phase"":""select""},{""action"":{""search_k"":1,""search_strategy"":""default""},""phase"":""search""},{""action"":{""execution_action"":""none"",""lip_action"":""none""},""phase"":""low""},{""action"":{""high_action"":""split"",""order_decision"":""only_cost""},""phase"":""high""},{""action"":{""candidate_id"":4,""schedule_alpha"":0.5},""phase"":""select""},{""action"":{""search_k"":1,""search_strategy"":""default""},""phase"":""search""},{""action"":{""execution_action"":""none"",""lip_action"":""none""},""phase"":""low""},{""action"":{""high_action"":""split"",""order_decision"":""only_cost""},""phase"":""high""},{""action"":{""candidate_id"":2,""schedule_alpha"":0.5},""phase"":""select""},{""action"":{""search_k"":1,""search_strategy"":""default""},""phase"":""search""},{""action"":{""execution_action"":""none"",""lip_action"":""none""},""phase"":""low""},{""action"":{""high_action"":""split"",""order_decision"":""only_cost""},""phase"":""high""},{""action"":{""candidate_id"":4,""schedule_alpha"":0.5},""phase"":""select""},{""action"":{""search_k"":1,""search_strategy"":""default""},""phase"":""search""},{""action"":{""execution_action"":""none"",""lip_action"":""none""},""phase"":""low""},{""action"":{""high_action"":""split"",""order_decision"":""only_cost""},""phase"":""high""},{""action"":{""candidate_id"":0,""schedule_alpha"":0.5},""phase"":""select""},{""action"":{""search_k"":1,""search_strategy"":""default""},""phase"":""search""},{""action"":{""execution_action"":""none"",""lip_action"":""none""},""phase"":""low""},{""action"":{""high_action"":""split"",""order_decision"":""only_cost""},""phase"":""high""},{""action"":{""candidate_id"":2,""schedule_alpha"":0.0},""phase"":""select""},{""action"":{""search_k"":1,""search_strategy"":""default""},""phase"":""search""},{""action"":{""execution_action"":""none"",""lip_action"":""none""},""phase"":""low""},{""action"":{""high_action"":""split"",""order_decision"":""only_cost""},""phase"":""high""},{""action"":{""candidate_id"":0,""schedule_alpha"":0.0},""phase"":""select""},{""action"":{""search_k"":1,""search_strategy"":""default""},""phase"":""search""},{""action"":{""execution_action"":""none"",""lip_action"":""none""},""phase"":""low""},{""action"":{""high_action"":""stop"",""order_decision"":""only_cost""},""phase"":""high""},{""action"":{""search_k"":1,""search_strategy"":""default""},""phase"":""search""},{""action"":{""execution_action"":""none"",""lip_action"":""selective""},""phase"":""low""}]"
STACK,a,./workloads/query_stack/q3_q3-086.sql,Full NQO,930.941924452782,123.184000000000,ok,7471f50a1908d54777534ac7b79962c5e0fbacd1732b5c22e4ba066329f8a78e,1,,bca8e7a10c2f0d5235cc4a38751bb58c455511bd369d30c4de08bfa8e4023967,fe439a4362380129e2ef7cc95a8e5573a156ca556184782d33b3e957902c1206,./results/models/stack/random/a/best.pt,"[{""action"":{""high_action"":""split"",""order_decision"":""only_cost""},""phase"":""high""},{""action"":{""candidate_id"":0,""schedule_alpha"":0.5},""phase"":""select""},{""action"":{""search_k"":1,""search_strategy"":""default""},""phase"":""search""},{""action"":{""execution_action"":""none"",""lip_action"":""none""},""phase"":""low""},{""action"":{""high_action"":""split"",""order_decision"":""only_cost""},""phase"":""high""},{""action"":{""candidate_id"":4,""schedule_alpha"":0.5},""phase"":""select""},{""action"":{""search_k"":1,""search_strategy"":""default""},""phase"":""search""},{""action"":{""execution_action"":""none"",""lip_action"":""none""},""phase"":""low""},{""action"":{""high_action"":""split"",""order_decision"":""only_cost""},""phase"":""high""},{""action"":{""candidate_id"":2,""schedule_alpha"":0.5},""phase"":""select""},{""action"":{""search_k"":1,""search_strategy"":""default""},""phase"":""search""},{""action"":{""execution_action"":""none"",""lip_action"":""none""},""phase"":""low""},{""action"":{""high_action"":""split"",""order_decision"":""only_cost""},""phase"":""high""},{""action"":{""candidate_id"":4,""schedule_alpha"":0.5},""phase"":""select""},{""action"":{""search_k"":1,""search_strategy"":""default""},""phase"":""search""},{""action"":{""execution_action"":""none"",""lip_action"":""none""},""phase"":""low""},{""action"":{""high_action"":""split"",""order_decision"":""only_cost""},""phase"":""high""},{""action"":{""candidate_id"":0,""schedule_alpha"":0.5},""phase"":""select""},{""action"":{""search_k"":1,""search_strategy"":""default""},""phase"":""search""},{""action"":{""execution_action"":""none"",""lip_action"":""none""},""phase"":""low""},{""action"":{""high_action"":""split"",""order_decision"":""only_cost""},""phase"":""high""},{""action"":{""candidate_id"":0,""schedule_alpha"":0.0},""phase"":""select""},{""action"":{""search_k"":1,""search_strategy"":""default""},""phase"":""search""},{""action"":{""execution_action"":""none"",""lip_action"":""none""},""phase"":""low""},{""action"":{""high_action"":""split"",""order_decision"":""only_cost""},""phase"":""high""},{""action"":{""candidate_id"":1,""schedule_alpha"":0.0},""phase"":""select""},{""action"":{""search_k"":1,""search_strategy"":""default""},""phase"":""search""},{""action"":{""execution_action"":""none"",""lip_action"":""none""},""phase"":""low""},{""action"":{""high_action"":""stop"",""order_decision"":""only_cost""},""phase"":""high""},{""action"":{""search_k"":1,""search_strategy"":""default""},""phase"":""search""},{""action"":{""execution_action"":""none"",""lip_action"":""selective""},""phase"":""low""}]"
STACK,a,./workloads/query_stack/q4_q4-041.sql,Full NQO,354.611307382584,73.804000000000,ok,8052f9dd5c2ce14bfe8b7a420b7826cf81794f93d4535bf03b3e955ca1d84b77,1,,6d76970f47bfead19bba78050f964e2e5465614047ba3c32c635aba29341203b,660b58c090b38f0e5db5c964ef15de5f1a230633ef51d8c917123d8dabf9e090,./results/models/stack/random/a/best.pt,"[{""action"":{""high_action"":""split"",""order_decision"":""only_cost""},""phase"":""high""},{""action"":{""candidate_id"":0,""schedule_alpha"":0.5},""phase"":""select""},{""action"":{""search_k"":1,""search_strategy"":""default""},""phase"":""search""},{""action"":{""execution_action"":""none"",""lip_action"":""none""},""phase"":""low""},{""action"":{""high_action"":""split"",""order_decision"":""only_cost""},""phase"":""high""},{""action"":{""candidate_id"":2,""schedule_alpha"":0.5},""phase"":""select""},{""action"":{""search_k"":1,""search_strategy"":""default""},""phase"":""search""},{""action"":{""execution_action"":""none"",""lip_action"":""none""},""phase"":""low""},{""action"":{""high_action"":""split"",""order_decision"":""only_cost""},""phase"":""high""},{""action"":{""candidate_id"":0,""schedule_alpha"":0.0},""phase"":""select""},{""action"":{""search_k"":1,""search_strategy"":""default""},""phase"":""search""},{""action"":{""execution_action"":""none"",""lip_action"":""none""},""phase"":""low""},{""action"":{""high_action"":""split"",""order_decision"":""only_cost""},""phase"":""high""},{""action"":{""candidate_id"":0,""schedule_alpha"":0.0},""phase"":""select""},{""action"":{""search_k"":1,""search_strategy"":""default""},""phase"":""search""},{""action"":{""execution_action"":""none"",""lip_action"":""none""},""phase"":""low""},{""action"":{""high_action"":""stop"",""order_decision"":""only_cost""},""phase"":""high""},{""action"":{""search_k"":1,""search_strategy"":""default""},""phase"":""search""},{""action"":{""execution_action"":""none"",""lip_action"":""none""},""phase"":""low""}]"
STACK,a,./workloads/query_stack/q4_q4-086.sql,Full NQO,276.904158294201,70.498000000000,ok,93034f366ea7f433ff55e70e5063853c27a605a794de24273d665ea1c169aaa5,1,,31f0ea05a29207e8b8c2763dd5ad6ff2ba8a2f022e4ff820484f5ec2bdec28ba,86037eebb0a2ef7bfecd74f8093226b8bf3161d9db34409dabd857fb35dff5d4,./results/models/stack/random/a/best.pt,"[{""action"":{""high_action"":""split"",""order_decision"":""only_cost""},""phase"":""high""},{""action"":{""candidate_id"":0,""schedule_alpha"":0.5},""phase"":""select""},{""action"":{""search_k"":1,""search_strategy"":""default""},""phase"":""search""},{""action"":{""execution_action"":""none"",""lip_action"":""none""},""phase"":""low""},{""action"":{""high_action"":""split"",""order_decision"":""only_cost""},""phase"":""high""},{""action"":{""candidate_id"":2,""schedule_alpha"":0.5},""phase"":""select""},{""action"":{""search_k"":1,""search_strategy"":""default""},""phase"":""search""},{""action"":{""execution_action"":""none"",""lip_action"":""none""},""phase"":""low""},{""action"":{""high_action"":""split"",""order_decision"":""only_cost""},""phase"":""high""},{""action"":{""candidate_id"":0,""schedule_alpha"":0.0},""phase"":""select""},{""action"":{""search_k"":1,""search_strategy"":""default""},""phase"":""search""},{""action"":{""execution_action"":""none"",""lip_action"":""none""},""phase"":""low""},{""action"":{""high_action"":""split"",""order_decision"":""only_cost""},""phase"":""high""},{""action"":{""candidate_id"":0,""schedule_alpha"":0.0},""phase"":""select""},{""action"":{""search_k"":1,""search_strategy"":""default""},""phase"":""search""},{""action"":{""execution_action"":""none"",""lip_action"":""none""},""phase"":""low""},{""action"":{""high_action"":""stop"",""order_decision"":""only_cost""},""phase"":""high""},{""action"":{""search_k"":1,""search_strategy"":""default""},""phase"":""search""},{""action"":{""execution_action"":""none"",""lip_action"":""none""},""phase"":""low""}]"
STACK,a,./workloads/query_stack/q4_q4-089.sql,Full NQO,348.733812570572,129.250000000000,ok,73081d2b1e0a4e71a4c298714c8eae13ea81cf0796f5434c40c682bd294aa1b6,1,,34b3f1f2a1c4ead24a774a4f17fde20c5afaeaefb1f51eb93cb1997e751d5e66,10bcd953c17020a6baf9be1589e1e56309731632d53bd35616d3c33cf73138cd,./results/models/stack/random/a/best.pt,"[{""action"":{""high_action"":""split"",""order_decision"":""only_cost""},""phase"":""high""},{""action"":{""candidate_id"":0,""schedule_alpha"":0.5},""phase"":""select""},{""action"":{""search_k"":1,""search_strategy"":""default""},""phase"":""search""},{""action"":{""execution_action"":""none"",""lip_action"":""none""},""phase"":""low""},{""action"":{""high_action"":""split"",""order_decision"":""only_cost""},""phase"":""high""},{""action"":{""candidate_id"":2,""schedule_alpha"":0.5},""phase"":""select""},{""action"":{""search_k"":1,""search_strategy"":""default""},""phase"":""search""},{""action"":{""execution_action"":""none"",""lip_action"":""none""},""phase"":""low""},{""action"":{""high_action"":""split"",""order_decision"":""only_cost""},""phase"":""high""},{""action"":{""candidate_id"":0,""schedule_alpha"":0.0},""phase"":""select""},{""action"":{""search_k"":1,""search_strategy"":""default""},""phase"":""search""},{""action"":{""execution_action"":""none"",""lip_action"":""none""},""phase"":""low""},{""action"":{""high_action"":""split"",""order_decision"":""only_cost""},""phase"":""high""},{""action"":{""candidate_id"":0,""schedule_alpha"":0.0},""phase"":""select""},{""action"":{""search_k"":1,""search_strategy"":""default""},""phase"":""search""},{""action"":{""execution_action"":""none"",""lip_action"":""none""},""phase"":""low""},{""action"":{""high_action"":""stop"",""order_decision"":""only_cost""},""phase"":""high""},{""action"":{""search_k"":1,""search_strategy"":""default""},""phase"":""search""},{""action"":{""execution_action"":""none"",""lip_action"":""none""},""phase"":""low""}]"
STACK,a,./workloads/query_stack/q5_q5-032.sql,Full NQO,128.095507621765,67.046000000000,ok,c477fc5cdc9f42cb68ce4b5e84826064e0ef04fbabe63d5ca7f0fc8fb38f76f3,1,,7c8760e224d92efafe5ae0c3d0f92bc92f8538663d54caeb2af878d810051617,966ed29c187918eb8727530c4e95571af9e347e207154d2ac14ef231de44b81c,./results/models/stack/random/a/best.pt,"[{""action"":{""high_action"":""split"",""order_decision"":""only_cost""},""phase"":""high""},{""action"":{""candidate_id"":0,""schedule_alpha"":0.5},""phase"":""select""},{""action"":{""search_k"":1,""search_strategy"":""default""},""phase"":""search""},{""action"":{""execution_action"":""none"",""lip_action"":""none""},""phase"":""low""},{""action"":{""high_action"":""split"",""order_decision"":""only_cost""},""phase"":""high""},{""action"":{""candidate_id"":1,""schedule_alpha"":0.5},""phase"":""select""},{""action"":{""search_k"":1,""search_strategy"":""default""},""phase"":""search""},{""action"":{""execution_action"":""none"",""lip_action"":""none""},""phase"":""low""},{""action"":{""high_action"":""split"",""order_decision"":""only_cost""},""phase"":""high""},{""action"":{""candidate_id"":0,""schedule_alpha"":0.0},""phase"":""select""},{""action"":{""search_k"":1,""search_strategy"":""default""},""phase"":""search""},{""action"":{""execution_action"":""none"",""lip_action"":""none""},""phase"":""low""},{""action"":{""high_action"":""split"",""order_decision"":""only_cost""},""phase"":""high""},{""action"":{""candidate_id"":1,""schedule_alpha"":0.0},""phase"":""select""},{""action"":{""search_k"":1,""search_strategy"":""default""},""phase"":""search""},{""action"":{""execution_action"":""none"",""lip_action"":""none""},""phase"":""low""},{""action"":{""high_action"":""stop"",""order_decision"":""only_cost""},""phase"":""high""},{""action"":{""search_k"":1,""search_strategy"":""default""},""phase"":""search""},{""action"":{""execution_action"":""none"",""lip_action"":""none""},""phase"":""low""}]"
STACK,a,./workloads/query_stack/q5_q5-059.sql,Full NQO,141.730815172195,70.744000000000,ok,2bb4771eebb7b47365089a6a19756f2e83053e8323d7cd31fa1b6cfcfa7c9c64,1,,9e256fba118418a8646797321b92ae8b24274999341c1d10dc999e1ba7dd4541,784ab510a960fd7d99404e07ea99fada519cbd5ab337b04ef73766841b104b40,./results/models/stack/random/a/best.pt,"[{""action"":{""high_action"":""split"",""order_decision"":""only_cost""},""phase"":""high""},{""action"":{""candidate_id"":0,""schedule_alpha"":0.5},""phase"":""select""},{""action"":{""search_k"":1,""search_strategy"":""default""},""phase"":""search""},{""action"":{""execution_action"":""none"",""lip_action"":""none""},""phase"":""low""},{""action"":{""high_action"":""split"",""order_decision"":""only_cost""},""phase"":""high""},{""action"":{""candidate_id"":1,""schedule_alpha"":0.5},""phase"":""select""},{""action"":{""search_k"":1,""search_strategy"":""default""},""phase"":""search""},{""action"":{""execution_action"":""none"",""lip_action"":""none""},""phase"":""low""},{""action"":{""high_action"":""split"",""order_decision"":""only_cost""},""phase"":""high""},{""action"":{""candidate_id"":0,""schedule_alpha"":0.0},""phase"":""select""},{""action"":{""search_k"":1,""search_strategy"":""default""},""phase"":""search""},{""action"":{""execution_action"":""none"",""lip_action"":""none""},""phase"":""low""},{""action"":{""high_action"":""split"",""order_decision"":""only_cost""},""phase"":""high""},{""action"":{""candidate_id"":0,""schedule_alpha"":0.0},""phase"":""select""},{""action"":{""search_k"":1,""search_strategy"":""default""},""phase"":""search""},{""action"":{""execution_action"":""none"",""lip_action"":""none""},""phase"":""low""},{""action"":{""high_action"":""stop"",""order_decision"":""only_cost""},""phase"":""high""},{""action"":{""search_k"":1,""search_strategy"":""default""},""phase"":""search""},{""action"":{""execution_action"":""none"",""lip_action"":""none""},""phase"":""low""}]"
STACK,a,./workloads/query_stack/q6_q6-002.sql,Full NQO,134.426169097424,71.814000000000,ok,492b793683e8ee0b48e89a3fadeb7893533f8d436ad0e3a7fd5090567858a03d,1,,1a0c550629fe60c777f7a05de4a9a35e125232833cdbfd1133e465102a33a989,d8d367229c602639420560848df4bdb59b3fd7adff5e615c16ee5bfc88915def,./results/models/stack/random/a/best.pt,"[{""action"":{""high_action"":""split"",""order_decision"":""only_cost""},""phase"":""high""},{""action"":{""candidate_id"":0,""schedule_alpha"":0.5},""phase"":""select""},{""action"":{""search_k"":1,""search_strategy"":""default""},""phase"":""search""},{""action"":{""execution_action"":""none"",""lip_action"":""none""},""phase"":""low""},{""action"":{""high_action"":""split"",""order_decision"":""only_cost""},""phase"":""high""},{""action"":{""candidate_id"":1,""schedule_alpha"":0.5},""phase"":""select""},{""action"":{""search_k"":1,""search_strategy"":""default""},""phase"":""search""},{""action"":{""execution_action"":""none"",""lip_action"":""none""},""phase"":""low""},{""action"":{""high_action"":""split"",""order_decision"":""only_cost""},""phase"":""high""},{""action"":{""candidate_id"":0,""schedule_alpha"":0.0},""phase"":""select""},{""action"":{""search_k"":1,""search_strategy"":""default""},""phase"":""search""},{""action"":{""execution_action"":""none"",""lip_action"":""none""},""phase"":""low""},{""action"":{""high_action"":""split"",""order_decision"":""only_cost""},""phase"":""high""},{""action"":{""candidate_id"":1,""schedule_alpha"":0.0},""phase"":""select""},{""action"":{""search_k"":1,""search_strategy"":""default""},""phase"":""search""},{""action"":{""execution_action"":""none"",""lip_action"":""none""},""phase"":""low""},{""action"":{""high_action"":""stop"",""order_decision"":""only_cost""},""phase"":""high""},{""action"":{""search_k"":1,""search_strategy"":""default""},""phase"":""search""},{""action"":{""execution_action"":""none"",""lip_action"":""none""},""phase"":""low""}]"
STACK,a,./workloads/query_stack/q6_q6-060.sql,Full NQO,144.910462200642,68.682000000000,ok,9d496b98a2b4127b40592841377adc54986f308f7dee83ae1f1b877c695192c0,1,,3b0a8f951ca48e5efb18d17883d569d921f7b30d4d5efbfb748f64db68046728,535b06d8876cdf74da8398bfd3e407b9136adac3cced953f85b0c6143a290083,./results/models/stack/random/a/best.pt,"[{""action"":{""high_action"":""split"",""order_decision"":""only_cost""},""phase"":""high""},{""action"":{""candidate_id"":0,""schedule_alpha"":0.5},""phase"":""select""},{""action"":{""search_k"":1,""search_strategy"":""default""},""phase"":""search""},{""action"":{""execution_action"":""none"",""lip_action"":""none""},""phase"":""low""},{""action"":{""high_action"":""split"",""order_decision"":""only_cost""},""phase"":""high""},{""action"":{""candidate_id"":1,""schedule_alpha"":0.5},""phase"":""select""},{""action"":{""search_k"":1,""search_strategy"":""default""},""phase"":""search""},{""action"":{""execution_action"":""none"",""lip_action"":""none""},""phase"":""low""},{""action"":{""high_action"":""split"",""order_decision"":""only_cost""},""phase"":""high""},{""action"":{""candidate_id"":0,""schedule_alpha"":0.0},""phase"":""select""},{""action"":{""search_k"":1,""search_strategy"":""default""},""phase"":""search""},{""action"":{""execution_action"":""none"",""lip_action"":""none""},""phase"":""low""},{""action"":{""high_action"":""split"",""order_decision"":""only_cost""},""phase"":""high""},{""action"":{""candidate_id"":1,""schedule_alpha"":0.0},""phase"":""select""},{""action"":{""search_k"":1,""search_strategy"":""default""},""phase"":""search""},{""action"":{""execution_action"":""none"",""lip_action"":""none""},""phase"":""low""},{""action"":{""high_action"":""stop"",""order_decision"":""only_cost""},""phase"":""high""},{""action"":{""search_k"":1,""search_strategy"":""default""},""phase"":""search""},{""action"":{""execution_action"":""none"",""lip_action"":""none""},""phase"":""low""}]"
STACK,a,./workloads/query_stack/q6_q6-065.sql,Full NQO,113.946639001369,70.438000000000,ok,ad2301e16f8ac0e556a59dd245bfdf55c48548fd352f0cf92a385882c89aebbd,1,,e6e89071d41e9faf891fd6c82402d7722e5814df0dbf0aed014264fc72754af7,b11d9ac9ed4c334f27d825f3c6bb125a180fec830c075621b7cb335da34b3df1,./results/models/stack/random/a/best.pt,"[{""action"":{""high_action"":""split"",""order_decision"":""only_cost""},""phase"":""high""},{""action"":{""candidate_id"":0,""schedule_alpha"":0.5},""phase"":""select""},{""action"":{""search_k"":1,""search_strategy"":""default""},""phase"":""search""},{""action"":{""execution_action"":""none"",""lip_action"":""none""},""phase"":""low""},{""action"":{""high_action"":""split"",""order_decision"":""only_cost""},""phase"":""high""},{""action"":{""candidate_id"":1,""schedule_alpha"":0.5},""phase"":""select""},{""action"":{""search_k"":1,""search_strategy"":""default""},""phase"":""search""},{""action"":{""execution_action"":""none"",""lip_action"":""none""},""phase"":""low""},{""action"":{""high_action"":""split"",""order_decision"":""only_cost""},""phase"":""high""},{""action"":{""candidate_id"":0,""schedule_alpha"":0.0},""phase"":""select""},{""action"":{""search_k"":1,""search_strategy"":""default""},""phase"":""search""},{""action"":{""execution_action"":""none"",""lip_action"":""none""},""phase"":""low""},{""action"":{""high_action"":""split"",""order_decision"":""only_cost""},""phase"":""high""},{""action"":{""candidate_id"":1,""schedule_alpha"":0.0},""phase"":""select""},{""action"":{""search_k"":1,""search_strategy"":""default""},""phase"":""search""},{""action"":{""execution_action"":""none"",""lip_action"":""none""},""phase"":""low""},{""action"":{""high_action"":""stop"",""order_decision"":""only_cost""},""phase"":""high""},{""action"":{""search_k"":1,""search_strategy"":""default""},""phase"":""search""},{""action"":{""execution_action"":""none"",""lip_action"":""none""},""phase"":""low""}]"
STACK,a,./workloads/query_stack/q6_q6-067.sql,Full NQO,123.075231909752,70.976000000000,ok,ad2301e16f8ac0e556a59dd245bfdf55c48548fd352f0cf92a385882c89aebbd,1,,ad3096bd326d1b3a29c8ea66670b7213f81f4771f96043a5bed555f1e3458ad5,e184a9aeed43408e2cb4802222b97576718d1d461821ae6adee5b7c6988053c0,./results/models/stack/random/a/best.pt,"[{""action"":{""high_action"":""split"",""order_decision"":""only_cost""},""phase"":""high""},{""action"":{""candidate_id"":0,""schedule_alpha"":0.5},""phase"":""select""},{""action"":{""search_k"":1,""search_strategy"":""default""},""phase"":""search""},{""action"":{""execution_action"":""none"",""lip_action"":""none""},""phase"":""low""},{""action"":{""high_action"":""split"",""order_decision"":""only_cost""},""phase"":""high""},{""action"":{""candidate_id"":1,""schedule_alpha"":0.5},""phase"":""select""},{""action"":{""search_k"":1,""search_strategy"":""default""},""phase"":""search""},{""action"":{""execution_action"":""none"",""lip_action"":""none""},""phase"":""low""},{""action"":{""high_action"":""split"",""order_decision"":""only_cost""},""phase"":""high""},{""action"":{""candidate_id"":0,""schedule_alpha"":0.0},""phase"":""select""},{""action"":{""search_k"":1,""search_strategy"":""default""},""phase"":""search""},{""action"":{""execution_action"":""none"",""lip_action"":""none""},""phase"":""low""},{""action"":{""high_action"":""split"",""order_decision"":""only_cost""},""phase"":""high""},{""action"":{""candidate_id"":1,""schedule_alpha"":0.0},""phase"":""select""},{""action"":{""search_k"":1,""search_strategy"":""default""},""phase"":""search""},{""action"":{""execution_action"":""none"",""lip_action"":""none""},""phase"":""low""},{""action"":{""high_action"":""stop"",""order_decision"":""only_cost""},""phase"":""high""},{""action"":{""search_k"":1,""search_strategy"":""default""},""phase"":""search""},{""action"":{""execution_action"":""none"",""lip_action"":""none""},""phase"":""low""}]"
STACK,a,./workloads/query_stack/q6_q6-085.sql,Full NQO,142.137669026852,100.300000000000,ok,6bc192e9007268a766125dd12e9147e22327c03dc5f9824ad072a3f886d14f42,1,,d1e43d44efa8ab6dcbe0baee7f41bdf8041d74ca0948c3089e544e9aaa9c977e,019604d537acf3eb0b673eef4b21408914cb91f862f5f5577ad1b3ef001ac83d,./results/models/stack/random/a/best.pt,"[{""action"":{""high_action"":""split"",""order_decision"":""only_cost""},""phase"":""high""},{""action"":{""candidate_id"":0,""schedule_alpha"":0.5},""phase"":""select""},{""action"":{""search_k"":1,""search_strategy"":""default""},""phase"":""search""},{""action"":{""execution_action"":""none"",""lip_action"":""none""},""phase"":""low""},{""action"":{""high_action"":""split"",""order_decision"":""only_cost""},""phase"":""high""},{""action"":{""candidate_id"":1,""schedule_alpha"":0.5},""phase"":""select""},{""action"":{""search_k"":1,""search_strategy"":""default""},""phase"":""search""},{""action"":{""execution_action"":""none"",""lip_action"":""none""},""phase"":""low""},{""action"":{""high_action"":""split"",""order_decision"":""only_cost""},""phase"":""high""},{""action"":{""candidate_id"":0,""schedule_alpha"":0.0},""phase"":""select""},{""action"":{""search_k"":1,""search_strategy"":""default""},""phase"":""search""},{""action"":{""execution_action"":""none"",""lip_action"":""none""},""phase"":""low""},{""action"":{""high_action"":""split"",""order_decision"":""only_cost""},""phase"":""high""},{""action"":{""candidate_id"":1,""schedule_alpha"":0.0},""phase"":""select""},{""action"":{""search_k"":1,""search_strategy"":""default""},""phase"":""search""},{""action"":{""execution_action"":""none"",""lip_action"":""none""},""phase"":""low""},{""action"":{""high_action"":""stop"",""order_decision"":""only_cost""},""phase"":""high""},{""action"":{""search_k"":1,""search_strategy"":""default""},""phase"":""search""},{""action"":{""execution_action"":""none"",""lip_action"":""none""},""phase"":""low""}]"
STACK,a,./workloads/query_stack/q7_q7-085.sql,Full NQO,5952.979974448681,38.236000000000,ok,6d776eb7da1ae8477f7038ddf562c90e9a7a7070bdd1e4229ad8df4edf82ad33,1,,dacfd4d25408d11d5a349dc65945c2308c3fad42ba902407488077825755c483,36c06f174181afaae867f2afde3b96c09f34efaedf74a7bb35df80d0c3d62b4b,./results/models/stack/random/a/best.pt,"[{""action"":{""high_action"":""stop"",""order_decision"":""only_cost""},""phase"":""high""},{""action"":{""search_k"":1,""search_strategy"":""default""},""phase"":""search""},{""action"":{""execution_action"":""none"",""lip_action"":""selective""},""phase"":""low""}]"
STACK,a,./workloads/query_stack/q7_q7-099.sql,Full NQO,5732.008866965771,15.316000000000,ok,e6097a493b497f00231f62efb8f5a998c223e2cd8bf8f4813d3f9efb2ac1da29,1,,8c9d81cd8f551c4f16ebe57f9be5c26de5f6fddebbfc05382b6cc4ce8e40fd77,321cda967f66512a4fcac9a0022bb90dcb065123587451aa3e4c7ef0e7df57d6,./results/models/stack/random/a/best.pt,"[{""action"":{""high_action"":""stop"",""order_decision"":""only_cost""},""phase"":""high""},{""action"":{""search_k"":1,""search_strategy"":""default""},""phase"":""search""},{""action"":{""execution_action"":""none"",""lip_action"":""selective""},""phase"":""low""}]"
STACK,a,./workloads/query_stack/q8_q8-006.sql,Full NQO,1593.852750957012,58.618664741516,timeout,,,,6be53c8f20acdbe6c33604ab37812c9f428ed5b6e5891d5b28a36c0e8cc4983c,00e1c22ae5344e542d29035a9acc697b15d1adb2b4dbacb4b20a4cec13daa194,./results/models/stack/random/a/best.pt,"[{""action"":{""high_action"":""split"",""order_decision"":""only_cost""},""phase"":""high""},{""action"":{""candidate_id"":3,""schedule_alpha"":0.5},""phase"":""select""},{""action"":{""search_k"":1,""search_strategy"":""default""},""phase"":""search""},{""action"":{""execution_action"":""none"",""lip_action"":""none""},""phase"":""low""}]"
STACK,a,./workloads/query_stack/q8_q8-076.sql,Full NQO,1486.036442220211,56.393779814243,timeout,,,,874a8c472e3849157cbde87156ed103b548bec4661b8e2741d0090f78cdf42fe,3056b1785a1e031c3af6d5216b4fc18669d2be6f12fe5cb50b177f47cb8ddaa2,./results/models/stack/random/a/best.pt,"[{""action"":{""high_action"":""split"",""order_decision"":""only_cost""},""phase"":""high""},{""action"":{""candidate_id"":3,""schedule_alpha"":0.5},""phase"":""select""},{""action"":{""search_k"":1,""search_strategy"":""default""},""phase"":""search""},{""action"":{""execution_action"":""none"",""lip_action"":""none""},""phase"":""low""}]"
STACK,b,./workloads/query_stack/q11_87c4bd09.sql,Full NQO,878.001786768436,38.301000000000,ok,0adac76689f76028d5867469b355dcd74d4fa3a6e2559fbe6b8230f79b0e54ab,1,,9873510d9ed4d025ee583218d9ce87c22da5d771733d95a147b965659c673b5b,cccc03193e41d9e80fffa9d953b7905310d1ce5e99d82e6b5bbdc13cd0eeaed1,./results/models/stack/random/b/best.pt,"[{""action"":{""high_action"":""stop"",""order_decision"":""only_cost""},""phase"":""high""},{""action"":{""search_k"":1,""search_strategy"":""default""},""phase"":""search""},{""action"":{""execution_action"":""none"",""lip_action"":""none""},""phase"":""low""}]"
STACK,b,./workloads/query_stack/q11_c1ae2a99.sql,Full NQO,3845.843032002449,33.482000000000,ok,bb8e782f5dc25a16c10ffe18833283f7370c51fc216d687eb544549b48b557ee,1,,d7ad65fc328fbb79a9a1b292a603b83ce2014cd0e6e4c0ae86e857cdda7bc74c,3ecfcb9105ec27d1f1964ed7a510e7b9465b1ebfd6b9aca3aea98cd6db57fa0d,./results/models/stack/random/b/best.pt,"[{""action"":{""high_action"":""stop"",""order_decision"":""only_cost""},""phase"":""high""},{""action"":{""search_k"":1,""search_strategy"":""default""},""phase"":""search""},{""action"":{""execution_action"":""none"",""lip_action"":""none""},""phase"":""low""}]"
STACK,b,./workloads/query_stack/q12_06c8d688.sql,Full NQO,259.258575737476,47.855000000000,ok,7cbf5c7670ad4b36ecdc24b3e7d6e0b72f5c221a1ca93a703327ea17f0a33beb,9,,b88c47011e1b8fce7592b9928d5b6ef637cc884635db97c32d30aa6b5efdb95c,9c9138cb28d2168eadea39ab484dbd99ee9f5cdb63ece60134ff9766d732cc9c,./results/models/stack/random/b/best.pt,"[{""action"":{""high_action"":""stop"",""order_decision"":""only_cost""},""phase"":""high""},{""action"":{""search_k"":1,""search_strategy"":""default""},""phase"":""search""},{""action"":{""execution_action"":""none"",""lip_action"":""none""},""phase"":""low""}]"
STACK,b,./workloads/query_stack/q12_812a3eff.sql,Full NQO,1628.010258078575,46.164000000000,ok,d93d1c79cf73c78e79235ced2f92a14c120c18f4d839484bc6189f32792cf33e,12,,3754509f3a6b757578423af01f1bd423f4f47e58c849a38869197430bae3c7ea,21532f60a3be231d596cba1aa868e1639281335b1bf2d08c0d090d581b8965af,./results/models/stack/random/b/best.pt,"[{""action"":{""high_action"":""stop"",""order_decision"":""only_cost""},""phase"":""high""},{""action"":{""search_k"":1,""search_strategy"":""default""},""phase"":""search""},{""action"":{""execution_action"":""none"",""lip_action"":""none""},""phase"":""low""}]"
STACK,b,./workloads/query_stack/q12_bde6c0cf.sql,Full NQO,206.075109541416,44.399000000000,ok,ed94496358940d6dcbd7d3fae6008a1bf59cf8a927d60aff7f4d025b2078c569,2,,9ad902789db0da030b87b145306c7504fe7c53be5d537f4193f3d0ef1f3086d5,fb37794f96de10b072f0f455ab62e5d32886c7f4ea255bcf36d867132854ecde,./results/models/stack/random/b/best.pt,"[{""action"":{""high_action"":""stop"",""order_decision"":""only_cost""},""phase"":""high""},{""action"":{""search_k"":1,""search_strategy"":""default""},""phase"":""search""},{""action"":{""execution_action"":""none"",""lip_action"":""none""},""phase"":""low""}]"
STACK,b,./workloads/query_stack/q13_a091adce.sql,Full NQO,491.180293262005,41.423000000000,ok,a08c6a91086a32f0f168696c5193f4df662d2c7e1b5741b9192890614e79cb33,7,,03b63292aa63a2591a242f31b848aed8ae20756eaab66f7ab8c640b1fc8989ab,b522c49779c5cf042c82d1b8bd799393fa3d978268cfc9d1c3c029966ebc280b,./results/models/stack/random/b/best.pt,"[{""action"":{""high_action"":""split"",""order_decision"":""only_cost""},""phase"":""high""},{""action"":{""candidate_id"":3,""schedule_alpha"":0.5},""phase"":""select""},{""action"":{""search_k"":1,""search_strategy"":""default""},""phase"":""search""},{""action"":{""execution_action"":""none"",""lip_action"":""none""},""phase"":""low""},{""action"":{""high_action"":""split"",""order_decision"":""only_cost""},""phase"":""high""},{""action"":{""candidate_id"":3,""schedule_alpha"":0.5},""phase"":""select""},{""action"":{""search_k"":1,""search_strategy"":""default""},""phase"":""search""},{""action"":{""execution_action"":""none"",""lip_action"":""none""},""phase"":""low""},{""action"":{""high_action"":""split"",""order_decision"":""only_cost""},""phase"":""high""},{""action"":{""candidate_id"":1,""schedule_alpha"":0.5},""phase"":""select""},{""action"":{""search_k"":1,""search_strategy"":""default""},""phase"":""search""},{""action"":{""execution_action"":""none"",""lip_action"":""none""},""phase"":""low""},{""action"":{""high_action"":""split"",""order_decision"":""only_cost""},""phase"":""high""},{""action"":{""candidate_id"":1,""schedule_alpha"":0.5},""phase"":""select""},{""action"":{""search_k"":1,""search_strategy"":""default""},""phase"":""search""},{""action"":{""execution_action"":""none"",""lip_action"":""none""},""phase"":""low""},{""action"":{""high_action"":""split"",""order_decision"":""only_cost""},""phase"":""high""},{""action"":{""candidate_id"":0,""schedule_alpha"":0.5},""phase"":""select""},{""action"":{""search_k"":1,""search_strategy"":""default""},""phase"":""search""},{""action"":{""execution_action"":""none"",""lip_action"":""none""},""phase"":""low""},{""action"":{""high_action"":""stop"",""order_decision"":""only_cost""},""phase"":""high""},{""action"":{""search_k"":1,""search_strategy"":""default""},""phase"":""search""},{""action"":{""execution_action"":""none"",""lip_action"":""none""},""phase"":""low""}]"
STACK,b,./workloads/query_stack/q13_a3d03772.sql,Full NQO,914.341464638710,40.958000000000,ok,d810a8f52be505eb1db3998aaf5b583b11c7f14faa86a86041dea72c4641a9d3,100,,efaa3408139e90499f38d10fa8ef06e5d44e08e9893423db23ad6ac4b995221d,8fda42768b3a2f0fd058694bd30e7e3d370049ccbf3309ff87fe6c8f70c88d7c,./results/models/stack/random/b/best.pt,"[{""action"":{""high_action"":""split"",""order_decision"":""only_cost""},""phase"":""high""},{""action"":{""candidate_id"":3,""schedule_alpha"":0.5},""phase"":""select""},{""action"":{""search_k"":1,""search_strategy"":""default""},""phase"":""search""},{""action"":{""execution_action"":""none"",""lip_action"":""none""},""phase"":""low""},{""action"":{""high_action"":""split"",""order_decision"":""only_cost""},""phase"":""high""},{""action"":{""candidate_id"":3,""schedule_alpha"":0.5},""phase"":""select""},{""action"":{""search_k"":1,""search_strategy"":""default""},""phase"":""search""},{""action"":{""execution_action"":""none"",""lip_action"":""none""},""phase"":""low""},{""action"":{""high_action"":""split"",""order_decision"":""only_cost""},""phase"":""high""},{""action"":{""candidate_id"":1,""schedule_alpha"":0.5},""phase"":""select""},{""action"":{""search_k"":1,""search_strategy"":""default""},""phase"":""search""},{""action"":{""execution_action"":""none"",""lip_action"":""none""},""phase"":""low""},{""action"":{""high_action"":""split"",""order_decision"":""only_cost""},""phase"":""high""},{""action"":{""candidate_id"":1,""schedule_alpha"":0.5},""phase"":""select""},{""action"":{""search_k"":1,""search_strategy"":""default""},""phase"":""search""},{""action"":{""execution_action"":""none"",""lip_action"":""none""},""phase"":""low""},{""action"":{""high_action"":""split"",""order_decision"":""only_cost""},""phase"":""high""},{""action"":{""candidate_id"":0,""schedule_alpha"":0.5},""phase"":""select""},{""action"":{""search_k"":1,""search_strategy"":""default""},""phase"":""search""},{""action"":{""execution_action"":""none"",""lip_action"":""none""},""phase"":""low""},{""action"":{""high_action"":""stop"",""order_decision"":""only_cost""},""phase"":""high""},{""action"":{""search_k"":1,""search_strategy"":""default""},""phase"":""search""},{""action"":{""execution_action"":""none"",""lip_action"":""none""},""phase"":""low""}]"
STACK,b,./workloads/query_stack/q14_4063b6cb.sql,Full NQO,472.166150808334,39.894000000000,ok,b54c2097d06810c037d8f05a25b377fe885c5f81cf6f1e27b2336ff1675b26f5,1,,1999596ffc3a2da50381cee04b4ba8ddd4cca3d1e81b7af6cd305106d00009af,b71441f59f2f1e84aaa839693f36e2cdad82e9f4d9bd2589d7b0a59d8529b1d1,./results/models/stack/random/b/best.pt,"[{""action"":{""high_action"":""split"",""order_decision"":""only_cost""},""phase"":""high""},{""action"":{""candidate_id"":3,""schedule_alpha"":0.5},""phase"":""select""},{""action"":{""search_k"":1,""search_strategy"":""default""},""phase"":""search""},{""action"":{""execution_action"":""none"",""lip_action"":""none""},""phase"":""low""},{""action"":{""high_action"":""split"",""order_decision"":""only_cost""},""phase"":""high""},{""action"":{""candidate_id"":3,""schedule_alpha"":0.5},""phase"":""select""},{""action"":{""search_k"":1,""search_strategy"":""default""},""phase"":""search""},{""action"":{""execution_action"":""none"",""lip_action"":""none""},""phase"":""low""},{""action"":{""high_action"":""split"",""order_decision"":""only_cost""},""phase"":""high""},{""action"":{""candidate_id"":1,""schedule_alpha"":0.5},""phase"":""select""},{""action"":{""search_k"":1,""search_strategy"":""default""},""phase"":""search""},{""action"":{""execution_action"":""none"",""lip_action"":""none""},""phase"":""low""},{""action"":{""high_action"":""split"",""order_decision"":""only_cost""},""phase"":""high""},{""action"":{""candidate_id"":1,""schedule_alpha"":0.5},""phase"":""select""},{""action"":{""search_k"":1,""search_strategy"":""default""},""phase"":""search""},{""action"":{""execution_action"":""none"",""lip_action"":""none""},""phase"":""low""},{""action"":{""high_action"":""split"",""order_decision"":""only_cost""},""phase"":""high""},{""action"":{""candidate_id"":0,""schedule_alpha"":0.5},""phase"":""select""},{""action"":{""search_k"":1,""search_strategy"":""default""},""phase"":""search""},{""action"":{""execution_action"":""none"",""lip_action"":""none""},""phase"":""low""},{""action"":{""high_action"":""stop"",""order_decision"":""only_cost""},""phase"":""high""},{""action"":{""search_k"":1,""search_strategy"":""default""},""phase"":""search""},{""action"":{""execution_action"":""none"",""lip_action"":""none""},""phase"":""low""}]"
STACK,b,./workloads/query_stack/q14_5dbc1d1f.sql,Full NQO,13520.259022712708,41.939000000000,ok,bb56c0df8119ed058c77621e5b7f3efa1a6af55aaef384fcac58e729b7d6e853,1,,a11c88e8971cd2401f05143a04d2257643e7edae7e51c34fbec52f7d5d454b47,59dd914311cab14d0f1d9f20db3a3751ad41a39c90cb40401de9f8e0942e5aa5,./results/models/stack/random/b/best.pt,"[{""action"":{""high_action"":""split"",""order_decision"":""only_cost""},""phase"":""high""},{""action"":{""candidate_id"":3,""schedule_alpha"":0.5},""phase"":""select""},{""action"":{""search_k"":1,""search_strategy"":""default""},""phase"":""search""},{""action"":{""execution_action"":""none"",""lip_action"":""none""},""phase"":""low""},{""action"":{""high_action"":""split"",""order_decision"":""only_cost""},""phase"":""high""},{""action"":{""candidate_id"":3,""schedule_alpha"":0.5},""phase"":""select""},{""action"":{""search_k"":1,""search_strategy"":""default""},""phase"":""search""},{""action"":{""execution_action"":""none"",""lip_action"":""none""},""phase"":""low""},{""action"":{""high_action"":""split"",""order_decision"":""only_cost""},""phase"":""high""},{""action"":{""candidate_id"":1,""schedule_alpha"":0.5},""phase"":""select""},{""action"":{""search_k"":1,""search_strategy"":""default""},""phase"":""search""},{""action"":{""execution_action"":""none"",""lip_action"":""none""},""phase"":""low""},{""action"":{""high_action"":""split"",""order_decision"":""only_cost""},""phase"":""high""},{""action"":{""candidate_id"":1,""schedule_alpha"":0.5},""phase"":""select""},{""action"":{""search_k"":1,""search_strategy"":""default""},""phase"":""search""},{""action"":{""execution_action"":""none"",""lip_action"":""none""},""phase"":""low""},{""action"":{""high_action"":""split"",""order_decision"":""only_cost""},""phase"":""high""},{""action"":{""candidate_id"":0,""schedule_alpha"":0.5},""phase"":""select""},{""action"":{""search_k"":1,""search_strategy"":""default""},""phase"":""search""},{""action"":{""execution_action"":""none"",""lip_action"":""none""},""phase"":""low""},{""action"":{""high_action"":""stop"",""order_decision"":""only_cost""},""phase"":""high""},{""action"":{""search_k"":1,""search_strategy"":""default""},""phase"":""search""},{""action"":{""execution_action"":""none"",""lip_action"":""none""},""phase"":""low""}]"
STACK,b,./workloads/query_stack/q14_97e68ad5.sql,Full NQO,6092.876702547073,42.919000000000,ok,334f2b776c8ce2494d66db9c13d72fa1a6e95ac709970f148a607f2b195eecb1,1,,384cf10d0dc141bae63b5423589c1515574211afad099db2857174bc3867ee06,97078cb6950dbb8f7ac1c13185fd425244dd08e2483c59c9e0084e6d8df17808,./results/models/stack/random/b/best.pt,"[{""action"":{""high_action"":""split"",""order_decision"":""only_cost""},""phase"":""high""},{""action"":{""candidate_id"":3,""schedule_alpha"":0.5},""phase"":""select""},{""action"":{""search_k"":1,""search_strategy"":""default""},""phase"":""search""},{""action"":{""execution_action"":""none"",""lip_action"":""none""},""phase"":""low""},{""action"":{""high_action"":""split"",""order_decision"":""only_cost""},""phase"":""high""},{""action"":{""candidate_id"":3,""schedule_alpha"":0.5},""phase"":""select""},{""action"":{""search_k"":1,""search_strategy"":""default""},""phase"":""search""},{""action"":{""execution_action"":""none"",""lip_action"":""none""},""phase"":""low""},{""action"":{""high_action"":""split"",""order_decision"":""only_cost""},""phase"":""high""},{""action"":{""candidate_id"":1,""schedule_alpha"":0.5},""phase"":""select""},{""action"":{""search_k"":1,""search_strategy"":""default""},""phase"":""search""},{""action"":{""execution_action"":""none"",""lip_action"":""none""},""phase"":""low""},{""action"":{""high_action"":""split"",""order_decision"":""only_cost""},""phase"":""high""},{""action"":{""candidate_id"":1,""schedule_alpha"":0.5},""phase"":""select""},{""action"":{""search_k"":1,""search_strategy"":""default""},""phase"":""search""},{""action"":{""execution_action"":""none"",""lip_action"":""none""},""phase"":""low""},{""action"":{""high_action"":""split"",""order_decision"":""only_cost""},""phase"":""high""},{""action"":{""candidate_id"":0,""schedule_alpha"":0.5},""phase"":""select""},{""action"":{""search_k"":1,""search_strategy"":""default""},""phase"":""search""},{""action"":{""execution_action"":""none"",""lip_action"":""none""},""phase"":""low""},{""action"":{""high_action"":""stop"",""order_decision"":""only_cost""},""phase"":""high""},{""action"":{""search_k"":1,""search_strategy"":""default""},""phase"":""search""},{""action"":{""execution_action"":""none"",""lip_action"":""none""},""phase"":""low""}]"
STACK,b,./workloads/query_stack/q15_21e4988a.sql,Full NQO,560.403555631638,27.471000000000,ok,1660f09370e5a70e78b7f2e19fc4bf363f2543645d9e97ff5ced9c3ae4e4153d,53,,04de20e0b8cfe896f7d59a13f7773cc24f82d198ce5075d7a9397aaad62765b3,17f1b3fb7613846d4e5de63922eaa9a2a2ee97453b663bdc7b17f58e6cc202a6,./results/models/stack/random/b/best.pt,"[{""action"":{""high_action"":""split"",""order_decision"":""only_cost""},""phase"":""high""},{""action"":{""candidate_id"":1,""schedule_alpha"":0.5},""phase"":""select""},{""action"":{""search_k"":1,""search_strategy"":""default""},""phase"":""search""},{""action"":{""execution_action"":""none"",""lip_action"":""none""},""phase"":""low""},{""action"":{""high_action"":""split"",""order_decision"":""only_cost""},""phase"":""high""},{""action"":{""candidate_id"":1,""schedule_alpha"":0.5},""phase"":""select""},{""action"":{""search_k"":1,""search_strategy"":""default""},""phase"":""search""},{""action"":{""execution_action"":""none"",""lip_action"":""none""},""phase"":""low""},{""action"":{""high_action"":""split"",""order_decision"":""only_cost""},""phase"":""high""},{""action"":{""candidate_id"":0,""schedule_alpha"":0.5},""phase"":""select""},{""action"":{""search_k"":1,""search_strategy"":""default""},""phase"":""search""},{""action"":{""execution_action"":""none"",""lip_action"":""none""},""phase"":""low""},{""action"":{""high_action"":""stop"",""order_decision"":""only_cost""},""phase"":""high""},{""action"":{""search_k"":1,""search_strategy"":""default""},""phase"":""search""},{""action"":{""execution_action"":""none"",""lip_action"":""none""},""phase"":""low""}]"
STACK,b,./workloads/query_stack/q15_78995a5f.sql,Full NQO,669.096000492573,27.455000000000,ok,f913fffa52ef6f774243dc5f5c15df98f650c6370cdb7631929071a81a6a6b2c,85,,d812c91c80551d29e52d00ffd741e532a5f99ec5901db292c5616c4831c2f20d,0c3aab8d48f2276ccfc4c42bea74116eb2334b46c359c554cff23e9b3436c32e,./results/models/stack/random/b/best.pt,"[{""action"":{""high_action"":""split"",""order_decision"":""only_cost""},""phase"":""high""},{""action"":{""candidate_id"":1,""schedule_alpha"":0.5},""phase"":""select""},{""action"":{""search_k"":1,""search_strategy"":""default""},""phase"":""search""},{""action"":{""execution_action"":""none"",""lip_action"":""none""},""phase"":""low""},{""action"":{""high_action"":""split"",""order_decision"":""only_cost""},""phase"":""high""},{""action"":{""candidate_id"":1,""schedule_alpha"":0.5},""phase"":""select""},{""action"":{""search_k"":1,""search_strategy"":""default""},""phase"":""search""},{""action"":{""execution_action"":""none"",""lip_action"":""none""},""phase"":""low""},{""action"":{""high_action"":""split"",""order_decision"":""only_cost""},""phase"":""high""},{""action"":{""candidate_id"":0,""schedule_alpha"":0.5},""phase"":""select""},{""action"":{""search_k"":1,""search_strategy"":""default""},""phase"":""search""},{""action"":{""execution_action"":""none"",""lip_action"":""none""},""phase"":""low""},{""action"":{""high_action"":""stop"",""order_decision"":""only_cost""},""phase"":""high""},{""action"":{""search_k"":1,""search_strategy"":""default""},""phase"":""search""},{""action"":{""execution_action"":""none"",""lip_action"":""none""},""phase"":""low""}]"
STACK,b,./workloads/query_stack/q15_b8ddf65b.sql,Full NQO,204.155467450619,27.044000000000,ok,39f37f8d1931b3bdf767e7510dd69509fbf23af1f7654933d0a4d291cbdd4418,0,,06724f87d0d6d48e580cfa9ffea0327d5b3d07212ea15a682f5c991a5bde4a7b,0110f9da9f7b03ec8a35d84a9fddd9e9b85b67f2f8ea0e8a9832f62ea3ae3712,./results/models/stack/random/b/best.pt,"[{""action"":{""high_action"":""split"",""order_decision"":""only_cost""},""phase"":""high""},{""action"":{""candidate_id"":1,""schedule_alpha"":0.5},""phase"":""select""},{""action"":{""search_k"":1,""search_strategy"":""default""},""phase"":""search""},{""action"":{""execution_action"":""none"",""lip_action"":""none""},""phase"":""low""},{""action"":{""high_action"":""split"",""order_decision"":""only_cost""},""phase"":""high""},{""action"":{""candidate_id"":1,""schedule_alpha"":0.5},""phase"":""select""},{""action"":{""search_k"":1,""search_strategy"":""default""},""phase"":""search""},{""action"":{""execution_action"":""none"",""lip_action"":""none""},""phase"":""low""},{""action"":{""high_action"":""split"",""order_decision"":""only_cost""},""phase"":""high""},{""action"":{""candidate_id"":0,""schedule_alpha"":0.5},""phase"":""select""},{""action"":{""search_k"":1,""search_strategy"":""default""},""phase"":""search""},{""action"":{""execution_action"":""none"",""lip_action"":""none""},""phase"":""low""},{""action"":{""high_action"":""stop"",""order_decision"":""only_cost""},""phase"":""high""},{""action"":{""search_k"":1,""search_strategy"":""default""},""phase"":""search""},{""action"":{""execution_action"":""none"",""lip_action"":""none""},""phase"":""low""}]"
STACK,b,./workloads/query_stack/q16_374e3e4c.sql,Full NQO,5900.102689862251,27.256000000000,ok,54d4efd1b9fad2e2bea57e5b911106d37dfd248550e48caf6e5a16921c5cc884,1,,2cd0299b9a32bc888a2584af0d7dc49d3b93be59f4680b6f00e4f05d2076e964,710229c0f8d7cf19e546cc67e8b926a724e4b0fac3e303434e6f007ebad37303,./results/models/stack/random/b/best.pt,"[{""action"":{""high_action"":""split"",""order_decision"":""only_cost""},""phase"":""high""},{""action"":{""candidate_id"":1,""schedule_alpha"":0.5},""phase"":""select""},{""action"":{""search_k"":1,""search_strategy"":""default""},""phase"":""search""},{""action"":{""execution_action"":""none"",""lip_action"":""none""},""phase"":""low""},{""action"":{""high_action"":""split"",""order_decision"":""only_cost""},""phase"":""high""},{""action"":{""candidate_id"":1,""schedule_alpha"":0.5},""phase"":""select""},{""action"":{""search_k"":1,""search_strategy"":""default""},""phase"":""search""},{""action"":{""execution_action"":""none"",""lip_action"":""none""},""phase"":""low""},{""action"":{""high_action"":""split"",""order_decision"":""only_cost""},""phase"":""high""},{""action"":{""candidate_id"":0,""schedule_alpha"":0.5},""phase"":""select""},{""action"":{""search_k"":1,""search_strategy"":""default""},""phase"":""search""},{""action"":{""execution_action"":""none"",""lip_action"":""none""},""phase"":""low""},{""action"":{""high_action"":""stop"",""order_decision"":""only_cost""},""phase"":""high""},{""action"":{""search_k"":1,""search_strategy"":""default""},""phase"":""search""},{""action"":{""execution_action"":""none"",""lip_action"":""none""},""phase"":""low""}]"
STACK,b,./workloads/query_stack/q16_d5290889.sql,Full NQO,132.031895220280,26.798000000000,ok,6df0e219ac573723d552586b66c486c20731ea236011d7d2c4401ec2789e452e,1,,71af0d3e42e5343590a0f4623d72af11d8ae096ee0f83f3304ad53aa2243b7d8,14a5f2e14f71c13cd8fe6e3d33daffa9431f8af215c71328444126e0a9404d9b,./results/models/stack/random/b/best.pt,"[{""action"":{""high_action"":""split"",""order_decision"":""only_cost""},""phase"":""high""},{""action"":{""candidate_id"":1,""schedule_alpha"":0.5},""phase"":""select""},{""action"":{""search_k"":1,""search_strategy"":""default""},""phase"":""search""},{""action"":{""execution_action"":""none"",""lip_action"":""none""},""phase"":""low""},{""action"":{""high_action"":""split"",""order_decision"":""only_cost""},""phase"":""high""},{""action"":{""candidate_id"":1,""schedule_alpha"":0.5},""phase"":""select""},{""action"":{""search_k"":1,""search_strategy"":""default""},""phase"":""search""},{""action"":{""execution_action"":""none"",""lip_action"":""none""},""phase"":""low""},{""action"":{""high_action"":""split"",""order_decision"":""only_cost""},""phase"":""high""},{""action"":{""candidate_id"":0,""schedule_alpha"":0.5},""phase"":""select""},{""action"":{""search_k"":1,""search_strategy"":""default""},""phase"":""search""},{""action"":{""execution_action"":""none"",""lip_action"":""none""},""phase"":""low""},{""action"":{""high_action"":""stop"",""order_decision"":""only_cost""},""phase"":""high""},{""action"":{""search_k"":1,""search_strategy"":""default""},""phase"":""search""},{""action"":{""execution_action"":""none"",""lip_action"":""none""},""phase"":""low""}]"
STACK,b,./workloads/query_stack/q16_f67cec3d.sql,Full NQO,1582.987941801548,15.629000000000,timeout,,,,45729f106600a6ddb4cb013fadf960db28296b6fdd6849db0ba3bd540ae85318,ea9c169007df9a0b98427f8038468546df0f55540bcf0b6ce85001e4cde01015,./results/models/stack/random/b/best.pt,"[{""action"":{""high_action"":""split"",""order_decision"":""only_cost""},""phase"":""high""},{""action"":{""candidate_id"":1,""schedule_alpha"":0.5},""phase"":""select""},{""action"":{""search_k"":1,""search_strategy"":""default""},""phase"":""search""},{""action"":{""execution_action"":""none"",""lip_action"":""none""},""phase"":""low""},{""action"":{""high_action"":""split"",""order_decision"":""only_cost""},""phase"":""high""},{""action"":{""candidate_id"":0,""schedule_alpha"":0.5},""phase"":""select""},{""action"":{""search_k"":1,""search_strategy"":""default""},""phase"":""search""},{""action"":{""execution_action"":""none"",""lip_action"":""none""},""phase"":""low""}]"
STACK,b,./workloads/query_stack/q1_q1-067.sql,Full NQO,146.396793425083,37.555000000000,ok,efd47e404577282b5d30f83a721f02a9e869b9fcd7d91266a565314a53d0814f,1,,d5c91bcc044b615bb18b9bbeb24c83fe1143d8128e3a313f24e4e09490ac79a4,ec7d574049e46155540673bb292a07c6ae43b9b5f6765c16cfa6545b44a5d2e8,./results/models/stack/random/b/best.pt,"[{""action"":{""high_action"":""stop"",""order_decision"":""only_cost""},""phase"":""high""},{""action"":{""search_k"":1,""search_strategy"":""default""},""phase"":""search""},{""action"":{""execution_action"":""none"",""lip_action"":""none""},""phase"":""low""}]"
STACK,b,./workloads/query_stack/q1_q1-098.sql,Full NQO,4669.990867376328,38.049000000000,ok,4095cbc1ecc697ca9f9646c193a5682ada5316dba77f81108b62ba3cb1a82ab6,1,,d264c19161d7e0557f99a115a318aecb5a02e564cce5d2a44fc0a80fa35d7d3f,9b29804fb88b5384c8d1c2a42f4e166e718f5e0245473823d3a6e98a441962d8,./results/models/stack/random/b/best.pt,"[{""action"":{""high_action"":""stop"",""order_decision"":""only_cost""},""phase"":""high""},{""action"":{""search_k"":1,""search_strategy"":""default""},""phase"":""search""},{""action"":{""execution_action"":""none"",""lip_action"":""none""},""phase"":""low""}]"
STACK,b,./workloads/query_stack/q1_q1-099.sql,Full NQO,4522.849649190903,62.260000000000,ok,43cad99fe214168bad67fa959cc8fb22a625668be9c526dcb4cda29c3f5f08c3,1,,e6f7cd9764319f00c9ac9829a5890f1165d2fadfd7d32b227714cb68b8a54b4e,faf1ff508be5c1b4d95d66310a87a2c604d4199953fd90feb55e447b2e372524,./results/models/stack/random/b/best.pt,"[{""action"":{""high_action"":""stop"",""order_decision"":""only_cost""},""phase"":""high""},{""action"":{""search_k"":1,""search_strategy"":""default""},""phase"":""search""},{""action"":{""execution_action"":""none"",""lip_action"":""none""},""phase"":""low""}]"
STACK,b,./workloads/query_stack/q1_q1-100.sql,Full NQO,4114.532642066479,14.515000000000,ok,30d34f6a188fd1b13047dc951deb7bfb9a74d8113d5f305ae8170f782b81c64f,1,,87e28b092ceb343ff0180b6ff9ae834e6f3f6985a6abc838d3193cc8b09fa75b,d83185eb7f7d44691bcade82225b488122b1167f3ebe98f8aa61156595054bab,./results/models/stack/random/b/best.pt,"[{""action"":{""high_action"":""stop"",""order_decision"":""only_cost""},""phase"":""high""},{""action"":{""search_k"":1,""search_strategy"":""default""},""phase"":""search""},{""action"":{""execution_action"":""none"",""lip_action"":""none""},""phase"":""low""}]"
STACK,b,./workloads/query_stack/q2_q2-001.sql,Full NQO,1195.242680609226,55.912000000000,ok,c2a22d1cadee1419b10b6b0e89c3a6305e0a2763bbeb6505ce8afa140290b844,8,,dcefe2399b501f217046db353c110bd7703fcdf5e3eaf0871cfdeb6468a8d43f,a39f055506740f2eedc23d1eac1250b087d869dfbfdd6cdb87c21cb08b866428,./results/models/stack/random/b/best.pt,"[{""action"":{""high_action"":""split"",""order_decision"":""only_cost""},""phase"":""high""},{""action"":{""candidate_id"":0,""schedule_alpha"":0.5},""phase"":""select""},{""action"":{""search_k"":1,""search_strategy"":""default""},""phase"":""search""},{""action"":{""execution_action"":""none"",""lip_action"":""none""},""phase"":""low""},{""action"":{""high_action"":""split"",""order_decision"":""only_cost""},""phase"":""high""},{""action"":{""candidate_id"":3,""schedule_alpha"":0.5},""phase"":""select""},{""action"":{""search_k"":1,""search_strategy"":""default""},""phase"":""search""},{""action"":{""execution_action"":""none"",""lip_action"":""none""},""phase"":""low""},{""action"":{""high_action"":""split"",""order_decision"":""only_cost""},""phase"":""high""},{""action"":{""candidate_id"":1,""schedule_alpha"":0.5},""phase"":""select""},{""action"":{""search_k"":1,""search_strategy"":""default""},""phase"":""search""},{""action"":{""execution_action"":""none"",""lip_action"":""none""},""phase"":""low""},{""action"":{""high_action"":""split"",""order_decision"":""only_cost""},""phase"":""high""},{""action"":{""candidate_id"":3,""schedule_alpha"":0.5},""phase"":""select""},{""action"":{""search_k"":1,""search_strategy"":""default""},""phase"":""search""},{""action"":{""execution_action"":""none"",""lip_action"":""none""},""phase"":""low""},{""action"":{""high_action"":""split"",""order_decision"":""only_cost""},""phase"":""high""},{""action"":{""candidate_id"":0,""schedule_alpha"":0.5},""phase"":""select""},{""action"":{""search_k"":1,""search_strategy"":""default""},""phase"":""search""},{""action"":{""execution_action"":""none"",""lip_action"":""none""},""phase"":""low""},{""action"":{""high_action"":""split"",""order_decision"":""only_cost""},""phase"":""high""},{""action"":{""candidate_id"":0,""schedule_alpha"":0.5},""phase"":""select""},{""action"":{""search_k"":1,""search_strategy"":""default""},""phase"":""search""},{""action"":{""execution_action"":""none"",""lip_action"":""none""},""phase"":""low""},{""action"":{""high_action"":""split"",""order_decision"":""only_cost""},""phase"":""high""},{""action"":{""candidate_id"":1,""schedule_alpha"":0.5},""phase"":""select""},{""action"":{""search_k"":1,""search_strategy"":""default""},""phase"":""search""},{""action"":{""execution_action"":""none"",""lip_action"":""none""},""phase"":""low""},{""action"":{""high_action"":""stop"",""order_decision"":""only_cost""},""phase"":""high""},{""action"":{""search_k"":1,""search_strategy"":""default""},""phase"":""search""},{""action"":{""execution_action"":""none"",""lip_action"":""none""},""phase"":""low""}]"
STACK,b,./workloads/query_stack/q2_q2-081.sql,Full NQO,958.485424518585,56.250000000000,ok,1a7d78a8eb8abd7af47cccb03fcdc9f93bc4eace3114dc327e9797bd85744335,87,,3e8a163dd4a6445db7949acc99448a9e73fc484e5c89188d8633a65981ec8978,ab8c95f8a297437641b2f01ae1a628b897ab1d2bf0ec949b221d2d93348d239e,./results/models/stack/random/b/best.pt,"[{""action"":{""high_action"":""split"",""order_decision"":""only_cost""},""phase"":""high""},{""action"":{""candidate_id"":0,""schedule_alpha"":0.5},""phase"":""select""},{""action"":{""search_k"":1,""search_strategy"":""default""},""phase"":""search""},{""action"":{""execution_action"":""none"",""lip_action"":""none""},""phase"":""low""},{""action"":{""high_action"":""split"",""order_decision"":""only_cost""},""phase"":""high""},{""action"":{""candidate_id"":3,""schedule_alpha"":0.5},""phase"":""select""},{""action"":{""search_k"":1,""search_strategy"":""default""},""phase"":""search""},{""action"":{""execution_action"":""none"",""lip_action"":""none""},""phase"":""low""},{""action"":{""high_action"":""split"",""order_decision"":""only_cost""},""phase"":""high""},{""action"":{""candidate_id"":1,""schedule_alpha"":0.5},""phase"":""select""},{""action"":{""search_k"":1,""search_strategy"":""default""},""phase"":""search""},{""action"":{""execution_action"":""none"",""lip_action"":""none""},""phase"":""low""},{""action"":{""high_action"":""split"",""order_decision"":""only_cost""},""phase"":""high""},{""action"":{""candidate_id"":3,""schedule_alpha"":0.5},""phase"":""select""},{""action"":{""search_k"":1,""search_strategy"":""default""},""phase"":""search""},{""action"":{""execution_action"":""none"",""lip_action"":""none""},""phase"":""low""},{""action"":{""high_action"":""split"",""order_decision"":""only_cost""},""phase"":""high""},{""action"":{""candidate_id"":0,""schedule_alpha"":0.5},""phase"":""select""},{""action"":{""search_k"":1,""search_strategy"":""default""},""phase"":""search""},{""action"":{""execution_action"":""none"",""lip_action"":""none""},""phase"":""low""},{""action"":{""high_action"":""split"",""order_decision"":""only_cost""},""phase"":""high""},{""action"":{""candidate_id"":0,""schedule_alpha"":0.5},""phase"":""select""},{""action"":{""search_k"":1,""search_strategy"":""default""},""phase"":""search""},{""action"":{""execution_action"":""none"",""lip_action"":""none""},""phase"":""low""},{""action"":{""high_action"":""split"",""order_decision"":""only_cost""},""phase"":""high""},{""action"":{""candidate_id"":1,""schedule_alpha"":0.5},""phase"":""select""},{""action"":{""search_k"":1,""search_strategy"":""default""},""phase"":""search""},{""action"":{""execution_action"":""none"",""lip_action"":""none""},""phase"":""low""},{""action"":{""high_action"":""stop"",""order_decision"":""only_cost""},""phase"":""high""},{""action"":{""search_k"":1,""search_strategy"":""default""},""phase"":""search""},{""action"":{""execution_action"":""none"",""lip_action"":""none""},""phase"":""low""}]"
STACK,b,./workloads/query_stack/q3_q3-018.sql,Full NQO,1431.265160441399,66.509000000000,ok,ce8ae4a1c41bb6ace1751e8b691713500edc7b921b9a42bfde4909ad43ad647a,1,,575601bf9f5ce579a229db99839ebe7de26ac9d8057c5e917ba1574901bd907b,8b9868442319ef24885cbe780a74e455c05eed94997f20e5cf72805bd6184263,./results/models/stack/random/b/best.pt,"[{""action"":{""high_action"":""split"",""order_decision"":""only_cost""},""phase"":""high""},{""action"":{""candidate_id"":0,""schedule_alpha"":0.5},""phase"":""select""},{""action"":{""search_k"":1,""search_strategy"":""default""},""phase"":""search""},{""action"":{""execution_action"":""none"",""lip_action"":""none""},""phase"":""low""},{""action"":{""high_action"":""split"",""order_decision"":""only_cost""},""phase"":""high""},{""action"":{""candidate_id"":4,""schedule_alpha"":0.5},""phase"":""select""},{""action"":{""search_k"":1,""search_strategy"":""default""},""phase"":""search""},{""action"":{""execution_action"":""none"",""lip_action"":""none""},""phase"":""low""},{""action"":{""high_action"":""split"",""order_decision"":""only_cost""},""phase"":""high""},{""action"":{""candidate_id"":2,""schedule_alpha"":0.5},""phase"":""select""},{""action"":{""search_k"":1,""search_strategy"":""default""},""phase"":""search""},{""action"":{""execution_action"":""none"",""lip_action"":""none""},""phase"":""low""},{""action"":{""high_action"":""split"",""order_decision"":""only_cost""},""phase"":""high""},{""action"":{""candidate_id"":4,""schedule_alpha"":0.5},""phase"":""select""},{""action"":{""search_k"":1,""search_strategy"":""default""},""phase"":""search""},{""action"":{""execution_action"":""none"",""lip_action"":""none""},""phase"":""low""},{""action"":{""high_action"":""split"",""order_decision"":""only_cost""},""phase"":""high""},{""action"":{""candidate_id"":0,""schedule_alpha"":0.5},""phase"":""select""},{""action"":{""search_k"":1,""search_strategy"":""default""},""phase"":""search""},{""action"":{""execution_action"":""none"",""lip_action"":""none""},""phase"":""low""},{""action"":{""high_action"":""split"",""order_decision"":""only_cost""},""phase"":""high""},{""action"":{""candidate_id"":0,""schedule_alpha"":0.5},""phase"":""select""},{""action"":{""search_k"":1,""search_strategy"":""default""},""phase"":""search""},{""action"":{""execution_action"":""none"",""lip_action"":""none""},""phase"":""low""},{""action"":{""high_action"":""split"",""order_decision"":""only_cost""},""phase"":""high""},{""action"":{""candidate_id"":0,""schedule_alpha"":0.5},""phase"":""select""},{""action"":{""search_k"":1,""search_strategy"":""default""},""phase"":""search""},{""action"":{""execution_action"":""none"",""lip_action"":""none""},""phase"":""low""},{""action"":{""high_action"":""split"",""order_decision"":""only_cost""},""phase"":""high""},{""action"":{""candidate_id"":1,""schedule_alpha"":0.5},""phase"":""select""},{""action"":{""search_k"":1,""search_strategy"":""default""},""phase"":""search""},{""action"":{""execution_action"":""none"",""lip_action"":""none""},""phase"":""low""},{""action"":{""high_action"":""stop"",""order_decision"":""only_cost""},""phase"":""high""},{""action"":{""search_k"":1,""search_strategy"":""default""},""phase"":""search""},{""action"":{""execution_action"":""none"",""lip_action"":""none""},""phase"":""low""}]"
STACK,b,./workloads/query_stack/q3_q3-040.sql,Full NQO,7758.327551186085,152.484000000000,ok,7339417584b8a11219c126574a9eb259201d823711355fede0b243967980ea5c,1,,ad56d05692cc9669015822067a0fe12250161eec9464d26a4e14fabf9ddede3f,b539460ad3255aa986694277e14684cd37c93c5794ad58f617ab669e3e68fe1a,./results/models/stack/random/b/best.pt,"[{""action"":{""high_action"":""split"",""order_decision"":""only_cost""},""phase"":""high""},{""action"":{""candidate_id"":0,""schedule_alpha"":0.5},""phase"":""select""},{""action"":{""search_k"":1,""search_strategy"":""default""},""phase"":""search""},{""action"":{""execution_action"":""none"",""lip_action"":""none""},""phase"":""low""},{""action"":{""high_action"":""split"",""order_decision"":""only_cost""},""phase"":""high""},{""action"":{""candidate_id"":4,""schedule_alpha"":0.5},""phase"":""select""},{""action"":{""search_k"":1,""search_strategy"":""default""},""phase"":""search""},{""action"":{""execution_action"":""none"",""lip_action"":""none""},""phase"":""low""},{""action"":{""high_action"":""split"",""order_decision"":""only_cost""},""phase"":""high""},{""action"":{""candidate_id"":2,""schedule_alpha"":0.5},""phase"":""select""},{""action"":{""search_k"":1,""search_strategy"":""default""},""phase"":""search""},{""action"":{""execution_action"":""none"",""lip_action"":""none""},""phase"":""low""},{""action"":{""high_action"":""split"",""order_decision"":""only_cost""},""phase"":""high""},{""action"":{""candidate_id"":4,""schedule_alpha"":0.5},""phase"":""select""},{""action"":{""search_k"":1,""search_strategy"":""default""},""phase"":""search""},{""action"":{""execution_action"":""none"",""lip_action"":""none""},""phase"":""low""},{""action"":{""high_action"":""split"",""order_decision"":""only_cost""},""phase"":""high""},{""action"":{""candidate_id"":3,""schedule_alpha"":0.5},""phase"":""select""},{""action"":{""search_k"":1,""search_strategy"":""default""},""phase"":""search""},{""action"":{""execution_action"":""none"",""lip_action"":""none""},""phase"":""low""},{""action"":{""high_action"":""split"",""order_decision"":""only_cost""},""phase"":""high""},{""action"":{""candidate_id"":2,""schedule_alpha"":0.5},""phase"":""select""},{""action"":{""search_k"":1,""search_strategy"":""default""},""phase"":""search""},{""action"":{""execution_action"":""none"",""lip_action"":""none""},""phase"":""low""},{""action"":{""high_action"":""split"",""order_decision"":""only_cost""},""phase"":""high""},{""action"":{""candidate_id"":0,""schedule_alpha"":0.5},""phase"":""select""},{""action"":{""search_k"":1,""search_strategy"":""default""},""phase"":""search""},{""action"":{""execution_action"":""none"",""lip_action"":""none""},""phase"":""low""},{""action"":{""high_action"":""stop"",""order_decision"":""only_cost""},""phase"":""high""},{""action"":{""search_k"":1,""search_strategy"":""default""},""phase"":""search""},{""action"":{""execution_action"":""conservative"",""lip_action"":""none""},""phase"":""low""}]"
STACK,b,./workloads/query_stack/q3_q3-046.sql,Full NQO,1148.266382515430,141.527000000000,ok,64043c6a0d07cdab8939a506f1a097454642c5f07efa20f7d4c6ef417b0776a6,1,,6373f2f5f27fbe6b17554586456e25e78eba5f098667687cb46de24204e83bc5,641991943f4b9a6877bfc84df94e50b96399c52d975e10f29e9e38908cf105ec,./results/models/stack/random/b/best.pt,"[{""action"":{""high_action"":""split"",""order_decision"":""only_cost""},""phase"":""high""},{""action"":{""candidate_id"":0,""schedule_alpha"":0.5},""phase"":""select""},{""action"":{""search_k"":1,""search_strategy"":""default""},""phase"":""search""},{""action"":{""execution_action"":""none"",""lip_action"":""none""},""phase"":""low""},{""action"":{""high_action"":""split"",""order_decision"":""only_cost""},""phase"":""high""},{""action"":{""candidate_id"":4,""schedule_alpha"":0.5},""phase"":""select""},{""action"":{""search_k"":1,""search_strategy"":""default""},""phase"":""search""},{""action"":{""execution_action"":""none"",""lip_action"":""none""},""phase"":""low""},{""action"":{""high_action"":""split"",""order_decision"":""only_cost""},""phase"":""high""},{""action"":{""candidate_id"":2,""schedule_alpha"":0.5},""phase"":""select""},{""action"":{""search_k"":1,""search_strategy"":""default""},""phase"":""search""},{""action"":{""execution_action"":""none"",""lip_action"":""none""},""phase"":""low""},{""action"":{""high_action"":""split"",""order_decision"":""only_cost""},""phase"":""high""},{""action"":{""candidate_id"":4,""schedule_alpha"":0.5},""phase"":""select""},{""action"":{""search_k"":1,""search_strategy"":""default""},""phase"":""search""},{""action"":{""execution_action"":""none"",""lip_action"":""none""},""phase"":""low""},{""action"":{""high_action"":""split"",""order_decision"":""only_cost""},""phase"":""high""},{""action"":{""candidate_id"":3,""schedule_alpha"":0.5},""phase"":""select""},{""action"":{""search_k"":1,""search_strategy"":""default""},""phase"":""search""},{""action"":{""execution_action"":""none"",""lip_action"":""none""},""phase"":""low""},{""action"":{""high_action"":""split"",""order_decision"":""only_cost""},""phase"":""high""},{""action"":{""candidate_id"":0,""schedule_alpha"":0.5},""phase"":""select""},{""action"":{""search_k"":1,""search_strategy"":""default""},""phase"":""search""},{""action"":{""execution_action"":""none"",""lip_action"":""none""},""phase"":""low""},{""action"":{""high_action"":""split"",""order_decision"":""only_cost""},""phase"":""high""},{""action"":{""candidate_id"":0,""schedule_alpha"":0.5},""phase"":""select""},{""action"":{""search_k"":1,""search_strategy"":""default""},""phase"":""search""},{""action"":{""execution_action"":""none"",""lip_action"":""none""},""phase"":""low""},{""action"":{""high_action"":""stop"",""order_decision"":""only_cost""},""phase"":""high""},{""action"":{""search_k"":1,""search_strategy"":""default""},""phase"":""search""},{""action"":{""execution_action"":""conservative"",""lip_action"":""none""},""phase"":""low""}]"
STACK,b,./workloads/query_stack/q4_q4-002.sql,Full NQO,209.333412349224,53.773000000000,ok,8d9224427d50897f4028dc9ce9334831ba3edb2057fb9035641159bd97fd4b36,1,,1fc9cfb2c4e5dfae6af83e118bbff3e09d75bce402bb03d5bcf2ca633f61be0b,1bb9d8bed84a29b9be5709bb4079e4ccb3f71a705ff36312584eb55dc4bcb082,./results/models/stack/random/b/best.pt,"[{""action"":{""high_action"":""stop"",""order_decision"":""only_cost""},""phase"":""high""},{""action"":{""search_k"":1,""search_strategy"":""default""},""phase"":""search""},{""action"":{""execution_action"":""none"",""lip_action"":""none""},""phase"":""low""}]"
STACK,b,./workloads/query_stack/q4_q4-026.sql,Full NQO,183.444544672966,50.712000000000,ok,6bb5579c822808fcb721d8cf11517f9c65d428fb1724a44346b6b50f66a5c12a,1,,38b427022a8417152e0854f0c652f945fa058e1199d8c6b56c3e42cb9a83652b,aa3ecba41a75eed55b3ccaf4771622a702f57dabb0ed915ec9fc979e80cb2fb3,./results/models/stack/random/b/best.pt,"[{""action"":{""high_action"":""stop"",""order_decision"":""only_cost""},""phase"":""high""},{""action"":{""search_k"":1,""search_strategy"":""default""},""phase"":""search""},{""action"":{""execution_action"":""none"",""lip_action"":""none""},""phase"":""low""}]"
STACK,b,./workloads/query_stack/q4_q4-042.sql,Full NQO,172.911010682583,48.964000000000,ok,099f4aa74a0c476baaea1bc1bcc8e97e65f380bd7505b0e3c053b8ff1b3eabfa,1,,b49af436216a0a9cfaef4b06bc6f8fe7aeb7f3db497a781f1a4763e8997d36e9,fde91f56b0ccd6acaa1816f2d0b92ab6753dd00b4b5f8328b8100d9f01b4ea98,./results/models/stack/random/b/best.pt,"[{""action"":{""high_action"":""stop"",""order_decision"":""only_cost""},""phase"":""high""},{""action"":{""search_k"":1,""search_strategy"":""default""},""phase"":""search""},{""action"":{""execution_action"":""none"",""lip_action"":""none""},""phase"":""low""}]"
STACK,b,./workloads/query_stack/q4_q4-064.sql,Full NQO,151.713207364082,41.727000000000,ok,5bc034fe2d35132d09a20748a3a8eda5057620d1e40f06136eb5805ed1a2d193,1,,2c048d39e7d90d47c471bad055cb309e14b2a84ed70fc6922777bf4b7df23cb3,36c4a6a6295581faa41eee1fbf069981eada712fc8c5f6f8df5a297192cfd1b1,./results/models/stack/random/b/best.pt,"[{""action"":{""high_action"":""stop"",""order_decision"":""only_cost""},""phase"":""high""},{""action"":{""search_k"":1,""search_strategy"":""default""},""phase"":""search""},{""action"":{""execution_action"":""none"",""lip_action"":""none""},""phase"":""low""}]"
STACK,b,./workloads/query_stack/q5_q5-041.sql,Full NQO,161.431401968002,85.017000000000,ok,cf96deac7d2faa6a3af89cedc636bf721427ff716ea6eb7050927ac3c0e0802a,1,,525228935c8050391d658c14fa496dc8a7af75458f17fb5482f2e38faa325132,342b14066507ebe6779c211d47d9ba3a4d7c988dd26872d77c50c358aeeb4cd1,./results/models/stack/random/b/best.pt,"[{""action"":{""high_action"":""stop"",""order_decision"":""only_cost""},""phase"":""high""},{""action"":{""search_k"":1,""search_strategy"":""default""},""phase"":""search""},{""action"":{""execution_action"":""none"",""lip_action"":""none""},""phase"":""low""}]"
STACK,b,./workloads/query_stack/q5_q5-052.sql,Full NQO,96.906550228596,49.663000000000,ok,c6851781f092f229ce385161d54d84a1934580365f9dbd03ce28cad1d40a1d73,1,,444e7591275ee3a9a31885794dbd36f4e0d982ed35bdd64a90aa43e9522b07b6,b93b5ceef4464991ff149944b79077b0e6fa11f70d86a37873ecdb38e3802a8b,./results/models/stack/random/b/best.pt,"[{""action"":{""high_action"":""stop"",""order_decision"":""only_cost""},""phase"":""high""},{""action"":{""search_k"":1,""search_strategy"":""default""},""phase"":""search""},{""action"":{""execution_action"":""none"",""lip_action"":""none""},""phase"":""low""}]"
STACK,b,./workloads/query_stack/q5_q5-079.sql,Full NQO,183.725826442242,51.963000000000,ok,ad2301e16f8ac0e556a59dd245bfdf55c48548fd352f0cf92a385882c89aebbd,1,,59f5bae6b817bc41c33f32d26d1452776b88ae7eaa0bc1be29ac028a1374d765,49120826eeeb5ccc84f4a2ecc05caa1e449c75314b052caec81dda17ea587642,./results/models/stack/random/b/best.pt,"[{""action"":{""high_action"":""stop"",""order_decision"":""only_cost""},""phase"":""high""},{""action"":{""search_k"":1,""search_strategy"":""default""},""phase"":""search""},{""action"":{""execution_action"":""none"",""lip_action"":""none""},""phase"":""low""}]"
STACK,b,./workloads/query_stack/q5_q5-082.sql,Full NQO,137.931972742081,52.476000000000,ok,64043c6a0d07cdab8939a506f1a097454642c5f07efa20f7d4c6ef417b0776a6,1,,2c61acd685869ce2eaa327b5eec0007bbf0e0f24e39acc4ab03f59c28d8c0c62,8e7d3f25974bca3bd6f6d36f4bdbd1c2d32333f41eeb7e0adea152eff0c754ce,./results/models/stack/random/b/best.pt,"[{""action"":{""high_action"":""stop"",""order_decision"":""only_cost""},""phase"":""high""},{""action"":{""search_k"":1,""search_strategy"":""default""},""phase"":""search""},{""action"":{""execution_action"":""none"",""lip_action"":""none""},""phase"":""low""}]"
STACK,b,./workloads/query_stack/q6_q6-064.sql,Full NQO,56.301780045033,21.743000000000,ok,e6f0f8d79adc05f93040da91ab04f3d215ad4b06c20176285c0994a20326a1c7,1,,c0b0007913944d45a2a73f9387064e2f06024f4be89f4e0902f403592e61f4ba,f4b017e750ddd7363d3880b916550315ec9f678da6ef5087cb3b2905d0a77a01,./results/models/stack/random/b/best.pt,"[{""action"":{""high_action"":""stop"",""order_decision"":""only_cost""},""phase"":""high""},{""action"":{""search_k"":1,""search_strategy"":""default""},""phase"":""search""},{""action"":{""execution_action"":""none"",""lip_action"":""none""},""phase"":""low""}]"
STACK,b,./workloads/query_stack/q7_q7-036.sql,Full NQO,5453.402742743492,19.254000000000,ok,fa879e4fc50b8c9696eb4dbd6a0b301941889f11c3953bede1a1f9308c6c8618,1,,93aba5e2c2261d0ba50ae5b51447a26f13b2b6dd6c2a2821ac2892ebb0d7f252,616c54c1ef328b20960e1812caa2aa958c3533568d260c77bc7f65d4021f385f,./results/models/stack/random/b/best.pt,"[{""action"":{""high_action"":""split"",""order_decision"":""only_cost""},""phase"":""high""},{""action"":{""candidate_id"":1,""schedule_alpha"":0.5},""phase"":""select""},{""action"":{""search_k"":1,""search_strategy"":""default""},""phase"":""search""},{""action"":{""execution_action"":""none"",""lip_action"":""none""},""phase"":""low""},{""action"":{""high_action"":""split"",""order_decision"":""only_cost""},""phase"":""high""},{""action"":{""candidate_id"":0,""schedule_alpha"":0.5},""phase"":""select""},{""action"":{""search_k"":1,""search_strategy"":""default""},""phase"":""search""},{""action"":{""execution_action"":""none"",""lip_action"":""none""},""phase"":""low""},{""action"":{""high_action"":""stop"",""order_decision"":""only_cost""},""phase"":""high""},{""action"":{""search_k"":1,""search_strategy"":""default""},""phase"":""search""},{""action"":{""execution_action"":""none"",""lip_action"":""none""},""phase"":""low""}]"
STACK,b,./workloads/query_stack/q7_q7-047.sql,Full NQO,5651.062354445457,19.444000000000,ok,fa879e4fc50b8c9696eb4dbd6a0b301941889f11c3953bede1a1f9308c6c8618,1,,f360dce8e6ad3e084088ae05c9b43602e54f1a158decaa17af366189d1015620,87b6229f81d33dc77c9797e3f571fcf8dc453f2d8f5f409f84acb5a843fcf3af,./results/models/stack/random/b/best.pt,"[{""action"":{""high_action"":""split"",""order_decision"":""only_cost""},""phase"":""high""},{""action"":{""candidate_id"":1,""schedule_alpha"":0.5},""phase"":""select""},{""action"":{""search_k"":1,""search_strategy"":""default""},""phase"":""search""},{""action"":{""execution_action"":""none"",""lip_action"":""none""},""phase"":""low""},{""action"":{""high_action"":""split"",""order_decision"":""only_cost""},""phase"":""high""},{""action"":{""candidate_id"":1,""schedule_alpha"":0.5},""phase"":""select""},{""action"":{""search_k"":1,""search_strategy"":""default""},""phase"":""search""},{""action"":{""execution_action"":""none"",""lip_action"":""none""},""phase"":""low""},{""action"":{""high_action"":""stop"",""order_decision"":""only_cost""},""phase"":""high""},{""action"":{""search_k"":1,""search_strategy"":""default""},""phase"":""search""},{""action"":{""execution_action"":""none"",""lip_action"":""none""},""phase"":""low""}]"
STACK,b,./workloads/query_stack/q7_q7-095.sql,Full NQO,5577.702239155769,19.621000000000,ok,6e5557b7569a2d9a71b5f22b1f0b662ac75e91e1a3f70a0e8efb120b7f2df8f8,1,,95ab0494c49d039897c82b180ed58b5cb28a5d4968880d2d52aac9a99b170293,494751b6340425fdc2df04e71b267491d8065635967e388991794c81a342c155,./results/models/stack/random/b/best.pt,"[{""action"":{""high_action"":""split"",""order_decision"":""only_cost""},""phase"":""high""},{""action"":{""candidate_id"":1,""schedule_alpha"":0.5},""phase"":""select""},{""action"":{""search_k"":1,""search_strategy"":""default""},""phase"":""search""},{""action"":{""execution_action"":""none"",""lip_action"":""none""},""phase"":""low""},{""action"":{""high_action"":""split"",""order_decision"":""only_cost""},""phase"":""high""},{""action"":{""candidate_id"":0,""schedule_alpha"":0.5},""phase"":""select""},{""action"":{""search_k"":1,""search_strategy"":""default""},""phase"":""search""},{""action"":{""execution_action"":""none"",""lip_action"":""none""},""phase"":""low""},{""action"":{""high_action"":""stop"",""order_decision"":""only_cost""},""phase"":""high""},{""action"":{""search_k"":1,""search_strategy"":""default""},""phase"":""search""},{""action"":{""execution_action"":""none"",""lip_action"":""none""},""phase"":""low""}]"
STACK,c,./workloads/query_stack/q11_e4ca3559.sql,Full NQO,182.864829897881,20.593000000000,ok,ab3e2686f1f4fa73ecc53675c92aebd79c076e9ba20aacfba85c80ca50fd9f81,1,,b2c270e6de3f8b8fdfa53bf4d470112b258412b4de484e2d5c59b2e2825f0e9c,e3593ea076e61d07ecab61c636cda35679c8b7c939ea64bca44ba95190aab78b,./results/models/stack/random/c/best.pt,"[{""action"":{""high_action"":""split"",""order_decision"":""only_cost""},""phase"":""high""},{""action"":{""candidate_id"":0,""schedule_alpha"":0.5},""phase"":""select""},{""action"":{""search_k"":1,""search_strategy"":""default""},""phase"":""search""},{""action"":{""execution_action"":""none"",""lip_action"":""none""},""phase"":""low""},{""action"":{""high_action"":""split"",""order_decision"":""only_cost""},""phase"":""high""},{""action"":{""candidate_id"":1,""schedule_alpha"":0.5},""phase"":""select""},{""action"":{""search_k"":1,""search_strategy"":""default""},""phase"":""search""},{""action"":{""execution_action"":""none"",""lip_action"":""none""},""phase"":""low""},{""action"":{""high_action"":""stop"",""order_decision"":""only_cost""},""phase"":""high""},{""action"":{""search_k"":1,""search_strategy"":""default""},""phase"":""search""},{""action"":{""execution_action"":""none"",""lip_action"":""none""},""phase"":""low""}]"
STACK,c,./workloads/query_stack/q12_547c6bf1.sql,Full NQO,161.631524562836,30.628000000000,ok,9fbfc45e96c49c916707e21ed9289d7920e041e608ff529b37dc531d59ef2cbf,3,,1e642ae24fb0c4d284099c737db03acda40e9ac4096ccbbab725790c7562f5a5,1592ab17ff1e6dca14c7ec24e522df5d16110eb904ddefc3bf84c50831f5c0a4,./results/models/stack/random/c/best.pt,"[{""action"":{""high_action"":""split"",""order_decision"":""only_cost""},""phase"":""high""},{""action"":{""candidate_id"":3,""schedule_alpha"":0.5},""phase"":""select""},{""action"":{""search_k"":1,""search_strategy"":""default""},""phase"":""search""},{""action"":{""execution_action"":""none"",""lip_action"":""none""},""phase"":""low""},{""action"":{""high_action"":""split"",""order_decision"":""only_cost""},""phase"":""high""},{""action"":{""candidate_id"":3,""schedule_alpha"":0.5},""phase"":""select""},{""action"":{""search_k"":1,""search_strategy"":""default""},""phase"":""search""},{""action"":{""execution_action"":""none"",""lip_action"":""none""},""phase"":""low""},{""action"":{""high_action"":""split"",""order_decision"":""only_cost""},""phase"":""high""},{""action"":{""candidate_id"":1,""schedule_alpha"":0.5},""phase"":""select""},{""action"":{""search_k"":1,""search_strategy"":""default""},""phase"":""search""},{""action"":{""execution_action"":""none"",""lip_action"":""none""},""phase"":""low""},{""action"":{""high_action"":""split"",""order_decision"":""only_cost""},""phase"":""high""},{""action"":{""candidate_id"":1,""schedule_alpha"":0.5},""phase"":""select""},{""action"":{""search_k"":1,""search_strategy"":""default""},""phase"":""search""},{""action"":{""execution_action"":""none"",""lip_action"":""none""},""phase"":""low""},{""action"":{""high_action"":""stop"",""order_decision"":""only_cost""},""phase"":""high""},{""action"":{""search_k"":1,""search_strategy"":""default""},""phase"":""search""},{""action"":{""execution_action"":""none"",""lip_action"":""none""},""phase"":""low""}]"
STACK,c,./workloads/query_stack/q12_55de941e.sql,Full NQO,4726.681970059872,31.619000000000,ok,ed936f160a5bbf03b84f27326c40026d39192e8573f0bddfac6d48db21462eca,9,,6b239e23919b7259ce8fd081b2c3e572f22306be7b6e0fa6b869ca795f0758a8,2dc9c7d89b6650ca4e1988f579ee4fe8f6690a86bc20b377b9e448dab6d9ed8f,./results/models/stack/random/c/best.pt,"[{""action"":{""high_action"":""split"",""order_decision"":""only_cost""},""phase"":""high""},{""action"":{""candidate_id"":3,""schedule_alpha"":0.5},""phase"":""select""},{""action"":{""search_k"":1,""search_strategy"":""default""},""phase"":""search""},{""action"":{""execution_action"":""none"",""lip_action"":""none""},""phase"":""low""},{""action"":{""high_action"":""split"",""order_decision"":""only_cost""},""phase"":""high""},{""action"":{""candidate_id"":3,""schedule_alpha"":0.5},""phase"":""select""},{""action"":{""search_k"":1,""search_strategy"":""default""},""phase"":""search""},{""action"":{""execution_action"":""none"",""lip_action"":""none""},""phase"":""low""},{""action"":{""high_action"":""split"",""order_decision"":""only_cost""},""phase"":""high""},{""action"":{""candidate_id"":1,""schedule_alpha"":0.5},""phase"":""select""},{""action"":{""search_k"":1,""search_strategy"":""default""},""phase"":""search""},{""action"":{""execution_action"":""none"",""lip_action"":""none""},""phase"":""low""},{""action"":{""high_action"":""split"",""order_decision"":""only_cost""},""phase"":""high""},{""action"":{""candidate_id"":0,""schedule_alpha"":0.5},""phase"":""select""},{""action"":{""search_k"":1,""search_strategy"":""default""},""phase"":""search""},{""action"":{""execution_action"":""none"",""lip_action"":""none""},""phase"":""low""},{""action"":{""high_action"":""stop"",""order_decision"":""only_cost""},""phase"":""high""},{""action"":{""search_k"":1,""search_strategy"":""default""},""phase"":""search""},{""action"":{""execution_action"":""none"",""lip_action"":""none""},""phase"":""low""}]"
STACK,c,./workloads/query_stack/q12_5a5ff9bd.sql,Full NQO,547.505095601082,32.637000000000,ok,1a51bed290669655d6e645dbe3fa43bc3948d0b44ce6eaf21817db2c0f56de80,11,,18b6b952f276660ecc3e8b846cb12d408c85cf074c90fc046e7739739f09db5a,c347af88650e076a5f3c0a48493b11f20fb495a3ca944413f2f0ee035b4de92b,./results/models/stack/random/c/best.pt,"[{""action"":{""high_action"":""split"",""order_decision"":""only_cost""},""phase"":""high""},{""action"":{""candidate_id"":3,""schedule_alpha"":0.5},""phase"":""select""},{""action"":{""search_k"":1,""search_strategy"":""default""},""phase"":""search""},{""action"":{""execution_action"":""none"",""lip_action"":""none""},""phase"":""low""},{""action"":{""high_action"":""split"",""order_decision"":""only_cost""},""phase"":""high""},{""action"":{""candidate_id"":3,""schedule_alpha"":0.5},""phase"":""select""},{""action"":{""search_k"":1,""search_strategy"":""default""},""phase"":""search""},{""action"":{""execution_action"":""none"",""lip_action"":""none""},""phase"":""low""},{""action"":{""high_action"":""split"",""order_decision"":""only_cost""},""phase"":""high""},{""action"":{""candidate_id"":1,""schedule_alpha"":0.5},""phase"":""select""},{""action"":{""search_k"":1,""search_strategy"":""default""},""phase"":""search""},{""action"":{""execution_action"":""none"",""lip_action"":""none""},""phase"":""low""},{""action"":{""high_action"":""split"",""order_decision"":""only_cost""},""phase"":""high""},{""action"":{""candidate_id"":1,""schedule_alpha"":0.5},""phase"":""select""},{""action"":{""search_k"":1,""search_strategy"":""default""},""phase"":""search""},{""action"":{""execution_action"":""none"",""lip_action"":""none""},""phase"":""low""},{""action"":{""high_action"":""stop"",""order_decision"":""only_cost""},""phase"":""high""},{""action"":{""search_k"":1,""search_strategy"":""default""},""phase"":""search""},{""action"":{""execution_action"":""none"",""lip_action"":""none""},""phase"":""low""}]"
STACK,c,./workloads/query_stack/q13_935e2051.sql,Full NQO,14390.379361808300,152.439000000000,ok,a709b0ceec21e3d700b045e2ef4561b2998577a1d14ebf2a4f4fd9b19fb0ea38,100,,d82bafe7f070a47c721ff79ee4fc1f2efa43114be62566f2b221fccedd2ccc14,c237dcea418cfd7a77268d8fbd9d99e22db56b9602a7eaff81635115eeeb1026,./results/models/stack/random/c/best.pt,"[{""action"":{""high_action"":""split"",""order_decision"":""only_cost""},""phase"":""high""},{""action"":{""candidate_id"":3,""schedule_alpha"":0.5},""phase"":""select""},{""action"":{""search_k"":1,""search_strategy"":""default""},""phase"":""search""},{""action"":{""execution_action"":""none"",""lip_action"":""none""},""phase"":""low""},{""action"":{""high_action"":""split"",""order_decision"":""only_cost""},""phase"":""high""},{""action"":{""candidate_id"":3,""schedule_alpha"":0.5},""phase"":""select""},{""action"":{""search_k"":1,""search_strategy"":""default""},""phase"":""search""},{""action"":{""execution_action"":""none"",""lip_action"":""none""},""phase"":""low""},{""action"":{""high_action"":""split"",""order_decision"":""only_cost""},""phase"":""high""},{""action"":{""candidate_id"":1,""schedule_alpha"":0.5},""phase"":""select""},{""action"":{""search_k"":1,""search_strategy"":""default""},""phase"":""search""},{""action"":{""execution_action"":""conservative"",""lip_action"":""none""},""phase"":""low""},{""action"":{""high_action"":""split"",""order_decision"":""only_cost""},""phase"":""high""},{""action"":{""candidate_id"":1,""schedule_alpha"":0.5},""phase"":""select""},{""action"":{""search_k"":1,""search_strategy"":""default""},""phase"":""search""},{""action"":{""execution_action"":""none"",""lip_action"":""none""},""phase"":""low""},{""action"":{""high_action"":""split"",""order_decision"":""only_cost""},""phase"":""high""},{""action"":{""candidate_id"":0,""schedule_alpha"":0.5},""phase"":""select""},{""action"":{""search_k"":1,""search_strategy"":""default""},""phase"":""search""},{""action"":{""execution_action"":""none"",""lip_action"":""none""},""phase"":""low""},{""action"":{""high_action"":""stop"",""order_decision"":""only_cost""},""phase"":""high""},{""action"":{""search_k"":1,""search_strategy"":""default""},""phase"":""search""},{""action"":{""execution_action"":""none"",""lip_action"":""none""},""phase"":""low""}]"
STACK,c,./workloads/query_stack/q13_d383cd5b.sql,Full NQO,313.908092677593,39.291000000000,ok,45dde614f4629165c93e3ca3a061d5d3fd50a3814f1e5d35356b3f6c35a2dd47,39,,0a33a7d48d4ffbf5c6c0d0cf2ec8382b19450ff16ad46a4031dbb6da60e7347c,70f5dcbbb04a3c0fef98969c13427f051cc0c96099723a50cfd5f7230133e214,./results/models/stack/random/c/best.pt,"[{""action"":{""high_action"":""split"",""order_decision"":""only_cost""},""phase"":""high""},{""action"":{""candidate_id"":3,""schedule_alpha"":0.5},""phase"":""select""},{""action"":{""search_k"":1,""search_strategy"":""default""},""phase"":""search""},{""action"":{""execution_action"":""none"",""lip_action"":""none""},""phase"":""low""},{""action"":{""high_action"":""split"",""order_decision"":""only_cost""},""phase"":""high""},{""action"":{""candidate_id"":3,""schedule_alpha"":0.5},""phase"":""select""},{""action"":{""search_k"":1,""search_strategy"":""default""},""phase"":""search""},{""action"":{""execution_action"":""none"",""lip_action"":""none""},""phase"":""low""},{""action"":{""high_action"":""split"",""order_decision"":""only_cost""},""phase"":""high""},{""action"":{""candidate_id"":1,""schedule_alpha"":0.5},""phase"":""select""},{""action"":{""search_k"":1,""search_strategy"":""default""},""phase"":""search""},{""action"":{""execution_action"":""none"",""lip_action"":""none""},""phase"":""low""},{""action"":{""high_action"":""split"",""order_decision"":""only_cost""},""phase"":""high""},{""action"":{""candidate_id"":1,""schedule_alpha"":0.5},""phase"":""select""},{""action"":{""search_k"":1,""search_strategy"":""default""},""phase"":""search""},{""action"":{""execution_action"":""none"",""lip_action"":""none""},""phase"":""low""},{""action"":{""high_action"":""split"",""order_decision"":""only_cost""},""phase"":""high""},{""action"":{""candidate_id"":0,""schedule_alpha"":0.5},""phase"":""select""},{""action"":{""search_k"":1,""search_strategy"":""default""},""phase"":""search""},{""action"":{""execution_action"":""none"",""lip_action"":""none""},""phase"":""low""},{""action"":{""high_action"":""stop"",""order_decision"":""only_cost""},""phase"":""high""},{""action"":{""search_k"":1,""search_strategy"":""default""},""phase"":""search""},{""action"":{""execution_action"":""none"",""lip_action"":""none""},""phase"":""low""}]"
STACK,c,./workloads/query_stack/q13_d4707be2.sql,Full NQO,863.551855087280,39.584000000000,ok,9893535665d036e9aff66d0afd386a7ee4323f75c6446f606135ada96f04d69a,5,,5b65c8a182b6a3b613ca7ed367e33b7420780a04b053b8cc5cfe0d3e6f83ae2e,60c931d3c7c89dc924415f1c8df6c70a10b324353ad29a15544f721c56b018dc,./results/models/stack/random/c/best.pt,"[{""action"":{""high_action"":""split"",""order_decision"":""only_cost""},""phase"":""high""},{""action"":{""candidate_id"":3,""schedule_alpha"":0.5},""phase"":""select""},{""action"":{""search_k"":1,""search_strategy"":""default""},""phase"":""search""},{""action"":{""execution_action"":""none"",""lip_action"":""none""},""phase"":""low""},{""action"":{""high_action"":""split"",""order_decision"":""only_cost""},""phase"":""high""},{""action"":{""candidate_id"":3,""schedule_alpha"":0.5},""phase"":""select""},{""action"":{""search_k"":1,""search_strategy"":""default""},""phase"":""search""},{""action"":{""execution_action"":""none"",""lip_action"":""none""},""phase"":""low""},{""action"":{""high_action"":""split"",""order_decision"":""only_cost""},""phase"":""high""},{""action"":{""candidate_id"":1,""schedule_alpha"":0.5},""phase"":""select""},{""action"":{""search_k"":1,""search_strategy"":""default""},""phase"":""search""},{""action"":{""execution_action"":""none"",""lip_action"":""none""},""phase"":""low""},{""action"":{""high_action"":""split"",""order_decision"":""only_cost""},""phase"":""high""},{""action"":{""candidate_id"":1,""schedule_alpha"":0.5},""phase"":""select""},{""action"":{""search_k"":1,""search_strategy"":""default""},""phase"":""search""},{""action"":{""execution_action"":""none"",""lip_action"":""none""},""phase"":""low""},{""action"":{""high_action"":""split"",""order_decision"":""only_cost""},""phase"":""high""},{""action"":{""candidate_id"":0,""schedule_alpha"":0.5},""phase"":""select""},{""action"":{""search_k"":1,""search_strategy"":""default""},""phase"":""search""},{""action"":{""execution_action"":""none"",""lip_action"":""none""},""phase"":""low""},{""action"":{""high_action"":""stop"",""order_decision"":""only_cost""},""phase"":""high""},{""action"":{""search_k"":1,""search_strategy"":""default""},""phase"":""search""},{""action"":{""execution_action"":""none"",""lip_action"":""none""},""phase"":""low""}]"
STACK,c,./workloads/query_stack/q14_719e692d.sql,Full NQO,1635.324835777283,41.936000000000,ok,ebb8d61d10ba762aebef5131b60d91915c71c0138f4d0434ee04e01d1df22f0b,1,,d74ab0f9d5e65c2cfddf195052eef00250ae0395ce5ef5f916459de2c9a3a07b,7d51207f98d88ac8eb6aa91379a91462182bb6955ed9a82b2f92b7d055635da1,./results/models/stack/random/c/best.pt,"[{""action"":{""high_action"":""split"",""order_decision"":""only_cost""},""phase"":""high""},{""action"":{""candidate_id"":3,""schedule_alpha"":0.5},""phase"":""select""},{""action"":{""search_k"":1,""search_strategy"":""default""},""phase"":""search""},{""action"":{""execution_action"":""none"",""lip_action"":""none""},""phase"":""low""},{""action"":{""high_action"":""split"",""order_decision"":""only_cost""},""phase"":""high""},{""action"":{""candidate_id"":3,""schedule_alpha"":0.5},""phase"":""select""},{""action"":{""search_k"":1,""search_strategy"":""default""},""phase"":""search""},{""action"":{""execution_action"":""none"",""lip_action"":""none""},""phase"":""low""},{""action"":{""high_action"":""split"",""order_decision"":""only_cost""},""phase"":""high""},{""action"":{""candidate_id"":1,""schedule_alpha"":0.5},""phase"":""select""},{""action"":{""search_k"":1,""search_strategy"":""default""},""phase"":""search""},{""action"":{""execution_action"":""none"",""lip_action"":""none""},""phase"":""low""},{""action"":{""high_action"":""split"",""order_decision"":""only_cost""},""phase"":""high""},{""action"":{""candidate_id"":1,""schedule_alpha"":0.5},""phase"":""select""},{""action"":{""search_k"":1,""search_strategy"":""default""},""phase"":""search""},{""action"":{""execution_action"":""none"",""lip_action"":""none""},""phase"":""low""},{""action"":{""high_action"":""split"",""order_decision"":""only_cost""},""phase"":""high""},{""action"":{""candidate_id"":0,""schedule_alpha"":0.5},""phase"":""select""},{""action"":{""search_k"":1,""search_strategy"":""default""},""phase"":""search""},{""action"":{""execution_action"":""none"",""lip_action"":""none""},""phase"":""low""},{""action"":{""high_action"":""stop"",""order_decision"":""only_cost""},""phase"":""high""},{""action"":{""search_k"":1,""search_strategy"":""default""},""phase"":""search""},{""action"":{""execution_action"":""none"",""lip_action"":""none""},""phase"":""low""}]"
STACK,c,./workloads/query_stack/q14_74fd1af6.sql,Full NQO,5855.434782803059,36.981000000000,ok,3b761369c29de1fbfbb19afc9da08d6a95e223b27fd34a05ff1d6982d5f19586,1,,1931c5f4dcaadb5221cd2254100c7120c77a98ff5cf04c4ecdad564648d854f5,1f11ea8d1538f53f99e649e945f2ad8622f1582bfad61229f43248eb7196b8b9,./results/models/stack/random/c/best.pt,"[{""action"":{""high_action"":""split"",""order_decision"":""only_cost""},""phase"":""high""},{""action"":{""candidate_id"":3,""schedule_alpha"":0.5},""phase"":""select""},{""action"":{""search_k"":1,""search_strategy"":""default""},""phase"":""search""},{""action"":{""execution_action"":""none"",""lip_action"":""none""},""phase"":""low""},{""action"":{""high_action"":""split"",""order_decision"":""only_cost""},""phase"":""high""},{""action"":{""candidate_id"":3,""schedule_alpha"":0.5},""phase"":""select""},{""action"":{""search_k"":1,""search_strategy"":""default""},""phase"":""search""},{""action"":{""execution_action"":""none"",""lip_action"":""none""},""phase"":""low""},{""action"":{""high_action"":""split"",""order_decision"":""only_cost""},""phase"":""high""},{""action"":{""candidate_id"":1,""schedule_alpha"":0.5},""phase"":""select""},{""action"":{""search_k"":1,""search_strategy"":""default""},""phase"":""search""},{""action"":{""execution_action"":""none"",""lip_action"":""none""},""phase"":""low""},{""action"":{""high_action"":""split"",""order_decision"":""only_cost""},""phase"":""high""},{""action"":{""candidate_id"":1,""schedule_alpha"":0.5},""phase"":""select""},{""action"":{""search_k"":1,""search_strategy"":""default""},""phase"":""search""},{""action"":{""execution_action"":""none"",""lip_action"":""none""},""phase"":""low""},{""action"":{""high_action"":""split"",""order_decision"":""only_cost""},""phase"":""high""},{""action"":{""candidate_id"":0,""schedule_alpha"":0.5},""phase"":""select""},{""action"":{""search_k"":1,""search_strategy"":""default""},""phase"":""search""},{""action"":{""execution_action"":""none"",""lip_action"":""none""},""phase"":""low""},{""action"":{""high_action"":""stop"",""order_decision"":""only_cost""},""phase"":""high""},{""action"":{""search_k"":1,""search_strategy"":""default""},""phase"":""search""},{""action"":{""execution_action"":""none"",""lip_action"":""none""},""phase"":""low""}]"
STACK,c,./workloads/query_stack/q14_b49361f8.sql,Full NQO,405.265621840954,41.557000000000,ok,969d74d42f62e26fa0db6e5bcfbe73cfd39bd0bee628e1a2b7bac85672da7dc7,1,,cac2f3228dd6c6db513541675ce7d7f149aa6e469efdd0dcce37056570b56547,5dfc4d9b30094a531ff9b55933735b7eaee84cde47008000e0885d1823c35cfe,./results/models/stack/random/c/best.pt,"[{""action"":{""high_action"":""split"",""order_decision"":""only_cost""},""phase"":""high""},{""action"":{""candidate_id"":3,""schedule_alpha"":0.5},""phase"":""select""},{""action"":{""search_k"":1,""search_strategy"":""default""},""phase"":""search""},{""action"":{""execution_action"":""none"",""lip_action"":""none""},""phase"":""low""},{""action"":{""high_action"":""split"",""order_decision"":""only_cost""},""phase"":""high""},{""action"":{""candidate_id"":3,""schedule_alpha"":0.5},""phase"":""select""},{""action"":{""search_k"":1,""search_strategy"":""default""},""phase"":""search""},{""action"":{""execution_action"":""none"",""lip_action"":""none""},""phase"":""low""},{""action"":{""high_action"":""split"",""order_decision"":""only_cost""},""phase"":""high""},{""action"":{""candidate_id"":1,""schedule_alpha"":0.5},""phase"":""select""},{""action"":{""search_k"":1,""search_strategy"":""default""},""phase"":""search""},{""action"":{""execution_action"":""none"",""lip_action"":""none""},""phase"":""low""},{""action"":{""high_action"":""split"",""order_decision"":""only_cost""},""phase"":""high""},{""action"":{""candidate_id"":1,""schedule_alpha"":0.5},""phase"":""select""},{""action"":{""search_k"":1,""search_strategy"":""default""},""phase"":""search""},{""action"":{""execution_action"":""none"",""lip_action"":""none""},""phase"":""low""},{""action"":{""high_action"":""split"",""order_decision"":""only_cost""},""phase"":""high""},{""action"":{""candidate_id"":0,""schedule_alpha"":0.5},""phase"":""select""},{""action"":{""search_k"":1,""search_strategy"":""default""},""phase"":""search""},{""action"":{""execution_action"":""none"",""lip_action"":""none""},""phase"":""low""},{""action"":{""high_action"":""stop"",""order_decision"":""only_cost""},""phase"":""high""},{""action"":{""search_k"":1,""search_strategy"":""default""},""phase"":""search""},{""action"":{""execution_action"":""none"",""lip_action"":""none""},""phase"":""low""}]"
STACK,c,./workloads/query_stack/q15_543ab3f7.sql,Full NQO,107.875816524029,26.539000000000,ok,b5de167d40941317a62ce34f775428763184c054b938b979bdf442f507469adc,5,,be79b94b2188ab65014f4ac295ca3da452cc184daddbbdd3b9b5ffbbf671ae8b,ccfdfb4045a6efd18c4d1edc177d469964ab6ed73bb96c0f86a774a812d18841,./results/models/stack/random/c/best.pt,"[{""action"":{""high_action"":""split"",""order_decision"":""only_cost""},""phase"":""high""},{""action"":{""candidate_id"":1,""schedule_alpha"":0.5},""phase"":""select""},{""action"":{""search_k"":1,""search_strategy"":""default""},""phase"":""search""},{""action"":{""execution_action"":""none"",""lip_action"":""none""},""phase"":""low""},{""action"":{""high_action"":""split"",""order_decision"":""only_cost""},""phase"":""high""},{""action"":{""candidate_id"":1,""schedule_alpha"":0.5},""phase"":""select""},{""action"":{""search_k"":1,""search_strategy"":""default""},""phase"":""search""},{""action"":{""execution_action"":""none"",""lip_action"":""none""},""phase"":""low""},{""action"":{""high_action"":""split"",""order_decision"":""only_cost""},""phase"":""high""},{""action"":{""candidate_id"":0,""schedule_alpha"":0.5},""phase"":""select""},{""action"":{""search_k"":1,""search_strategy"":""default""},""phase"":""search""},{""action"":{""execution_action"":""none"",""lip_action"":""none""},""phase"":""low""},{""action"":{""high_action"":""stop"",""order_decision"":""only_cost""},""phase"":""high""},{""action"":{""search_k"":1,""search_strategy"":""default""},""phase"":""search""},{""action"":{""execution_action"":""none"",""lip_action"":""none""},""phase"":""low""}]"
STACK,c,./workloads/query_stack/q15_b2ee2c78.sql,Full NQO,649.727903306484,28.277000000000,ok,4f2a2a4af4cc7c51e656a7011a3af7914868d559c69a1464aa67d54fdb02b16b,80,,efa1055ecd0f043de18decc920ee112e95ba5dd55ac48f3b86b7b451b024d00e,f6fdd35aa3c678fe8c3b9924afdf8347b68858710776eb378b60afb4fba8f3cb,./results/models/stack/random/c/best.pt,"[{""action"":{""high_action"":""split"",""order_decision"":""only_cost""},""phase"":""high""},{""action"":{""candidate_id"":1,""schedule_alpha"":0.5},""phase"":""select""},{""action"":{""search_k"":1,""search_strategy"":""default""},""phase"":""search""},{""action"":{""execution_action"":""none"",""lip_action"":""none""},""phase"":""low""},{""action"":{""high_action"":""split"",""order_decision"":""only_cost""},""phase"":""high""},{""action"":{""candidate_id"":1,""schedule_alpha"":0.5},""phase"":""select""},{""action"":{""search_k"":1,""search_strategy"":""default""},""phase"":""search""},{""action"":{""execution_action"":""none"",""lip_action"":""none""},""phase"":""low""},{""action"":{""high_action"":""split"",""order_decision"":""only_cost""},""phase"":""high""},{""action"":{""candidate_id"":0,""schedule_alpha"":0.5},""phase"":""select""},{""action"":{""search_k"":1,""search_strategy"":""default""},""phase"":""search""},{""action"":{""execution_action"":""none"",""lip_action"":""none""},""phase"":""low""},{""action"":{""high_action"":""stop"",""order_decision"":""only_cost""},""phase"":""high""},{""action"":{""search_k"":1,""search_strategy"":""default""},""phase"":""search""},{""action"":{""execution_action"":""none"",""lip_action"":""none""},""phase"":""low""}]"
STACK,c,./workloads/query_stack/q15_c9619ad4.sql,Full NQO,690.070725977421,27.208000000000,ok,6bd4586b45a0439088c3cc815feb62cfd22926e30b74e207eb611081b13bc629,33,,1cdca1964f01cac0d511a215c3b92376fdbc35fbb6511d24e083f90391989773,5c2bbcbdc73dbe389ba5e566c367e9b570fec0b5f2ce24afbed07fd1e278e1d2,./results/models/stack/random/c/best.pt,"[{""action"":{""high_action"":""split"",""order_decision"":""only_cost""},""phase"":""high""},{""action"":{""candidate_id"":1,""schedule_alpha"":0.5},""phase"":""select""},{""action"":{""search_k"":1,""search_strategy"":""default""},""phase"":""search""},{""action"":{""execution_action"":""none"",""lip_action"":""none""},""phase"":""low""},{""action"":{""high_action"":""split"",""order_decision"":""only_cost""},""phase"":""high""},{""action"":{""candidate_id"":1,""schedule_alpha"":0.5},""phase"":""select""},{""action"":{""search_k"":1,""search_strategy"":""default""},""phase"":""search""},{""action"":{""execution_action"":""none"",""lip_action"":""none""},""phase"":""low""},{""action"":{""high_action"":""split"",""order_decision"":""only_cost""},""phase"":""high""},{""action"":{""candidate_id"":0,""schedule_alpha"":0.5},""phase"":""select""},{""action"":{""search_k"":1,""search_strategy"":""default""},""phase"":""search""},{""action"":{""execution_action"":""none"",""lip_action"":""none""},""phase"":""low""},{""action"":{""high_action"":""stop"",""order_decision"":""only_cost""},""phase"":""high""},{""action"":{""search_k"":1,""search_strategy"":""default""},""phase"":""search""},{""action"":{""execution_action"":""none"",""lip_action"":""none""},""phase"":""low""}]"
STACK,c,./workloads/query_stack/q16_1e863562.sql,Full NQO,3580.447450280190,27.025000000000,ok,d1e57e7b71a37991f5cbf6c0748694fc9ed5016441100b48bbd5f218abc2a3af,1,,5dc47d94290db128bb50d469b9c17ba3c48b11be70b5ddc358dbbfa44d83c769,64ddb81db488ce4e8c3cef1e2ae35524e08c909719ad9cc87e5782afd0856ae0,./results/models/stack/random/c/best.pt,"[{""action"":{""high_action"":""split"",""order_decision"":""only_cost""},""phase"":""high""},{""action"":{""candidate_id"":1,""schedule_alpha"":0.5},""phase"":""select""},{""action"":{""search_k"":1,""search_strategy"":""default""},""phase"":""search""},{""action"":{""execution_action"":""none"",""lip_action"":""none""},""phase"":""low""},{""action"":{""high_action"":""split"",""order_decision"":""only_cost""},""phase"":""high""},{""action"":{""candidate_id"":1,""schedule_alpha"":0.5},""phase"":""select""},{""action"":{""search_k"":1,""search_strategy"":""default""},""phase"":""search""},{""action"":{""execution_action"":""none"",""lip_action"":""none""},""phase"":""low""},{""action"":{""high_action"":""split"",""order_decision"":""only_cost""},""phase"":""high""},{""action"":{""candidate_id"":0,""schedule_alpha"":0.5},""phase"":""select""},{""action"":{""search_k"":1,""search_strategy"":""default""},""phase"":""search""},{""action"":{""execution_action"":""none"",""lip_action"":""none""},""phase"":""low""},{""action"":{""high_action"":""stop"",""order_decision"":""only_cost""},""phase"":""high""},{""action"":{""search_k"":1,""search_strategy"":""default""},""phase"":""search""},{""action"":{""execution_action"":""none"",""lip_action"":""none""},""phase"":""low""}]"
STACK,c,./workloads/query_stack/q16_b1a96cd4.sql,Full NQO,738.976828753948,27.420000000000,ok,41b58143a8eeb8fdec2ac943a75e5dce841e5f91f0195101e60066219d775f05,1,,f4819109218cea53d3274c7fbaecf662f4978ecbee217ff08a902d66aacf2db2,bfda2b75c81242490958eab36c019ca632dda885e748bdd1fdd4bb8f5b8f63de,./results/models/stack/random/c/best.pt,"[{""action"":{""high_action"":""split"",""order_decision"":""only_cost""},""phase"":""high""},{""action"":{""candidate_id"":1,""schedule_alpha"":0.5},""phase"":""select""},{""action"":{""search_k"":1,""search_strategy"":""default""},""phase"":""search""},{""action"":{""execution_action"":""none"",""lip_action"":""none""},""phase"":""low""},{""action"":{""high_action"":""split"",""order_decision"":""only_cost""},""phase"":""high""},{""action"":{""candidate_id"":1,""schedule_alpha"":0.5},""phase"":""select""},{""action"":{""search_k"":1,""search_strategy"":""default""},""phase"":""search""},{""action"":{""execution_action"":""none"",""lip_action"":""none""},""phase"":""low""},{""action"":{""high_action"":""split"",""order_decision"":""only_cost""},""phase"":""high""},{""action"":{""candidate_id"":0,""schedule_alpha"":0.5},""phase"":""select""},{""action"":{""search_k"":1,""search_strategy"":""default""},""phase"":""search""},{""action"":{""execution_action"":""none"",""lip_action"":""none""},""phase"":""low""},{""action"":{""high_action"":""stop"",""order_decision"":""only_cost""},""phase"":""high""},{""action"":{""search_k"":1,""search_strategy"":""default""},""phase"":""search""},{""action"":{""execution_action"":""none"",""lip_action"":""none""},""phase"":""low""}]"
STACK,c,./workloads/query_stack/q16_ea9efde5.sql,Full NQO,249.097466468811,26.782000000000,ok,ad066d12fc4fb54c3407e8d8ade387dbe9db61ad779fbaf8596895c87b6d15aa,1,,b3fe12cf7fe0c513d913dace4094084f268b70bb3e59010ec42f7d4a127f8017,62b9955d82dd45886b36acc8daf5471ecbc9d13f4ca5165f0f74a1f9b6da772a,./results/models/stack/random/c/best.pt,"[{""action"":{""high_action"":""split"",""order_decision"":""only_cost""},""phase"":""high""},{""action"":{""candidate_id"":1,""schedule_alpha"":0.5},""phase"":""select""},{""action"":{""search_k"":1,""search_strategy"":""default""},""phase"":""search""},{""action"":{""execution_action"":""none"",""lip_action"":""none""},""phase"":""low""},{""action"":{""high_action"":""split"",""order_decision"":""only_cost""},""phase"":""high""},{""action"":{""candidate_id"":1,""schedule_alpha"":0.5},""phase"":""select""},{""action"":{""search_k"":1,""search_strategy"":""default""},""phase"":""search""},{""action"":{""execution_action"":""none"",""lip_action"":""none""},""phase"":""low""},{""action"":{""high_action"":""split"",""order_decision"":""only_cost""},""phase"":""high""},{""action"":{""candidate_id"":0,""schedule_alpha"":0.5},""phase"":""select""},{""action"":{""search_k"":1,""search_strategy"":""default""},""phase"":""search""},{""action"":{""execution_action"":""none"",""lip_action"":""none""},""phase"":""low""},{""action"":{""high_action"":""stop"",""order_decision"":""only_cost""},""phase"":""high""},{""action"":{""search_k"":1,""search_strategy"":""default""},""phase"":""search""},{""action"":{""execution_action"":""none"",""lip_action"":""none""},""phase"":""low""}]"
STACK,c,./workloads/query_stack/q16_ed2ffeae.sql,Full NQO,1479.719355702400,27.071000000000,ok,1f5b522694ac21e12061ac5fe3b435c6d090355aa4909e541e8a2c0f591f9efe,1,,0ed1a5245443af9b36081f3c6b953e9c0532066f39c17ae5f5793d40ac23f5ed,2155891e56e3f50593ec03e88eb9837187e396a9dd99205f1c00346d0d125ae3,./results/models/stack/random/c/best.pt,"[{""action"":{""high_action"":""split"",""order_decision"":""only_cost""},""phase"":""high""},{""action"":{""candidate_id"":1,""schedule_alpha"":0.5},""phase"":""select""},{""action"":{""search_k"":1,""search_strategy"":""default""},""phase"":""search""},{""action"":{""execution_action"":""none"",""lip_action"":""none""},""phase"":""low""},{""action"":{""high_action"":""split"",""order_decision"":""only_cost""},""phase"":""high""},{""action"":{""candidate_id"":1,""schedule_alpha"":0.5},""phase"":""select""},{""action"":{""search_k"":1,""search_strategy"":""default""},""phase"":""search""},{""action"":{""execution_action"":""none"",""lip_action"":""none""},""phase"":""low""},{""action"":{""high_action"":""split"",""order_decision"":""only_cost""},""phase"":""high""},{""action"":{""candidate_id"":0,""schedule_alpha"":0.5},""phase"":""select""},{""action"":{""search_k"":1,""search_strategy"":""default""},""phase"":""search""},{""action"":{""execution_action"":""none"",""lip_action"":""none""},""phase"":""low""},{""action"":{""high_action"":""stop"",""order_decision"":""only_cost""},""phase"":""high""},{""action"":{""search_k"":1,""search_strategy"":""default""},""phase"":""search""},{""action"":{""execution_action"":""none"",""lip_action"":""none""},""phase"":""low""}]"
STACK,c,./workloads/query_stack/q16_fbe34e8f.sql,Full NQO,2713.898457586765,27.655000000000,ok,7202cb33d764a70a4db92f7ee198c34db2e7d59491dc31cc3c655d406dc29487,1,,e47f54cb088ac9cee8bc4c03fad7e5fb0a53217f68b912cd593b67f5d251c8d6,13235db3b40f5741816b4c5babef9b039e01410528f3291f14019ccb4d266c77,./results/models/stack/random/c/best.pt,"[{""action"":{""high_action"":""split"",""order_decision"":""only_cost""},""phase"":""high""},{""action"":{""candidate_id"":1,""schedule_alpha"":0.5},""phase"":""select""},{""action"":{""search_k"":1,""search_strategy"":""default""},""phase"":""search""},{""action"":{""execution_action"":""none"",""lip_action"":""none""},""phase"":""low""},{""action"":{""high_action"":""split"",""order_decision"":""only_cost""},""phase"":""high""},{""action"":{""candidate_id"":1,""schedule_alpha"":0.5},""phase"":""select""},{""action"":{""search_k"":1,""search_strategy"":""default""},""phase"":""search""},{""action"":{""execution_action"":""none"",""lip_action"":""none""},""phase"":""low""},{""action"":{""high_action"":""split"",""order_decision"":""only_cost""},""phase"":""high""},{""action"":{""candidate_id"":0,""schedule_alpha"":0.5},""phase"":""select""},{""action"":{""search_k"":1,""search_strategy"":""default""},""phase"":""search""},{""action"":{""execution_action"":""none"",""lip_action"":""none""},""phase"":""low""},{""action"":{""high_action"":""stop"",""order_decision"":""only_cost""},""phase"":""high""},{""action"":{""search_k"":1,""search_strategy"":""default""},""phase"":""search""},{""action"":{""execution_action"":""none"",""lip_action"":""none""},""phase"":""low""}]"
STACK,c,./workloads/query_stack/q1_q1-031.sql,Full NQO,53.383074700832,25.790952146053,timeout,,,,2384f70bdb3611435f8512ae6442d30159356535fae06d4cfbf5ebdad2522178,50449ccc4cb3c3783bdd2f154ba5265f965d6d8d519c647d146841e1dfe83848,./results/models/stack/random/c/best.pt,"[{""action"":{""high_action"":""split"",""order_decision"":""only_cost""},""phase"":""high""}]"
STACK,c,./workloads/query_stack/q1_q1-035.sql,Full NQO,60.430839657784,19.635856151581,timeout,,,,55627a5132182f128d13097990aeef95d0d16d9ea7e7872a411c2a0568510c98,8d5d59e9b7f5dcc497a08ec5ee7a02ffef05b9128af7b49b58161f21b63b3610,./results/models/stack/random/c/best.pt,"[{""action"":{""high_action"":""split"",""order_decision"":""only_cost""},""phase"":""high""}]"
STACK,c,./workloads/query_stack/q2_q2-094.sql,Full NQO,1087.936013936996,193.527000000000,ok,d0d8cdab081896241156e9724fb3acb1c9cffd1c34bf78ea9c055b48168fda45,17,,079073b4554453acc6b0dc5f39c2f1ecdd2afc2ecc43d5c632684328d129f0e3,265d06d441a1b15e87afb3fe8133bfbd705ef1ad1b227ad340758ac2d4a64951,./results/models/stack/random/c/best.pt,"[{""action"":{""high_action"":""split"",""order_decision"":""only_cost""},""phase"":""high""},{""action"":{""candidate_id"":0,""schedule_alpha"":0.5},""phase"":""select""},{""action"":{""search_k"":1,""search_strategy"":""default""},""phase"":""search""},{""action"":{""execution_action"":""none"",""lip_action"":""none""},""phase"":""low""},{""action"":{""high_action"":""split"",""order_decision"":""only_cost""},""phase"":""high""},{""action"":{""candidate_id"":3,""schedule_alpha"":0.5},""phase"":""select""},{""action"":{""search_k"":1,""search_strategy"":""default""},""phase"":""search""},{""action"":{""execution_action"":""none"",""lip_action"":""none""},""phase"":""low""},{""action"":{""high_action"":""split"",""order_decision"":""only_cost""},""phase"":""high""},{""action"":{""candidate_id"":1,""schedule_alpha"":0.5},""phase"":""select""},{""action"":{""search_k"":1,""search_strategy"":""default""},""phase"":""search""},{""action"":{""execution_action"":""none"",""lip_action"":""none""},""phase"":""low""},{""action"":{""high_action"":""split"",""order_decision"":""only_cost""},""phase"":""high""},{""action"":{""candidate_id"":3,""schedule_alpha"":0.5},""phase"":""select""},{""action"":{""search_k"":1,""search_strategy"":""default""},""phase"":""search""},{""action"":{""execution_action"":""none"",""lip_action"":""none""},""phase"":""low""},{""action"":{""high_action"":""split"",""order_decision"":""only_cost""},""phase"":""high""},{""action"":{""candidate_id"":0,""schedule_alpha"":0.5},""phase"":""select""},{""action"":{""search_k"":1,""search_strategy"":""default""},""phase"":""search""},{""action"":{""execution_action"":""none"",""lip_action"":""none""},""phase"":""low""},{""action"":{""high_action"":""split"",""order_decision"":""only_cost""},""phase"":""high""},{""action"":{""candidate_id"":0,""schedule_alpha"":0.5},""phase"":""select""},{""action"":{""search_k"":1,""search_strategy"":""default""},""phase"":""search""},{""action"":{""execution_action"":""none"",""lip_action"":""none""},""phase"":""low""},{""action"":{""high_action"":""split"",""order_decision"":""only_cost""},""phase"":""high""},{""action"":{""candidate_id"":1,""schedule_alpha"":0.5},""phase"":""select""},{""action"":{""search_k"":1,""search_strategy"":""default""},""phase"":""search""},{""action"":{""execution_action"":""none"",""lip_action"":""none""},""phase"":""low""},{""action"":{""high_action"":""stop"",""order_decision"":""only_cost""},""phase"":""high""},{""action"":{""search_k"":1,""search_strategy"":""default""},""phase"":""search""},{""action"":{""execution_action"":""conservative"",""lip_action"":""selective""},""phase"":""low""}]"
STACK,c,./workloads/query_stack/q3_q3-066.sql,Full NQO,1052.268885076046,159.074000000000,ok,8e1e8f5d1a4199b0ebf310296b9f7f61e32ae978687b0c87cb3da769ebd6e5f3,1,,7134b4bc49e557cba23eb4b744690c99bb333f5f5edca5da740f32eba3479806,3caed833d33257b36e632a1e14ffacb6b75ce5bbd3ce714ea05b3f214b96172c,./results/models/stack/random/c/best.pt,"[{""action"":{""high_action"":""split"",""order_decision"":""only_cost""},""phase"":""high""},{""action"":{""candidate_id"":0,""schedule_alpha"":0.5},""phase"":""select""},{""action"":{""search_k"":1,""search_strategy"":""default""},""phase"":""search""},{""action"":{""execution_action"":""none"",""lip_action"":""none""},""phase"":""low""},{""action"":{""high_action"":""split"",""order_decision"":""only_cost""},""phase"":""high""},{""action"":{""candidate_id"":4,""schedule_alpha"":0.5},""phase"":""select""},{""action"":{""search_k"":1,""search_strategy"":""default""},""phase"":""search""},{""action"":{""execution_action"":""none"",""lip_action"":""none""},""phase"":""low""},{""action"":{""high_action"":""split"",""order_decision"":""only_cost""},""phase"":""high""},{""action"":{""candidate_id"":2,""schedule_alpha"":0.5},""phase"":""select""},{""action"":{""search_k"":1,""search_strategy"":""default""},""phase"":""search""},{""action"":{""execution_action"":""none"",""lip_action"":""none""},""phase"":""low""},{""action"":{""high_action"":""split"",""order_decision"":""only_cost""},""phase"":""high""},{""action"":{""candidate_id"":4,""schedule_alpha"":0.5},""phase"":""select""},{""action"":{""search_k"":1,""search_strategy"":""default""},""phase"":""search""},{""action"":{""execution_action"":""none"",""lip_action"":""none""},""phase"":""low""},{""action"":{""high_action"":""split"",""order_decision"":""only_cost""},""phase"":""high""},{""action"":{""candidate_id"":0,""schedule_alpha"":0.5},""phase"":""select""},{""action"":{""search_k"":1,""search_strategy"":""default""},""phase"":""search""},{""action"":{""execution_action"":""none"",""lip_action"":""none""},""phase"":""low""},{""action"":{""high_action"":""split"",""order_decision"":""only_cost""},""phase"":""high""},{""action"":{""candidate_id"":0,""schedule_alpha"":0.5},""phase"":""select""},{""action"":{""search_k"":1,""search_strategy"":""default""},""phase"":""search""},{""action"":{""execution_action"":""none"",""lip_action"":""none""},""phase"":""low""},{""action"":{""high_action"":""split"",""order_decision"":""only_cost""},""phase"":""high""},{""action"":{""candidate_id"":1,""schedule_alpha"":0.5},""phase"":""select""},{""action"":{""search_k"":1,""search_strategy"":""default""},""phase"":""search""},{""action"":{""execution_action"":""none"",""lip_action"":""none""},""phase"":""low""},{""action"":{""high_action"":""stop"",""order_decision"":""only_cost""},""phase"":""high""},{""action"":{""search_k"":1,""search_strategy"":""default""},""phase"":""search""},{""action"":{""execution_action"":""conservative"",""lip_action"":""selective""},""phase"":""low""}]"
STACK,c,./workloads/query_stack/q3_q3-068.sql,Full NQO,1828.699633479118,57.228000000000,ok,15ad17c1ee3ad2b2e90a786f175ae3444bf0014bf70e31f1019f72ed9a18b52a,1,,20fdf39e506792d619008bb9204a187a34af177bb3e9af0b8b8f9549238f1d95,409ad07ed58bf1a29a271fac2f8427abeb85d41e305c6a46d717dd3d6e06fe48,./results/models/stack/random/c/best.pt,"[{""action"":{""high_action"":""split"",""order_decision"":""only_cost""},""phase"":""high""},{""action"":{""candidate_id"":0,""schedule_alpha"":0.5},""phase"":""select""},{""action"":{""search_k"":1,""search_strategy"":""default""},""phase"":""search""},{""action"":{""execution_action"":""none"",""lip_action"":""none""},""phase"":""low""},{""action"":{""high_action"":""split"",""order_decision"":""only_cost""},""phase"":""high""},{""action"":{""candidate_id"":4,""schedule_alpha"":0.5},""phase"":""select""},{""action"":{""search_k"":1,""search_strategy"":""default""},""phase"":""search""},{""action"":{""execution_action"":""none"",""lip_action"":""none""},""phase"":""low""},{""action"":{""high_action"":""split"",""order_decision"":""only_cost""},""phase"":""high""},{""action"":{""candidate_id"":2,""schedule_alpha"":0.5},""phase"":""select""},{""action"":{""search_k"":1,""search_strategy"":""default""},""phase"":""search""},{""action"":{""execution_action"":""none"",""lip_action"":""none""},""phase"":""low""},{""action"":{""high_action"":""split"",""order_decision"":""only_cost""},""phase"":""high""},{""action"":{""candidate_id"":4,""schedule_alpha"":0.5},""phase"":""select""},{""action"":{""search_k"":1,""search_strategy"":""default""},""phase"":""search""},{""action"":{""execution_action"":""none"",""lip_action"":""none""},""phase"":""low""},{""action"":{""high_action"":""split"",""order_decision"":""only_cost""},""phase"":""high""},{""action"":{""candidate_id"":3,""schedule_alpha"":0.5},""phase"":""select""},{""action"":{""search_k"":1,""search_strategy"":""default""},""phase"":""search""},{""action"":{""execution_action"":""none"",""lip_action"":""none""},""phase"":""low""},{""action"":{""high_action"":""split"",""order_decision"":""only_cost""},""phase"":""high""},{""action"":{""candidate_id"":0,""schedule_alpha"":0.5},""phase"":""select""},{""action"":{""search_k"":1,""search_strategy"":""default""},""phase"":""search""},{""action"":{""execution_action"":""none"",""lip_action"":""none""},""phase"":""low""},{""action"":{""high_action"":""split"",""order_decision"":""only_cost""},""phase"":""high""},{""action"":{""candidate_id"":1,""schedule_alpha"":0.5},""phase"":""select""},{""action"":{""search_k"":1,""search_strategy"":""default""},""phase"":""search""},{""action"":{""execution_action"":""none"",""lip_action"":""none""},""phase"":""low""},{""action"":{""high_action"":""stop"",""order_decision"":""only_cost""},""phase"":""high""},{""action"":{""search_k"":1,""search_strategy"":""default""},""phase"":""search""},{""action"":{""execution_action"":""none"",""lip_action"":""none""},""phase"":""low""}]"
STACK,c,./workloads/query_stack/q3_q3-099.sql,Full NQO,553.339958190918,188.942000000000,ok,fa879e4fc50b8c9696eb4dbd6a0b301941889f11c3953bede1a1f9308c6c8618,1,,8a24de58b74abe30a7192e5e681d1695956a79beadbdabc3522640fe4fbbf175,9f9b46abb5f30e878474a60766932b64594b21d71a0000f489270915b1df78a1,./results/models/stack/random/c/best.pt,"[{""action"":{""high_action"":""split"",""order_decision"":""only_cost""},""phase"":""high""},{""action"":{""candidate_id"":5,""schedule_alpha"":0.5},""phase"":""select""},{""action"":{""search_k"":1,""search_strategy"":""default""},""phase"":""search""},{""action"":{""execution_action"":""none"",""lip_action"":""none""},""phase"":""low""},{""action"":{""high_action"":""split"",""order_decision"":""only_cost""},""phase"":""high""},{""action"":{""candidate_id"":6,""schedule_alpha"":0.5},""phase"":""select""},{""action"":{""search_k"":1,""search_strategy"":""default""},""phase"":""search""},{""action"":{""execution_action"":""none"",""lip_action"":""none""},""phase"":""low""},{""action"":{""high_action"":""split"",""order_decision"":""only_cost""},""phase"":""high""},{""action"":{""candidate_id"":0,""schedule_alpha"":0.5},""phase"":""select""},{""action"":{""search_k"":1,""search_strategy"":""default""},""phase"":""search""},{""action"":{""execution_action"":""none"",""lip_action"":""none""},""phase"":""low""},{""action"":{""high_action"":""split"",""order_decision"":""only_cost""},""phase"":""high""},{""action"":{""candidate_id"":2,""schedule_alpha"":0.5},""phase"":""select""},{""action"":{""search_k"":1,""search_strategy"":""default""},""phase"":""search""},{""action"":{""execution_action"":""none"",""lip_action"":""none""},""phase"":""low""},{""action"":{""high_action"":""split"",""order_decision"":""only_cost""},""phase"":""high""},{""action"":{""candidate_id"":0,""schedule_alpha"":0.5},""phase"":""select""},{""action"":{""search_k"":1,""search_strategy"":""default""},""phase"":""search""},{""action"":{""execution_action"":""none"",""lip_action"":""none""},""phase"":""low""},{""action"":{""high_action"":""split"",""order_decision"":""only_cost""},""phase"":""high""},{""action"":{""candidate_id"":2,""schedule_alpha"":0.5},""phase"":""select""},{""action"":{""search_k"":1,""search_strategy"":""default""},""phase"":""search""},{""action"":{""execution_action"":""none"",""lip_action"":""none""},""phase"":""low""},{""action"":{""high_action"":""split"",""order_decision"":""only_cost""},""phase"":""high""},{""action"":{""candidate_id"":0,""schedule_alpha"":0.5},""phase"":""select""},{""action"":{""search_k"":1,""search_strategy"":""default""},""phase"":""search""},{""action"":{""execution_action"":""none"",""lip_action"":""none""},""phase"":""low""},{""action"":{""high_action"":""stop"",""order_decision"":""only_cost""},""phase"":""high""},{""action"":{""search_k"":1,""search_strategy"":""default""},""phase"":""search""},{""action"":{""execution_action"":""conservative"",""lip_action"":""selective""},""phase"":""low""}]"
STACK,c,./workloads/query_stack/q4_q4-074.sql,Full NQO,356.764964759350,34.175000000000,ok,52364deeccd5ed1ad0488d008c0dbde2320a4be5c9fd243b9a1b6315f8633526,1,,fdbb767a1b391d7437b3e5be411e0344295cc4f79c1ff73569cb0a9bc7adfb4a,2b820f2b3b1bbb2b9434663d47ddb18623a8a1e844c4d0440c1baa02e5a81cca,./results/models/stack/random/c/best.pt,"[{""action"":{""high_action"":""split"",""order_decision"":""only_cost""},""phase"":""high""},{""action"":{""candidate_id"":0,""schedule_alpha"":0.5},""phase"":""select""},{""action"":{""search_k"":1,""search_strategy"":""default""},""phase"":""search""},{""action"":{""execution_action"":""none"",""lip_action"":""none""},""phase"":""low""},{""action"":{""high_action"":""split"",""order_decision"":""only_cost""},""phase"":""high""},{""action"":{""candidate_id"":2,""schedule_alpha"":0.5},""phase"":""select""},{""action"":{""search_k"":1,""search_strategy"":""default""},""phase"":""search""},{""action"":{""execution_action"":""none"",""lip_action"":""none""},""phase"":""low""},{""action"":{""high_action"":""split"",""order_decision"":""only_cost""},""phase"":""high""},{""action"":{""candidate_id"":0,""schedule_alpha"":0.5},""phase"":""select""},{""action"":{""search_k"":1,""search_strategy"":""default""},""phase"":""search""},{""action"":{""execution_action"":""none"",""lip_action"":""none""},""phase"":""low""},{""action"":{""high_action"":""split"",""order_decision"":""only_cost""},""phase"":""high""},{""action"":{""candidate_id"":0,""schedule_alpha"":0.5},""phase"":""select""},{""action"":{""search_k"":1,""search_strategy"":""default""},""phase"":""search""},{""action"":{""execution_action"":""none"",""lip_action"":""none""},""phase"":""low""},{""action"":{""high_action"":""stop"",""order_decision"":""only_cost""},""phase"":""high""},{""action"":{""search_k"":1,""search_strategy"":""default""},""phase"":""search""},{""action"":{""execution_action"":""none"",""lip_action"":""none""},""phase"":""low""}]"
STACK,c,./workloads/query_stack/q5_q5-015.sql,Full NQO,63.655689358711,32.610000000000,ok,1858f04d363cf5872d24a5f919513b6bbc758306539d1fb71c7d8ae739b7dde3,1,,b1e7a380fc9105c7e1d268da9db7ae88bc5449bbc9ee49afc5210296ffc6cf9f,f22a62789e6d207e0c2a8554ad10159058e61ec6a1b519fabad7e9ec543f2e92,./results/models/stack/random/c/best.pt,"[{""action"":{""high_action"":""split"",""order_decision"":""only_cost""},""phase"":""high""},{""action"":{""candidate_id"":0,""schedule_alpha"":0.5},""phase"":""select""},{""action"":{""search_k"":1,""search_strategy"":""default""},""phase"":""search""},{""action"":{""execution_action"":""none"",""lip_action"":""none""},""phase"":""low""},{""action"":{""high_action"":""split"",""order_decision"":""only_cost""},""phase"":""high""},{""action"":{""candidate_id"":1,""schedule_alpha"":0.5},""phase"":""select""},{""action"":{""search_k"":1,""search_strategy"":""default""},""phase"":""search""},{""action"":{""execution_action"":""none"",""lip_action"":""none""},""phase"":""low""},{""action"":{""high_action"":""split"",""order_decision"":""only_cost""},""phase"":""high""},{""action"":{""candidate_id"":0,""schedule_alpha"":0.5},""phase"":""select""},{""action"":{""search_k"":1,""search_strategy"":""default""},""phase"":""search""},{""action"":{""execution_action"":""none"",""lip_action"":""none""},""phase"":""low""},{""action"":{""high_action"":""split"",""order_decision"":""only_cost""},""phase"":""high""},{""action"":{""candidate_id"":1,""schedule_alpha"":0.5},""phase"":""select""},{""action"":{""search_k"":1,""search_strategy"":""default""},""phase"":""search""},{""action"":{""execution_action"":""none"",""lip_action"":""none""},""phase"":""low""},{""action"":{""high_action"":""stop"",""order_decision"":""only_cost""},""phase"":""high""},{""action"":{""search_k"":1,""search_strategy"":""default""},""phase"":""search""},{""action"":{""execution_action"":""none"",""lip_action"":""none""},""phase"":""low""}]"
STACK,c,./workloads/query_stack/q5_q5-077.sql,Full NQO,77.325478196144,33.214000000000,ok,2bb4771eebb7b47365089a6a19756f2e83053e8323d7cd31fa1b6cfcfa7c9c64,1,,c557a01106e5cf12166a22b6dd9f77c690dcfea28c3fd1ae973063ddb20dcb41,5589c71cd2e0c23dc7ea3d3592bc7f6b92be6c833fc247d3acfbf9cb33ca8a46,./results/models/stack/random/c/best.pt,"[{""action"":{""high_action"":""split"",""order_decision"":""only_cost""},""phase"":""high""},{""action"":{""candidate_id"":0,""schedule_alpha"":0.5},""phase"":""select""},{""action"":{""search_k"":1,""search_strategy"":""default""},""phase"":""search""},{""action"":{""execution_action"":""none"",""lip_action"":""none""},""phase"":""low""},{""action"":{""high_action"":""split"",""order_decision"":""only_cost""},""phase"":""high""},{""action"":{""candidate_id"":1,""schedule_alpha"":0.5},""phase"":""select""},{""action"":{""search_k"":1,""search_strategy"":""default""},""phase"":""search""},{""action"":{""execution_action"":""none"",""lip_action"":""none""},""phase"":""low""},{""action"":{""high_action"":""split"",""order_decision"":""only_cost""},""phase"":""high""},{""action"":{""candidate_id"":0,""schedule_alpha"":0.5},""phase"":""select""},{""action"":{""search_k"":1,""search_strategy"":""default""},""phase"":""search""},{""action"":{""execution_action"":""none"",""lip_action"":""none""},""phase"":""low""},{""action"":{""high_action"":""split"",""order_decision"":""only_cost""},""phase"":""high""},{""action"":{""candidate_id"":0,""schedule_alpha"":0.5},""phase"":""select""},{""action"":{""search_k"":1,""search_strategy"":""default""},""phase"":""search""},{""action"":{""execution_action"":""none"",""lip_action"":""none""},""phase"":""low""},{""action"":{""high_action"":""stop"",""order_decision"":""only_cost""},""phase"":""high""},{""action"":{""search_k"":1,""search_strategy"":""default""},""phase"":""search""},{""action"":{""execution_action"":""none"",""lip_action"":""none""},""phase"":""low""}]"
STACK,c,./workloads/query_stack/q6_q6-009.sql,Full NQO,68.887986242771,31.078000000000,ok,2bb4771eebb7b47365089a6a19756f2e83053e8323d7cd31fa1b6cfcfa7c9c64,1,,e9a94a2551e6d9ee3bc10eede4cecf0f7a48a75f0c44b62da2b66a03b19b911c,ce5d66af01f58ba1c6787650cf4c3db24a610f91063e9352e2bd11ca3443e493,./results/models/stack/random/c/best.pt,"[{""action"":{""high_action"":""split"",""order_decision"":""only_cost""},""phase"":""high""},{""action"":{""candidate_id"":0,""schedule_alpha"":0.5},""phase"":""select""},{""action"":{""search_k"":1,""search_strategy"":""default""},""phase"":""search""},{""action"":{""execution_action"":""none"",""lip_action"":""none""},""phase"":""low""},{""action"":{""high_action"":""split"",""order_decision"":""only_cost""},""phase"":""high""},{""action"":{""candidate_id"":1,""schedule_alpha"":0.5},""phase"":""select""},{""action"":{""search_k"":1,""search_strategy"":""default""},""phase"":""search""},{""action"":{""execution_action"":""none"",""lip_action"":""none""},""phase"":""low""},{""action"":{""high_action"":""split"",""order_decision"":""only_cost""},""phase"":""high""},{""action"":{""candidate_id"":0,""schedule_alpha"":0.5},""phase"":""select""},{""action"":{""search_k"":1,""search_strategy"":""default""},""phase"":""search""},{""action"":{""execution_action"":""none"",""lip_action"":""none""},""phase"":""low""},{""action"":{""high_action"":""split"",""order_decision"":""only_cost""},""phase"":""high""},{""action"":{""candidate_id"":1,""schedule_alpha"":0.5},""phase"":""select""},{""action"":{""search_k"":1,""search_strategy"":""default""},""phase"":""search""},{""action"":{""execution_action"":""none"",""lip_action"":""none""},""phase"":""low""},{""action"":{""high_action"":""stop"",""order_decision"":""only_cost""},""phase"":""high""},{""action"":{""search_k"":1,""search_strategy"":""default""},""phase"":""search""},{""action"":{""execution_action"":""none"",""lip_action"":""none""},""phase"":""low""}]"
STACK,c,./workloads/query_stack/q6_q6-069.sql,Full NQO,72.303093969822,33.312000000000,ok,ad2301e16f8ac0e556a59dd245bfdf55c48548fd352f0cf92a385882c89aebbd,1,,1342a950869485969d7a821c4acdb8308076671bf4deb6c98bf91a1e8b77972e,0017d405d2510fb9bf0e7901ce588863cd623180c180b21b70a3f6835433044c,./results/models/stack/random/c/best.pt,"[{""action"":{""high_action"":""split"",""order_decision"":""only_cost""},""phase"":""high""},{""action"":{""candidate_id"":0,""schedule_alpha"":0.5},""phase"":""select""},{""action"":{""search_k"":1,""search_strategy"":""default""},""phase"":""search""},{""action"":{""execution_action"":""none"",""lip_action"":""none""},""phase"":""low""},{""action"":{""high_action"":""split"",""order_decision"":""only_cost""},""phase"":""high""},{""action"":{""candidate_id"":1,""schedule_alpha"":0.5},""phase"":""select""},{""action"":{""search_k"":1,""search_strategy"":""default""},""phase"":""search""},{""action"":{""execution_action"":""none"",""lip_action"":""none""},""phase"":""low""},{""action"":{""high_action"":""split"",""order_decision"":""only_cost""},""phase"":""high""},{""action"":{""candidate_id"":0,""schedule_alpha"":0.5},""phase"":""select""},{""action"":{""search_k"":1,""search_strategy"":""default""},""phase"":""search""},{""action"":{""execution_action"":""none"",""lip_action"":""none""},""phase"":""low""},{""action"":{""high_action"":""split"",""order_decision"":""only_cost""},""phase"":""high""},{""action"":{""candidate_id"":1,""schedule_alpha"":0.5},""phase"":""select""},{""action"":{""search_k"":1,""search_strategy"":""default""},""phase"":""search""},{""action"":{""execution_action"":""none"",""lip_action"":""none""},""phase"":""low""},{""action"":{""high_action"":""stop"",""order_decision"":""only_cost""},""phase"":""high""},{""action"":{""search_k"":1,""search_strategy"":""default""},""phase"":""search""},{""action"":{""execution_action"":""none"",""lip_action"":""none""},""phase"":""low""}]"
STACK,c,./workloads/query_stack/q7_q7-034.sql,Full NQO,5399.835363030434,17.875000000000,ok,fa879e4fc50b8c9696eb4dbd6a0b301941889f11c3953bede1a1f9308c6c8618,1,,c11de721d05106b15cd0c3283053207cb534833814dc45392c7559f5e1d8249d,adb6686c520e7db84bbda144852402d8eb645cbbd669c6a4d64b1913ba32db3a,./results/models/stack/random/c/best.pt,"[{""action"":{""high_action"":""split"",""order_decision"":""only_cost""},""phase"":""high""},{""action"":{""candidate_id"":2,""schedule_alpha"":0.5},""phase"":""select""},{""action"":{""search_k"":1,""search_strategy"":""default""},""phase"":""search""},{""action"":{""execution_action"":""none"",""lip_action"":""none""},""phase"":""low""},{""action"":{""high_action"":""split"",""order_decision"":""only_cost""},""phase"":""high""},{""action"":{""candidate_id"":1,""schedule_alpha"":0.5},""phase"":""select""},{""action"":{""search_k"":1,""search_strategy"":""default""},""phase"":""search""},{""action"":{""execution_action"":""none"",""lip_action"":""none""},""phase"":""low""},{""action"":{""high_action"":""stop"",""order_decision"":""only_cost""},""phase"":""high""},{""action"":{""search_k"":1,""search_strategy"":""default""},""phase"":""search""},{""action"":{""execution_action"":""none"",""lip_action"":""none""},""phase"":""low""}]"
STACK,c,./workloads/query_stack/q7_q7-077.sql,Full NQO,5553.531028330326,19.034000000000,ok,91ceb6f253ad07a97c56603d48d7757d57db954f6118e3b861b1b2a27fffc679,1,,ad708d1064a4a92cd613c209922639a671554338795557cdcd45a3b6c7320fc1,69ff8e64b0b1a204b5dee7d8d2d53152b7b8bb2329a7f9452f125658d7e0ca44,./results/models/stack/random/c/best.pt,"[{""action"":{""high_action"":""split"",""order_decision"":""only_cost""},""phase"":""high""},{""action"":{""candidate_id"":1,""schedule_alpha"":0.5},""phase"":""select""},{""action"":{""search_k"":1,""search_strategy"":""default""},""phase"":""search""},{""action"":{""execution_action"":""none"",""lip_action"":""none""},""phase"":""low""},{""action"":{""high_action"":""split"",""order_decision"":""only_cost""},""phase"":""high""},{""action"":{""candidate_id"":1,""schedule_alpha"":0.5},""phase"":""select""},{""action"":{""search_k"":1,""search_strategy"":""default""},""phase"":""search""},{""action"":{""execution_action"":""none"",""lip_action"":""none""},""phase"":""low""},{""action"":{""high_action"":""stop"",""order_decision"":""only_cost""},""phase"":""high""},{""action"":{""search_k"":1,""search_strategy"":""default""},""phase"":""search""},{""action"":{""execution_action"":""none"",""lip_action"":""none""},""phase"":""low""}]"
STACK,c,./workloads/query_stack/q7_q7-082.sql,Full NQO,5424.683369696140,19.594000000000,ok,64043c6a0d07cdab8939a506f1a097454642c5f07efa20f7d4c6ef417b0776a6,1,,466075e19bbcc2ac6739ee8f6e4dd3721b15fceec510844b49fc976e980957be,4f2f352d638396c0b874fcdbe87b1ce487980046f15b2783a888fb98276138da,./results/models/stack/random/c/best.pt,"[{""action"":{""high_action"":""split"",""order_decision"":""only_cost""},""phase"":""high""},{""action"":{""candidate_id"":1,""schedule_alpha"":0.5},""phase"":""select""},{""action"":{""search_k"":1,""search_strategy"":""default""},""phase"":""search""},{""action"":{""execution_action"":""none"",""lip_action"":""none""},""phase"":""low""},{""action"":{""high_action"":""split"",""order_decision"":""only_cost""},""phase"":""high""},{""action"":{""candidate_id"":1,""schedule_alpha"":0.5},""phase"":""select""},{""action"":{""search_k"":1,""search_strategy"":""default""},""phase"":""search""},{""action"":{""execution_action"":""none"",""lip_action"":""none""},""phase"":""low""},{""action"":{""high_action"":""stop"",""order_decision"":""only_cost""},""phase"":""high""},{""action"":{""search_k"":1,""search_strategy"":""default""},""phase"":""search""},{""action"":{""execution_action"":""none"",""lip_action"":""none""},""phase"":""low""}]"
STACK,c,./workloads/query_stack/q8_q8-025.sql,Full NQO,1578.901894390583,62.522381544113,timeout,,,,6a56f4e256067ca60c36684c59fb70f354ae39ac394b526efa52eb97f5645fc0,75f6a9f80561db27157f0a975e7e2232427f67cad8e16865f6e0a585183abeb2,./results/models/stack/random/c/best.pt,"[{""action"":{""high_action"":""split"",""order_decision"":""only_cost""},""phase"":""high""},{""action"":{""candidate_id"":3,""schedule_alpha"":0.5},""phase"":""select""},{""action"":{""search_k"":1,""search_strategy"":""default""},""phase"":""search""},{""action"":{""execution_action"":""none"",""lip_action"":""none""},""phase"":""low""}]"
STACK,c,./workloads/query_stack/q8_q8-046.sql,Full NQO,1487.167328596115,62.413163483143,timeout,,,,5d8f31c48e544decf9cf3c6b7c0e8beb70acfaec575fd8f99dcb23dd7a883d28,c9fd520e191fe622044d064e4684f90d652bacbd242ea8d5513af45c157313a3,./results/models/stack/random/c/best.pt,"[{""action"":{""high_action"":""split"",""order_decision"":""only_cost""},""phase"":""high""},{""action"":{""candidate_id"":3,""schedule_alpha"":0.5},""phase"":""select""},{""action"":{""search_k"":1,""search_strategy"":""default""},""phase"":""search""},{""action"":{""execution_action"":""none"",""lip_action"":""none""},""phase"":""low""}]"
STACK,c,./workloads/query_stack/q8_q8-062.sql,Full NQO,1576.657183468342,59.309236705303,timeout,,,,f724a8e42a991a5e02cbaccbf5207ae0be5f5312321a59d9cb46c50f3e2c3359,8df1d9bfcd750deb9b5cb8325d71b5a755ef1d5a2e48872e969dc193d2205142,./results/models/stack/random/c/best.pt,"[{""action"":{""high_action"":""split"",""order_decision"":""only_cost""},""phase"":""high""},{""action"":{""candidate_id"":3,""schedule_alpha"":0.5},""phase"":""select""},{""action"":{""search_k"":1,""search_strategy"":""default""},""phase"":""search""},{""action"":{""execution_action"":""none"",""lip_action"":""none""},""phase"":""low""}]"
STACK,c,./workloads/query_stack/q8_q8-065.sql,Full NQO,1588.566824793816,64.018823206425,timeout,,,,0952ae99dbb7f351f1056fb3fdf893f6e86b71ae99879359a115d01dd7055490,5ad5d125fb7e382cfd826b3cf394d506c6aafbefee6e30cba85286ffb4747927,./results/models/stack/random/c/best.pt,"[{""action"":{""high_action"":""split"",""order_decision"":""only_cost""},""phase"":""high""},{""action"":{""candidate_id"":3,""schedule_alpha"":0.5},""phase"":""select""},{""action"":{""search_k"":1,""search_strategy"":""default""},""phase"":""search""},{""action"":{""execution_action"":""none"",""lip_action"":""none""},""phase"":""low""}]"
STACK,c,./workloads/query_stack/q8_q8-074.sql,Full NQO,1531.034111976624,61.014249920845,timeout,,,,e5c10310d9e85b1aa09e2030351b90ad7376f8572b0b20685d8c8688fcf29ad2,dc530e8a28e799128627d4313107f4c5038b6f6ec32106224d606fd53ba724af,./results/models/stack/random/c/best.pt,"[{""action"":{""high_action"":""split"",""order_decision"":""only_cost""},""phase"":""high""},{""action"":{""candidate_id"":3,""schedule_alpha"":0.5},""phase"":""select""},{""action"":{""search_k"":1,""search_strategy"":""default""},""phase"":""search""},{""action"":{""execution_action"":""none"",""lip_action"":""none""},""phase"":""low""}]"
STACK,c,./workloads/query_stack/q8_q8-096.sql,Full NQO,1562.350094318390,62.328509986401,timeout,,,,539218256395e277b14b55f37615b9e88c0fea28848c00d5fd2f0f088b726e33,9a3917c5814e862c7b70fc293d28179e31a95b9b2c543494a51227e2c2173cbf,./results/models/stack/random/c/best.pt,"[{""action"":{""high_action"":""split"",""order_decision"":""only_cost""},""phase"":""high""},{""action"":{""candidate_id"":3,""schedule_alpha"":0.5},""phase"":""select""},{""action"":{""search_k"":1,""search_strategy"":""default""},""phase"":""search""},{""action"":{""execution_action"":""none"",""lip_action"":""none""},""phase"":""low""}]"
STACK,,./workloads/query_stack/q11_0ea8bacd.sql,PostgreSQL,284.417137503624,0.000000000000,ok,,,,,,,
STACK,,./workloads/query_stack/q11_33e1caf2.sql,PostgreSQL,108.129180967808,0.000000000000,ok,,,,,,,
STACK,,./workloads/query_stack/q11_6c5cba41.sql,PostgreSQL,231.520086526871,0.000000000000,ok,,,,,,,
STACK,,./workloads/query_stack/q11_87c4bd09.sql,PostgreSQL,960.816450417042,0.000000000000,ok,,,,,,,
STACK,,./workloads/query_stack/q11_9389f588.sql,PostgreSQL,69.342702627182,0.000000000000,ok,,,,,,,
STACK,,./workloads/query_stack/q11_aa96c8d7.sql,PostgreSQL,66.775336861610,0.000000000000,ok,,,,,,,
STACK,,./workloads/query_stack/q11_c1ae2a99.sql,PostgreSQL,5325.720064342022,0.000000000000,ok,,,,,,,
STACK,,./workloads/query_stack/q11_e4ca3559.sql,PostgreSQL,143.114872276783,0.000000000000,ok,,,,,,,
STACK,,./workloads/query_stack/q12_06c8d688.sql,PostgreSQL,168.147496879101,0.000000000000,ok,,,,,,,
STACK,,./workloads/query_stack/q12_07007205.sql,PostgreSQL,359.389565885067,0.000000000000,ok,,,,,,,
STACK,,./workloads/query_stack/q12_547c6bf1.sql,PostgreSQL,85.612520575523,0.000000000000,ok,,,,,,,
STACK,,./workloads/query_stack/q12_55de941e.sql,PostgreSQL,4205.616310238838,0.000000000000,ok,,,,,,,
STACK,,./workloads/query_stack/q12_5a5ff9bd.sql,PostgreSQL,395.064346492290,0.000000000000,ok,,,,,,,
STACK,,./workloads/query_stack/q12_76a47868.sql,PostgreSQL,1608.694761991501,0.000000000000,ok,,,,,,,
STACK,,./workloads/query_stack/q12_812a3eff.sql,PostgreSQL,1818.125419318676,0.000000000000,ok,,,,,,,
STACK,,./workloads/query_stack/q12_bde6c0cf.sql,PostgreSQL,108.589760959148,0.000000000000,ok,,,,,,,
STACK,,./workloads/query_stack/q13_13ad1b8c.sql,PostgreSQL,1014.010399580002,0.000000000000,ok,,,,,,,
STACK,,./workloads/query_stack/q13_1ddcc865.sql,PostgreSQL,3133.785724639893,0.000000000000,ok,,,,,,,
STACK,,./workloads/query_stack/q13_935e2051.sql,PostgreSQL,16069.959938526154,0.000000000000,ok,,,,,,,
STACK,,./workloads/query_stack/q13_a091adce.sql,PostgreSQL,415.625371038914,0.000000000000,ok,,,,,,,
STACK,,./workloads/query_stack/q13_a3d03772.sql,PostgreSQL,1696.597293019295,0.000000000000,ok,,,,,,,
STACK,,./workloads/query_stack/q13_add0df9d.sql,PostgreSQL,1492.243200540543,0.000000000000,ok,,,,,,,
STACK,,./workloads/query_stack/q13_d383cd5b.sql,PostgreSQL,410.328149795532,0.000000000000,ok,,,,,,,
STACK,,./workloads/query_stack/q13_d4707be2.sql,PostgreSQL,883.494533598423,0.000000000000,ok,,,,,,,
STACK,,./workloads/query_stack/q14_4063b6cb.sql,PostgreSQL,549.360722303391,0.000000000000,ok,,,,,,,
STACK,,./workloads/query_stack/q14_5dbc1d1f.sql,PostgreSQL,7919.037416577339,0.000000000000,ok,,,,,,,
STACK,,./workloads/query_stack/q14_5e4835cd.sql,PostgreSQL,265.623614192009,0.000000000000,ok,,,,,,,
STACK,,./workloads/query_stack/q14_63c0776f.sql,PostgreSQL,207.315437495708,0.000000000000,ok,,,,,,,
STACK,,./workloads/query_stack/q14_719e692d.sql,PostgreSQL,1012.952074408531,0.000000000000,ok,,,,,,,
STACK,,./workloads/query_stack/q14_74fd1af6.sql,PostgreSQL,8084.465406835079,0.000000000000,ok,,,,,,,
STACK,,./workloads/query_stack/q14_97e68ad5.sql,PostgreSQL,7904.176071286201,0.000000000000,ok,,,,,,,
STACK,,./workloads/query_stack/q14_b49361f8.sql,PostgreSQL,318.123780190945,0.000000000000,ok,,,,,,,
STACK,,./workloads/query_stack/q15_21e4988a.sql,PostgreSQL,258.500173687935,0.000000000000,ok,,,,,,,
STACK,,./workloads/query_stack/q15_3e37e626.sql,PostgreSQL,521.226152777672,0.000000000000,ok,,,,,,,
STACK,,./workloads/query_stack/q15_543ab3f7.sql,PostgreSQL,307.011790573597,0.000000000000,ok,,,,,,,
STACK,,./workloads/query_stack/q15_78995a5f.sql,PostgreSQL,466.083183884621,0.000000000000,ok,,,,,,,
STACK,,./workloads/query_stack/q15_b2ee2c78.sql,PostgreSQL,578.476101160049,0.000000000000,ok,,,,,,,
STACK,,./workloads/query_stack/q15_b8ddf65b.sql,PostgreSQL,532.303243875504,0.000000000000,ok,,,,,,,
STACK,,./workloads/query_stack/q15_c9619ad4.sql,PostgreSQL,833.094753324986,0.000000000000,ok,,,,,,,
STACK,,./workloads/query_stack/q15_d5546c01.sql,PostgreSQL,245.911322534084,0.000000000000,ok,,,,,,,
STACK,,./workloads/query_stack/q16_1e863562.sql,PostgreSQL,7932.550020515919,0.000000000000,ok,,,,,,,
STACK,,./workloads/query_stack/q16_374e3e4c.sql,PostgreSQL,10883.960306644440,0.000000000000,ok,,,,,,,
STACK,,./workloads/query_stack/q16_b1a96cd4.sql,PostgreSQL,1375.021129846573,0.000000000000,ok,,,,,,,
STACK,,./workloads/query_stack/q16_d5290889.sql,PostgreSQL,286.011122167110,0.000000000000,ok,,,,,,,
STACK,,./workloads/query_stack/q16_ea9efde5.sql,PostgreSQL,710.174560546875,0.000000000000,ok,,,,,,,
STACK,,./workloads/query_stack/q16_ed2ffeae.sql,PostgreSQL,3090.743184089661,0.000000000000,ok,,,,,,,
STACK,,./workloads/query_stack/q16_f67cec3d.sql,PostgreSQL,316.597588360310,0.000000000000,ok,,,,,,,
STACK,,./workloads/query_stack/q16_fbe34e8f.sql,PostgreSQL,9082.508079707623,0.000000000000,ok,,,,,,,
STACK,,./workloads/query_stack/q1_q1-009.sql,PostgreSQL,12.444943189621,0.000000000000,ok,,,,,,,
STACK,,./workloads/query_stack/q1_q1-031.sql,PostgreSQL,10.676614940166,0.000000000000,ok,,,,,,,
STACK,,./workloads/query_stack/q1_q1-035.sql,PostgreSQL,12.086167931557,0.000000000000,ok,,,,,,,
STACK,,./workloads/query_stack/q1_q1-067.sql,PostgreSQL,75.539939105511,0.000000000000,ok,,,,,,,
STACK,,./workloads/query_stack/q1_q1-075.sql,PostgreSQL,108.796685934067,0.000000000000,ok,,,,,,,
STACK,,./workloads/query_stack/q1_q1-098.sql,PostgreSQL,3713.282011449337,0.000000000000,ok,,,,,,,
STACK,,./workloads/query_stack/q1_q1-099.sql,PostgreSQL,3067.337699234486,0.000000000000,ok,,,,,,,
STACK,,./workloads/query_stack/q1_q1-100.sql,PostgreSQL,3408.977039158344,0.000000000000,ok,,,,,,,
STACK,,./workloads/query_stack/q2_q2-001.sql,PostgreSQL,16922.305501997471,0.000000000000,ok,,,,,,,
STACK,,./workloads/query_stack/q2_q2-012.sql,PostgreSQL,20593.424074351788,0.000000000000,ok,,,,,,,
STACK,,./workloads/query_stack/q2_q2-032.sql,PostgreSQL,2810.697570443153,0.000000000000,ok,,,,,,,
STACK,,./workloads/query_stack/q2_q2-035.sql,PostgreSQL,3532.598279416561,0.000000000000,ok,,,,,,,
STACK,,./workloads/query_stack/q2_q2-050.sql,PostgreSQL,1364.017054438591,0.000000000000,ok,,,,,,,
STACK,,./workloads/query_stack/q2_q2-081.sql,PostgreSQL,16500.324621796608,0.000000000000,ok,,,,,,,
STACK,,./workloads/query_stack/q2_q2-094.sql,PostgreSQL,10710.183568298817,0.000000000000,ok,,,,,,,
STACK,,./workloads/query_stack/q2_q2-098.sql,PostgreSQL,18999.794758856297,0.000000000000,ok,,,,,,,
STACK,,./workloads/query_stack/q3_q3-018.sql,PostgreSQL,1620.034970343113,0.000000000000,ok,,,,,,,
STACK,,./workloads/query_stack/q3_q3-040.sql,PostgreSQL,11670.507967472076,0.000000000000,ok,,,,,,,
STACK,,./workloads/query_stack/q3_q3-043.sql,PostgreSQL,1853.586070239544,0.000000000000,ok,,,,,,,
STACK,,./workloads/query_stack/q3_q3-046.sql,PostgreSQL,1039.924465119839,0.000000000000,ok,,,,,,,
STACK,,./workloads/query_stack/q3_q3-066.sql,PostgreSQL,3293.494194746017,0.000000000000,ok,,,,,,,
STACK,,./workloads/query_stack/q3_q3-068.sql,PostgreSQL,1527.367241680622,0.000000000000,ok,,,,,,,
STACK,,./workloads/query_stack/q3_q3-086.sql,PostgreSQL,1456.392139196396,0.000000000000,ok,,,,,,,
STACK,,./workloads/query_stack/q3_q3-099.sql,PostgreSQL,26959.115095436573,0.000000000000,ok,,,,,,,
STACK,,./workloads/query_stack/q4_q4-002.sql,PostgreSQL,216.472424566746,0.000000000000,ok,,,,,,,
STACK,,./workloads/query_stack/q4_q4-026.sql,PostgreSQL,106.605507433414,0.000000000000,ok,,,,,,,
STACK,,./workloads/query_stack/q4_q4-041.sql,PostgreSQL,238.893598318100,0.000000000000,ok,,,,,,,
STACK,,./workloads/query_stack/q4_q4-042.sql,PostgreSQL,92.879049479961,0.000000000000,ok,,,,,,,
STACK,,./workloads/query_stack/q4_q4-064.sql,PostgreSQL,83.009906113148,0.000000000000,ok,,,,,,,
STACK,,./workloads/query_stack/q4_q4-074.sql,PostgreSQL,325.040630996227,0.000000000000,ok,,,,,,,
STACK,,./workloads/query_stack/q4_q4-086.sql,PostgreSQL,131.465181708336,0.000000000000,ok,,,,,,,
STACK,,./workloads/query_stack/q4_q4-089.sql,PostgreSQL,176.207378506660,0.000000000000,ok,,,,,,,
STACK,,./workloads/query_stack/q5_q5-015.sql,PostgreSQL,24.831272661686,0.000000000000,ok,,,,,,,
STACK,,./workloads/query_stack/q5_q5-032.sql,PostgreSQL,41.040681302547,0.000000000000,ok,,,,,,,
STACK,,./workloads/query_stack/q5_q5-041.sql,PostgreSQL,57.526655495167,0.000000000000,ok,,,,,,,
STACK,,./workloads/query_stack/q5_q5-052.sql,PostgreSQL,37.277869880199,0.000000000000,ok,,,,,,,
STACK,,./workloads/query_stack/q5_q5-059.sql,PostgreSQL,51.151245832443,0.000000000000,ok,,,,,,,
STACK,,./workloads/query_stack/q5_q5-077.sql,PostgreSQL,37.616625428200,0.000000000000,ok,,,,,,,
STACK,,./workloads/query_stack/q5_q5-079.sql,PostgreSQL,122.508369386196,0.000000000000,ok,,,,,,,
STACK,,./workloads/query_stack/q5_q5-082.sql,PostgreSQL,63.337974250317,0.000000000000,ok,,,,,,,
STACK,,./workloads/query_stack/q6_q6-002.sql,PostgreSQL,94.753369688988,0.000000000000,ok,,,,,,,
STACK,,./workloads/query_stack/q6_q6-009.sql,PostgreSQL,36.420419812202,0.000000000000,ok,,,,,,,
STACK,,./workloads/query_stack/q6_q6-060.sql,PostgreSQL,108.854278922081,0.000000000000,ok,,,,,,,
STACK,,./workloads/query_stack/q6_q6-064.sql,PostgreSQL,55.231429636478,0.000000000000,ok,,,,,,,
STACK,,./workloads/query_stack/q6_q6-065.sql,PostgreSQL,39.654918015003,0.000000000000,ok,,,,,,,
STACK,,./workloads/query_stack/q6_q6-067.sql,PostgreSQL,39.964772760868,0.000000000000,ok,,,,,,,
STACK,,./workloads/query_stack/q6_q6-069.sql,PostgreSQL,40.823012590408,0.000000000000,ok,,,,,,,
STACK,,./workloads/query_stack/q6_q6-085.sql,PostgreSQL,37.958122789860,0.000000000000,ok,,,,,,,
STACK,,./workloads/query_stack/q7_q7-034.sql,PostgreSQL,7602.097041904926,0.000000000000,ok,,,,,,,
STACK,,./workloads/query_stack/q7_q7-036.sql,PostgreSQL,4312.948644161224,0.000000000000,ok,,,,,,,
STACK,,./workloads/query_stack/q7_q7-047.sql,PostgreSQL,4721.473172307014,0.000000000000,ok,,,,,,,
STACK,,./workloads/query_stack/q7_q7-077.sql,PostgreSQL,4245.826125144958,0.000000000000,ok,,,,,,,
STACK,,./workloads/query_stack/q7_q7-082.sql,PostgreSQL,4327.682591974735,0.000000000000,ok,,,,,,,
STACK,,./workloads/query_stack/q7_q7-085.sql,PostgreSQL,5650.465108454227,0.000000000000,ok,,,,,,,
STACK,,./workloads/query_stack/q7_q7-095.sql,PostgreSQL,5144.637778401375,0.000000000000,ok,,,,,,,
STACK,,./workloads/query_stack/q7_q7-099.sql,PostgreSQL,5233.617044985294,0.000000000000,ok,,,,,,,
STACK,,./workloads/query_stack/q8_q8-006.sql,PostgreSQL,318.770550191402,0.000000000000,ok,,,,,,,
STACK,,./workloads/query_stack/q8_q8-025.sql,PostgreSQL,315.780378878117,0.000000000000,ok,,,,,,,
STACK,,./workloads/query_stack/q8_q8-046.sql,PostgreSQL,297.433465719223,0.000000000000,ok,,,,,,,
STACK,,./workloads/query_stack/q8_q8-062.sql,PostgreSQL,315.331436693668,0.000000000000,ok,,,,,,,
STACK,,./workloads/query_stack/q8_q8-065.sql,PostgreSQL,317.713364958763,0.000000000000,ok,,,,,,,
STACK,,./workloads/query_stack/q8_q8-074.sql,PostgreSQL,306.206822395325,0.000000000000,ok,,,,,,,
STACK,,./workloads/query_stack/q8_q8-076.sql,PostgreSQL,297.207288444042,0.000000000000,ok,,,,,,,
STACK,,./workloads/query_stack/q8_q8-096.sql,PostgreSQL,312.470018863678,0.000000000000,ok,,,,,,,
STACK,a,./workloads/query_stack/q11_0ea8bacd.sql,w/o Plan Topology,276.419788599014,36.464000000000,ok,e349f2f2474df8d4f2d41b1fc06430a33d5c22c90af8234d1126eae004afa1f8,1,True,83356c39de0bc259190f81ad057d6d6a4094441fed328a01a1553411fc8645b9,563ed60297073a9aa74182ed82432dbaa98c3bddb444ded5ea5e16bda3080f38,./results/models/ablation/state/no_plan_topology/stack/random_a/best.pt,"[{""action"":{""high_action"":""stop"",""order_decision"":""only_cost""},""phase"":""high""},{""action"":{""search_k"":1,""search_strategy"":""default""},""phase"":""search""},{""action"":{""execution_action"":""none"",""lip_action"":""none""},""phase"":""low""}]"
STACK,a,./workloads/query_stack/q11_33e1caf2.sql,w/o Plan Topology,147.251181304455,15.347000000000,ok,3b026bf77cd8c853ad726e848876fa9b9d14b214e0fdb060795e5de209531439,1,True,85d560dfb4371d16caa3e29a43aa03dad2aba92b38ff21dfad00ba8e8800b4dc,4e352be9129d7f3065c716ba4538ec431e1d820381cc8b49fa4e8b002b7ff3f1,./results/models/ablation/state/no_plan_topology/stack/random_a/best.pt,"[{""action"":{""high_action"":""split"",""order_decision"":""only_cost""},""phase"":""high""},{""action"":{""candidate_id"":0,""schedule_alpha"":0.5},""phase"":""select""},{""action"":{""search_k"":1,""search_strategy"":""default""},""phase"":""search""},{""action"":{""execution_action"":""none"",""lip_action"":""none""},""phase"":""low""},{""action"":{""high_action"":""split"",""order_decision"":""only_cost""},""phase"":""high""},{""action"":{""candidate_id"":1,""schedule_alpha"":0.5},""phase"":""select""},{""action"":{""search_k"":1,""search_strategy"":""default""},""phase"":""search""},{""action"":{""execution_action"":""none"",""lip_action"":""none""},""phase"":""low""},{""action"":{""high_action"":""stop"",""order_decision"":""only_cost""},""phase"":""high""},{""action"":{""search_k"":1,""search_strategy"":""default""},""phase"":""search""},{""action"":{""execution_action"":""none"",""lip_action"":""none""},""phase"":""low""}]"
STACK,a,./workloads/query_stack/q11_6c5cba41.sql,w/o Plan Topology,263.266086578369,18.272000000000,ok,9ee7ec0e2d68030c0bea45ce77084e1189b45131e00caed35c89c85b8c97506b,1,True,3afac4ae83050ce6a5bda87980920f7e4540ebce4a9028298a21507d9c7a7837,51cf209f2b9bce9f8c003214d2a8ba165154d190ed0b174e7412a2bd9e7bf966,./results/models/ablation/state/no_plan_topology/stack/random_a/best.pt,"[{""action"":{""high_action"":""split"",""order_decision"":""only_cost""},""phase"":""high""},{""action"":{""candidate_id"":0,""schedule_alpha"":0.5},""phase"":""select""},{""action"":{""search_k"":1,""search_strategy"":""default""},""phase"":""search""},{""action"":{""execution_action"":""none"",""lip_action"":""none""},""phase"":""low""},{""action"":{""high_action"":""split"",""order_decision"":""only_cost""},""phase"":""high""},{""action"":{""candidate_id"":1,""schedule_alpha"":0.5},""phase"":""select""},{""action"":{""search_k"":1,""search_strategy"":""default""},""phase"":""search""},{""action"":{""execution_action"":""none"",""lip_action"":""none""},""phase"":""low""},{""action"":{""high_action"":""stop"",""order_decision"":""only_cost""},""phase"":""high""},{""action"":{""search_k"":1,""search_strategy"":""default""},""phase"":""search""},{""action"":{""execution_action"":""none"",""lip_action"":""none""},""phase"":""low""}]"
STACK,a,./workloads/query_stack/q11_9389f588.sql,w/o Plan Topology,146.520942449570,36.259000000000,ok,e8807f4432a7632fddcc1e5456323b9a012fd4239fe6350e77c649c813f56d17,1,True,f1e1f6334193e53a1f58070a66adc36ee8593d575ace1bb2408dda967e08509c,6d7106811db3cba74e97accc094bd2c071f5e4d257d5c61d6a244416d21a401b,./results/models/ablation/state/no_plan_topology/stack/random_a/best.pt,"[{""action"":{""high_action"":""stop"",""order_decision"":""only_cost""},""phase"":""high""},{""action"":{""search_k"":1,""search_strategy"":""default""},""phase"":""search""},{""action"":{""execution_action"":""none"",""lip_action"":""none""},""phase"":""low""}]"
STACK,a,./workloads/query_stack/q11_aa96c8d7.sql,w/o Plan Topology,107.257843017578,19.069000000000,ok,70ae26643f4cb8280cc3f8568d58c9dcaae9ff78c7eb39886df79116206a91ef,1,True,c731fb72b1be333c5ebc138b4cea34c8118fc129d5d74fa96fa02a947593788e,b5ebe45f891f1426ee8e8a1ad4027c9f2a25581950e981b72ce4c64d21fa00d5,./results/models/ablation/state/no_plan_topology/stack/random_a/best.pt,"[{""action"":{""high_action"":""split"",""order_decision"":""only_cost""},""phase"":""high""},{""action"":{""candidate_id"":0,""schedule_alpha"":0.5},""phase"":""select""},{""action"":{""search_k"":1,""search_strategy"":""default""},""phase"":""search""},{""action"":{""execution_action"":""none"",""lip_action"":""none""},""phase"":""low""},{""action"":{""high_action"":""split"",""order_decision"":""only_cost""},""phase"":""high""},{""action"":{""candidate_id"":1,""schedule_alpha"":0.5},""phase"":""select""},{""action"":{""search_k"":1,""search_strategy"":""default""},""phase"":""search""},{""action"":{""execution_action"":""none"",""lip_action"":""none""},""phase"":""low""},{""action"":{""high_action"":""stop"",""order_decision"":""only_cost""},""phase"":""high""},{""action"":{""search_k"":1,""search_strategy"":""default""},""phase"":""search""},{""action"":{""execution_action"":""none"",""lip_action"":""none""},""phase"":""low""}]"
STACK,a,./workloads/query_stack/q12_07007205.sql,w/o Plan Topology,572.355121374130,33.861000000000,ok,05bb5f175f4179b1313858f14bd4a26881b1d78c7677e41a72949d750e389322,14,True,a98b761873c618381f4171abd054168280960021accca4df0b6cd3a7c3407e05,5e0bb322a5dd615f1e0301f44b3a686f41ddc60915a7192c63125fc34fa5f314,./results/models/ablation/state/no_plan_topology/stack/random_a/best.pt,"[{""action"":{""high_action"":""split"",""order_decision"":""only_cost""},""phase"":""high""},{""action"":{""candidate_id"":3,""schedule_alpha"":0.5},""phase"":""select""},{""action"":{""search_k"":1,""search_strategy"":""default""},""phase"":""search""},{""action"":{""execution_action"":""none"",""lip_action"":""none""},""phase"":""low""},{""action"":{""high_action"":""split"",""order_decision"":""only_cost""},""phase"":""high""},{""action"":{""candidate_id"":3,""schedule_alpha"":0.5},""phase"":""select""},{""action"":{""search_k"":1,""search_strategy"":""default""},""phase"":""search""},{""action"":{""execution_action"":""none"",""lip_action"":""none""},""phase"":""low""},{""action"":{""high_action"":""split"",""order_decision"":""only_cost""},""phase"":""high""},{""action"":{""candidate_id"":1,""schedule_alpha"":0.5},""phase"":""select""},{""action"":{""search_k"":1,""search_strategy"":""default""},""phase"":""search""},{""action"":{""execution_action"":""none"",""lip_action"":""none""},""phase"":""low""},{""action"":{""high_action"":""split"",""order_decision"":""only_cost""},""phase"":""high""},{""action"":{""candidate_id"":0,""schedule_alpha"":0.5},""phase"":""select""},{""action"":{""search_k"":1,""search_strategy"":""default""},""phase"":""search""},{""action"":{""execution_action"":""none"",""lip_action"":""none""},""phase"":""low""},{""action"":{""high_action"":""stop"",""order_decision"":""only_cost""},""phase"":""high""},{""action"":{""search_k"":1,""search_strategy"":""default""},""phase"":""search""},{""action"":{""execution_action"":""none"",""lip_action"":""none""},""phase"":""low""}]"
STACK,a,./workloads/query_stack/q12_76a47868.sql,w/o Plan Topology,1145.986713469028,32.834000000000,ok,76e0efdb7c612efc084cab472853036e7af7c3f44b6fa0ac900f855a4d23837f,11,True,d376b49a0dc840dcd2e8097adc514cdeb1984a0acc5e0b178692496ccd87ba70,826a8a3f8c83ff8b08514032e9ddab86006fad1fb2cc3ea77f32acf081f4ea22,./results/models/ablation/state/no_plan_topology/stack/random_a/best.pt,"[{""action"":{""high_action"":""split"",""order_decision"":""only_cost""},""phase"":""high""},{""action"":{""candidate_id"":3,""schedule_alpha"":0.5},""phase"":""select""},{""action"":{""search_k"":1,""search_strategy"":""default""},""phase"":""search""},{""action"":{""execution_action"":""none"",""lip_action"":""none""},""phase"":""low""},{""action"":{""high_action"":""split"",""order_decision"":""only_cost""},""phase"":""high""},{""action"":{""candidate_id"":3,""schedule_alpha"":0.5},""phase"":""select""},{""action"":{""search_k"":1,""search_strategy"":""default""},""phase"":""search""},{""action"":{""execution_action"":""none"",""lip_action"":""none""},""phase"":""low""},{""action"":{""high_action"":""split"",""order_decision"":""only_cost""},""phase"":""high""},{""action"":{""candidate_id"":1,""schedule_alpha"":0.5},""phase"":""select""},{""action"":{""search_k"":1,""search_strategy"":""default""},""phase"":""search""},{""action"":{""execution_action"":""none"",""lip_action"":""none""},""phase"":""low""},{""action"":{""high_action"":""split"",""order_decision"":""only_cost""},""phase"":""high""},{""action"":{""candidate_id"":1,""schedule_alpha"":0.5},""phase"":""select""},{""action"":{""search_k"":1,""search_strategy"":""default""},""phase"":""search""},{""action"":{""execution_action"":""none"",""lip_action"":""none""},""phase"":""low""},{""action"":{""high_action"":""stop"",""order_decision"":""only_cost""},""phase"":""high""},{""action"":{""search_k"":1,""search_strategy"":""default""},""phase"":""search""},{""action"":{""execution_action"":""none"",""lip_action"":""none""},""phase"":""low""}]"
STACK,a,./workloads/query_stack/q13_13ad1b8c.sql,w/o Plan Topology,554.905682802200,41.822000000000,ok,c27e557d38a3ef5f28a4686010fdcac1b4188a62c69d9bf8b73de7b6e1e1f667,100,True,054ac8d32922110550170b05dc2610a723c142df3c277fe25c2b408fee64c153,6463bb2d517b33fd9b0fcca5efe946f2d12f720e8bca15d2d62524f9c95b7553,./results/models/ablation/state/no_plan_topology/stack/random_a/best.pt,"[{""action"":{""high_action"":""split"",""order_decision"":""only_cost""},""phase"":""high""},{""action"":{""candidate_id"":3,""schedule_alpha"":0.5},""phase"":""select""},{""action"":{""search_k"":1,""search_strategy"":""default""},""phase"":""search""},{""action"":{""execution_action"":""none"",""lip_action"":""none""},""phase"":""low""},{""action"":{""high_action"":""split"",""order_decision"":""only_cost""},""phase"":""high""},{""action"":{""candidate_id"":3,""schedule_alpha"":0.5},""phase"":""select""},{""action"":{""search_k"":1,""search_strategy"":""default""},""phase"":""search""},{""action"":{""execution_action"":""none"",""lip_action"":""none""},""phase"":""low""},{""action"":{""high_action"":""split"",""order_decision"":""only_cost""},""phase"":""high""},{""action"":{""candidate_id"":1,""schedule_alpha"":0.5},""phase"":""select""},{""action"":{""search_k"":1,""search_strategy"":""default""},""phase"":""search""},{""action"":{""execution_action"":""none"",""lip_action"":""none""},""phase"":""low""},{""action"":{""high_action"":""split"",""order_decision"":""only_cost""},""phase"":""high""},{""action"":{""candidate_id"":1,""schedule_alpha"":0.5},""phase"":""select""},{""action"":{""search_k"":1,""search_strategy"":""default""},""phase"":""search""},{""action"":{""execution_action"":""none"",""lip_action"":""none""},""phase"":""low""},{""action"":{""high_action"":""split"",""order_decision"":""only_cost""},""phase"":""high""},{""action"":{""candidate_id"":0,""schedule_alpha"":0.5},""phase"":""select""},{""action"":{""search_k"":1,""search_strategy"":""default""},""phase"":""search""},{""action"":{""execution_action"":""none"",""lip_action"":""none""},""phase"":""low""},{""action"":{""high_action"":""stop"",""order_decision"":""only_cost""},""phase"":""high""},{""action"":{""search_k"":1,""search_strategy"":""default""},""phase"":""search""},{""action"":{""execution_action"":""none"",""lip_action"":""none""},""phase"":""low""}]"
STACK,a,./workloads/query_stack/q13_1ddcc865.sql,w/o Plan Topology,3725.948259234428,41.690000000000,ok,f04db08ffdd7b2d34c537b80c529d5ee4655c478bf55b6b443cda2c29fe8c485,100,True,4d16929c05a6e7dbe421e031d13410bad264be3162be63cb93c5e33d72b8cef7,f45a497f37961464d07c388ca7eab269fa2a18bd42d168c1712f7396b77cb766,./results/models/ablation/state/no_plan_topology/stack/random_a/best.pt,"[{""action"":{""high_action"":""split"",""order_decision"":""only_cost""},""phase"":""high""},{""action"":{""candidate_id"":3,""schedule_alpha"":0.5},""phase"":""select""},{""action"":{""search_k"":1,""search_strategy"":""default""},""phase"":""search""},{""action"":{""execution_action"":""none"",""lip_action"":""none""},""phase"":""low""},{""action"":{""high_action"":""split"",""order_decision"":""only_cost""},""phase"":""high""},{""action"":{""candidate_id"":3,""schedule_alpha"":0.5},""phase"":""select""},{""action"":{""search_k"":1,""search_strategy"":""default""},""phase"":""search""},{""action"":{""execution_action"":""none"",""lip_action"":""none""},""phase"":""low""},{""action"":{""high_action"":""split"",""order_decision"":""only_cost""},""phase"":""high""},{""action"":{""candidate_id"":1,""schedule_alpha"":0.5},""phase"":""select""},{""action"":{""search_k"":1,""search_strategy"":""default""},""phase"":""search""},{""action"":{""execution_action"":""none"",""lip_action"":""none""},""phase"":""low""},{""action"":{""high_action"":""split"",""order_decision"":""only_cost""},""phase"":""high""},{""action"":{""candidate_id"":1,""schedule_alpha"":0.5},""phase"":""select""},{""action"":{""search_k"":1,""search_strategy"":""default""},""phase"":""search""},{""action"":{""execution_action"":""none"",""lip_action"":""none""},""phase"":""low""},{""action"":{""high_action"":""split"",""order_decision"":""only_cost""},""phase"":""high""},{""action"":{""candidate_id"":0,""schedule_alpha"":0.5},""phase"":""select""},{""action"":{""search_k"":1,""search_strategy"":""default""},""phase"":""search""},{""action"":{""execution_action"":""none"",""lip_action"":""none""},""phase"":""low""},{""action"":{""high_action"":""stop"",""order_decision"":""only_cost""},""phase"":""high""},{""action"":{""search_k"":1,""search_strategy"":""default""},""phase"":""search""},{""action"":{""execution_action"":""none"",""lip_action"":""none""},""phase"":""low""}]"
STACK,a,./workloads/query_stack/q13_add0df9d.sql,w/o Plan Topology,923.336304724216,41.646000000000,ok,4daad1f8d536afd5e4a011cf36f5007c65521f947b5b789682c59e292db70bb8,100,True,d164a8a158bde80fa8dc5e1350ba11deed3aa780d9b6450868dacd74e6b80a2a,eb20838b081f889a8b7c4c1ec491f503cc4e4534d9163b0f3ef1a8b268116ab8,./results/models/ablation/state/no_plan_topology/stack/random_a/best.pt,"[{""action"":{""high_action"":""split"",""order_decision"":""only_cost""},""phase"":""high""},{""action"":{""candidate_id"":3,""schedule_alpha"":0.5},""phase"":""select""},{""action"":{""search_k"":1,""search_strategy"":""default""},""phase"":""search""},{""action"":{""execution_action"":""none"",""lip_action"":""none""},""phase"":""low""},{""action"":{""high_action"":""split"",""order_decision"":""only_cost""},""phase"":""high""},{""action"":{""candidate_id"":3,""schedule_alpha"":0.5},""phase"":""select""},{""action"":{""search_k"":1,""search_strategy"":""default""},""phase"":""search""},{""action"":{""execution_action"":""none"",""lip_action"":""none""},""phase"":""low""},{""action"":{""high_action"":""split"",""order_decision"":""only_cost""},""phase"":""high""},{""action"":{""candidate_id"":1,""schedule_alpha"":0.5},""phase"":""select""},{""action"":{""search_k"":1,""search_strategy"":""default""},""phase"":""search""},{""action"":{""execution_action"":""none"",""lip_action"":""none""},""phase"":""low""},{""action"":{""high_action"":""split"",""order_decision"":""only_cost""},""phase"":""high""},{""action"":{""candidate_id"":1,""schedule_alpha"":0.5},""phase"":""select""},{""action"":{""search_k"":1,""search_strategy"":""default""},""phase"":""search""},{""action"":{""execution_action"":""none"",""lip_action"":""none""},""phase"":""low""},{""action"":{""high_action"":""split"",""order_decision"":""only_cost""},""phase"":""high""},{""action"":{""candidate_id"":0,""schedule_alpha"":0.5},""phase"":""select""},{""action"":{""search_k"":1,""search_strategy"":""default""},""phase"":""search""},{""action"":{""execution_action"":""none"",""lip_action"":""none""},""phase"":""low""},{""action"":{""high_action"":""stop"",""order_decision"":""only_cost""},""phase"":""high""},{""action"":{""search_k"":1,""search_strategy"":""default""},""phase"":""search""},{""action"":{""execution_action"":""none"",""lip_action"":""none""},""phase"":""low""}]"
STACK,a,./workloads/query_stack/q14_5e4835cd.sql,w/o Plan Topology,505.149312317371,40.173000000000,ok,14127c168564cfe475a814f6f226c7b1548e036eee949d874aba3fd90031c613,1,True,4a78010f260da053ebf7713a111093d99c4ccd7c1fdc9f7fd0557c75593de62e,eed60dc66ed21789fcff6bafdfacc709426192056a3b69e95949420ad4716ed8,./results/models/ablation/state/no_plan_topology/stack/random_a/best.pt,"[{""action"":{""high_action"":""split"",""order_decision"":""only_cost""},""phase"":""high""},{""action"":{""candidate_id"":3,""schedule_alpha"":0.5},""phase"":""select""},{""action"":{""search_k"":1,""search_strategy"":""default""},""phase"":""search""},{""action"":{""execution_action"":""none"",""lip_action"":""none""},""phase"":""low""},{""action"":{""high_action"":""split"",""order_decision"":""only_cost""},""phase"":""high""},{""action"":{""candidate_id"":3,""schedule_alpha"":0.5},""phase"":""select""},{""action"":{""search_k"":1,""search_strategy"":""default""},""phase"":""search""},{""action"":{""execution_action"":""none"",""lip_action"":""none""},""phase"":""low""},{""action"":{""high_action"":""split"",""order_decision"":""only_cost""},""phase"":""high""},{""action"":{""candidate_id"":1,""schedule_alpha"":0.5},""phase"":""select""},{""action"":{""search_k"":1,""search_strategy"":""default""},""phase"":""search""},{""action"":{""execution_action"":""none"",""lip_action"":""none""},""phase"":""low""},{""action"":{""high_action"":""split"",""order_decision"":""only_cost""},""phase"":""high""},{""action"":{""candidate_id"":1,""schedule_alpha"":0.5},""phase"":""select""},{""action"":{""search_k"":1,""search_strategy"":""default""},""phase"":""search""},{""action"":{""execution_action"":""none"",""lip_action"":""none""},""phase"":""low""},{""action"":{""high_action"":""split"",""order_decision"":""only_cost""},""phase"":""high""},{""action"":{""candidate_id"":0,""schedule_alpha"":0.5},""phase"":""select""},{""action"":{""search_k"":1,""search_strategy"":""default""},""phase"":""search""},{""action"":{""execution_action"":""none"",""lip_action"":""none""},""phase"":""low""},{""action"":{""high_action"":""stop"",""order_decision"":""only_cost""},""phase"":""high""},{""action"":{""search_k"":1,""search_strategy"":""default""},""phase"":""search""},{""action"":{""execution_action"":""none"",""lip_action"":""none""},""phase"":""low""}]"
STACK,a,./workloads/query_stack/q14_63c0776f.sql,w/o Plan Topology,340.786024928093,39.557000000000,ok,65419f1249c055759a971aeb710eb11b18f9baff0adab7df6bd23e65e14f1aa7,1,True,0fb9ffcc7fe26e447d7d6a635915c4f0669be138e2335bfb5eccd9f6a069062e,7306b3ad722a70ef43b730db759ddc9bf65aca9c5fc5d8011825606d646ab07d,./results/models/ablation/state/no_plan_topology/stack/random_a/best.pt,"[{""action"":{""high_action"":""split"",""order_decision"":""only_cost""},""phase"":""high""},{""action"":{""candidate_id"":3,""schedule_alpha"":0.5},""phase"":""select""},{""action"":{""search_k"":1,""search_strategy"":""default""},""phase"":""search""},{""action"":{""execution_action"":""none"",""lip_action"":""none""},""phase"":""low""},{""action"":{""high_action"":""split"",""order_decision"":""only_cost""},""phase"":""high""},{""action"":{""candidate_id"":3,""schedule_alpha"":0.5},""phase"":""select""},{""action"":{""search_k"":1,""search_strategy"":""default""},""phase"":""search""},{""action"":{""execution_action"":""none"",""lip_action"":""none""},""phase"":""low""},{""action"":{""high_action"":""split"",""order_decision"":""only_cost""},""phase"":""high""},{""action"":{""candidate_id"":1,""schedule_alpha"":0.5},""phase"":""select""},{""action"":{""search_k"":1,""search_strategy"":""default""},""phase"":""search""},{""action"":{""execution_action"":""none"",""lip_action"":""none""},""phase"":""low""},{""action"":{""high_action"":""split"",""order_decision"":""only_cost""},""phase"":""high""},{""action"":{""candidate_id"":1,""schedule_alpha"":0.5},""phase"":""select""},{""action"":{""search_k"":1,""search_strategy"":""default""},""phase"":""search""},{""action"":{""execution_action"":""none"",""lip_action"":""none""},""phase"":""low""},{""action"":{""high_action"":""split"",""order_decision"":""only_cost""},""phase"":""high""},{""action"":{""candidate_id"":0,""schedule_alpha"":0.5},""phase"":""select""},{""action"":{""search_k"":1,""search_strategy"":""default""},""phase"":""search""},{""action"":{""execution_action"":""none"",""lip_action"":""none""},""phase"":""low""},{""action"":{""high_action"":""stop"",""order_decision"":""only_cost""},""phase"":""high""},{""action"":{""search_k"":1,""search_strategy"":""default""},""phase"":""search""},{""action"":{""execution_action"":""none"",""lip_action"":""none""},""phase"":""low""}]"
STACK,a,./workloads/query_stack/q15_3e37e626.sql,w/o Plan Topology,650.038182735443,27.289000000000,ok,23394de368e19ac28a4f7d6417b11ebabbe2b953543d04a019e20db4f7330805,43,True,8c952a3b694ee657401255abb9589ecb9ea13123ee2f2b564929319ddfb728bc,adbe1777e793c5dbcabf4deb923921a2b5f10c98978f2889717aaff4d2f8d26f,./results/models/ablation/state/no_plan_topology/stack/random_a/best.pt,"[{""action"":{""high_action"":""split"",""order_decision"":""only_cost""},""phase"":""high""},{""action"":{""candidate_id"":1,""schedule_alpha"":0.5},""phase"":""select""},{""action"":{""search_k"":1,""search_strategy"":""default""},""phase"":""search""},{""action"":{""execution_action"":""none"",""lip_action"":""none""},""phase"":""low""},{""action"":{""high_action"":""split"",""order_decision"":""only_cost""},""phase"":""high""},{""action"":{""candidate_id"":1,""schedule_alpha"":0.5},""phase"":""select""},{""action"":{""search_k"":1,""search_strategy"":""default""},""phase"":""search""},{""action"":{""execution_action"":""none"",""lip_action"":""none""},""phase"":""low""},{""action"":{""high_action"":""split"",""order_decision"":""only_cost""},""phase"":""high""},{""action"":{""candidate_id"":0,""schedule_alpha"":0.5},""phase"":""select""},{""action"":{""search_k"":1,""search_strategy"":""default""},""phase"":""search""},{""action"":{""execution_action"":""none"",""lip_action"":""none""},""phase"":""low""},{""action"":{""high_action"":""stop"",""order_decision"":""only_cost""},""phase"":""high""},{""action"":{""search_k"":1,""search_strategy"":""default""},""phase"":""search""},{""action"":{""execution_action"":""none"",""lip_action"":""none""},""phase"":""low""}]"
STACK,a,./workloads/query_stack/q15_d5546c01.sql,w/o Plan Topology,107.023291289806,26.414000000000,ok,39f37f8d1931b3bdf767e7510dd69509fbf23af1f7654933d0a4d291cbdd4418,0,True,395302ebec67dd17302ff8990bc641d13678a7341db5b6071c7a39a0cd9443b7,c97ecff8e2bc93a1f6816afcdb89c78a12fe578f2ca9f37edd5ee5871e2122ae,./results/models/ablation/state/no_plan_topology/stack/random_a/best.pt,"[{""action"":{""high_action"":""split"",""order_decision"":""only_cost""},""phase"":""high""},{""action"":{""candidate_id"":1,""schedule_alpha"":0.5},""phase"":""select""},{""action"":{""search_k"":1,""search_strategy"":""default""},""phase"":""search""},{""action"":{""execution_action"":""none"",""lip_action"":""none""},""phase"":""low""},{""action"":{""high_action"":""split"",""order_decision"":""only_cost""},""phase"":""high""},{""action"":{""candidate_id"":1,""schedule_alpha"":0.5},""phase"":""select""},{""action"":{""search_k"":1,""search_strategy"":""default""},""phase"":""search""},{""action"":{""execution_action"":""none"",""lip_action"":""none""},""phase"":""low""},{""action"":{""high_action"":""split"",""order_decision"":""only_cost""},""phase"":""high""},{""action"":{""candidate_id"":0,""schedule_alpha"":0.5},""phase"":""select""},{""action"":{""search_k"":1,""search_strategy"":""default""},""phase"":""search""},{""action"":{""execution_action"":""none"",""lip_action"":""none""},""phase"":""low""},{""action"":{""high_action"":""stop"",""order_decision"":""only_cost""},""phase"":""high""},{""action"":{""search_k"":1,""search_strategy"":""default""},""phase"":""search""},{""action"":{""execution_action"":""none"",""lip_action"":""none""},""phase"":""low""}]"
STACK,a,./workloads/query_stack/q1_q1-009.sql,w/o Plan Topology,66.872887313366,52.072000000000,ok,c17f9563e35b1d3affbba9d589f0939444dd322b179133e04b468e4c071e85cb,1,True,f6e0bfe5c2903e6a2545e0f16515dea9e3de107e9926dca5844a03da2394dd41,e7c22830f79d0da08b0e790690f5879258222db8018c11be2caf98bc9d2ddd58,./results/models/ablation/state/no_plan_topology/stack/random_a/best.pt,"[{""action"":{""high_action"":""stop"",""order_decision"":""only_cost""},""phase"":""high""},{""action"":{""search_k"":1,""search_strategy"":""default""},""phase"":""search""},{""action"":{""execution_action"":""none"",""lip_action"":""none""},""phase"":""low""}]"
STACK,a,./workloads/query_stack/q1_q1-075.sql,w/o Plan Topology,194.359093904495,30.150000000000,ok,806ab1e6dc9ec99abde1ddb9090f84d77cca8c86224442c3ccbc840127773c20,1,True,bc1aaeaeb2dbb8d6b805069b21c2cdbd57a311dd1374b357853e718a1abff4e5,391b0c06c6b62c170de92170286ed06e28baba99aa7d2f92332cf46ef2852345,./results/models/ablation/state/no_plan_topology/stack/random_a/best.pt,"[{""action"":{""high_action"":""stop"",""order_decision"":""only_cost""},""phase"":""high""},{""action"":{""search_k"":1,""search_strategy"":""default""},""phase"":""search""},{""action"":{""execution_action"":""none"",""lip_action"":""none""},""phase"":""low""}]"
STACK,a,./workloads/query_stack/q2_q2-012.sql,w/o Plan Topology,1147.398397326469,124.525000000000,ok,0c72a996aff17d5cf2385808714691e03eeae078feb603727bd285ed83162d82,42,True,bc6f481a2ea378d5dd49efdfebfb47a62ffab1087967ac87b38cda6eedaf17c4,0844c22d8b150e87a20a75fe96a26c8aafb980c17253f383c4ec96574a9ed738,./results/models/ablation/state/no_plan_topology/stack/random_a/best.pt,"[{""action"":{""high_action"":""split"",""order_decision"":""only_cost""},""phase"":""high""},{""action"":{""candidate_id"":0,""schedule_alpha"":0.5},""phase"":""select""},{""action"":{""search_k"":1,""search_strategy"":""default""},""phase"":""search""},{""action"":{""execution_action"":""none"",""lip_action"":""none""},""phase"":""low""},{""action"":{""high_action"":""split"",""order_decision"":""only_cost""},""phase"":""high""},{""action"":{""candidate_id"":3,""schedule_alpha"":0.5},""phase"":""select""},{""action"":{""search_k"":1,""search_strategy"":""default""},""phase"":""search""},{""action"":{""execution_action"":""none"",""lip_action"":""none""},""phase"":""low""},{""action"":{""high_action"":""split"",""order_decision"":""only_cost""},""phase"":""high""},{""action"":{""candidate_id"":1,""schedule_alpha"":0.5},""phase"":""select""},{""action"":{""search_k"":1,""search_strategy"":""default""},""phase"":""search""},{""action"":{""execution_action"":""none"",""lip_action"":""none""},""phase"":""low""},{""action"":{""high_action"":""split"",""order_decision"":""only_cost""},""phase"":""high""},{""action"":{""candidate_id"":3,""schedule_alpha"":0.5},""phase"":""select""},{""action"":{""search_k"":1,""search_strategy"":""default""},""phase"":""search""},{""action"":{""execution_action"":""none"",""lip_action"":""none""},""phase"":""low""},{""action"":{""high_action"":""split"",""order_decision"":""only_cost""},""phase"":""high""},{""action"":{""candidate_id"":0,""schedule_alpha"":0.5},""phase"":""select""},{""action"":{""search_k"":1,""search_strategy"":""default""},""phase"":""search""},{""action"":{""execution_action"":""none"",""lip_action"":""none""},""phase"":""low""},{""action"":{""high_action"":""split"",""order_decision"":""only_cost""},""phase"":""high""},{""action"":{""candidate_id"":0,""schedule_alpha"":0.5},""phase"":""select""},{""action"":{""search_k"":1,""search_strategy"":""default""},""phase"":""search""},{""action"":{""execution_action"":""none"",""lip_action"":""none""},""phase"":""low""},{""action"":{""high_action"":""split"",""order_decision"":""only_cost""},""phase"":""high""},{""action"":{""candidate_id"":1,""schedule_alpha"":0.5},""phase"":""select""},{""action"":{""search_k"":1,""search_strategy"":""default""},""phase"":""search""},{""action"":{""execution_action"":""none"",""lip_action"":""none""},""phase"":""low""},{""action"":{""high_action"":""stop"",""order_decision"":""only_cost""},""phase"":""high""},{""action"":{""search_k"":1,""search_strategy"":""default""},""phase"":""search""},{""action"":{""execution_action"":""conservative"",""lip_action"":""none""},""phase"":""low""}]"
STACK,a,./workloads/query_stack/q2_q2-032.sql,w/o Plan Topology,754.938140511513,141.193000000000,ok,216acde5b813524d45ac581fa2f7d38ac46b42e538ec967f54400b57065d6c7d,64,True,4f2f2b16e9b1f87a5864e82af5cb115fe71f74bd1c8a6c9e1cb5029ad09f3df6,8b8cf86a025a995f5ff26082720b3e8866eb4c9663e88400534daab5e91c5b9f,./results/models/ablation/state/no_plan_topology/stack/random_a/best.pt,"[{""action"":{""high_action"":""split"",""order_decision"":""only_cost""},""phase"":""high""},{""action"":{""candidate_id"":0,""schedule_alpha"":0.5},""phase"":""select""},{""action"":{""search_k"":1,""search_strategy"":""default""},""phase"":""search""},{""action"":{""execution_action"":""none"",""lip_action"":""none""},""phase"":""low""},{""action"":{""high_action"":""split"",""order_decision"":""only_cost""},""phase"":""high""},{""action"":{""candidate_id"":3,""schedule_alpha"":0.5},""phase"":""select""},{""action"":{""search_k"":1,""search_strategy"":""default""},""phase"":""search""},{""action"":{""execution_action"":""none"",""lip_action"":""none""},""phase"":""low""},{""action"":{""high_action"":""split"",""order_decision"":""only_cost""},""phase"":""high""},{""action"":{""candidate_id"":1,""schedule_alpha"":0.5},""phase"":""select""},{""action"":{""search_k"":1,""search_strategy"":""default""},""phase"":""search""},{""action"":{""execution_action"":""none"",""lip_action"":""none""},""phase"":""low""},{""action"":{""high_action"":""split"",""order_decision"":""only_cost""},""phase"":""high""},{""action"":{""candidate_id"":3,""schedule_alpha"":0.5},""phase"":""select""},{""action"":{""search_k"":1,""search_strategy"":""default""},""phase"":""search""},{""action"":{""execution_action"":""none"",""lip_action"":""none""},""phase"":""low""},{""action"":{""high_action"":""split"",""order_decision"":""only_cost""},""phase"":""high""},{""action"":{""candidate_id"":0,""schedule_alpha"":0.5},""phase"":""select""},{""action"":{""search_k"":1,""search_strategy"":""default""},""phase"":""search""},{""action"":{""execution_action"":""none"",""lip_action"":""none""},""phase"":""low""},{""action"":{""high_action"":""split"",""order_decision"":""only_cost""},""phase"":""high""},{""action"":{""candidate_id"":1,""schedule_alpha"":0.5},""phase"":""select""},{""action"":{""search_k"":1,""search_strategy"":""default""},""phase"":""search""},{""action"":{""execution_action"":""none"",""lip_action"":""none""},""phase"":""low""},{""action"":{""high_action"":""stop"",""order_decision"":""only_cost""},""phase"":""high""},{""action"":{""search_k"":1,""search_strategy"":""default""},""phase"":""search""},{""action"":{""execution_action"":""conservative"",""lip_action"":""none""},""phase"":""low""}]"
STACK,a,./workloads/query_stack/q2_q2-035.sql,w/o Plan Topology,1288.078337907791,46.954000000000,ok,7dde5286d3a49e885c56ee37d42b39b5355f4bfe86288386030d4a14652eff42,260,True,a1fc04c96459a7df56ec4ed7ce6102a2536651fffb6cdde50ff6c38abd6fd273,966e4f83bc3e4ad3599c0cf982122abc6b07d305ddff45cacec726910857a6f9,./results/models/ablation/state/no_plan_topology/stack/random_a/best.pt,"[{""action"":{""high_action"":""split"",""order_decision"":""only_cost""},""phase"":""high""},{""action"":{""candidate_id"":0,""schedule_alpha"":0.5},""phase"":""select""},{""action"":{""search_k"":1,""search_strategy"":""default""},""phase"":""search""},{""action"":{""execution_action"":""none"",""lip_action"":""none""},""phase"":""low""},{""action"":{""high_action"":""split"",""order_decision"":""only_cost""},""phase"":""high""},{""action"":{""candidate_id"":3,""schedule_alpha"":0.5},""phase"":""select""},{""action"":{""search_k"":1,""search_strategy"":""default""},""phase"":""search""},{""action"":{""execution_action"":""none"",""lip_action"":""none""},""phase"":""low""},{""action"":{""high_action"":""split"",""order_decision"":""only_cost""},""phase"":""high""},{""action"":{""candidate_id"":1,""schedule_alpha"":0.5},""phase"":""select""},{""action"":{""search_k"":1,""search_strategy"":""default""},""phase"":""search""},{""action"":{""execution_action"":""none"",""lip_action"":""none""},""phase"":""low""},{""action"":{""high_action"":""split"",""order_decision"":""only_cost""},""phase"":""high""},{""action"":{""candidate_id"":3,""schedule_alpha"":0.5},""phase"":""select""},{""action"":{""search_k"":1,""search_strategy"":""default""},""phase"":""search""},{""action"":{""execution_action"":""none"",""lip_action"":""none""},""phase"":""low""},{""action"":{""high_action"":""split"",""order_decision"":""only_cost""},""phase"":""high""},{""action"":{""candidate_id"":2,""schedule_alpha"":0.5},""phase"":""select""},{""action"":{""search_k"":1,""search_strategy"":""default""},""phase"":""search""},{""action"":{""execution_action"":""none"",""lip_action"":""none""},""phase"":""low""},{""action"":{""high_action"":""split"",""order_decision"":""only_cost""},""phase"":""high""},{""action"":{""candidate_id"":1,""schedule_alpha"":0.5},""phase"":""select""},{""action"":{""search_k"":1,""search_strategy"":""default""},""phase"":""search""},{""action"":{""execution_action"":""none"",""lip_action"":""none""},""phase"":""low""},{""action"":{""high_action"":""stop"",""order_decision"":""only_cost""},""phase"":""high""},{""action"":{""search_k"":1,""search_strategy"":""default""},""phase"":""search""},{""action"":{""execution_action"":""none"",""lip_action"":""none""},""phase"":""low""}]"
STACK,a,./workloads/query_stack/q2_q2-050.sql,w/o Plan Topology,899.749904870987,48.899000000000,ok,1e27f384fa81958d1078acb4bc8cbe0ad028ba630444fbf5b11bc7b9a721c652,5,True,2e9097e05fd53a5526addb96be403ac540139589a0334b6c5ec44271cb2c2b50,25108b04fbde6bede2673ec497a876f52cd7e6d676c87de3895403ab51b8f81f,./results/models/ablation/state/no_plan_topology/stack/random_a/best.pt,"[{""action"":{""high_action"":""split"",""order_decision"":""only_cost""},""phase"":""high""},{""action"":{""candidate_id"":0,""schedule_alpha"":0.5},""phase"":""select""},{""action"":{""search_k"":1,""search_strategy"":""default""},""phase"":""search""},{""action"":{""execution_action"":""none"",""lip_action"":""none""},""phase"":""low""},{""action"":{""high_action"":""split"",""order_decision"":""only_cost""},""phase"":""high""},{""action"":{""candidate_id"":3,""schedule_alpha"":0.5},""phase"":""select""},{""action"":{""search_k"":1,""search_strategy"":""default""},""phase"":""search""},{""action"":{""execution_action"":""none"",""lip_action"":""none""},""phase"":""low""},{""action"":{""high_action"":""split"",""order_decision"":""only_cost""},""phase"":""high""},{""action"":{""candidate_id"":1,""schedule_alpha"":0.5},""phase"":""select""},{""action"":{""search_k"":1,""search_strategy"":""default""},""phase"":""search""},{""action"":{""execution_action"":""none"",""lip_action"":""none""},""phase"":""low""},{""action"":{""high_action"":""split"",""order_decision"":""only_cost""},""phase"":""high""},{""action"":{""candidate_id"":3,""schedule_alpha"":0.5},""phase"":""select""},{""action"":{""search_k"":1,""search_strategy"":""default""},""phase"":""search""},{""action"":{""execution_action"":""none"",""lip_action"":""none""},""phase"":""low""},{""action"":{""high_action"":""split"",""order_decision"":""only_cost""},""phase"":""high""},{""action"":{""candidate_id"":2,""schedule_alpha"":0.5},""phase"":""select""},{""action"":{""search_k"":1,""search_strategy"":""default""},""phase"":""search""},{""action"":{""execution_action"":""none"",""lip_action"":""none""},""phase"":""low""},{""action"":{""high_action"":""split"",""order_decision"":""only_cost""},""phase"":""high""},{""action"":{""candidate_id"":1,""schedule_alpha"":0.5},""phase"":""select""},{""action"":{""search_k"":1,""search_strategy"":""default""},""phase"":""search""},{""action"":{""execution_action"":""none"",""lip_action"":""none""},""phase"":""low""},{""action"":{""high_action"":""stop"",""order_decision"":""only_cost""},""phase"":""high""},{""action"":{""search_k"":1,""search_strategy"":""default""},""phase"":""search""},{""action"":{""execution_action"":""none"",""lip_action"":""none""},""phase"":""low""}]"
STACK,a,./workloads/query_stack/q2_q2-098.sql,w/o Plan Topology,4157.110348343849,167.637000000000,ok,296776255fa5947d731d01e34f4d9e5afc8f65b116b688516e1b4283bd45f000,96,True,aadba07126b8dda37c1f86ffb95703d9c3c65ddd97908043aea9b9af1a93d404,c0299d09f79ae08934c6afcba409fe35102737fe4fd5d9e74719f802d92b1eac,./results/models/ablation/state/no_plan_topology/stack/random_a/best.pt,"[{""action"":{""high_action"":""split"",""order_decision"":""only_cost""},""phase"":""high""},{""action"":{""candidate_id"":4,""schedule_alpha"":0.5},""phase"":""select""},{""action"":{""search_k"":1,""search_strategy"":""default""},""phase"":""search""},{""action"":{""execution_action"":""none"",""lip_action"":""none""},""phase"":""low""},{""action"":{""high_action"":""split"",""order_decision"":""only_cost""},""phase"":""high""},{""action"":{""candidate_id"":5,""schedule_alpha"":0.5},""phase"":""select""},{""action"":{""search_k"":1,""search_strategy"":""default""},""phase"":""search""},{""action"":{""execution_action"":""none"",""lip_action"":""none""},""phase"":""low""},{""action"":{""high_action"":""split"",""order_decision"":""only_cost""},""phase"":""high""},{""action"":{""candidate_id"":0,""schedule_alpha"":0.5},""phase"":""select""},{""action"":{""search_k"":1,""search_strategy"":""default""},""phase"":""search""},{""action"":{""execution_action"":""none"",""lip_action"":""none""},""phase"":""low""},{""action"":{""high_action"":""split"",""order_decision"":""only_cost""},""phase"":""high""},{""action"":{""candidate_id"":1,""schedule_alpha"":0.5},""phase"":""select""},{""action"":{""search_k"":1,""search_strategy"":""default""},""phase"":""search""},{""action"":{""execution_action"":""none"",""lip_action"":""none""},""phase"":""low""},{""action"":{""high_action"":""split"",""order_decision"":""only_cost""},""phase"":""high""},{""action"":{""candidate_id"":0,""schedule_alpha"":0.5},""phase"":""select""},{""action"":{""search_k"":1,""search_strategy"":""default""},""phase"":""search""},{""action"":{""execution_action"":""none"",""lip_action"":""none""},""phase"":""low""},{""action"":{""high_action"":""split"",""order_decision"":""only_cost""},""phase"":""high""},{""action"":{""candidate_id"":0,""schedule_alpha"":0.5},""phase"":""select""},{""action"":{""search_k"":1,""search_strategy"":""default""},""phase"":""search""},{""action"":{""execution_action"":""none"",""lip_action"":""none""},""phase"":""low""},{""action"":{""high_action"":""split"",""order_decision"":""only_cost""},""phase"":""high""},{""action"":{""candidate_id"":0,""schedule_alpha"":0.5},""phase"":""select""},{""action"":{""search_k"":1,""search_strategy"":""default""},""phase"":""search""},{""action"":{""execution_action"":""none"",""lip_action"":""none""},""phase"":""low""},{""action"":{""high_action"":""stop"",""order_decision"":""only_cost""},""phase"":""high""},{""action"":{""search_k"":1,""search_strategy"":""default""},""phase"":""search""},{""action"":{""execution_action"":""conservative"",""lip_action"":""none""},""phase"":""low""}]"
STACK,a,./workloads/query_stack/q3_q3-043.sql,w/o Plan Topology,1586.291052401066,154.697000000000,ok,4c0f0a0bbb0c6e05c315b00e38442781160c6fb878b398b0d3c96fc9c63bf954,1,True,17ba76822f3cf773a26f43bfc7ac0f6777773d7c112ebe0141bfa99c935fcae9,54de4be72b80903d5c81356020388cf9e2137d1632350bea5f395cb491113cab,./results/models/ablation/state/no_plan_topology/stack/random_a/best.pt,"[{""action"":{""high_action"":""split"",""order_decision"":""only_cost""},""phase"":""high""},{""action"":{""candidate_id"":0,""schedule_alpha"":0.5},""phase"":""select""},{""action"":{""search_k"":1,""search_strategy"":""default""},""phase"":""search""},{""action"":{""execution_action"":""none"",""lip_action"":""none""},""phase"":""low""},{""action"":{""high_action"":""split"",""order_decision"":""only_cost""},""phase"":""high""},{""action"":{""candidate_id"":4,""schedule_alpha"":0.5},""phase"":""select""},{""action"":{""search_k"":1,""search_strategy"":""default""},""phase"":""search""},{""action"":{""execution_action"":""none"",""lip_action"":""none""},""phase"":""low""},{""action"":{""high_action"":""split"",""order_decision"":""only_cost""},""phase"":""high""},{""action"":{""candidate_id"":2,""schedule_alpha"":0.5},""phase"":""select""},{""action"":{""search_k"":1,""search_strategy"":""default""},""phase"":""search""},{""action"":{""execution_action"":""none"",""lip_action"":""none""},""phase"":""low""},{""action"":{""high_action"":""split"",""order_decision"":""only_cost""},""phase"":""high""},{""action"":{""candidate_id"":4,""schedule_alpha"":0.5},""phase"":""select""},{""action"":{""search_k"":1,""search_strategy"":""default""},""phase"":""search""},{""action"":{""execution_action"":""none"",""lip_action"":""none""},""phase"":""low""},{""action"":{""high_action"":""split"",""order_decision"":""only_cost""},""phase"":""high""},{""action"":{""candidate_id"":0,""schedule_alpha"":0.5},""phase"":""select""},{""action"":{""search_k"":1,""search_strategy"":""default""},""phase"":""search""},{""action"":{""execution_action"":""none"",""lip_action"":""none""},""phase"":""low""},{""action"":{""high_action"":""split"",""order_decision"":""only_cost""},""phase"":""high""},{""action"":{""candidate_id"":2,""schedule_alpha"":0.5},""phase"":""select""},{""action"":{""search_k"":1,""search_strategy"":""default""},""phase"":""search""},{""action"":{""execution_action"":""none"",""lip_action"":""none""},""phase"":""low""},{""action"":{""high_action"":""split"",""order_decision"":""only_cost""},""phase"":""high""},{""action"":{""candidate_id"":0,""schedule_alpha"":0.5},""phase"":""select""},{""action"":{""search_k"":1,""search_strategy"":""default""},""phase"":""search""},{""action"":{""execution_action"":""none"",""lip_action"":""none""},""phase"":""low""},{""action"":{""high_action"":""stop"",""order_decision"":""only_cost""},""phase"":""high""},{""action"":{""search_k"":1,""search_strategy"":""default""},""phase"":""search""},{""action"":{""execution_action"":""conservative"",""lip_action"":""none""},""phase"":""low""}]"
STACK,a,./workloads/query_stack/q3_q3-086.sql,w/o Plan Topology,1379.328034818172,167.744000000000,ok,7471f50a1908d54777534ac7b79962c5e0fbacd1732b5c22e4ba066329f8a78e,1,True,7c57c0e68b302aef2532d644deee2d53c46d67b93aaad951b831edca78d4942d,78831704e0181980b22c24487be45be2b51ed5faabfa6b047e30112096910a2c,./results/models/ablation/state/no_plan_topology/stack/random_a/best.pt,"[{""action"":{""high_action"":""split"",""order_decision"":""only_cost""},""phase"":""high""},{""action"":{""candidate_id"":0,""schedule_alpha"":0.5},""phase"":""select""},{""action"":{""search_k"":1,""search_strategy"":""default""},""phase"":""search""},{""action"":{""execution_action"":""none"",""lip_action"":""none""},""phase"":""low""},{""action"":{""high_action"":""split"",""order_decision"":""only_cost""},""phase"":""high""},{""action"":{""candidate_id"":4,""schedule_alpha"":0.5},""phase"":""select""},{""action"":{""search_k"":1,""search_strategy"":""default""},""phase"":""search""},{""action"":{""execution_action"":""none"",""lip_action"":""none""},""phase"":""low""},{""action"":{""high_action"":""split"",""order_decision"":""only_cost""},""phase"":""high""},{""action"":{""candidate_id"":2,""schedule_alpha"":0.5},""phase"":""select""},{""action"":{""search_k"":1,""search_strategy"":""default""},""phase"":""search""},{""action"":{""execution_action"":""none"",""lip_action"":""none""},""phase"":""low""},{""action"":{""high_action"":""split"",""order_decision"":""only_cost""},""phase"":""high""},{""action"":{""candidate_id"":4,""schedule_alpha"":0.5},""phase"":""select""},{""action"":{""search_k"":1,""search_strategy"":""default""},""phase"":""search""},{""action"":{""execution_action"":""none"",""lip_action"":""none""},""phase"":""low""},{""action"":{""high_action"":""split"",""order_decision"":""only_cost""},""phase"":""high""},{""action"":{""candidate_id"":0,""schedule_alpha"":0.5},""phase"":""select""},{""action"":{""search_k"":1,""search_strategy"":""default""},""phase"":""search""},{""action"":{""execution_action"":""none"",""lip_action"":""none""},""phase"":""low""},{""action"":{""high_action"":""split"",""order_decision"":""only_cost""},""phase"":""high""},{""action"":{""candidate_id"":0,""schedule_alpha"":0.5},""phase"":""select""},{""action"":{""search_k"":1,""search_strategy"":""default""},""phase"":""search""},{""action"":{""execution_action"":""none"",""lip_action"":""none""},""phase"":""low""},{""action"":{""high_action"":""split"",""order_decision"":""only_cost""},""phase"":""high""},{""action"":{""candidate_id"":0,""schedule_alpha"":0.5},""phase"":""select""},{""action"":{""search_k"":1,""search_strategy"":""default""},""phase"":""search""},{""action"":{""execution_action"":""none"",""lip_action"":""none""},""phase"":""low""},{""action"":{""high_action"":""split"",""order_decision"":""only_cost""},""phase"":""high""},{""action"":{""candidate_id"":1,""schedule_alpha"":0.5},""phase"":""select""},{""action"":{""search_k"":1,""search_strategy"":""default""},""phase"":""search""},{""action"":{""execution_action"":""none"",""lip_action"":""none""},""phase"":""low""},{""action"":{""high_action"":""stop"",""order_decision"":""only_cost""},""phase"":""high""},{""action"":{""search_k"":1,""search_strategy"":""default""},""phase"":""search""},{""action"":{""execution_action"":""conservative"",""lip_action"":""none""},""phase"":""low""}]"
STACK,a,./workloads/query_stack/q4_q4-041.sql,w/o Plan Topology,455.962918698788,80.720000000000,ok,8052f9dd5c2ce14bfe8b7a420b7826cf81794f93d4535bf03b3e955ca1d84b77,1,True,a1fd04e4feae2c6197fa7c5cc799b7d922aa2862500c8ecb09d238b0f9675028,e715740af19693ba87cb551c846b387626edd0e5cb011005717ca5a22176a555,./results/models/ablation/state/no_plan_topology/stack/random_a/best.pt,"[{""action"":{""high_action"":""stop"",""order_decision"":""only_cost""},""phase"":""high""},{""action"":{""search_k"":1,""search_strategy"":""default""},""phase"":""search""},{""action"":{""execution_action"":""none"",""lip_action"":""none""},""phase"":""low""}]"
STACK,a,./workloads/query_stack/q4_q4-086.sql,w/o Plan Topology,208.944566547871,36.487000000000,ok,93034f366ea7f433ff55e70e5063853c27a605a794de24273d665ea1c169aaa5,1,True,3c860bddc0963c594c3e81771ccef88b9c729b35cb94b7b09c203d195350e0e5,7ec61d7888fdc77a2730cbd19ec1bbd3ccf611af7ad822df788c366051d8d871,./results/models/ablation/state/no_plan_topology/stack/random_a/best.pt,"[{""action"":{""high_action"":""stop"",""order_decision"":""only_cost""},""phase"":""high""},{""action"":{""search_k"":1,""search_strategy"":""default""},""phase"":""search""},{""action"":{""execution_action"":""none"",""lip_action"":""none""},""phase"":""low""}]"
STACK,a,./workloads/query_stack/q4_q4-089.sql,w/o Plan Topology,292.997166514397,40.273000000000,ok,73081d2b1e0a4e71a4c298714c8eae13ea81cf0796f5434c40c682bd294aa1b6,1,True,737c21bf8622d8f428dfec7329c0891485d7bce53a8ebe561eba1ebe22a73901,2642952a8b408ec814594c39dd15292a5b9dfe10f5f4cb0af1446808dff8ef74,./results/models/ablation/state/no_plan_topology/stack/random_a/best.pt,"[{""action"":{""high_action"":""stop"",""order_decision"":""only_cost""},""phase"":""high""},{""action"":{""search_k"":1,""search_strategy"":""default""},""phase"":""search""},{""action"":{""execution_action"":""none"",""lip_action"":""none""},""phase"":""low""}]"
STACK,a,./workloads/query_stack/q5_q5-032.sql,w/o Plan Topology,79.724624752998,22.332000000000,ok,c477fc5cdc9f42cb68ce4b5e84826064e0ef04fbabe63d5ca7f0fc8fb38f76f3,1,True,3c4ff366b4b5f5c09b71d089d2214ec107682f73776a033da219ec4cbbc30c8a,063797ca1dc0bd36e56c08aef107edc44f8dcab0a64d6f6cc459d50bdefabf68,./results/models/ablation/state/no_plan_topology/stack/random_a/best.pt,"[{""action"":{""high_action"":""stop"",""order_decision"":""only_cost""},""phase"":""high""},{""action"":{""search_k"":1,""search_strategy"":""default""},""phase"":""search""},{""action"":{""execution_action"":""none"",""lip_action"":""none""},""phase"":""low""}]"
STACK,a,./workloads/query_stack/q5_q5-059.sql,w/o Plan Topology,155.346244573593,78.260000000000,ok,2bb4771eebb7b47365089a6a19756f2e83053e8323d7cd31fa1b6cfcfa7c9c64,1,True,5fd287049fd97b0a44a7ee7a95b39bbd05dccd6d5a917593a478054fa528ecfa,ffe4bee84d1815c82afe533befd369e7ceb042cf1ff1e9224f6e15a09a47a980,./results/models/ablation/state/no_plan_topology/stack/random_a/best.pt,"[{""action"":{""high_action"":""stop"",""order_decision"":""only_cost""},""phase"":""high""},{""action"":{""search_k"":1,""search_strategy"":""default""},""phase"":""search""},{""action"":{""execution_action"":""none"",""lip_action"":""none""},""phase"":""low""}]"
STACK,a,./workloads/query_stack/q6_q6-002.sql,w/o Plan Topology,171.522170305252,34.222000000000,ok,492b793683e8ee0b48e89a3fadeb7893533f8d436ad0e3a7fd5090567858a03d,1,True,bfd0f4aa3974e451c4839ce9028fe07e4b886d432b935aac5a146b790f980400,3b53ece4c8c665348e40b3828c9e4ba61fa9e8a830401cfedf2ea7132141c016,./results/models/ablation/state/no_plan_topology/stack/random_a/best.pt,"[{""action"":{""high_action"":""split"",""order_decision"":""only_cost""},""phase"":""high""},{""action"":{""candidate_id"":0,""schedule_alpha"":0.5},""phase"":""select""},{""action"":{""search_k"":1,""search_strategy"":""default""},""phase"":""search""},{""action"":{""execution_action"":""none"",""lip_action"":""none""},""phase"":""low""},{""action"":{""high_action"":""split"",""order_decision"":""only_cost""},""phase"":""high""},{""action"":{""candidate_id"":1,""schedule_alpha"":0.5},""phase"":""select""},{""action"":{""search_k"":1,""search_strategy"":""default""},""phase"":""search""},{""action"":{""execution_action"":""none"",""lip_action"":""none""},""phase"":""low""},{""action"":{""high_action"":""split"",""order_decision"":""only_cost""},""phase"":""high""},{""action"":{""candidate_id"":0,""schedule_alpha"":0.5},""phase"":""select""},{""action"":{""search_k"":1,""search_strategy"":""default""},""phase"":""search""},{""action"":{""execution_action"":""none"",""lip_action"":""none""},""phase"":""low""},{""action"":{""high_action"":""split"",""order_decision"":""only_cost""},""phase"":""high""},{""action"":{""candidate_id"":1,""schedule_alpha"":0.5},""phase"":""select""},{""action"":{""search_k"":1,""search_strategy"":""default""},""phase"":""search""},{""action"":{""execution_action"":""none"",""lip_action"":""none""},""phase"":""low""},{""action"":{""high_action"":""stop"",""order_decision"":""only_cost""},""phase"":""high""},{""action"":{""search_k"":1,""search_strategy"":""default""},""phase"":""search""},{""action"":{""execution_action"":""none"",""lip_action"":""none""},""phase"":""low""}]"
STACK,a,./workloads/query_stack/q6_q6-060.sql,w/o Plan Topology,175.544030964375,33.415000000000,ok,9d496b98a2b4127b40592841377adc54986f308f7dee83ae1f1b877c695192c0,1,True,9cc6e8c1c1746e210b79a693814071ee0f5038b12a08f0a0e460f5260a58ae25,a817d45138579bc3ac6c1ef5757614e07630efc552fd0fcb88d468cceb789a84,./results/models/ablation/state/no_plan_topology/stack/random_a/best.pt,"[{""action"":{""high_action"":""split"",""order_decision"":""only_cost""},""phase"":""high""},{""action"":{""candidate_id"":0,""schedule_alpha"":0.5},""phase"":""select""},{""action"":{""search_k"":1,""search_strategy"":""default""},""phase"":""search""},{""action"":{""execution_action"":""none"",""lip_action"":""none""},""phase"":""low""},{""action"":{""high_action"":""split"",""order_decision"":""only_cost""},""phase"":""high""},{""action"":{""candidate_id"":1,""schedule_alpha"":0.5},""phase"":""select""},{""action"":{""search_k"":1,""search_strategy"":""default""},""phase"":""search""},{""action"":{""execution_action"":""none"",""lip_action"":""none""},""phase"":""low""},{""action"":{""high_action"":""split"",""order_decision"":""only_cost""},""phase"":""high""},{""action"":{""candidate_id"":0,""schedule_alpha"":0.5},""phase"":""select""},{""action"":{""search_k"":1,""search_strategy"":""default""},""phase"":""search""},{""action"":{""execution_action"":""none"",""lip_action"":""none""},""phase"":""low""},{""action"":{""high_action"":""split"",""order_decision"":""only_cost""},""phase"":""high""},{""action"":{""candidate_id"":1,""schedule_alpha"":0.5},""phase"":""select""},{""action"":{""search_k"":1,""search_strategy"":""default""},""phase"":""search""},{""action"":{""execution_action"":""none"",""lip_action"":""none""},""phase"":""low""},{""action"":{""high_action"":""stop"",""order_decision"":""only_cost""},""phase"":""high""},{""action"":{""search_k"":1,""search_strategy"":""default""},""phase"":""search""},{""action"":{""execution_action"":""none"",""lip_action"":""none""},""phase"":""low""}]"
STACK,a,./workloads/query_stack/q6_q6-065.sql,w/o Plan Topology,68.070106208324,33.025000000000,ok,ad2301e16f8ac0e556a59dd245bfdf55c48548fd352f0cf92a385882c89aebbd,1,True,d6edc1afff8b8f5a977174769c62cc72016a3a0ccc8ee4dabb1eb833167fce20,9072672702de38f3d285127473f2e0a8d8e376ac65c00bd2a791655adacc0d6f,./results/models/ablation/state/no_plan_topology/stack/random_a/best.pt,"[{""action"":{""high_action"":""split"",""order_decision"":""only_cost""},""phase"":""high""},{""action"":{""candidate_id"":0,""schedule_alpha"":0.5},""phase"":""select""},{""action"":{""search_k"":1,""search_strategy"":""default""},""phase"":""search""},{""action"":{""execution_action"":""none"",""lip_action"":""none""},""phase"":""low""},{""action"":{""high_action"":""split"",""order_decision"":""only_cost""},""phase"":""high""},{""action"":{""candidate_id"":1,""schedule_alpha"":0.5},""phase"":""select""},{""action"":{""search_k"":1,""search_strategy"":""default""},""phase"":""search""},{""action"":{""execution_action"":""none"",""lip_action"":""none""},""phase"":""low""},{""action"":{""high_action"":""split"",""order_decision"":""only_cost""},""phase"":""high""},{""action"":{""candidate_id"":0,""schedule_alpha"":0.5},""phase"":""select""},{""action"":{""search_k"":1,""search_strategy"":""default""},""phase"":""search""},{""action"":{""execution_action"":""none"",""lip_action"":""none""},""phase"":""low""},{""action"":{""high_action"":""split"",""order_decision"":""only_cost""},""phase"":""high""},{""action"":{""candidate_id"":1,""schedule_alpha"":0.5},""phase"":""select""},{""action"":{""search_k"":1,""search_strategy"":""default""},""phase"":""search""},{""action"":{""execution_action"":""none"",""lip_action"":""none""},""phase"":""low""},{""action"":{""high_action"":""stop"",""order_decision"":""only_cost""},""phase"":""high""},{""action"":{""search_k"":1,""search_strategy"":""default""},""phase"":""search""},{""action"":{""execution_action"":""none"",""lip_action"":""none""},""phase"":""low""}]"
STACK,a,./workloads/query_stack/q6_q6-067.sql,w/o Plan Topology,87.881505489349,33.613000000000,ok,ad2301e16f8ac0e556a59dd245bfdf55c48548fd352f0cf92a385882c89aebbd,1,True,01daaaf3865dc4534efad2c6aac536446af3156f56c794ac17dc58a952c5d40e,db913a36a84903c0ae14bb218fd0310dfc8638e38ad3f421a3b6c323ef26182e,./results/models/ablation/state/no_plan_topology/stack/random_a/best.pt,"[{""action"":{""high_action"":""split"",""order_decision"":""only_cost""},""phase"":""high""},{""action"":{""candidate_id"":0,""schedule_alpha"":0.5},""phase"":""select""},{""action"":{""search_k"":1,""search_strategy"":""default""},""phase"":""search""},{""action"":{""execution_action"":""none"",""lip_action"":""none""},""phase"":""low""},{""action"":{""high_action"":""split"",""order_decision"":""only_cost""},""phase"":""high""},{""action"":{""candidate_id"":1,""schedule_alpha"":0.5},""phase"":""select""},{""action"":{""search_k"":1,""search_strategy"":""default""},""phase"":""search""},{""action"":{""execution_action"":""none"",""lip_action"":""none""},""phase"":""low""},{""action"":{""high_action"":""split"",""order_decision"":""only_cost""},""phase"":""high""},{""action"":{""candidate_id"":0,""schedule_alpha"":0.5},""phase"":""select""},{""action"":{""search_k"":1,""search_strategy"":""default""},""phase"":""search""},{""action"":{""execution_action"":""none"",""lip_action"":""none""},""phase"":""low""},{""action"":{""high_action"":""split"",""order_decision"":""only_cost""},""phase"":""high""},{""action"":{""candidate_id"":1,""schedule_alpha"":0.5},""phase"":""select""},{""action"":{""search_k"":1,""search_strategy"":""default""},""phase"":""search""},{""action"":{""execution_action"":""none"",""lip_action"":""none""},""phase"":""low""},{""action"":{""high_action"":""stop"",""order_decision"":""only_cost""},""phase"":""high""},{""action"":{""search_k"":1,""search_strategy"":""default""},""phase"":""search""},{""action"":{""execution_action"":""none"",""lip_action"":""none""},""phase"":""low""}]"
STACK,a,./workloads/query_stack/q6_q6-085.sql,w/o Plan Topology,74.036501348019,32.981000000000,ok,6bc192e9007268a766125dd12e9147e22327c03dc5f9824ad072a3f886d14f42,1,True,3f4efa18353e1d56a7e0d5db93fd457826a000c5779ddbafe259f432c50951cf,c8bed8cd79eb70ff55bd255aea55f54abac5d04707e0917dfe7be30f06bb524d,./results/models/ablation/state/no_plan_topology/stack/random_a/best.pt,"[{""action"":{""high_action"":""split"",""order_decision"":""only_cost""},""phase"":""high""},{""action"":{""candidate_id"":0,""schedule_alpha"":0.5},""phase"":""select""},{""action"":{""search_k"":1,""search_strategy"":""default""},""phase"":""search""},{""action"":{""execution_action"":""none"",""lip_action"":""none""},""phase"":""low""},{""action"":{""high_action"":""split"",""order_decision"":""only_cost""},""phase"":""high""},{""action"":{""candidate_id"":1,""schedule_alpha"":0.5},""phase"":""select""},{""action"":{""search_k"":1,""search_strategy"":""default""},""phase"":""search""},{""action"":{""execution_action"":""none"",""lip_action"":""none""},""phase"":""low""},{""action"":{""high_action"":""split"",""order_decision"":""only_cost""},""phase"":""high""},{""action"":{""candidate_id"":0,""schedule_alpha"":0.5},""phase"":""select""},{""action"":{""search_k"":1,""search_strategy"":""default""},""phase"":""search""},{""action"":{""execution_action"":""none"",""lip_action"":""none""},""phase"":""low""},{""action"":{""high_action"":""split"",""order_decision"":""only_cost""},""phase"":""high""},{""action"":{""candidate_id"":1,""schedule_alpha"":0.5},""phase"":""select""},{""action"":{""search_k"":1,""search_strategy"":""default""},""phase"":""search""},{""action"":{""execution_action"":""none"",""lip_action"":""none""},""phase"":""low""},{""action"":{""high_action"":""stop"",""order_decision"":""only_cost""},""phase"":""high""},{""action"":{""search_k"":1,""search_strategy"":""default""},""phase"":""search""},{""action"":{""execution_action"":""none"",""lip_action"":""none""},""phase"":""low""}]"
STACK,a,./workloads/query_stack/q7_q7-085.sql,w/o Plan Topology,5634.436950087547,19.984000000000,ok,6d776eb7da1ae8477f7038ddf562c90e9a7a7070bdd1e4229ad8df4edf82ad33,1,True,db21b19584ab0ea1385186a65760794bb91bfabfbdf6a117b4d9e6d4486a40f0,91717994747adf5ffa2f95989684952fd758c393aa8b7bb34537562405053317,./results/models/ablation/state/no_plan_topology/stack/random_a/best.pt,"[{""action"":{""high_action"":""split"",""order_decision"":""only_cost""},""phase"":""high""},{""action"":{""candidate_id"":1,""schedule_alpha"":0.5},""phase"":""select""},{""action"":{""search_k"":1,""search_strategy"":""default""},""phase"":""search""},{""action"":{""execution_action"":""none"",""lip_action"":""none""},""phase"":""low""},{""action"":{""high_action"":""split"",""order_decision"":""only_cost""},""phase"":""high""},{""action"":{""candidate_id"":1,""schedule_alpha"":0.5},""phase"":""select""},{""action"":{""search_k"":1,""search_strategy"":""default""},""phase"":""search""},{""action"":{""execution_action"":""none"",""lip_action"":""none""},""phase"":""low""},{""action"":{""high_action"":""stop"",""order_decision"":""only_cost""},""phase"":""high""},{""action"":{""search_k"":1,""search_strategy"":""default""},""phase"":""search""},{""action"":{""execution_action"":""none"",""lip_action"":""none""},""phase"":""low""}]"
STACK,a,./workloads/query_stack/q7_q7-099.sql,w/o Plan Topology,5487.493455410004,19.821000000000,ok,e6097a493b497f00231f62efb8f5a998c223e2cd8bf8f4813d3f9efb2ac1da29,1,True,cd5a16e90446344f08e5c8847b3d789b394c9b72bd0279a8658e5fe84532cc03,6d2ba9e701c27f1366c0076e145c7889c3362977007702e1cdeeaaca5f82873e,./results/models/ablation/state/no_plan_topology/stack/random_a/best.pt,"[{""action"":{""high_action"":""split"",""order_decision"":""only_cost""},""phase"":""high""},{""action"":{""candidate_id"":1,""schedule_alpha"":0.5},""phase"":""select""},{""action"":{""search_k"":1,""search_strategy"":""default""},""phase"":""search""},{""action"":{""execution_action"":""none"",""lip_action"":""none""},""phase"":""low""},{""action"":{""high_action"":""split"",""order_decision"":""only_cost""},""phase"":""high""},{""action"":{""candidate_id"":0,""schedule_alpha"":0.5},""phase"":""select""},{""action"":{""search_k"":1,""search_strategy"":""default""},""phase"":""search""},{""action"":{""execution_action"":""none"",""lip_action"":""none""},""phase"":""low""},{""action"":{""high_action"":""stop"",""order_decision"":""only_cost""},""phase"":""high""},{""action"":{""search_k"":1,""search_strategy"":""default""},""phase"":""search""},{""action"":{""execution_action"":""none"",""lip_action"":""none""},""phase"":""low""}]"
STACK,a,./workloads/query_stack/q8_q8-006.sql,w/o Plan Topology,374.434001743793,57.533000000000,ok,fa879e4fc50b8c9696eb4dbd6a0b301941889f11c3953bede1a1f9308c6c8618,1,True,2dff44ad69921cc06ee63e2fdefad97e0967d7553f9603b06f6e0b6828460c03,c7e66a4c75f20a7f53a9d9efb999e18d64e67d32d3a959a9716b0be3a2b83161,./results/models/ablation/state/no_plan_topology/stack/random_a/best.pt,"[{""action"":{""high_action"":""stop"",""order_decision"":""only_cost""},""phase"":""high""},{""action"":{""search_k"":1,""search_strategy"":""default""},""phase"":""search""},{""action"":{""execution_action"":""none"",""lip_action"":""none""},""phase"":""low""}]"
STACK,a,./workloads/query_stack/q8_q8-076.sql,w/o Plan Topology,349.082894623280,44.710000000000,ok,fa879e4fc50b8c9696eb4dbd6a0b301941889f11c3953bede1a1f9308c6c8618,1,True,e1190d9c6d4b547c1ea9156d76977196870965bd6d5b70eacd1ecfa7c6877ba3,661659337c4419c7ca33a4c02d505b80f34296a343d1e47c981e0cfe75c0c487,./results/models/ablation/state/no_plan_topology/stack/random_a/best.pt,"[{""action"":{""high_action"":""stop"",""order_decision"":""only_cost""},""phase"":""high""},{""action"":{""search_k"":1,""search_strategy"":""default""},""phase"":""search""},{""action"":{""execution_action"":""none"",""lip_action"":""none""},""phase"":""low""}]"
STACK,b,./workloads/query_stack/q11_87c4bd09.sql,w/o Plan Topology,878.001786768436,38.301000000000,ok,0adac76689f76028d5867469b355dcd74d4fa3a6e2559fbe6b8230f79b0e54ab,1,True,9873510d9ed4d025ee583218d9ce87c22da5d771733d95a147b965659c673b5b,cccc03193e41d9e80fffa9d953b7905310d1ce5e99d82e6b5bbdc13cd0eeaed1,./results/models/ablation/state/no_plan_topology/stack/random_b/best.pt,"[{""action"":{""high_action"":""stop"",""order_decision"":""only_cost""},""phase"":""high""},{""action"":{""search_k"":1,""search_strategy"":""default""},""phase"":""search""},{""action"":{""execution_action"":""none"",""lip_action"":""none""},""phase"":""low""}]"
STACK,b,./workloads/query_stack/q11_c1ae2a99.sql,w/o Plan Topology,3845.843032002449,33.482000000000,ok,bb8e782f5dc25a16c10ffe18833283f7370c51fc216d687eb544549b48b557ee,1,True,d7ad65fc328fbb79a9a1b292a603b83ce2014cd0e6e4c0ae86e857cdda7bc74c,3ecfcb9105ec27d1f1964ed7a510e7b9465b1ebfd6b9aca3aea98cd6db57fa0d,./results/models/ablation/state/no_plan_topology/stack/random_b/best.pt,"[{""action"":{""high_action"":""stop"",""order_decision"":""only_cost""},""phase"":""high""},{""action"":{""search_k"":1,""search_strategy"":""default""},""phase"":""search""},{""action"":{""execution_action"":""none"",""lip_action"":""none""},""phase"":""low""}]"
STACK,b,./workloads/query_stack/q12_06c8d688.sql,w/o Plan Topology,259.258575737476,47.855000000000,ok,7cbf5c7670ad4b36ecdc24b3e7d6e0b72f5c221a1ca93a703327ea17f0a33beb,9,True,b88c47011e1b8fce7592b9928d5b6ef637cc884635db97c32d30aa6b5efdb95c,9c9138cb28d2168eadea39ab484dbd99ee9f5cdb63ece60134ff9766d732cc9c,./results/models/ablation/state/no_plan_topology/stack/random_b/best.pt,"[{""action"":{""high_action"":""stop"",""order_decision"":""only_cost""},""phase"":""high""},{""action"":{""search_k"":1,""search_strategy"":""default""},""phase"":""search""},{""action"":{""execution_action"":""none"",""lip_action"":""none""},""phase"":""low""}]"
STACK,b,./workloads/query_stack/q12_812a3eff.sql,w/o Plan Topology,1628.010258078575,46.164000000000,ok,d93d1c79cf73c78e79235ced2f92a14c120c18f4d839484bc6189f32792cf33e,12,True,3754509f3a6b757578423af01f1bd423f4f47e58c849a38869197430bae3c7ea,21532f60a3be231d596cba1aa868e1639281335b1bf2d08c0d090d581b8965af,./results/models/ablation/state/no_plan_topology/stack/random_b/best.pt,"[{""action"":{""high_action"":""stop"",""order_decision"":""only_cost""},""phase"":""high""},{""action"":{""search_k"":1,""search_strategy"":""default""},""phase"":""search""},{""action"":{""execution_action"":""none"",""lip_action"":""none""},""phase"":""low""}]"
STACK,b,./workloads/query_stack/q12_bde6c0cf.sql,w/o Plan Topology,206.075109541416,44.399000000000,ok,ed94496358940d6dcbd7d3fae6008a1bf59cf8a927d60aff7f4d025b2078c569,2,True,9ad902789db0da030b87b145306c7504fe7c53be5d537f4193f3d0ef1f3086d5,fb37794f96de10b072f0f455ab62e5d32886c7f4ea255bcf36d867132854ecde,./results/models/ablation/state/no_plan_topology/stack/random_b/best.pt,"[{""action"":{""high_action"":""stop"",""order_decision"":""only_cost""},""phase"":""high""},{""action"":{""search_k"":1,""search_strategy"":""default""},""phase"":""search""},{""action"":{""execution_action"":""none"",""lip_action"":""none""},""phase"":""low""}]"
STACK,b,./workloads/query_stack/q13_a091adce.sql,w/o Plan Topology,557.914152741432,51.692000000000,ok,a08c6a91086a32f0f168696c5193f4df662d2c7e1b5741b9192890614e79cb33,7,True,c1cd4707663e7d79f5dd7ada11a673e467d8cad4c96a594f02b359bcdd87ffa1,c96af8b1d302583450410321c9515f86c0f644aef65e39509de6917a27657ae0,./results/models/ablation/state/no_plan_topology/stack/random_b/best.pt,"[{""action"":{""high_action"":""stop"",""order_decision"":""only_cost""},""phase"":""high""},{""action"":{""search_k"":1,""search_strategy"":""default""},""phase"":""search""},{""action"":{""execution_action"":""none"",""lip_action"":""none""},""phase"":""low""}]"
STACK,b,./workloads/query_stack/q13_a3d03772.sql,w/o Plan Topology,1858.465582132339,49.035000000000,ok,d810a8f52be505eb1db3998aaf5b583b11c7f14faa86a86041dea72c4641a9d3,100,True,64a29fb44e2d99589f6224a1fe9090ef37a38015989fb8f34ae46bfc00e07d99,80e8b3109159973c6624cca347939f631b3feb90fe4af1db9cfd1c95f44dc94d,./results/models/ablation/state/no_plan_topology/stack/random_b/best.pt,"[{""action"":{""high_action"":""stop"",""order_decision"":""only_cost""},""phase"":""high""},{""action"":{""search_k"":1,""search_strategy"":""default""},""phase"":""search""},{""action"":{""execution_action"":""none"",""lip_action"":""none""},""phase"":""low""}]"
STACK,b,./workloads/query_stack/q14_4063b6cb.sql,w/o Plan Topology,472.166150808334,39.894000000000,ok,b54c2097d06810c037d8f05a25b377fe885c5f81cf6f1e27b2336ff1675b26f5,1,True,1999596ffc3a2da50381cee04b4ba8ddd4cca3d1e81b7af6cd305106d00009af,b71441f59f2f1e84aaa839693f36e2cdad82e9f4d9bd2589d7b0a59d8529b1d1,./results/models/ablation/state/no_plan_topology/stack/random_b/best.pt,"[{""action"":{""high_action"":""split"",""order_decision"":""only_cost""},""phase"":""high""},{""action"":{""candidate_id"":3,""schedule_alpha"":0.5},""phase"":""select""},{""action"":{""search_k"":1,""search_strategy"":""default""},""phase"":""search""},{""action"":{""execution_action"":""none"",""lip_action"":""none""},""phase"":""low""},{""action"":{""high_action"":""split"",""order_decision"":""only_cost""},""phase"":""high""},{""action"":{""candidate_id"":3,""schedule_alpha"":0.5},""phase"":""select""},{""action"":{""search_k"":1,""search_strategy"":""default""},""phase"":""search""},{""action"":{""execution_action"":""none"",""lip_action"":""none""},""phase"":""low""},{""action"":{""high_action"":""split"",""order_decision"":""only_cost""},""phase"":""high""},{""action"":{""candidate_id"":1,""schedule_alpha"":0.5},""phase"":""select""},{""action"":{""search_k"":1,""search_strategy"":""default""},""phase"":""search""},{""action"":{""execution_action"":""none"",""lip_action"":""none""},""phase"":""low""},{""action"":{""high_action"":""split"",""order_decision"":""only_cost""},""phase"":""high""},{""action"":{""candidate_id"":1,""schedule_alpha"":0.5},""phase"":""select""},{""action"":{""search_k"":1,""search_strategy"":""default""},""phase"":""search""},{""action"":{""execution_action"":""none"",""lip_action"":""none""},""phase"":""low""},{""action"":{""high_action"":""split"",""order_decision"":""only_cost""},""phase"":""high""},{""action"":{""candidate_id"":0,""schedule_alpha"":0.5},""phase"":""select""},{""action"":{""search_k"":1,""search_strategy"":""default""},""phase"":""search""},{""action"":{""execution_action"":""none"",""lip_action"":""none""},""phase"":""low""},{""action"":{""high_action"":""stop"",""order_decision"":""only_cost""},""phase"":""high""},{""action"":{""search_k"":1,""search_strategy"":""default""},""phase"":""search""},{""action"":{""execution_action"":""none"",""lip_action"":""none""},""phase"":""low""}]"
STACK,b,./workloads/query_stack/q14_5dbc1d1f.sql,w/o Plan Topology,13520.259022712708,41.939000000000,ok,bb56c0df8119ed058c77621e5b7f3efa1a6af55aaef384fcac58e729b7d6e853,1,True,a11c88e8971cd2401f05143a04d2257643e7edae7e51c34fbec52f7d5d454b47,59dd914311cab14d0f1d9f20db3a3751ad41a39c90cb40401de9f8e0942e5aa5,./results/models/ablation/state/no_plan_topology/stack/random_b/best.pt,"[{""action"":{""high_action"":""split"",""order_decision"":""only_cost""},""phase"":""high""},{""action"":{""candidate_id"":3,""schedule_alpha"":0.5},""phase"":""select""},{""action"":{""search_k"":1,""search_strategy"":""default""},""phase"":""search""},{""action"":{""execution_action"":""none"",""lip_action"":""none""},""phase"":""low""},{""action"":{""high_action"":""split"",""order_decision"":""only_cost""},""phase"":""high""},{""action"":{""candidate_id"":3,""schedule_alpha"":0.5},""phase"":""select""},{""action"":{""search_k"":1,""search_strategy"":""default""},""phase"":""search""},{""action"":{""execution_action"":""none"",""lip_action"":""none""},""phase"":""low""},{""action"":{""high_action"":""split"",""order_decision"":""only_cost""},""phase"":""high""},{""action"":{""candidate_id"":1,""schedule_alpha"":0.5},""phase"":""select""},{""action"":{""search_k"":1,""search_strategy"":""default""},""phase"":""search""},{""action"":{""execution_action"":""none"",""lip_action"":""none""},""phase"":""low""},{""action"":{""high_action"":""split"",""order_decision"":""only_cost""},""phase"":""high""},{""action"":{""candidate_id"":1,""schedule_alpha"":0.5},""phase"":""select""},{""action"":{""search_k"":1,""search_strategy"":""default""},""phase"":""search""},{""action"":{""execution_action"":""none"",""lip_action"":""none""},""phase"":""low""},{""action"":{""high_action"":""split"",""order_decision"":""only_cost""},""phase"":""high""},{""action"":{""candidate_id"":0,""schedule_alpha"":0.5},""phase"":""select""},{""action"":{""search_k"":1,""search_strategy"":""default""},""phase"":""search""},{""action"":{""execution_action"":""none"",""lip_action"":""none""},""phase"":""low""},{""action"":{""high_action"":""stop"",""order_decision"":""only_cost""},""phase"":""high""},{""action"":{""search_k"":1,""search_strategy"":""default""},""phase"":""search""},{""action"":{""execution_action"":""none"",""lip_action"":""none""},""phase"":""low""}]"
STACK,b,./workloads/query_stack/q14_97e68ad5.sql,w/o Plan Topology,6092.876702547073,42.919000000000,ok,334f2b776c8ce2494d66db9c13d72fa1a6e95ac709970f148a607f2b195eecb1,1,True,384cf10d0dc141bae63b5423589c1515574211afad099db2857174bc3867ee06,97078cb6950dbb8f7ac1c13185fd425244dd08e2483c59c9e0084e6d8df17808,./results/models/ablation/state/no_plan_topology/stack/random_b/best.pt,"[{""action"":{""high_action"":""split"",""order_decision"":""only_cost""},""phase"":""high""},{""action"":{""candidate_id"":3,""schedule_alpha"":0.5},""phase"":""select""},{""action"":{""search_k"":1,""search_strategy"":""default""},""phase"":""search""},{""action"":{""execution_action"":""none"",""lip_action"":""none""},""phase"":""low""},{""action"":{""high_action"":""split"",""order_decision"":""only_cost""},""phase"":""high""},{""action"":{""candidate_id"":3,""schedule_alpha"":0.5},""phase"":""select""},{""action"":{""search_k"":1,""search_strategy"":""default""},""phase"":""search""},{""action"":{""execution_action"":""none"",""lip_action"":""none""},""phase"":""low""},{""action"":{""high_action"":""split"",""order_decision"":""only_cost""},""phase"":""high""},{""action"":{""candidate_id"":1,""schedule_alpha"":0.5},""phase"":""select""},{""action"":{""search_k"":1,""search_strategy"":""default""},""phase"":""search""},{""action"":{""execution_action"":""none"",""lip_action"":""none""},""phase"":""low""},{""action"":{""high_action"":""split"",""order_decision"":""only_cost""},""phase"":""high""},{""action"":{""candidate_id"":1,""schedule_alpha"":0.5},""phase"":""select""},{""action"":{""search_k"":1,""search_strategy"":""default""},""phase"":""search""},{""action"":{""execution_action"":""none"",""lip_action"":""none""},""phase"":""low""},{""action"":{""high_action"":""split"",""order_decision"":""only_cost""},""phase"":""high""},{""action"":{""candidate_id"":0,""schedule_alpha"":0.5},""phase"":""select""},{""action"":{""search_k"":1,""search_strategy"":""default""},""phase"":""search""},{""action"":{""execution_action"":""none"",""lip_action"":""none""},""phase"":""low""},{""action"":{""high_action"":""stop"",""order_decision"":""only_cost""},""phase"":""high""},{""action"":{""search_k"":1,""search_strategy"":""default""},""phase"":""search""},{""action"":{""execution_action"":""none"",""lip_action"":""none""},""phase"":""low""}]"
STACK,b,./workloads/query_stack/q15_21e4988a.sql,w/o Plan Topology,560.403555631638,27.471000000000,ok,1660f09370e5a70e78b7f2e19fc4bf363f2543645d9e97ff5ced9c3ae4e4153d,53,True,04de20e0b8cfe896f7d59a13f7773cc24f82d198ce5075d7a9397aaad62765b3,17f1b3fb7613846d4e5de63922eaa9a2a2ee97453b663bdc7b17f58e6cc202a6,./results/models/ablation/state/no_plan_topology/stack/random_b/best.pt,"[{""action"":{""high_action"":""split"",""order_decision"":""only_cost""},""phase"":""high""},{""action"":{""candidate_id"":1,""schedule_alpha"":0.5},""phase"":""select""},{""action"":{""search_k"":1,""search_strategy"":""default""},""phase"":""search""},{""action"":{""execution_action"":""none"",""lip_action"":""none""},""phase"":""low""},{""action"":{""high_action"":""split"",""order_decision"":""only_cost""},""phase"":""high""},{""action"":{""candidate_id"":1,""schedule_alpha"":0.5},""phase"":""select""},{""action"":{""search_k"":1,""search_strategy"":""default""},""phase"":""search""},{""action"":{""execution_action"":""none"",""lip_action"":""none""},""phase"":""low""},{""action"":{""high_action"":""split"",""order_decision"":""only_cost""},""phase"":""high""},{""action"":{""candidate_id"":0,""schedule_alpha"":0.5},""phase"":""select""},{""action"":{""search_k"":1,""search_strategy"":""default""},""phase"":""search""},{""action"":{""execution_action"":""none"",""lip_action"":""none""},""phase"":""low""},{""action"":{""high_action"":""stop"",""order_decision"":""only_cost""},""phase"":""high""},{""action"":{""search_k"":1,""search_strategy"":""default""},""phase"":""search""},{""action"":{""execution_action"":""none"",""lip_action"":""none""},""phase"":""low""}]"
STACK,b,./workloads/query_stack/q15_78995a5f.sql,w/o Plan Topology,669.096000492573,27.455000000000,ok,f913fffa52ef6f774243dc5f5c15df98f650c6370cdb7631929071a81a6a6b2c,85,True,d812c91c80551d29e52d00ffd741e532a5f99ec5901db292c5616c4831c2f20d,0c3aab8d48f2276ccfc4c42bea74116eb2334b46c359c554cff23e9b3436c32e,./results/models/ablation/state/no_plan_topology/stack/random_b/best.pt,"[{""action"":{""high_action"":""split"",""order_decision"":""only_cost""},""phase"":""high""},{""action"":{""candidate_id"":1,""schedule_alpha"":0.5},""phase"":""select""},{""action"":{""search_k"":1,""search_strategy"":""default""},""phase"":""search""},{""action"":{""execution_action"":""none"",""lip_action"":""none""},""phase"":""low""},{""action"":{""high_action"":""split"",""order_decision"":""only_cost""},""phase"":""high""},{""action"":{""candidate_id"":1,""schedule_alpha"":0.5},""phase"":""select""},{""action"":{""search_k"":1,""search_strategy"":""default""},""phase"":""search""},{""action"":{""execution_action"":""none"",""lip_action"":""none""},""phase"":""low""},{""action"":{""high_action"":""split"",""order_decision"":""only_cost""},""phase"":""high""},{""action"":{""candidate_id"":0,""schedule_alpha"":0.5},""phase"":""select""},{""action"":{""search_k"":1,""search_strategy"":""default""},""phase"":""search""},{""action"":{""execution_action"":""none"",""lip_action"":""none""},""phase"":""low""},{""action"":{""high_action"":""stop"",""order_decision"":""only_cost""},""phase"":""high""},{""action"":{""search_k"":1,""search_strategy"":""default""},""phase"":""search""},{""action"":{""execution_action"":""none"",""lip_action"":""none""},""phase"":""low""}]"
STACK,b,./workloads/query_stack/q15_b8ddf65b.sql,w/o Plan Topology,204.155467450619,27.044000000000,ok,39f37f8d1931b3bdf767e7510dd69509fbf23af1f7654933d0a4d291cbdd4418,0,True,06724f87d0d6d48e580cfa9ffea0327d5b3d07212ea15a682f5c991a5bde4a7b,0110f9da9f7b03ec8a35d84a9fddd9e9b85b67f2f8ea0e8a9832f62ea3ae3712,./results/models/ablation/state/no_plan_topology/stack/random_b/best.pt,"[{""action"":{""high_action"":""split"",""order_decision"":""only_cost""},""phase"":""high""},{""action"":{""candidate_id"":1,""schedule_alpha"":0.5},""phase"":""select""},{""action"":{""search_k"":1,""search_strategy"":""default""},""phase"":""search""},{""action"":{""execution_action"":""none"",""lip_action"":""none""},""phase"":""low""},{""action"":{""high_action"":""split"",""order_decision"":""only_cost""},""phase"":""high""},{""action"":{""candidate_id"":1,""schedule_alpha"":0.5},""phase"":""select""},{""action"":{""search_k"":1,""search_strategy"":""default""},""phase"":""search""},{""action"":{""execution_action"":""none"",""lip_action"":""none""},""phase"":""low""},{""action"":{""high_action"":""split"",""order_decision"":""only_cost""},""phase"":""high""},{""action"":{""candidate_id"":0,""schedule_alpha"":0.5},""phase"":""select""},{""action"":{""search_k"":1,""search_strategy"":""default""},""phase"":""search""},{""action"":{""execution_action"":""none"",""lip_action"":""none""},""phase"":""low""},{""action"":{""high_action"":""stop"",""order_decision"":""only_cost""},""phase"":""high""},{""action"":{""search_k"":1,""search_strategy"":""default""},""phase"":""search""},{""action"":{""execution_action"":""none"",""lip_action"":""none""},""phase"":""low""}]"
STACK,b,./workloads/query_stack/q16_374e3e4c.sql,w/o Plan Topology,5900.102689862251,27.256000000000,ok,54d4efd1b9fad2e2bea57e5b911106d37dfd248550e48caf6e5a16921c5cc884,1,True,2cd0299b9a32bc888a2584af0d7dc49d3b93be59f4680b6f00e4f05d2076e964,710229c0f8d7cf19e546cc67e8b926a724e4b0fac3e303434e6f007ebad37303,./results/models/ablation/state/no_plan_topology/stack/random_b/best.pt,"[{""action"":{""high_action"":""split"",""order_decision"":""only_cost""},""phase"":""high""},{""action"":{""candidate_id"":1,""schedule_alpha"":0.5},""phase"":""select""},{""action"":{""search_k"":1,""search_strategy"":""default""},""phase"":""search""},{""action"":{""execution_action"":""none"",""lip_action"":""none""},""phase"":""low""},{""action"":{""high_action"":""split"",""order_decision"":""only_cost""},""phase"":""high""},{""action"":{""candidate_id"":1,""schedule_alpha"":0.5},""phase"":""select""},{""action"":{""search_k"":1,""search_strategy"":""default""},""phase"":""search""},{""action"":{""execution_action"":""none"",""lip_action"":""none""},""phase"":""low""},{""action"":{""high_action"":""split"",""order_decision"":""only_cost""},""phase"":""high""},{""action"":{""candidate_id"":0,""schedule_alpha"":0.5},""phase"":""select""},{""action"":{""search_k"":1,""search_strategy"":""default""},""phase"":""search""},{""action"":{""execution_action"":""none"",""lip_action"":""none""},""phase"":""low""},{""action"":{""high_action"":""stop"",""order_decision"":""only_cost""},""phase"":""high""},{""action"":{""search_k"":1,""search_strategy"":""default""},""phase"":""search""},{""action"":{""execution_action"":""none"",""lip_action"":""none""},""phase"":""low""}]"
STACK,b,./workloads/query_stack/q16_d5290889.sql,w/o Plan Topology,132.031895220280,26.798000000000,ok,6df0e219ac573723d552586b66c486c20731ea236011d7d2c4401ec2789e452e,1,True,71af0d3e42e5343590a0f4623d72af11d8ae096ee0f83f3304ad53aa2243b7d8,14a5f2e14f71c13cd8fe6e3d33daffa9431f8af215c71328444126e0a9404d9b,./results/models/ablation/state/no_plan_topology/stack/random_b/best.pt,"[{""action"":{""high_action"":""split"",""order_decision"":""only_cost""},""phase"":""high""},{""action"":{""candidate_id"":1,""schedule_alpha"":0.5},""phase"":""select""},{""action"":{""search_k"":1,""search_strategy"":""default""},""phase"":""search""},{""action"":{""execution_action"":""none"",""lip_action"":""none""},""phase"":""low""},{""action"":{""high_action"":""split"",""order_decision"":""only_cost""},""phase"":""high""},{""action"":{""candidate_id"":1,""schedule_alpha"":0.5},""phase"":""select""},{""action"":{""search_k"":1,""search_strategy"":""default""},""phase"":""search""},{""action"":{""execution_action"":""none"",""lip_action"":""none""},""phase"":""low""},{""action"":{""high_action"":""split"",""order_decision"":""only_cost""},""phase"":""high""},{""action"":{""candidate_id"":0,""schedule_alpha"":0.5},""phase"":""select""},{""action"":{""search_k"":1,""search_strategy"":""default""},""phase"":""search""},{""action"":{""execution_action"":""none"",""lip_action"":""none""},""phase"":""low""},{""action"":{""high_action"":""stop"",""order_decision"":""only_cost""},""phase"":""high""},{""action"":{""search_k"":1,""search_strategy"":""default""},""phase"":""search""},{""action"":{""execution_action"":""none"",""lip_action"":""none""},""phase"":""low""}]"
STACK,b,./workloads/query_stack/q16_f67cec3d.sql,w/o Plan Topology,3771.962277591228,27.276000000000,ok,fa879e4fc50b8c9696eb4dbd6a0b301941889f11c3953bede1a1f9308c6c8618,1,True,8ee5b4843797a9cd4aeaedd7d8633fc0bbe0b2b6afd309f683e00764912a982a,42e5cfc272fd074a0beea45ef14e48af053be9b5b3cc500fc3f67e235263c957,./results/models/ablation/state/no_plan_topology/stack/random_b/best.pt,"[{""action"":{""high_action"":""split"",""order_decision"":""only_cost""},""phase"":""high""},{""action"":{""candidate_id"":1,""schedule_alpha"":0.5},""phase"":""select""},{""action"":{""search_k"":1,""search_strategy"":""default""},""phase"":""search""},{""action"":{""execution_action"":""none"",""lip_action"":""none""},""phase"":""low""},{""action"":{""high_action"":""split"",""order_decision"":""only_cost""},""phase"":""high""},{""action"":{""candidate_id"":0,""schedule_alpha"":0.5},""phase"":""select""},{""action"":{""search_k"":1,""search_strategy"":""default""},""phase"":""search""},{""action"":{""execution_action"":""none"",""lip_action"":""none""},""phase"":""low""},{""action"":{""high_action"":""split"",""order_decision"":""only_cost""},""phase"":""high""},{""action"":{""candidate_id"":0,""schedule_alpha"":0.5},""phase"":""select""},{""action"":{""search_k"":1,""search_strategy"":""default""},""phase"":""search""},{""action"":{""execution_action"":""none"",""lip_action"":""none""},""phase"":""low""},{""action"":{""high_action"":""stop"",""order_decision"":""only_cost""},""phase"":""high""},{""action"":{""search_k"":1,""search_strategy"":""default""},""phase"":""search""},{""action"":{""execution_action"":""none"",""lip_action"":""none""},""phase"":""low""}]"
STACK,b,./workloads/query_stack/q1_q1-067.sql,w/o Plan Topology,146.396793425083,37.555000000000,ok,efd47e404577282b5d30f83a721f02a9e869b9fcd7d91266a565314a53d0814f,1,True,d5c91bcc044b615bb18b9bbeb24c83fe1143d8128e3a313f24e4e09490ac79a4,ec7d574049e46155540673bb292a07c6ae43b9b5f6765c16cfa6545b44a5d2e8,./results/models/ablation/state/no_plan_topology/stack/random_b/best.pt,"[{""action"":{""high_action"":""stop"",""order_decision"":""only_cost""},""phase"":""high""},{""action"":{""search_k"":1,""search_strategy"":""default""},""phase"":""search""},{""action"":{""execution_action"":""none"",""lip_action"":""none""},""phase"":""low""}]"
STACK,b,./workloads/query_stack/q1_q1-098.sql,w/o Plan Topology,4669.990867376328,38.049000000000,ok,4095cbc1ecc697ca9f9646c193a5682ada5316dba77f81108b62ba3cb1a82ab6,1,True,d264c19161d7e0557f99a115a318aecb5a02e564cce5d2a44fc0a80fa35d7d3f,9b29804fb88b5384c8d1c2a42f4e166e718f5e0245473823d3a6e98a441962d8,./results/models/ablation/state/no_plan_topology/stack/random_b/best.pt,"[{""action"":{""high_action"":""stop"",""order_decision"":""only_cost""},""phase"":""high""},{""action"":{""search_k"":1,""search_strategy"":""default""},""phase"":""search""},{""action"":{""execution_action"":""none"",""lip_action"":""none""},""phase"":""low""}]"
STACK,b,./workloads/query_stack/q1_q1-099.sql,w/o Plan Topology,4522.849649190903,62.260000000000,ok,43cad99fe214168bad67fa959cc8fb22a625668be9c526dcb4cda29c3f5f08c3,1,True,e6f7cd9764319f00c9ac9829a5890f1165d2fadfd7d32b227714cb68b8a54b4e,faf1ff508be5c1b4d95d66310a87a2c604d4199953fd90feb55e447b2e372524,./results/models/ablation/state/no_plan_topology/stack/random_b/best.pt,"[{""action"":{""high_action"":""stop"",""order_decision"":""only_cost""},""phase"":""high""},{""action"":{""search_k"":1,""search_strategy"":""default""},""phase"":""search""},{""action"":{""execution_action"":""none"",""lip_action"":""none""},""phase"":""low""}]"
STACK,b,./workloads/query_stack/q1_q1-100.sql,w/o Plan Topology,4114.532642066479,14.515000000000,ok,30d34f6a188fd1b13047dc951deb7bfb9a74d8113d5f305ae8170f782b81c64f,1,True,87e28b092ceb343ff0180b6ff9ae834e6f3f6985a6abc838d3193cc8b09fa75b,d83185eb7f7d44691bcade82225b488122b1167f3ebe98f8aa61156595054bab,./results/models/ablation/state/no_plan_topology/stack/random_b/best.pt,"[{""action"":{""high_action"":""stop"",""order_decision"":""only_cost""},""phase"":""high""},{""action"":{""search_k"":1,""search_strategy"":""default""},""phase"":""search""},{""action"":{""execution_action"":""none"",""lip_action"":""none""},""phase"":""low""}]"
STACK,b,./workloads/query_stack/q2_q2-001.sql,w/o Plan Topology,1195.242680609226,55.912000000000,ok,c2a22d1cadee1419b10b6b0e89c3a6305e0a2763bbeb6505ce8afa140290b844,8,True,dcefe2399b501f217046db353c110bd7703fcdf5e3eaf0871cfdeb6468a8d43f,a39f055506740f2eedc23d1eac1250b087d869dfbfdd6cdb87c21cb08b866428,./results/models/ablation/state/no_plan_topology/stack/random_b/best.pt,"[{""action"":{""high_action"":""split"",""order_decision"":""only_cost""},""phase"":""high""},{""action"":{""candidate_id"":0,""schedule_alpha"":0.5},""phase"":""select""},{""action"":{""search_k"":1,""search_strategy"":""default""},""phase"":""search""},{""action"":{""execution_action"":""none"",""lip_action"":""none""},""phase"":""low""},{""action"":{""high_action"":""split"",""order_decision"":""only_cost""},""phase"":""high""},{""action"":{""candidate_id"":3,""schedule_alpha"":0.5},""phase"":""select""},{""action"":{""search_k"":1,""search_strategy"":""default""},""phase"":""search""},{""action"":{""execution_action"":""none"",""lip_action"":""none""},""phase"":""low""},{""action"":{""high_action"":""split"",""order_decision"":""only_cost""},""phase"":""high""},{""action"":{""candidate_id"":1,""schedule_alpha"":0.5},""phase"":""select""},{""action"":{""search_k"":1,""search_strategy"":""default""},""phase"":""search""},{""action"":{""execution_action"":""none"",""lip_action"":""none""},""phase"":""low""},{""action"":{""high_action"":""split"",""order_decision"":""only_cost""},""phase"":""high""},{""action"":{""candidate_id"":3,""schedule_alpha"":0.5},""phase"":""select""},{""action"":{""search_k"":1,""search_strategy"":""default""},""phase"":""search""},{""action"":{""execution_action"":""none"",""lip_action"":""none""},""phase"":""low""},{""action"":{""high_action"":""split"",""order_decision"":""only_cost""},""phase"":""high""},{""action"":{""candidate_id"":0,""schedule_alpha"":0.5},""phase"":""select""},{""action"":{""search_k"":1,""search_strategy"":""default""},""phase"":""search""},{""action"":{""execution_action"":""none"",""lip_action"":""none""},""phase"":""low""},{""action"":{""high_action"":""split"",""order_decision"":""only_cost""},""phase"":""high""},{""action"":{""candidate_id"":0,""schedule_alpha"":0.5},""phase"":""select""},{""action"":{""search_k"":1,""search_strategy"":""default""},""phase"":""search""},{""action"":{""execution_action"":""none"",""lip_action"":""none""},""phase"":""low""},{""action"":{""high_action"":""split"",""order_decision"":""only_cost""},""phase"":""high""},{""action"":{""candidate_id"":1,""schedule_alpha"":0.5},""phase"":""select""},{""action"":{""search_k"":1,""search_strategy"":""default""},""phase"":""search""},{""action"":{""execution_action"":""none"",""lip_action"":""none""},""phase"":""low""},{""action"":{""high_action"":""stop"",""order_decision"":""only_cost""},""phase"":""high""},{""action"":{""search_k"":1,""search_strategy"":""default""},""phase"":""search""},{""action"":{""execution_action"":""none"",""lip_action"":""none""},""phase"":""low""}]"
STACK,b,./workloads/query_stack/q2_q2-081.sql,w/o Plan Topology,958.485424518585,56.250000000000,ok,1a7d78a8eb8abd7af47cccb03fcdc9f93bc4eace3114dc327e9797bd85744335,87,True,3e8a163dd4a6445db7949acc99448a9e73fc484e5c89188d8633a65981ec8978,ab8c95f8a297437641b2f01ae1a628b897ab1d2bf0ec949b221d2d93348d239e,./results/models/ablation/state/no_plan_topology/stack/random_b/best.pt,"[{""action"":{""high_action"":""split"",""order_decision"":""only_cost""},""phase"":""high""},{""action"":{""candidate_id"":0,""schedule_alpha"":0.5},""phase"":""select""},{""action"":{""search_k"":1,""search_strategy"":""default""},""phase"":""search""},{""action"":{""execution_action"":""none"",""lip_action"":""none""},""phase"":""low""},{""action"":{""high_action"":""split"",""order_decision"":""only_cost""},""phase"":""high""},{""action"":{""candidate_id"":3,""schedule_alpha"":0.5},""phase"":""select""},{""action"":{""search_k"":1,""search_strategy"":""default""},""phase"":""search""},{""action"":{""execution_action"":""none"",""lip_action"":""none""},""phase"":""low""},{""action"":{""high_action"":""split"",""order_decision"":""only_cost""},""phase"":""high""},{""action"":{""candidate_id"":1,""schedule_alpha"":0.5},""phase"":""select""},{""action"":{""search_k"":1,""search_strategy"":""default""},""phase"":""search""},{""action"":{""execution_action"":""none"",""lip_action"":""none""},""phase"":""low""},{""action"":{""high_action"":""split"",""order_decision"":""only_cost""},""phase"":""high""},{""action"":{""candidate_id"":3,""schedule_alpha"":0.5},""phase"":""select""},{""action"":{""search_k"":1,""search_strategy"":""default""},""phase"":""search""},{""action"":{""execution_action"":""none"",""lip_action"":""none""},""phase"":""low""},{""action"":{""high_action"":""split"",""order_decision"":""only_cost""},""phase"":""high""},{""action"":{""candidate_id"":0,""schedule_alpha"":0.5},""phase"":""select""},{""action"":{""search_k"":1,""search_strategy"":""default""},""phase"":""search""},{""action"":{""execution_action"":""none"",""lip_action"":""none""},""phase"":""low""},{""action"":{""high_action"":""split"",""order_decision"":""only_cost""},""phase"":""high""},{""action"":{""candidate_id"":0,""schedule_alpha"":0.5},""phase"":""select""},{""action"":{""search_k"":1,""search_strategy"":""default""},""phase"":""search""},{""action"":{""execution_action"":""none"",""lip_action"":""none""},""phase"":""low""},{""action"":{""high_action"":""split"",""order_decision"":""only_cost""},""phase"":""high""},{""action"":{""candidate_id"":1,""schedule_alpha"":0.5},""phase"":""select""},{""action"":{""search_k"":1,""search_strategy"":""default""},""phase"":""search""},{""action"":{""execution_action"":""none"",""lip_action"":""none""},""phase"":""low""},{""action"":{""high_action"":""stop"",""order_decision"":""only_cost""},""phase"":""high""},{""action"":{""search_k"":1,""search_strategy"":""default""},""phase"":""search""},{""action"":{""execution_action"":""none"",""lip_action"":""none""},""phase"":""low""}]"
STACK,b,./workloads/query_stack/q3_q3-018.sql,w/o Plan Topology,1431.265160441399,66.509000000000,ok,ce8ae4a1c41bb6ace1751e8b691713500edc7b921b9a42bfde4909ad43ad647a,1,True,575601bf9f5ce579a229db99839ebe7de26ac9d8057c5e917ba1574901bd907b,8b9868442319ef24885cbe780a74e455c05eed94997f20e5cf72805bd6184263,./results/models/ablation/state/no_plan_topology/stack/random_b/best.pt,"[{""action"":{""high_action"":""split"",""order_decision"":""only_cost""},""phase"":""high""},{""action"":{""candidate_id"":0,""schedule_alpha"":0.5},""phase"":""select""},{""action"":{""search_k"":1,""search_strategy"":""default""},""phase"":""search""},{""action"":{""execution_action"":""none"",""lip_action"":""none""},""phase"":""low""},{""action"":{""high_action"":""split"",""order_decision"":""only_cost""},""phase"":""high""},{""action"":{""candidate_id"":4,""schedule_alpha"":0.5},""phase"":""select""},{""action"":{""search_k"":1,""search_strategy"":""default""},""phase"":""search""},{""action"":{""execution_action"":""none"",""lip_action"":""none""},""phase"":""low""},{""action"":{""high_action"":""split"",""order_decision"":""only_cost""},""phase"":""high""},{""action"":{""candidate_id"":2,""schedule_alpha"":0.5},""phase"":""select""},{""action"":{""search_k"":1,""search_strategy"":""default""},""phase"":""search""},{""action"":{""execution_action"":""none"",""lip_action"":""none""},""phase"":""low""},{""action"":{""high_action"":""split"",""order_decision"":""only_cost""},""phase"":""high""},{""action"":{""candidate_id"":4,""schedule_alpha"":0.5},""phase"":""select""},{""action"":{""search_k"":1,""search_strategy"":""default""},""phase"":""search""},{""action"":{""execution_action"":""none"",""lip_action"":""none""},""phase"":""low""},{""action"":{""high_action"":""split"",""order_decision"":""only_cost""},""phase"":""high""},{""action"":{""candidate_id"":0,""schedule_alpha"":0.5},""phase"":""select""},{""action"":{""search_k"":1,""search_strategy"":""default""},""phase"":""search""},{""action"":{""execution_action"":""none"",""lip_action"":""none""},""phase"":""low""},{""action"":{""high_action"":""split"",""order_decision"":""only_cost""},""phase"":""high""},{""action"":{""candidate_id"":0,""schedule_alpha"":0.5},""phase"":""select""},{""action"":{""search_k"":1,""search_strategy"":""default""},""phase"":""search""},{""action"":{""execution_action"":""none"",""lip_action"":""none""},""phase"":""low""},{""action"":{""high_action"":""split"",""order_decision"":""only_cost""},""phase"":""high""},{""action"":{""candidate_id"":0,""schedule_alpha"":0.5},""phase"":""select""},{""action"":{""search_k"":1,""search_strategy"":""default""},""phase"":""search""},{""action"":{""execution_action"":""none"",""lip_action"":""none""},""phase"":""low""},{""action"":{""high_action"":""split"",""order_decision"":""only_cost""},""phase"":""high""},{""action"":{""candidate_id"":1,""schedule_alpha"":0.5},""phase"":""select""},{""action"":{""search_k"":1,""search_strategy"":""default""},""phase"":""search""},{""action"":{""execution_action"":""none"",""lip_action"":""none""},""phase"":""low""},{""action"":{""high_action"":""stop"",""order_decision"":""only_cost""},""phase"":""high""},{""action"":{""search_k"":1,""search_strategy"":""default""},""phase"":""search""},{""action"":{""execution_action"":""none"",""lip_action"":""none""},""phase"":""low""}]"
STACK,b,./workloads/query_stack/q3_q3-040.sql,w/o Plan Topology,26239.951692521572,137.646000000000,ok,7339417584b8a11219c126574a9eb259201d823711355fede0b243967980ea5c,1,True,0bae5df06459ca5a5634c077b2bacf55aea44df842cdcbd6d36697e82d97afca,5427cb5af6e5444fdc43616520f71efdc8811ab47b7f248e792ec831f4e76f3b,./results/models/ablation/state/no_plan_topology/stack/random_b/best.pt,"[{""action"":{""high_action"":""split"",""order_decision"":""only_cost""},""phase"":""high""},{""action"":{""candidate_id"":0,""schedule_alpha"":0.5},""phase"":""select""},{""action"":{""search_k"":1,""search_strategy"":""default""},""phase"":""search""},{""action"":{""execution_action"":""none"",""lip_action"":""none""},""phase"":""low""},{""action"":{""high_action"":""split"",""order_decision"":""only_cost""},""phase"":""high""},{""action"":{""candidate_id"":4,""schedule_alpha"":0.5},""phase"":""select""},{""action"":{""search_k"":1,""search_strategy"":""default""},""phase"":""search""},{""action"":{""execution_action"":""none"",""lip_action"":""none""},""phase"":""low""},{""action"":{""high_action"":""split"",""order_decision"":""only_cost""},""phase"":""high""},{""action"":{""candidate_id"":2,""schedule_alpha"":0.5},""phase"":""select""},{""action"":{""search_k"":1,""search_strategy"":""default""},""phase"":""search""},{""action"":{""execution_action"":""none"",""lip_action"":""none""},""phase"":""low""},{""action"":{""high_action"":""split"",""order_decision"":""only_cost""},""phase"":""high""},{""action"":{""candidate_id"":4,""schedule_alpha"":0.5},""phase"":""select""},{""action"":{""search_k"":1,""search_strategy"":""default""},""phase"":""search""},{""action"":{""execution_action"":""none"",""lip_action"":""none""},""phase"":""low""},{""action"":{""high_action"":""split"",""order_decision"":""only_cost""},""phase"":""high""},{""action"":{""candidate_id"":3,""schedule_alpha"":0.5},""phase"":""select""},{""action"":{""search_k"":1,""search_strategy"":""default""},""phase"":""search""},{""action"":{""execution_action"":""none"",""lip_action"":""none""},""phase"":""low""},{""action"":{""high_action"":""split"",""order_decision"":""only_cost""},""phase"":""high""},{""action"":{""candidate_id"":2,""schedule_alpha"":0.5},""phase"":""select""},{""action"":{""search_k"":1,""search_strategy"":""default""},""phase"":""search""},{""action"":{""execution_action"":""none"",""lip_action"":""none""},""phase"":""low""},{""action"":{""high_action"":""split"",""order_decision"":""only_cost""},""phase"":""high""},{""action"":{""candidate_id"":0,""schedule_alpha"":0.5},""phase"":""select""},{""action"":{""search_k"":1,""search_strategy"":""default""},""phase"":""search""},{""action"":{""execution_action"":""none"",""lip_action"":""none""},""phase"":""low""},{""action"":{""high_action"":""stop"",""order_decision"":""only_cost""},""phase"":""high""},{""action"":{""search_k"":1,""search_strategy"":""default""},""phase"":""search""},{""action"":{""execution_action"":""conservative"",""lip_action"":""none""},""phase"":""low""}]"
STACK,b,./workloads/query_stack/q3_q3-046.sql,w/o Plan Topology,1148.266382515430,141.527000000000,ok,64043c6a0d07cdab8939a506f1a097454642c5f07efa20f7d4c6ef417b0776a6,1,True,6373f2f5f27fbe6b17554586456e25e78eba5f098667687cb46de24204e83bc5,641991943f4b9a6877bfc84df94e50b96399c52d975e10f29e9e38908cf105ec,./results/models/ablation/state/no_plan_topology/stack/random_b/best.pt,"[{""action"":{""high_action"":""split"",""order_decision"":""only_cost""},""phase"":""high""},{""action"":{""candidate_id"":0,""schedule_alpha"":0.5},""phase"":""select""},{""action"":{""search_k"":1,""search_strategy"":""default""},""phase"":""search""},{""action"":{""execution_action"":""none"",""lip_action"":""none""},""phase"":""low""},{""action"":{""high_action"":""split"",""order_decision"":""only_cost""},""phase"":""high""},{""action"":{""candidate_id"":4,""schedule_alpha"":0.5},""phase"":""select""},{""action"":{""search_k"":1,""search_strategy"":""default""},""phase"":""search""},{""action"":{""execution_action"":""none"",""lip_action"":""none""},""phase"":""low""},{""action"":{""high_action"":""split"",""order_decision"":""only_cost""},""phase"":""high""},{""action"":{""candidate_id"":2,""schedule_alpha"":0.5},""phase"":""select""},{""action"":{""search_k"":1,""search_strategy"":""default""},""phase"":""search""},{""action"":{""execution_action"":""none"",""lip_action"":""none""},""phase"":""low""},{""action"":{""high_action"":""split"",""order_decision"":""only_cost""},""phase"":""high""},{""action"":{""candidate_id"":4,""schedule_alpha"":0.5},""phase"":""select""},{""action"":{""search_k"":1,""search_strategy"":""default""},""phase"":""search""},{""action"":{""execution_action"":""none"",""lip_action"":""none""},""phase"":""low""},{""action"":{""high_action"":""split"",""order_decision"":""only_cost""},""phase"":""high""},{""action"":{""candidate_id"":3,""schedule_alpha"":0.5},""phase"":""select""},{""action"":{""search_k"":1,""search_strategy"":""default""},""phase"":""search""},{""action"":{""execution_action"":""none"",""lip_action"":""none""},""phase"":""low""},{""action"":{""high_action"":""split"",""order_decision"":""only_cost""},""phase"":""high""},{""action"":{""candidate_id"":0,""schedule_alpha"":0.5},""phase"":""select""},{""action"":{""search_k"":1,""search_strategy"":""default""},""phase"":""search""},{""action"":{""execution_action"":""none"",""lip_action"":""none""},""phase"":""low""},{""action"":{""high_action"":""split"",""order_decision"":""only_cost""},""phase"":""high""},{""action"":{""candidate_id"":0,""schedule_alpha"":0.5},""phase"":""select""},{""action"":{""search_k"":1,""search_strategy"":""default""},""phase"":""search""},{""action"":{""execution_action"":""none"",""lip_action"":""none""},""phase"":""low""},{""action"":{""high_action"":""stop"",""order_decision"":""only_cost""},""phase"":""high""},{""action"":{""search_k"":1,""search_strategy"":""default""},""phase"":""search""},{""action"":{""execution_action"":""conservative"",""lip_action"":""none""},""phase"":""low""}]"
STACK,b,./workloads/query_stack/q4_q4-002.sql,w/o Plan Topology,246.671438217163,32.817000000000,ok,8d9224427d50897f4028dc9ce9334831ba3edb2057fb9035641159bd97fd4b36,1,True,08dd525ee3c6975da52735e795d97dbe2d979f6ead913c55c12974f91a5eeee1,080b740f06498a9a70384b412e61048fd739881ce6cb0fba18718ff2dd0a3a77,./results/models/ablation/state/no_plan_topology/stack/random_b/best.pt,"[{""action"":{""high_action"":""split"",""order_decision"":""only_cost""},""phase"":""high""},{""action"":{""candidate_id"":0,""schedule_alpha"":0.5},""phase"":""select""},{""action"":{""search_k"":1,""search_strategy"":""default""},""phase"":""search""},{""action"":{""execution_action"":""none"",""lip_action"":""none""},""phase"":""low""},{""action"":{""high_action"":""split"",""order_decision"":""only_cost""},""phase"":""high""},{""action"":{""candidate_id"":2,""schedule_alpha"":0.5},""phase"":""select""},{""action"":{""search_k"":1,""search_strategy"":""default""},""phase"":""search""},{""action"":{""execution_action"":""none"",""lip_action"":""none""},""phase"":""low""},{""action"":{""high_action"":""split"",""order_decision"":""only_cost""},""phase"":""high""},{""action"":{""candidate_id"":0,""schedule_alpha"":0.5},""phase"":""select""},{""action"":{""search_k"":1,""search_strategy"":""default""},""phase"":""search""},{""action"":{""execution_action"":""none"",""lip_action"":""none""},""phase"":""low""},{""action"":{""high_action"":""split"",""order_decision"":""only_cost""},""phase"":""high""},{""action"":{""candidate_id"":0,""schedule_alpha"":0.5},""phase"":""select""},{""action"":{""search_k"":1,""search_strategy"":""default""},""phase"":""search""},{""action"":{""execution_action"":""none"",""lip_action"":""none""},""phase"":""low""},{""action"":{""high_action"":""stop"",""order_decision"":""only_cost""},""phase"":""high""},{""action"":{""search_k"":1,""search_strategy"":""default""},""phase"":""search""},{""action"":{""execution_action"":""none"",""lip_action"":""none""},""phase"":""low""}]"
STACK,b,./workloads/query_stack/q4_q4-026.sql,w/o Plan Topology,165.867887437344,33.562000000000,ok,6bb5579c822808fcb721d8cf11517f9c65d428fb1724a44346b6b50f66a5c12a,1,True,775cf610f2b9ba12bedb3cad789b287398a310744d9c6239df4db881bf24c2de,0d9c1143bcbde9dd02cd03d27b001bb83f55879c92cf7839d29c3ce89f4cfb27,./results/models/ablation/state/no_plan_topology/stack/random_b/best.pt,"[{""action"":{""high_action"":""split"",""order_decision"":""only_cost""},""phase"":""high""},{""action"":{""candidate_id"":0,""schedule_alpha"":0.5},""phase"":""select""},{""action"":{""search_k"":1,""search_strategy"":""default""},""phase"":""search""},{""action"":{""execution_action"":""none"",""lip_action"":""none""},""phase"":""low""},{""action"":{""high_action"":""split"",""order_decision"":""only_cost""},""phase"":""high""},{""action"":{""candidate_id"":2,""schedule_alpha"":0.5},""phase"":""select""},{""action"":{""search_k"":1,""search_strategy"":""default""},""phase"":""search""},{""action"":{""execution_action"":""none"",""lip_action"":""none""},""phase"":""low""},{""action"":{""high_action"":""split"",""order_decision"":""only_cost""},""phase"":""high""},{""action"":{""candidate_id"":0,""schedule_alpha"":0.5},""phase"":""select""},{""action"":{""search_k"":1,""search_strategy"":""default""},""phase"":""search""},{""action"":{""execution_action"":""none"",""lip_action"":""none""},""phase"":""low""},{""action"":{""high_action"":""split"",""order_decision"":""only_cost""},""phase"":""high""},{""action"":{""candidate_id"":0,""schedule_alpha"":0.5},""phase"":""select""},{""action"":{""search_k"":1,""search_strategy"":""default""},""phase"":""search""},{""action"":{""execution_action"":""none"",""lip_action"":""none""},""phase"":""low""},{""action"":{""high_action"":""stop"",""order_decision"":""only_cost""},""phase"":""high""},{""action"":{""search_k"":1,""search_strategy"":""default""},""phase"":""search""},{""action"":{""execution_action"":""none"",""lip_action"":""none""},""phase"":""low""}]"
STACK,b,./workloads/query_stack/q4_q4-042.sql,w/o Plan Topology,237.684577703476,34.513000000000,ok,099f4aa74a0c476baaea1bc1bcc8e97e65f380bd7505b0e3c053b8ff1b3eabfa,1,True,244d6b97c3a583f7f58b713aa3c463b5acaab97ea5ca03cbda7dac43cd0f7a6c,08a74a3ce1c48e95cafdd8e0903bf9ceb63913b36ebeee4980602e9ff195ac39,./results/models/ablation/state/no_plan_topology/stack/random_b/best.pt,"[{""action"":{""high_action"":""split"",""order_decision"":""only_cost""},""phase"":""high""},{""action"":{""candidate_id"":0,""schedule_alpha"":0.5},""phase"":""select""},{""action"":{""search_k"":1,""search_strategy"":""default""},""phase"":""search""},{""action"":{""execution_action"":""none"",""lip_action"":""none""},""phase"":""low""},{""action"":{""high_action"":""split"",""order_decision"":""only_cost""},""phase"":""high""},{""action"":{""candidate_id"":2,""schedule_alpha"":0.5},""phase"":""select""},{""action"":{""search_k"":1,""search_strategy"":""default""},""phase"":""search""},{""action"":{""execution_action"":""none"",""lip_action"":""none""},""phase"":""low""},{""action"":{""high_action"":""split"",""order_decision"":""only_cost""},""phase"":""high""},{""action"":{""candidate_id"":0,""schedule_alpha"":0.5},""phase"":""select""},{""action"":{""search_k"":1,""search_strategy"":""default""},""phase"":""search""},{""action"":{""execution_action"":""none"",""lip_action"":""none""},""phase"":""low""},{""action"":{""high_action"":""split"",""order_decision"":""only_cost""},""phase"":""high""},{""action"":{""candidate_id"":0,""schedule_alpha"":0.5},""phase"":""select""},{""action"":{""search_k"":1,""search_strategy"":""default""},""phase"":""search""},{""action"":{""execution_action"":""none"",""lip_action"":""none""},""phase"":""low""},{""action"":{""high_action"":""stop"",""order_decision"":""only_cost""},""phase"":""high""},{""action"":{""search_k"":1,""search_strategy"":""default""},""phase"":""search""},{""action"":{""execution_action"":""none"",""lip_action"":""none""},""phase"":""low""}]"
STACK,b,./workloads/query_stack/q4_q4-064.sql,w/o Plan Topology,152.991436421871,34.223000000000,ok,5bc034fe2d35132d09a20748a3a8eda5057620d1e40f06136eb5805ed1a2d193,1,True,8dfd08c51f24f9760dbd2f26a18e507587bc55fba1590e7c10cbaabd88d5e54c,dfb3843d50b0c46677901d9609a6475655e58251a6510f62b0dc329354495b3b,./results/models/ablation/state/no_plan_topology/stack/random_b/best.pt,"[{""action"":{""high_action"":""split"",""order_decision"":""only_cost""},""phase"":""high""},{""action"":{""candidate_id"":0,""schedule_alpha"":0.5},""phase"":""select""},{""action"":{""search_k"":1,""search_strategy"":""default""},""phase"":""search""},{""action"":{""execution_action"":""none"",""lip_action"":""none""},""phase"":""low""},{""action"":{""high_action"":""split"",""order_decision"":""only_cost""},""phase"":""high""},{""action"":{""candidate_id"":2,""schedule_alpha"":0.5},""phase"":""select""},{""action"":{""search_k"":1,""search_strategy"":""default""},""phase"":""search""},{""action"":{""execution_action"":""none"",""lip_action"":""none""},""phase"":""low""},{""action"":{""high_action"":""split"",""order_decision"":""only_cost""},""phase"":""high""},{""action"":{""candidate_id"":0,""schedule_alpha"":0.5},""phase"":""select""},{""action"":{""search_k"":1,""search_strategy"":""default""},""phase"":""search""},{""action"":{""execution_action"":""none"",""lip_action"":""none""},""phase"":""low""},{""action"":{""high_action"":""split"",""order_decision"":""only_cost""},""phase"":""high""},{""action"":{""candidate_id"":0,""schedule_alpha"":0.5},""phase"":""select""},{""action"":{""search_k"":1,""search_strategy"":""default""},""phase"":""search""},{""action"":{""execution_action"":""none"",""lip_action"":""none""},""phase"":""low""},{""action"":{""high_action"":""stop"",""order_decision"":""only_cost""},""phase"":""high""},{""action"":{""search_k"":1,""search_strategy"":""default""},""phase"":""search""},{""action"":{""execution_action"":""none"",""lip_action"":""none""},""phase"":""low""}]"
STACK,b,./workloads/query_stack/q5_q5-041.sql,w/o Plan Topology,161.431401968002,85.017000000000,ok,cf96deac7d2faa6a3af89cedc636bf721427ff716ea6eb7050927ac3c0e0802a,1,True,525228935c8050391d658c14fa496dc8a7af75458f17fb5482f2e38faa325132,342b14066507ebe6779c211d47d9ba3a4d7c988dd26872d77c50c358aeeb4cd1,./results/models/ablation/state/no_plan_topology/stack/random_b/best.pt,"[{""action"":{""high_action"":""stop"",""order_decision"":""only_cost""},""phase"":""high""},{""action"":{""search_k"":1,""search_strategy"":""default""},""phase"":""search""},{""action"":{""execution_action"":""none"",""lip_action"":""none""},""phase"":""low""}]"
STACK,b,./workloads/query_stack/q5_q5-052.sql,w/o Plan Topology,96.906550228596,49.663000000000,ok,c6851781f092f229ce385161d54d84a1934580365f9dbd03ce28cad1d40a1d73,1,True,444e7591275ee3a9a31885794dbd36f4e0d982ed35bdd64a90aa43e9522b07b6,b93b5ceef4464991ff149944b79077b0e6fa11f70d86a37873ecdb38e3802a8b,./results/models/ablation/state/no_plan_topology/stack/random_b/best.pt,"[{""action"":{""high_action"":""stop"",""order_decision"":""only_cost""},""phase"":""high""},{""action"":{""search_k"":1,""search_strategy"":""default""},""phase"":""search""},{""action"":{""execution_action"":""none"",""lip_action"":""none""},""phase"":""low""}]"
STACK,b,./workloads/query_stack/q5_q5-079.sql,w/o Plan Topology,183.725826442242,51.963000000000,ok,ad2301e16f8ac0e556a59dd245bfdf55c48548fd352f0cf92a385882c89aebbd,1,True,59f5bae6b817bc41c33f32d26d1452776b88ae7eaa0bc1be29ac028a1374d765,49120826eeeb5ccc84f4a2ecc05caa1e449c75314b052caec81dda17ea587642,./results/models/ablation/state/no_plan_topology/stack/random_b/best.pt,"[{""action"":{""high_action"":""stop"",""order_decision"":""only_cost""},""phase"":""high""},{""action"":{""search_k"":1,""search_strategy"":""default""},""phase"":""search""},{""action"":{""execution_action"":""none"",""lip_action"":""none""},""phase"":""low""}]"
STACK,b,./workloads/query_stack/q5_q5-082.sql,w/o Plan Topology,137.931972742081,52.476000000000,ok,64043c6a0d07cdab8939a506f1a097454642c5f07efa20f7d4c6ef417b0776a6,1,True,2c61acd685869ce2eaa327b5eec0007bbf0e0f24e39acc4ab03f59c28d8c0c62,8e7d3f25974bca3bd6f6d36f4bdbd1c2d32333f41eeb7e0adea152eff0c754ce,./results/models/ablation/state/no_plan_topology/stack/random_b/best.pt,"[{""action"":{""high_action"":""stop"",""order_decision"":""only_cost""},""phase"":""high""},{""action"":{""search_k"":1,""search_strategy"":""default""},""phase"":""search""},{""action"":{""execution_action"":""none"",""lip_action"":""none""},""phase"":""low""}]"
STACK,b,./workloads/query_stack/q6_q6-064.sql,w/o Plan Topology,56.301780045033,21.743000000000,ok,e6f0f8d79adc05f93040da91ab04f3d215ad4b06c20176285c0994a20326a1c7,1,True,c0b0007913944d45a2a73f9387064e2f06024f4be89f4e0902f403592e61f4ba,f4b017e750ddd7363d3880b916550315ec9f678da6ef5087cb3b2905d0a77a01,./results/models/ablation/state/no_plan_topology/stack/random_b/best.pt,"[{""action"":{""high_action"":""stop"",""order_decision"":""only_cost""},""phase"":""high""},{""action"":{""search_k"":1,""search_strategy"":""default""},""phase"":""search""},{""action"":{""execution_action"":""none"",""lip_action"":""none""},""phase"":""low""}]"
STACK,b,./workloads/query_stack/q7_q7-036.sql,w/o Plan Topology,5453.402742743492,19.254000000000,ok,fa879e4fc50b8c9696eb4dbd6a0b301941889f11c3953bede1a1f9308c6c8618,1,True,93aba5e2c2261d0ba50ae5b51447a26f13b2b6dd6c2a2821ac2892ebb0d7f252,616c54c1ef328b20960e1812caa2aa958c3533568d260c77bc7f65d4021f385f,./results/models/ablation/state/no_plan_topology/stack/random_b/best.pt,"[{""action"":{""high_action"":""split"",""order_decision"":""only_cost""},""phase"":""high""},{""action"":{""candidate_id"":1,""schedule_alpha"":0.5},""phase"":""select""},{""action"":{""search_k"":1,""search_strategy"":""default""},""phase"":""search""},{""action"":{""execution_action"":""none"",""lip_action"":""none""},""phase"":""low""},{""action"":{""high_action"":""split"",""order_decision"":""only_cost""},""phase"":""high""},{""action"":{""candidate_id"":0,""schedule_alpha"":0.5},""phase"":""select""},{""action"":{""search_k"":1,""search_strategy"":""default""},""phase"":""search""},{""action"":{""execution_action"":""none"",""lip_action"":""none""},""phase"":""low""},{""action"":{""high_action"":""stop"",""order_decision"":""only_cost""},""phase"":""high""},{""action"":{""search_k"":1,""search_strategy"":""default""},""phase"":""search""},{""action"":{""execution_action"":""none"",""lip_action"":""none""},""phase"":""low""}]"
STACK,b,./workloads/query_stack/q7_q7-047.sql,w/o Plan Topology,5651.062354445457,19.444000000000,ok,fa879e4fc50b8c9696eb4dbd6a0b301941889f11c3953bede1a1f9308c6c8618,1,True,f360dce8e6ad3e084088ae05c9b43602e54f1a158decaa17af366189d1015620,87b6229f81d33dc77c9797e3f571fcf8dc453f2d8f5f409f84acb5a843fcf3af,./results/models/ablation/state/no_plan_topology/stack/random_b/best.pt,"[{""action"":{""high_action"":""split"",""order_decision"":""only_cost""},""phase"":""high""},{""action"":{""candidate_id"":1,""schedule_alpha"":0.5},""phase"":""select""},{""action"":{""search_k"":1,""search_strategy"":""default""},""phase"":""search""},{""action"":{""execution_action"":""none"",""lip_action"":""none""},""phase"":""low""},{""action"":{""high_action"":""split"",""order_decision"":""only_cost""},""phase"":""high""},{""action"":{""candidate_id"":1,""schedule_alpha"":0.5},""phase"":""select""},{""action"":{""search_k"":1,""search_strategy"":""default""},""phase"":""search""},{""action"":{""execution_action"":""none"",""lip_action"":""none""},""phase"":""low""},{""action"":{""high_action"":""stop"",""order_decision"":""only_cost""},""phase"":""high""},{""action"":{""search_k"":1,""search_strategy"":""default""},""phase"":""search""},{""action"":{""execution_action"":""none"",""lip_action"":""none""},""phase"":""low""}]"
STACK,b,./workloads/query_stack/q7_q7-095.sql,w/o Plan Topology,5577.702239155769,19.621000000000,ok,6e5557b7569a2d9a71b5f22b1f0b662ac75e91e1a3f70a0e8efb120b7f2df8f8,1,True,95ab0494c49d039897c82b180ed58b5cb28a5d4968880d2d52aac9a99b170293,494751b6340425fdc2df04e71b267491d8065635967e388991794c81a342c155,./results/models/ablation/state/no_plan_topology/stack/random_b/best.pt,"[{""action"":{""high_action"":""split"",""order_decision"":""only_cost""},""phase"":""high""},{""action"":{""candidate_id"":1,""schedule_alpha"":0.5},""phase"":""select""},{""action"":{""search_k"":1,""search_strategy"":""default""},""phase"":""search""},{""action"":{""execution_action"":""none"",""lip_action"":""none""},""phase"":""low""},{""action"":{""high_action"":""split"",""order_decision"":""only_cost""},""phase"":""high""},{""action"":{""candidate_id"":0,""schedule_alpha"":0.5},""phase"":""select""},{""action"":{""search_k"":1,""search_strategy"":""default""},""phase"":""search""},{""action"":{""execution_action"":""none"",""lip_action"":""none""},""phase"":""low""},{""action"":{""high_action"":""stop"",""order_decision"":""only_cost""},""phase"":""high""},{""action"":{""search_k"":1,""search_strategy"":""default""},""phase"":""search""},{""action"":{""execution_action"":""none"",""lip_action"":""none""},""phase"":""low""}]"
STACK,c,./workloads/query_stack/q11_e4ca3559.sql,w/o Plan Topology,189.573593437672,36.574000000000,ok,ab3e2686f1f4fa73ecc53675c92aebd79c076e9ba20aacfba85c80ca50fd9f81,1,True,b50e01790c2bf604234386774637b7f8a415ba726b40299067f097951f783c4b,9f820ba8f2c652d0bf4e6221643cccf3f2472a6edd92bcfe25d612e3c3691e90,./results/models/ablation/state/no_plan_topology/stack/random_c/best.pt,"[{""action"":{""high_action"":""stop"",""order_decision"":""only_cost""},""phase"":""high""},{""action"":{""search_k"":1,""search_strategy"":""default""},""phase"":""search""},{""action"":{""execution_action"":""none"",""lip_action"":""none""},""phase"":""low""}]"
STACK,c,./workloads/query_stack/q12_547c6bf1.sql,w/o Plan Topology,161.024890840054,42.364000000000,ok,9fbfc45e96c49c916707e21ed9289d7920e041e608ff529b37dc531d59ef2cbf,3,True,0a1ede763b028c1a8b610021a3068083dcd6964cf20012e775abbbc242fe0390,0c666a0ffe19bd16295d266ae71bee55eff4e2b2a4b6d36b9855b786883419a6,./results/models/ablation/state/no_plan_topology/stack/random_c/best.pt,"[{""action"":{""high_action"":""stop"",""order_decision"":""only_cost""},""phase"":""high""},{""action"":{""search_k"":1,""search_strategy"":""default""},""phase"":""search""},{""action"":{""execution_action"":""none"",""lip_action"":""none""},""phase"":""low""}]"
STACK,c,./workloads/query_stack/q12_55de941e.sql,w/o Plan Topology,4981.072120368481,47.847000000000,ok,ed936f160a5bbf03b84f27326c40026d39192e8573f0bddfac6d48db21462eca,9,True,a328781b06847ceb4b0fabb9470741bc24ca43238954d4a2ab1baf57d3773ad4,5b236c017bb98bc5e6d40a261790cdd19599d534cb0aea64d2c7775533a90fcb,./results/models/ablation/state/no_plan_topology/stack/random_c/best.pt,"[{""action"":{""high_action"":""stop"",""order_decision"":""only_cost""},""phase"":""high""},{""action"":{""search_k"":1,""search_strategy"":""default""},""phase"":""search""},{""action"":{""execution_action"":""none"",""lip_action"":""none""},""phase"":""low""}]"
STACK,c,./workloads/query_stack/q12_5a5ff9bd.sql,w/o Plan Topology,445.222772657871,45.697000000000,ok,1a51bed290669655d6e645dbe3fa43bc3948d0b44ce6eaf21817db2c0f56de80,11,True,949bdb781afe5e6c788fb8433d44ae8d4231b02b7b2d4fad5c7515a673f56891,23f4e4843f12a350a2133288a5f2cdeeb4731dab40783ab1e832baac344fbd2a,./results/models/ablation/state/no_plan_topology/stack/random_c/best.pt,"[{""action"":{""high_action"":""stop"",""order_decision"":""only_cost""},""phase"":""high""},{""action"":{""search_k"":1,""search_strategy"":""default""},""phase"":""search""},{""action"":{""execution_action"":""none"",""lip_action"":""none""},""phase"":""low""}]"
STACK,c,./workloads/query_stack/q13_935e2051.sql,w/o Plan Topology,13616.174876689911,242.104000000000,ok,a709b0ceec21e3d700b045e2ef4561b2998577a1d14ebf2a4f4fd9b19fb0ea38,100,True,1fba1b33d70a1dff66e1ac5f60de5435696a68d98931fbf74f2fbcdc887e87c0,237471749c938d8ead5334d2ad209269bcb546416452848efd5c5507edbfdfcc,./results/models/ablation/state/no_plan_topology/stack/random_c/best.pt,"[{""action"":{""high_action"":""split"",""order_decision"":""only_cost""},""phase"":""high""},{""action"":{""candidate_id"":3,""schedule_alpha"":0.5},""phase"":""select""},{""action"":{""search_k"":1,""search_strategy"":""default""},""phase"":""search""},{""action"":{""execution_action"":""none"",""lip_action"":""none""},""phase"":""low""},{""action"":{""high_action"":""split"",""order_decision"":""only_cost""},""phase"":""high""},{""action"":{""candidate_id"":3,""schedule_alpha"":0.5},""phase"":""select""},{""action"":{""search_k"":1,""search_strategy"":""default""},""phase"":""search""},{""action"":{""execution_action"":""none"",""lip_action"":""none""},""phase"":""low""},{""action"":{""high_action"":""split"",""order_decision"":""only_cost""},""phase"":""high""},{""action"":{""candidate_id"":1,""schedule_alpha"":0.5},""phase"":""select""},{""action"":{""search_k"":1,""search_strategy"":""default""},""phase"":""search""},{""action"":{""execution_action"":""none"",""lip_action"":""none""},""phase"":""low""},{""action"":{""high_action"":""split"",""order_decision"":""only_cost""},""phase"":""high""},{""action"":{""candidate_id"":1,""schedule_alpha"":0.5},""phase"":""select""},{""action"":{""search_k"":1,""search_strategy"":""default""},""phase"":""search""},{""action"":{""execution_action"":""none"",""lip_action"":""none""},""phase"":""low""},{""action"":{""high_action"":""split"",""order_decision"":""only_cost""},""phase"":""high""},{""action"":{""candidate_id"":0,""schedule_alpha"":0.5},""phase"":""select""},{""action"":{""search_k"":1,""search_strategy"":""default""},""phase"":""search""},{""action"":{""execution_action"":""none"",""lip_action"":""none""},""phase"":""low""},{""action"":{""high_action"":""stop"",""order_decision"":""only_cost""},""phase"":""high""},{""action"":{""search_k"":1,""search_strategy"":""default""},""phase"":""search""},{""action"":{""execution_action"":""none"",""lip_action"":""none""},""phase"":""low""}]"
STACK,c,./workloads/query_stack/q13_d383cd5b.sql,w/o Plan Topology,313.908092677593,39.291000000000,ok,45dde614f4629165c93e3ca3a061d5d3fd50a3814f1e5d35356b3f6c35a2dd47,39,True,0a33a7d48d4ffbf5c6c0d0cf2ec8382b19450ff16ad46a4031dbb6da60e7347c,70f5dcbbb04a3c0fef98969c13427f051cc0c96099723a50cfd5f7230133e214,./results/models/ablation/state/no_plan_topology/stack/random_c/best.pt,"[{""action"":{""high_action"":""split"",""order_decision"":""only_cost""},""phase"":""high""},{""action"":{""candidate_id"":3,""schedule_alpha"":0.5},""phase"":""select""},{""action"":{""search_k"":1,""search_strategy"":""default""},""phase"":""search""},{""action"":{""execution_action"":""none"",""lip_action"":""none""},""phase"":""low""},{""action"":{""high_action"":""split"",""order_decision"":""only_cost""},""phase"":""high""},{""action"":{""candidate_id"":3,""schedule_alpha"":0.5},""phase"":""select""},{""action"":{""search_k"":1,""search_strategy"":""default""},""phase"":""search""},{""action"":{""execution_action"":""none"",""lip_action"":""none""},""phase"":""low""},{""action"":{""high_action"":""split"",""order_decision"":""only_cost""},""phase"":""high""},{""action"":{""candidate_id"":1,""schedule_alpha"":0.5},""phase"":""select""},{""action"":{""search_k"":1,""search_strategy"":""default""},""phase"":""search""},{""action"":{""execution_action"":""none"",""lip_action"":""none""},""phase"":""low""},{""action"":{""high_action"":""split"",""order_decision"":""only_cost""},""phase"":""high""},{""action"":{""candidate_id"":1,""schedule_alpha"":0.5},""phase"":""select""},{""action"":{""search_k"":1,""search_strategy"":""default""},""phase"":""search""},{""action"":{""execution_action"":""none"",""lip_action"":""none""},""phase"":""low""},{""action"":{""high_action"":""split"",""order_decision"":""only_cost""},""phase"":""high""},{""action"":{""candidate_id"":0,""schedule_alpha"":0.5},""phase"":""select""},{""action"":{""search_k"":1,""search_strategy"":""default""},""phase"":""search""},{""action"":{""execution_action"":""none"",""lip_action"":""none""},""phase"":""low""},{""action"":{""high_action"":""stop"",""order_decision"":""only_cost""},""phase"":""high""},{""action"":{""search_k"":1,""search_strategy"":""default""},""phase"":""search""},{""action"":{""execution_action"":""none"",""lip_action"":""none""},""phase"":""low""}]"
STACK,c,./workloads/query_stack/q13_d4707be2.sql,w/o Plan Topology,863.551855087280,39.584000000000,ok,9893535665d036e9aff66d0afd386a7ee4323f75c6446f606135ada96f04d69a,5,True,5b65c8a182b6a3b613ca7ed367e33b7420780a04b053b8cc5cfe0d3e6f83ae2e,60c931d3c7c89dc924415f1c8df6c70a10b324353ad29a15544f721c56b018dc,./results/models/ablation/state/no_plan_topology/stack/random_c/best.pt,"[{""action"":{""high_action"":""split"",""order_decision"":""only_cost""},""phase"":""high""},{""action"":{""candidate_id"":3,""schedule_alpha"":0.5},""phase"":""select""},{""action"":{""search_k"":1,""search_strategy"":""default""},""phase"":""search""},{""action"":{""execution_action"":""none"",""lip_action"":""none""},""phase"":""low""},{""action"":{""high_action"":""split"",""order_decision"":""only_cost""},""phase"":""high""},{""action"":{""candidate_id"":3,""schedule_alpha"":0.5},""phase"":""select""},{""action"":{""search_k"":1,""search_strategy"":""default""},""phase"":""search""},{""action"":{""execution_action"":""none"",""lip_action"":""none""},""phase"":""low""},{""action"":{""high_action"":""split"",""order_decision"":""only_cost""},""phase"":""high""},{""action"":{""candidate_id"":1,""schedule_alpha"":0.5},""phase"":""select""},{""action"":{""search_k"":1,""search_strategy"":""default""},""phase"":""search""},{""action"":{""execution_action"":""none"",""lip_action"":""none""},""phase"":""low""},{""action"":{""high_action"":""split"",""order_decision"":""only_cost""},""phase"":""high""},{""action"":{""candidate_id"":1,""schedule_alpha"":0.5},""phase"":""select""},{""action"":{""search_k"":1,""search_strategy"":""default""},""phase"":""search""},{""action"":{""execution_action"":""none"",""lip_action"":""none""},""phase"":""low""},{""action"":{""high_action"":""split"",""order_decision"":""only_cost""},""phase"":""high""},{""action"":{""candidate_id"":0,""schedule_alpha"":0.5},""phase"":""select""},{""action"":{""search_k"":1,""search_strategy"":""default""},""phase"":""search""},{""action"":{""execution_action"":""none"",""lip_action"":""none""},""phase"":""low""},{""action"":{""high_action"":""stop"",""order_decision"":""only_cost""},""phase"":""high""},{""action"":{""search_k"":1,""search_strategy"":""default""},""phase"":""search""},{""action"":{""execution_action"":""none"",""lip_action"":""none""},""phase"":""low""}]"
STACK,c,./workloads/query_stack/q14_719e692d.sql,w/o Plan Topology,745.112709701061,51.753000000000,ok,ebb8d61d10ba762aebef5131b60d91915c71c0138f4d0434ee04e01d1df22f0b,1,True,effebde815c75fe785aa404bb122f540299c2e8f72ecdf6f79347644b773eaab,158e40c70f2cb0a413a74eef239b7dfff696704e4a2ba2915f24a9f7306fa929,./results/models/ablation/state/no_plan_topology/stack/random_c/best.pt,"[{""action"":{""high_action"":""stop"",""order_decision"":""only_cost""},""phase"":""high""},{""action"":{""search_k"":1,""search_strategy"":""default""},""phase"":""search""},{""action"":{""execution_action"":""none"",""lip_action"":""none""},""phase"":""low""}]"
STACK,c,./workloads/query_stack/q14_74fd1af6.sql,w/o Plan Topology,5855.434782803059,36.981000000000,ok,3b761369c29de1fbfbb19afc9da08d6a95e223b27fd34a05ff1d6982d5f19586,1,True,1931c5f4dcaadb5221cd2254100c7120c77a98ff5cf04c4ecdad564648d854f5,1f11ea8d1538f53f99e649e945f2ad8622f1582bfad61229f43248eb7196b8b9,./results/models/ablation/state/no_plan_topology/stack/random_c/best.pt,"[{""action"":{""high_action"":""split"",""order_decision"":""only_cost""},""phase"":""high""},{""action"":{""candidate_id"":3,""schedule_alpha"":0.5},""phase"":""select""},{""action"":{""search_k"":1,""search_strategy"":""default""},""phase"":""search""},{""action"":{""execution_action"":""none"",""lip_action"":""none""},""phase"":""low""},{""action"":{""high_action"":""split"",""order_decision"":""only_cost""},""phase"":""high""},{""action"":{""candidate_id"":3,""schedule_alpha"":0.5},""phase"":""select""},{""action"":{""search_k"":1,""search_strategy"":""default""},""phase"":""search""},{""action"":{""execution_action"":""none"",""lip_action"":""none""},""phase"":""low""},{""action"":{""high_action"":""split"",""order_decision"":""only_cost""},""phase"":""high""},{""action"":{""candidate_id"":1,""schedule_alpha"":0.5},""phase"":""select""},{""action"":{""search_k"":1,""search_strategy"":""default""},""phase"":""search""},{""action"":{""execution_action"":""none"",""lip_action"":""none""},""phase"":""low""},{""action"":{""high_action"":""split"",""order_decision"":""only_cost""},""phase"":""high""},{""action"":{""candidate_id"":1,""schedule_alpha"":0.5},""phase"":""select""},{""action"":{""search_k"":1,""search_strategy"":""default""},""phase"":""search""},{""action"":{""execution_action"":""none"",""lip_action"":""none""},""phase"":""low""},{""action"":{""high_action"":""split"",""order_decision"":""only_cost""},""phase"":""high""},{""action"":{""candidate_id"":0,""schedule_alpha"":0.5},""phase"":""select""},{""action"":{""search_k"":1,""search_strategy"":""default""},""phase"":""search""},{""action"":{""execution_action"":""none"",""lip_action"":""none""},""phase"":""low""},{""action"":{""high_action"":""stop"",""order_decision"":""only_cost""},""phase"":""high""},{""action"":{""search_k"":1,""search_strategy"":""default""},""phase"":""search""},{""action"":{""execution_action"":""none"",""lip_action"":""none""},""phase"":""low""}]"
STACK,c,./workloads/query_stack/q14_b49361f8.sql,w/o Plan Topology,360.141299664974,50.683000000000,ok,969d74d42f62e26fa0db6e5bcfbe73cfd39bd0bee628e1a2b7bac85672da7dc7,1,True,6b467f738a30b0fe1e96c673d7378baeea38420b55114ea7736aba623c29298c,d2ac3cb9ab4456c5dd6d0914ff4d683dedf6790d09a9841d5d7e7b9758b29b7b,./results/models/ablation/state/no_plan_topology/stack/random_c/best.pt,"[{""action"":{""high_action"":""stop"",""order_decision"":""only_cost""},""phase"":""high""},{""action"":{""search_k"":1,""search_strategy"":""default""},""phase"":""search""},{""action"":{""execution_action"":""none"",""lip_action"":""none""},""phase"":""low""}]"
STACK,c,./workloads/query_stack/q15_543ab3f7.sql,w/o Plan Topology,107.875816524029,26.539000000000,ok,b5de167d40941317a62ce34f775428763184c054b938b979bdf442f507469adc,5,True,be79b94b2188ab65014f4ac295ca3da452cc184daddbbdd3b9b5ffbbf671ae8b,ccfdfb4045a6efd18c4d1edc177d469964ab6ed73bb96c0f86a774a812d18841,./results/models/ablation/state/no_plan_topology/stack/random_c/best.pt,"[{""action"":{""high_action"":""split"",""order_decision"":""only_cost""},""phase"":""high""},{""action"":{""candidate_id"":1,""schedule_alpha"":0.5},""phase"":""select""},{""action"":{""search_k"":1,""search_strategy"":""default""},""phase"":""search""},{""action"":{""execution_action"":""none"",""lip_action"":""none""},""phase"":""low""},{""action"":{""high_action"":""split"",""order_decision"":""only_cost""},""phase"":""high""},{""action"":{""candidate_id"":1,""schedule_alpha"":0.5},""phase"":""select""},{""action"":{""search_k"":1,""search_strategy"":""default""},""phase"":""search""},{""action"":{""execution_action"":""none"",""lip_action"":""none""},""phase"":""low""},{""action"":{""high_action"":""split"",""order_decision"":""only_cost""},""phase"":""high""},{""action"":{""candidate_id"":0,""schedule_alpha"":0.5},""phase"":""select""},{""action"":{""search_k"":1,""search_strategy"":""default""},""phase"":""search""},{""action"":{""execution_action"":""none"",""lip_action"":""none""},""phase"":""low""},{""action"":{""high_action"":""stop"",""order_decision"":""only_cost""},""phase"":""high""},{""action"":{""search_k"":1,""search_strategy"":""default""},""phase"":""search""},{""action"":{""execution_action"":""none"",""lip_action"":""none""},""phase"":""low""}]"
STACK,c,./workloads/query_stack/q15_b2ee2c78.sql,w/o Plan Topology,649.727903306484,28.277000000000,ok,4f2a2a4af4cc7c51e656a7011a3af7914868d559c69a1464aa67d54fdb02b16b,80,True,efa1055ecd0f043de18decc920ee112e95ba5dd55ac48f3b86b7b451b024d00e,f6fdd35aa3c678fe8c3b9924afdf8347b68858710776eb378b60afb4fba8f3cb,./results/models/ablation/state/no_plan_topology/stack/random_c/best.pt,"[{""action"":{""high_action"":""split"",""order_decision"":""only_cost""},""phase"":""high""},{""action"":{""candidate_id"":1,""schedule_alpha"":0.5},""phase"":""select""},{""action"":{""search_k"":1,""search_strategy"":""default""},""phase"":""search""},{""action"":{""execution_action"":""none"",""lip_action"":""none""},""phase"":""low""},{""action"":{""high_action"":""split"",""order_decision"":""only_cost""},""phase"":""high""},{""action"":{""candidate_id"":1,""schedule_alpha"":0.5},""phase"":""select""},{""action"":{""search_k"":1,""search_strategy"":""default""},""phase"":""search""},{""action"":{""execution_action"":""none"",""lip_action"":""none""},""phase"":""low""},{""action"":{""high_action"":""split"",""order_decision"":""only_cost""},""phase"":""high""},{""action"":{""candidate_id"":0,""schedule_alpha"":0.5},""phase"":""select""},{""action"":{""search_k"":1,""search_strategy"":""default""},""phase"":""search""},{""action"":{""execution_action"":""none"",""lip_action"":""none""},""phase"":""low""},{""action"":{""high_action"":""stop"",""order_decision"":""only_cost""},""phase"":""high""},{""action"":{""search_k"":1,""search_strategy"":""default""},""phase"":""search""},{""action"":{""execution_action"":""none"",""lip_action"":""none""},""phase"":""low""}]"
STACK,c,./workloads/query_stack/q15_c9619ad4.sql,w/o Plan Topology,690.070725977421,27.208000000000,ok,6bd4586b45a0439088c3cc815feb62cfd22926e30b74e207eb611081b13bc629,33,True,1cdca1964f01cac0d511a215c3b92376fdbc35fbb6511d24e083f90391989773,5c2bbcbdc73dbe389ba5e566c367e9b570fec0b5f2ce24afbed07fd1e278e1d2,./results/models/ablation/state/no_plan_topology/stack/random_c/best.pt,"[{""action"":{""high_action"":""split"",""order_decision"":""only_cost""},""phase"":""high""},{""action"":{""candidate_id"":1,""schedule_alpha"":0.5},""phase"":""select""},{""action"":{""search_k"":1,""search_strategy"":""default""},""phase"":""search""},{""action"":{""execution_action"":""none"",""lip_action"":""none""},""phase"":""low""},{""action"":{""high_action"":""split"",""order_decision"":""only_cost""},""phase"":""high""},{""action"":{""candidate_id"":1,""schedule_alpha"":0.5},""phase"":""select""},{""action"":{""search_k"":1,""search_strategy"":""default""},""phase"":""search""},{""action"":{""execution_action"":""none"",""lip_action"":""none""},""phase"":""low""},{""action"":{""high_action"":""split"",""order_decision"":""only_cost""},""phase"":""high""},{""action"":{""candidate_id"":0,""schedule_alpha"":0.5},""phase"":""select""},{""action"":{""search_k"":1,""search_strategy"":""default""},""phase"":""search""},{""action"":{""execution_action"":""none"",""lip_action"":""none""},""phase"":""low""},{""action"":{""high_action"":""stop"",""order_decision"":""only_cost""},""phase"":""high""},{""action"":{""search_k"":1,""search_strategy"":""default""},""phase"":""search""},{""action"":{""execution_action"":""none"",""lip_action"":""none""},""phase"":""low""}]"
STACK,c,./workloads/query_stack/q16_1e863562.sql,w/o Plan Topology,3580.447450280190,27.025000000000,ok,d1e57e7b71a37991f5cbf6c0748694fc9ed5016441100b48bbd5f218abc2a3af,1,True,5dc47d94290db128bb50d469b9c17ba3c48b11be70b5ddc358dbbfa44d83c769,64ddb81db488ce4e8c3cef1e2ae35524e08c909719ad9cc87e5782afd0856ae0,./results/models/ablation/state/no_plan_topology/stack/random_c/best.pt,"[{""action"":{""high_action"":""split"",""order_decision"":""only_cost""},""phase"":""high""},{""action"":{""candidate_id"":1,""schedule_alpha"":0.5},""phase"":""select""},{""action"":{""search_k"":1,""search_strategy"":""default""},""phase"":""search""},{""action"":{""execution_action"":""none"",""lip_action"":""none""},""phase"":""low""},{""action"":{""high_action"":""split"",""order_decision"":""only_cost""},""phase"":""high""},{""action"":{""candidate_id"":1,""schedule_alpha"":0.5},""phase"":""select""},{""action"":{""search_k"":1,""search_strategy"":""default""},""phase"":""search""},{""action"":{""execution_action"":""none"",""lip_action"":""none""},""phase"":""low""},{""action"":{""high_action"":""split"",""order_decision"":""only_cost""},""phase"":""high""},{""action"":{""candidate_id"":0,""schedule_alpha"":0.5},""phase"":""select""},{""action"":{""search_k"":1,""search_strategy"":""default""},""phase"":""search""},{""action"":{""execution_action"":""none"",""lip_action"":""none""},""phase"":""low""},{""action"":{""high_action"":""stop"",""order_decision"":""only_cost""},""phase"":""high""},{""action"":{""search_k"":1,""search_strategy"":""default""},""phase"":""search""},{""action"":{""execution_action"":""none"",""lip_action"":""none""},""phase"":""low""}]"
STACK,c,./workloads/query_stack/q16_b1a96cd4.sql,w/o Plan Topology,738.976828753948,27.420000000000,ok,41b58143a8eeb8fdec2ac943a75e5dce841e5f91f0195101e60066219d775f05,1,True,f4819109218cea53d3274c7fbaecf662f4978ecbee217ff08a902d66aacf2db2,bfda2b75c81242490958eab36c019ca632dda885e748bdd1fdd4bb8f5b8f63de,./results/models/ablation/state/no_plan_topology/stack/random_c/best.pt,"[{""action"":{""high_action"":""split"",""order_decision"":""only_cost""},""phase"":""high""},{""action"":{""candidate_id"":1,""schedule_alpha"":0.5},""phase"":""select""},{""action"":{""search_k"":1,""search_strategy"":""default""},""phase"":""search""},{""action"":{""execution_action"":""none"",""lip_action"":""none""},""phase"":""low""},{""action"":{""high_action"":""split"",""order_decision"":""only_cost""},""phase"":""high""},{""action"":{""candidate_id"":1,""schedule_alpha"":0.5},""phase"":""select""},{""action"":{""search_k"":1,""search_strategy"":""default""},""phase"":""search""},{""action"":{""execution_action"":""none"",""lip_action"":""none""},""phase"":""low""},{""action"":{""high_action"":""split"",""order_decision"":""only_cost""},""phase"":""high""},{""action"":{""candidate_id"":0,""schedule_alpha"":0.5},""phase"":""select""},{""action"":{""search_k"":1,""search_strategy"":""default""},""phase"":""search""},{""action"":{""execution_action"":""none"",""lip_action"":""none""},""phase"":""low""},{""action"":{""high_action"":""stop"",""order_decision"":""only_cost""},""phase"":""high""},{""action"":{""search_k"":1,""search_strategy"":""default""},""phase"":""search""},{""action"":{""execution_action"":""none"",""lip_action"":""none""},""phase"":""low""}]"
STACK,c,./workloads/query_stack/q16_ea9efde5.sql,w/o Plan Topology,813.222758471966,48.157000000000,ok,ad066d12fc4fb54c3407e8d8ade387dbe9db61ad779fbaf8596895c87b6d15aa,1,True,6aed12a07ff9b3431a64ffef2027832648ae7e6eee45702dde69d018bb2b3c1e,3359717d1466f66d5a75d3fd083909179735c56700f70f2a5c79d4c3be2b12f1,./results/models/ablation/state/no_plan_topology/stack/random_c/best.pt,"[{""action"":{""high_action"":""stop"",""order_decision"":""only_cost""},""phase"":""high""},{""action"":{""search_k"":1,""search_strategy"":""default""},""phase"":""search""},{""action"":{""execution_action"":""none"",""lip_action"":""none""},""phase"":""low""}]"
STACK,c,./workloads/query_stack/q16_ed2ffeae.sql,w/o Plan Topology,1479.719355702400,27.071000000000,ok,1f5b522694ac21e12061ac5fe3b435c6d090355aa4909e541e8a2c0f591f9efe,1,True,0ed1a5245443af9b36081f3c6b953e9c0532066f39c17ae5f5793d40ac23f5ed,2155891e56e3f50593ec03e88eb9837187e396a9dd99205f1c00346d0d125ae3,./results/models/ablation/state/no_plan_topology/stack/random_c/best.pt,"[{""action"":{""high_action"":""split"",""order_decision"":""only_cost""},""phase"":""high""},{""action"":{""candidate_id"":1,""schedule_alpha"":0.5},""phase"":""select""},{""action"":{""search_k"":1,""search_strategy"":""default""},""phase"":""search""},{""action"":{""execution_action"":""none"",""lip_action"":""none""},""phase"":""low""},{""action"":{""high_action"":""split"",""order_decision"":""only_cost""},""phase"":""high""},{""action"":{""candidate_id"":1,""schedule_alpha"":0.5},""phase"":""select""},{""action"":{""search_k"":1,""search_strategy"":""default""},""phase"":""search""},{""action"":{""execution_action"":""none"",""lip_action"":""none""},""phase"":""low""},{""action"":{""high_action"":""split"",""order_decision"":""only_cost""},""phase"":""high""},{""action"":{""candidate_id"":0,""schedule_alpha"":0.5},""phase"":""select""},{""action"":{""search_k"":1,""search_strategy"":""default""},""phase"":""search""},{""action"":{""execution_action"":""none"",""lip_action"":""none""},""phase"":""low""},{""action"":{""high_action"":""stop"",""order_decision"":""only_cost""},""phase"":""high""},{""action"":{""search_k"":1,""search_strategy"":""default""},""phase"":""search""},{""action"":{""execution_action"":""none"",""lip_action"":""none""},""phase"":""low""}]"
STACK,c,./workloads/query_stack/q16_fbe34e8f.sql,w/o Plan Topology,7977.967500686646,39.275000000000,ok,7202cb33d764a70a4db92f7ee198c34db2e7d59491dc31cc3c655d406dc29487,1,True,68ebab8ee9f46f543ab927309bdb20794d3bdcd5d3927a4307a110960aa0a3f2,42ff94ce54c32c9f4be865055b2b1ffca9d7f60cd28498e05b98fdfd0b16f19b,./results/models/ablation/state/no_plan_topology/stack/random_c/best.pt,"[{""action"":{""high_action"":""stop"",""order_decision"":""only_cost""},""phase"":""high""},{""action"":{""search_k"":1,""search_strategy"":""default""},""phase"":""search""},{""action"":{""execution_action"":""none"",""lip_action"":""none""},""phase"":""low""}]"
STACK,c,./workloads/query_stack/q1_q1-031.sql,w/o Plan Topology,52.642144262791,37.549000000000,ok,c6851781f092f229ce385161d54d84a1934580365f9dbd03ce28cad1d40a1d73,1,True,92f12780fa27ca09be703aa2619467bc712453f35fcd4e2bbd2219834d6c8a67,2a49eeadc7a1940335063034b5c3599518403cc102144608323dc61cb55ee1f1,./results/models/ablation/state/no_plan_topology/stack/random_c/best.pt,"[{""action"":{""high_action"":""stop"",""order_decision"":""only_cost""},""phase"":""high""},{""action"":{""search_k"":1,""search_strategy"":""default""},""phase"":""search""},{""action"":{""execution_action"":""none"",""lip_action"":""none""},""phase"":""low""}]"
STACK,c,./workloads/query_stack/q1_q1-035.sql,w/o Plan Topology,57.136453688145,41.317000000000,ok,4c0f0a0bbb0c6e05c315b00e38442781160c6fb878b398b0d3c96fc9c63bf954,1,True,3232aebf6766a21f70dcf3aecca5edb3c6c0b2262ebd3a8a80ae7ff548cdf8ee,16e045bdc5019aa50d59c561d333ce8e8fced09f334bd62eded8ff4511854a0f,./results/models/ablation/state/no_plan_topology/stack/random_c/best.pt,"[{""action"":{""high_action"":""stop"",""order_decision"":""only_cost""},""phase"":""high""},{""action"":{""search_k"":1,""search_strategy"":""default""},""phase"":""search""},{""action"":{""execution_action"":""none"",""lip_action"":""none""},""phase"":""low""}]"
STACK,c,./workloads/query_stack/q2_q2-094.sql,w/o Plan Topology,797.137178480625,52.926000000000,ok,d0d8cdab081896241156e9724fb3acb1c9cffd1c34bf78ea9c055b48168fda45,17,True,f834f34226323299f0d504c6185532028a20b8a73b6b83e2175001b954b49fba,33c528330d7fb8d43e48ae0efeacb8cc27f4fee145a36a662acaa01c008cc872,./results/models/ablation/state/no_plan_topology/stack/random_c/best.pt,"[{""action"":{""high_action"":""split"",""order_decision"":""only_cost""},""phase"":""high""},{""action"":{""candidate_id"":0,""schedule_alpha"":0.5},""phase"":""select""},{""action"":{""search_k"":1,""search_strategy"":""default""},""phase"":""search""},{""action"":{""execution_action"":""none"",""lip_action"":""none""},""phase"":""low""},{""action"":{""high_action"":""split"",""order_decision"":""only_cost""},""phase"":""high""},{""action"":{""candidate_id"":3,""schedule_alpha"":0.5},""phase"":""select""},{""action"":{""search_k"":1,""search_strategy"":""default""},""phase"":""search""},{""action"":{""execution_action"":""none"",""lip_action"":""none""},""phase"":""low""},{""action"":{""high_action"":""split"",""order_decision"":""only_cost""},""phase"":""high""},{""action"":{""candidate_id"":1,""schedule_alpha"":0.5},""phase"":""select""},{""action"":{""search_k"":1,""search_strategy"":""default""},""phase"":""search""},{""action"":{""execution_action"":""none"",""lip_action"":""none""},""phase"":""low""},{""action"":{""high_action"":""split"",""order_decision"":""only_cost""},""phase"":""high""},{""action"":{""candidate_id"":3,""schedule_alpha"":0.5},""phase"":""select""},{""action"":{""search_k"":1,""search_strategy"":""default""},""phase"":""search""},{""action"":{""execution_action"":""none"",""lip_action"":""none""},""phase"":""low""},{""action"":{""high_action"":""split"",""order_decision"":""only_cost""},""phase"":""high""},{""action"":{""candidate_id"":0,""schedule_alpha"":0.5},""phase"":""select""},{""action"":{""search_k"":1,""search_strategy"":""default""},""phase"":""search""},{""action"":{""execution_action"":""none"",""lip_action"":""none""},""phase"":""low""},{""action"":{""high_action"":""split"",""order_decision"":""only_cost""},""phase"":""high""},{""action"":{""candidate_id"":0,""schedule_alpha"":0.5},""phase"":""select""},{""action"":{""search_k"":1,""search_strategy"":""default""},""phase"":""search""},{""action"":{""execution_action"":""none"",""lip_action"":""none""},""phase"":""low""},{""action"":{""high_action"":""split"",""order_decision"":""only_cost""},""phase"":""high""},{""action"":{""candidate_id"":1,""schedule_alpha"":0.5},""phase"":""select""},{""action"":{""search_k"":1,""search_strategy"":""default""},""phase"":""search""},{""action"":{""execution_action"":""none"",""lip_action"":""none""},""phase"":""low""},{""action"":{""high_action"":""stop"",""order_decision"":""only_cost""},""phase"":""high""},{""action"":{""search_k"":1,""search_strategy"":""default""},""phase"":""search""},{""action"":{""execution_action"":""none"",""lip_action"":""none""},""phase"":""low""}]"
STACK,c,./workloads/query_stack/q3_q3-066.sql,w/o Plan Topology,1422.289162874222,55.789000000000,ok,8e1e8f5d1a4199b0ebf310296b9f7f61e32ae978687b0c87cb3da769ebd6e5f3,1,True,0fc2830da721fb13ea19329abdd8550b63dacd81c53c4c314e84a80af641b163,dc04edee6c2685839f5851901c846d94c5b489b842f90abc210f288ba859395a,./results/models/ablation/state/no_plan_topology/stack/random_c/best.pt,"[{""action"":{""high_action"":""split"",""order_decision"":""only_cost""},""phase"":""high""},{""action"":{""candidate_id"":0,""schedule_alpha"":0.5},""phase"":""select""},{""action"":{""search_k"":1,""search_strategy"":""default""},""phase"":""search""},{""action"":{""execution_action"":""none"",""lip_action"":""none""},""phase"":""low""},{""action"":{""high_action"":""split"",""order_decision"":""only_cost""},""phase"":""high""},{""action"":{""candidate_id"":4,""schedule_alpha"":0.5},""phase"":""select""},{""action"":{""search_k"":1,""search_strategy"":""default""},""phase"":""search""},{""action"":{""execution_action"":""none"",""lip_action"":""none""},""phase"":""low""},{""action"":{""high_action"":""split"",""order_decision"":""only_cost""},""phase"":""high""},{""action"":{""candidate_id"":2,""schedule_alpha"":0.5},""phase"":""select""},{""action"":{""search_k"":1,""search_strategy"":""default""},""phase"":""search""},{""action"":{""execution_action"":""none"",""lip_action"":""none""},""phase"":""low""},{""action"":{""high_action"":""split"",""order_decision"":""only_cost""},""phase"":""high""},{""action"":{""candidate_id"":4,""schedule_alpha"":0.5},""phase"":""select""},{""action"":{""search_k"":1,""search_strategy"":""default""},""phase"":""search""},{""action"":{""execution_action"":""none"",""lip_action"":""none""},""phase"":""low""},{""action"":{""high_action"":""split"",""order_decision"":""only_cost""},""phase"":""high""},{""action"":{""candidate_id"":0,""schedule_alpha"":0.5},""phase"":""select""},{""action"":{""search_k"":1,""search_strategy"":""default""},""phase"":""search""},{""action"":{""execution_action"":""none"",""lip_action"":""none""},""phase"":""low""},{""action"":{""high_action"":""split"",""order_decision"":""only_cost""},""phase"":""high""},{""action"":{""candidate_id"":0,""schedule_alpha"":0.5},""phase"":""select""},{""action"":{""search_k"":1,""search_strategy"":""default""},""phase"":""search""},{""action"":{""execution_action"":""none"",""lip_action"":""none""},""phase"":""low""},{""action"":{""high_action"":""split"",""order_decision"":""only_cost""},""phase"":""high""},{""action"":{""candidate_id"":1,""schedule_alpha"":0.5},""phase"":""select""},{""action"":{""search_k"":1,""search_strategy"":""default""},""phase"":""search""},{""action"":{""execution_action"":""none"",""lip_action"":""none""},""phase"":""low""},{""action"":{""high_action"":""stop"",""order_decision"":""only_cost""},""phase"":""high""},{""action"":{""search_k"":1,""search_strategy"":""default""},""phase"":""search""},{""action"":{""execution_action"":""none"",""lip_action"":""none""},""phase"":""low""}]"
STACK,c,./workloads/query_stack/q3_q3-068.sql,w/o Plan Topology,1828.699633479118,57.228000000000,ok,15ad17c1ee3ad2b2e90a786f175ae3444bf0014bf70e31f1019f72ed9a18b52a,1,True,20fdf39e506792d619008bb9204a187a34af177bb3e9af0b8b8f9549238f1d95,409ad07ed58bf1a29a271fac2f8427abeb85d41e305c6a46d717dd3d6e06fe48,./results/models/ablation/state/no_plan_topology/stack/random_c/best.pt,"[{""action"":{""high_action"":""split"",""order_decision"":""only_cost""},""phase"":""high""},{""action"":{""candidate_id"":0,""schedule_alpha"":0.5},""phase"":""select""},{""action"":{""search_k"":1,""search_strategy"":""default""},""phase"":""search""},{""action"":{""execution_action"":""none"",""lip_action"":""none""},""phase"":""low""},{""action"":{""high_action"":""split"",""order_decision"":""only_cost""},""phase"":""high""},{""action"":{""candidate_id"":4,""schedule_alpha"":0.5},""phase"":""select""},{""action"":{""search_k"":1,""search_strategy"":""default""},""phase"":""search""},{""action"":{""execution_action"":""none"",""lip_action"":""none""},""phase"":""low""},{""action"":{""high_action"":""split"",""order_decision"":""only_cost""},""phase"":""high""},{""action"":{""candidate_id"":2,""schedule_alpha"":0.5},""phase"":""select""},{""action"":{""search_k"":1,""search_strategy"":""default""},""phase"":""search""},{""action"":{""execution_action"":""none"",""lip_action"":""none""},""phase"":""low""},{""action"":{""high_action"":""split"",""order_decision"":""only_cost""},""phase"":""high""},{""action"":{""candidate_id"":4,""schedule_alpha"":0.5},""phase"":""select""},{""action"":{""search_k"":1,""search_strategy"":""default""},""phase"":""search""},{""action"":{""execution_action"":""none"",""lip_action"":""none""},""phase"":""low""},{""action"":{""high_action"":""split"",""order_decision"":""only_cost""},""phase"":""high""},{""action"":{""candidate_id"":3,""schedule_alpha"":0.5},""phase"":""select""},{""action"":{""search_k"":1,""search_strategy"":""default""},""phase"":""search""},{""action"":{""execution_action"":""none"",""lip_action"":""none""},""phase"":""low""},{""action"":{""high_action"":""split"",""order_decision"":""only_cost""},""phase"":""high""},{""action"":{""candidate_id"":0,""schedule_alpha"":0.5},""phase"":""select""},{""action"":{""search_k"":1,""search_strategy"":""default""},""phase"":""search""},{""action"":{""execution_action"":""none"",""lip_action"":""none""},""phase"":""low""},{""action"":{""high_action"":""split"",""order_decision"":""only_cost""},""phase"":""high""},{""action"":{""candidate_id"":1,""schedule_alpha"":0.5},""phase"":""select""},{""action"":{""search_k"":1,""search_strategy"":""default""},""phase"":""search""},{""action"":{""execution_action"":""none"",""lip_action"":""none""},""phase"":""low""},{""action"":{""high_action"":""stop"",""order_decision"":""only_cost""},""phase"":""high""},{""action"":{""search_k"":1,""search_strategy"":""default""},""phase"":""search""},{""action"":{""execution_action"":""none"",""lip_action"":""none""},""phase"":""low""}]"
STACK,c,./workloads/query_stack/q3_q3-099.sql,w/o Plan Topology,438.974447548389,56.417000000000,ok,fa879e4fc50b8c9696eb4dbd6a0b301941889f11c3953bede1a1f9308c6c8618,1,True,404c1a0a753e182eefbaf7b70ffb635c0364c776744cda5110ba1b4394205009,849a44e772e2353cc2e22b204eb9c132c0bebbe42d158aa5bf4d38f6f6c1acb7,./results/models/ablation/state/no_plan_topology/stack/random_c/best.pt,"[{""action"":{""high_action"":""split"",""order_decision"":""only_cost""},""phase"":""high""},{""action"":{""candidate_id"":5,""schedule_alpha"":0.5},""phase"":""select""},{""action"":{""search_k"":1,""search_strategy"":""default""},""phase"":""search""},{""action"":{""execution_action"":""none"",""lip_action"":""none""},""phase"":""low""},{""action"":{""high_action"":""split"",""order_decision"":""only_cost""},""phase"":""high""},{""action"":{""candidate_id"":6,""schedule_alpha"":0.5},""phase"":""select""},{""action"":{""search_k"":1,""search_strategy"":""default""},""phase"":""search""},{""action"":{""execution_action"":""none"",""lip_action"":""none""},""phase"":""low""},{""action"":{""high_action"":""split"",""order_decision"":""only_cost""},""phase"":""high""},{""action"":{""candidate_id"":0,""schedule_alpha"":0.5},""phase"":""select""},{""action"":{""search_k"":1,""search_strategy"":""default""},""phase"":""search""},{""action"":{""execution_action"":""none"",""lip_action"":""none""},""phase"":""low""},{""action"":{""high_action"":""split"",""order_decision"":""only_cost""},""phase"":""high""},{""action"":{""candidate_id"":2,""schedule_alpha"":0.5},""phase"":""select""},{""action"":{""search_k"":1,""search_strategy"":""default""},""phase"":""search""},{""action"":{""execution_action"":""none"",""lip_action"":""none""},""phase"":""low""},{""action"":{""high_action"":""split"",""order_decision"":""only_cost""},""phase"":""high""},{""action"":{""candidate_id"":0,""schedule_alpha"":0.5},""phase"":""select""},{""action"":{""search_k"":1,""search_strategy"":""default""},""phase"":""search""},{""action"":{""execution_action"":""none"",""lip_action"":""none""},""phase"":""low""},{""action"":{""high_action"":""split"",""order_decision"":""only_cost""},""phase"":""high""},{""action"":{""candidate_id"":2,""schedule_alpha"":0.5},""phase"":""select""},{""action"":{""search_k"":1,""search_strategy"":""default""},""phase"":""search""},{""action"":{""execution_action"":""none"",""lip_action"":""none""},""phase"":""low""},{""action"":{""high_action"":""split"",""order_decision"":""only_cost""},""phase"":""high""},{""action"":{""candidate_id"":0,""schedule_alpha"":0.5},""phase"":""select""},{""action"":{""search_k"":1,""search_strategy"":""default""},""phase"":""search""},{""action"":{""execution_action"":""none"",""lip_action"":""none""},""phase"":""low""},{""action"":{""high_action"":""stop"",""order_decision"":""only_cost""},""phase"":""high""},{""action"":{""search_k"":1,""search_strategy"":""default""},""phase"":""search""},{""action"":{""execution_action"":""none"",""lip_action"":""none""},""phase"":""low""}]"
STACK,c,./workloads/query_stack/q4_q4-074.sql,w/o Plan Topology,261.649012565613,40.398000000000,ok,52364deeccd5ed1ad0488d008c0dbde2320a4be5c9fd243b9a1b6315f8633526,1,True,d636772074e94b52b05655a1b6fbbd3dd0b85ebb666704bf45d519782124b202,fe6f2945c13a19ef74e08f44b18cb5c88b5288dd87adf52448d53669f96d3690,./results/models/ablation/state/no_plan_topology/stack/random_c/best.pt,"[{""action"":{""high_action"":""stop"",""order_decision"":""only_cost""},""phase"":""high""},{""action"":{""search_k"":1,""search_strategy"":""default""},""phase"":""search""},{""action"":{""execution_action"":""none"",""lip_action"":""none""},""phase"":""low""}]"
STACK,c,./workloads/query_stack/q5_q5-015.sql,w/o Plan Topology,115.198545157909,70.800000000000,ok,1858f04d363cf5872d24a5f919513b6bbc758306539d1fb71c7d8ae739b7dde3,1,True,a72e687435679f54e95cc50ac1f949805bde249e7dd1ff1367b6ac3703c84a68,4a78cd7f877378e31d22b96fa5bbde261fe9b4359b34ad690362f0bee9c8d8b5,./results/models/ablation/state/no_plan_topology/stack/random_c/best.pt,"[{""action"":{""high_action"":""stop"",""order_decision"":""only_cost""},""phase"":""high""},{""action"":{""search_k"":1,""search_strategy"":""default""},""phase"":""search""},{""action"":{""execution_action"":""none"",""lip_action"":""none""},""phase"":""low""}]"
STACK,c,./workloads/query_stack/q5_q5-077.sql,w/o Plan Topology,118.122838437557,62.432000000000,ok,2bb4771eebb7b47365089a6a19756f2e83053e8323d7cd31fa1b6cfcfa7c9c64,1,True,d216094be4b7f0948b1b79e11aec75aa822de8664c5e3b26a5bfd872378f9c0e,7e4ffe2f8211b585b51b9682ecff7434bb9b30072bc9a12224f5f5e0762dd617,./results/models/ablation/state/no_plan_topology/stack/random_c/best.pt,"[{""action"":{""high_action"":""stop"",""order_decision"":""only_cost""},""phase"":""high""},{""action"":{""search_k"":1,""search_strategy"":""default""},""phase"":""search""},{""action"":{""execution_action"":""none"",""lip_action"":""none""},""phase"":""low""}]"
STACK,c,./workloads/query_stack/q6_q6-009.sql,w/o Plan Topology,67.805446684361,21.674000000000,ok,2bb4771eebb7b47365089a6a19756f2e83053e8323d7cd31fa1b6cfcfa7c9c64,1,True,dd981f3a53fc119e1335529e007418f03f374c591faf47dba1c46b5521e2b31e,66de7f56f3b26070ace0ec6ad1a9018a0c06b1628c778fad41431bb19eb16b90,./results/models/ablation/state/no_plan_topology/stack/random_c/best.pt,"[{""action"":{""high_action"":""stop"",""order_decision"":""only_cost""},""phase"":""high""},{""action"":{""search_k"":1,""search_strategy"":""default""},""phase"":""search""},{""action"":{""execution_action"":""none"",""lip_action"":""none""},""phase"":""low""}]"
STACK,c,./workloads/query_stack/q6_q6-069.sql,w/o Plan Topology,99.195092916489,56.062000000000,ok,ad2301e16f8ac0e556a59dd245bfdf55c48548fd352f0cf92a385882c89aebbd,1,True,af83b13798914cacfaa67f59929d672a30337be2438f661af9d11d2f2e2b48f0,074f6f363d6d0f771266afc24b3df3ef1d71be014306befb267660f76a5d8833,./results/models/ablation/state/no_plan_topology/stack/random_c/best.pt,"[{""action"":{""high_action"":""stop"",""order_decision"":""only_cost""},""phase"":""high""},{""action"":{""search_k"":1,""search_strategy"":""default""},""phase"":""search""},{""action"":{""execution_action"":""none"",""lip_action"":""none""},""phase"":""low""}]"
STACK,c,./workloads/query_stack/q7_q7-034.sql,w/o Plan Topology,5399.835363030434,17.875000000000,ok,fa879e4fc50b8c9696eb4dbd6a0b301941889f11c3953bede1a1f9308c6c8618,1,True,c11de721d05106b15cd0c3283053207cb534833814dc45392c7559f5e1d8249d,adb6686c520e7db84bbda144852402d8eb645cbbd669c6a4d64b1913ba32db3a,./results/models/ablation/state/no_plan_topology/stack/random_c/best.pt,"[{""action"":{""high_action"":""split"",""order_decision"":""only_cost""},""phase"":""high""},{""action"":{""candidate_id"":2,""schedule_alpha"":0.5},""phase"":""select""},{""action"":{""search_k"":1,""search_strategy"":""default""},""phase"":""search""},{""action"":{""execution_action"":""none"",""lip_action"":""none""},""phase"":""low""},{""action"":{""high_action"":""split"",""order_decision"":""only_cost""},""phase"":""high""},{""action"":{""candidate_id"":1,""schedule_alpha"":0.5},""phase"":""select""},{""action"":{""search_k"":1,""search_strategy"":""default""},""phase"":""search""},{""action"":{""execution_action"":""none"",""lip_action"":""none""},""phase"":""low""},{""action"":{""high_action"":""stop"",""order_decision"":""only_cost""},""phase"":""high""},{""action"":{""search_k"":1,""search_strategy"":""default""},""phase"":""search""},{""action"":{""execution_action"":""none"",""lip_action"":""none""},""phase"":""low""}]"
STACK,c,./workloads/query_stack/q7_q7-077.sql,w/o Plan Topology,5553.531028330326,19.034000000000,ok,91ceb6f253ad07a97c56603d48d7757d57db954f6118e3b861b1b2a27fffc679,1,True,ad708d1064a4a92cd613c209922639a671554338795557cdcd45a3b6c7320fc1,69ff8e64b0b1a204b5dee7d8d2d53152b7b8bb2329a7f9452f125658d7e0ca44,./results/models/ablation/state/no_plan_topology/stack/random_c/best.pt,"[{""action"":{""high_action"":""split"",""order_decision"":""only_cost""},""phase"":""high""},{""action"":{""candidate_id"":1,""schedule_alpha"":0.5},""phase"":""select""},{""action"":{""search_k"":1,""search_strategy"":""default""},""phase"":""search""},{""action"":{""execution_action"":""none"",""lip_action"":""none""},""phase"":""low""},{""action"":{""high_action"":""split"",""order_decision"":""only_cost""},""phase"":""high""},{""action"":{""candidate_id"":1,""schedule_alpha"":0.5},""phase"":""select""},{""action"":{""search_k"":1,""search_strategy"":""default""},""phase"":""search""},{""action"":{""execution_action"":""none"",""lip_action"":""none""},""phase"":""low""},{""action"":{""high_action"":""stop"",""order_decision"":""only_cost""},""phase"":""high""},{""action"":{""search_k"":1,""search_strategy"":""default""},""phase"":""search""},{""action"":{""execution_action"":""none"",""lip_action"":""none""},""phase"":""low""}]"
STACK,c,./workloads/query_stack/q7_q7-082.sql,w/o Plan Topology,5424.683369696140,19.594000000000,ok,64043c6a0d07cdab8939a506f1a097454642c5f07efa20f7d4c6ef417b0776a6,1,True,466075e19bbcc2ac6739ee8f6e4dd3721b15fceec510844b49fc976e980957be,4f2f352d638396c0b874fcdbe87b1ce487980046f15b2783a888fb98276138da,./results/models/ablation/state/no_plan_topology/stack/random_c/best.pt,"[{""action"":{""high_action"":""split"",""order_decision"":""only_cost""},""phase"":""high""},{""action"":{""candidate_id"":1,""schedule_alpha"":0.5},""phase"":""select""},{""action"":{""search_k"":1,""search_strategy"":""default""},""phase"":""search""},{""action"":{""execution_action"":""none"",""lip_action"":""none""},""phase"":""low""},{""action"":{""high_action"":""split"",""order_decision"":""only_cost""},""phase"":""high""},{""action"":{""candidate_id"":1,""schedule_alpha"":0.5},""phase"":""select""},{""action"":{""search_k"":1,""search_strategy"":""default""},""phase"":""search""},{""action"":{""execution_action"":""none"",""lip_action"":""none""},""phase"":""low""},{""action"":{""high_action"":""stop"",""order_decision"":""only_cost""},""phase"":""high""},{""action"":{""search_k"":1,""search_strategy"":""default""},""phase"":""search""},{""action"":{""execution_action"":""none"",""lip_action"":""none""},""phase"":""low""}]"
STACK,c,./workloads/query_stack/q8_q8-025.sql,w/o Plan Topology,367.025159299374,59.786000000000,ok,fa879e4fc50b8c9696eb4dbd6a0b301941889f11c3953bede1a1f9308c6c8618,1,True,255ed7cdc7c750bc45273907998e3f3111d9a63c27d221f32b9fb8f74aa8c723,02001da7b184475c3ced74ecb52b75f31851a3a05b37b6cf8cc9e00a41411243,./results/models/ablation/state/no_plan_topology/stack/random_c/best.pt,"[{""action"":{""high_action"":""stop"",""order_decision"":""only_cost""},""phase"":""high""},{""action"":{""search_k"":1,""search_strategy"":""default""},""phase"":""search""},{""action"":{""execution_action"":""none"",""lip_action"":""none""},""phase"":""low""}]"
STACK,c,./workloads/query_stack/q8_q8-046.sql,w/o Plan Topology,341.846406459808,42.950000000000,ok,fa879e4fc50b8c9696eb4dbd6a0b301941889f11c3953bede1a1f9308c6c8618,1,True,c029928f33e0735cb0b0f385e2c1e00e89b7523c8da78f69eeffac1f47e42dfc,be416e5bcb3571c65f5656dd67d87686d12bc27a39efc51a22837802cce3fd20,./results/models/ablation/state/no_plan_topology/stack/random_c/best.pt,"[{""action"":{""high_action"":""stop"",""order_decision"":""only_cost""},""phase"":""high""},{""action"":{""search_k"":1,""search_strategy"":""default""},""phase"":""search""},{""action"":{""execution_action"":""none"",""lip_action"":""none""},""phase"":""low""}]"
STACK,c,./workloads/query_stack/q8_q8-062.sql,w/o Plan Topology,365.074582397938,55.690000000000,ok,fa879e4fc50b8c9696eb4dbd6a0b301941889f11c3953bede1a1f9308c6c8618,1,True,61b1c1432e42929427f74ece18fbb3cad37a58cfecec4cb5f59f22a0c18fdee2,ec9b606b261db9c9eadfad2f92801ce983c6e29b5c4216f226fa07fdaf84a8a6,./results/models/ablation/state/no_plan_topology/stack/random_c/best.pt,"[{""action"":{""high_action"":""stop"",""order_decision"":""only_cost""},""phase"":""high""},{""action"":{""search_k"":1,""search_strategy"":""default""},""phase"":""search""},{""action"":{""execution_action"":""none"",""lip_action"":""none""},""phase"":""low""}]"
STACK,c,./workloads/query_stack/q8_q8-065.sql,w/o Plan Topology,362.655855715275,57.924000000000,ok,fa879e4fc50b8c9696eb4dbd6a0b301941889f11c3953bede1a1f9308c6c8618,1,True,778605860faf72f577dd6e053827cfc1823f9b8f93be490894310729e783ef18,e659202b52a8ea3c5aae71c2ab18b497af68b6369725c80c7bc68ab68b5e355e,./results/models/ablation/state/no_plan_topology/stack/random_c/best.pt,"[{""action"":{""high_action"":""stop"",""order_decision"":""only_cost""},""phase"":""high""},{""action"":{""search_k"":1,""search_strategy"":""default""},""phase"":""search""},{""action"":{""execution_action"":""none"",""lip_action"":""none""},""phase"":""low""}]"
STACK,c,./workloads/query_stack/q8_q8-074.sql,w/o Plan Topology,365.817397832870,56.249000000000,ok,fa879e4fc50b8c9696eb4dbd6a0b301941889f11c3953bede1a1f9308c6c8618,1,True,5934ae6c90bced178ffeca027508cd919b7c682d9b5677d87a75dad87b4e7f0a,0812b7efed2a87b6255f75d1faf12065b86eb5aaa7964e68548a2cc4b82c8162,./results/models/ablation/state/no_plan_topology/stack/random_c/best.pt,"[{""action"":{""high_action"":""stop"",""order_decision"":""only_cost""},""phase"":""high""},{""action"":{""search_k"":1,""search_strategy"":""default""},""phase"":""search""},{""action"":{""execution_action"":""none"",""lip_action"":""none""},""phase"":""low""}]"
STACK,c,./workloads/query_stack/q8_q8-096.sql,w/o Plan Topology,352.775916457176,46.080000000000,ok,fa879e4fc50b8c9696eb4dbd6a0b301941889f11c3953bede1a1f9308c6c8618,1,True,806896680ade4ec0510cf12586f1b7390d32bb84eec28552108349f48f522299,06b03347351e3ffd939ebef7935a0cde00a1a1c934efdcf0ad1205024445c88d,./results/models/ablation/state/no_plan_topology/stack/random_c/best.pt,"[{""action"":{""high_action"":""stop"",""order_decision"":""only_cost""},""phase"":""high""},{""action"":{""search_k"":1,""search_strategy"":""default""},""phase"":""search""},{""action"":{""execution_action"":""none"",""lip_action"":""none""},""phase"":""low""}]"
STACK,a,./workloads/query_stack/q11_0ea8bacd.sql,w/o Query Topology,276.419788599014,36.464000000000,ok,e349f2f2474df8d4f2d41b1fc06430a33d5c22c90af8234d1126eae004afa1f8,1,True,83356c39de0bc259190f81ad057d6d6a4094441fed328a01a1553411fc8645b9,563ed60297073a9aa74182ed82432dbaa98c3bddb444ded5ea5e16bda3080f38,./results/models/ablation/state/no_query_topology/stack/random_a/best.pt,"[{""action"":{""high_action"":""stop"",""order_decision"":""only_cost""},""phase"":""high""},{""action"":{""search_k"":1,""search_strategy"":""default""},""phase"":""search""},{""action"":{""execution_action"":""none"",""lip_action"":""none""},""phase"":""low""}]"
STACK,a,./workloads/query_stack/q11_33e1caf2.sql,w/o Query Topology,168.584227561951,35.958000000000,ok,3b026bf77cd8c853ad726e848876fa9b9d14b214e0fdb060795e5de209531439,1,True,ddda1b324fd04db7e04be386731111450acb5b69c63ac770181eb7a93acd0670,82a696119d2749eb36a72e8921097c0da6c48a5701af53493c8c24a4d12342db,./results/models/ablation/state/no_query_topology/stack/random_a/best.pt,"[{""action"":{""high_action"":""stop"",""order_decision"":""only_cost""},""phase"":""high""},{""action"":{""search_k"":1,""search_strategy"":""default""},""phase"":""search""},{""action"":{""execution_action"":""none"",""lip_action"":""none""},""phase"":""low""}]"
STACK,a,./workloads/query_stack/q11_6c5cba41.sql,w/o Query Topology,273.609913885593,30.123000000000,ok,9ee7ec0e2d68030c0bea45ce77084e1189b45131e00caed35c89c85b8c97506b,1,True,f625f4d87b813d0b813eb557eea13f767b8c4f90efdbaf82b56842e474186c67,9c03ae387a6beee467f556b1eddc56cf6fa4b8bda35643c3109e00338d6d86b5,./results/models/ablation/state/no_query_topology/stack/random_a/best.pt,"[{""action"":{""high_action"":""stop"",""order_decision"":""only_cost""},""phase"":""high""},{""action"":{""search_k"":1,""search_strategy"":""default""},""phase"":""search""},{""action"":{""execution_action"":""none"",""lip_action"":""none""},""phase"":""low""}]"
STACK,a,./workloads/query_stack/q11_9389f588.sql,w/o Query Topology,146.520942449570,36.259000000000,ok,e8807f4432a7632fddcc1e5456323b9a012fd4239fe6350e77c649c813f56d17,1,True,f1e1f6334193e53a1f58070a66adc36ee8593d575ace1bb2408dda967e08509c,6d7106811db3cba74e97accc094bd2c071f5e4d257d5c61d6a244416d21a401b,./results/models/ablation/state/no_query_topology/stack/random_a/best.pt,"[{""action"":{""high_action"":""stop"",""order_decision"":""only_cost""},""phase"":""high""},{""action"":{""search_k"":1,""search_strategy"":""default""},""phase"":""search""},{""action"":{""execution_action"":""none"",""lip_action"":""none""},""phase"":""low""}]"
STACK,a,./workloads/query_stack/q11_aa96c8d7.sql,w/o Query Topology,122.913323342800,37.385000000000,ok,70ae26643f4cb8280cc3f8568d58c9dcaae9ff78c7eb39886df79116206a91ef,1,True,551285dc759fc1996e7a82d90f7c870e860c9262759f3c4679af2aecc0ed86ec,b48058895c3c2d3b594709cc63213d6a2d9dca0cf375b3f6c1b01a45c5d8372e,./results/models/ablation/state/no_query_topology/stack/random_a/best.pt,"[{""action"":{""high_action"":""stop"",""order_decision"":""only_cost""},""phase"":""high""},{""action"":{""search_k"":1,""search_strategy"":""default""},""phase"":""search""},{""action"":{""execution_action"":""none"",""lip_action"":""none""},""phase"":""low""}]"
STACK,a,./workloads/query_stack/q12_07007205.sql,w/o Query Topology,648.371286690235,44.502000000000,ok,05bb5f175f4179b1313858f14bd4a26881b1d78c7677e41a72949d750e389322,14,True,2a53425ffe2ca085291762d29581405ec3ec0e87646f21d863b76bc0fc09f8e4,68b06ff28926f674047695f2596fe718f5667a4cd313436a76978110a2d31efd,./results/models/ablation/state/no_query_topology/stack/random_a/best.pt,"[{""action"":{""high_action"":""stop"",""order_decision"":""only_cost""},""phase"":""high""},{""action"":{""search_k"":1,""search_strategy"":""default""},""phase"":""search""},{""action"":{""execution_action"":""none"",""lip_action"":""none""},""phase"":""low""}]"
STACK,a,./workloads/query_stack/q12_76a47868.sql,w/o Query Topology,1632.975578308105,48.536000000000,ok,76e0efdb7c612efc084cab472853036e7af7c3f44b6fa0ac900f855a4d23837f,11,True,24e4c82b4518aaeae87ef6d8de4ad96d318958b47c8860e3e1eb169086adc923,03dbadc8f6d292e89f64015a7fa3d4cadc1c233dba637483b5a03cc0e86aa87c,./results/models/ablation/state/no_query_topology/stack/random_a/best.pt,"[{""action"":{""high_action"":""stop"",""order_decision"":""only_cost""},""phase"":""high""},{""action"":{""search_k"":1,""search_strategy"":""default""},""phase"":""search""},{""action"":{""execution_action"":""none"",""lip_action"":""none""},""phase"":""low""}]"
STACK,a,./workloads/query_stack/q13_13ad1b8c.sql,w/o Query Topology,554.905682802200,41.822000000000,ok,c27e557d38a3ef5f28a4686010fdcac1b4188a62c69d9bf8b73de7b6e1e1f667,100,True,054ac8d32922110550170b05dc2610a723c142df3c277fe25c2b408fee64c153,6463bb2d517b33fd9b0fcca5efe946f2d12f720e8bca15d2d62524f9c95b7553,./results/models/ablation/state/no_query_topology/stack/random_a/best.pt,"[{""action"":{""high_action"":""split"",""order_decision"":""only_cost""},""phase"":""high""},{""action"":{""candidate_id"":3,""schedule_alpha"":0.5},""phase"":""select""},{""action"":{""search_k"":1,""search_strategy"":""default""},""phase"":""search""},{""action"":{""execution_action"":""none"",""lip_action"":""none""},""phase"":""low""},{""action"":{""high_action"":""split"",""order_decision"":""only_cost""},""phase"":""high""},{""action"":{""candidate_id"":3,""schedule_alpha"":0.5},""phase"":""select""},{""action"":{""search_k"":1,""search_strategy"":""default""},""phase"":""search""},{""action"":{""execution_action"":""none"",""lip_action"":""none""},""phase"":""low""},{""action"":{""high_action"":""split"",""order_decision"":""only_cost""},""phase"":""high""},{""action"":{""candidate_id"":1,""schedule_alpha"":0.5},""phase"":""select""},{""action"":{""search_k"":1,""search_strategy"":""default""},""phase"":""search""},{""action"":{""execution_action"":""none"",""lip_action"":""none""},""phase"":""low""},{""action"":{""high_action"":""split"",""order_decision"":""only_cost""},""phase"":""high""},{""action"":{""candidate_id"":1,""schedule_alpha"":0.5},""phase"":""select""},{""action"":{""search_k"":1,""search_strategy"":""default""},""phase"":""search""},{""action"":{""execution_action"":""none"",""lip_action"":""none""},""phase"":""low""},{""action"":{""high_action"":""split"",""order_decision"":""only_cost""},""phase"":""high""},{""action"":{""candidate_id"":0,""schedule_alpha"":0.5},""phase"":""select""},{""action"":{""search_k"":1,""search_strategy"":""default""},""phase"":""search""},{""action"":{""execution_action"":""none"",""lip_action"":""none""},""phase"":""low""},{""action"":{""high_action"":""stop"",""order_decision"":""only_cost""},""phase"":""high""},{""action"":{""search_k"":1,""search_strategy"":""default""},""phase"":""search""},{""action"":{""execution_action"":""none"",""lip_action"":""none""},""phase"":""low""}]"
STACK,a,./workloads/query_stack/q13_1ddcc865.sql,w/o Query Topology,3725.948259234428,41.690000000000,ok,f04db08ffdd7b2d34c537b80c529d5ee4655c478bf55b6b443cda2c29fe8c485,100,True,4d16929c05a6e7dbe421e031d13410bad264be3162be63cb93c5e33d72b8cef7,f45a497f37961464d07c388ca7eab269fa2a18bd42d168c1712f7396b77cb766,./results/models/ablation/state/no_query_topology/stack/random_a/best.pt,"[{""action"":{""high_action"":""split"",""order_decision"":""only_cost""},""phase"":""high""},{""action"":{""candidate_id"":3,""schedule_alpha"":0.5},""phase"":""select""},{""action"":{""search_k"":1,""search_strategy"":""default""},""phase"":""search""},{""action"":{""execution_action"":""none"",""lip_action"":""none""},""phase"":""low""},{""action"":{""high_action"":""split"",""order_decision"":""only_cost""},""phase"":""high""},{""action"":{""candidate_id"":3,""schedule_alpha"":0.5},""phase"":""select""},{""action"":{""search_k"":1,""search_strategy"":""default""},""phase"":""search""},{""action"":{""execution_action"":""none"",""lip_action"":""none""},""phase"":""low""},{""action"":{""high_action"":""split"",""order_decision"":""only_cost""},""phase"":""high""},{""action"":{""candidate_id"":1,""schedule_alpha"":0.5},""phase"":""select""},{""action"":{""search_k"":1,""search_strategy"":""default""},""phase"":""search""},{""action"":{""execution_action"":""none"",""lip_action"":""none""},""phase"":""low""},{""action"":{""high_action"":""split"",""order_decision"":""only_cost""},""phase"":""high""},{""action"":{""candidate_id"":1,""schedule_alpha"":0.5},""phase"":""select""},{""action"":{""search_k"":1,""search_strategy"":""default""},""phase"":""search""},{""action"":{""execution_action"":""none"",""lip_action"":""none""},""phase"":""low""},{""action"":{""high_action"":""split"",""order_decision"":""only_cost""},""phase"":""high""},{""action"":{""candidate_id"":0,""schedule_alpha"":0.5},""phase"":""select""},{""action"":{""search_k"":1,""search_strategy"":""default""},""phase"":""search""},{""action"":{""execution_action"":""none"",""lip_action"":""none""},""phase"":""low""},{""action"":{""high_action"":""stop"",""order_decision"":""only_cost""},""phase"":""high""},{""action"":{""search_k"":1,""search_strategy"":""default""},""phase"":""search""},{""action"":{""execution_action"":""none"",""lip_action"":""none""},""phase"":""low""}]"
STACK,a,./workloads/query_stack/q13_add0df9d.sql,w/o Query Topology,923.336304724216,41.646000000000,ok,4daad1f8d536afd5e4a011cf36f5007c65521f947b5b789682c59e292db70bb8,100,True,d164a8a158bde80fa8dc5e1350ba11deed3aa780d9b6450868dacd74e6b80a2a,eb20838b081f889a8b7c4c1ec491f503cc4e4534d9163b0f3ef1a8b268116ab8,./results/models/ablation/state/no_query_topology/stack/random_a/best.pt,"[{""action"":{""high_action"":""split"",""order_decision"":""only_cost""},""phase"":""high""},{""action"":{""candidate_id"":3,""schedule_alpha"":0.5},""phase"":""select""},{""action"":{""search_k"":1,""search_strategy"":""default""},""phase"":""search""},{""action"":{""execution_action"":""none"",""lip_action"":""none""},""phase"":""low""},{""action"":{""high_action"":""split"",""order_decision"":""only_cost""},""phase"":""high""},{""action"":{""candidate_id"":3,""schedule_alpha"":0.5},""phase"":""select""},{""action"":{""search_k"":1,""search_strategy"":""default""},""phase"":""search""},{""action"":{""execution_action"":""none"",""lip_action"":""none""},""phase"":""low""},{""action"":{""high_action"":""split"",""order_decision"":""only_cost""},""phase"":""high""},{""action"":{""candidate_id"":1,""schedule_alpha"":0.5},""phase"":""select""},{""action"":{""search_k"":1,""search_strategy"":""default""},""phase"":""search""},{""action"":{""execution_action"":""none"",""lip_action"":""none""},""phase"":""low""},{""action"":{""high_action"":""split"",""order_decision"":""only_cost""},""phase"":""high""},{""action"":{""candidate_id"":1,""schedule_alpha"":0.5},""phase"":""select""},{""action"":{""search_k"":1,""search_strategy"":""default""},""phase"":""search""},{""action"":{""execution_action"":""none"",""lip_action"":""none""},""phase"":""low""},{""action"":{""high_action"":""split"",""order_decision"":""only_cost""},""phase"":""high""},{""action"":{""candidate_id"":0,""schedule_alpha"":0.5},""phase"":""select""},{""action"":{""search_k"":1,""search_strategy"":""default""},""phase"":""search""},{""action"":{""execution_action"":""none"",""lip_action"":""none""},""phase"":""low""},{""action"":{""high_action"":""stop"",""order_decision"":""only_cost""},""phase"":""high""},{""action"":{""search_k"":1,""search_strategy"":""default""},""phase"":""search""},{""action"":{""execution_action"":""none"",""lip_action"":""none""},""phase"":""low""}]"
STACK,a,./workloads/query_stack/q14_5e4835cd.sql,w/o Query Topology,505.149312317371,40.173000000000,ok,14127c168564cfe475a814f6f226c7b1548e036eee949d874aba3fd90031c613,1,True,4a78010f260da053ebf7713a111093d99c4ccd7c1fdc9f7fd0557c75593de62e,eed60dc66ed21789fcff6bafdfacc709426192056a3b69e95949420ad4716ed8,./results/models/ablation/state/no_query_topology/stack/random_a/best.pt,"[{""action"":{""high_action"":""split"",""order_decision"":""only_cost""},""phase"":""high""},{""action"":{""candidate_id"":3,""schedule_alpha"":0.5},""phase"":""select""},{""action"":{""search_k"":1,""search_strategy"":""default""},""phase"":""search""},{""action"":{""execution_action"":""none"",""lip_action"":""none""},""phase"":""low""},{""action"":{""high_action"":""split"",""order_decision"":""only_cost""},""phase"":""high""},{""action"":{""candidate_id"":3,""schedule_alpha"":0.5},""phase"":""select""},{""action"":{""search_k"":1,""search_strategy"":""default""},""phase"":""search""},{""action"":{""execution_action"":""none"",""lip_action"":""none""},""phase"":""low""},{""action"":{""high_action"":""split"",""order_decision"":""only_cost""},""phase"":""high""},{""action"":{""candidate_id"":1,""schedule_alpha"":0.5},""phase"":""select""},{""action"":{""search_k"":1,""search_strategy"":""default""},""phase"":""search""},{""action"":{""execution_action"":""none"",""lip_action"":""none""},""phase"":""low""},{""action"":{""high_action"":""split"",""order_decision"":""only_cost""},""phase"":""high""},{""action"":{""candidate_id"":1,""schedule_alpha"":0.5},""phase"":""select""},{""action"":{""search_k"":1,""search_strategy"":""default""},""phase"":""search""},{""action"":{""execution_action"":""none"",""lip_action"":""none""},""phase"":""low""},{""action"":{""high_action"":""split"",""order_decision"":""only_cost""},""phase"":""high""},{""action"":{""candidate_id"":0,""schedule_alpha"":0.5},""phase"":""select""},{""action"":{""search_k"":1,""search_strategy"":""default""},""phase"":""search""},{""action"":{""execution_action"":""none"",""lip_action"":""none""},""phase"":""low""},{""action"":{""high_action"":""stop"",""order_decision"":""only_cost""},""phase"":""high""},{""action"":{""search_k"":1,""search_strategy"":""default""},""phase"":""search""},{""action"":{""execution_action"":""none"",""lip_action"":""none""},""phase"":""low""}]"
STACK,a,./workloads/query_stack/q14_63c0776f.sql,w/o Query Topology,340.786024928093,39.557000000000,ok,65419f1249c055759a971aeb710eb11b18f9baff0adab7df6bd23e65e14f1aa7,1,True,0fb9ffcc7fe26e447d7d6a635915c4f0669be138e2335bfb5eccd9f6a069062e,7306b3ad722a70ef43b730db759ddc9bf65aca9c5fc5d8011825606d646ab07d,./results/models/ablation/state/no_query_topology/stack/random_a/best.pt,"[{""action"":{""high_action"":""split"",""order_decision"":""only_cost""},""phase"":""high""},{""action"":{""candidate_id"":3,""schedule_alpha"":0.5},""phase"":""select""},{""action"":{""search_k"":1,""search_strategy"":""default""},""phase"":""search""},{""action"":{""execution_action"":""none"",""lip_action"":""none""},""phase"":""low""},{""action"":{""high_action"":""split"",""order_decision"":""only_cost""},""phase"":""high""},{""action"":{""candidate_id"":3,""schedule_alpha"":0.5},""phase"":""select""},{""action"":{""search_k"":1,""search_strategy"":""default""},""phase"":""search""},{""action"":{""execution_action"":""none"",""lip_action"":""none""},""phase"":""low""},{""action"":{""high_action"":""split"",""order_decision"":""only_cost""},""phase"":""high""},{""action"":{""candidate_id"":1,""schedule_alpha"":0.5},""phase"":""select""},{""action"":{""search_k"":1,""search_strategy"":""default""},""phase"":""search""},{""action"":{""execution_action"":""none"",""lip_action"":""none""},""phase"":""low""},{""action"":{""high_action"":""split"",""order_decision"":""only_cost""},""phase"":""high""},{""action"":{""candidate_id"":1,""schedule_alpha"":0.5},""phase"":""select""},{""action"":{""search_k"":1,""search_strategy"":""default""},""phase"":""search""},{""action"":{""execution_action"":""none"",""lip_action"":""none""},""phase"":""low""},{""action"":{""high_action"":""split"",""order_decision"":""only_cost""},""phase"":""high""},{""action"":{""candidate_id"":0,""schedule_alpha"":0.5},""phase"":""select""},{""action"":{""search_k"":1,""search_strategy"":""default""},""phase"":""search""},{""action"":{""execution_action"":""none"",""lip_action"":""none""},""phase"":""low""},{""action"":{""high_action"":""stop"",""order_decision"":""only_cost""},""phase"":""high""},{""action"":{""search_k"":1,""search_strategy"":""default""},""phase"":""search""},{""action"":{""execution_action"":""none"",""lip_action"":""none""},""phase"":""low""}]"
STACK,a,./workloads/query_stack/q15_3e37e626.sql,w/o Query Topology,650.038182735443,27.289000000000,ok,23394de368e19ac28a4f7d6417b11ebabbe2b953543d04a019e20db4f7330805,43,True,8c952a3b694ee657401255abb9589ecb9ea13123ee2f2b564929319ddfb728bc,adbe1777e793c5dbcabf4deb923921a2b5f10c98978f2889717aaff4d2f8d26f,./results/models/ablation/state/no_query_topology/stack/random_a/best.pt,"[{""action"":{""high_action"":""split"",""order_decision"":""only_cost""},""phase"":""high""},{""action"":{""candidate_id"":1,""schedule_alpha"":0.5},""phase"":""select""},{""action"":{""search_k"":1,""search_strategy"":""default""},""phase"":""search""},{""action"":{""execution_action"":""none"",""lip_action"":""none""},""phase"":""low""},{""action"":{""high_action"":""split"",""order_decision"":""only_cost""},""phase"":""high""},{""action"":{""candidate_id"":1,""schedule_alpha"":0.5},""phase"":""select""},{""action"":{""search_k"":1,""search_strategy"":""default""},""phase"":""search""},{""action"":{""execution_action"":""none"",""lip_action"":""none""},""phase"":""low""},{""action"":{""high_action"":""split"",""order_decision"":""only_cost""},""phase"":""high""},{""action"":{""candidate_id"":0,""schedule_alpha"":0.5},""phase"":""select""},{""action"":{""search_k"":1,""search_strategy"":""default""},""phase"":""search""},{""action"":{""execution_action"":""none"",""lip_action"":""none""},""phase"":""low""},{""action"":{""high_action"":""stop"",""order_decision"":""only_cost""},""phase"":""high""},{""action"":{""search_k"":1,""search_strategy"":""default""},""phase"":""search""},{""action"":{""execution_action"":""none"",""lip_action"":""none""},""phase"":""low""}]"
STACK,a,./workloads/query_stack/q15_d5546c01.sql,w/o Query Topology,107.023291289806,26.414000000000,ok,39f37f8d1931b3bdf767e7510dd69509fbf23af1f7654933d0a4d291cbdd4418,0,True,395302ebec67dd17302ff8990bc641d13678a7341db5b6071c7a39a0cd9443b7,c97ecff8e2bc93a1f6816afcdb89c78a12fe578f2ca9f37edd5ee5871e2122ae,./results/models/ablation/state/no_query_topology/stack/random_a/best.pt,"[{""action"":{""high_action"":""split"",""order_decision"":""only_cost""},""phase"":""high""},{""action"":{""candidate_id"":1,""schedule_alpha"":0.5},""phase"":""select""},{""action"":{""search_k"":1,""search_strategy"":""default""},""phase"":""search""},{""action"":{""execution_action"":""none"",""lip_action"":""none""},""phase"":""low""},{""action"":{""high_action"":""split"",""order_decision"":""only_cost""},""phase"":""high""},{""action"":{""candidate_id"":1,""schedule_alpha"":0.5},""phase"":""select""},{""action"":{""search_k"":1,""search_strategy"":""default""},""phase"":""search""},{""action"":{""execution_action"":""none"",""lip_action"":""none""},""phase"":""low""},{""action"":{""high_action"":""split"",""order_decision"":""only_cost""},""phase"":""high""},{""action"":{""candidate_id"":0,""schedule_alpha"":0.5},""phase"":""select""},{""action"":{""search_k"":1,""search_strategy"":""default""},""phase"":""search""},{""action"":{""execution_action"":""none"",""lip_action"":""none""},""phase"":""low""},{""action"":{""high_action"":""stop"",""order_decision"":""only_cost""},""phase"":""high""},{""action"":{""search_k"":1,""search_strategy"":""default""},""phase"":""search""},{""action"":{""execution_action"":""none"",""lip_action"":""none""},""phase"":""low""}]"
STACK,a,./workloads/query_stack/q1_q1-009.sql,w/o Query Topology,66.872887313366,52.072000000000,ok,c17f9563e35b1d3affbba9d589f0939444dd322b179133e04b468e4c071e85cb,1,True,f6e0bfe5c2903e6a2545e0f16515dea9e3de107e9926dca5844a03da2394dd41,e7c22830f79d0da08b0e790690f5879258222db8018c11be2caf98bc9d2ddd58,./results/models/ablation/state/no_query_topology/stack/random_a/best.pt,"[{""action"":{""high_action"":""stop"",""order_decision"":""only_cost""},""phase"":""high""},{""action"":{""search_k"":1,""search_strategy"":""default""},""phase"":""search""},{""action"":{""execution_action"":""none"",""lip_action"":""none""},""phase"":""low""}]"
STACK,a,./workloads/query_stack/q1_q1-075.sql,w/o Query Topology,194.359093904495,30.150000000000,ok,806ab1e6dc9ec99abde1ddb9090f84d77cca8c86224442c3ccbc840127773c20,1,True,bc1aaeaeb2dbb8d6b805069b21c2cdbd57a311dd1374b357853e718a1abff4e5,391b0c06c6b62c170de92170286ed06e28baba99aa7d2f92332cf46ef2852345,./results/models/ablation/state/no_query_topology/stack/random_a/best.pt,"[{""action"":{""high_action"":""stop"",""order_decision"":""only_cost""},""phase"":""high""},{""action"":{""search_k"":1,""search_strategy"":""default""},""phase"":""search""},{""action"":{""execution_action"":""none"",""lip_action"":""none""},""phase"":""low""}]"
STACK,a,./workloads/query_stack/q2_q2-012.sql,w/o Query Topology,1147.398397326469,124.525000000000,ok,0c72a996aff17d5cf2385808714691e03eeae078feb603727bd285ed83162d82,42,True,bc6f481a2ea378d5dd49efdfebfb47a62ffab1087967ac87b38cda6eedaf17c4,0844c22d8b150e87a20a75fe96a26c8aafb980c17253f383c4ec96574a9ed738,./results/models/ablation/state/no_query_topology/stack/random_a/best.pt,"[{""action"":{""high_action"":""split"",""order_decision"":""only_cost""},""phase"":""high""},{""action"":{""candidate_id"":0,""schedule_alpha"":0.5},""phase"":""select""},{""action"":{""search_k"":1,""search_strategy"":""default""},""phase"":""search""},{""action"":{""execution_action"":""none"",""lip_action"":""none""},""phase"":""low""},{""action"":{""high_action"":""split"",""order_decision"":""only_cost""},""phase"":""high""},{""action"":{""candidate_id"":3,""schedule_alpha"":0.5},""phase"":""select""},{""action"":{""search_k"":1,""search_strategy"":""default""},""phase"":""search""},{""action"":{""execution_action"":""none"",""lip_action"":""none""},""phase"":""low""},{""action"":{""high_action"":""split"",""order_decision"":""only_cost""},""phase"":""high""},{""action"":{""candidate_id"":1,""schedule_alpha"":0.5},""phase"":""select""},{""action"":{""search_k"":1,""search_strategy"":""default""},""phase"":""search""},{""action"":{""execution_action"":""none"",""lip_action"":""none""},""phase"":""low""},{""action"":{""high_action"":""split"",""order_decision"":""only_cost""},""phase"":""high""},{""action"":{""candidate_id"":3,""schedule_alpha"":0.5},""phase"":""select""},{""action"":{""search_k"":1,""search_strategy"":""default""},""phase"":""search""},{""action"":{""execution_action"":""none"",""lip_action"":""none""},""phase"":""low""},{""action"":{""high_action"":""split"",""order_decision"":""only_cost""},""phase"":""high""},{""action"":{""candidate_id"":0,""schedule_alpha"":0.5},""phase"":""select""},{""action"":{""search_k"":1,""search_strategy"":""default""},""phase"":""search""},{""action"":{""execution_action"":""none"",""lip_action"":""none""},""phase"":""low""},{""action"":{""high_action"":""split"",""order_decision"":""only_cost""},""phase"":""high""},{""action"":{""candidate_id"":0,""schedule_alpha"":0.5},""phase"":""select""},{""action"":{""search_k"":1,""search_strategy"":""default""},""phase"":""search""},{""action"":{""execution_action"":""none"",""lip_action"":""none""},""phase"":""low""},{""action"":{""high_action"":""split"",""order_decision"":""only_cost""},""phase"":""high""},{""action"":{""candidate_id"":1,""schedule_alpha"":0.5},""phase"":""select""},{""action"":{""search_k"":1,""search_strategy"":""default""},""phase"":""search""},{""action"":{""execution_action"":""none"",""lip_action"":""none""},""phase"":""low""},{""action"":{""high_action"":""stop"",""order_decision"":""only_cost""},""phase"":""high""},{""action"":{""search_k"":1,""search_strategy"":""default""},""phase"":""search""},{""action"":{""execution_action"":""conservative"",""lip_action"":""none""},""phase"":""low""}]"
STACK,a,./workloads/query_stack/q2_q2-032.sql,w/o Query Topology,754.938140511513,141.193000000000,ok,216acde5b813524d45ac581fa2f7d38ac46b42e538ec967f54400b57065d6c7d,64,True,4f2f2b16e9b1f87a5864e82af5cb115fe71f74bd1c8a6c9e1cb5029ad09f3df6,8b8cf86a025a995f5ff26082720b3e8866eb4c9663e88400534daab5e91c5b9f,./results/models/ablation/state/no_query_topology/stack/random_a/best.pt,"[{""action"":{""high_action"":""split"",""order_decision"":""only_cost""},""phase"":""high""},{""action"":{""candidate_id"":0,""schedule_alpha"":0.5},""phase"":""select""},{""action"":{""search_k"":1,""search_strategy"":""default""},""phase"":""search""},{""action"":{""execution_action"":""none"",""lip_action"":""none""},""phase"":""low""},{""action"":{""high_action"":""split"",""order_decision"":""only_cost""},""phase"":""high""},{""action"":{""candidate_id"":3,""schedule_alpha"":0.5},""phase"":""select""},{""action"":{""search_k"":1,""search_strategy"":""default""},""phase"":""search""},{""action"":{""execution_action"":""none"",""lip_action"":""none""},""phase"":""low""},{""action"":{""high_action"":""split"",""order_decision"":""only_cost""},""phase"":""high""},{""action"":{""candidate_id"":1,""schedule_alpha"":0.5},""phase"":""select""},{""action"":{""search_k"":1,""search_strategy"":""default""},""phase"":""search""},{""action"":{""execution_action"":""none"",""lip_action"":""none""},""phase"":""low""},{""action"":{""high_action"":""split"",""order_decision"":""only_cost""},""phase"":""high""},{""action"":{""candidate_id"":3,""schedule_alpha"":0.5},""phase"":""select""},{""action"":{""search_k"":1,""search_strategy"":""default""},""phase"":""search""},{""action"":{""execution_action"":""none"",""lip_action"":""none""},""phase"":""low""},{""action"":{""high_action"":""split"",""order_decision"":""only_cost""},""phase"":""high""},{""action"":{""candidate_id"":0,""schedule_alpha"":0.5},""phase"":""select""},{""action"":{""search_k"":1,""search_strategy"":""default""},""phase"":""search""},{""action"":{""execution_action"":""none"",""lip_action"":""none""},""phase"":""low""},{""action"":{""high_action"":""split"",""order_decision"":""only_cost""},""phase"":""high""},{""action"":{""candidate_id"":1,""schedule_alpha"":0.5},""phase"":""select""},{""action"":{""search_k"":1,""search_strategy"":""default""},""phase"":""search""},{""action"":{""execution_action"":""none"",""lip_action"":""none""},""phase"":""low""},{""action"":{""high_action"":""stop"",""order_decision"":""only_cost""},""phase"":""high""},{""action"":{""search_k"":1,""search_strategy"":""default""},""phase"":""search""},{""action"":{""execution_action"":""conservative"",""lip_action"":""none""},""phase"":""low""}]"
STACK,a,./workloads/query_stack/q2_q2-035.sql,w/o Query Topology,1288.078337907791,46.954000000000,ok,7dde5286d3a49e885c56ee37d42b39b5355f4bfe86288386030d4a14652eff42,260,True,a1fc04c96459a7df56ec4ed7ce6102a2536651fffb6cdde50ff6c38abd6fd273,966e4f83bc3e4ad3599c0cf982122abc6b07d305ddff45cacec726910857a6f9,./results/models/ablation/state/no_query_topology/stack/random_a/best.pt,"[{""action"":{""high_action"":""split"",""order_decision"":""only_cost""},""phase"":""high""},{""action"":{""candidate_id"":0,""schedule_alpha"":0.5},""phase"":""select""},{""action"":{""search_k"":1,""search_strategy"":""default""},""phase"":""search""},{""action"":{""execution_action"":""none"",""lip_action"":""none""},""phase"":""low""},{""action"":{""high_action"":""split"",""order_decision"":""only_cost""},""phase"":""high""},{""action"":{""candidate_id"":3,""schedule_alpha"":0.5},""phase"":""select""},{""action"":{""search_k"":1,""search_strategy"":""default""},""phase"":""search""},{""action"":{""execution_action"":""none"",""lip_action"":""none""},""phase"":""low""},{""action"":{""high_action"":""split"",""order_decision"":""only_cost""},""phase"":""high""},{""action"":{""candidate_id"":1,""schedule_alpha"":0.5},""phase"":""select""},{""action"":{""search_k"":1,""search_strategy"":""default""},""phase"":""search""},{""action"":{""execution_action"":""none"",""lip_action"":""none""},""phase"":""low""},{""action"":{""high_action"":""split"",""order_decision"":""only_cost""},""phase"":""high""},{""action"":{""candidate_id"":3,""schedule_alpha"":0.5},""phase"":""select""},{""action"":{""search_k"":1,""search_strategy"":""default""},""phase"":""search""},{""action"":{""execution_action"":""none"",""lip_action"":""none""},""phase"":""low""},{""action"":{""high_action"":""split"",""order_decision"":""only_cost""},""phase"":""high""},{""action"":{""candidate_id"":2,""schedule_alpha"":0.5},""phase"":""select""},{""action"":{""search_k"":1,""search_strategy"":""default""},""phase"":""search""},{""action"":{""execution_action"":""none"",""lip_action"":""none""},""phase"":""low""},{""action"":{""high_action"":""split"",""order_decision"":""only_cost""},""phase"":""high""},{""action"":{""candidate_id"":1,""schedule_alpha"":0.5},""phase"":""select""},{""action"":{""search_k"":1,""search_strategy"":""default""},""phase"":""search""},{""action"":{""execution_action"":""none"",""lip_action"":""none""},""phase"":""low""},{""action"":{""high_action"":""stop"",""order_decision"":""only_cost""},""phase"":""high""},{""action"":{""search_k"":1,""search_strategy"":""default""},""phase"":""search""},{""action"":{""execution_action"":""none"",""lip_action"":""none""},""phase"":""low""}]"
STACK,a,./workloads/query_stack/q2_q2-050.sql,w/o Query Topology,899.749904870987,48.899000000000,ok,1e27f384fa81958d1078acb4bc8cbe0ad028ba630444fbf5b11bc7b9a721c652,5,True,2e9097e05fd53a5526addb96be403ac540139589a0334b6c5ec44271cb2c2b50,25108b04fbde6bede2673ec497a876f52cd7e6d676c87de3895403ab51b8f81f,./results/models/ablation/state/no_query_topology/stack/random_a/best.pt,"[{""action"":{""high_action"":""split"",""order_decision"":""only_cost""},""phase"":""high""},{""action"":{""candidate_id"":0,""schedule_alpha"":0.5},""phase"":""select""},{""action"":{""search_k"":1,""search_strategy"":""default""},""phase"":""search""},{""action"":{""execution_action"":""none"",""lip_action"":""none""},""phase"":""low""},{""action"":{""high_action"":""split"",""order_decision"":""only_cost""},""phase"":""high""},{""action"":{""candidate_id"":3,""schedule_alpha"":0.5},""phase"":""select""},{""action"":{""search_k"":1,""search_strategy"":""default""},""phase"":""search""},{""action"":{""execution_action"":""none"",""lip_action"":""none""},""phase"":""low""},{""action"":{""high_action"":""split"",""order_decision"":""only_cost""},""phase"":""high""},{""action"":{""candidate_id"":1,""schedule_alpha"":0.5},""phase"":""select""},{""action"":{""search_k"":1,""search_strategy"":""default""},""phase"":""search""},{""action"":{""execution_action"":""none"",""lip_action"":""none""},""phase"":""low""},{""action"":{""high_action"":""split"",""order_decision"":""only_cost""},""phase"":""high""},{""action"":{""candidate_id"":3,""schedule_alpha"":0.5},""phase"":""select""},{""action"":{""search_k"":1,""search_strategy"":""default""},""phase"":""search""},{""action"":{""execution_action"":""none"",""lip_action"":""none""},""phase"":""low""},{""action"":{""high_action"":""split"",""order_decision"":""only_cost""},""phase"":""high""},{""action"":{""candidate_id"":2,""schedule_alpha"":0.5},""phase"":""select""},{""action"":{""search_k"":1,""search_strategy"":""default""},""phase"":""search""},{""action"":{""execution_action"":""none"",""lip_action"":""none""},""phase"":""low""},{""action"":{""high_action"":""split"",""order_decision"":""only_cost""},""phase"":""high""},{""action"":{""candidate_id"":1,""schedule_alpha"":0.5},""phase"":""select""},{""action"":{""search_k"":1,""search_strategy"":""default""},""phase"":""search""},{""action"":{""execution_action"":""none"",""lip_action"":""none""},""phase"":""low""},{""action"":{""high_action"":""stop"",""order_decision"":""only_cost""},""phase"":""high""},{""action"":{""search_k"":1,""search_strategy"":""default""},""phase"":""search""},{""action"":{""execution_action"":""none"",""lip_action"":""none""},""phase"":""low""}]"
STACK,a,./workloads/query_stack/q2_q2-098.sql,w/o Query Topology,4157.110348343849,167.637000000000,ok,296776255fa5947d731d01e34f4d9e5afc8f65b116b688516e1b4283bd45f000,96,True,aadba07126b8dda37c1f86ffb95703d9c3c65ddd97908043aea9b9af1a93d404,c0299d09f79ae08934c6afcba409fe35102737fe4fd5d9e74719f802d92b1eac,./results/models/ablation/state/no_query_topology/stack/random_a/best.pt,"[{""action"":{""high_action"":""split"",""order_decision"":""only_cost""},""phase"":""high""},{""action"":{""candidate_id"":4,""schedule_alpha"":0.5},""phase"":""select""},{""action"":{""search_k"":1,""search_strategy"":""default""},""phase"":""search""},{""action"":{""execution_action"":""none"",""lip_action"":""none""},""phase"":""low""},{""action"":{""high_action"":""split"",""order_decision"":""only_cost""},""phase"":""high""},{""action"":{""candidate_id"":5,""schedule_alpha"":0.5},""phase"":""select""},{""action"":{""search_k"":1,""search_strategy"":""default""},""phase"":""search""},{""action"":{""execution_action"":""none"",""lip_action"":""none""},""phase"":""low""},{""action"":{""high_action"":""split"",""order_decision"":""only_cost""},""phase"":""high""},{""action"":{""candidate_id"":0,""schedule_alpha"":0.5},""phase"":""select""},{""action"":{""search_k"":1,""search_strategy"":""default""},""phase"":""search""},{""action"":{""execution_action"":""none"",""lip_action"":""none""},""phase"":""low""},{""action"":{""high_action"":""split"",""order_decision"":""only_cost""},""phase"":""high""},{""action"":{""candidate_id"":1,""schedule_alpha"":0.5},""phase"":""select""},{""action"":{""search_k"":1,""search_strategy"":""default""},""phase"":""search""},{""action"":{""execution_action"":""none"",""lip_action"":""none""},""phase"":""low""},{""action"":{""high_action"":""split"",""order_decision"":""only_cost""},""phase"":""high""},{""action"":{""candidate_id"":0,""schedule_alpha"":0.5},""phase"":""select""},{""action"":{""search_k"":1,""search_strategy"":""default""},""phase"":""search""},{""action"":{""execution_action"":""none"",""lip_action"":""none""},""phase"":""low""},{""action"":{""high_action"":""split"",""order_decision"":""only_cost""},""phase"":""high""},{""action"":{""candidate_id"":0,""schedule_alpha"":0.5},""phase"":""select""},{""action"":{""search_k"":1,""search_strategy"":""default""},""phase"":""search""},{""action"":{""execution_action"":""none"",""lip_action"":""none""},""phase"":""low""},{""action"":{""high_action"":""split"",""order_decision"":""only_cost""},""phase"":""high""},{""action"":{""candidate_id"":0,""schedule_alpha"":0.5},""phase"":""select""},{""action"":{""search_k"":1,""search_strategy"":""default""},""phase"":""search""},{""action"":{""execution_action"":""none"",""lip_action"":""none""},""phase"":""low""},{""action"":{""high_action"":""stop"",""order_decision"":""only_cost""},""phase"":""high""},{""action"":{""search_k"":1,""search_strategy"":""default""},""phase"":""search""},{""action"":{""execution_action"":""conservative"",""lip_action"":""none""},""phase"":""low""}]"
STACK,a,./workloads/query_stack/q3_q3-043.sql,w/o Query Topology,1538.005404174328,58.438000000000,ok,4c0f0a0bbb0c6e05c315b00e38442781160c6fb878b398b0d3c96fc9c63bf954,1,True,f3427bdaa807597eedca971c7a17b7ef9d99f38e105b2161939fe182c6462df9,4add2820a29dfe0c45cdc46fe99ea1ad7ba81568769955e4b9703dbc058ee0c4,./results/models/ablation/state/no_query_topology/stack/random_a/best.pt,"[{""action"":{""high_action"":""split"",""order_decision"":""only_cost""},""phase"":""high""},{""action"":{""candidate_id"":0,""schedule_alpha"":0.5},""phase"":""select""},{""action"":{""search_k"":1,""search_strategy"":""default""},""phase"":""search""},{""action"":{""execution_action"":""none"",""lip_action"":""none""},""phase"":""low""},{""action"":{""high_action"":""split"",""order_decision"":""only_cost""},""phase"":""high""},{""action"":{""candidate_id"":4,""schedule_alpha"":0.5},""phase"":""select""},{""action"":{""search_k"":1,""search_strategy"":""default""},""phase"":""search""},{""action"":{""execution_action"":""none"",""lip_action"":""none""},""phase"":""low""},{""action"":{""high_action"":""split"",""order_decision"":""only_cost""},""phase"":""high""},{""action"":{""candidate_id"":2,""schedule_alpha"":0.5},""phase"":""select""},{""action"":{""search_k"":1,""search_strategy"":""default""},""phase"":""search""},{""action"":{""execution_action"":""none"",""lip_action"":""none""},""phase"":""low""},{""action"":{""high_action"":""split"",""order_decision"":""only_cost""},""phase"":""high""},{""action"":{""candidate_id"":4,""schedule_alpha"":0.5},""phase"":""select""},{""action"":{""search_k"":1,""search_strategy"":""default""},""phase"":""search""},{""action"":{""execution_action"":""none"",""lip_action"":""none""},""phase"":""low""},{""action"":{""high_action"":""split"",""order_decision"":""only_cost""},""phase"":""high""},{""action"":{""candidate_id"":0,""schedule_alpha"":0.5},""phase"":""select""},{""action"":{""search_k"":1,""search_strategy"":""default""},""phase"":""search""},{""action"":{""execution_action"":""none"",""lip_action"":""none""},""phase"":""low""},{""action"":{""high_action"":""split"",""order_decision"":""only_cost""},""phase"":""high""},{""action"":{""candidate_id"":2,""schedule_alpha"":0.5},""phase"":""select""},{""action"":{""search_k"":1,""search_strategy"":""default""},""phase"":""search""},{""action"":{""execution_action"":""none"",""lip_action"":""none""},""phase"":""low""},{""action"":{""high_action"":""split"",""order_decision"":""only_cost""},""phase"":""high""},{""action"":{""candidate_id"":0,""schedule_alpha"":0.5},""phase"":""select""},{""action"":{""search_k"":1,""search_strategy"":""default""},""phase"":""search""},{""action"":{""execution_action"":""none"",""lip_action"":""none""},""phase"":""low""},{""action"":{""high_action"":""stop"",""order_decision"":""only_cost""},""phase"":""high""},{""action"":{""search_k"":1,""search_strategy"":""default""},""phase"":""search""},{""action"":{""execution_action"":""none"",""lip_action"":""none""},""phase"":""low""}]"
STACK,a,./workloads/query_stack/q3_q3-086.sql,w/o Query Topology,1379.328034818172,167.744000000000,ok,7471f50a1908d54777534ac7b79962c5e0fbacd1732b5c22e4ba066329f8a78e,1,True,7c57c0e68b302aef2532d644deee2d53c46d67b93aaad951b831edca78d4942d,78831704e0181980b22c24487be45be2b51ed5faabfa6b047e30112096910a2c,./results/models/ablation/state/no_query_topology/stack/random_a/best.pt,"[{""action"":{""high_action"":""split"",""order_decision"":""only_cost""},""phase"":""high""},{""action"":{""candidate_id"":0,""schedule_alpha"":0.5},""phase"":""select""},{""action"":{""search_k"":1,""search_strategy"":""default""},""phase"":""search""},{""action"":{""execution_action"":""none"",""lip_action"":""none""},""phase"":""low""},{""action"":{""high_action"":""split"",""order_decision"":""only_cost""},""phase"":""high""},{""action"":{""candidate_id"":4,""schedule_alpha"":0.5},""phase"":""select""},{""action"":{""search_k"":1,""search_strategy"":""default""},""phase"":""search""},{""action"":{""execution_action"":""none"",""lip_action"":""none""},""phase"":""low""},{""action"":{""high_action"":""split"",""order_decision"":""only_cost""},""phase"":""high""},{""action"":{""candidate_id"":2,""schedule_alpha"":0.5},""phase"":""select""},{""action"":{""search_k"":1,""search_strategy"":""default""},""phase"":""search""},{""action"":{""execution_action"":""none"",""lip_action"":""none""},""phase"":""low""},{""action"":{""high_action"":""split"",""order_decision"":""only_cost""},""phase"":""high""},{""action"":{""candidate_id"":4,""schedule_alpha"":0.5},""phase"":""select""},{""action"":{""search_k"":1,""search_strategy"":""default""},""phase"":""search""},{""action"":{""execution_action"":""none"",""lip_action"":""none""},""phase"":""low""},{""action"":{""high_action"":""split"",""order_decision"":""only_cost""},""phase"":""high""},{""action"":{""candidate_id"":0,""schedule_alpha"":0.5},""phase"":""select""},{""action"":{""search_k"":1,""search_strategy"":""default""},""phase"":""search""},{""action"":{""execution_action"":""none"",""lip_action"":""none""},""phase"":""low""},{""action"":{""high_action"":""split"",""order_decision"":""only_cost""},""phase"":""high""},{""action"":{""candidate_id"":0,""schedule_alpha"":0.5},""phase"":""select""},{""action"":{""search_k"":1,""search_strategy"":""default""},""phase"":""search""},{""action"":{""execution_action"":""none"",""lip_action"":""none""},""phase"":""low""},{""action"":{""high_action"":""split"",""order_decision"":""only_cost""},""phase"":""high""},{""action"":{""candidate_id"":0,""schedule_alpha"":0.5},""phase"":""select""},{""action"":{""search_k"":1,""search_strategy"":""default""},""phase"":""search""},{""action"":{""execution_action"":""none"",""lip_action"":""none""},""phase"":""low""},{""action"":{""high_action"":""split"",""order_decision"":""only_cost""},""phase"":""high""},{""action"":{""candidate_id"":1,""schedule_alpha"":0.5},""phase"":""select""},{""action"":{""search_k"":1,""search_strategy"":""default""},""phase"":""search""},{""action"":{""execution_action"":""none"",""lip_action"":""none""},""phase"":""low""},{""action"":{""high_action"":""stop"",""order_decision"":""only_cost""},""phase"":""high""},{""action"":{""search_k"":1,""search_strategy"":""default""},""phase"":""search""},{""action"":{""execution_action"":""conservative"",""lip_action"":""none""},""phase"":""low""}]"
STACK,a,./workloads/query_stack/q4_q4-041.sql,w/o Query Topology,455.962918698788,80.720000000000,ok,8052f9dd5c2ce14bfe8b7a420b7826cf81794f93d4535bf03b3e955ca1d84b77,1,True,a1fd04e4feae2c6197fa7c5cc799b7d922aa2862500c8ecb09d238b0f9675028,e715740af19693ba87cb551c846b387626edd0e5cb011005717ca5a22176a555,./results/models/ablation/state/no_query_topology/stack/random_a/best.pt,"[{""action"":{""high_action"":""stop"",""order_decision"":""only_cost""},""phase"":""high""},{""action"":{""search_k"":1,""search_strategy"":""default""},""phase"":""search""},{""action"":{""execution_action"":""none"",""lip_action"":""none""},""phase"":""low""}]"
STACK,a,./workloads/query_stack/q4_q4-086.sql,w/o Query Topology,208.944566547871,36.487000000000,ok,93034f366ea7f433ff55e70e5063853c27a605a794de24273d665ea1c169aaa5,1,True,3c860bddc0963c594c3e81771ccef88b9c729b35cb94b7b09c203d195350e0e5,7ec61d7888fdc77a2730cbd19ec1bbd3ccf611af7ad822df788c366051d8d871,./results/models/ablation/state/no_query_topology/stack/random_a/best.pt,"[{""action"":{""high_action"":""stop"",""order_decision"":""only_cost""},""phase"":""high""},{""action"":{""search_k"":1,""search_strategy"":""default""},""phase"":""search""},{""action"":{""execution_action"":""none"",""lip_action"":""none""},""phase"":""low""}]"
STACK,a,./workloads/query_stack/q4_q4-089.sql,w/o Query Topology,292.997166514397,40.273000000000,ok,73081d2b1e0a4e71a4c298714c8eae13ea81cf0796f5434c40c682bd294aa1b6,1,True,737c21bf8622d8f428dfec7329c0891485d7bce53a8ebe561eba1ebe22a73901,2642952a8b408ec814594c39dd15292a5b9dfe10f5f4cb0af1446808dff8ef74,./results/models/ablation/state/no_query_topology/stack/random_a/best.pt,"[{""action"":{""high_action"":""stop"",""order_decision"":""only_cost""},""phase"":""high""},{""action"":{""search_k"":1,""search_strategy"":""default""},""phase"":""search""},{""action"":{""execution_action"":""none"",""lip_action"":""none""},""phase"":""low""}]"
STACK,a,./workloads/query_stack/q5_q5-032.sql,w/o Query Topology,79.724624752998,22.332000000000,ok,c477fc5cdc9f42cb68ce4b5e84826064e0ef04fbabe63d5ca7f0fc8fb38f76f3,1,True,3c4ff366b4b5f5c09b71d089d2214ec107682f73776a033da219ec4cbbc30c8a,063797ca1dc0bd36e56c08aef107edc44f8dcab0a64d6f6cc459d50bdefabf68,./results/models/ablation/state/no_query_topology/stack/random_a/best.pt,"[{""action"":{""high_action"":""stop"",""order_decision"":""only_cost""},""phase"":""high""},{""action"":{""search_k"":1,""search_strategy"":""default""},""phase"":""search""},{""action"":{""execution_action"":""none"",""lip_action"":""none""},""phase"":""low""}]"
STACK,a,./workloads/query_stack/q5_q5-059.sql,w/o Query Topology,155.346244573593,78.260000000000,ok,2bb4771eebb7b47365089a6a19756f2e83053e8323d7cd31fa1b6cfcfa7c9c64,1,True,5fd287049fd97b0a44a7ee7a95b39bbd05dccd6d5a917593a478054fa528ecfa,ffe4bee84d1815c82afe533befd369e7ceb042cf1ff1e9224f6e15a09a47a980,./results/models/ablation/state/no_query_topology/stack/random_a/best.pt,"[{""action"":{""high_action"":""stop"",""order_decision"":""only_cost""},""phase"":""high""},{""action"":{""search_k"":1,""search_strategy"":""default""},""phase"":""search""},{""action"":{""execution_action"":""none"",""lip_action"":""none""},""phase"":""low""}]"
STACK,a,./workloads/query_stack/q6_q6-002.sql,w/o Query Topology,126.359172165394,55.136000000000,ok,492b793683e8ee0b48e89a3fadeb7893533f8d436ad0e3a7fd5090567858a03d,1,True,1f8477bac6e623fb91ee6452ae0f216c30479b5e638290465df128ac51e4a583,70035405b9171eae03809b7d80ea70d77725d93f492dda0b9151e6da7a85f806,./results/models/ablation/state/no_query_topology/stack/random_a/best.pt,"[{""action"":{""high_action"":""stop"",""order_decision"":""only_cost""},""phase"":""high""},{""action"":{""search_k"":1,""search_strategy"":""default""},""phase"":""search""},{""action"":{""execution_action"":""none"",""lip_action"":""none""},""phase"":""low""}]"
STACK,a,./workloads/query_stack/q6_q6-060.sql,w/o Query Topology,80.793775618076,22.636000000000,ok,9d496b98a2b4127b40592841377adc54986f308f7dee83ae1f1b877c695192c0,1,True,50e3e7889604513bddc050485dbed29e7e297c45697dca051d9ff9935ae646db,57995e3fc753bf8058f2b56076e0107bc197e56d97cf43a318d3a34805170de9,./results/models/ablation/state/no_query_topology/stack/random_a/best.pt,"[{""action"":{""high_action"":""stop"",""order_decision"":""only_cost""},""phase"":""high""},{""action"":{""search_k"":1,""search_strategy"":""default""},""phase"":""search""},{""action"":{""execution_action"":""none"",""lip_action"":""none""},""phase"":""low""}]"
STACK,a,./workloads/query_stack/q6_q6-065.sql,w/o Query Topology,65.206438302994,25.966000000000,ok,ad2301e16f8ac0e556a59dd245bfdf55c48548fd352f0cf92a385882c89aebbd,1,True,caa58feeff0c0b2aa03e06335e2b5e79df75fc41634d76b16e0db8c13a1fa50d,465fdd29b2a29695b17509f6d12408ccf985a1d85879f86fc2de3f381263197d,./results/models/ablation/state/no_query_topology/stack/random_a/best.pt,"[{""action"":{""high_action"":""stop"",""order_decision"":""only_cost""},""phase"":""high""},{""action"":{""search_k"":1,""search_strategy"":""default""},""phase"":""search""},{""action"":{""execution_action"":""none"",""lip_action"":""none""},""phase"":""low""}]"
STACK,a,./workloads/query_stack/q6_q6-067.sql,w/o Query Topology,80.506928265095,33.599000000000,ok,ad2301e16f8ac0e556a59dd245bfdf55c48548fd352f0cf92a385882c89aebbd,1,True,aa888b263b3e9c4d0510e6d1c8b88161ff82e22cb058c5808e4a69efb515826b,6c7797e412e7721b5cf20ceae259b6b61f9c18586f04807e8ebe37cdab30695b,./results/models/ablation/state/no_query_topology/stack/random_a/best.pt,"[{""action"":{""high_action"":""stop"",""order_decision"":""only_cost""},""phase"":""high""},{""action"":{""search_k"":1,""search_strategy"":""default""},""phase"":""search""},{""action"":{""execution_action"":""none"",""lip_action"":""none""},""phase"":""low""}]"
STACK,a,./workloads/query_stack/q6_q6-085.sql,w/o Query Topology,63.377663493156,24.642000000000,ok,6bc192e9007268a766125dd12e9147e22327c03dc5f9824ad072a3f886d14f42,1,True,d235aeb93408247b5695a725c31312850e5016f731e7f8ca5ba7eda49f5f88bc,d84c37d1e3c812b4ceea0bfd96a2c28aba43541e627404c277c38f9c6f974335,./results/models/ablation/state/no_query_topology/stack/random_a/best.pt,"[{""action"":{""high_action"":""stop"",""order_decision"":""only_cost""},""phase"":""high""},{""action"":{""search_k"":1,""search_strategy"":""default""},""phase"":""search""},{""action"":{""execution_action"":""none"",""lip_action"":""none""},""phase"":""low""}]"
STACK,a,./workloads/query_stack/q7_q7-085.sql,w/o Query Topology,5634.436950087547,19.984000000000,ok,6d776eb7da1ae8477f7038ddf562c90e9a7a7070bdd1e4229ad8df4edf82ad33,1,True,db21b19584ab0ea1385186a65760794bb91bfabfbdf6a117b4d9e6d4486a40f0,91717994747adf5ffa2f95989684952fd758c393aa8b7bb34537562405053317,./results/models/ablation/state/no_query_topology/stack/random_a/best.pt,"[{""action"":{""high_action"":""split"",""order_decision"":""only_cost""},""phase"":""high""},{""action"":{""candidate_id"":1,""schedule_alpha"":0.5},""phase"":""select""},{""action"":{""search_k"":1,""search_strategy"":""default""},""phase"":""search""},{""action"":{""execution_action"":""none"",""lip_action"":""none""},""phase"":""low""},{""action"":{""high_action"":""split"",""order_decision"":""only_cost""},""phase"":""high""},{""action"":{""candidate_id"":1,""schedule_alpha"":0.5},""phase"":""select""},{""action"":{""search_k"":1,""search_strategy"":""default""},""phase"":""search""},{""action"":{""execution_action"":""none"",""lip_action"":""none""},""phase"":""low""},{""action"":{""high_action"":""stop"",""order_decision"":""only_cost""},""phase"":""high""},{""action"":{""search_k"":1,""search_strategy"":""default""},""phase"":""search""},{""action"":{""execution_action"":""none"",""lip_action"":""none""},""phase"":""low""}]"
STACK,a,./workloads/query_stack/q7_q7-099.sql,w/o Query Topology,5487.493455410004,19.821000000000,ok,e6097a493b497f00231f62efb8f5a998c223e2cd8bf8f4813d3f9efb2ac1da29,1,True,cd5a16e90446344f08e5c8847b3d789b394c9b72bd0279a8658e5fe84532cc03,6d2ba9e701c27f1366c0076e145c7889c3362977007702e1cdeeaaca5f82873e,./results/models/ablation/state/no_query_topology/stack/random_a/best.pt,"[{""action"":{""high_action"":""split"",""order_decision"":""only_cost""},""phase"":""high""},{""action"":{""candidate_id"":1,""schedule_alpha"":0.5},""phase"":""select""},{""action"":{""search_k"":1,""search_strategy"":""default""},""phase"":""search""},{""action"":{""execution_action"":""none"",""lip_action"":""none""},""phase"":""low""},{""action"":{""high_action"":""split"",""order_decision"":""only_cost""},""phase"":""high""},{""action"":{""candidate_id"":0,""schedule_alpha"":0.5},""phase"":""select""},{""action"":{""search_k"":1,""search_strategy"":""default""},""phase"":""search""},{""action"":{""execution_action"":""none"",""lip_action"":""none""},""phase"":""low""},{""action"":{""high_action"":""stop"",""order_decision"":""only_cost""},""phase"":""high""},{""action"":{""search_k"":1,""search_strategy"":""default""},""phase"":""search""},{""action"":{""execution_action"":""none"",""lip_action"":""none""},""phase"":""low""}]"
STACK,a,./workloads/query_stack/q8_q8-006.sql,w/o Query Topology,374.434001743793,57.533000000000,ok,fa879e4fc50b8c9696eb4dbd6a0b301941889f11c3953bede1a1f9308c6c8618,1,True,2dff44ad69921cc06ee63e2fdefad97e0967d7553f9603b06f6e0b6828460c03,c7e66a4c75f20a7f53a9d9efb999e18d64e67d32d3a959a9716b0be3a2b83161,./results/models/ablation/state/no_query_topology/stack/random_a/best.pt,"[{""action"":{""high_action"":""stop"",""order_decision"":""only_cost""},""phase"":""high""},{""action"":{""search_k"":1,""search_strategy"":""default""},""phase"":""search""},{""action"":{""execution_action"":""none"",""lip_action"":""none""},""phase"":""low""}]"
STACK,a,./workloads/query_stack/q8_q8-076.sql,w/o Query Topology,349.082894623280,44.710000000000,ok,fa879e4fc50b8c9696eb4dbd6a0b301941889f11c3953bede1a1f9308c6c8618,1,True,e1190d9c6d4b547c1ea9156d76977196870965bd6d5b70eacd1ecfa7c6877ba3,661659337c4419c7ca33a4c02d505b80f34296a343d1e47c981e0cfe75c0c487,./results/models/ablation/state/no_query_topology/stack/random_a/best.pt,"[{""action"":{""high_action"":""stop"",""order_decision"":""only_cost""},""phase"":""high""},{""action"":{""search_k"":1,""search_strategy"":""default""},""phase"":""search""},{""action"":{""execution_action"":""none"",""lip_action"":""none""},""phase"":""low""}]"
STACK,b,./workloads/query_stack/q11_87c4bd09.sql,w/o Query Topology,878.001786768436,38.301000000000,ok,0adac76689f76028d5867469b355dcd74d4fa3a6e2559fbe6b8230f79b0e54ab,1,True,9873510d9ed4d025ee583218d9ce87c22da5d771733d95a147b965659c673b5b,cccc03193e41d9e80fffa9d953b7905310d1ce5e99d82e6b5bbdc13cd0eeaed1,./results/models/ablation/state/no_query_topology/stack/random_b/best.pt,"[{""action"":{""high_action"":""stop"",""order_decision"":""only_cost""},""phase"":""high""},{""action"":{""search_k"":1,""search_strategy"":""default""},""phase"":""search""},{""action"":{""execution_action"":""none"",""lip_action"":""none""},""phase"":""low""}]"
STACK,b,./workloads/query_stack/q11_c1ae2a99.sql,w/o Query Topology,3845.843032002449,33.482000000000,ok,bb8e782f5dc25a16c10ffe18833283f7370c51fc216d687eb544549b48b557ee,1,True,d7ad65fc328fbb79a9a1b292a603b83ce2014cd0e6e4c0ae86e857cdda7bc74c,3ecfcb9105ec27d1f1964ed7a510e7b9465b1ebfd6b9aca3aea98cd6db57fa0d,./results/models/ablation/state/no_query_topology/stack/random_b/best.pt,"[{""action"":{""high_action"":""stop"",""order_decision"":""only_cost""},""phase"":""high""},{""action"":{""search_k"":1,""search_strategy"":""default""},""phase"":""search""},{""action"":{""execution_action"":""none"",""lip_action"":""none""},""phase"":""low""}]"
STACK,b,./workloads/query_stack/q12_06c8d688.sql,w/o Query Topology,239.745423197746,33.472000000000,ok,7cbf5c7670ad4b36ecdc24b3e7d6e0b72f5c221a1ca93a703327ea17f0a33beb,9,True,a9f7dddf8ceafc6c1d700a8990c9e7ea69019c55bf53002cf604fceeb33a47a5,c7e94f86538069d95ce1bf907f3627f1729ec1f35183cda5dd614e7cae89459b,./results/models/ablation/state/no_query_topology/stack/random_b/best.pt,"[{""action"":{""high_action"":""split"",""order_decision"":""only_cost""},""phase"":""high""},{""action"":{""candidate_id"":3,""schedule_alpha"":0.5},""phase"":""select""},{""action"":{""search_k"":1,""search_strategy"":""default""},""phase"":""search""},{""action"":{""execution_action"":""none"",""lip_action"":""none""},""phase"":""low""},{""action"":{""high_action"":""split"",""order_decision"":""only_cost""},""phase"":""high""},{""action"":{""candidate_id"":3,""schedule_alpha"":0.5},""phase"":""select""},{""action"":{""search_k"":1,""search_strategy"":""default""},""phase"":""search""},{""action"":{""execution_action"":""none"",""lip_action"":""none""},""phase"":""low""},{""action"":{""high_action"":""split"",""order_decision"":""only_cost""},""phase"":""high""},{""action"":{""candidate_id"":1,""schedule_alpha"":0.5},""phase"":""select""},{""action"":{""search_k"":1,""search_strategy"":""default""},""phase"":""search""},{""action"":{""execution_action"":""none"",""lip_action"":""none""},""phase"":""low""},{""action"":{""high_action"":""split"",""order_decision"":""only_cost""},""phase"":""high""},{""action"":{""candidate_id"":1,""schedule_alpha"":0.5},""phase"":""select""},{""action"":{""search_k"":1,""search_strategy"":""default""},""phase"":""search""},{""action"":{""execution_action"":""none"",""lip_action"":""none""},""phase"":""low""},{""action"":{""high_action"":""stop"",""order_decision"":""only_cost""},""phase"":""high""},{""action"":{""search_k"":1,""search_strategy"":""default""},""phase"":""search""},{""action"":{""execution_action"":""none"",""lip_action"":""none""},""phase"":""low""}]"
STACK,b,./workloads/query_stack/q12_812a3eff.sql,w/o Query Topology,1628.010258078575,46.164000000000,ok,d93d1c79cf73c78e79235ced2f92a14c120c18f4d839484bc6189f32792cf33e,12,True,3754509f3a6b757578423af01f1bd423f4f47e58c849a38869197430bae3c7ea,21532f60a3be231d596cba1aa868e1639281335b1bf2d08c0d090d581b8965af,./results/models/ablation/state/no_query_topology/stack/random_b/best.pt,"[{""action"":{""high_action"":""stop"",""order_decision"":""only_cost""},""phase"":""high""},{""action"":{""search_k"":1,""search_strategy"":""default""},""phase"":""search""},{""action"":{""execution_action"":""none"",""lip_action"":""none""},""phase"":""low""}]"
STACK,b,./workloads/query_stack/q12_bde6c0cf.sql,w/o Query Topology,206.075109541416,44.399000000000,ok,ed94496358940d6dcbd7d3fae6008a1bf59cf8a927d60aff7f4d025b2078c569,2,True,9ad902789db0da030b87b145306c7504fe7c53be5d537f4193f3d0ef1f3086d5,fb37794f96de10b072f0f455ab62e5d32886c7f4ea255bcf36d867132854ecde,./results/models/ablation/state/no_query_topology/stack/random_b/best.pt,"[{""action"":{""high_action"":""stop"",""order_decision"":""only_cost""},""phase"":""high""},{""action"":{""search_k"":1,""search_strategy"":""default""},""phase"":""search""},{""action"":{""execution_action"":""none"",""lip_action"":""none""},""phase"":""low""}]"
STACK,b,./workloads/query_stack/q13_a091adce.sql,w/o Query Topology,491.180293262005,41.423000000000,ok,a08c6a91086a32f0f168696c5193f4df662d2c7e1b5741b9192890614e79cb33,7,True,03b63292aa63a2591a242f31b848aed8ae20756eaab66f7ab8c640b1fc8989ab,b522c49779c5cf042c82d1b8bd799393fa3d978268cfc9d1c3c029966ebc280b,./results/models/ablation/state/no_query_topology/stack/random_b/best.pt,"[{""action"":{""high_action"":""split"",""order_decision"":""only_cost""},""phase"":""high""},{""action"":{""candidate_id"":3,""schedule_alpha"":0.5},""phase"":""select""},{""action"":{""search_k"":1,""search_strategy"":""default""},""phase"":""search""},{""action"":{""execution_action"":""none"",""lip_action"":""none""},""phase"":""low""},{""action"":{""high_action"":""split"",""order_decision"":""only_cost""},""phase"":""high""},{""action"":{""candidate_id"":3,""schedule_alpha"":0.5},""phase"":""select""},{""action"":{""search_k"":1,""search_strategy"":""default""},""phase"":""search""},{""action"":{""execution_action"":""none"",""lip_action"":""none""},""phase"":""low""},{""action"":{""high_action"":""split"",""order_decision"":""only_cost""},""phase"":""high""},{""action"":{""candidate_id"":1,""schedule_alpha"":0.5},""phase"":""select""},{""action"":{""search_k"":1,""search_strategy"":""default""},""phase"":""search""},{""action"":{""execution_action"":""none"",""lip_action"":""none""},""phase"":""low""},{""action"":{""high_action"":""split"",""order_decision"":""only_cost""},""phase"":""high""},{""action"":{""candidate_id"":1,""schedule_alpha"":0.5},""phase"":""select""},{""action"":{""search_k"":1,""search_strategy"":""default""},""phase"":""search""},{""action"":{""execution_action"":""none"",""lip_action"":""none""},""phase"":""low""},{""action"":{""high_action"":""split"",""order_decision"":""only_cost""},""phase"":""high""},{""action"":{""candidate_id"":0,""schedule_alpha"":0.5},""phase"":""select""},{""action"":{""search_k"":1,""search_strategy"":""default""},""phase"":""search""},{""action"":{""execution_action"":""none"",""lip_action"":""none""},""phase"":""low""},{""action"":{""high_action"":""stop"",""order_decision"":""only_cost""},""phase"":""high""},{""action"":{""search_k"":1,""search_strategy"":""default""},""phase"":""search""},{""action"":{""execution_action"":""none"",""lip_action"":""none""},""phase"":""low""}]"
STACK,b,./workloads/query_stack/q13_a3d03772.sql,w/o Query Topology,914.341464638710,40.958000000000,ok,d810a8f52be505eb1db3998aaf5b583b11c7f14faa86a86041dea72c4641a9d3,100,True,efaa3408139e90499f38d10fa8ef06e5d44e08e9893423db23ad6ac4b995221d,8fda42768b3a2f0fd058694bd30e7e3d370049ccbf3309ff87fe6c8f70c88d7c,./results/models/ablation/state/no_query_topology/stack/random_b/best.pt,"[{""action"":{""high_action"":""split"",""order_decision"":""only_cost""},""phase"":""high""},{""action"":{""candidate_id"":3,""schedule_alpha"":0.5},""phase"":""select""},{""action"":{""search_k"":1,""search_strategy"":""default""},""phase"":""search""},{""action"":{""execution_action"":""none"",""lip_action"":""none""},""phase"":""low""},{""action"":{""high_action"":""split"",""order_decision"":""only_cost""},""phase"":""high""},{""action"":{""candidate_id"":3,""schedule_alpha"":0.5},""phase"":""select""},{""action"":{""search_k"":1,""search_strategy"":""default""},""phase"":""search""},{""action"":{""execution_action"":""none"",""lip_action"":""none""},""phase"":""low""},{""action"":{""high_action"":""split"",""order_decision"":""only_cost""},""phase"":""high""},{""action"":{""candidate_id"":1,""schedule_alpha"":0.5},""phase"":""select""},{""action"":{""search_k"":1,""search_strategy"":""default""},""phase"":""search""},{""action"":{""execution_action"":""none"",""lip_action"":""none""},""phase"":""low""},{""action"":{""high_action"":""split"",""order_decision"":""only_cost""},""phase"":""high""},{""action"":{""candidate_id"":1,""schedule_alpha"":0.5},""phase"":""select""},{""action"":{""search_k"":1,""search_strategy"":""default""},""phase"":""search""},{""action"":{""execution_action"":""none"",""lip_action"":""none""},""phase"":""low""},{""action"":{""high_action"":""split"",""order_decision"":""only_cost""},""phase"":""high""},{""action"":{""candidate_id"":0,""schedule_alpha"":0.5},""phase"":""select""},{""action"":{""search_k"":1,""search_strategy"":""default""},""phase"":""search""},{""action"":{""execution_action"":""none"",""lip_action"":""none""},""phase"":""low""},{""action"":{""high_action"":""stop"",""order_decision"":""only_cost""},""phase"":""high""},{""action"":{""search_k"":1,""search_strategy"":""default""},""phase"":""search""},{""action"":{""execution_action"":""none"",""lip_action"":""none""},""phase"":""low""}]"
STACK,b,./workloads/query_stack/q14_4063b6cb.sql,w/o Query Topology,472.166150808334,39.894000000000,ok,b54c2097d06810c037d8f05a25b377fe885c5f81cf6f1e27b2336ff1675b26f5,1,True,1999596ffc3a2da50381cee04b4ba8ddd4cca3d1e81b7af6cd305106d00009af,b71441f59f2f1e84aaa839693f36e2cdad82e9f4d9bd2589d7b0a59d8529b1d1,./results/models/ablation/state/no_query_topology/stack/random_b/best.pt,"[{""action"":{""high_action"":""split"",""order_decision"":""only_cost""},""phase"":""high""},{""action"":{""candidate_id"":3,""schedule_alpha"":0.5},""phase"":""select""},{""action"":{""search_k"":1,""search_strategy"":""default""},""phase"":""search""},{""action"":{""execution_action"":""none"",""lip_action"":""none""},""phase"":""low""},{""action"":{""high_action"":""split"",""order_decision"":""only_cost""},""phase"":""high""},{""action"":{""candidate_id"":3,""schedule_alpha"":0.5},""phase"":""select""},{""action"":{""search_k"":1,""search_strategy"":""default""},""phase"":""search""},{""action"":{""execution_action"":""none"",""lip_action"":""none""},""phase"":""low""},{""action"":{""high_action"":""split"",""order_decision"":""only_cost""},""phase"":""high""},{""action"":{""candidate_id"":1,""schedule_alpha"":0.5},""phase"":""select""},{""action"":{""search_k"":1,""search_strategy"":""default""},""phase"":""search""},{""action"":{""execution_action"":""none"",""lip_action"":""none""},""phase"":""low""},{""action"":{""high_action"":""split"",""order_decision"":""only_cost""},""phase"":""high""},{""action"":{""candidate_id"":1,""schedule_alpha"":0.5},""phase"":""select""},{""action"":{""search_k"":1,""search_strategy"":""default""},""phase"":""search""},{""action"":{""execution_action"":""none"",""lip_action"":""none""},""phase"":""low""},{""action"":{""high_action"":""split"",""order_decision"":""only_cost""},""phase"":""high""},{""action"":{""candidate_id"":0,""schedule_alpha"":0.5},""phase"":""select""},{""action"":{""search_k"":1,""search_strategy"":""default""},""phase"":""search""},{""action"":{""execution_action"":""none"",""lip_action"":""none""},""phase"":""low""},{""action"":{""high_action"":""stop"",""order_decision"":""only_cost""},""phase"":""high""},{""action"":{""search_k"":1,""search_strategy"":""default""},""phase"":""search""},{""action"":{""execution_action"":""none"",""lip_action"":""none""},""phase"":""low""}]"
STACK,b,./workloads/query_stack/q14_5dbc1d1f.sql,w/o Query Topology,14491.189047694206,144.881000000000,ok,bb56c0df8119ed058c77621e5b7f3efa1a6af55aaef384fcac58e729b7d6e853,1,True,768db859a4e31cb4077e22c1019ddc85721c0e1f99c37cbf2ceac69efb0baf30,c73db13e4fb2bbed1872e493a5643d996be153d948a03c2c6ffff7c588bcde35,./results/models/ablation/state/no_query_topology/stack/random_b/best.pt,"[{""action"":{""high_action"":""split"",""order_decision"":""only_cost""},""phase"":""high""},{""action"":{""candidate_id"":3,""schedule_alpha"":0.5},""phase"":""select""},{""action"":{""search_k"":1,""search_strategy"":""default""},""phase"":""search""},{""action"":{""execution_action"":""none"",""lip_action"":""none""},""phase"":""low""},{""action"":{""high_action"":""split"",""order_decision"":""only_cost""},""phase"":""high""},{""action"":{""candidate_id"":3,""schedule_alpha"":0.5},""phase"":""select""},{""action"":{""search_k"":1,""search_strategy"":""default""},""phase"":""search""},{""action"":{""execution_action"":""none"",""lip_action"":""none""},""phase"":""low""},{""action"":{""high_action"":""split"",""order_decision"":""only_cost""},""phase"":""high""},{""action"":{""candidate_id"":1,""schedule_alpha"":0.5},""phase"":""select""},{""action"":{""search_k"":1,""search_strategy"":""default""},""phase"":""search""},{""action"":{""execution_action"":""none"",""lip_action"":""none""},""phase"":""low""},{""action"":{""high_action"":""split"",""order_decision"":""only_cost""},""phase"":""high""},{""action"":{""candidate_id"":1,""schedule_alpha"":0.5},""phase"":""select""},{""action"":{""search_k"":1,""search_strategy"":""default""},""phase"":""search""},{""action"":{""execution_action"":""none"",""lip_action"":""none""},""phase"":""low""},{""action"":{""high_action"":""split"",""order_decision"":""only_cost""},""phase"":""high""},{""action"":{""candidate_id"":0,""schedule_alpha"":0.5},""phase"":""select""},{""action"":{""search_k"":1,""search_strategy"":""default""},""phase"":""search""},{""action"":{""execution_action"":""conservative"",""lip_action"":""none""},""phase"":""low""},{""action"":{""high_action"":""stop"",""order_decision"":""only_cost""},""phase"":""high""},{""action"":{""search_k"":1,""search_strategy"":""default""},""phase"":""search""},{""action"":{""execution_action"":""none"",""lip_action"":""none""},""phase"":""low""}]"
STACK,b,./workloads/query_stack/q14_97e68ad5.sql,w/o Query Topology,6092.876702547073,42.919000000000,ok,334f2b776c8ce2494d66db9c13d72fa1a6e95ac709970f148a607f2b195eecb1,1,True,384cf10d0dc141bae63b5423589c1515574211afad099db2857174bc3867ee06,97078cb6950dbb8f7ac1c13185fd425244dd08e2483c59c9e0084e6d8df17808,./results/models/ablation/state/no_query_topology/stack/random_b/best.pt,"[{""action"":{""high_action"":""split"",""order_decision"":""only_cost""},""phase"":""high""},{""action"":{""candidate_id"":3,""schedule_alpha"":0.5},""phase"":""select""},{""action"":{""search_k"":1,""search_strategy"":""default""},""phase"":""search""},{""action"":{""execution_action"":""none"",""lip_action"":""none""},""phase"":""low""},{""action"":{""high_action"":""split"",""order_decision"":""only_cost""},""phase"":""high""},{""action"":{""candidate_id"":3,""schedule_alpha"":0.5},""phase"":""select""},{""action"":{""search_k"":1,""search_strategy"":""default""},""phase"":""search""},{""action"":{""execution_action"":""none"",""lip_action"":""none""},""phase"":""low""},{""action"":{""high_action"":""split"",""order_decision"":""only_cost""},""phase"":""high""},{""action"":{""candidate_id"":1,""schedule_alpha"":0.5},""phase"":""select""},{""action"":{""search_k"":1,""search_strategy"":""default""},""phase"":""search""},{""action"":{""execution_action"":""none"",""lip_action"":""none""},""phase"":""low""},{""action"":{""high_action"":""split"",""order_decision"":""only_cost""},""phase"":""high""},{""action"":{""candidate_id"":1,""schedule_alpha"":0.5},""phase"":""select""},{""action"":{""search_k"":1,""search_strategy"":""default""},""phase"":""search""},{""action"":{""execution_action"":""none"",""lip_action"":""none""},""phase"":""low""},{""action"":{""high_action"":""split"",""order_decision"":""only_cost""},""phase"":""high""},{""action"":{""candidate_id"":0,""schedule_alpha"":0.5},""phase"":""select""},{""action"":{""search_k"":1,""search_strategy"":""default""},""phase"":""search""},{""action"":{""execution_action"":""none"",""lip_action"":""none""},""phase"":""low""},{""action"":{""high_action"":""stop"",""order_decision"":""only_cost""},""phase"":""high""},{""action"":{""search_k"":1,""search_strategy"":""default""},""phase"":""search""},{""action"":{""execution_action"":""none"",""lip_action"":""none""},""phase"":""low""}]"
STACK,b,./workloads/query_stack/q15_21e4988a.sql,w/o Query Topology,560.403555631638,27.471000000000,ok,1660f09370e5a70e78b7f2e19fc4bf363f2543645d9e97ff5ced9c3ae4e4153d,53,True,04de20e0b8cfe896f7d59a13f7773cc24f82d198ce5075d7a9397aaad62765b3,17f1b3fb7613846d4e5de63922eaa9a2a2ee97453b663bdc7b17f58e6cc202a6,./results/models/ablation/state/no_query_topology/stack/random_b/best.pt,"[{""action"":{""high_action"":""split"",""order_decision"":""only_cost""},""phase"":""high""},{""action"":{""candidate_id"":1,""schedule_alpha"":0.5},""phase"":""select""},{""action"":{""search_k"":1,""search_strategy"":""default""},""phase"":""search""},{""action"":{""execution_action"":""none"",""lip_action"":""none""},""phase"":""low""},{""action"":{""high_action"":""split"",""order_decision"":""only_cost""},""phase"":""high""},{""action"":{""candidate_id"":1,""schedule_alpha"":0.5},""phase"":""select""},{""action"":{""search_k"":1,""search_strategy"":""default""},""phase"":""search""},{""action"":{""execution_action"":""none"",""lip_action"":""none""},""phase"":""low""},{""action"":{""high_action"":""split"",""order_decision"":""only_cost""},""phase"":""high""},{""action"":{""candidate_id"":0,""schedule_alpha"":0.5},""phase"":""select""},{""action"":{""search_k"":1,""search_strategy"":""default""},""phase"":""search""},{""action"":{""execution_action"":""none"",""lip_action"":""none""},""phase"":""low""},{""action"":{""high_action"":""stop"",""order_decision"":""only_cost""},""phase"":""high""},{""action"":{""search_k"":1,""search_strategy"":""default""},""phase"":""search""},{""action"":{""execution_action"":""none"",""lip_action"":""none""},""phase"":""low""}]"
STACK,b,./workloads/query_stack/q15_78995a5f.sql,w/o Query Topology,669.096000492573,27.455000000000,ok,f913fffa52ef6f774243dc5f5c15df98f650c6370cdb7631929071a81a6a6b2c,85,True,d812c91c80551d29e52d00ffd741e532a5f99ec5901db292c5616c4831c2f20d,0c3aab8d48f2276ccfc4c42bea74116eb2334b46c359c554cff23e9b3436c32e,./results/models/ablation/state/no_query_topology/stack/random_b/best.pt,"[{""action"":{""high_action"":""split"",""order_decision"":""only_cost""},""phase"":""high""},{""action"":{""candidate_id"":1,""schedule_alpha"":0.5},""phase"":""select""},{""action"":{""search_k"":1,""search_strategy"":""default""},""phase"":""search""},{""action"":{""execution_action"":""none"",""lip_action"":""none""},""phase"":""low""},{""action"":{""high_action"":""split"",""order_decision"":""only_cost""},""phase"":""high""},{""action"":{""candidate_id"":1,""schedule_alpha"":0.5},""phase"":""select""},{""action"":{""search_k"":1,""search_strategy"":""default""},""phase"":""search""},{""action"":{""execution_action"":""none"",""lip_action"":""none""},""phase"":""low""},{""action"":{""high_action"":""split"",""order_decision"":""only_cost""},""phase"":""high""},{""action"":{""candidate_id"":0,""schedule_alpha"":0.5},""phase"":""select""},{""action"":{""search_k"":1,""search_strategy"":""default""},""phase"":""search""},{""action"":{""execution_action"":""none"",""lip_action"":""none""},""phase"":""low""},{""action"":{""high_action"":""stop"",""order_decision"":""only_cost""},""phase"":""high""},{""action"":{""search_k"":1,""search_strategy"":""default""},""phase"":""search""},{""action"":{""execution_action"":""none"",""lip_action"":""none""},""phase"":""low""}]"
STACK,b,./workloads/query_stack/q15_b8ddf65b.sql,w/o Query Topology,204.155467450619,27.044000000000,ok,39f37f8d1931b3bdf767e7510dd69509fbf23af1f7654933d0a4d291cbdd4418,0,True,06724f87d0d6d48e580cfa9ffea0327d5b3d07212ea15a682f5c991a5bde4a7b,0110f9da9f7b03ec8a35d84a9fddd9e9b85b67f2f8ea0e8a9832f62ea3ae3712,./results/models/ablation/state/no_query_topology/stack/random_b/best.pt,"[{""action"":{""high_action"":""split"",""order_decision"":""only_cost""},""phase"":""high""},{""action"":{""candidate_id"":1,""schedule_alpha"":0.5},""phase"":""select""},{""action"":{""search_k"":1,""search_strategy"":""default""},""phase"":""search""},{""action"":{""execution_action"":""none"",""lip_action"":""none""},""phase"":""low""},{""action"":{""high_action"":""split"",""order_decision"":""only_cost""},""phase"":""high""},{""action"":{""candidate_id"":1,""schedule_alpha"":0.5},""phase"":""select""},{""action"":{""search_k"":1,""search_strategy"":""default""},""phase"":""search""},{""action"":{""execution_action"":""none"",""lip_action"":""none""},""phase"":""low""},{""action"":{""high_action"":""split"",""order_decision"":""only_cost""},""phase"":""high""},{""action"":{""candidate_id"":0,""schedule_alpha"":0.5},""phase"":""select""},{""action"":{""search_k"":1,""search_strategy"":""default""},""phase"":""search""},{""action"":{""execution_action"":""none"",""lip_action"":""none""},""phase"":""low""},{""action"":{""high_action"":""stop"",""order_decision"":""only_cost""},""phase"":""high""},{""action"":{""search_k"":1,""search_strategy"":""default""},""phase"":""search""},{""action"":{""execution_action"":""none"",""lip_action"":""none""},""phase"":""low""}]"
STACK,b,./workloads/query_stack/q16_374e3e4c.sql,w/o Query Topology,5900.102689862251,27.256000000000,ok,54d4efd1b9fad2e2bea57e5b911106d37dfd248550e48caf6e5a16921c5cc884,1,True,2cd0299b9a32bc888a2584af0d7dc49d3b93be59f4680b6f00e4f05d2076e964,710229c0f8d7cf19e546cc67e8b926a724e4b0fac3e303434e6f007ebad37303,./results/models/ablation/state/no_query_topology/stack/random_b/best.pt,"[{""action"":{""high_action"":""split"",""order_decision"":""only_cost""},""phase"":""high""},{""action"":{""candidate_id"":1,""schedule_alpha"":0.5},""phase"":""select""},{""action"":{""search_k"":1,""search_strategy"":""default""},""phase"":""search""},{""action"":{""execution_action"":""none"",""lip_action"":""none""},""phase"":""low""},{""action"":{""high_action"":""split"",""order_decision"":""only_cost""},""phase"":""high""},{""action"":{""candidate_id"":1,""schedule_alpha"":0.5},""phase"":""select""},{""action"":{""search_k"":1,""search_strategy"":""default""},""phase"":""search""},{""action"":{""execution_action"":""none"",""lip_action"":""none""},""phase"":""low""},{""action"":{""high_action"":""split"",""order_decision"":""only_cost""},""phase"":""high""},{""action"":{""candidate_id"":0,""schedule_alpha"":0.5},""phase"":""select""},{""action"":{""search_k"":1,""search_strategy"":""default""},""phase"":""search""},{""action"":{""execution_action"":""none"",""lip_action"":""none""},""phase"":""low""},{""action"":{""high_action"":""stop"",""order_decision"":""only_cost""},""phase"":""high""},{""action"":{""search_k"":1,""search_strategy"":""default""},""phase"":""search""},{""action"":{""execution_action"":""none"",""lip_action"":""none""},""phase"":""low""}]"
STACK,b,./workloads/query_stack/q16_d5290889.sql,w/o Query Topology,132.031895220280,26.798000000000,ok,6df0e219ac573723d552586b66c486c20731ea236011d7d2c4401ec2789e452e,1,True,71af0d3e42e5343590a0f4623d72af11d8ae096ee0f83f3304ad53aa2243b7d8,14a5f2e14f71c13cd8fe6e3d33daffa9431f8af215c71328444126e0a9404d9b,./results/models/ablation/state/no_query_topology/stack/random_b/best.pt,"[{""action"":{""high_action"":""split"",""order_decision"":""only_cost""},""phase"":""high""},{""action"":{""candidate_id"":1,""schedule_alpha"":0.5},""phase"":""select""},{""action"":{""search_k"":1,""search_strategy"":""default""},""phase"":""search""},{""action"":{""execution_action"":""none"",""lip_action"":""none""},""phase"":""low""},{""action"":{""high_action"":""split"",""order_decision"":""only_cost""},""phase"":""high""},{""action"":{""candidate_id"":1,""schedule_alpha"":0.5},""phase"":""select""},{""action"":{""search_k"":1,""search_strategy"":""default""},""phase"":""search""},{""action"":{""execution_action"":""none"",""lip_action"":""none""},""phase"":""low""},{""action"":{""high_action"":""split"",""order_decision"":""only_cost""},""phase"":""high""},{""action"":{""candidate_id"":0,""schedule_alpha"":0.5},""phase"":""select""},{""action"":{""search_k"":1,""search_strategy"":""default""},""phase"":""search""},{""action"":{""execution_action"":""none"",""lip_action"":""none""},""phase"":""low""},{""action"":{""high_action"":""stop"",""order_decision"":""only_cost""},""phase"":""high""},{""action"":{""search_k"":1,""search_strategy"":""default""},""phase"":""search""},{""action"":{""execution_action"":""none"",""lip_action"":""none""},""phase"":""low""}]"
STACK,b,./workloads/query_stack/q16_f67cec3d.sql,w/o Query Topology,3771.962277591228,27.276000000000,ok,fa879e4fc50b8c9696eb4dbd6a0b301941889f11c3953bede1a1f9308c6c8618,1,True,8ee5b4843797a9cd4aeaedd7d8633fc0bbe0b2b6afd309f683e00764912a982a,42e5cfc272fd074a0beea45ef14e48af053be9b5b3cc500fc3f67e235263c957,./results/models/ablation/state/no_query_topology/stack/random_b/best.pt,"[{""action"":{""high_action"":""split"",""order_decision"":""only_cost""},""phase"":""high""},{""action"":{""candidate_id"":1,""schedule_alpha"":0.5},""phase"":""select""},{""action"":{""search_k"":1,""search_strategy"":""default""},""phase"":""search""},{""action"":{""execution_action"":""none"",""lip_action"":""none""},""phase"":""low""},{""action"":{""high_action"":""split"",""order_decision"":""only_cost""},""phase"":""high""},{""action"":{""candidate_id"":0,""schedule_alpha"":0.5},""phase"":""select""},{""action"":{""search_k"":1,""search_strategy"":""default""},""phase"":""search""},{""action"":{""execution_action"":""none"",""lip_action"":""none""},""phase"":""low""},{""action"":{""high_action"":""split"",""order_decision"":""only_cost""},""phase"":""high""},{""action"":{""candidate_id"":0,""schedule_alpha"":0.5},""phase"":""select""},{""action"":{""search_k"":1,""search_strategy"":""default""},""phase"":""search""},{""action"":{""execution_action"":""none"",""lip_action"":""none""},""phase"":""low""},{""action"":{""high_action"":""stop"",""order_decision"":""only_cost""},""phase"":""high""},{""action"":{""search_k"":1,""search_strategy"":""default""},""phase"":""search""},{""action"":{""execution_action"":""none"",""lip_action"":""none""},""phase"":""low""}]"
STACK,b,./workloads/query_stack/q1_q1-067.sql,w/o Query Topology,146.396793425083,37.555000000000,ok,efd47e404577282b5d30f83a721f02a9e869b9fcd7d91266a565314a53d0814f,1,True,d5c91bcc044b615bb18b9bbeb24c83fe1143d8128e3a313f24e4e09490ac79a4,ec7d574049e46155540673bb292a07c6ae43b9b5f6765c16cfa6545b44a5d2e8,./results/models/ablation/state/no_query_topology/stack/random_b/best.pt,"[{""action"":{""high_action"":""stop"",""order_decision"":""only_cost""},""phase"":""high""},{""action"":{""search_k"":1,""search_strategy"":""default""},""phase"":""search""},{""action"":{""execution_action"":""none"",""lip_action"":""none""},""phase"":""low""}]"
STACK,b,./workloads/query_stack/q1_q1-098.sql,w/o Query Topology,4669.990867376328,38.049000000000,ok,4095cbc1ecc697ca9f9646c193a5682ada5316dba77f81108b62ba3cb1a82ab6,1,True,d264c19161d7e0557f99a115a318aecb5a02e564cce5d2a44fc0a80fa35d7d3f,9b29804fb88b5384c8d1c2a42f4e166e718f5e0245473823d3a6e98a441962d8,./results/models/ablation/state/no_query_topology/stack/random_b/best.pt,"[{""action"":{""high_action"":""stop"",""order_decision"":""only_cost""},""phase"":""high""},{""action"":{""search_k"":1,""search_strategy"":""default""},""phase"":""search""},{""action"":{""execution_action"":""none"",""lip_action"":""none""},""phase"":""low""}]"
STACK,b,./workloads/query_stack/q1_q1-099.sql,w/o Query Topology,4522.849649190903,62.260000000000,ok,43cad99fe214168bad67fa959cc8fb22a625668be9c526dcb4cda29c3f5f08c3,1,True,e6f7cd9764319f00c9ac9829a5890f1165d2fadfd7d32b227714cb68b8a54b4e,faf1ff508be5c1b4d95d66310a87a2c604d4199953fd90feb55e447b2e372524,./results/models/ablation/state/no_query_topology/stack/random_b/best.pt,"[{""action"":{""high_action"":""stop"",""order_decision"":""only_cost""},""phase"":""high""},{""action"":{""search_k"":1,""search_strategy"":""default""},""phase"":""search""},{""action"":{""execution_action"":""none"",""lip_action"":""none""},""phase"":""low""}]"
STACK,b,./workloads/query_stack/q1_q1-100.sql,w/o Query Topology,4114.532642066479,14.515000000000,ok,30d34f6a188fd1b13047dc951deb7bfb9a74d8113d5f305ae8170f782b81c64f,1,True,87e28b092ceb343ff0180b6ff9ae834e6f3f6985a6abc838d3193cc8b09fa75b,d83185eb7f7d44691bcade82225b488122b1167f3ebe98f8aa61156595054bab,./results/models/ablation/state/no_query_topology/stack/random_b/best.pt,"[{""action"":{""high_action"":""stop"",""order_decision"":""only_cost""},""phase"":""high""},{""action"":{""search_k"":1,""search_strategy"":""default""},""phase"":""search""},{""action"":{""execution_action"":""none"",""lip_action"":""none""},""phase"":""low""}]"
STACK,b,./workloads/query_stack/q2_q2-001.sql,w/o Query Topology,1195.242680609226,55.912000000000,ok,c2a22d1cadee1419b10b6b0e89c3a6305e0a2763bbeb6505ce8afa140290b844,8,True,dcefe2399b501f217046db353c110bd7703fcdf5e3eaf0871cfdeb6468a8d43f,a39f055506740f2eedc23d1eac1250b087d869dfbfdd6cdb87c21cb08b866428,./results/models/ablation/state/no_query_topology/stack/random_b/best.pt,"[{""action"":{""high_action"":""split"",""order_decision"":""only_cost""},""phase"":""high""},{""action"":{""candidate_id"":0,""schedule_alpha"":0.5},""phase"":""select""},{""action"":{""search_k"":1,""search_strategy"":""default""},""phase"":""search""},{""action"":{""execution_action"":""none"",""lip_action"":""none""},""phase"":""low""},{""action"":{""high_action"":""split"",""order_decision"":""only_cost""},""phase"":""high""},{""action"":{""candidate_id"":3,""schedule_alpha"":0.5},""phase"":""select""},{""action"":{""search_k"":1,""search_strategy"":""default""},""phase"":""search""},{""action"":{""execution_action"":""none"",""lip_action"":""none""},""phase"":""low""},{""action"":{""high_action"":""split"",""order_decision"":""only_cost""},""phase"":""high""},{""action"":{""candidate_id"":1,""schedule_alpha"":0.5},""phase"":""select""},{""action"":{""search_k"":1,""search_strategy"":""default""},""phase"":""search""},{""action"":{""execution_action"":""none"",""lip_action"":""none""},""phase"":""low""},{""action"":{""high_action"":""split"",""order_decision"":""only_cost""},""phase"":""high""},{""action"":{""candidate_id"":3,""schedule_alpha"":0.5},""phase"":""select""},{""action"":{""search_k"":1,""search_strategy"":""default""},""phase"":""search""},{""action"":{""execution_action"":""none"",""lip_action"":""none""},""phase"":""low""},{""action"":{""high_action"":""split"",""order_decision"":""only_cost""},""phase"":""high""},{""action"":{""candidate_id"":0,""schedule_alpha"":0.5},""phase"":""select""},{""action"":{""search_k"":1,""search_strategy"":""default""},""phase"":""search""},{""action"":{""execution_action"":""none"",""lip_action"":""none""},""phase"":""low""},{""action"":{""high_action"":""split"",""order_decision"":""only_cost""},""phase"":""high""},{""action"":{""candidate_id"":0,""schedule_alpha"":0.5},""phase"":""select""},{""action"":{""search_k"":1,""search_strategy"":""default""},""phase"":""search""},{""action"":{""execution_action"":""none"",""lip_action"":""none""},""phase"":""low""},{""action"":{""high_action"":""split"",""order_decision"":""only_cost""},""phase"":""high""},{""action"":{""candidate_id"":1,""schedule_alpha"":0.5},""phase"":""select""},{""action"":{""search_k"":1,""search_strategy"":""default""},""phase"":""search""},{""action"":{""execution_action"":""none"",""lip_action"":""none""},""phase"":""low""},{""action"":{""high_action"":""stop"",""order_decision"":""only_cost""},""phase"":""high""},{""action"":{""search_k"":1,""search_strategy"":""default""},""phase"":""search""},{""action"":{""execution_action"":""none"",""lip_action"":""none""},""phase"":""low""}]"
STACK,b,./workloads/query_stack/q2_q2-081.sql,w/o Query Topology,958.485424518585,56.250000000000,ok,1a7d78a8eb8abd7af47cccb03fcdc9f93bc4eace3114dc327e9797bd85744335,87,True,3e8a163dd4a6445db7949acc99448a9e73fc484e5c89188d8633a65981ec8978,ab8c95f8a297437641b2f01ae1a628b897ab1d2bf0ec949b221d2d93348d239e,./results/models/ablation/state/no_query_topology/stack/random_b/best.pt,"[{""action"":{""high_action"":""split"",""order_decision"":""only_cost""},""phase"":""high""},{""action"":{""candidate_id"":0,""schedule_alpha"":0.5},""phase"":""select""},{""action"":{""search_k"":1,""search_strategy"":""default""},""phase"":""search""},{""action"":{""execution_action"":""none"",""lip_action"":""none""},""phase"":""low""},{""action"":{""high_action"":""split"",""order_decision"":""only_cost""},""phase"":""high""},{""action"":{""candidate_id"":3,""schedule_alpha"":0.5},""phase"":""select""},{""action"":{""search_k"":1,""search_strategy"":""default""},""phase"":""search""},{""action"":{""execution_action"":""none"",""lip_action"":""none""},""phase"":""low""},{""action"":{""high_action"":""split"",""order_decision"":""only_cost""},""phase"":""high""},{""action"":{""candidate_id"":1,""schedule_alpha"":0.5},""phase"":""select""},{""action"":{""search_k"":1,""search_strategy"":""default""},""phase"":""search""},{""action"":{""execution_action"":""none"",""lip_action"":""none""},""phase"":""low""},{""action"":{""high_action"":""split"",""order_decision"":""only_cost""},""phase"":""high""},{""action"":{""candidate_id"":3,""schedule_alpha"":0.5},""phase"":""select""},{""action"":{""search_k"":1,""search_strategy"":""default""},""phase"":""search""},{""action"":{""execution_action"":""none"",""lip_action"":""none""},""phase"":""low""},{""action"":{""high_action"":""split"",""order_decision"":""only_cost""},""phase"":""high""},{""action"":{""candidate_id"":0,""schedule_alpha"":0.5},""phase"":""select""},{""action"":{""search_k"":1,""search_strategy"":""default""},""phase"":""search""},{""action"":{""execution_action"":""none"",""lip_action"":""none""},""phase"":""low""},{""action"":{""high_action"":""split"",""order_decision"":""only_cost""},""phase"":""high""},{""action"":{""candidate_id"":0,""schedule_alpha"":0.5},""phase"":""select""},{""action"":{""search_k"":1,""search_strategy"":""default""},""phase"":""search""},{""action"":{""execution_action"":""none"",""lip_action"":""none""},""phase"":""low""},{""action"":{""high_action"":""split"",""order_decision"":""only_cost""},""phase"":""high""},{""action"":{""candidate_id"":1,""schedule_alpha"":0.5},""phase"":""select""},{""action"":{""search_k"":1,""search_strategy"":""default""},""phase"":""search""},{""action"":{""execution_action"":""none"",""lip_action"":""none""},""phase"":""low""},{""action"":{""high_action"":""stop"",""order_decision"":""only_cost""},""phase"":""high""},{""action"":{""search_k"":1,""search_strategy"":""default""},""phase"":""search""},{""action"":{""execution_action"":""none"",""lip_action"":""none""},""phase"":""low""}]"
STACK,b,./workloads/query_stack/q3_q3-018.sql,w/o Query Topology,1431.265160441399,66.509000000000,ok,ce8ae4a1c41bb6ace1751e8b691713500edc7b921b9a42bfde4909ad43ad647a,1,True,575601bf9f5ce579a229db99839ebe7de26ac9d8057c5e917ba1574901bd907b,8b9868442319ef24885cbe780a74e455c05eed94997f20e5cf72805bd6184263,./results/models/ablation/state/no_query_topology/stack/random_b/best.pt,"[{""action"":{""high_action"":""split"",""order_decision"":""only_cost""},""phase"":""high""},{""action"":{""candidate_id"":0,""schedule_alpha"":0.5},""phase"":""select""},{""action"":{""search_k"":1,""search_strategy"":""default""},""phase"":""search""},{""action"":{""execution_action"":""none"",""lip_action"":""none""},""phase"":""low""},{""action"":{""high_action"":""split"",""order_decision"":""only_cost""},""phase"":""high""},{""action"":{""candidate_id"":4,""schedule_alpha"":0.5},""phase"":""select""},{""action"":{""search_k"":1,""search_strategy"":""default""},""phase"":""search""},{""action"":{""execution_action"":""none"",""lip_action"":""none""},""phase"":""low""},{""action"":{""high_action"":""split"",""order_decision"":""only_cost""},""phase"":""high""},{""action"":{""candidate_id"":2,""schedule_alpha"":0.5},""phase"":""select""},{""action"":{""search_k"":1,""search_strategy"":""default""},""phase"":""search""},{""action"":{""execution_action"":""none"",""lip_action"":""none""},""phase"":""low""},{""action"":{""high_action"":""split"",""order_decision"":""only_cost""},""phase"":""high""},{""action"":{""candidate_id"":4,""schedule_alpha"":0.5},""phase"":""select""},{""action"":{""search_k"":1,""search_strategy"":""default""},""phase"":""search""},{""action"":{""execution_action"":""none"",""lip_action"":""none""},""phase"":""low""},{""action"":{""high_action"":""split"",""order_decision"":""only_cost""},""phase"":""high""},{""action"":{""candidate_id"":0,""schedule_alpha"":0.5},""phase"":""select""},{""action"":{""search_k"":1,""search_strategy"":""default""},""phase"":""search""},{""action"":{""execution_action"":""none"",""lip_action"":""none""},""phase"":""low""},{""action"":{""high_action"":""split"",""order_decision"":""only_cost""},""phase"":""high""},{""action"":{""candidate_id"":0,""schedule_alpha"":0.5},""phase"":""select""},{""action"":{""search_k"":1,""search_strategy"":""default""},""phase"":""search""},{""action"":{""execution_action"":""none"",""lip_action"":""none""},""phase"":""low""},{""action"":{""high_action"":""split"",""order_decision"":""only_cost""},""phase"":""high""},{""action"":{""candidate_id"":0,""schedule_alpha"":0.5},""phase"":""select""},{""action"":{""search_k"":1,""search_strategy"":""default""},""phase"":""search""},{""action"":{""execution_action"":""none"",""lip_action"":""none""},""phase"":""low""},{""action"":{""high_action"":""split"",""order_decision"":""only_cost""},""phase"":""high""},{""action"":{""candidate_id"":1,""schedule_alpha"":0.5},""phase"":""select""},{""action"":{""search_k"":1,""search_strategy"":""default""},""phase"":""search""},{""action"":{""execution_action"":""none"",""lip_action"":""none""},""phase"":""low""},{""action"":{""high_action"":""stop"",""order_decision"":""only_cost""},""phase"":""high""},{""action"":{""search_k"":1,""search_strategy"":""default""},""phase"":""search""},{""action"":{""execution_action"":""none"",""lip_action"":""none""},""phase"":""low""}]"
STACK,b,./workloads/query_stack/q3_q3-040.sql,w/o Query Topology,26239.951692521572,137.646000000000,ok,7339417584b8a11219c126574a9eb259201d823711355fede0b243967980ea5c,1,True,0bae5df06459ca5a5634c077b2bacf55aea44df842cdcbd6d36697e82d97afca,5427cb5af6e5444fdc43616520f71efdc8811ab47b7f248e792ec831f4e76f3b,./results/models/ablation/state/no_query_topology/stack/random_b/best.pt,"[{""action"":{""high_action"":""split"",""order_decision"":""only_cost""},""phase"":""high""},{""action"":{""candidate_id"":0,""schedule_alpha"":0.5},""phase"":""select""},{""action"":{""search_k"":1,""search_strategy"":""default""},""phase"":""search""},{""action"":{""execution_action"":""none"",""lip_action"":""none""},""phase"":""low""},{""action"":{""high_action"":""split"",""order_decision"":""only_cost""},""phase"":""high""},{""action"":{""candidate_id"":4,""schedule_alpha"":0.5},""phase"":""select""},{""action"":{""search_k"":1,""search_strategy"":""default""},""phase"":""search""},{""action"":{""execution_action"":""none"",""lip_action"":""none""},""phase"":""low""},{""action"":{""high_action"":""split"",""order_decision"":""only_cost""},""phase"":""high""},{""action"":{""candidate_id"":2,""schedule_alpha"":0.5},""phase"":""select""},{""action"":{""search_k"":1,""search_strategy"":""default""},""phase"":""search""},{""action"":{""execution_action"":""none"",""lip_action"":""none""},""phase"":""low""},{""action"":{""high_action"":""split"",""order_decision"":""only_cost""},""phase"":""high""},{""action"":{""candidate_id"":4,""schedule_alpha"":0.5},""phase"":""select""},{""action"":{""search_k"":1,""search_strategy"":""default""},""phase"":""search""},{""action"":{""execution_action"":""none"",""lip_action"":""none""},""phase"":""low""},{""action"":{""high_action"":""split"",""order_decision"":""only_cost""},""phase"":""high""},{""action"":{""candidate_id"":3,""schedule_alpha"":0.5},""phase"":""select""},{""action"":{""search_k"":1,""search_strategy"":""default""},""phase"":""search""},{""action"":{""execution_action"":""none"",""lip_action"":""none""},""phase"":""low""},{""action"":{""high_action"":""split"",""order_decision"":""only_cost""},""phase"":""high""},{""action"":{""candidate_id"":2,""schedule_alpha"":0.5},""phase"":""select""},{""action"":{""search_k"":1,""search_strategy"":""default""},""phase"":""search""},{""action"":{""execution_action"":""none"",""lip_action"":""none""},""phase"":""low""},{""action"":{""high_action"":""split"",""order_decision"":""only_cost""},""phase"":""high""},{""action"":{""candidate_id"":0,""schedule_alpha"":0.5},""phase"":""select""},{""action"":{""search_k"":1,""search_strategy"":""default""},""phase"":""search""},{""action"":{""execution_action"":""none"",""lip_action"":""none""},""phase"":""low""},{""action"":{""high_action"":""stop"",""order_decision"":""only_cost""},""phase"":""high""},{""action"":{""search_k"":1,""search_strategy"":""default""},""phase"":""search""},{""action"":{""execution_action"":""conservative"",""lip_action"":""none""},""phase"":""low""}]"
STACK,b,./workloads/query_stack/q3_q3-046.sql,w/o Query Topology,1148.266382515430,141.527000000000,ok,64043c6a0d07cdab8939a506f1a097454642c5f07efa20f7d4c6ef417b0776a6,1,True,6373f2f5f27fbe6b17554586456e25e78eba5f098667687cb46de24204e83bc5,641991943f4b9a6877bfc84df94e50b96399c52d975e10f29e9e38908cf105ec,./results/models/ablation/state/no_query_topology/stack/random_b/best.pt,"[{""action"":{""high_action"":""split"",""order_decision"":""only_cost""},""phase"":""high""},{""action"":{""candidate_id"":0,""schedule_alpha"":0.5},""phase"":""select""},{""action"":{""search_k"":1,""search_strategy"":""default""},""phase"":""search""},{""action"":{""execution_action"":""none"",""lip_action"":""none""},""phase"":""low""},{""action"":{""high_action"":""split"",""order_decision"":""only_cost""},""phase"":""high""},{""action"":{""candidate_id"":4,""schedule_alpha"":0.5},""phase"":""select""},{""action"":{""search_k"":1,""search_strategy"":""default""},""phase"":""search""},{""action"":{""execution_action"":""none"",""lip_action"":""none""},""phase"":""low""},{""action"":{""high_action"":""split"",""order_decision"":""only_cost""},""phase"":""high""},{""action"":{""candidate_id"":2,""schedule_alpha"":0.5},""phase"":""select""},{""action"":{""search_k"":1,""search_strategy"":""default""},""phase"":""search""},{""action"":{""execution_action"":""none"",""lip_action"":""none""},""phase"":""low""},{""action"":{""high_action"":""split"",""order_decision"":""only_cost""},""phase"":""high""},{""action"":{""candidate_id"":4,""schedule_alpha"":0.5},""phase"":""select""},{""action"":{""search_k"":1,""search_strategy"":""default""},""phase"":""search""},{""action"":{""execution_action"":""none"",""lip_action"":""none""},""phase"":""low""},{""action"":{""high_action"":""split"",""order_decision"":""only_cost""},""phase"":""high""},{""action"":{""candidate_id"":3,""schedule_alpha"":0.5},""phase"":""select""},{""action"":{""search_k"":1,""search_strategy"":""default""},""phase"":""search""},{""action"":{""execution_action"":""none"",""lip_action"":""none""},""phase"":""low""},{""action"":{""high_action"":""split"",""order_decision"":""only_cost""},""phase"":""high""},{""action"":{""candidate_id"":0,""schedule_alpha"":0.5},""phase"":""select""},{""action"":{""search_k"":1,""search_strategy"":""default""},""phase"":""search""},{""action"":{""execution_action"":""none"",""lip_action"":""none""},""phase"":""low""},{""action"":{""high_action"":""split"",""order_decision"":""only_cost""},""phase"":""high""},{""action"":{""candidate_id"":0,""schedule_alpha"":0.5},""phase"":""select""},{""action"":{""search_k"":1,""search_strategy"":""default""},""phase"":""search""},{""action"":{""execution_action"":""none"",""lip_action"":""none""},""phase"":""low""},{""action"":{""high_action"":""stop"",""order_decision"":""only_cost""},""phase"":""high""},{""action"":{""search_k"":1,""search_strategy"":""default""},""phase"":""search""},{""action"":{""execution_action"":""conservative"",""lip_action"":""none""},""phase"":""low""}]"
STACK,b,./workloads/query_stack/q4_q4-002.sql,w/o Query Topology,209.333412349224,53.773000000000,ok,8d9224427d50897f4028dc9ce9334831ba3edb2057fb9035641159bd97fd4b36,1,True,1fc9cfb2c4e5dfae6af83e118bbff3e09d75bce402bb03d5bcf2ca633f61be0b,1bb9d8bed84a29b9be5709bb4079e4ccb3f71a705ff36312584eb55dc4bcb082,./results/models/ablation/state/no_query_topology/stack/random_b/best.pt,"[{""action"":{""high_action"":""stop"",""order_decision"":""only_cost""},""phase"":""high""},{""action"":{""search_k"":1,""search_strategy"":""default""},""phase"":""search""},{""action"":{""execution_action"":""none"",""lip_action"":""none""},""phase"":""low""}]"
STACK,b,./workloads/query_stack/q4_q4-026.sql,w/o Query Topology,183.444544672966,50.712000000000,ok,6bb5579c822808fcb721d8cf11517f9c65d428fb1724a44346b6b50f66a5c12a,1,True,38b427022a8417152e0854f0c652f945fa058e1199d8c6b56c3e42cb9a83652b,aa3ecba41a75eed55b3ccaf4771622a702f57dabb0ed915ec9fc979e80cb2fb3,./results/models/ablation/state/no_query_topology/stack/random_b/best.pt,"[{""action"":{""high_action"":""stop"",""order_decision"":""only_cost""},""phase"":""high""},{""action"":{""search_k"":1,""search_strategy"":""default""},""phase"":""search""},{""action"":{""execution_action"":""none"",""lip_action"":""none""},""phase"":""low""}]"
STACK,b,./workloads/query_stack/q4_q4-042.sql,w/o Query Topology,172.911010682583,48.964000000000,ok,099f4aa74a0c476baaea1bc1bcc8e97e65f380bd7505b0e3c053b8ff1b3eabfa,1,True,b49af436216a0a9cfaef4b06bc6f8fe7aeb7f3db497a781f1a4763e8997d36e9,fde91f56b0ccd6acaa1816f2d0b92ab6753dd00b4b5f8328b8100d9f01b4ea98,./results/models/ablation/state/no_query_topology/stack/random_b/best.pt,"[{""action"":{""high_action"":""stop"",""order_decision"":""only_cost""},""phase"":""high""},{""action"":{""search_k"":1,""search_strategy"":""default""},""phase"":""search""},{""action"":{""execution_action"":""none"",""lip_action"":""none""},""phase"":""low""}]"
STACK,b,./workloads/query_stack/q4_q4-064.sql,w/o Query Topology,151.713207364082,41.727000000000,ok,5bc034fe2d35132d09a20748a3a8eda5057620d1e40f06136eb5805ed1a2d193,1,True,2c048d39e7d90d47c471bad055cb309e14b2a84ed70fc6922777bf4b7df23cb3,36c4a6a6295581faa41eee1fbf069981eada712fc8c5f6f8df5a297192cfd1b1,./results/models/ablation/state/no_query_topology/stack/random_b/best.pt,"[{""action"":{""high_action"":""stop"",""order_decision"":""only_cost""},""phase"":""high""},{""action"":{""search_k"":1,""search_strategy"":""default""},""phase"":""search""},{""action"":{""execution_action"":""none"",""lip_action"":""none""},""phase"":""low""}]"
STACK,b,./workloads/query_stack/q5_q5-041.sql,w/o Query Topology,161.431401968002,85.017000000000,ok,cf96deac7d2faa6a3af89cedc636bf721427ff716ea6eb7050927ac3c0e0802a,1,True,525228935c8050391d658c14fa496dc8a7af75458f17fb5482f2e38faa325132,342b14066507ebe6779c211d47d9ba3a4d7c988dd26872d77c50c358aeeb4cd1,./results/models/ablation/state/no_query_topology/stack/random_b/best.pt,"[{""action"":{""high_action"":""stop"",""order_decision"":""only_cost""},""phase"":""high""},{""action"":{""search_k"":1,""search_strategy"":""default""},""phase"":""search""},{""action"":{""execution_action"":""none"",""lip_action"":""none""},""phase"":""low""}]"
STACK,b,./workloads/query_stack/q5_q5-052.sql,w/o Query Topology,96.906550228596,49.663000000000,ok,c6851781f092f229ce385161d54d84a1934580365f9dbd03ce28cad1d40a1d73,1,True,444e7591275ee3a9a31885794dbd36f4e0d982ed35bdd64a90aa43e9522b07b6,b93b5ceef4464991ff149944b79077b0e6fa11f70d86a37873ecdb38e3802a8b,./results/models/ablation/state/no_query_topology/stack/random_b/best.pt,"[{""action"":{""high_action"":""stop"",""order_decision"":""only_cost""},""phase"":""high""},{""action"":{""search_k"":1,""search_strategy"":""default""},""phase"":""search""},{""action"":{""execution_action"":""none"",""lip_action"":""none""},""phase"":""low""}]"
STACK,b,./workloads/query_stack/q5_q5-079.sql,w/o Query Topology,183.725826442242,51.963000000000,ok,ad2301e16f8ac0e556a59dd245bfdf55c48548fd352f0cf92a385882c89aebbd,1,True,59f5bae6b817bc41c33f32d26d1452776b88ae7eaa0bc1be29ac028a1374d765,49120826eeeb5ccc84f4a2ecc05caa1e449c75314b052caec81dda17ea587642,./results/models/ablation/state/no_query_topology/stack/random_b/best.pt,"[{""action"":{""high_action"":""stop"",""order_decision"":""only_cost""},""phase"":""high""},{""action"":{""search_k"":1,""search_strategy"":""default""},""phase"":""search""},{""action"":{""execution_action"":""none"",""lip_action"":""none""},""phase"":""low""}]"
STACK,b,./workloads/query_stack/q5_q5-082.sql,w/o Query Topology,137.931972742081,52.476000000000,ok,64043c6a0d07cdab8939a506f1a097454642c5f07efa20f7d4c6ef417b0776a6,1,True,2c61acd685869ce2eaa327b5eec0007bbf0e0f24e39acc4ab03f59c28d8c0c62,8e7d3f25974bca3bd6f6d36f4bdbd1c2d32333f41eeb7e0adea152eff0c754ce,./results/models/ablation/state/no_query_topology/stack/random_b/best.pt,"[{""action"":{""high_action"":""stop"",""order_decision"":""only_cost""},""phase"":""high""},{""action"":{""search_k"":1,""search_strategy"":""default""},""phase"":""search""},{""action"":{""execution_action"":""none"",""lip_action"":""none""},""phase"":""low""}]"
STACK,b,./workloads/query_stack/q6_q6-064.sql,w/o Query Topology,56.301780045033,21.743000000000,ok,e6f0f8d79adc05f93040da91ab04f3d215ad4b06c20176285c0994a20326a1c7,1,True,c0b0007913944d45a2a73f9387064e2f06024f4be89f4e0902f403592e61f4ba,f4b017e750ddd7363d3880b916550315ec9f678da6ef5087cb3b2905d0a77a01,./results/models/ablation/state/no_query_topology/stack/random_b/best.pt,"[{""action"":{""high_action"":""stop"",""order_decision"":""only_cost""},""phase"":""high""},{""action"":{""search_k"":1,""search_strategy"":""default""},""phase"":""search""},{""action"":{""execution_action"":""none"",""lip_action"":""none""},""phase"":""low""}]"
STACK,b,./workloads/query_stack/q7_q7-036.sql,w/o Query Topology,5453.402742743492,19.254000000000,ok,fa879e4fc50b8c9696eb4dbd6a0b301941889f11c3953bede1a1f9308c6c8618,1,True,93aba5e2c2261d0ba50ae5b51447a26f13b2b6dd6c2a2821ac2892ebb0d7f252,616c54c1ef328b20960e1812caa2aa958c3533568d260c77bc7f65d4021f385f,./results/models/ablation/state/no_query_topology/stack/random_b/best.pt,"[{""action"":{""high_action"":""split"",""order_decision"":""only_cost""},""phase"":""high""},{""action"":{""candidate_id"":1,""schedule_alpha"":0.5},""phase"":""select""},{""action"":{""search_k"":1,""search_strategy"":""default""},""phase"":""search""},{""action"":{""execution_action"":""none"",""lip_action"":""none""},""phase"":""low""},{""action"":{""high_action"":""split"",""order_decision"":""only_cost""},""phase"":""high""},{""action"":{""candidate_id"":0,""schedule_alpha"":0.5},""phase"":""select""},{""action"":{""search_k"":1,""search_strategy"":""default""},""phase"":""search""},{""action"":{""execution_action"":""none"",""lip_action"":""none""},""phase"":""low""},{""action"":{""high_action"":""stop"",""order_decision"":""only_cost""},""phase"":""high""},{""action"":{""search_k"":1,""search_strategy"":""default""},""phase"":""search""},{""action"":{""execution_action"":""none"",""lip_action"":""none""},""phase"":""low""}]"
STACK,b,./workloads/query_stack/q7_q7-047.sql,w/o Query Topology,5651.062354445457,19.444000000000,ok,fa879e4fc50b8c9696eb4dbd6a0b301941889f11c3953bede1a1f9308c6c8618,1,True,f360dce8e6ad3e084088ae05c9b43602e54f1a158decaa17af366189d1015620,87b6229f81d33dc77c9797e3f571fcf8dc453f2d8f5f409f84acb5a843fcf3af,./results/models/ablation/state/no_query_topology/stack/random_b/best.pt,"[{""action"":{""high_action"":""split"",""order_decision"":""only_cost""},""phase"":""high""},{""action"":{""candidate_id"":1,""schedule_alpha"":0.5},""phase"":""select""},{""action"":{""search_k"":1,""search_strategy"":""default""},""phase"":""search""},{""action"":{""execution_action"":""none"",""lip_action"":""none""},""phase"":""low""},{""action"":{""high_action"":""split"",""order_decision"":""only_cost""},""phase"":""high""},{""action"":{""candidate_id"":1,""schedule_alpha"":0.5},""phase"":""select""},{""action"":{""search_k"":1,""search_strategy"":""default""},""phase"":""search""},{""action"":{""execution_action"":""none"",""lip_action"":""none""},""phase"":""low""},{""action"":{""high_action"":""stop"",""order_decision"":""only_cost""},""phase"":""high""},{""action"":{""search_k"":1,""search_strategy"":""default""},""phase"":""search""},{""action"":{""execution_action"":""none"",""lip_action"":""none""},""phase"":""low""}]"
STACK,b,./workloads/query_stack/q7_q7-095.sql,w/o Query Topology,5577.702239155769,19.621000000000,ok,6e5557b7569a2d9a71b5f22b1f0b662ac75e91e1a3f70a0e8efb120b7f2df8f8,1,True,95ab0494c49d039897c82b180ed58b5cb28a5d4968880d2d52aac9a99b170293,494751b6340425fdc2df04e71b267491d8065635967e388991794c81a342c155,./results/models/ablation/state/no_query_topology/stack/random_b/best.pt,"[{""action"":{""high_action"":""split"",""order_decision"":""only_cost""},""phase"":""high""},{""action"":{""candidate_id"":1,""schedule_alpha"":0.5},""phase"":""select""},{""action"":{""search_k"":1,""search_strategy"":""default""},""phase"":""search""},{""action"":{""execution_action"":""none"",""lip_action"":""none""},""phase"":""low""},{""action"":{""high_action"":""split"",""order_decision"":""only_cost""},""phase"":""high""},{""action"":{""candidate_id"":0,""schedule_alpha"":0.5},""phase"":""select""},{""action"":{""search_k"":1,""search_strategy"":""default""},""phase"":""search""},{""action"":{""execution_action"":""none"",""lip_action"":""none""},""phase"":""low""},{""action"":{""high_action"":""stop"",""order_decision"":""only_cost""},""phase"":""high""},{""action"":{""search_k"":1,""search_strategy"":""default""},""phase"":""search""},{""action"":{""execution_action"":""none"",""lip_action"":""none""},""phase"":""low""}]"
STACK,c,./workloads/query_stack/q11_e4ca3559.sql,w/o Query Topology,182.864829897881,20.593000000000,ok,ab3e2686f1f4fa73ecc53675c92aebd79c076e9ba20aacfba85c80ca50fd9f81,1,True,b2c270e6de3f8b8fdfa53bf4d470112b258412b4de484e2d5c59b2e2825f0e9c,e3593ea076e61d07ecab61c636cda35679c8b7c939ea64bca44ba95190aab78b,./results/models/ablation/state/no_query_topology/stack/random_c/best.pt,"[{""action"":{""high_action"":""split"",""order_decision"":""only_cost""},""phase"":""high""},{""action"":{""candidate_id"":0,""schedule_alpha"":0.5},""phase"":""select""},{""action"":{""search_k"":1,""search_strategy"":""default""},""phase"":""search""},{""action"":{""execution_action"":""none"",""lip_action"":""none""},""phase"":""low""},{""action"":{""high_action"":""split"",""order_decision"":""only_cost""},""phase"":""high""},{""action"":{""candidate_id"":1,""schedule_alpha"":0.5},""phase"":""select""},{""action"":{""search_k"":1,""search_strategy"":""default""},""phase"":""search""},{""action"":{""execution_action"":""none"",""lip_action"":""none""},""phase"":""low""},{""action"":{""high_action"":""stop"",""order_decision"":""only_cost""},""phase"":""high""},{""action"":{""search_k"":1,""search_strategy"":""default""},""phase"":""search""},{""action"":{""execution_action"":""none"",""lip_action"":""none""},""phase"":""low""}]"
STACK,c,./workloads/query_stack/q12_547c6bf1.sql,w/o Query Topology,161.024890840054,42.364000000000,ok,9fbfc45e96c49c916707e21ed9289d7920e041e608ff529b37dc531d59ef2cbf,3,True,0a1ede763b028c1a8b610021a3068083dcd6964cf20012e775abbbc242fe0390,0c666a0ffe19bd16295d266ae71bee55eff4e2b2a4b6d36b9855b786883419a6,./results/models/ablation/state/no_query_topology/stack/random_c/best.pt,"[{""action"":{""high_action"":""stop"",""order_decision"":""only_cost""},""phase"":""high""},{""action"":{""search_k"":1,""search_strategy"":""default""},""phase"":""search""},{""action"":{""execution_action"":""none"",""lip_action"":""none""},""phase"":""low""}]"
STACK,c,./workloads/query_stack/q12_55de941e.sql,w/o Query Topology,4981.072120368481,47.847000000000,ok,ed936f160a5bbf03b84f27326c40026d39192e8573f0bddfac6d48db21462eca,9,True,a328781b06847ceb4b0fabb9470741bc24ca43238954d4a2ab1baf57d3773ad4,5b236c017bb98bc5e6d40a261790cdd19599d534cb0aea64d2c7775533a90fcb,./results/models/ablation/state/no_query_topology/stack/random_c/best.pt,"[{""action"":{""high_action"":""stop"",""order_decision"":""only_cost""},""phase"":""high""},{""action"":{""search_k"":1,""search_strategy"":""default""},""phase"":""search""},{""action"":{""execution_action"":""none"",""lip_action"":""none""},""phase"":""low""}]"
STACK,c,./workloads/query_stack/q12_5a5ff9bd.sql,w/o Query Topology,445.222772657871,45.697000000000,ok,1a51bed290669655d6e645dbe3fa43bc3948d0b44ce6eaf21817db2c0f56de80,11,True,949bdb781afe5e6c788fb8433d44ae8d4231b02b7b2d4fad5c7515a673f56891,23f4e4843f12a350a2133288a5f2cdeeb4731dab40783ab1e832baac344fbd2a,./results/models/ablation/state/no_query_topology/stack/random_c/best.pt,"[{""action"":{""high_action"":""stop"",""order_decision"":""only_cost""},""phase"":""high""},{""action"":{""search_k"":1,""search_strategy"":""default""},""phase"":""search""},{""action"":{""execution_action"":""none"",""lip_action"":""none""},""phase"":""low""}]"
STACK,c,./workloads/query_stack/q13_935e2051.sql,w/o Query Topology,16348.700895905495,83.162000000000,ok,4ca247db468282a1e541674fb553867c90f79d180147b80b93fa91cb4cf6b2fa,100,True,8587342b9b82a897f776c9727e74f01c0ad40b73fc0a1a371f735b40dd9f4d2a,72036fedd9cd09cd055f0c06bde39c8cab30aaade80cc4ffe4050281f3b09680,./results/models/ablation/state/no_query_topology/stack/random_c/best.pt,"[{""action"":{""high_action"":""stop"",""order_decision"":""only_cost""},""phase"":""high""},{""action"":{""search_k"":1,""search_strategy"":""default""},""phase"":""search""},{""action"":{""execution_action"":""none"",""lip_action"":""none""},""phase"":""low""}]"
STACK,c,./workloads/query_stack/q13_d383cd5b.sql,w/o Query Topology,313.908092677593,39.291000000000,ok,45dde614f4629165c93e3ca3a061d5d3fd50a3814f1e5d35356b3f6c35a2dd47,39,True,0a33a7d48d4ffbf5c6c0d0cf2ec8382b19450ff16ad46a4031dbb6da60e7347c,70f5dcbbb04a3c0fef98969c13427f051cc0c96099723a50cfd5f7230133e214,./results/models/ablation/state/no_query_topology/stack/random_c/best.pt,"[{""action"":{""high_action"":""split"",""order_decision"":""only_cost""},""phase"":""high""},{""action"":{""candidate_id"":3,""schedule_alpha"":0.5},""phase"":""select""},{""action"":{""search_k"":1,""search_strategy"":""default""},""phase"":""search""},{""action"":{""execution_action"":""none"",""lip_action"":""none""},""phase"":""low""},{""action"":{""high_action"":""split"",""order_decision"":""only_cost""},""phase"":""high""},{""action"":{""candidate_id"":3,""schedule_alpha"":0.5},""phase"":""select""},{""action"":{""search_k"":1,""search_strategy"":""default""},""phase"":""search""},{""action"":{""execution_action"":""none"",""lip_action"":""none""},""phase"":""low""},{""action"":{""high_action"":""split"",""order_decision"":""only_cost""},""phase"":""high""},{""action"":{""candidate_id"":1,""schedule_alpha"":0.5},""phase"":""select""},{""action"":{""search_k"":1,""search_strategy"":""default""},""phase"":""search""},{""action"":{""execution_action"":""none"",""lip_action"":""none""},""phase"":""low""},{""action"":{""high_action"":""split"",""order_decision"":""only_cost""},""phase"":""high""},{""action"":{""candidate_id"":1,""schedule_alpha"":0.5},""phase"":""select""},{""action"":{""search_k"":1,""search_strategy"":""default""},""phase"":""search""},{""action"":{""execution_action"":""none"",""lip_action"":""none""},""phase"":""low""},{""action"":{""high_action"":""split"",""order_decision"":""only_cost""},""phase"":""high""},{""action"":{""candidate_id"":0,""schedule_alpha"":0.5},""phase"":""select""},{""action"":{""search_k"":1,""search_strategy"":""default""},""phase"":""search""},{""action"":{""execution_action"":""none"",""lip_action"":""none""},""phase"":""low""},{""action"":{""high_action"":""stop"",""order_decision"":""only_cost""},""phase"":""high""},{""action"":{""search_k"":1,""search_strategy"":""default""},""phase"":""search""},{""action"":{""execution_action"":""none"",""lip_action"":""none""},""phase"":""low""}]"
STACK,c,./workloads/query_stack/q13_d4707be2.sql,w/o Query Topology,1102.178059518337,57.335000000000,ok,9893535665d036e9aff66d0afd386a7ee4323f75c6446f606135ada96f04d69a,5,True,99de1ad9f1b08d33e04969e206579f5980647f72fea874f5249cc33dcd0d0e71,f96c3c537cbd130f73a0e98e284ccb42d9e8c5e3e49dba4419345ede16e6540b,./results/models/ablation/state/no_query_topology/stack/random_c/best.pt,"[{""action"":{""high_action"":""stop"",""order_decision"":""only_cost""},""phase"":""high""},{""action"":{""search_k"":1,""search_strategy"":""default""},""phase"":""search""},{""action"":{""execution_action"":""none"",""lip_action"":""none""},""phase"":""low""}]"
STACK,c,./workloads/query_stack/q14_719e692d.sql,w/o Query Topology,1635.324835777283,41.936000000000,ok,ebb8d61d10ba762aebef5131b60d91915c71c0138f4d0434ee04e01d1df22f0b,1,True,d74ab0f9d5e65c2cfddf195052eef00250ae0395ce5ef5f916459de2c9a3a07b,7d51207f98d88ac8eb6aa91379a91462182bb6955ed9a82b2f92b7d055635da1,./results/models/ablation/state/no_query_topology/stack/random_c/best.pt,"[{""action"":{""high_action"":""split"",""order_decision"":""only_cost""},""phase"":""high""},{""action"":{""candidate_id"":3,""schedule_alpha"":0.5},""phase"":""select""},{""action"":{""search_k"":1,""search_strategy"":""default""},""phase"":""search""},{""action"":{""execution_action"":""none"",""lip_action"":""none""},""phase"":""low""},{""action"":{""high_action"":""split"",""order_decision"":""only_cost""},""phase"":""high""},{""action"":{""candidate_id"":3,""schedule_alpha"":0.5},""phase"":""select""},{""action"":{""search_k"":1,""search_strategy"":""default""},""phase"":""search""},{""action"":{""execution_action"":""none"",""lip_action"":""none""},""phase"":""low""},{""action"":{""high_action"":""split"",""order_decision"":""only_cost""},""phase"":""high""},{""action"":{""candidate_id"":1,""schedule_alpha"":0.5},""phase"":""select""},{""action"":{""search_k"":1,""search_strategy"":""default""},""phase"":""search""},{""action"":{""execution_action"":""none"",""lip_action"":""none""},""phase"":""low""},{""action"":{""high_action"":""split"",""order_decision"":""only_cost""},""phase"":""high""},{""action"":{""candidate_id"":1,""schedule_alpha"":0.5},""phase"":""select""},{""action"":{""search_k"":1,""search_strategy"":""default""},""phase"":""search""},{""action"":{""execution_action"":""none"",""lip_action"":""none""},""phase"":""low""},{""action"":{""high_action"":""split"",""order_decision"":""only_cost""},""phase"":""high""},{""action"":{""candidate_id"":0,""schedule_alpha"":0.5},""phase"":""select""},{""action"":{""search_k"":1,""search_strategy"":""default""},""phase"":""search""},{""action"":{""execution_action"":""none"",""lip_action"":""none""},""phase"":""low""},{""action"":{""high_action"":""stop"",""order_decision"":""only_cost""},""phase"":""high""},{""action"":{""search_k"":1,""search_strategy"":""default""},""phase"":""search""},{""action"":{""execution_action"":""none"",""lip_action"":""none""},""phase"":""low""}]"
STACK,c,./workloads/query_stack/q14_74fd1af6.sql,w/o Query Topology,8776.248723268509,49.393000000000,ok,3b761369c29de1fbfbb19afc9da08d6a95e223b27fd34a05ff1d6982d5f19586,1,True,141c76512b89393c3144a74a9f88887721b05ddf44a9154974193146e0df2ce2,578734a360ed94b627aee954bae37a58e6dd421ead3f23070524a739523da554,./results/models/ablation/state/no_query_topology/stack/random_c/best.pt,"[{""action"":{""high_action"":""stop"",""order_decision"":""only_cost""},""phase"":""high""},{""action"":{""search_k"":1,""search_strategy"":""default""},""phase"":""search""},{""action"":{""execution_action"":""none"",""lip_action"":""none""},""phase"":""low""}]"
STACK,c,./workloads/query_stack/q14_b49361f8.sql,w/o Query Topology,360.141299664974,50.683000000000,ok,969d74d42f62e26fa0db6e5bcfbe73cfd39bd0bee628e1a2b7bac85672da7dc7,1,True,6b467f738a30b0fe1e96c673d7378baeea38420b55114ea7736aba623c29298c,d2ac3cb9ab4456c5dd6d0914ff4d683dedf6790d09a9841d5d7e7b9758b29b7b,./results/models/ablation/state/no_query_topology/stack/random_c/best.pt,"[{""action"":{""high_action"":""stop"",""order_decision"":""only_cost""},""phase"":""high""},{""action"":{""search_k"":1,""search_strategy"":""default""},""phase"":""search""},{""action"":{""execution_action"":""none"",""lip_action"":""none""},""phase"":""low""}]"
STACK,c,./workloads/query_stack/q15_543ab3f7.sql,w/o Query Topology,304.304338991642,12.885000000000,ok,b5de167d40941317a62ce34f775428763184c054b938b979bdf442f507469adc,5,True,27e8e6f5ffd295739c5cec4fab275cf43eb70061096a77ec093d6516df82af46,041e0c1e26853491fc5bb6c2fa7bb6bcdd0f4192613bb33dc5f403dbba01af41,./results/models/ablation/state/no_query_topology/stack/random_c/best.pt,"[{""action"":{""high_action"":""stop"",""order_decision"":""only_cost""},""phase"":""high""},{""action"":{""search_k"":1,""search_strategy"":""default""},""phase"":""search""},{""action"":{""execution_action"":""none"",""lip_action"":""none""},""phase"":""low""}]"
STACK,c,./workloads/query_stack/q15_b2ee2c78.sql,w/o Query Topology,430.711917579174,12.865000000000,ok,4f2a2a4af4cc7c51e656a7011a3af7914868d559c69a1464aa67d54fdb02b16b,80,True,f8f8adec83df21f6ed64b748b90dbd4927097e075817917156e62946682b286e,3e0e64073add8980a621ab957c2e85e5a150f60119bb8cd02e7d7eb0c22141c8,./results/models/ablation/state/no_query_topology/stack/random_c/best.pt,"[{""action"":{""high_action"":""stop"",""order_decision"":""only_cost""},""phase"":""high""},{""action"":{""search_k"":1,""search_strategy"":""default""},""phase"":""search""},{""action"":{""execution_action"":""none"",""lip_action"":""none""},""phase"":""low""}]"
STACK,c,./workloads/query_stack/q15_c9619ad4.sql,w/o Query Topology,693.713918328285,15.728000000000,ok,6bd4586b45a0439088c3cc815feb62cfd22926e30b74e207eb611081b13bc629,33,True,4b389ba3ce7251887b534e55d6ccdb8050d1f800f024684e5224dfa99a0be5e8,9eba425f9723d8bc9f94482fab7bb01db76d156d4c4b523e2eeaebaef4f3ec96,./results/models/ablation/state/no_query_topology/stack/random_c/best.pt,"[{""action"":{""high_action"":""stop"",""order_decision"":""only_cost""},""phase"":""high""},{""action"":{""search_k"":1,""search_strategy"":""default""},""phase"":""search""},{""action"":{""execution_action"":""none"",""lip_action"":""none""},""phase"":""low""}]"
STACK,c,./workloads/query_stack/q16_1e863562.sql,w/o Query Topology,6930.063769221306,48.517000000000,ok,d1e57e7b71a37991f5cbf6c0748694fc9ed5016441100b48bbd5f218abc2a3af,1,True,a760ebe7887ecab210c003e075e3347a1cc6b755c8ea0fb6104223f784dce8bb,bcc4647ec5d798ffbdc1214d63cf0927f712b851e704f5c95787ca7f49925d16,./results/models/ablation/state/no_query_topology/stack/random_c/best.pt,"[{""action"":{""high_action"":""stop"",""order_decision"":""only_cost""},""phase"":""high""},{""action"":{""search_k"":1,""search_strategy"":""default""},""phase"":""search""},{""action"":{""execution_action"":""none"",""lip_action"":""none""},""phase"":""low""}]"
STACK,c,./workloads/query_stack/q16_b1a96cd4.sql,w/o Query Topology,1195.682838559151,48.246000000000,ok,41b58143a8eeb8fdec2ac943a75e5dce841e5f91f0195101e60066219d775f05,1,True,bcde95afc29df210ef740863c9902e72ed71461a098925486ef0c6ec38ca070d,2fbe2ffd824fa1e11895d017749e93b30aeb471fd8bdfa67bc93771646d88f04,./results/models/ablation/state/no_query_topology/stack/random_c/best.pt,"[{""action"":{""high_action"":""stop"",""order_decision"":""only_cost""},""phase"":""high""},{""action"":{""search_k"":1,""search_strategy"":""default""},""phase"":""search""},{""action"":{""execution_action"":""none"",""lip_action"":""none""},""phase"":""low""}]"
STACK,c,./workloads/query_stack/q16_ea9efde5.sql,w/o Query Topology,249.097466468811,26.782000000000,ok,ad066d12fc4fb54c3407e8d8ade387dbe9db61ad779fbaf8596895c87b6d15aa,1,True,b3fe12cf7fe0c513d913dace4094084f268b70bb3e59010ec42f7d4a127f8017,62b9955d82dd45886b36acc8daf5471ecbc9d13f4ca5165f0f74a1f9b6da772a,./results/models/ablation/state/no_query_topology/stack/random_c/best.pt,"[{""action"":{""high_action"":""split"",""order_decision"":""only_cost""},""phase"":""high""},{""action"":{""candidate_id"":1,""schedule_alpha"":0.5},""phase"":""select""},{""action"":{""search_k"":1,""search_strategy"":""default""},""phase"":""search""},{""action"":{""execution_action"":""none"",""lip_action"":""none""},""phase"":""low""},{""action"":{""high_action"":""split"",""order_decision"":""only_cost""},""phase"":""high""},{""action"":{""candidate_id"":1,""schedule_alpha"":0.5},""phase"":""select""},{""action"":{""search_k"":1,""search_strategy"":""default""},""phase"":""search""},{""action"":{""execution_action"":""none"",""lip_action"":""none""},""phase"":""low""},{""action"":{""high_action"":""split"",""order_decision"":""only_cost""},""phase"":""high""},{""action"":{""candidate_id"":0,""schedule_alpha"":0.5},""phase"":""select""},{""action"":{""search_k"":1,""search_strategy"":""default""},""phase"":""search""},{""action"":{""execution_action"":""none"",""lip_action"":""none""},""phase"":""low""},{""action"":{""high_action"":""stop"",""order_decision"":""only_cost""},""phase"":""high""},{""action"":{""search_k"":1,""search_strategy"":""default""},""phase"":""search""},{""action"":{""execution_action"":""none"",""lip_action"":""none""},""phase"":""low""}]"
STACK,c,./workloads/query_stack/q16_ed2ffeae.sql,w/o Query Topology,3349.694468080997,47.155000000000,ok,1f5b522694ac21e12061ac5fe3b435c6d090355aa4909e541e8a2c0f591f9efe,1,True,6251432aa48f621b253594f9f69b39ad48473362de8f3339e4c4df7ece7d5478,3edd8873564290689c8a95525342d7177ea16f9a349b6d856395c7e4c26b1a83,./results/models/ablation/state/no_query_topology/stack/random_c/best.pt,"[{""action"":{""high_action"":""stop"",""order_decision"":""only_cost""},""phase"":""high""},{""action"":{""search_k"":1,""search_strategy"":""default""},""phase"":""search""},{""action"":{""execution_action"":""none"",""lip_action"":""none""},""phase"":""low""}]"
STACK,c,./workloads/query_stack/q16_fbe34e8f.sql,w/o Query Topology,2713.898457586765,27.655000000000,ok,7202cb33d764a70a4db92f7ee198c34db2e7d59491dc31cc3c655d406dc29487,1,True,e47f54cb088ac9cee8bc4c03fad7e5fb0a53217f68b912cd593b67f5d251c8d6,13235db3b40f5741816b4c5babef9b039e01410528f3291f14019ccb4d266c77,./results/models/ablation/state/no_query_topology/stack/random_c/best.pt,"[{""action"":{""high_action"":""split"",""order_decision"":""only_cost""},""phase"":""high""},{""action"":{""candidate_id"":1,""schedule_alpha"":0.5},""phase"":""select""},{""action"":{""search_k"":1,""search_strategy"":""default""},""phase"":""search""},{""action"":{""execution_action"":""none"",""lip_action"":""none""},""phase"":""low""},{""action"":{""high_action"":""split"",""order_decision"":""only_cost""},""phase"":""high""},{""action"":{""candidate_id"":1,""schedule_alpha"":0.5},""phase"":""select""},{""action"":{""search_k"":1,""search_strategy"":""default""},""phase"":""search""},{""action"":{""execution_action"":""none"",""lip_action"":""none""},""phase"":""low""},{""action"":{""high_action"":""split"",""order_decision"":""only_cost""},""phase"":""high""},{""action"":{""candidate_id"":0,""schedule_alpha"":0.5},""phase"":""select""},{""action"":{""search_k"":1,""search_strategy"":""default""},""phase"":""search""},{""action"":{""execution_action"":""none"",""lip_action"":""none""},""phase"":""low""},{""action"":{""high_action"":""stop"",""order_decision"":""only_cost""},""phase"":""high""},{""action"":{""search_k"":1,""search_strategy"":""default""},""phase"":""search""},{""action"":{""execution_action"":""none"",""lip_action"":""none""},""phase"":""low""}]"
STACK,c,./workloads/query_stack/q1_q1-031.sql,w/o Query Topology,52.642144262791,37.549000000000,ok,c6851781f092f229ce385161d54d84a1934580365f9dbd03ce28cad1d40a1d73,1,True,92f12780fa27ca09be703aa2619467bc712453f35fcd4e2bbd2219834d6c8a67,2a49eeadc7a1940335063034b5c3599518403cc102144608323dc61cb55ee1f1,./results/models/ablation/state/no_query_topology/stack/random_c/best.pt,"[{""action"":{""high_action"":""stop"",""order_decision"":""only_cost""},""phase"":""high""},{""action"":{""search_k"":1,""search_strategy"":""default""},""phase"":""search""},{""action"":{""execution_action"":""none"",""lip_action"":""none""},""phase"":""low""}]"
STACK,c,./workloads/query_stack/q1_q1-035.sql,w/o Query Topology,57.136453688145,41.317000000000,ok,4c0f0a0bbb0c6e05c315b00e38442781160c6fb878b398b0d3c96fc9c63bf954,1,True,3232aebf6766a21f70dcf3aecca5edb3c6c0b2262ebd3a8a80ae7ff548cdf8ee,16e045bdc5019aa50d59c561d333ce8e8fced09f334bd62eded8ff4511854a0f,./results/models/ablation/state/no_query_topology/stack/random_c/best.pt,"[{""action"":{""high_action"":""stop"",""order_decision"":""only_cost""},""phase"":""high""},{""action"":{""search_k"":1,""search_strategy"":""default""},""phase"":""search""},{""action"":{""execution_action"":""none"",""lip_action"":""none""},""phase"":""low""}]"
STACK,c,./workloads/query_stack/q2_q2-094.sql,w/o Query Topology,1087.936013936996,193.527000000000,ok,d0d8cdab081896241156e9724fb3acb1c9cffd1c34bf78ea9c055b48168fda45,17,True,079073b4554453acc6b0dc5f39c2f1ecdd2afc2ecc43d5c632684328d129f0e3,265d06d441a1b15e87afb3fe8133bfbd705ef1ad1b227ad340758ac2d4a64951,./results/models/ablation/state/no_query_topology/stack/random_c/best.pt,"[{""action"":{""high_action"":""split"",""order_decision"":""only_cost""},""phase"":""high""},{""action"":{""candidate_id"":0,""schedule_alpha"":0.5},""phase"":""select""},{""action"":{""search_k"":1,""search_strategy"":""default""},""phase"":""search""},{""action"":{""execution_action"":""none"",""lip_action"":""none""},""phase"":""low""},{""action"":{""high_action"":""split"",""order_decision"":""only_cost""},""phase"":""high""},{""action"":{""candidate_id"":3,""schedule_alpha"":0.5},""phase"":""select""},{""action"":{""search_k"":1,""search_strategy"":""default""},""phase"":""search""},{""action"":{""execution_action"":""none"",""lip_action"":""none""},""phase"":""low""},{""action"":{""high_action"":""split"",""order_decision"":""only_cost""},""phase"":""high""},{""action"":{""candidate_id"":1,""schedule_alpha"":0.5},""phase"":""select""},{""action"":{""search_k"":1,""search_strategy"":""default""},""phase"":""search""},{""action"":{""execution_action"":""none"",""lip_action"":""none""},""phase"":""low""},{""action"":{""high_action"":""split"",""order_decision"":""only_cost""},""phase"":""high""},{""action"":{""candidate_id"":3,""schedule_alpha"":0.5},""phase"":""select""},{""action"":{""search_k"":1,""search_strategy"":""default""},""phase"":""search""},{""action"":{""execution_action"":""none"",""lip_action"":""none""},""phase"":""low""},{""action"":{""high_action"":""split"",""order_decision"":""only_cost""},""phase"":""high""},{""action"":{""candidate_id"":0,""schedule_alpha"":0.5},""phase"":""select""},{""action"":{""search_k"":1,""search_strategy"":""default""},""phase"":""search""},{""action"":{""execution_action"":""none"",""lip_action"":""none""},""phase"":""low""},{""action"":{""high_action"":""split"",""order_decision"":""only_cost""},""phase"":""high""},{""action"":{""candidate_id"":0,""schedule_alpha"":0.5},""phase"":""select""},{""action"":{""search_k"":1,""search_strategy"":""default""},""phase"":""search""},{""action"":{""execution_action"":""none"",""lip_action"":""none""},""phase"":""low""},{""action"":{""high_action"":""split"",""order_decision"":""only_cost""},""phase"":""high""},{""action"":{""candidate_id"":1,""schedule_alpha"":0.5},""phase"":""select""},{""action"":{""search_k"":1,""search_strategy"":""default""},""phase"":""search""},{""action"":{""execution_action"":""none"",""lip_action"":""none""},""phase"":""low""},{""action"":{""high_action"":""stop"",""order_decision"":""only_cost""},""phase"":""high""},{""action"":{""search_k"":1,""search_strategy"":""default""},""phase"":""search""},{""action"":{""execution_action"":""conservative"",""lip_action"":""selective""},""phase"":""low""}]"
STACK,c,./workloads/query_stack/q3_q3-066.sql,w/o Query Topology,1052.268885076046,159.074000000000,ok,8e1e8f5d1a4199b0ebf310296b9f7f61e32ae978687b0c87cb3da769ebd6e5f3,1,True,7134b4bc49e557cba23eb4b744690c99bb333f5f5edca5da740f32eba3479806,3caed833d33257b36e632a1e14ffacb6b75ce5bbd3ce714ea05b3f214b96172c,./results/models/ablation/state/no_query_topology/stack/random_c/best.pt,"[{""action"":{""high_action"":""split"",""order_decision"":""only_cost""},""phase"":""high""},{""action"":{""candidate_id"":0,""schedule_alpha"":0.5},""phase"":""select""},{""action"":{""search_k"":1,""search_strategy"":""default""},""phase"":""search""},{""action"":{""execution_action"":""none"",""lip_action"":""none""},""phase"":""low""},{""action"":{""high_action"":""split"",""order_decision"":""only_cost""},""phase"":""high""},{""action"":{""candidate_id"":4,""schedule_alpha"":0.5},""phase"":""select""},{""action"":{""search_k"":1,""search_strategy"":""default""},""phase"":""search""},{""action"":{""execution_action"":""none"",""lip_action"":""none""},""phase"":""low""},{""action"":{""high_action"":""split"",""order_decision"":""only_cost""},""phase"":""high""},{""action"":{""candidate_id"":2,""schedule_alpha"":0.5},""phase"":""select""},{""action"":{""search_k"":1,""search_strategy"":""default""},""phase"":""search""},{""action"":{""execution_action"":""none"",""lip_action"":""none""},""phase"":""low""},{""action"":{""high_action"":""split"",""order_decision"":""only_cost""},""phase"":""high""},{""action"":{""candidate_id"":4,""schedule_alpha"":0.5},""phase"":""select""},{""action"":{""search_k"":1,""search_strategy"":""default""},""phase"":""search""},{""action"":{""execution_action"":""none"",""lip_action"":""none""},""phase"":""low""},{""action"":{""high_action"":""split"",""order_decision"":""only_cost""},""phase"":""high""},{""action"":{""candidate_id"":0,""schedule_alpha"":0.5},""phase"":""select""},{""action"":{""search_k"":1,""search_strategy"":""default""},""phase"":""search""},{""action"":{""execution_action"":""none"",""lip_action"":""none""},""phase"":""low""},{""action"":{""high_action"":""split"",""order_decision"":""only_cost""},""phase"":""high""},{""action"":{""candidate_id"":0,""schedule_alpha"":0.5},""phase"":""select""},{""action"":{""search_k"":1,""search_strategy"":""default""},""phase"":""search""},{""action"":{""execution_action"":""none"",""lip_action"":""none""},""phase"":""low""},{""action"":{""high_action"":""split"",""order_decision"":""only_cost""},""phase"":""high""},{""action"":{""candidate_id"":1,""schedule_alpha"":0.5},""phase"":""select""},{""action"":{""search_k"":1,""search_strategy"":""default""},""phase"":""search""},{""action"":{""execution_action"":""none"",""lip_action"":""none""},""phase"":""low""},{""action"":{""high_action"":""stop"",""order_decision"":""only_cost""},""phase"":""high""},{""action"":{""search_k"":1,""search_strategy"":""default""},""phase"":""search""},{""action"":{""execution_action"":""conservative"",""lip_action"":""selective""},""phase"":""low""}]"
STACK,c,./workloads/query_stack/q3_q3-068.sql,w/o Query Topology,1828.699633479118,57.228000000000,ok,15ad17c1ee3ad2b2e90a786f175ae3444bf0014bf70e31f1019f72ed9a18b52a,1,True,20fdf39e506792d619008bb9204a187a34af177bb3e9af0b8b8f9549238f1d95,409ad07ed58bf1a29a271fac2f8427abeb85d41e305c6a46d717dd3d6e06fe48,./results/models/ablation/state/no_query_topology/stack/random_c/best.pt,"[{""action"":{""high_action"":""split"",""order_decision"":""only_cost""},""phase"":""high""},{""action"":{""candidate_id"":0,""schedule_alpha"":0.5},""phase"":""select""},{""action"":{""search_k"":1,""search_strategy"":""default""},""phase"":""search""},{""action"":{""execution_action"":""none"",""lip_action"":""none""},""phase"":""low""},{""action"":{""high_action"":""split"",""order_decision"":""only_cost""},""phase"":""high""},{""action"":{""candidate_id"":4,""schedule_alpha"":0.5},""phase"":""select""},{""action"":{""search_k"":1,""search_strategy"":""default""},""phase"":""search""},{""action"":{""execution_action"":""none"",""lip_action"":""none""},""phase"":""low""},{""action"":{""high_action"":""split"",""order_decision"":""only_cost""},""phase"":""high""},{""action"":{""candidate_id"":2,""schedule_alpha"":0.5},""phase"":""select""},{""action"":{""search_k"":1,""search_strategy"":""default""},""phase"":""search""},{""action"":{""execution_action"":""none"",""lip_action"":""none""},""phase"":""low""},{""action"":{""high_action"":""split"",""order_decision"":""only_cost""},""phase"":""high""},{""action"":{""candidate_id"":4,""schedule_alpha"":0.5},""phase"":""select""},{""action"":{""search_k"":1,""search_strategy"":""default""},""phase"":""search""},{""action"":{""execution_action"":""none"",""lip_action"":""none""},""phase"":""low""},{""action"":{""high_action"":""split"",""order_decision"":""only_cost""},""phase"":""high""},{""action"":{""candidate_id"":3,""schedule_alpha"":0.5},""phase"":""select""},{""action"":{""search_k"":1,""search_strategy"":""default""},""phase"":""search""},{""action"":{""execution_action"":""none"",""lip_action"":""none""},""phase"":""low""},{""action"":{""high_action"":""split"",""order_decision"":""only_cost""},""phase"":""high""},{""action"":{""candidate_id"":0,""schedule_alpha"":0.5},""phase"":""select""},{""action"":{""search_k"":1,""search_strategy"":""default""},""phase"":""search""},{""action"":{""execution_action"":""none"",""lip_action"":""none""},""phase"":""low""},{""action"":{""high_action"":""split"",""order_decision"":""only_cost""},""phase"":""high""},{""action"":{""candidate_id"":1,""schedule_alpha"":0.5},""phase"":""select""},{""action"":{""search_k"":1,""search_strategy"":""default""},""phase"":""search""},{""action"":{""execution_action"":""none"",""lip_action"":""none""},""phase"":""low""},{""action"":{""high_action"":""stop"",""order_decision"":""only_cost""},""phase"":""high""},{""action"":{""search_k"":1,""search_strategy"":""default""},""phase"":""search""},{""action"":{""execution_action"":""none"",""lip_action"":""none""},""phase"":""low""}]"
STACK,c,./workloads/query_stack/q3_q3-099.sql,w/o Query Topology,553.339958190918,188.942000000000,ok,fa879e4fc50b8c9696eb4dbd6a0b301941889f11c3953bede1a1f9308c6c8618,1,True,8a24de58b74abe30a7192e5e681d1695956a79beadbdabc3522640fe4fbbf175,9f9b46abb5f30e878474a60766932b64594b21d71a0000f489270915b1df78a1,./results/models/ablation/state/no_query_topology/stack/random_c/best.pt,"[{""action"":{""high_action"":""split"",""order_decision"":""only_cost""},""phase"":""high""},{""action"":{""candidate_id"":5,""schedule_alpha"":0.5},""phase"":""select""},{""action"":{""search_k"":1,""search_strategy"":""default""},""phase"":""search""},{""action"":{""execution_action"":""none"",""lip_action"":""none""},""phase"":""low""},{""action"":{""high_action"":""split"",""order_decision"":""only_cost""},""phase"":""high""},{""action"":{""candidate_id"":6,""schedule_alpha"":0.5},""phase"":""select""},{""action"":{""search_k"":1,""search_strategy"":""default""},""phase"":""search""},{""action"":{""execution_action"":""none"",""lip_action"":""none""},""phase"":""low""},{""action"":{""high_action"":""split"",""order_decision"":""only_cost""},""phase"":""high""},{""action"":{""candidate_id"":0,""schedule_alpha"":0.5},""phase"":""select""},{""action"":{""search_k"":1,""search_strategy"":""default""},""phase"":""search""},{""action"":{""execution_action"":""none"",""lip_action"":""none""},""phase"":""low""},{""action"":{""high_action"":""split"",""order_decision"":""only_cost""},""phase"":""high""},{""action"":{""candidate_id"":2,""schedule_alpha"":0.5},""phase"":""select""},{""action"":{""search_k"":1,""search_strategy"":""default""},""phase"":""search""},{""action"":{""execution_action"":""none"",""lip_action"":""none""},""phase"":""low""},{""action"":{""high_action"":""split"",""order_decision"":""only_cost""},""phase"":""high""},{""action"":{""candidate_id"":0,""schedule_alpha"":0.5},""phase"":""select""},{""action"":{""search_k"":1,""search_strategy"":""default""},""phase"":""search""},{""action"":{""execution_action"":""none"",""lip_action"":""none""},""phase"":""low""},{""action"":{""high_action"":""split"",""order_decision"":""only_cost""},""phase"":""high""},{""action"":{""candidate_id"":2,""schedule_alpha"":0.5},""phase"":""select""},{""action"":{""search_k"":1,""search_strategy"":""default""},""phase"":""search""},{""action"":{""execution_action"":""none"",""lip_action"":""none""},""phase"":""low""},{""action"":{""high_action"":""split"",""order_decision"":""only_cost""},""phase"":""high""},{""action"":{""candidate_id"":0,""schedule_alpha"":0.5},""phase"":""select""},{""action"":{""search_k"":1,""search_strategy"":""default""},""phase"":""search""},{""action"":{""execution_action"":""none"",""lip_action"":""none""},""phase"":""low""},{""action"":{""high_action"":""stop"",""order_decision"":""only_cost""},""phase"":""high""},{""action"":{""search_k"":1,""search_strategy"":""default""},""phase"":""search""},{""action"":{""execution_action"":""conservative"",""lip_action"":""selective""},""phase"":""low""}]"
STACK,c,./workloads/query_stack/q4_q4-074.sql,w/o Query Topology,356.764964759350,34.175000000000,ok,52364deeccd5ed1ad0488d008c0dbde2320a4be5c9fd243b9a1b6315f8633526,1,True,fdbb767a1b391d7437b3e5be411e0344295cc4f79c1ff73569cb0a9bc7adfb4a,2b820f2b3b1bbb2b9434663d47ddb18623a8a1e844c4d0440c1baa02e5a81cca,./results/models/ablation/state/no_query_topology/stack/random_c/best.pt,"[{""action"":{""high_action"":""split"",""order_decision"":""only_cost""},""phase"":""high""},{""action"":{""candidate_id"":0,""schedule_alpha"":0.5},""phase"":""select""},{""action"":{""search_k"":1,""search_strategy"":""default""},""phase"":""search""},{""action"":{""execution_action"":""none"",""lip_action"":""none""},""phase"":""low""},{""action"":{""high_action"":""split"",""order_decision"":""only_cost""},""phase"":""high""},{""action"":{""candidate_id"":2,""schedule_alpha"":0.5},""phase"":""select""},{""action"":{""search_k"":1,""search_strategy"":""default""},""phase"":""search""},{""action"":{""execution_action"":""none"",""lip_action"":""none""},""phase"":""low""},{""action"":{""high_action"":""split"",""order_decision"":""only_cost""},""phase"":""high""},{""action"":{""candidate_id"":0,""schedule_alpha"":0.5},""phase"":""select""},{""action"":{""search_k"":1,""search_strategy"":""default""},""phase"":""search""},{""action"":{""execution_action"":""none"",""lip_action"":""none""},""phase"":""low""},{""action"":{""high_action"":""split"",""order_decision"":""only_cost""},""phase"":""high""},{""action"":{""candidate_id"":0,""schedule_alpha"":0.5},""phase"":""select""},{""action"":{""search_k"":1,""search_strategy"":""default""},""phase"":""search""},{""action"":{""execution_action"":""none"",""lip_action"":""none""},""phase"":""low""},{""action"":{""high_action"":""stop"",""order_decision"":""only_cost""},""phase"":""high""},{""action"":{""search_k"":1,""search_strategy"":""default""},""phase"":""search""},{""action"":{""execution_action"":""none"",""lip_action"":""none""},""phase"":""low""}]"
STACK,c,./workloads/query_stack/q5_q5-015.sql,w/o Query Topology,115.198545157909,70.800000000000,ok,1858f04d363cf5872d24a5f919513b6bbc758306539d1fb71c7d8ae739b7dde3,1,True,a72e687435679f54e95cc50ac1f949805bde249e7dd1ff1367b6ac3703c84a68,4a78cd7f877378e31d22b96fa5bbde261fe9b4359b34ad690362f0bee9c8d8b5,./results/models/ablation/state/no_query_topology/stack/random_c/best.pt,"[{""action"":{""high_action"":""stop"",""order_decision"":""only_cost""},""phase"":""high""},{""action"":{""search_k"":1,""search_strategy"":""default""},""phase"":""search""},{""action"":{""execution_action"":""none"",""lip_action"":""none""},""phase"":""low""}]"
STACK,c,./workloads/query_stack/q5_q5-077.sql,w/o Query Topology,118.122838437557,62.432000000000,ok,2bb4771eebb7b47365089a6a19756f2e83053e8323d7cd31fa1b6cfcfa7c9c64,1,True,d216094be4b7f0948b1b79e11aec75aa822de8664c5e3b26a5bfd872378f9c0e,7e4ffe2f8211b585b51b9682ecff7434bb9b30072bc9a12224f5f5e0762dd617,./results/models/ablation/state/no_query_topology/stack/random_c/best.pt,"[{""action"":{""high_action"":""stop"",""order_decision"":""only_cost""},""phase"":""high""},{""action"":{""search_k"":1,""search_strategy"":""default""},""phase"":""search""},{""action"":{""execution_action"":""none"",""lip_action"":""none""},""phase"":""low""}]"
STACK,c,./workloads/query_stack/q6_q6-009.sql,w/o Query Topology,68.887986242771,31.078000000000,ok,2bb4771eebb7b47365089a6a19756f2e83053e8323d7cd31fa1b6cfcfa7c9c64,1,True,e9a94a2551e6d9ee3bc10eede4cecf0f7a48a75f0c44b62da2b66a03b19b911c,ce5d66af01f58ba1c6787650cf4c3db24a610f91063e9352e2bd11ca3443e493,./results/models/ablation/state/no_query_topology/stack/random_c/best.pt,"[{""action"":{""high_action"":""split"",""order_decision"":""only_cost""},""phase"":""high""},{""action"":{""candidate_id"":0,""schedule_alpha"":0.5},""phase"":""select""},{""action"":{""search_k"":1,""search_strategy"":""default""},""phase"":""search""},{""action"":{""execution_action"":""none"",""lip_action"":""none""},""phase"":""low""},{""action"":{""high_action"":""split"",""order_decision"":""only_cost""},""phase"":""high""},{""action"":{""candidate_id"":1,""schedule_alpha"":0.5},""phase"":""select""},{""action"":{""search_k"":1,""search_strategy"":""default""},""phase"":""search""},{""action"":{""execution_action"":""none"",""lip_action"":""none""},""phase"":""low""},{""action"":{""high_action"":""split"",""order_decision"":""only_cost""},""phase"":""high""},{""action"":{""candidate_id"":0,""schedule_alpha"":0.5},""phase"":""select""},{""action"":{""search_k"":1,""search_strategy"":""default""},""phase"":""search""},{""action"":{""execution_action"":""none"",""lip_action"":""none""},""phase"":""low""},{""action"":{""high_action"":""split"",""order_decision"":""only_cost""},""phase"":""high""},{""action"":{""candidate_id"":1,""schedule_alpha"":0.5},""phase"":""select""},{""action"":{""search_k"":1,""search_strategy"":""default""},""phase"":""search""},{""action"":{""execution_action"":""none"",""lip_action"":""none""},""phase"":""low""},{""action"":{""high_action"":""stop"",""order_decision"":""only_cost""},""phase"":""high""},{""action"":{""search_k"":1,""search_strategy"":""default""},""phase"":""search""},{""action"":{""execution_action"":""none"",""lip_action"":""none""},""phase"":""low""}]"
STACK,c,./workloads/query_stack/q6_q6-069.sql,w/o Query Topology,72.303093969822,33.312000000000,ok,ad2301e16f8ac0e556a59dd245bfdf55c48548fd352f0cf92a385882c89aebbd,1,True,1342a950869485969d7a821c4acdb8308076671bf4deb6c98bf91a1e8b77972e,0017d405d2510fb9bf0e7901ce588863cd623180c180b21b70a3f6835433044c,./results/models/ablation/state/no_query_topology/stack/random_c/best.pt,"[{""action"":{""high_action"":""split"",""order_decision"":""only_cost""},""phase"":""high""},{""action"":{""candidate_id"":0,""schedule_alpha"":0.5},""phase"":""select""},{""action"":{""search_k"":1,""search_strategy"":""default""},""phase"":""search""},{""action"":{""execution_action"":""none"",""lip_action"":""none""},""phase"":""low""},{""action"":{""high_action"":""split"",""order_decision"":""only_cost""},""phase"":""high""},{""action"":{""candidate_id"":1,""schedule_alpha"":0.5},""phase"":""select""},{""action"":{""search_k"":1,""search_strategy"":""default""},""phase"":""search""},{""action"":{""execution_action"":""none"",""lip_action"":""none""},""phase"":""low""},{""action"":{""high_action"":""split"",""order_decision"":""only_cost""},""phase"":""high""},{""action"":{""candidate_id"":0,""schedule_alpha"":0.5},""phase"":""select""},{""action"":{""search_k"":1,""search_strategy"":""default""},""phase"":""search""},{""action"":{""execution_action"":""none"",""lip_action"":""none""},""phase"":""low""},{""action"":{""high_action"":""split"",""order_decision"":""only_cost""},""phase"":""high""},{""action"":{""candidate_id"":1,""schedule_alpha"":0.5},""phase"":""select""},{""action"":{""search_k"":1,""search_strategy"":""default""},""phase"":""search""},{""action"":{""execution_action"":""none"",""lip_action"":""none""},""phase"":""low""},{""action"":{""high_action"":""stop"",""order_decision"":""only_cost""},""phase"":""high""},{""action"":{""search_k"":1,""search_strategy"":""default""},""phase"":""search""},{""action"":{""execution_action"":""none"",""lip_action"":""none""},""phase"":""low""}]"
STACK,c,./workloads/query_stack/q7_q7-034.sql,w/o Query Topology,5399.835363030434,17.875000000000,ok,fa879e4fc50b8c9696eb4dbd6a0b301941889f11c3953bede1a1f9308c6c8618,1,True,c11de721d05106b15cd0c3283053207cb534833814dc45392c7559f5e1d8249d,adb6686c520e7db84bbda144852402d8eb645cbbd669c6a4d64b1913ba32db3a,./results/models/ablation/state/no_query_topology/stack/random_c/best.pt,"[{""action"":{""high_action"":""split"",""order_decision"":""only_cost""},""phase"":""high""},{""action"":{""candidate_id"":2,""schedule_alpha"":0.5},""phase"":""select""},{""action"":{""search_k"":1,""search_strategy"":""default""},""phase"":""search""},{""action"":{""execution_action"":""none"",""lip_action"":""none""},""phase"":""low""},{""action"":{""high_action"":""split"",""order_decision"":""only_cost""},""phase"":""high""},{""action"":{""candidate_id"":1,""schedule_alpha"":0.5},""phase"":""select""},{""action"":{""search_k"":1,""search_strategy"":""default""},""phase"":""search""},{""action"":{""execution_action"":""none"",""lip_action"":""none""},""phase"":""low""},{""action"":{""high_action"":""stop"",""order_decision"":""only_cost""},""phase"":""high""},{""action"":{""search_k"":1,""search_strategy"":""default""},""phase"":""search""},{""action"":{""execution_action"":""none"",""lip_action"":""none""},""phase"":""low""}]"
STACK,c,./workloads/query_stack/q7_q7-077.sql,w/o Query Topology,5553.531028330326,19.034000000000,ok,91ceb6f253ad07a97c56603d48d7757d57db954f6118e3b861b1b2a27fffc679,1,True,ad708d1064a4a92cd613c209922639a671554338795557cdcd45a3b6c7320fc1,69ff8e64b0b1a204b5dee7d8d2d53152b7b8bb2329a7f9452f125658d7e0ca44,./results/models/ablation/state/no_query_topology/stack/random_c/best.pt,"[{""action"":{""high_action"":""split"",""order_decision"":""only_cost""},""phase"":""high""},{""action"":{""candidate_id"":1,""schedule_alpha"":0.5},""phase"":""select""},{""action"":{""search_k"":1,""search_strategy"":""default""},""phase"":""search""},{""action"":{""execution_action"":""none"",""lip_action"":""none""},""phase"":""low""},{""action"":{""high_action"":""split"",""order_decision"":""only_cost""},""phase"":""high""},{""action"":{""candidate_id"":1,""schedule_alpha"":0.5},""phase"":""select""},{""action"":{""search_k"":1,""search_strategy"":""default""},""phase"":""search""},{""action"":{""execution_action"":""none"",""lip_action"":""none""},""phase"":""low""},{""action"":{""high_action"":""stop"",""order_decision"":""only_cost""},""phase"":""high""},{""action"":{""search_k"":1,""search_strategy"":""default""},""phase"":""search""},{""action"":{""execution_action"":""none"",""lip_action"":""none""},""phase"":""low""}]"
STACK,c,./workloads/query_stack/q7_q7-082.sql,w/o Query Topology,5424.683369696140,19.594000000000,ok,64043c6a0d07cdab8939a506f1a097454642c5f07efa20f7d4c6ef417b0776a6,1,True,466075e19bbcc2ac6739ee8f6e4dd3721b15fceec510844b49fc976e980957be,4f2f352d638396c0b874fcdbe87b1ce487980046f15b2783a888fb98276138da,./results/models/ablation/state/no_query_topology/stack/random_c/best.pt,"[{""action"":{""high_action"":""split"",""order_decision"":""only_cost""},""phase"":""high""},{""action"":{""candidate_id"":1,""schedule_alpha"":0.5},""phase"":""select""},{""action"":{""search_k"":1,""search_strategy"":""default""},""phase"":""search""},{""action"":{""execution_action"":""none"",""lip_action"":""none""},""phase"":""low""},{""action"":{""high_action"":""split"",""order_decision"":""only_cost""},""phase"":""high""},{""action"":{""candidate_id"":1,""schedule_alpha"":0.5},""phase"":""select""},{""action"":{""search_k"":1,""search_strategy"":""default""},""phase"":""search""},{""action"":{""execution_action"":""none"",""lip_action"":""none""},""phase"":""low""},{""action"":{""high_action"":""stop"",""order_decision"":""only_cost""},""phase"":""high""},{""action"":{""search_k"":1,""search_strategy"":""default""},""phase"":""search""},{""action"":{""execution_action"":""none"",""lip_action"":""none""},""phase"":""low""}]"
STACK,c,./workloads/query_stack/q8_q8-025.sql,w/o Query Topology,367.025159299374,59.786000000000,ok,fa879e4fc50b8c9696eb4dbd6a0b301941889f11c3953bede1a1f9308c6c8618,1,True,255ed7cdc7c750bc45273907998e3f3111d9a63c27d221f32b9fb8f74aa8c723,02001da7b184475c3ced74ecb52b75f31851a3a05b37b6cf8cc9e00a41411243,./results/models/ablation/state/no_query_topology/stack/random_c/best.pt,"[{""action"":{""high_action"":""stop"",""order_decision"":""only_cost""},""phase"":""high""},{""action"":{""search_k"":1,""search_strategy"":""default""},""phase"":""search""},{""action"":{""execution_action"":""none"",""lip_action"":""none""},""phase"":""low""}]"
STACK,c,./workloads/query_stack/q8_q8-046.sql,w/o Query Topology,341.846406459808,42.950000000000,ok,fa879e4fc50b8c9696eb4dbd6a0b301941889f11c3953bede1a1f9308c6c8618,1,True,c029928f33e0735cb0b0f385e2c1e00e89b7523c8da78f69eeffac1f47e42dfc,be416e5bcb3571c65f5656dd67d87686d12bc27a39efc51a22837802cce3fd20,./results/models/ablation/state/no_query_topology/stack/random_c/best.pt,"[{""action"":{""high_action"":""stop"",""order_decision"":""only_cost""},""phase"":""high""},{""action"":{""search_k"":1,""search_strategy"":""default""},""phase"":""search""},{""action"":{""execution_action"":""none"",""lip_action"":""none""},""phase"":""low""}]"
STACK,c,./workloads/query_stack/q8_q8-062.sql,w/o Query Topology,365.074582397938,55.690000000000,ok,fa879e4fc50b8c9696eb4dbd6a0b301941889f11c3953bede1a1f9308c6c8618,1,True,61b1c1432e42929427f74ece18fbb3cad37a58cfecec4cb5f59f22a0c18fdee2,ec9b606b261db9c9eadfad2f92801ce983c6e29b5c4216f226fa07fdaf84a8a6,./results/models/ablation/state/no_query_topology/stack/random_c/best.pt,"[{""action"":{""high_action"":""stop"",""order_decision"":""only_cost""},""phase"":""high""},{""action"":{""search_k"":1,""search_strategy"":""default""},""phase"":""search""},{""action"":{""execution_action"":""none"",""lip_action"":""none""},""phase"":""low""}]"
STACK,c,./workloads/query_stack/q8_q8-065.sql,w/o Query Topology,362.655855715275,57.924000000000,ok,fa879e4fc50b8c9696eb4dbd6a0b301941889f11c3953bede1a1f9308c6c8618,1,True,778605860faf72f577dd6e053827cfc1823f9b8f93be490894310729e783ef18,e659202b52a8ea3c5aae71c2ab18b497af68b6369725c80c7bc68ab68b5e355e,./results/models/ablation/state/no_query_topology/stack/random_c/best.pt,"[{""action"":{""high_action"":""stop"",""order_decision"":""only_cost""},""phase"":""high""},{""action"":{""search_k"":1,""search_strategy"":""default""},""phase"":""search""},{""action"":{""execution_action"":""none"",""lip_action"":""none""},""phase"":""low""}]"
STACK,c,./workloads/query_stack/q8_q8-074.sql,w/o Query Topology,365.817397832870,56.249000000000,ok,fa879e4fc50b8c9696eb4dbd6a0b301941889f11c3953bede1a1f9308c6c8618,1,True,5934ae6c90bced178ffeca027508cd919b7c682d9b5677d87a75dad87b4e7f0a,0812b7efed2a87b6255f75d1faf12065b86eb5aaa7964e68548a2cc4b82c8162,./results/models/ablation/state/no_query_topology/stack/random_c/best.pt,"[{""action"":{""high_action"":""stop"",""order_decision"":""only_cost""},""phase"":""high""},{""action"":{""search_k"":1,""search_strategy"":""default""},""phase"":""search""},{""action"":{""execution_action"":""none"",""lip_action"":""none""},""phase"":""low""}]"
STACK,c,./workloads/query_stack/q8_q8-096.sql,w/o Query Topology,352.775916457176,46.080000000000,ok,fa879e4fc50b8c9696eb4dbd6a0b301941889f11c3953bede1a1f9308c6c8618,1,True,806896680ade4ec0510cf12586f1b7390d32bb84eec28552108349f48f522299,06b03347351e3ffd939ebef7935a0cde00a1a1c934efdcf0ad1205024445c88d,./results/models/ablation/state/no_query_topology/stack/random_c/best.pt,"[{""action"":{""high_action"":""stop"",""order_decision"":""only_cost""},""phase"":""high""},{""action"":{""search_k"":1,""search_strategy"":""default""},""phase"":""search""},{""action"":{""execution_action"":""none"",""lip_action"":""none""},""phase"":""low""}]"
TPCH,a,./workloads/query_tpch/10.sql,Full NQO,796.965502202511,6.360000000000,ok,4aba6c85ee11dcc60b1b39ff75f6e91c6a3d46eec2c833406fbf41bfea1cbda3,20,,cdc4601706fa5ab85940af449fc0dff8a21723081075abe4c3b3f39edeb95909,dbf649ae2b06710cb94ce53a65386c6f8fc9871a18f6e39e4cfa6bb467a6de50,./results/models/tpch/random/a/best.pt,"[{""action"":{""high_action"":""stop"",""order_decision"":""only_cost""},""phase"":""high""},{""action"":{""search_k"":5,""search_strategy"":""topk""},""phase"":""search""},{""action"":{""execution_action"":""conservative"",""lip_action"":""selective""},""phase"":""low""}]"
TPCH,a,./workloads/query_tpch/13.sql,Full NQO,1249.158002436161,0.000000000000,fallback,f43c37f4f27e3ff166a1fc6bfc943bc52d558c92232c1d0dba8c0d00386f2834,42,,a9d94e77a76e16607a394f933ab273d28016d59d9b722f4053180350d89b45f3,4f53cda18c2baa0c0354bb5f9a3ecbe5ed12ab4d8e11ba873c2f11161202b945,./results/models/tpch/random/a/best.pt,[]
TPCH,a,./workloads/query_tpch/16.sql,Full NQO,919.466070830822,5.693000000000,ok,9d5c33e22a050134c1cfba37c43439341808470f7e1ff079db57517a174aae47,18314,,04ee178cbe4408b0830aec90fe0b21958c3ae89bfba37edb79b1f870f611f60f,2e077deb064577e209def5dae876a8798744aef76135e49036f53a2f965d49fb,./results/models/tpch/random/a/best.pt,"[{""action"":{""high_action"":""stop"",""order_decision"":""only_cost""},""phase"":""high""},{""action"":{""search_k"":5,""search_strategy"":""topk""},""phase"":""search""},{""action"":{""execution_action"":""conservative"",""lip_action"":""selective""},""phase"":""low""}]"
TPCH,a,./workloads/query_tpch/17.sql,Full NQO,1348.295517265797,5.951000000000,ok,a901af6c03b5c16ed2b7e46f1296ff23bca2f89884185f1d20239488365cb719,1,,9b22ac384523c27db8f4d81d95cfc18358b980ff616d5d29db7195f61c42b874,6113ed8af35524efc9c5dc9118cb85dd77ebe435d54a0fc6c3860097be94c975,./results/models/tpch/random/a/best.pt,"[{""action"":{""high_action"":""stop"",""order_decision"":""only_cost""},""phase"":""high""},{""action"":{""search_k"":5,""search_strategy"":""topk""},""phase"":""search""},{""action"":{""execution_action"":""none"",""lip_action"":""none""},""phase"":""low""}]"
TPCH,a,./workloads/query_tpch/22.sql,Full NQO,226.054809987545,0.000000000000,fallback,6fa5d1cd406eb2e39d37cc371158e23f49f2c1122066a20912adf1946cba1149,7,,b0db620d67528d3f60e7d3748a3290ea752462e0de71593e973bec5f2a59200c,4f53cda18c2baa0c0354bb5f9a3ecbe5ed12ab4d8e11ba873c2f11161202b945,./results/models/tpch/random/a/best.pt,[]
TPCH,a,./workloads/query_tpch/3.sql,Full NQO,1948.400951921940,6.171000000000,ok,298d8e1f57baba75c7137e337cec69fc629bdd29a9a6132de2f1749272959cde,10,,013d7f79c16518b086ba0b7c9b28bcb76ca49def3f77bbd765aff8990e22fd84,b02650108f91a31b17c35bd1a047a364a16090e4aec3cbf523aff439b71059c8,./results/models/tpch/random/a/best.pt,"[{""action"":{""high_action"":""stop"",""order_decision"":""only_cost""},""phase"":""high""},{""action"":{""search_k"":5,""search_strategy"":""topk""},""phase"":""search""},{""action"":{""execution_action"":""conservative"",""lip_action"":""selective""},""phase"":""low""}]"
TPCH,a,./workloads/query_tpch/6.sql,Full NQO,801.869004964828,6.047000000000,ok,afaeedef140e74c931d4033517a2824d0fcfdcd8fd1fad7431523d6712782a9c,1,,0802ca08aa5b07e9919e30429beac287db3c96bde828c2d1bfa50280ad6d4f0e,bc76cda7ebcd5ec43295b70ace7c40d6056764a3d7c8e1f0f80d84b84be494dd,./results/models/tpch/random/a/best.pt,"[{""action"":{""high_action"":""stop"",""order_decision"":""only_cost""},""phase"":""high""},{""action"":{""search_k"":1,""search_strategy"":""default""},""phase"":""search""},{""action"":{""execution_action"":""none"",""lip_action"":""none""},""phase"":""low""}]"
TPCH,b,./workloads/query_tpch/11.sql,Full NQO,207.042708992958,6.162000000000,ok,1248f073a4fef242970e705486645cf8be3a06f288a8d7936dc4c2e8fa71a1a9,1048,,8f6bec0994b3a4156b570fe06f0e25347f445ef658a36d6bfe000fe4227ab91e,2cf0f75200853e62e9a4ff8131618ab57b2a5f42911edc1d3205dd59d5ebf78f,./results/models/tpch/random/b/best.pt,"[{""action"":{""high_action"":""stop"",""order_decision"":""only_cost""},""phase"":""high""},{""action"":{""search_k"":5,""search_strategy"":""topk""},""phase"":""search""},{""action"":{""execution_action"":""none"",""lip_action"":""none""},""phase"":""low""}]"
TPCH,b,./workloads/query_tpch/14.sql,Full NQO,351.665310561657,6.008000000000,ok,9f46f375c8d58eb697248e4d55135c372509f63dde32539e0786c59e15eff6aa,1,,93ab0b769544fc74f2257ad38b2645564f6fe627d51fd1f4f8a7d4b67b050c52,87eda365c3b0d600b3aed57f49114357ef0dcdeafb6f6b708802f8d65d993279,./results/models/tpch/random/b/best.pt,"[{""action"":{""high_action"":""stop"",""order_decision"":""only_cost""},""phase"":""high""},{""action"":{""search_k"":5,""search_strategy"":""topk""},""phase"":""search""},{""action"":{""execution_action"":""none"",""lip_action"":""none""},""phase"":""low""}]"
TPCH,b,./workloads/query_tpch/15.sql,Full NQO,493.235982954502,0.000000000000,fallback,d9b8a5f4742b483876d00ad59048113910eb063910c094766bcf6bf797cfc351,1,,61081e575c8a668d21bd7491fd6a388eb181a9babe497de7bf306ccd6a279e2b,4f53cda18c2baa0c0354bb5f9a3ecbe5ed12ab4d8e11ba873c2f11161202b945,./results/models/tpch/random/b/best.pt,[]
TPCH,b,./workloads/query_tpch/19.sql,Full NQO,186.780326068401,6.022000000000,ok,92c9788715068d88b4726c9507c14548a38de6678ae372caffafeafdb8c1eb10,1,,9dbb4b0bb767e2ea828c8296273f2c6317d42ef3054f7d11c0380f2be5c45109,abed07ea19a4be02a84923fc92bac0a5abab0dbca952e79cc700a2a0b97d567b,./results/models/tpch/random/b/best.pt,"[{""action"":{""high_action"":""stop"",""order_decision"":""only_cost""},""phase"":""high""},{""action"":{""search_k"":5,""search_strategy"":""topk""},""phase"":""search""},{""action"":{""execution_action"":""none"",""lip_action"":""none""},""phase"":""low""}]"
TPCH,b,./workloads/query_tpch/2.sql,Full NQO,1049.498468637466,4.460000000000,ok,629d230fd9139b5f6034da3ccc2f921beea9d022ad8d5b714dc43dd544a64f2e,100,,439d006f9ff39b6c3c9501950e240e3c78b56d0cff6b19898eec0fab24144178,b534c4cc7e231526f4660197111ad7dedccb935edab3b4dee6f16669a0999d09,./results/models/tpch/random/b/best.pt,"[{""action"":{""high_action"":""stop"",""order_decision"":""only_cost""},""phase"":""high""},{""action"":{""search_k"":5,""search_strategy"":""topk""},""phase"":""search""},{""action"":{""execution_action"":""conservative"",""lip_action"":""none""},""phase"":""low""}]"
TPCH,b,./workloads/query_tpch/20.sql,Full NQO,396.449573338032,6.140000000000,ok,e120ffd13aa8fdd497d7f300ed7fed2edef48d3eb79f20569d2b010d7e8bbc4a,186,,5caa628e27852edcb7ca4ca0a581ee85468a9cbb1da96754be314aa7ac269426,7e9d339749130e53fd3aba86b9f4eddd5e41c5a39df901dc3ad7f265315a9e51,./results/models/tpch/random/b/best.pt,"[{""action"":{""high_action"":""stop"",""order_decision"":""only_cost""},""phase"":""high""},{""action"":{""search_k"":5,""search_strategy"":""topk""},""phase"":""search""},{""action"":{""execution_action"":""none"",""lip_action"":""none""},""phase"":""low""}]"
TPCH,b,./workloads/query_tpch/7.sql,Full NQO,1432.795003056526,0.000000000000,fallback,b417ad2d78125ca22545465787f9043c74acfb10176369e7b96fd9ab15facaf5,4,,d6bdc92fb4b8e26466d49b146bedc91b9a652052be07e381c7e6bda94b48e90b,4f53cda18c2baa0c0354bb5f9a3ecbe5ed12ab4d8e11ba873c2f11161202b945,./results/models/tpch/random/b/best.pt,[]
TPCH,c,./workloads/query_tpch/1.sql,Full NQO,7262.005142867565,5.427000000000,ok,46b59b6bd1fc8cf90a6aa2883476e552accb362bdedbfb4a34ebaf813f04ff33,4,,b9dd0df481b7e45398a5ebda06acef3fa19aa7b67b0fe0dcedb1302fd5e42bf9,ea1fa95c7136c30a0c2fa384606502bb798f6a97c464c98d720b58e8cf1a6701,./results/models/tpch/random/c/best.pt,"[{""action"":{""high_action"":""stop"",""order_decision"":""only_cost""},""phase"":""high""},{""action"":{""search_k"":1,""search_strategy"":""default""},""phase"":""search""},{""action"":{""execution_action"":""none"",""lip_action"":""none""},""phase"":""low""}]"
TPCH,c,./workloads/query_tpch/12.sql,Full NQO,1428.760036826134,5.969000000000,ok,e7537be8f8f46ec78556a6cd080043af7a9db2af94a9a467651cf2c9f6e80557,2,,e32d8f3e339ab00735b7e79b7f3a8d07bbfdb2dcbe55c1cbc9ca82007140e914,bf3eae28fd5a010decd72acf87dfbe6394cf48be80aaf0b0a3282e760c302957,./results/models/tpch/random/c/best.pt,"[{""action"":{""high_action"":""stop"",""order_decision"":""only_cost""},""phase"":""high""},{""action"":{""search_k"":1,""search_strategy"":""default""},""phase"":""search""},{""action"":{""execution_action"":""none"",""lip_action"":""none""},""phase"":""low""}]"
TPCH,c,./workloads/query_tpch/18.sql,Full NQO,4950.519680976868,6.267000000000,ok,c0ad9e3e23d8ea3cb4d515e55cd6987afd1828bde1e3aaa42b9526b5007afae3,57,,6e3e2c757bced94814269eced94bfd381163db9e6f5e0e0f9e63ea745fc3c14e,e77ff330f0f916a94c51ad5657ac4e41a8e5b277fd8c7ef4bea5d8500c5cceae,./results/models/tpch/random/c/best.pt,"[{""action"":{""high_action"":""stop"",""order_decision"":""only_cost""},""phase"":""high""},{""action"":{""search_k"":1,""search_strategy"":""default""},""phase"":""search""},{""action"":{""execution_action"":""none"",""lip_action"":""none""},""phase"":""low""}]"
TPCH,c,./workloads/query_tpch/21.sql,Full NQO,1556.591108441353,6.650000000000,ok,19002fd840d61676e763a6ac377c42d3c61d13f4a47af67a236ec14144be8d96,100,,048dd02f3dc516c05d391854956ee77b6c9e242f0ae163c34fbf83fbc5768471,1d9e7fb27f6aa22060769ceaac9d7554812b3fc624a85598ffc36c1271c4f4d8,./results/models/tpch/random/c/best.pt,"[{""action"":{""high_action"":""stop"",""order_decision"":""only_cost""},""phase"":""high""},{""action"":{""search_k"":1,""search_strategy"":""default""},""phase"":""search""},{""action"":{""execution_action"":""none"",""lip_action"":""none""},""phase"":""low""}]"
TPCH,c,./workloads/query_tpch/4.sql,Full NQO,456.442177295685,6.031000000000,ok,e00094662017a9e66d9c6f2f4b828a8b7766e1c08357e4591edbddc97998b5c1,5,,462d1a5f8f823ab88354df050c5b089ce6ff0c14fe8365bf17f6c1f95c155df2,2a79e48d63f484d43ac24d8366e2d5f8ee9c24278ccb38cab7ddae37af5f5b14,./results/models/tpch/random/c/best.pt,"[{""action"":{""high_action"":""stop"",""order_decision"":""only_cost""},""phase"":""high""},{""action"":{""search_k"":1,""search_strategy"":""default""},""phase"":""search""},{""action"":{""execution_action"":""none"",""lip_action"":""none""},""phase"":""low""}]"
TPCH,c,./workloads/query_tpch/5.sql,Full NQO,607.363976538181,6.527000000000,ok,df7d3e5a898e406bac4d095f5464f53fc4bc0a900b88693e840dcd066f80b636,5,,04290867403ed38663a20ec7b6eeefaf4f7148b7ea181db4e5076c703789c248,fe87c403855e10c0516e5036097384245288fba522eb96e1e48136e25bd6d1c9,./results/models/tpch/random/c/best.pt,"[{""action"":{""high_action"":""stop"",""order_decision"":""only_cost""},""phase"":""high""},{""action"":{""search_k"":1,""search_strategy"":""default""},""phase"":""search""},{""action"":{""execution_action"":""none"",""lip_action"":""none""},""phase"":""low""}]"
TPCH,c,./workloads/query_tpch/8.sql,Full NQO,530.766144394875,0.000000000000,fallback,587e374f4ff6dc616461ee194aa71fe24c8545c1a9e70834039e668f7350ae6d,2,,9b2dd3bcdd2b952a10bbb0f04c72e91f09eea3e768f023da79f750ee028c022b,4f53cda18c2baa0c0354bb5f9a3ecbe5ed12ab4d8e11ba873c2f11161202b945,./results/models/tpch/random/c/best.pt,[]
TPCH,c,./workloads/query_tpch/9.sql,Full NQO,2134.364292025566,0.000000000000,fallback,816a72c24703f032a3382db1be2c733f0797f30acc1174884289e3a5aa837771,175,,128110daeaf6d513809c3bec913ef59e338a61d4147a0fa40b145aaa3ae9ff92,4f53cda18c2baa0c0354bb5f9a3ecbe5ed12ab4d8e11ba873c2f11161202b945,./results/models/tpch/random/c/best.pt,[]
TPCH,,./workloads/query_tpch/1.sql,PostgreSQL,7487.680606544018,0.000000000000,ok,,,,,,,
TPCH,,./workloads/query_tpch/10.sql,PostgreSQL,1982.978820800781,0.000000000000,ok,,,,,,,
TPCH,,./workloads/query_tpch/11.sql,PostgreSQL,163.192056119442,0.000000000000,ok,,,,,,,
TPCH,,./workloads/query_tpch/12.sql,PostgreSQL,1482.395872473717,0.000000000000,ok,,,,,,,
TPCH,,./workloads/query_tpch/13.sql,PostgreSQL,1249.158002436161,0.000000000000,ok,,,,,,,
TPCH,,./workloads/query_tpch/14.sql,PostgreSQL,357.843898236752,0.000000000000,ok,,,,,,,
TPCH,,./workloads/query_tpch/15.sql,PostgreSQL,493.235982954502,0.000000000000,ok,,,,,,,
TPCH,,./workloads/query_tpch/16.sql,PostgreSQL,908.047392964363,0.000000000000,ok,,,,,,,
TPCH,,./workloads/query_tpch/17.sql,PostgreSQL,1528.642252087593,0.000000000000,ok,,,,,,,
TPCH,,./workloads/query_tpch/18.sql,PostgreSQL,5016.274958848953,0.000000000000,ok,,,,,,,
TPCH,,./workloads/query_tpch/19.sql,PostgreSQL,125.197097659111,0.000000000000,ok,,,,,,,
TPCH,,./workloads/query_tpch/2.sql,PostgreSQL,1019.193679094315,0.000000000000,ok,,,,,,,
TPCH,,./workloads/query_tpch/20.sql,PostgreSQL,284.877389669418,0.000000000000,ok,,,,,,,
TPCH,,./workloads/query_tpch/21.sql,PostgreSQL,1458.040975034237,0.000000000000,ok,,,,,,,
TPCH,,./workloads/query_tpch/22.sql,PostgreSQL,226.054809987545,0.000000000000,ok,,,,,,,
TPCH,,./workloads/query_tpch/3.sql,PostgreSQL,2053.654164075851,0.000000000000,ok,,,,,,,
TPCH,,./workloads/query_tpch/4.sql,PostgreSQL,430.747285485268,0.000000000000,ok,,,,,,,
TPCH,,./workloads/query_tpch/5.sql,PostgreSQL,591.594189405441,0.000000000000,ok,,,,,,,
TPCH,,./workloads/query_tpch/6.sql,PostgreSQL,851.788662374020,0.000000000000,ok,,,,,,,
TPCH,,./workloads/query_tpch/7.sql,PostgreSQL,1432.795003056526,0.000000000000,ok,,,,,,,
TPCH,,./workloads/query_tpch/8.sql,PostgreSQL,530.766144394875,0.000000000000,ok,,,,,,,
TPCH,,./workloads/query_tpch/9.sql,PostgreSQL,2134.364292025566,0.000000000000,ok,,,,,,,
TPCH,a,./workloads/query_tpch/10.sql,w/o Plan Topology,1877.842806279659,5.945000000000,ok,4aba6c85ee11dcc60b1b39ff75f6e91c6a3d46eec2c833406fbf41bfea1cbda3,20,True,ba73f3ae7ea6e11f13e2f7b3c520730a9656b7fa8693b3106a88a7248d715f11,01a672fc96b34520d021c0b88b3c9a7a659786026ae51710f248755e5b113753,./results/models/ablation/state/no_plan_topology/tpch/random_a/best.pt,"[{""action"":{""high_action"":""stop"",""order_decision"":""only_cost""},""phase"":""high""},{""action"":{""search_k"":1,""search_strategy"":""default""},""phase"":""search""},{""action"":{""execution_action"":""none"",""lip_action"":""none""},""phase"":""low""}]"
TPCH,a,./workloads/query_tpch/13.sql,w/o Plan Topology,1249.158002436161,0.000000000000,fallback,,,True,a9d94e77a76e16607a394f933ab273d28016d59d9b722f4053180350d89b45f3,4f53cda18c2baa0c0354bb5f9a3ecbe5ed12ab4d8e11ba873c2f11161202b945,./results/models/ablation/state/no_plan_topology/tpch/random_a/best.pt,[]
TPCH,a,./workloads/query_tpch/16.sql,w/o Plan Topology,933.343231678009,5.686000000000,ok,9d5c33e22a050134c1cfba37c43439341808470f7e1ff079db57517a174aae47,18314,True,9f351c20167b19a274b29ef86485cf66bff63a2bd6e2ae0a88020bc243ff85bf,f2d97c330f6be7b7ea3f0e250a7f3c262f5dfc99b94aa44396a691ff5150a30e,./results/models/ablation/state/no_plan_topology/tpch/random_a/best.pt,"[{""action"":{""high_action"":""stop"",""order_decision"":""only_cost""},""phase"":""high""},{""action"":{""search_k"":1,""search_strategy"":""default""},""phase"":""search""},{""action"":{""execution_action"":""none"",""lip_action"":""none""},""phase"":""low""}]"
TPCH,a,./workloads/query_tpch/17.sql,w/o Plan Topology,1366.889007389545,5.975000000000,ok,a901af6c03b5c16ed2b7e46f1296ff23bca2f89884185f1d20239488365cb719,1,True,42008877a5a0d11ef31aeeeb55fa0a08ce533e89c614233141daff1b0acd7e6c,64d8df12a5b314016a9f02ebe84de5ff220a175e4f3a310e388afc42fb0c9c9c,./results/models/ablation/state/no_plan_topology/tpch/random_a/best.pt,"[{""action"":{""high_action"":""stop"",""order_decision"":""only_cost""},""phase"":""high""},{""action"":{""search_k"":1,""search_strategy"":""default""},""phase"":""search""},{""action"":{""execution_action"":""none"",""lip_action"":""none""},""phase"":""low""}]"
TPCH,a,./workloads/query_tpch/22.sql,w/o Plan Topology,226.054809987545,0.000000000000,fallback,,,True,b0db620d67528d3f60e7d3748a3290ea752462e0de71593e973bec5f2a59200c,4f53cda18c2baa0c0354bb5f9a3ecbe5ed12ab4d8e11ba873c2f11161202b945,./results/models/ablation/state/no_plan_topology/tpch/random_a/best.pt,[]
TPCH,a,./workloads/query_tpch/3.sql,w/o Plan Topology,1988.987080752850,6.170000000000,ok,298d8e1f57baba75c7137e337cec69fc629bdd29a9a6132de2f1749272959cde,10,True,3ac6566a9aa6a1fa60d7b9d42b9d981fff936895bc787f2d53c0c201a923c7af,cad62156be03da8018e5c37e6a8d7c011b589489bd9b15d8e718052e7ac14abf,./results/models/ablation/state/no_plan_topology/tpch/random_a/best.pt,"[{""action"":{""high_action"":""stop"",""order_decision"":""only_cost""},""phase"":""high""},{""action"":{""search_k"":1,""search_strategy"":""default""},""phase"":""search""},{""action"":{""execution_action"":""none"",""lip_action"":""none""},""phase"":""low""}]"
TPCH,a,./workloads/query_tpch/6.sql,w/o Plan Topology,801.869004964828,6.047000000000,ok,afaeedef140e74c931d4033517a2824d0fcfdcd8fd1fad7431523d6712782a9c,1,True,0802ca08aa5b07e9919e30429beac287db3c96bde828c2d1bfa50280ad6d4f0e,bc76cda7ebcd5ec43295b70ace7c40d6056764a3d7c8e1f0f80d84b84be494dd,./results/models/ablation/state/no_plan_topology/tpch/random_a/best.pt,"[{""action"":{""high_action"":""stop"",""order_decision"":""only_cost""},""phase"":""high""},{""action"":{""search_k"":1,""search_strategy"":""default""},""phase"":""search""},{""action"":{""execution_action"":""none"",""lip_action"":""none""},""phase"":""low""}]"
TPCH,b,./workloads/query_tpch/11.sql,w/o Plan Topology,203.283309936523,5.926000000000,ok,1248f073a4fef242970e705486645cf8be3a06f288a8d7936dc4c2e8fa71a1a9,1048,True,772e9772f3774b0a326353703d63c68a201e7013b55e421c274a434b417b2946,bc8f80cccefbadce54cae74fb032cc38b91c17b999b3164c53ce49e0107fbf2f,./results/models/ablation/state/no_plan_topology/tpch/random_b/best.pt,"[{""action"":{""high_action"":""stop"",""order_decision"":""only_cost""},""phase"":""high""},{""action"":{""search_k"":1,""search_strategy"":""default""},""phase"":""search""},{""action"":{""execution_action"":""none"",""lip_action"":""none""},""phase"":""low""}]"
TPCH,b,./workloads/query_tpch/14.sql,w/o Plan Topology,355.455487966537,6.083000000000,ok,9f46f375c8d58eb697248e4d55135c372509f63dde32539e0786c59e15eff6aa,1,True,8a783620a856532911d8e50b126ef36d86830aa36175647c45f06c582815acf4,6ef10470b3d4f484160bd9dcdbad3f29b9294643e4195a546cfe56f13dccc062,./results/models/ablation/state/no_plan_topology/tpch/random_b/best.pt,"[{""action"":{""high_action"":""stop"",""order_decision"":""only_cost""},""phase"":""high""},{""action"":{""search_k"":1,""search_strategy"":""default""},""phase"":""search""},{""action"":{""execution_action"":""none"",""lip_action"":""none""},""phase"":""low""}]"
TPCH,b,./workloads/query_tpch/15.sql,w/o Plan Topology,493.235982954502,0.000000000000,fallback,,,True,61081e575c8a668d21bd7491fd6a388eb181a9babe497de7bf306ccd6a279e2b,4f53cda18c2baa0c0354bb5f9a3ecbe5ed12ab4d8e11ba873c2f11161202b945,./results/models/ablation/state/no_plan_topology/tpch/random_b/best.pt,[]
TPCH,b,./workloads/query_tpch/19.sql,w/o Plan Topology,191.094502806664,5.985000000000,ok,92c9788715068d88b4726c9507c14548a38de6678ae372caffafeafdb8c1eb10,1,True,8b5024d907a6317531e5da96effbe70eb4d2e49375cab7e0353961ae30bc511a,3c1be5faa657ee141b5a1654cc341778fb0e07db036e4a368ac24fa5737d582b,./results/models/ablation/state/no_plan_topology/tpch/random_b/best.pt,"[{""action"":{""high_action"":""stop"",""order_decision"":""only_cost""},""phase"":""high""},{""action"":{""search_k"":1,""search_strategy"":""default""},""phase"":""search""},{""action"":{""execution_action"":""none"",""lip_action"":""none""},""phase"":""low""}]"
TPCH,b,./workloads/query_tpch/2.sql,w/o Plan Topology,1066.936731338501,6.127000000000,ok,629d230fd9139b5f6034da3ccc2f921beea9d022ad8d5b714dc43dd544a64f2e,100,True,7f4b389e31695480a1a8fe62982b2900310b22aeb6659bacee85a68cebe7779a,ec9c09f69c7ac4ef51a5429608b7c98002b048a58a91964b3de27c68ac0f3d24,./results/models/ablation/state/no_plan_topology/tpch/random_b/best.pt,"[{""action"":{""high_action"":""stop"",""order_decision"":""only_cost""},""phase"":""high""},{""action"":{""search_k"":1,""search_strategy"":""default""},""phase"":""search""},{""action"":{""execution_action"":""conservative"",""lip_action"":""selective""},""phase"":""low""}]"
TPCH,b,./workloads/query_tpch/20.sql,w/o Plan Topology,402.109861373901,6.053000000000,ok,e120ffd13aa8fdd497d7f300ed7fed2edef48d3eb79f20569d2b010d7e8bbc4a,186,True,f3c4606e393f4c7c51b427ee072fa01016e0999cb6a6faab6bd1a3182462dc6e,11c085e0b86d252f1b0a887bccb7685e80fe0aff3d1029fc4f22bd430a590576,./results/models/ablation/state/no_plan_topology/tpch/random_b/best.pt,"[{""action"":{""high_action"":""stop"",""order_decision"":""only_cost""},""phase"":""high""},{""action"":{""search_k"":1,""search_strategy"":""default""},""phase"":""search""},{""action"":{""execution_action"":""conservative"",""lip_action"":""selective""},""phase"":""low""}]"
TPCH,b,./workloads/query_tpch/7.sql,w/o Plan Topology,1432.795003056526,0.000000000000,fallback,,,True,d6bdc92fb4b8e26466d49b146bedc91b9a652052be07e381c7e6bda94b48e90b,4f53cda18c2baa0c0354bb5f9a3ecbe5ed12ab4d8e11ba873c2f11161202b945,./results/models/ablation/state/no_plan_topology/tpch/random_b/best.pt,[]
TPCH,c,./workloads/query_tpch/1.sql,w/o Plan Topology,7262.005142867565,5.427000000000,ok,46b59b6bd1fc8cf90a6aa2883476e552accb362bdedbfb4a34ebaf813f04ff33,4,True,b9dd0df481b7e45398a5ebda06acef3fa19aa7b67b0fe0dcedb1302fd5e42bf9,ea1fa95c7136c30a0c2fa384606502bb798f6a97c464c98d720b58e8cf1a6701,./results/models/ablation/state/no_plan_topology/tpch/random_c/best.pt,"[{""action"":{""high_action"":""stop"",""order_decision"":""only_cost""},""phase"":""high""},{""action"":{""search_k"":1,""search_strategy"":""default""},""phase"":""search""},{""action"":{""execution_action"":""none"",""lip_action"":""none""},""phase"":""low""}]"
TPCH,c,./workloads/query_tpch/12.sql,w/o Plan Topology,1428.760036826134,5.969000000000,ok,e7537be8f8f46ec78556a6cd080043af7a9db2af94a9a467651cf2c9f6e80557,2,True,e32d8f3e339ab00735b7e79b7f3a8d07bbfdb2dcbe55c1cbc9ca82007140e914,bf3eae28fd5a010decd72acf87dfbe6394cf48be80aaf0b0a3282e760c302957,./results/models/ablation/state/no_plan_topology/tpch/random_c/best.pt,"[{""action"":{""high_action"":""stop"",""order_decision"":""only_cost""},""phase"":""high""},{""action"":{""search_k"":1,""search_strategy"":""default""},""phase"":""search""},{""action"":{""execution_action"":""none"",""lip_action"":""none""},""phase"":""low""}]"
TPCH,c,./workloads/query_tpch/18.sql,w/o Plan Topology,4950.519680976868,6.267000000000,ok,c0ad9e3e23d8ea3cb4d515e55cd6987afd1828bde1e3aaa42b9526b5007afae3,57,True,6e3e2c757bced94814269eced94bfd381163db9e6f5e0e0f9e63ea745fc3c14e,e77ff330f0f916a94c51ad5657ac4e41a8e5b277fd8c7ef4bea5d8500c5cceae,./results/models/ablation/state/no_plan_topology/tpch/random_c/best.pt,"[{""action"":{""high_action"":""stop"",""order_decision"":""only_cost""},""phase"":""high""},{""action"":{""search_k"":1,""search_strategy"":""default""},""phase"":""search""},{""action"":{""execution_action"":""none"",""lip_action"":""none""},""phase"":""low""}]"
TPCH,c,./workloads/query_tpch/21.sql,w/o Plan Topology,1556.591108441353,6.650000000000,ok,19002fd840d61676e763a6ac377c42d3c61d13f4a47af67a236ec14144be8d96,100,True,048dd02f3dc516c05d391854956ee77b6c9e242f0ae163c34fbf83fbc5768471,1d9e7fb27f6aa22060769ceaac9d7554812b3fc624a85598ffc36c1271c4f4d8,./results/models/ablation/state/no_plan_topology/tpch/random_c/best.pt,"[{""action"":{""high_action"":""stop"",""order_decision"":""only_cost""},""phase"":""high""},{""action"":{""search_k"":1,""search_strategy"":""default""},""phase"":""search""},{""action"":{""execution_action"":""none"",""lip_action"":""none""},""phase"":""low""}]"
TPCH,c,./workloads/query_tpch/4.sql,w/o Plan Topology,456.442177295685,6.031000000000,ok,e00094662017a9e66d9c6f2f4b828a8b7766e1c08357e4591edbddc97998b5c1,5,True,462d1a5f8f823ab88354df050c5b089ce6ff0c14fe8365bf17f6c1f95c155df2,2a79e48d63f484d43ac24d8366e2d5f8ee9c24278ccb38cab7ddae37af5f5b14,./results/models/ablation/state/no_plan_topology/tpch/random_c/best.pt,"[{""action"":{""high_action"":""stop"",""order_decision"":""only_cost""},""phase"":""high""},{""action"":{""search_k"":1,""search_strategy"":""default""},""phase"":""search""},{""action"":{""execution_action"":""none"",""lip_action"":""none""},""phase"":""low""}]"
TPCH,c,./workloads/query_tpch/5.sql,w/o Plan Topology,607.363976538181,6.527000000000,ok,df7d3e5a898e406bac4d095f5464f53fc4bc0a900b88693e840dcd066f80b636,5,True,04290867403ed38663a20ec7b6eeefaf4f7148b7ea181db4e5076c703789c248,fe87c403855e10c0516e5036097384245288fba522eb96e1e48136e25bd6d1c9,./results/models/ablation/state/no_plan_topology/tpch/random_c/best.pt,"[{""action"":{""high_action"":""stop"",""order_decision"":""only_cost""},""phase"":""high""},{""action"":{""search_k"":1,""search_strategy"":""default""},""phase"":""search""},{""action"":{""execution_action"":""none"",""lip_action"":""none""},""phase"":""low""}]"
TPCH,c,./workloads/query_tpch/8.sql,w/o Plan Topology,530.766144394875,0.000000000000,fallback,,,True,9b2dd3bcdd2b952a10bbb0f04c72e91f09eea3e768f023da79f750ee028c022b,4f53cda18c2baa0c0354bb5f9a3ecbe5ed12ab4d8e11ba873c2f11161202b945,./results/models/ablation/state/no_plan_topology/tpch/random_c/best.pt,[]
TPCH,c,./workloads/query_tpch/9.sql,w/o Plan Topology,2134.364292025566,0.000000000000,fallback,,,True,128110daeaf6d513809c3bec913ef59e338a61d4147a0fa40b145aaa3ae9ff92,4f53cda18c2baa0c0354bb5f9a3ecbe5ed12ab4d8e11ba873c2f11161202b945,./results/models/ablation/state/no_plan_topology/tpch/random_c/best.pt,[]
TPCH,a,./workloads/query_tpch/10.sql,w/o Query Topology,1877.842806279659,5.945000000000,ok,4aba6c85ee11dcc60b1b39ff75f6e91c6a3d46eec2c833406fbf41bfea1cbda3,20,True,ba73f3ae7ea6e11f13e2f7b3c520730a9656b7fa8693b3106a88a7248d715f11,01a672fc96b34520d021c0b88b3c9a7a659786026ae51710f248755e5b113753,./results/models/ablation/state/no_query_topology/tpch/random_a/best.pt,"[{""action"":{""high_action"":""stop"",""order_decision"":""only_cost""},""phase"":""high""},{""action"":{""search_k"":1,""search_strategy"":""default""},""phase"":""search""},{""action"":{""execution_action"":""none"",""lip_action"":""none""},""phase"":""low""}]"
TPCH,a,./workloads/query_tpch/13.sql,w/o Query Topology,1249.158002436161,0.000000000000,fallback,,,True,a9d94e77a76e16607a394f933ab273d28016d59d9b722f4053180350d89b45f3,4f53cda18c2baa0c0354bb5f9a3ecbe5ed12ab4d8e11ba873c2f11161202b945,./results/models/ablation/state/no_query_topology/tpch/random_a/best.pt,[]
TPCH,a,./workloads/query_tpch/16.sql,w/o Query Topology,933.343231678009,5.686000000000,ok,9d5c33e22a050134c1cfba37c43439341808470f7e1ff079db57517a174aae47,18314,True,9f351c20167b19a274b29ef86485cf66bff63a2bd6e2ae0a88020bc243ff85bf,f2d97c330f6be7b7ea3f0e250a7f3c262f5dfc99b94aa44396a691ff5150a30e,./results/models/ablation/state/no_query_topology/tpch/random_a/best.pt,"[{""action"":{""high_action"":""stop"",""order_decision"":""only_cost""},""phase"":""high""},{""action"":{""search_k"":1,""search_strategy"":""default""},""phase"":""search""},{""action"":{""execution_action"":""none"",""lip_action"":""none""},""phase"":""low""}]"
TPCH,a,./workloads/query_tpch/17.sql,w/o Query Topology,1366.889007389545,5.975000000000,ok,a901af6c03b5c16ed2b7e46f1296ff23bca2f89884185f1d20239488365cb719,1,True,42008877a5a0d11ef31aeeeb55fa0a08ce533e89c614233141daff1b0acd7e6c,64d8df12a5b314016a9f02ebe84de5ff220a175e4f3a310e388afc42fb0c9c9c,./results/models/ablation/state/no_query_topology/tpch/random_a/best.pt,"[{""action"":{""high_action"":""stop"",""order_decision"":""only_cost""},""phase"":""high""},{""action"":{""search_k"":1,""search_strategy"":""default""},""phase"":""search""},{""action"":{""execution_action"":""none"",""lip_action"":""none""},""phase"":""low""}]"
TPCH,a,./workloads/query_tpch/22.sql,w/o Query Topology,226.054809987545,0.000000000000,fallback,,,True,b0db620d67528d3f60e7d3748a3290ea752462e0de71593e973bec5f2a59200c,4f53cda18c2baa0c0354bb5f9a3ecbe5ed12ab4d8e11ba873c2f11161202b945,./results/models/ablation/state/no_query_topology/tpch/random_a/best.pt,[]
TPCH,a,./workloads/query_tpch/3.sql,w/o Query Topology,1988.987080752850,6.170000000000,ok,298d8e1f57baba75c7137e337cec69fc629bdd29a9a6132de2f1749272959cde,10,True,3ac6566a9aa6a1fa60d7b9d42b9d981fff936895bc787f2d53c0c201a923c7af,cad62156be03da8018e5c37e6a8d7c011b589489bd9b15d8e718052e7ac14abf,./results/models/ablation/state/no_query_topology/tpch/random_a/best.pt,"[{""action"":{""high_action"":""stop"",""order_decision"":""only_cost""},""phase"":""high""},{""action"":{""search_k"":1,""search_strategy"":""default""},""phase"":""search""},{""action"":{""execution_action"":""none"",""lip_action"":""none""},""phase"":""low""}]"
TPCH,a,./workloads/query_tpch/6.sql,w/o Query Topology,801.869004964828,6.047000000000,ok,afaeedef140e74c931d4033517a2824d0fcfdcd8fd1fad7431523d6712782a9c,1,True,0802ca08aa5b07e9919e30429beac287db3c96bde828c2d1bfa50280ad6d4f0e,bc76cda7ebcd5ec43295b70ace7c40d6056764a3d7c8e1f0f80d84b84be494dd,./results/models/ablation/state/no_query_topology/tpch/random_a/best.pt,"[{""action"":{""high_action"":""stop"",""order_decision"":""only_cost""},""phase"":""high""},{""action"":{""search_k"":1,""search_strategy"":""default""},""phase"":""search""},{""action"":{""execution_action"":""none"",""lip_action"":""none""},""phase"":""low""}]"
TPCH,b,./workloads/query_tpch/11.sql,w/o Query Topology,203.283309936523,5.926000000000,ok,1248f073a4fef242970e705486645cf8be3a06f288a8d7936dc4c2e8fa71a1a9,1048,True,772e9772f3774b0a326353703d63c68a201e7013b55e421c274a434b417b2946,bc8f80cccefbadce54cae74fb032cc38b91c17b999b3164c53ce49e0107fbf2f,./results/models/ablation/state/no_query_topology/tpch/random_b/best.pt,"[{""action"":{""high_action"":""stop"",""order_decision"":""only_cost""},""phase"":""high""},{""action"":{""search_k"":1,""search_strategy"":""default""},""phase"":""search""},{""action"":{""execution_action"":""none"",""lip_action"":""none""},""phase"":""low""}]"
TPCH,b,./workloads/query_tpch/14.sql,w/o Query Topology,355.158679187298,6.043000000000,ok,9f46f375c8d58eb697248e4d55135c372509f63dde32539e0786c59e15eff6aa,1,True,24a665ad5739d997fba316fcf9bddd682a0d593f28440bdee1e0a8c9a2277118,01b845dfcee53583456aa39496a5123091d7644aff11e7b03972faf3433e3272,./results/models/ablation/state/no_query_topology/tpch/random_b/best.pt,"[{""action"":{""high_action"":""stop"",""order_decision"":""only_cost""},""phase"":""high""},{""action"":{""search_k"":1,""search_strategy"":""default""},""phase"":""search""},{""action"":{""execution_action"":""conservative"",""lip_action"":""selective""},""phase"":""low""}]"
TPCH,b,./workloads/query_tpch/15.sql,w/o Query Topology,493.235982954502,0.000000000000,fallback,,,True,61081e575c8a668d21bd7491fd6a388eb181a9babe497de7bf306ccd6a279e2b,4f53cda18c2baa0c0354bb5f9a3ecbe5ed12ab4d8e11ba873c2f11161202b945,./results/models/ablation/state/no_query_topology/tpch/random_b/best.pt,[]
TPCH,b,./workloads/query_tpch/19.sql,w/o Query Topology,191.094502806664,5.985000000000,ok,92c9788715068d88b4726c9507c14548a38de6678ae372caffafeafdb8c1eb10,1,True,8b5024d907a6317531e5da96effbe70eb4d2e49375cab7e0353961ae30bc511a,3c1be5faa657ee141b5a1654cc341778fb0e07db036e4a368ac24fa5737d582b,./results/models/ablation/state/no_query_topology/tpch/random_b/best.pt,"[{""action"":{""high_action"":""stop"",""order_decision"":""only_cost""},""phase"":""high""},{""action"":{""search_k"":1,""search_strategy"":""default""},""phase"":""search""},{""action"":{""execution_action"":""none"",""lip_action"":""none""},""phase"":""low""}]"
TPCH,b,./workloads/query_tpch/2.sql,w/o Query Topology,1066.936731338501,6.127000000000,ok,629d230fd9139b5f6034da3ccc2f921beea9d022ad8d5b714dc43dd544a64f2e,100,True,7f4b389e31695480a1a8fe62982b2900310b22aeb6659bacee85a68cebe7779a,ec9c09f69c7ac4ef51a5429608b7c98002b048a58a91964b3de27c68ac0f3d24,./results/models/ablation/state/no_query_topology/tpch/random_b/best.pt,"[{""action"":{""high_action"":""stop"",""order_decision"":""only_cost""},""phase"":""high""},{""action"":{""search_k"":1,""search_strategy"":""default""},""phase"":""search""},{""action"":{""execution_action"":""conservative"",""lip_action"":""selective""},""phase"":""low""}]"
TPCH,b,./workloads/query_tpch/20.sql,w/o Query Topology,402.109861373901,6.053000000000,ok,e120ffd13aa8fdd497d7f300ed7fed2edef48d3eb79f20569d2b010d7e8bbc4a,186,True,f3c4606e393f4c7c51b427ee072fa01016e0999cb6a6faab6bd1a3182462dc6e,11c085e0b86d252f1b0a887bccb7685e80fe0aff3d1029fc4f22bd430a590576,./results/models/ablation/state/no_query_topology/tpch/random_b/best.pt,"[{""action"":{""high_action"":""stop"",""order_decision"":""only_cost""},""phase"":""high""},{""action"":{""search_k"":1,""search_strategy"":""default""},""phase"":""search""},{""action"":{""execution_action"":""conservative"",""lip_action"":""selective""},""phase"":""low""}]"
TPCH,b,./workloads/query_tpch/7.sql,w/o Query Topology,1432.795003056526,0.000000000000,fallback,,,True,d6bdc92fb4b8e26466d49b146bedc91b9a652052be07e381c7e6bda94b48e90b,4f53cda18c2baa0c0354bb5f9a3ecbe5ed12ab4d8e11ba873c2f11161202b945,./results/models/ablation/state/no_query_topology/tpch/random_b/best.pt,[]
TPCH,c,./workloads/query_tpch/1.sql,w/o Query Topology,7262.005142867565,5.427000000000,ok,46b59b6bd1fc8cf90a6aa2883476e552accb362bdedbfb4a34ebaf813f04ff33,4,True,b9dd0df481b7e45398a5ebda06acef3fa19aa7b67b0fe0dcedb1302fd5e42bf9,ea1fa95c7136c30a0c2fa384606502bb798f6a97c464c98d720b58e8cf1a6701,./results/models/ablation/state/no_query_topology/tpch/random_c/best.pt,"[{""action"":{""high_action"":""stop"",""order_decision"":""only_cost""},""phase"":""high""},{""action"":{""search_k"":1,""search_strategy"":""default""},""phase"":""search""},{""action"":{""execution_action"":""none"",""lip_action"":""none""},""phase"":""low""}]"
TPCH,c,./workloads/query_tpch/12.sql,w/o Query Topology,1428.760036826134,5.969000000000,ok,e7537be8f8f46ec78556a6cd080043af7a9db2af94a9a467651cf2c9f6e80557,2,True,e32d8f3e339ab00735b7e79b7f3a8d07bbfdb2dcbe55c1cbc9ca82007140e914,bf3eae28fd5a010decd72acf87dfbe6394cf48be80aaf0b0a3282e760c302957,./results/models/ablation/state/no_query_topology/tpch/random_c/best.pt,"[{""action"":{""high_action"":""stop"",""order_decision"":""only_cost""},""phase"":""high""},{""action"":{""search_k"":1,""search_strategy"":""default""},""phase"":""search""},{""action"":{""execution_action"":""none"",""lip_action"":""none""},""phase"":""low""}]"
TPCH,c,./workloads/query_tpch/18.sql,w/o Query Topology,4950.519680976868,6.267000000000,ok,c0ad9e3e23d8ea3cb4d515e55cd6987afd1828bde1e3aaa42b9526b5007afae3,57,True,6e3e2c757bced94814269eced94bfd381163db9e6f5e0e0f9e63ea745fc3c14e,e77ff330f0f916a94c51ad5657ac4e41a8e5b277fd8c7ef4bea5d8500c5cceae,./results/models/ablation/state/no_query_topology/tpch/random_c/best.pt,"[{""action"":{""high_action"":""stop"",""order_decision"":""only_cost""},""phase"":""high""},{""action"":{""search_k"":1,""search_strategy"":""default""},""phase"":""search""},{""action"":{""execution_action"":""none"",""lip_action"":""none""},""phase"":""low""}]"
TPCH,c,./workloads/query_tpch/21.sql,w/o Query Topology,1556.591108441353,6.650000000000,ok,19002fd840d61676e763a6ac377c42d3c61d13f4a47af67a236ec14144be8d96,100,True,048dd02f3dc516c05d391854956ee77b6c9e242f0ae163c34fbf83fbc5768471,1d9e7fb27f6aa22060769ceaac9d7554812b3fc624a85598ffc36c1271c4f4d8,./results/models/ablation/state/no_query_topology/tpch/random_c/best.pt,"[{""action"":{""high_action"":""stop"",""order_decision"":""only_cost""},""phase"":""high""},{""action"":{""search_k"":1,""search_strategy"":""default""},""phase"":""search""},{""action"":{""execution_action"":""none"",""lip_action"":""none""},""phase"":""low""}]"
TPCH,c,./workloads/query_tpch/4.sql,w/o Query Topology,456.442177295685,6.031000000000,ok,e00094662017a9e66d9c6f2f4b828a8b7766e1c08357e4591edbddc97998b5c1,5,True,462d1a5f8f823ab88354df050c5b089ce6ff0c14fe8365bf17f6c1f95c155df2,2a79e48d63f484d43ac24d8366e2d5f8ee9c24278ccb38cab7ddae37af5f5b14,./results/models/ablation/state/no_query_topology/tpch/random_c/best.pt,"[{""action"":{""high_action"":""stop"",""order_decision"":""only_cost""},""phase"":""high""},{""action"":{""search_k"":1,""search_strategy"":""default""},""phase"":""search""},{""action"":{""execution_action"":""none"",""lip_action"":""none""},""phase"":""low""}]"
TPCH,c,./workloads/query_tpch/5.sql,w/o Query Topology,607.363976538181,6.527000000000,ok,df7d3e5a898e406bac4d095f5464f53fc4bc0a900b88693e840dcd066f80b636,5,True,04290867403ed38663a20ec7b6eeefaf4f7148b7ea181db4e5076c703789c248,fe87c403855e10c0516e5036097384245288fba522eb96e1e48136e25bd6d1c9,./results/models/ablation/state/no_query_topology/tpch/random_c/best.pt,"[{""action"":{""high_action"":""stop"",""order_decision"":""only_cost""},""phase"":""high""},{""action"":{""search_k"":1,""search_strategy"":""default""},""phase"":""search""},{""action"":{""execution_action"":""none"",""lip_action"":""none""},""phase"":""low""}]"
TPCH,c,./workloads/query_tpch/8.sql,w/o Query Topology,530.766144394875,0.000000000000,fallback,,,True,9b2dd3bcdd2b952a10bbb0f04c72e91f09eea3e768f023da79f750ee028c022b,4f53cda18c2baa0c0354bb5f9a3ecbe5ed12ab4d8e11ba873c2f11161202b945,./results/models/ablation/state/no_query_topology/tpch/random_c/best.pt,[]
TPCH,c,./workloads/query_tpch/9.sql,w/o Query Topology,2134.364292025566,0.000000000000,fallback,,,True,128110daeaf6d513809c3bec913ef59e338a61d4147a0fa40b145aaa3ae9ff92,4f53cda18c2baa0c0354bb5f9a3ecbe5ed12ab4d8e11ba873c2f11161202b945,./results/models/ablation/state/no_query_topology/tpch/random_c/best.pt,[]
