dataset,protocol,fold,sql_path,method,runtime_ms,inference_ms,status,result_hash,result_rows,cache_id,trajectory_hash,checkpoint,actions_json
JOB,,,./workloads/query_job/1a.sql,PostgreSQL,48.537202179432,0.000000000000,ok,4509535bf8626cc136208e1b88afc7aa478160ccf6b340e66765b9bcf2288a38,1,,,,
JOB,,,./workloads/query_job/1b.sql,PostgreSQL,10.656848549843,0.000000000000,ok,38cf683886cf6fdc55596ffbf14756cbedd54a4091ef744fb773fc7f37ce3139,1,,,,
JOB,,,./workloads/query_job/1c.sql,PostgreSQL,22.546045482159,0.000000000000,ok,c9cfeb2c53a9c7d56ba455c5c333a8fac5db32559ebd94b17f2dbd68a69e1122,1,,,,
JOB,,,./workloads/query_job/1d.sql,PostgreSQL,9.855210781097,0.000000000000,ok,7c91aa2f0828b93d755687afd67b68142d4b8268d478706662c6a39bd29ccda5,1,,,,
JOB,,,./workloads/query_job/2a.sql,PostgreSQL,622.306086122990,0.000000000000,ok,fc90f3c2c15c5abce95811297c6b9a8ee98e4e03347ce9e79c8ce8e6b57b03a0,1,,,,
JOB,,,./workloads/query_job/2b.sql,PostgreSQL,450.278185307980,0.000000000000,ok,fc90f3c2c15c5abce95811297c6b9a8ee98e4e03347ce9e79c8ce8e6b57b03a0,1,,,,
JOB,,,./workloads/query_job/2c.sql,PostgreSQL,416.350230574608,0.000000000000,ok,4f78f1a55542d807d5eaabd4ee2244ee9ba0258958f7de1c1ef4598cd5b46ab1,1,,,,
JOB,,,./workloads/query_job/2d.sql,PostgreSQL,636.426568031311,0.000000000000,ok,d55d5656333bd757f053124d39c4d7de4605203e41f67c025f0cc73ff2c7b9bb,1,,,,
JOB,,,./workloads/query_job/3a.sql,PostgreSQL,275.305226445198,0.000000000000,ok,73eefe8eac19d9855360f87f3fc36a046b90ae3af4ccfa55197f3643a67fe881,1,,,,
JOB,,,./workloads/query_job/3b.sql,PostgreSQL,142.878338694572,0.000000000000,ok,f09c4919f4c92a95515be773a486d51c5e5ccd19e0f5087b7c0f0ab64cd137cf,1,,,,
JOB,,,./workloads/query_job/3c.sql,PostgreSQL,424.697510898113,0.000000000000,ok,e1647cf4584132601e371994754e5cf33a53b972c00521f6f7dc5325a5c9e531,1,,,,
JOB,,,./workloads/query_job/4a.sql,PostgreSQL,157.303877174854,0.000000000000,ok,214a3f3088baf05e360ab8bd0ba2290ef328bad4cc486fba5851503f8f39e639,1,,,,
JOB,,,./workloads/query_job/4b.sql,PostgreSQL,105.064578354359,0.000000000000,ok,c2e5045abfc8ecfbd0b40e2ecf04f734592cd5b76e223f977e6c366b9f571679,1,,,,
JOB,,,./workloads/query_job/4c.sql,PostgreSQL,145.315989851952,0.000000000000,ok,dbdb5449728ea1126b66d9107929248d2473f352ea9c90d567427671f6a5d8a5,1,,,,
JOB,,,./workloads/query_job/5a.sql,PostgreSQL,204.287774860859,0.000000000000,ok,4f78f1a55542d807d5eaabd4ee2244ee9ba0258958f7de1c1ef4598cd5b46ab1,1,,,,
JOB,,,./workloads/query_job/5b.sql,PostgreSQL,192.494660615921,0.000000000000,ok,4f78f1a55542d807d5eaabd4ee2244ee9ba0258958f7de1c1ef4598cd5b46ab1,1,,,,
JOB,,,./workloads/query_job/5c.sql,PostgreSQL,249.242290854454,0.000000000000,ok,c63c0f430af977fe1bf0c51442b833d536b07965c22254d5a737a187719cc641,1,,,,
JOB,,,./workloads/query_job/6a.sql,PostgreSQL,131.442427635193,0.000000000000,ok,2e45680981dcedf844899f966540a92734a6200fc0d8bd8a547ceba0d0cf631f,1,,,,
JOB,,,./workloads/query_job/6b.sql,PostgreSQL,283.275306224823,0.000000000000,ok,2b959ee9a358222cd3f680b4de1a9c2be8556432140123daad1b20aa89815ab9,1,,,,
JOB,,,./workloads/query_job/6c.sql,PostgreSQL,37.401288747787,0.000000000000,ok,eb15d11fcc635c0f71eefa80cad2069e9f06841887450ba39d0be7466e8da9dd,1,,,,
JOB,,,./workloads/query_job/6d.sql,PostgreSQL,8656.032279133797,0.000000000000,ok,bf8229c3af721fca42ad64803e348b47d39c54dfd46fcbc5d2ef84cd56b31b17,1,,,,
JOB,,,./workloads/query_job/6e.sql,PostgreSQL,49.377508461475,0.000000000000,ok,2e45680981dcedf844899f966540a92734a6200fc0d8bd8a547ceba0d0cf631f,1,,,,
JOB,,,./workloads/query_job/6f.sql,PostgreSQL,3815.737746655941,0.000000000000,ok,644e442d8a49607e48bd1866853ebe8325de68158176e2ee27f9b7f3df3ffe0b,1,,,,
JOB,,,./workloads/query_job/7a.sql,PostgreSQL,1039.732851088047,0.000000000000,ok,4c15deaf8c868c357c511a9b1b16153f35d0a6d69bf0cb9d733dd8855dca6cb3,1,,,,
JOB,,,./workloads/query_job/7b.sql,PostgreSQL,230.450056493282,0.000000000000,ok,9d6ae68bd583de41667a4cae160a3da2b5ea5d39fe8dcce1e8fd3d20a5278abe,1,,,,
JOB,,,./workloads/query_job/7c.sql,PostgreSQL,2848.617784678936,0.000000000000,ok,4704a6598b71770ee436ed0a0e8a1ea85041944f821a0cb2688f90bd5f296fd6,1,,,,
JOB,,,./workloads/query_job/8a.sql,PostgreSQL,2238.704860210419,0.000000000000,ok,83ca1ebec91355240bb85797c81f9f6b8a96392c57707c100978708f49ae71e9,1,,,,
JOB,,,./workloads/query_job/8b.sql,PostgreSQL,457.004658877850,0.000000000000,ok,e5b0fc3c68184c62fd7ca88151a039904e2fc3708d4c2773297d07ecda52eef1,1,,,,
JOB,,,./workloads/query_job/8c.sql,PostgreSQL,3857.512407004833,0.000000000000,ok,ca648dbd161cd660e79b73f4d2feac37247f699997bfceb70abcc975adab600b,1,,,,
JOB,,,./workloads/query_job/8d.sql,PostgreSQL,2071.731999516487,0.000000000000,ok,42e9d5875e298e1e96988f68f4ea5385d847af85ed0e315fb1c559c113c45301,1,,,,
JOB,,,./workloads/query_job/9a.sql,PostgreSQL,879.497237503529,0.000000000000,ok,bfa8c34c384944ed86c373b6cb098fca28c827e811e254e47d8a62f3569ea656,1,,,,
JOB,,,./workloads/query_job/9b.sql,PostgreSQL,1465.852588415146,0.000000000000,ok,b0e443831d76df913501b4969a5d3d89f3d674241ae639e3c4277898d1e46b0f,1,,,,
JOB,,,./workloads/query_job/9c.sql,PostgreSQL,1514.928504824638,0.000000000000,ok,f842997a5a18b3d9be1b7c8393b1b6444eb5c93e5425c04933cea3ddef0bb5fc,1,,,,
JOB,,,./workloads/query_job/9d.sql,PostgreSQL,4149.308055639267,0.000000000000,ok,4337dc659f52d805bb18c4f8f42457136d6ef77b097dfa9fba8d4bb81edfa201,1,,,,
JOB,,,./workloads/query_job/10a.sql,PostgreSQL,752.293579280376,0.000000000000,ok,929d0b936421c3cc037300fc273cb56746f39627e96a60da4dd6863044511457,1,,,,
JOB,,,./workloads/query_job/10b.sql,PostgreSQL,472.061902284622,0.000000000000,ok,706843969f310473a0308417223dbd3b01f9c23dd72c30ca6a320928a1c6d9a0,1,,,,
JOB,,,./workloads/query_job/10c.sql,PostgreSQL,4954.255886375904,0.000000000000,ok,73b0bf53e0d911a07eeb82a77e0c4d8e572b4a66464eabd6ab74eddeab66e4b6,1,,,,
JOB,,,./workloads/query_job/11a.sql,PostgreSQL,107.348755002022,0.000000000000,ok,fdc503337e597ce0059972071613e4b98fbd0862acbceb6cceceb79c7ac524de,1,,,,
JOB,,,./workloads/query_job/11b.sql,PostgreSQL,72.933718562126,0.000000000000,ok,38cf683886cf6fdc55596ffbf14756cbedd54a4091ef744fb773fc7f37ce3139,1,,,,
JOB,,,./workloads/query_job/11c.sql,PostgreSQL,87.655290961266,0.000000000000,ok,7ee2dd68d162286e927f5eaacca5018d563156ff616c1f5939eee2d77dbdb21e,1,,,,
JOB,,,./workloads/query_job/11d.sql,PostgreSQL,89.076265692711,0.000000000000,ok,de7342ed1d49ddb4af769ed803430202f4e99db6d34267ee2b58c1cbcee1f279,1,,,,
JOB,,,./workloads/query_job/12a.sql,PostgreSQL,377.244204282761,0.000000000000,ok,859e14caaec80c8e1bdf8043bc9dbcdc6810582adf44e5ae0ea485fc5cb8ed01,1,,,,
JOB,,,./workloads/query_job/12b.sql,PostgreSQL,18.956184387207,0.000000000000,ok,706843969f310473a0308417223dbd3b01f9c23dd72c30ca6a320928a1c6d9a0,1,,,,
JOB,,,./workloads/query_job/12c.sql,PostgreSQL,1247.680075466633,0.000000000000,ok,d08dc5e4d9f9c885b2721d5f75562c05463bb61fa72ad614c79bffeb27ddc532,1,,,,
JOB,,,./workloads/query_job/13a.sql,PostgreSQL,2122.379153966904,0.000000000000,ok,5b629c9fc69c4850c2e7b0ba5aa43772e3261337e9b521e3bf65c78d642c040d,1,,,,
JOB,,,./workloads/query_job/13b.sql,PostgreSQL,870.459549129009,0.000000000000,ok,3d96d4044fccab21095254c6b5ee60e7d430f8e3a04d0eb12bc3df93c0a121c3,1,,,,
JOB,,,./workloads/query_job/13c.sql,PostgreSQL,829.354293644428,0.000000000000,ok,62d718231272d8795fb939428fb8d114fb4735e7ff7ba5aa1c8431e0dd880cb9,1,,,,
JOB,,,./workloads/query_job/13d.sql,PostgreSQL,3239.832818508148,0.000000000000,ok,878b08295971fb79d73ef78557d9ee1fa2e8f811af8ee8fabd918c1f1b57c26a,1,,,,
JOB,,,./workloads/query_job/14a.sql,PostgreSQL,329.192213714123,0.000000000000,ok,9a707a6251d650311b9d657bd32fc2aed8eabb8324b27d771856f014860252c8,1,,,,
JOB,,,./workloads/query_job/14b.sql,PostgreSQL,169.102571904659,0.000000000000,ok,74085e27c595ac219c6257d663e3ccccdf16299520347ac5488a715783f18a41,1,,,,
JOB,,,./workloads/query_job/14c.sql,PostgreSQL,599.040269851685,0.000000000000,ok,c394284262ba60039e0e66c6ad41c10e412ec18d31dd585ff5e4725d815167fb,1,,,,
JOB,,,./workloads/query_job/15a.sql,PostgreSQL,697.451971471310,0.000000000000,ok,0bf74f571c854c91dada16e78f6a511682855e8364304c1e74a2715a468ad523,1,,,,
JOB,,,./workloads/query_job/15b.sql,PostgreSQL,91.285996139050,0.000000000000,ok,b25c3f018dd147bf4abce160072d7f8ba5b0f3abbe07bec34bc2e8b72eefff81,1,,,,
JOB,,,./workloads/query_job/15c.sql,PostgreSQL,602.623172104359,0.000000000000,ok,089e136e8a705182e20d1d2d2df976cada5b59fa92a88f7c18af99db6fa72368,1,,,,
JOB,,,./workloads/query_job/15d.sql,PostgreSQL,487.100169062614,0.000000000000,ok,df3a19f8bdca38394c1c9a01f448c4e34ce26e4cc3c938d45c9a4e59526d24d5,1,,,,
JOB,,,./workloads/query_job/16a.sql,PostgreSQL,246.030591428280,0.000000000000,ok,3b5e791232086b50d46bdd7085a68d7e7d8e6b6539a179fbeb4218e683264c14,1,,,,
JOB,,,./workloads/query_job/16b.sql,PostgreSQL,13724.091924726963,0.000000000000,ok,78be398942f8178791f894eed17d6c3c560d229354cee4ab4afd9948bedc26c1,1,,,,
JOB,,,./workloads/query_job/16c.sql,PostgreSQL,1477.872133255005,0.000000000000,ok,1318f60bc0ac9eb3ca4ac578870bec99e9ac05ece5a440ba30e253efb9ea5aeb,1,,,,
JOB,,,./workloads/query_job/16d.sql,PostgreSQL,1208.811931312084,0.000000000000,ok,1318f60bc0ac9eb3ca4ac578870bec99e9ac05ece5a440ba30e253efb9ea5aeb,1,,,,
JOB,,,./workloads/query_job/17a.sql,PostgreSQL,7698.663443326950,0.000000000000,ok,0ad8e3fd85f654cd3e58857928c1de84b0542236603c3f965780600958cb00fd,1,,,,
JOB,,,./workloads/query_job/17b.sql,PostgreSQL,4858.678884804249,0.000000000000,ok,de642ce5a04416b5f5d58162138ce38932542abd6a7a7a08d538f1a6fc288f85,1,,,,
JOB,,,./workloads/query_job/17c.sql,PostgreSQL,5111.343622207642,0.000000000000,ok,89318885181be4671a585035246d501b4eb546101d7a71035ac9eaf20c99bdff,1,,,,
JOB,,,./workloads/query_job/17d.sql,PostgreSQL,5068.842232227325,0.000000000000,ok,9a519542553c082aa22cad711ded801827b50f2fc8a7b5078563cb2b04a7428e,1,,,,
JOB,,,./workloads/query_job/17e.sql,PostgreSQL,7727.856323122978,0.000000000000,ok,f737f87f1aee3edfa2a8464fe8782aa3d0139b69867ac6bfd244eb890fff19b5,1,,,,
JOB,,,./workloads/query_job/17f.sql,PostgreSQL,6924.960531294346,0.000000000000,ok,966c1a52f852284091756356c99e5f43debac4e41bc8ee9f790f5c70bff4c7c4,1,,,,
JOB,,,./workloads/query_job/18a.sql,PostgreSQL,6028.547249734402,0.000000000000,ok,4ea394ad5b6ff23d28102b48eef256f385144f05c176dcf273e5fc3dfc0f3ea7,1,,,,
JOB,,,./workloads/query_job/18b.sql,PostgreSQL,346.770927309990,0.000000000000,ok,6635682ea66176cb4b122c8c01b41b06001993191e9889f440da443126fcee38,1,,,,
JOB,,,./workloads/query_job/18c.sql,PostgreSQL,7274.933539330959,0.000000000000,ok,542307488c7a1ab1b7cc860d07b9bcba2943079fcc1b17924c4d69c8285fa274,1,,,,
JOB,,,./workloads/query_job/19a.sql,PostgreSQL,979.559876024723,0.000000000000,ok,1f0ca7719cfc34a43e2d3322146638f13989d450c4591afc7b3885613918e4de,1,,,,
JOB,,,./workloads/query_job/19b.sql,PostgreSQL,379.614584147930,0.000000000000,ok,91275ea0a7bef7c58863c590bb17df5976280a00d3553ff0ccfd2fc85a34dfb6,1,,,,
JOB,,,./workloads/query_job/19c.sql,PostgreSQL,1533.245489001274,0.000000000000,ok,746652b20383a6b45c6875314d63d311dac430b2316f7d3285134b05761bcac2,1,,,,
JOB,,,./workloads/query_job/19d.sql,PostgreSQL,10059.388846158981,0.000000000000,ok,a4539f795d93860062d39d330febb9a7e2eba327a0dde36ea917ef25d81da7fb,1,,,,
JOB,,,./workloads/query_job/20a.sql,PostgreSQL,3942.218229174614,0.000000000000,ok,6b45734f0a5780708828d3443113e516d82318bac2ab3150fbdb3933efdfc72f,1,,,,
JOB,,,./workloads/query_job/20b.sql,PostgreSQL,1654.475644230843,0.000000000000,ok,6b45734f0a5780708828d3443113e516d82318bac2ab3150fbdb3933efdfc72f,1,,,,
JOB,,,./workloads/query_job/20c.sql,PostgreSQL,950.077608227730,0.000000000000,ok,72921bbcfd611d5949414fbd552b8a60ae1dd792a0c2542a764780713275e8fc,1,,,,
JOB,,,./workloads/query_job/21a.sql,PostgreSQL,112.665995955467,0.000000000000,ok,fa1f095cb852fd0f6f9bf5067b9f057dbbfa7e3a43a13ea9f216a34e120ad9dd,1,,,,
JOB,,,./workloads/query_job/21b.sql,PostgreSQL,103.885583579540,0.000000000000,ok,1da28682b56bf46849a42e55ba2b328e656ccb98f2f56a02e22549b0a2dec397,1,,,,
JOB,,,./workloads/query_job/21c.sql,PostgreSQL,73.933646082878,0.000000000000,ok,77d4c7a496293274c8ef0cfe3682727a02a3c61debbf3b9c18b7a1b021853732,1,,,,
JOB,,,./workloads/query_job/22a.sql,PostgreSQL,465.196184813976,0.000000000000,ok,f1338f06c1017cdfd3c469a58a1473afc623cfff5b6abe6a1801431d778c1c7f,1,,,,
JOB,,,./workloads/query_job/22b.sql,PostgreSQL,325.334817171097,0.000000000000,ok,4de51e5e948c92c98d121e464ff522b3ee70b6678f085134b10921d76a0f2dac,1,,,,
JOB,,,./workloads/query_job/22c.sql,PostgreSQL,1556.163154542446,0.000000000000,ok,991e8b67081098ca2488bedc79afe1881f2df52affbd0cf95312f4fb04855bd7,1,,,,
JOB,,,./workloads/query_job/22d.sql,PostgreSQL,798.797242343426,0.000000000000,ok,18e529eeadd28daacd2cb90fcff55d8be4573ecfaaf76cd6e1ddb1dd25ff265c,1,,,,
JOB,,,./workloads/query_job/23a.sql,PostgreSQL,326.458834111691,0.000000000000,ok,f3a7f99f72b0caf860606e57aed9dc89d96aec3d96e1b92fd2104119ba77b59b,1,,,,
JOB,,,./workloads/query_job/23b.sql,PostgreSQL,112.990751862526,0.000000000000,ok,f3a7f99f72b0caf860606e57aed9dc89d96aec3d96e1b92fd2104119ba77b59b,1,,,,
JOB,,,./workloads/query_job/23c.sql,PostgreSQL,440.215915441513,0.000000000000,ok,d6d3b9a56435f4fe61ee133589ebd35b7135f05afe08be1125990d58b250e9f9,1,,,,
JOB,,,./workloads/query_job/24a.sql,PostgreSQL,540.759317576885,0.000000000000,ok,f456596f387e349a6006b7f95149e83820f1855cb47322cf82c324c7abf10133,1,,,,
JOB,,,./workloads/query_job/24b.sql,PostgreSQL,189.396679401398,0.000000000000,ok,56b303255befaff99c8809a0ef8b843dec6bb7e8dbb787f41d63795cd64cf36b,1,,,,
JOB,,,./workloads/query_job/25a.sql,PostgreSQL,2434.525184333324,0.000000000000,ok,3f61bc3b5b8945716ddc701b2a0b19f860043a01c2e6df0e838c90693f07dd20,1,,,,
JOB,,,./workloads/query_job/25b.sql,PostgreSQL,358.422167599201,0.000000000000,ok,1188db58fec23b34c4c3183b536d25098bb832bf155d43985568193001514cf6,1,,,,
JOB,,,./workloads/query_job/25c.sql,PostgreSQL,5503.880374133587,0.000000000000,ok,67a630b3c65d3bcaa414c0e78677ad348267d0f04c2fa18b570f5906a0599ac5,1,,,,
JOB,,,./workloads/query_job/26a.sql,PostgreSQL,1245.338663458824,0.000000000000,ok,70959053c8bb13b17e024dc6dbd70e523be117ceff6bd41f572000d6f7519ba6,1,,,,
JOB,,,./workloads/query_job/26b.sql,PostgreSQL,370.415121316910,0.000000000000,ok,ff94d7cdb149e39c55c7cbfac87213af89b36e95a7b52e8382ad8bb80a905406,1,,,,
JOB,,,./workloads/query_job/26c.sql,PostgreSQL,3594.846285879612,0.000000000000,ok,79fdae15007ce54a7fa3c350abdcabcdd612aadf882cdaf9b346ffa48ec64957,1,,,,
JOB,,,./workloads/query_job/27a.sql,PostgreSQL,117.550544440746,0.000000000000,ok,17da2f55cbda32682db3bc710c4a0f0048b6fb05111deffe244b8be90c1e4968,1,,,,
JOB,,,./workloads/query_job/27b.sql,PostgreSQL,103.853099048138,0.000000000000,ok,4eb4e5bb88d274fb571daa3d9537d134ac91e3971795bedfe21b63973b8a983c,1,,,,
JOB,,,./workloads/query_job/27c.sql,PostgreSQL,106.804832816124,0.000000000000,ok,17da2f55cbda32682db3bc710c4a0f0048b6fb05111deffe244b8be90c1e4968,1,,,,
JOB,,,./workloads/query_job/28a.sql,PostgreSQL,766.329884529114,0.000000000000,ok,9bbfa4b43836dbcd01ed830b9188456a9d9309e4cc0ef0948c1f6ff8b2c0e39c,1,,,,
JOB,,,./workloads/query_job/28b.sql,PostgreSQL,528.255715966225,0.000000000000,ok,1504c5fe4b85e0649828523441b52c0f8b7c17598529646d3d732ab63db821f5,1,,,,
JOB,,,./workloads/query_job/28c.sql,PostgreSQL,1065.289050340652,0.000000000000,ok,b1923b38e649e7842d61acc9d38f8455ed8406709c3ba8fba508919ee9e53cc3,1,,,,
JOB,,,./workloads/query_job/29a.sql,PostgreSQL,2259.148694574833,0.000000000000,ok,6931843f19cb52122ed461369626a4f45f6b0550fbb8e5608f26c0a53fbfa63e,1,,,,
JOB,,,./workloads/query_job/29b.sql,PostgreSQL,2156.472250819206,0.000000000000,ok,6931843f19cb52122ed461369626a4f45f6b0550fbb8e5608f26c0a53fbfa63e,1,,,,
JOB,,,./workloads/query_job/29c.sql,PostgreSQL,9040.536828339100,0.000000000000,ok,77d7c0fd6a7f7c2de253fe8fc44b2b6ae848c0c1e246c513425c8f83965bf0b0,1,,,,
JOB,,,./workloads/query_job/30a.sql,PostgreSQL,2309.362307190895,0.000000000000,ok,75f27277da0bf405cd685f3341baca046a6788152a4b13a72ad743837698d0b5,1,,,,
JOB,,,./workloads/query_job/30b.sql,PostgreSQL,394.237302243710,0.000000000000,ok,91a05f71dbba805aeb9c620210fe2d6ba7c806304be891b740e8be86565d2035,1,,,,
JOB,,,./workloads/query_job/30c.sql,PostgreSQL,2350.220620632172,0.000000000000,ok,9def3478d3162492b92bb76237115759aec29176d767191b8cd5def2da2391c9,1,,,,
JOB,,,./workloads/query_job/31a.sql,PostgreSQL,4620.851621031761,0.000000000000,ok,2385ebfea8327fd7a901f095709616affc7de1e13b3b973f6576fe3867a2253a,1,,,,
JOB,,,./workloads/query_job/31b.sql,PostgreSQL,468.998238444328,0.000000000000,ok,b7c8175cc84a23b7c7ad691402dd403d4da305a2ddcd7f3b98845a3682a7c29b,1,,,,
JOB,,,./workloads/query_job/31c.sql,PostgreSQL,6387.131780385971,0.000000000000,ok,09c5cf7e96fa8a299de4f7088731cf8e370fa7af16a3438017bcf08c6d8905ae,1,,,,
JOB,,,./workloads/query_job/32a.sql,PostgreSQL,38.468867540359,0.000000000000,ok,38cf683886cf6fdc55596ffbf14756cbedd54a4091ef744fb773fc7f37ce3139,1,,,,
JOB,,,./workloads/query_job/32b.sql,PostgreSQL,150.308236479759,0.000000000000,ok,136f26a2ebb961337e13a1b2c25ce51ab44ee67277b807b22bcb2f94ab99343c,1,,,,
JOB,,,./workloads/query_job/33a.sql,PostgreSQL,320.770032703876,0.000000000000,ok,0be421d7b97248226c3a33bad501b9e85187231d54df0c0f0c9791d8b2286ad9,1,,,,
JOB,,,./workloads/query_job/33b.sql,PostgreSQL,295.713149011135,0.000000000000,ok,735a1be7f41a7bbb115cbeefc5bfe74994300c66a9ed18e92575e0a5028550ab,1,,,,
JOB,,,./workloads/query_job/33c.sql,PostgreSQL,223.862923681736,0.000000000000,ok,68464506f3c0aa8fd4c37209daa0d0c9c8f54c57dca6a9b2860add78f906185b,1,,,,
JOB,random,c,./workloads/query_job/11a.sql,NQO,415.147766470909,266.031000000000,ok,fdc503337e597ce0059972071613e4b98fbd0862acbceb6cceceb79c7ac524de,1,0f6797a43575d4cb5bed489cee5adc78adadadb99f8644c68d4be9d0d74376af,14c9aa6e72e4837a5ba6bd6bac97ba6c3cbf9b5dbabf14c00a662f3d6e9940f7,./results/models/job/random/c/best.pt,"[{""action"":{""high_action"":""split"",""order_decision"":""only_cost""},""phase"":""high""},{""action"":{""candidate_id"":1,""schedule_alpha"":0.5},""phase"":""select""},{""action"":{""search_k"":1,""search_strategy"":""default""},""phase"":""search""},{""action"":{""execution_action"":""none"",""lip_action"":""none""},""phase"":""low""},{""action"":{""high_action"":""split"",""order_decision"":""only_cost""},""phase"":""high""},{""action"":{""candidate_id"":1,""schedule_alpha"":0.5},""phase"":""select""},{""action"":{""search_k"":1,""search_strategy"":""default""},""phase"":""search""},{""action"":{""execution_action"":""none"",""lip_action"":""none""},""phase"":""low""},{""action"":{""high_action"":""stop"",""order_decision"":""only_cost""},""phase"":""high""},{""action"":{""search_k"":1,""search_strategy"":""default""},""phase"":""search""},{""action"":{""execution_action"":""none"",""lip_action"":""none""},""phase"":""low""}]"
JOB,random,b,./workloads/query_job/10a.sql,NQO,934.460654854774,147.140000000000,ok,929d0b936421c3cc037300fc273cb56746f39627e96a60da4dd6863044511457,1,710ea5ca6ee9ce5c545a2ad8dca2326bcb6a902f79fd39ad96db3f3d100a4334,6d7c3c6a026598a6d13cd67fd87a1633b425d425a90051f2ed8acb8bffcf15be,./results/models/job/random/b/best.pt,"[{""action"":{""high_action"":""stop"",""order_decision"":""only_cost""},""phase"":""high""},{""action"":{""search_k"":1,""search_strategy"":""default""},""phase"":""search""},{""action"":{""execution_action"":""none"",""lip_action"":""none""},""phase"":""low""}]"
JOB,random,c,./workloads/query_job/12a.sql,NQO,743.313379585743,258.657000000000,ok,859e14caaec80c8e1bdf8043bc9dbcdc6810582adf44e5ae0ea485fc5cb8ed01,1,4fc275a859fe1b36414e5105c770f338a4783d452224cd19a7245eab57702729,1d748eab6dc51238ded9a997baa0e26442d4690246f79f38e68f8235e2087d3f,./results/models/job/random/c/best.pt,"[{""action"":{""high_action"":""split"",""order_decision"":""only_cost""},""phase"":""high""},{""action"":{""candidate_id"":2,""schedule_alpha"":0.5},""phase"":""select""},{""action"":{""search_k"":1,""search_strategy"":""default""},""phase"":""search""},{""action"":{""execution_action"":""none"",""lip_action"":""none""},""phase"":""low""},{""action"":{""high_action"":""split"",""order_decision"":""only_cost""},""phase"":""high""},{""action"":{""candidate_id"":1,""schedule_alpha"":0.5},""phase"":""select""},{""action"":{""search_k"":1,""search_strategy"":""default""},""phase"":""search""},{""action"":{""execution_action"":""none"",""lip_action"":""none""},""phase"":""low""},{""action"":{""high_action"":""stop"",""order_decision"":""only_cost""},""phase"":""high""},{""action"":{""search_k"":1,""search_strategy"":""default""},""phase"":""search""},{""action"":{""execution_action"":""none"",""lip_action"":""none""},""phase"":""low""}]"
JOB,random,b,./workloads/query_job/10b.sql,NQO,565.752968192101,71.247000000000,ok,706843969f310473a0308417223dbd3b01f9c23dd72c30ca6a320928a1c6d9a0,1,c53a583ce474c9471d53db5c22848d2bb714752f6249429e834371254ef386ee,c2145983281da8d35f08757b8f8d762b9f2470131ae5c620e061dd3fafbe8b93,./results/models/job/random/b/best.pt,"[{""action"":{""high_action"":""stop"",""order_decision"":""only_cost""},""phase"":""high""},{""action"":{""search_k"":1,""search_strategy"":""default""},""phase"":""search""},{""action"":{""execution_action"":""none"",""lip_action"":""none""},""phase"":""low""}]"
JOB,random,b,./workloads/query_job/11b.sql,NQO,179.091662168503,87.287000000000,ok,38cf683886cf6fdc55596ffbf14756cbedd54a4091ef744fb773fc7f37ce3139,1,769c1bbf06f78de542d5e8c8d05a902d09f31b24b516ea2407b2b1a14fe4e325,674f8936168bdbb57364c4effbd8c039100f15a48294dc454138383683f5aaf7,./results/models/job/random/b/best.pt,"[{""action"":{""high_action"":""stop"",""order_decision"":""only_cost""},""phase"":""high""},{""action"":{""search_k"":1,""search_strategy"":""default""},""phase"":""search""},{""action"":{""execution_action"":""none"",""lip_action"":""none""},""phase"":""low""}]"
JOB,random,b,./workloads/query_job/11c.sql,NQO,201.843559741974,93.608000000000,ok,7ee2dd68d162286e927f5eaacca5018d563156ff616c1f5939eee2d77dbdb21e,1,1c757486abc638d81f681cfdb9037be33c4c38a3de8023ef7792bf9ddb5ea89c,c5aab4780c69bc79bf5d325b347c1b127405e650282b54600ad6c183fae7ffcb,./results/models/job/random/b/best.pt,"[{""action"":{""high_action"":""stop"",""order_decision"":""only_cost""},""phase"":""high""},{""action"":{""search_k"":1,""search_strategy"":""default""},""phase"":""search""},{""action"":{""execution_action"":""none"",""lip_action"":""none""},""phase"":""low""}]"
JOB,random,b,./workloads/query_job/12b.sql,NQO,94.780921936035,78.859567642212,timeout,,,0e6e65f1039bff96fd3c9d3c83d3a9832bf3e9e2b5da0792945cdd48047c5084,e63441052dce92ffed7afa504f4f69d7caac309d3826eec4dbd4c02bb4f84810,./results/models/job/random/b/best.pt,"[{""action"":{""high_action"":""stop"",""order_decision"":""only_cost""},""phase"":""high""},{""action"":{""search_k"":1,""search_strategy"":""default""},""phase"":""search""}]"
JOB,random,c,./workloads/query_job/13c.sql,NQO,1160.601608455181,299.496000000000,ok,62d718231272d8795fb939428fb8d114fb4735e7ff7ba5aa1c8431e0dd880cb9,1,46b249b07f69d5e1da6a1e93e616c8cbb0e9eae018c5872c646ee6f36ba4919c,dfad7918381076d97f500017b1b62476a2c902cc75c49962d98578774d3f27c6,./results/models/job/random/c/best.pt,"[{""action"":{""high_action"":""split"",""order_decision"":""only_cost""},""phase"":""high""},{""action"":{""candidate_id"":2,""schedule_alpha"":0.5},""phase"":""select""},{""action"":{""search_k"":1,""search_strategy"":""default""},""phase"":""search""},{""action"":{""execution_action"":""none"",""lip_action"":""none""},""phase"":""low""},{""action"":{""high_action"":""split"",""order_decision"":""only_cost""},""phase"":""high""},{""action"":{""candidate_id"":0,""schedule_alpha"":0.5},""phase"":""select""},{""action"":{""search_k"":1,""search_strategy"":""default""},""phase"":""search""},{""action"":{""execution_action"":""conservative"",""lip_action"":""selective""},""phase"":""low""},{""action"":{""high_action"":""split"",""order_decision"":""only_cost""},""phase"":""high""},{""action"":{""candidate_id"":0,""schedule_alpha"":0.5},""phase"":""select""},{""action"":{""search_k"":1,""search_strategy"":""default""},""phase"":""search""},{""action"":{""execution_action"":""none"",""lip_action"":""none""},""phase"":""low""},{""action"":{""high_action"":""stop"",""order_decision"":""only_cost""},""phase"":""high""},{""action"":{""search_k"":1,""search_strategy"":""default""},""phase"":""search""},{""action"":{""execution_action"":""none"",""lip_action"":""none""},""phase"":""low""}]"
JOB,random,c,./workloads/query_job/14a.sql,NQO,657.884992659092,290.367000000000,ok,9a707a6251d650311b9d657bd32fc2aed8eabb8324b27d771856f014860252c8,1,9174f028dd7198fbacf9887293ce13a15af465969fe072c169bac4f1cb35d5ce,61344b59234d7861c2835318e5d485a0f30154606866734251950952e3014a15,./results/models/job/random/c/best.pt,"[{""action"":{""high_action"":""split"",""order_decision"":""only_cost""},""phase"":""high""},{""action"":{""candidate_id"":2,""schedule_alpha"":0.5},""phase"":""select""},{""action"":{""search_k"":1,""search_strategy"":""default""},""phase"":""search""},{""action"":{""execution_action"":""none"",""lip_action"":""none""},""phase"":""low""},{""action"":{""high_action"":""split"",""order_decision"":""only_cost""},""phase"":""high""},{""action"":{""candidate_id"":0,""schedule_alpha"":0.5},""phase"":""select""},{""action"":{""search_k"":1,""search_strategy"":""default""},""phase"":""search""},{""action"":{""execution_action"":""conservative"",""lip_action"":""selective""},""phase"":""low""},{""action"":{""high_action"":""split"",""order_decision"":""only_cost""},""phase"":""high""},{""action"":{""candidate_id"":1,""schedule_alpha"":0.5},""phase"":""select""},{""action"":{""search_k"":1,""search_strategy"":""default""},""phase"":""search""},{""action"":{""execution_action"":""none"",""lip_action"":""none""},""phase"":""low""},{""action"":{""high_action"":""stop"",""order_decision"":""only_cost""},""phase"":""high""},{""action"":{""search_k"":1,""search_strategy"":""default""},""phase"":""search""},{""action"":{""execution_action"":""none"",""lip_action"":""none""},""phase"":""low""}]"
JOB,random,b,./workloads/query_job/12c.sql,NQO,1287.104114890099,110.370000000000,ok,d08dc5e4d9f9c885b2721d5f75562c05463bb61fa72ad614c79bffeb27ddc532,1,2d092f972fa37be87b716127ef48bcc9d787a5688e106675e942fa1af6f2366c,f99c164b04babdfcb6a57fef4608e6bce159d7b0988e0662fb11a3a07bef681e,./results/models/job/random/b/best.pt,"[{""action"":{""high_action"":""stop"",""order_decision"":""only_cost""},""phase"":""high""},{""action"":{""search_k"":1,""search_strategy"":""default""},""phase"":""search""},{""action"":{""execution_action"":""none"",""lip_action"":""none""},""phase"":""low""}]"
JOB,random,b,./workloads/query_job/14b.sql,NQO,268.783859908581,80.920000000000,ok,74085e27c595ac219c6257d663e3ccccdf16299520347ac5488a715783f18a41,1,9eea396a088c3f45afd187b38f8bcbe91885c641d4e44898bad6dde3dd59c3f1,926a3bcdadf63f89e9bc6ec43288069c1e2aee6304adc32533b3456407df8159,./results/models/job/random/b/best.pt,"[{""action"":{""high_action"":""stop"",""order_decision"":""only_cost""},""phase"":""high""},{""action"":{""search_k"":1,""search_strategy"":""default""},""phase"":""search""},{""action"":{""execution_action"":""none"",""lip_action"":""none""},""phase"":""low""}]"
JOB,random,c,./workloads/query_job/15a.sql,NQO,790.904477238655,293.784000000000,ok,0bf74f571c854c91dada16e78f6a511682855e8364304c1e74a2715a468ad523,1,0efd7ad03a96cada8b136efb0f09e8a7b339c933df86e9c7cfffeaa55fc9d0e6,c9ae141c41a1c9149837b98d8138159e911221bd8f10c6fe4ead84323e55c0b3,./results/models/job/random/c/best.pt,"[{""action"":{""high_action"":""split"",""order_decision"":""only_cost""},""phase"":""high""},{""action"":{""candidate_id"":2,""schedule_alpha"":0.5},""phase"":""select""},{""action"":{""search_k"":1,""search_strategy"":""default""},""phase"":""search""},{""action"":{""execution_action"":""none"",""lip_action"":""none""},""phase"":""low""},{""action"":{""high_action"":""split"",""order_decision"":""only_cost""},""phase"":""high""},{""action"":{""candidate_id"":1,""schedule_alpha"":0.5},""phase"":""select""},{""action"":{""search_k"":1,""search_strategy"":""default""},""phase"":""search""},{""action"":{""execution_action"":""none"",""lip_action"":""none""},""phase"":""low""},{""action"":{""high_action"":""split"",""order_decision"":""only_cost""},""phase"":""high""},{""action"":{""candidate_id"":0,""schedule_alpha"":0.5},""phase"":""select""},{""action"":{""search_k"":1,""search_strategy"":""default""},""phase"":""search""},{""action"":{""execution_action"":""none"",""lip_action"":""none""},""phase"":""low""},{""action"":{""high_action"":""stop"",""order_decision"":""only_cost""},""phase"":""high""},{""action"":{""search_k"":1,""search_strategy"":""default""},""phase"":""search""},{""action"":{""execution_action"":""none"",""lip_action"":""none""},""phase"":""low""}]"
JOB,random,c,./workloads/query_job/15b.sql,NQO,413.221374154091,297.249000000000,ok,b25c3f018dd147bf4abce160072d7f8ba5b0f3abbe07bec34bc2e8b72eefff81,1,3ab568a94eb862261e470fe5845fa85bc76d1f764f0649c30f664695e8253ff3,556219b8e72c13500f739091048c789af31d42b185e0872e75a229086993fcb4,./results/models/job/random/c/best.pt,"[{""action"":{""high_action"":""split"",""order_decision"":""only_cost""},""phase"":""high""},{""action"":{""candidate_id"":1,""schedule_alpha"":0.5},""phase"":""select""},{""action"":{""search_k"":1,""search_strategy"":""default""},""phase"":""search""},{""action"":{""execution_action"":""none"",""lip_action"":""none""},""phase"":""low""},{""action"":{""high_action"":""split"",""order_decision"":""only_cost""},""phase"":""high""},{""action"":{""candidate_id"":1,""schedule_alpha"":0.5},""phase"":""select""},{""action"":{""search_k"":1,""search_strategy"":""default""},""phase"":""search""},{""action"":{""execution_action"":""none"",""lip_action"":""none""},""phase"":""low""},{""action"":{""high_action"":""split"",""order_decision"":""only_cost""},""phase"":""high""},{""action"":{""candidate_id"":0,""schedule_alpha"":0.5},""phase"":""select""},{""action"":{""search_k"":1,""search_strategy"":""default""},""phase"":""search""},{""action"":{""execution_action"":""none"",""lip_action"":""none""},""phase"":""low""},{""action"":{""high_action"":""stop"",""order_decision"":""only_cost""},""phase"":""high""},{""action"":{""search_k"":1,""search_strategy"":""default""},""phase"":""search""},{""action"":{""execution_action"":""none"",""lip_action"":""none""},""phase"":""low""}]"
JOB,random,b,./workloads/query_job/14c.sql,NQO,726.338431239128,114.840000000000,ok,c394284262ba60039e0e66c6ad41c10e412ec18d31dd585ff5e4725d815167fb,1,7e0e53218c852f94c2786a0c3b8be16b5b64d551a8964cca53e5e37de4814c51,a02e5c14163934ab6e1c95006fd55c2d071815b86a838c50b00a197da9e5bbc4,./results/models/job/random/b/best.pt,"[{""action"":{""high_action"":""stop"",""order_decision"":""only_cost""},""phase"":""high""},{""action"":{""search_k"":1,""search_strategy"":""default""},""phase"":""search""},{""action"":{""execution_action"":""none"",""lip_action"":""none""},""phase"":""low""}]"
JOB,random,b,./workloads/query_job/15d.sql,NQO,604.603856801987,108.483000000000,ok,df3a19f8bdca38394c1c9a01f448c4e34ce26e4cc3c938d45c9a4e59526d24d5,1,cbe7d83fd9a88d92dcfe0e522eb5f173d3f0c27cfdcd4fda6f4093ee2cc3da7f,6af294914309e494d860eaabcbb5765c6aac0d6f65354cd47f07d4df8569d9cb,./results/models/job/random/b/best.pt,"[{""action"":{""high_action"":""stop"",""order_decision"":""only_cost""},""phase"":""high""},{""action"":{""search_k"":1,""search_strategy"":""default""},""phase"":""search""},{""action"":{""execution_action"":""none"",""lip_action"":""none""},""phase"":""low""}]"
JOB,random,b,./workloads/query_job/16a.sql,NQO,346.428580582142,99.014000000000,ok,3b5e791232086b50d46bdd7085a68d7e7d8e6b6539a179fbeb4218e683264c14,1,85ca1f54df190442792ace57b23c9befd42f9b1002e391b937db54583252e0a2,28c085769adacf2756d80175d0abc2a990048e12cb0892383ad6f3c6252b85eb,./results/models/job/random/b/best.pt,"[{""action"":{""high_action"":""stop"",""order_decision"":""only_cost""},""phase"":""high""},{""action"":{""search_k"":1,""search_strategy"":""default""},""phase"":""search""},{""action"":{""execution_action"":""none"",""lip_action"":""none""},""phase"":""low""}]"
JOB,random,a,./workloads/query_job/10c.sql,NQO,5432.261638343334,157.613000000000,ok,73b0bf53e0d911a07eeb82a77e0c4d8e572b4a66464eabd6ab74eddeab66e4b6,1,81110ee2dae66d6ef29c93d3c41c86925caa3ca89e732892dcfff5b3d992ec08,5faeb23fdf8f07ef9224bb093e36fbdd1c27fcabb0ff570f169257100434e9d5,./results/models/job/random/a/best.pt,"[{""action"":{""high_action"":""stop"",""order_decision"":""only_cost""},""phase"":""high""},{""action"":{""search_k"":1,""search_strategy"":""default""},""phase"":""search""},{""action"":{""execution_action"":""conservative"",""lip_action"":""selective""},""phase"":""low""}]"
JOB,random,a,./workloads/query_job/11d.sql,NQO,225.629217922688,111.402000000000,ok,de7342ed1d49ddb4af769ed803430202f4e99db6d34267ee2b58c1cbcee1f279,1,5e754f28d21ce708940de42a8bcab8d8aa3a9f9e5739d4f8e56477554473edca,7091b23d43148fbdb95791726254fe100a557173e3bd8c6da5f106b887229f34,./results/models/job/random/a/best.pt,"[{""action"":{""high_action"":""stop"",""order_decision"":""only_cost""},""phase"":""high""},{""action"":{""search_k"":1,""search_strategy"":""default""},""phase"":""search""},{""action"":{""execution_action"":""none"",""lip_action"":""none""},""phase"":""low""}]"
JOB,random,c,./workloads/query_job/16c.sql,NQO,1635.215207934380,292.178000000000,ok,1318f60bc0ac9eb3ca4ac578870bec99e9ac05ece5a440ba30e253efb9ea5aeb,1,fcc18f26af910aed642edbadcface55182c5438fe93412d540c5f1d830d7f5e9,3875f64a1e21a6b0d017a629d7f535be3dabdebd6da3689c9ffc9fc08dda4e9a,./results/models/job/random/c/best.pt,"[{""action"":{""high_action"":""split"",""order_decision"":""only_cost""},""phase"":""high""},{""action"":{""candidate_id"":3,""schedule_alpha"":0.5},""phase"":""select""},{""action"":{""search_k"":1,""search_strategy"":""default""},""phase"":""search""},{""action"":{""execution_action"":""none"",""lip_action"":""none""},""phase"":""low""},{""action"":{""high_action"":""split"",""order_decision"":""only_cost""},""phase"":""high""},{""action"":{""candidate_id"":2,""schedule_alpha"":0.5},""phase"":""select""},{""action"":{""search_k"":1,""search_strategy"":""default""},""phase"":""search""},{""action"":{""execution_action"":""conservative"",""lip_action"":""selective""},""phase"":""low""},{""action"":{""high_action"":""split"",""order_decision"":""only_cost""},""phase"":""high""},{""action"":{""candidate_id"":1,""schedule_alpha"":0.5},""phase"":""select""},{""action"":{""search_k"":1,""search_strategy"":""default""},""phase"":""search""},{""action"":{""execution_action"":""none"",""lip_action"":""none""},""phase"":""low""},{""action"":{""high_action"":""stop"",""order_decision"":""only_cost""},""phase"":""high""},{""action"":{""search_k"":1,""search_strategy"":""default""},""phase"":""search""},{""action"":{""execution_action"":""none"",""lip_action"":""none""},""phase"":""low""}]"
JOB,random,c,./workloads/query_job/16d.sql,NQO,1318.952634930611,194.105000000000,ok,1318f60bc0ac9eb3ca4ac578870bec99e9ac05ece5a440ba30e253efb9ea5aeb,1,b5bf17c162dfe222d45c0a75e9dc7ee755e56991f6d72e3dde44271412fa223e,4cd57f7e16d1232e0ab77f6eeefb6bc20df7f8ba776424fbffee94a67fecca26,./results/models/job/random/c/best.pt,"[{""action"":{""high_action"":""split"",""order_decision"":""only_cost""},""phase"":""high""},{""action"":{""candidate_id"":3,""schedule_alpha"":0.5},""phase"":""select""},{""action"":{""search_k"":1,""search_strategy"":""default""},""phase"":""search""},{""action"":{""execution_action"":""none"",""lip_action"":""none""},""phase"":""low""},{""action"":{""high_action"":""split"",""order_decision"":""only_cost""},""phase"":""high""},{""action"":{""candidate_id"":2,""schedule_alpha"":0.5},""phase"":""select""},{""action"":{""search_k"":1,""search_strategy"":""default""},""phase"":""search""},{""action"":{""execution_action"":""conservative"",""lip_action"":""selective""},""phase"":""low""},{""action"":{""high_action"":""split"",""order_decision"":""only_cost""},""phase"":""high""},{""action"":{""candidate_id"":1,""schedule_alpha"":0.5},""phase"":""select""},{""action"":{""search_k"":1,""search_strategy"":""default""},""phase"":""search""},{""action"":{""execution_action"":""none"",""lip_action"":""none""},""phase"":""low""},{""action"":{""high_action"":""stop"",""order_decision"":""only_cost""},""phase"":""high""},{""action"":{""search_k"":1,""search_strategy"":""default""},""phase"":""search""},{""action"":{""execution_action"":""none"",""lip_action"":""none""},""phase"":""low""}]"
JOB,random,a,./workloads/query_job/13a.sql,NQO,1992.303244769573,122.902000000000,ok,5b629c9fc69c4850c2e7b0ba5aa43772e3261337e9b521e3bf65c78d642c040d,1,e1c64d67d36d7f8fa52ec5c6652783cb3b169e8f57f55ba410697aa97a17d4a9,4ab7c188a526da15f98cf99995b9d682d3934ec90a24653e66d32cb6b96f6fe5,./results/models/job/random/a/best.pt,"[{""action"":{""high_action"":""stop"",""order_decision"":""only_cost""},""phase"":""high""},{""action"":{""search_k"":1,""search_strategy"":""default""},""phase"":""search""},{""action"":{""execution_action"":""conservative"",""lip_action"":""selective""},""phase"":""low""}]"
JOB,random,a,./workloads/query_job/13b.sql,NQO,986.940450966358,103.193000000000,ok,3d96d4044fccab21095254c6b5ee60e7d430f8e3a04d0eb12bc3df93c0a121c3,1,8ec6935c59c3ccd53442df126e984c4a549de701552a2a15a79ac35748d606a2,828b04b5ed1ebd0314db37009681ae4a3d1a1aa0d1563111c3266fd339ccdcc7,./results/models/job/random/a/best.pt,"[{""action"":{""high_action"":""stop"",""order_decision"":""only_cost""},""phase"":""high""},{""action"":{""search_k"":1,""search_strategy"":""default""},""phase"":""search""},{""action"":{""execution_action"":""none"",""lip_action"":""none""},""phase"":""low""}]"
JOB,random,b,./workloads/query_job/16b.sql,NQO,5518.980376422405,285.457000000000,ok,78be398942f8178791f894eed17d6c3c560d229354cee4ab4afd9948bedc26c1,1,4d1f2f2b11856761487a69798385bb10619eba2576d09d9416b56549511dcf84,849bbad6a2032386c0c45a64ac90427d63b039442cdd7273bdc3ae28d9cf5f66,./results/models/job/random/b/best.pt,"[{""action"":{""high_action"":""split"",""order_decision"":""only_cost""},""phase"":""high""},{""action"":{""candidate_id"":3,""schedule_alpha"":1.0},""phase"":""select""},{""action"":{""search_k"":1,""search_strategy"":""default""},""phase"":""search""},{""action"":{""execution_action"":""none"",""lip_action"":""none""},""phase"":""low""},{""action"":{""high_action"":""split"",""order_decision"":""only_cost""},""phase"":""high""},{""action"":{""candidate_id"":2,""schedule_alpha"":1.0},""phase"":""select""},{""action"":{""search_k"":1,""search_strategy"":""default""},""phase"":""search""},{""action"":{""execution_action"":""none"",""lip_action"":""none""},""phase"":""low""},{""action"":{""high_action"":""split"",""order_decision"":""only_cost""},""phase"":""high""},{""action"":{""candidate_id"":0,""schedule_alpha"":1.0},""phase"":""select""},{""action"":{""search_k"":1,""search_strategy"":""default""},""phase"":""search""},{""action"":{""execution_action"":""none"",""lip_action"":""none""},""phase"":""low""},{""action"":{""high_action"":""stop"",""order_decision"":""only_cost""},""phase"":""high""},{""action"":{""search_k"":1,""search_strategy"":""default""},""phase"":""search""},{""action"":{""execution_action"":""none"",""lip_action"":""none""},""phase"":""low""}]"
JOB,random,c,./workloads/query_job/17a.sql,NQO,4599.149391055107,236.129000000000,ok,0ad8e3fd85f654cd3e58857928c1de84b0542236603c3f965780600958cb00fd,1,75e355041bb1ad92ddd4c3ee7e157c9f66f220ac5ae4bf68c1456d13930d8e7e,755846a1bedb70be3a8f3375d5275290dccff4131234a91bfbfe784cdb00a1be,./results/models/job/random/c/best.pt,"[{""action"":{""high_action"":""split"",""order_decision"":""only_cost""},""phase"":""high""},{""action"":{""candidate_id"":2,""schedule_alpha"":0.5},""phase"":""select""},{""action"":{""search_k"":1,""search_strategy"":""default""},""phase"":""search""},{""action"":{""execution_action"":""none"",""lip_action"":""none""},""phase"":""low""},{""action"":{""high_action"":""split"",""order_decision"":""only_cost""},""phase"":""high""},{""action"":{""candidate_id"":1,""schedule_alpha"":0.5},""phase"":""select""},{""action"":{""search_k"":1,""search_strategy"":""default""},""phase"":""search""},{""action"":{""execution_action"":""conservative"",""lip_action"":""selective""},""phase"":""low""},{""action"":{""high_action"":""stop"",""order_decision"":""only_cost""},""phase"":""high""},{""action"":{""search_k"":1,""search_strategy"":""default""},""phase"":""search""},{""action"":{""execution_action"":""none"",""lip_action"":""none""},""phase"":""low""}]"
JOB,random,a,./workloads/query_job/13d.sql,NQO,3460.412070155144,106.915000000000,ok,878b08295971fb79d73ef78557d9ee1fa2e8f811af8ee8fabd918c1f1b57c26a,1,8f114a53f3d027b3ea6bc4845b4db3a7463f051466f76be9a6162bf9f764e00c,14bbd861c8161a7798897576dab0db124c078bff540da9fbedd34faa80db1581,./results/models/job/random/a/best.pt,"[{""action"":{""high_action"":""stop"",""order_decision"":""only_cost""},""phase"":""high""},{""action"":{""search_k"":1,""search_strategy"":""default""},""phase"":""search""},{""action"":{""execution_action"":""conservative"",""lip_action"":""selective""},""phase"":""low""}]"
JOB,random,a,./workloads/query_job/15c.sql,NQO,678.986035287380,119.785000000000,ok,089e136e8a705182e20d1d2d2df976cada5b59fa92a88f7c18af99db6fa72368,1,bfa1b34fef23cb3823b6f00818f3f0ababe748c1160fd2eac1095aafd1348cf4,778a7ec4124fa67eab520d75ff7c7883c1b503ddb0ae735ba0f89d6030eabf12,./results/models/job/random/a/best.pt,"[{""action"":{""high_action"":""stop"",""order_decision"":""only_cost""},""phase"":""high""},{""action"":{""search_k"":1,""search_strategy"":""default""},""phase"":""search""},{""action"":{""execution_action"":""none"",""lip_action"":""none""},""phase"":""low""}]"
JOB,random,a,./workloads/query_job/17d.sql,NQO,1610.474847257137,222.764000000000,ok,9a519542553c082aa22cad711ded801827b50f2fc8a7b5078563cb2b04a7428e,1,cdc4b12d340c8ed4a6966b69dd4e5bf7567a73bb840ffc81089f41ea520d58b6,8f9ac58a5722aa0ed19d645924a2437b9fda46c1b66cd28140d67108ab628534,./results/models/job/random/a/best.pt,"[{""action"":{""high_action"":""split"",""order_decision"":""only_cost""},""phase"":""high""},{""action"":{""candidate_id"":2,""schedule_alpha"":0.5},""phase"":""select""},{""action"":{""search_k"":1,""search_strategy"":""default""},""phase"":""search""},{""action"":{""execution_action"":""none"",""lip_action"":""none""},""phase"":""low""},{""action"":{""high_action"":""split"",""order_decision"":""only_cost""},""phase"":""high""},{""action"":{""candidate_id"":0,""schedule_alpha"":0.5},""phase"":""select""},{""action"":{""search_k"":1,""search_strategy"":""default""},""phase"":""search""},{""action"":{""execution_action"":""none"",""lip_action"":""none""},""phase"":""low""},{""action"":{""high_action"":""stop"",""order_decision"":""only_cost""},""phase"":""high""},{""action"":{""search_k"":1,""search_strategy"":""default""},""phase"":""search""},{""action"":{""execution_action"":""none"",""lip_action"":""none""},""phase"":""low""}]"
JOB,random,b,./workloads/query_job/17f.sql,NQO,4160.013824701309,207.844000000000,ok,966c1a52f852284091756356c99e5f43debac4e41bc8ee9f790f5c70bff4c7c4,1,67b436f91837081b8b14f17d577eae319bf51587576e06b718421b4dff084e7a,7c0b22eeb3ef8738ada7e94b0d43bd3c130417660be4e12746010d1e4eb154ed,./results/models/job/random/b/best.pt,"[{""action"":{""high_action"":""split"",""order_decision"":""only_cost""},""phase"":""high""},{""action"":{""candidate_id"":2,""schedule_alpha"":1.0},""phase"":""select""},{""action"":{""search_k"":1,""search_strategy"":""default""},""phase"":""search""},{""action"":{""execution_action"":""none"",""lip_action"":""none""},""phase"":""low""},{""action"":{""high_action"":""split"",""order_decision"":""only_cost""},""phase"":""high""},{""action"":{""candidate_id"":1,""schedule_alpha"":1.0},""phase"":""select""},{""action"":{""search_k"":1,""search_strategy"":""default""},""phase"":""search""},{""action"":{""execution_action"":""none"",""lip_action"":""none""},""phase"":""low""},{""action"":{""high_action"":""stop"",""order_decision"":""only_cost""},""phase"":""high""},{""action"":{""search_k"":1,""search_strategy"":""default""},""phase"":""search""},{""action"":{""execution_action"":""none"",""lip_action"":""none""},""phase"":""low""}]"
JOB,random,a,./workloads/query_job/18b.sql,NQO,750.524036586285,243.393000000000,ok,6635682ea66176cb4b122c8c01b41b06001993191e9889f440da443126fcee38,1,8537498268891b201b726afc3a5ec8e605c81e15b6d3717e9f4148ec6f5826f4,e51c29be96d7df031be80371a16ac5a8749667c3653137138d3f0c00331cf0d5,./results/models/job/random/a/best.pt,"[{""action"":{""high_action"":""split"",""order_decision"":""only_cost""},""phase"":""high""},{""action"":{""candidate_id"":2,""schedule_alpha"":0.5},""phase"":""select""},{""action"":{""search_k"":1,""search_strategy"":""default""},""phase"":""search""},{""action"":{""execution_action"":""none"",""lip_action"":""none""},""phase"":""low""},{""action"":{""high_action"":""split"",""order_decision"":""only_cost""},""phase"":""high""},{""action"":{""candidate_id"":1,""schedule_alpha"":0.5},""phase"":""select""},{""action"":{""search_k"":1,""search_strategy"":""default""},""phase"":""search""},{""action"":{""execution_action"":""none"",""lip_action"":""none""},""phase"":""low""},{""action"":{""high_action"":""stop"",""order_decision"":""only_cost""},""phase"":""high""},{""action"":{""search_k"":1,""search_strategy"":""default""},""phase"":""search""},{""action"":{""execution_action"":""none"",""lip_action"":""none""},""phase"":""low""}]"
JOB,random,c,./workloads/query_job/17b.sql,NQO,4678.658150136471,179.665000000000,ok,de642ce5a04416b5f5d58162138ce38932542abd6a7a7a08d538f1a6fc288f85,1,91467e5df160f94e2a8879d3d05735b5a555e5daa0aa3642c05f3a1b02f09152,f1035d9b02eee48b64e1fc7a546b9e4ff173e2d3b39b8897529f15ba0fd5b794,./results/models/job/random/c/best.pt,"[{""action"":{""high_action"":""split"",""order_decision"":""only_cost""},""phase"":""high""},{""action"":{""candidate_id"":2,""schedule_alpha"":0.5},""phase"":""select""},{""action"":{""search_k"":1,""search_strategy"":""default""},""phase"":""search""},{""action"":{""execution_action"":""none"",""lip_action"":""none""},""phase"":""low""},{""action"":{""high_action"":""split"",""order_decision"":""only_cost""},""phase"":""high""},{""action"":{""candidate_id"":0,""schedule_alpha"":0.5},""phase"":""select""},{""action"":{""search_k"":1,""search_strategy"":""default""},""phase"":""search""},{""action"":{""execution_action"":""conservative"",""lip_action"":""selective""},""phase"":""low""},{""action"":{""high_action"":""stop"",""order_decision"":""only_cost""},""phase"":""high""},{""action"":{""search_k"":1,""search_strategy"":""default""},""phase"":""search""},{""action"":{""execution_action"":""conservative"",""lip_action"":""selective""},""phase"":""low""}]"
JOB,random,c,./workloads/query_job/17c.sql,NQO,1205.661639571190,161.198000000000,ok,89318885181be4671a585035246d501b4eb546101d7a71035ac9eaf20c99bdff,1,f1ab764e361ef0498d9c2faa27f697445472e9228cdb920d8a1992abd1cfc334,d9ed1fda0e99048c1610db9cf46d968522c37955546b2241c80863675e7586e9,./results/models/job/random/c/best.pt,"[{""action"":{""high_action"":""split"",""order_decision"":""only_cost""},""phase"":""high""},{""action"":{""candidate_id"":2,""schedule_alpha"":0.5},""phase"":""select""},{""action"":{""search_k"":1,""search_strategy"":""default""},""phase"":""search""},{""action"":{""execution_action"":""none"",""lip_action"":""none""},""phase"":""low""},{""action"":{""high_action"":""split"",""order_decision"":""only_cost""},""phase"":""high""},{""action"":{""candidate_id"":0,""schedule_alpha"":0.5},""phase"":""select""},{""action"":{""search_k"":1,""search_strategy"":""default""},""phase"":""search""},{""action"":{""execution_action"":""none"",""lip_action"":""none""},""phase"":""low""},{""action"":{""high_action"":""stop"",""order_decision"":""only_cost""},""phase"":""high""},{""action"":{""search_k"":1,""search_strategy"":""default""},""phase"":""search""},{""action"":{""execution_action"":""none"",""lip_action"":""none""},""phase"":""low""}]"
JOB,random,a,./workloads/query_job/18c.sql,NQO,4741.400763392448,242.592000000000,ok,542307488c7a1ab1b7cc860d07b9bcba2943079fcc1b17924c4d69c8285fa274,1,52b95f85857f3c8802215248a96bd5469bfa2b3d5858b8659b9bd71a930ef48f,cd1ad07a88783f444bcb048b9a16201541b05831ea0a7f5f95246a4cf27055db,./results/models/job/random/a/best.pt,"[{""action"":{""high_action"":""split"",""order_decision"":""only_cost""},""phase"":""high""},{""action"":{""candidate_id"":1,""schedule_alpha"":0.5},""phase"":""select""},{""action"":{""search_k"":1,""search_strategy"":""default""},""phase"":""search""},{""action"":{""execution_action"":""none"",""lip_action"":""none""},""phase"":""low""},{""action"":{""high_action"":""split"",""order_decision"":""only_cost""},""phase"":""high""},{""action"":{""candidate_id"":1,""schedule_alpha"":0.5},""phase"":""select""},{""action"":{""search_k"":1,""search_strategy"":""default""},""phase"":""search""},{""action"":{""execution_action"":""conservative"",""lip_action"":""selective""},""phase"":""low""},{""action"":{""high_action"":""stop"",""order_decision"":""only_cost""},""phase"":""high""},{""action"":{""search_k"":1,""search_strategy"":""default""},""phase"":""search""},{""action"":{""execution_action"":""none"",""lip_action"":""none""},""phase"":""low""}]"
JOB,random,b,./workloads/query_job/18a.sql,NQO,5235.580012202263,237.918000000000,ok,4ea394ad5b6ff23d28102b48eef256f385144f05c176dcf273e5fc3dfc0f3ea7,1,574937e5905d2f3f87ae87301f7c8d917a9915f2fa0e42c20d5281f2106178ec,6f50015c1279e0c41300178b30dd972a11878b9bdd9ceb2df8e90ab4b44aa889,./results/models/job/random/b/best.pt,"[{""action"":{""high_action"":""split"",""order_decision"":""only_cost""},""phase"":""high""},{""action"":{""candidate_id"":2,""schedule_alpha"":1.0},""phase"":""select""},{""action"":{""search_k"":1,""search_strategy"":""default""},""phase"":""search""},{""action"":{""execution_action"":""none"",""lip_action"":""none""},""phase"":""low""},{""action"":{""high_action"":""split"",""order_decision"":""only_cost""},""phase"":""high""},{""action"":{""candidate_id"":1,""schedule_alpha"":1.0},""phase"":""select""},{""action"":{""search_k"":1,""search_strategy"":""default""},""phase"":""search""},{""action"":{""execution_action"":""none"",""lip_action"":""none""},""phase"":""low""},{""action"":{""high_action"":""stop"",""order_decision"":""only_cost""},""phase"":""high""},{""action"":{""search_k"":1,""search_strategy"":""default""},""phase"":""search""},{""action"":{""execution_action"":""none"",""lip_action"":""none""},""phase"":""low""}]"
JOB,random,a,./workloads/query_job/19b.sql,NQO,497.834727168083,102.382000000000,ok,91275ea0a7bef7c58863c590bb17df5976280a00d3553ff0ccfd2fc85a34dfb6,1,dc856d5e0f2f08c7e17cb7041a98dcb607f992e90457308e934e684f6e16bb0f,bc62b3a853362e069d02abcd138b99400c3cbde6e8342e43157de5297e1e0112,./results/models/job/random/a/best.pt,"[{""action"":{""high_action"":""stop"",""order_decision"":""only_cost""},""phase"":""high""},{""action"":{""search_k"":1,""search_strategy"":""default""},""phase"":""search""},{""action"":{""execution_action"":""none"",""lip_action"":""none""},""phase"":""low""}]"
JOB,random,b,./workloads/query_job/19a.sql,NQO,1094.213075935841,118.835000000000,ok,1f0ca7719cfc34a43e2d3322146638f13989d450c4591afc7b3885613918e4de,1,9d0300e0b2a47efeab995cb5b1f57de85c484b6dced30eed8bd0a276a3eedaee,4150d8955551657b91c38f8616f3837683516c601525f0f7ab338db83f3f97cb,./results/models/job/random/b/best.pt,"[{""action"":{""high_action"":""stop"",""order_decision"":""only_cost""},""phase"":""high""},{""action"":{""search_k"":1,""search_strategy"":""default""},""phase"":""search""},{""action"":{""execution_action"":""none"",""lip_action"":""none""},""phase"":""low""}]"
JOB,random,b,./workloads/query_job/1d.sql,NQO,49.276053905485,30.668146908283,timeout,,,990e5d42a37492617b9c80070dd2fff4be0a96a4b783be882f244f980719322b,efddd68de984b5af5d2383524eb77c77aa55158bdf4f970f054f57be0d00d858,./results/models/job/random/b/best.pt,"[{""action"":{""high_action"":""stop"",""order_decision"":""only_cost""},""phase"":""high""}]"
JOB,random,c,./workloads/query_job/17e.sql,NQO,4608.716666698456,171.237000000000,ok,f737f87f1aee3edfa2a8464fe8782aa3d0139b69867ac6bfd244eb890fff19b5,1,b3113fc473cee5b7e0799acc0c66dff2e5b27a702c043b3ae82e6703da530613,2bc1e9db14b4af188c23b3485670397bd75ea6b3e3b22845083255e0c589a5af,./results/models/job/random/c/best.pt,"[{""action"":{""high_action"":""split"",""order_decision"":""only_cost""},""phase"":""high""},{""action"":{""candidate_id"":2,""schedule_alpha"":0.5},""phase"":""select""},{""action"":{""search_k"":1,""search_strategy"":""default""},""phase"":""search""},{""action"":{""execution_action"":""none"",""lip_action"":""none""},""phase"":""low""},{""action"":{""high_action"":""split"",""order_decision"":""only_cost""},""phase"":""high""},{""action"":{""candidate_id"":1,""schedule_alpha"":0.5},""phase"":""select""},{""action"":{""search_k"":1,""search_strategy"":""default""},""phase"":""search""},{""action"":{""execution_action"":""conservative"",""lip_action"":""selective""},""phase"":""low""},{""action"":{""high_action"":""stop"",""order_decision"":""only_cost""},""phase"":""high""},{""action"":{""search_k"":1,""search_strategy"":""default""},""phase"":""search""},{""action"":{""execution_action"":""none"",""lip_action"":""none""},""phase"":""low""}]"
JOB,random,b,./workloads/query_job/20b.sql,NQO,1343.035884201527,327.207000000000,ok,6b45734f0a5780708828d3443113e516d82318bac2ab3150fbdb3933efdfc72f,1,5ca990ec95ef0d21ee7ae2c8ea3554ccd11b11a9bc854ed4f1deaff340b62aeb,4507a07cf27a1a5a71ff3cc2b72fd869003bdb81f39641d53a0e1dd70390aad4,./results/models/job/random/b/best.pt,"[{""action"":{""search_k"":1,""search_strategy"":""default""},""phase"":""search""},{""action"":{""high_action"":""split"",""order_decision"":""only_cost""},""phase"":""high""},{""action"":{""candidate_id"":2,""schedule_alpha"":1.0},""phase"":""select""},{""action"":{""search_k"":1,""search_strategy"":""default""},""phase"":""search""},{""action"":{""execution_action"":""none"",""lip_action"":""none""},""phase"":""low""},{""action"":{""high_action"":""split"",""order_decision"":""only_cost""},""phase"":""high""},{""action"":{""candidate_id"":2,""schedule_alpha"":1.0},""phase"":""select""},{""action"":{""search_k"":1,""search_strategy"":""default""},""phase"":""search""},{""action"":{""execution_action"":""none"",""lip_action"":""none""},""phase"":""low""},{""action"":{""high_action"":""split"",""order_decision"":""only_cost""},""phase"":""high""},{""action"":{""candidate_id"":0,""schedule_alpha"":1.0},""phase"":""select""},{""action"":{""search_k"":1,""search_strategy"":""default""},""phase"":""search""},{""action"":{""execution_action"":""none"",""lip_action"":""none""},""phase"":""low""},{""action"":{""high_action"":""stop"",""order_decision"":""only_cost""},""phase"":""high""},{""action"":{""search_k"":1,""search_strategy"":""default""},""phase"":""search""},{""action"":{""execution_action"":""none"",""lip_action"":""none""},""phase"":""low""}]"
JOB,random,a,./workloads/query_job/19c.sql,NQO,2485.051468014717,326.383000000000,ok,746652b20383a6b45c6875314d63d311dac430b2316f7d3285134b05761bcac2,1,7de5fa1a874b4da536aec4894ef22d044f9e0576a2ace68858df48c73a5104fb,ec7126616c0888c342154b09f5b658385b01f6b1fd0e3f912f170ac7258527b0,./results/models/job/random/a/best.pt,"[{""action"":{""high_action"":""split"",""order_decision"":""only_cost""},""phase"":""high""},{""action"":{""candidate_id"":1,""schedule_alpha"":0.5},""phase"":""select""},{""action"":{""search_k"":1,""search_strategy"":""default""},""phase"":""search""},{""action"":{""execution_action"":""none"",""lip_action"":""none""},""phase"":""low""},{""action"":{""high_action"":""split"",""order_decision"":""only_cost""},""phase"":""high""},{""action"":{""candidate_id"":2,""schedule_alpha"":0.5},""phase"":""select""},{""action"":{""search_k"":1,""search_strategy"":""default""},""phase"":""search""},{""action"":{""execution_action"":""none"",""lip_action"":""none""},""phase"":""low""},{""action"":{""high_action"":""split"",""order_decision"":""only_cost""},""phase"":""high""},{""action"":{""candidate_id"":0,""schedule_alpha"":0.5},""phase"":""select""},{""action"":{""search_k"":1,""search_strategy"":""default""},""phase"":""search""},{""action"":{""execution_action"":""none"",""lip_action"":""none""},""phase"":""low""},{""action"":{""high_action"":""stop"",""order_decision"":""only_cost""},""phase"":""high""},{""action"":{""search_k"":1,""search_strategy"":""default""},""phase"":""search""},{""action"":{""execution_action"":""none"",""lip_action"":""none""},""phase"":""low""}]"
JOB,random,a,./workloads/query_job/1a.sql,NQO,114.602163434029,58.599000000000,ok,4509535bf8626cc136208e1b88afc7aa478160ccf6b340e66765b9bcf2288a38,1,8dc811d87f8d524c3fe6ea3d883d518b38e5440efd81e97bdbfeae520abbba6b,4341eebe27395836c07a73165d09d9d9813a04407ad4ac98a0a9a7ed7718aa9e,./results/models/job/random/a/best.pt,"[{""action"":{""high_action"":""stop"",""order_decision"":""only_cost""},""phase"":""high""},{""action"":{""search_k"":1,""search_strategy"":""default""},""phase"":""search""},{""action"":{""execution_action"":""conservative"",""lip_action"":""selective""},""phase"":""low""}]"
JOB,random,b,./workloads/query_job/22b.sql,NQO,493.105329573154,133.946000000000,ok,4de51e5e948c92c98d121e464ff522b3ee70b6678f085134b10921d76a0f2dac,1,f633af2af939478baf7620f9e8adc01c9e21397e63b2c8862d1e280965d016e5,1a3fa2cd15691fc9e83cd38d08e9dda48ab9d060dd26ba643475afa87d681d04,./results/models/job/random/b/best.pt,"[{""action"":{""high_action"":""stop"",""order_decision"":""only_cost""},""phase"":""high""},{""action"":{""search_k"":1,""search_strategy"":""default""},""phase"":""search""},{""action"":{""execution_action"":""none"",""lip_action"":""none""},""phase"":""low""}]"
JOB,random,b,./workloads/query_job/23c.sql,NQO,901.388898491859,371.211000000000,ok,d6d3b9a56435f4fe61ee133589ebd35b7135f05afe08be1125990d58b250e9f9,1,f8ec00c8f6eb39b5a1c23bd7d0ca9ecb03f26ac5e174c2b0c7f341d31f71d4e4,b6401b3fd469bb3a0f728001b36e68bca6b33347afc64f1926ba8b148d73ab22,./results/models/job/random/b/best.pt,"[{""action"":{""high_action"":""split"",""order_decision"":""only_cost""},""phase"":""high""},{""action"":{""candidate_id"":2,""schedule_alpha"":0.5},""phase"":""select""},{""action"":{""search_k"":1,""search_strategy"":""default""},""phase"":""search""},{""action"":{""execution_action"":""none"",""lip_action"":""none""},""phase"":""low""},{""action"":{""high_action"":""split"",""order_decision"":""only_cost""},""phase"":""high""},{""action"":{""candidate_id"":1,""schedule_alpha"":1.0},""phase"":""select""},{""action"":{""search_k"":1,""search_strategy"":""default""},""phase"":""search""},{""action"":{""execution_action"":""none"",""lip_action"":""none""},""phase"":""low""},{""action"":{""high_action"":""split"",""order_decision"":""only_cost""},""phase"":""high""},{""action"":{""candidate_id"":0,""schedule_alpha"":1.0},""phase"":""select""},{""action"":{""search_k"":1,""search_strategy"":""default""},""phase"":""search""},{""action"":{""execution_action"":""none"",""lip_action"":""none""},""phase"":""low""},{""action"":{""high_action"":""split"",""order_decision"":""only_cost""},""phase"":""high""},{""action"":{""candidate_id"":0,""schedule_alpha"":1.0},""phase"":""select""},{""action"":{""search_k"":1,""search_strategy"":""default""},""phase"":""search""},{""action"":{""execution_action"":""none"",""lip_action"":""none""},""phase"":""low""},{""action"":{""high_action"":""stop"",""order_decision"":""only_cost""},""phase"":""high""},{""action"":{""search_k"":1,""search_strategy"":""default""},""phase"":""search""},{""action"":{""execution_action"":""none"",""lip_action"":""none""},""phase"":""low""}]"
JOB,random,b,./workloads/query_job/24a.sql,NQO,694.633990526199,132.656000000000,ok,f456596f387e349a6006b7f95149e83820f1855cb47322cf82c324c7abf10133,1,fc4edc74983fc381cf02a26ba72006d9a653896841f4faae2f2b056078ecaf9a,bb34064c446abd4135e0bc30035608397931c5b2cbec5d14fb4ce1591665c73a,./results/models/job/random/b/best.pt,"[{""action"":{""high_action"":""stop"",""order_decision"":""only_cost""},""phase"":""high""},{""action"":{""search_k"":1,""search_strategy"":""default""},""phase"":""search""},{""action"":{""execution_action"":""none"",""lip_action"":""none""},""phase"":""low""}]"
JOB,random,a,./workloads/query_job/20a.sql,NQO,2184.564016759396,303.102000000000,ok,6b45734f0a5780708828d3443113e516d82318bac2ab3150fbdb3933efdfc72f,1,abb1bbd5fd327244cc42917d2661c7677fb1cba69eb3534ab6878fff57b459c8,2aa0421ae028ac124b4c0bf80635dbee2461b0529e1f84f06f8d85397219481a,./results/models/job/random/a/best.pt,"[{""action"":{""high_action"":""split"",""order_decision"":""only_cost""},""phase"":""high""},{""action"":{""candidate_id"":2,""schedule_alpha"":0.5},""phase"":""select""},{""action"":{""search_k"":1,""search_strategy"":""default""},""phase"":""search""},{""action"":{""execution_action"":""none"",""lip_action"":""none""},""phase"":""low""},{""action"":{""high_action"":""split"",""order_decision"":""only_cost""},""phase"":""high""},{""action"":{""candidate_id"":2,""schedule_alpha"":0.5},""phase"":""select""},{""action"":{""search_k"":1,""search_strategy"":""default""},""phase"":""search""},{""action"":{""execution_action"":""none"",""lip_action"":""none""},""phase"":""low""},{""action"":{""high_action"":""split"",""order_decision"":""only_cost""},""phase"":""high""},{""action"":{""candidate_id"":0,""schedule_alpha"":0.5},""phase"":""select""},{""action"":{""search_k"":1,""search_strategy"":""default""},""phase"":""search""},{""action"":{""execution_action"":""none"",""lip_action"":""none""},""phase"":""low""},{""action"":{""high_action"":""stop"",""order_decision"":""only_cost""},""phase"":""high""},{""action"":{""search_k"":1,""search_strategy"":""default""},""phase"":""search""},{""action"":{""execution_action"":""none"",""lip_action"":""none""},""phase"":""low""}]"
JOB,random,a,./workloads/query_job/22a.sql,NQO,619.897864758968,128.869000000000,ok,f1338f06c1017cdfd3c469a58a1473afc623cfff5b6abe6a1801431d778c1c7f,1,b755a8a067f7f85baf5f040ef621fd2a7995746b8a0d068a942cda55a4b0c96a,dd458aa4225995549bca7e1913f8583e6a6c97e0a298c10e160bc1591a33b137,./results/models/job/random/a/best.pt,"[{""action"":{""high_action"":""stop"",""order_decision"":""only_cost""},""phase"":""high""},{""action"":{""search_k"":1,""search_strategy"":""default""},""phase"":""search""},{""action"":{""execution_action"":""none"",""lip_action"":""none""},""phase"":""low""}]"
JOB,random,c,./workloads/query_job/19d.sql,NQO,5133.785709738731,325.982000000000,ok,a4539f795d93860062d39d330febb9a7e2eba327a0dde36ea917ef25d81da7fb,1,5b527123b239fc38334ddad22527e3f5440a66ea7f94f6689718f5dc56c45567,84803932a997754e6f27033e0b6dda2519f83df6d077fd6ef18e78c4ee6bad37,./results/models/job/random/c/best.pt,"[{""action"":{""high_action"":""split"",""order_decision"":""only_cost""},""phase"":""high""},{""action"":{""candidate_id"":1,""schedule_alpha"":0.5},""phase"":""select""},{""action"":{""search_k"":1,""search_strategy"":""default""},""phase"":""search""},{""action"":{""execution_action"":""none"",""lip_action"":""none""},""phase"":""low""},{""action"":{""high_action"":""split"",""order_decision"":""only_cost""},""phase"":""high""},{""action"":{""candidate_id"":0,""schedule_alpha"":0.5},""phase"":""select""},{""action"":{""search_k"":1,""search_strategy"":""default""},""phase"":""search""},{""action"":{""execution_action"":""none"",""lip_action"":""none""},""phase"":""low""},{""action"":{""high_action"":""split"",""order_decision"":""only_cost""},""phase"":""high""},{""action"":{""candidate_id"":1,""schedule_alpha"":0.5},""phase"":""select""},{""action"":{""search_k"":1,""search_strategy"":""default""},""phase"":""search""},{""action"":{""execution_action"":""conservative"",""lip_action"":""selective""},""phase"":""low""},{""action"":{""high_action"":""stop"",""order_decision"":""only_cost""},""phase"":""high""},{""action"":{""search_k"":1,""search_strategy"":""default""},""phase"":""search""},{""action"":{""execution_action"":""conservative"",""lip_action"":""selective""},""phase"":""low""}]"
JOB,random,c,./workloads/query_job/1b.sql,NQO,53.284242749215,27.878537774086,timeout,,,10d72120be821a4c96700ee25159e00a8366c69df059a9089e89a79de492986c,f6eeea10e998a728ba6bf1e931ecf80c4a58cc0740a17caad23cde6d3d9d53aa,./results/models/job/random/c/best.pt,"[{""action"":{""high_action"":""split"",""order_decision"":""only_cost""},""phase"":""high""}]"
JOB,random,a,./workloads/query_job/22c.sql,NQO,1750.494919717312,127.808000000000,ok,991e8b67081098ca2488bedc79afe1881f2df52affbd0cf95312f4fb04855bd7,1,11cdf15968dfe38275097cdb31c26759da45b8861aeb2f1610db1fbefe5cf930,fca3cb2b7ecdd14547f79fcc9377b836bf76c06435588d13a6385175d986dfd6,./results/models/job/random/a/best.pt,"[{""action"":{""high_action"":""stop"",""order_decision"":""only_cost""},""phase"":""high""},{""action"":{""search_k"":1,""search_strategy"":""default""},""phase"":""search""},{""action"":{""execution_action"":""none"",""lip_action"":""none""},""phase"":""low""}]"
JOB,random,c,./workloads/query_job/1c.sql,NQO,112.730227410795,142.312422394753,timeout,,,cd7e559a31782f3f7d284943a0f93f002294aee02659eae6aae5173fc8bc4354,07904d9aac1b9dcd0487dc4ae0ce2adfcf24fb8ede5447a8c3998280448d4ab0,./results/models/job/random/c/best.pt,"[{""action"":{""candidate_id"":1,""schedule_alpha"":0.5},""phase"":""select""},{""action"":{""search_k"":1,""search_strategy"":""default""},""phase"":""search""},{""action"":{""high_action"":""split"",""order_decision"":""only_cost""},""phase"":""high""},{""action"":{""candidate_id"":0,""schedule_alpha"":0.5},""phase"":""select""},{""action"":{""search_k"":1,""search_strategy"":""default""},""phase"":""search""}]"
JOB,random,b,./workloads/query_job/25c.sql,NQO,3158.094622194767,317.131000000000,ok,67a630b3c65d3bcaa414c0e78677ad348267d0f04c2fa18b570f5906a0599ac5,1,559a1ee5360d8f088f439b66126d9d57562f03addbbd5e209f8a6d3c386788b3,516fb7ee3d4783c296df4e55563dbad79d3bbc7a3869973db8859b8dfdcf7f80,./results/models/job/random/b/best.pt,"[{""action"":{""high_action"":""split"",""order_decision"":""only_cost""},""phase"":""high""},{""action"":{""candidate_id"":3,""schedule_alpha"":1.0},""phase"":""select""},{""action"":{""search_k"":1,""search_strategy"":""default""},""phase"":""search""},{""action"":{""execution_action"":""none"",""lip_action"":""none""},""phase"":""low""},{""action"":{""high_action"":""split"",""order_decision"":""only_cost""},""phase"":""high""},{""action"":{""candidate_id"":2,""schedule_alpha"":1.0},""phase"":""select""},{""action"":{""search_k"":1,""search_strategy"":""default""},""phase"":""search""},{""action"":{""execution_action"":""none"",""lip_action"":""none""},""phase"":""low""},{""action"":{""high_action"":""split"",""order_decision"":""only_cost""},""phase"":""high""},{""action"":{""candidate_id"":1,""schedule_alpha"":1.0},""phase"":""select""},{""action"":{""search_k"":1,""search_strategy"":""default""},""phase"":""search""},{""action"":{""execution_action"":""none"",""lip_action"":""none""},""phase"":""low""},{""action"":{""high_action"":""stop"",""order_decision"":""only_cost""},""phase"":""high""},{""action"":{""search_k"":1,""search_strategy"":""default""},""phase"":""search""},{""action"":{""execution_action"":""none"",""lip_action"":""none""},""phase"":""low""}]"
JOB,random,a,./workloads/query_job/22d.sql,NQO,976.439692080021,139.461000000000,ok,18e529eeadd28daacd2cb90fcff55d8be4573ecfaaf76cd6e1ddb1dd25ff265c,1,29f9b91e01d635536330c8277a69e8833b3bcce3eea9852b58895c7bbba004bd,b778dc0c4c717004eb2b25932afac9ee887f2c0b6ba63570523a0ae96aaceedd,./results/models/job/random/a/best.pt,"[{""action"":{""high_action"":""stop"",""order_decision"":""only_cost""},""phase"":""high""},{""action"":{""search_k"":1,""search_strategy"":""default""},""phase"":""search""},{""action"":{""execution_action"":""none"",""lip_action"":""none""},""phase"":""low""}]"
JOB,random,a,./workloads/query_job/23b.sql,NQO,228.445336222649,101.402000000000,ok,f3a7f99f72b0caf860606e57aed9dc89d96aec3d96e1b92fd2104119ba77b59b,1,28faea044a9feff500484a21810a450a0d1293a9d293022dc8867d463fedc2ef,532203c43ad3e83ebe623c24d9efd3a2b06df0ce7222b59eb29b5a590fbad337,./results/models/job/random/a/best.pt,"[{""action"":{""high_action"":""stop"",""order_decision"":""only_cost""},""phase"":""high""},{""action"":{""search_k"":1,""search_strategy"":""default""},""phase"":""search""},{""action"":{""execution_action"":""none"",""lip_action"":""none""},""phase"":""low""}]"
JOB,random,c,./workloads/query_job/20c.sql,NQO,1218.995317816734,325.334000000000,ok,72921bbcfd611d5949414fbd552b8a60ae1dd792a0c2542a764780713275e8fc,1,935f2922576fcd219ef0cc453e0c4ad324f75eb16127bde59f9b2d396f5e88c9,99d9056c8306a4f15939518b6ca3fc28c512f03b3c1e880ae77870e7b5e7ffeb,./results/models/job/random/c/best.pt,"[{""action"":{""execution_action"":""none"",""lip_action"":""none""},""phase"":""low""},{""action"":{""high_action"":""split"",""order_decision"":""only_cost""},""phase"":""high""},{""action"":{""candidate_id"":2,""schedule_alpha"":0.5},""phase"":""select""},{""action"":{""search_k"":1,""search_strategy"":""default""},""phase"":""search""},{""action"":{""execution_action"":""none"",""lip_action"":""none""},""phase"":""low""},{""action"":{""high_action"":""split"",""order_decision"":""only_cost""},""phase"":""high""},{""action"":{""candidate_id"":2,""schedule_alpha"":0.5},""phase"":""select""},{""action"":{""search_k"":1,""search_strategy"":""default""},""phase"":""search""},{""action"":{""execution_action"":""conservative"",""lip_action"":""selective""},""phase"":""low""},{""action"":{""high_action"":""split"",""order_decision"":""only_cost""},""phase"":""high""},{""action"":{""candidate_id"":0,""schedule_alpha"":0.5},""phase"":""select""},{""action"":{""search_k"":1,""search_strategy"":""default""},""phase"":""search""},{""action"":{""execution_action"":""conservative"",""lip_action"":""selective""},""phase"":""low""},{""action"":{""high_action"":""stop"",""order_decision"":""only_cost""},""phase"":""high""},{""action"":{""search_k"":1,""search_strategy"":""default""},""phase"":""search""},{""action"":{""execution_action"":""none"",""lip_action"":""none""},""phase"":""low""}]"
JOB,random,b,./workloads/query_job/26a.sql,NQO,989.458248019218,416.068000000000,ok,70959053c8bb13b17e024dc6dbd70e523be117ceff6bd41f572000d6f7519ba6,1,8d5488ee4c5a4da89c0ffe67663ba091c70ca2b5ddced32ad1247e8ad4555864,c94cba9d05858ec01e183a935e7c71e304b66663548076dd10f35a6c5bec40db,./results/models/job/random/b/best.pt,"[{""action"":{""high_action"":""split"",""order_decision"":""only_cost""},""phase"":""high""},{""action"":{""candidate_id"":3,""schedule_alpha"":1.0},""phase"":""select""},{""action"":{""search_k"":1,""search_strategy"":""default""},""phase"":""search""},{""action"":{""execution_action"":""none"",""lip_action"":""none""},""phase"":""low""},{""action"":{""high_action"":""split"",""order_decision"":""only_cost""},""phase"":""high""},{""action"":{""candidate_id"":2,""schedule_alpha"":1.0},""phase"":""select""},{""action"":{""search_k"":1,""search_strategy"":""default""},""phase"":""search""},{""action"":{""execution_action"":""none"",""lip_action"":""none""},""phase"":""low""},{""action"":{""high_action"":""split"",""order_decision"":""only_cost""},""phase"":""high""},{""action"":{""candidate_id"":0,""schedule_alpha"":1.0},""phase"":""select""},{""action"":{""search_k"":1,""search_strategy"":""default""},""phase"":""search""},{""action"":{""execution_action"":""none"",""lip_action"":""none""},""phase"":""low""},{""action"":{""high_action"":""split"",""order_decision"":""only_cost""},""phase"":""high""},{""action"":{""candidate_id"":1,""schedule_alpha"":1.0},""phase"":""select""},{""action"":{""search_k"":1,""search_strategy"":""default""},""phase"":""search""},{""action"":{""execution_action"":""none"",""lip_action"":""none""},""phase"":""low""},{""action"":{""high_action"":""stop"",""order_decision"":""only_cost""},""phase"":""high""},{""action"":{""search_k"":1,""search_strategy"":""default""},""phase"":""search""},{""action"":{""execution_action"":""none"",""lip_action"":""none""},""phase"":""low""}]"
JOB,random,c,./workloads/query_job/21a.sql,NQO,452.484808862209,298.616000000000,ok,fa1f095cb852fd0f6f9bf5067b9f057dbbfa7e3a43a13ea9f216a34e120ad9dd,1,eca881dd0e20e96d44eb62b4a725895725151e1b0cb9bdae6e68112ea76159f5,c71439ed01ad4f6a48bb07aa2aeb3b1dd8add5da59dcbcc2324414fc235edf01,./results/models/job/random/c/best.pt,"[{""action"":{""high_action"":""split"",""order_decision"":""only_cost""},""phase"":""high""},{""action"":{""candidate_id"":2,""schedule_alpha"":0.5},""phase"":""select""},{""action"":{""search_k"":1,""search_strategy"":""default""},""phase"":""search""},{""action"":{""execution_action"":""none"",""lip_action"":""none""},""phase"":""low""},{""action"":{""high_action"":""split"",""order_decision"":""only_cost""},""phase"":""high""},{""action"":{""candidate_id"":2,""schedule_alpha"":0.5},""phase"":""select""},{""action"":{""search_k"":1,""search_strategy"":""default""},""phase"":""search""},{""action"":{""execution_action"":""none"",""lip_action"":""none""},""phase"":""low""},{""action"":{""high_action"":""split"",""order_decision"":""only_cost""},""phase"":""high""},{""action"":{""candidate_id"":0,""schedule_alpha"":0.5},""phase"":""select""},{""action"":{""search_k"":1,""search_strategy"":""default""},""phase"":""search""},{""action"":{""execution_action"":""none"",""lip_action"":""none""},""phase"":""low""},{""action"":{""high_action"":""stop"",""order_decision"":""only_cost""},""phase"":""high""},{""action"":{""search_k"":1,""search_strategy"":""default""},""phase"":""search""},{""action"":{""execution_action"":""none"",""lip_action"":""none""},""phase"":""low""}]"
JOB,random,a,./workloads/query_job/26b.sql,NQO,685.986243188381,469.476000000000,ok,ff94d7cdb149e39c55c7cbfac87213af89b36e95a7b52e8382ad8bb80a905406,1,e352e386b2ef9fbd77d14f1d9874902db5a7be1695fd8d073758e4adb9f22a3c,92950cbd59bf855169311590ab1577cebc9df35779294952ad6b48474f0a0adb,./results/models/job/random/a/best.pt,"[{""action"":{""high_action"":""split"",""order_decision"":""only_cost""},""phase"":""high""},{""action"":{""candidate_id"":3,""schedule_alpha"":0.5},""phase"":""select""},{""action"":{""search_k"":1,""search_strategy"":""default""},""phase"":""search""},{""action"":{""execution_action"":""none"",""lip_action"":""none""},""phase"":""low""},{""action"":{""high_action"":""split"",""order_decision"":""only_cost""},""phase"":""high""},{""action"":{""candidate_id"":2,""schedule_alpha"":0.5},""phase"":""select""},{""action"":{""search_k"":1,""search_strategy"":""default""},""phase"":""search""},{""action"":{""execution_action"":""none"",""lip_action"":""none""},""phase"":""low""},{""action"":{""high_action"":""split"",""order_decision"":""only_cost""},""phase"":""high""},{""action"":{""candidate_id"":2,""schedule_alpha"":0.5},""phase"":""select""},{""action"":{""search_k"":1,""search_strategy"":""default""},""phase"":""search""},{""action"":{""execution_action"":""none"",""lip_action"":""none""},""phase"":""low""},{""action"":{""high_action"":""split"",""order_decision"":""only_cost""},""phase"":""high""},{""action"":{""candidate_id"":0,""schedule_alpha"":0.5},""phase"":""select""},{""action"":{""search_k"":1,""search_strategy"":""default""},""phase"":""search""},{""action"":{""execution_action"":""none"",""lip_action"":""none""},""phase"":""low""},{""action"":{""high_action"":""stop"",""order_decision"":""only_cost""},""phase"":""high""},{""action"":{""search_k"":1,""search_strategy"":""default""},""phase"":""search""},{""action"":{""execution_action"":""none"",""lip_action"":""none""},""phase"":""low""}]"
JOB,random,b,./workloads/query_job/27a.sql,NQO,588.284060359001,422.123000000000,ok,17da2f55cbda32682db3bc710c4a0f0048b6fb05111deffe244b8be90c1e4968,1,e5e0842acbdd9ffe4f5f7a76cc5a7d2feff1d0aae40f3be9805aa0373d9863ab,63f2f6d351b698383119fdeaf69e203523238e1e7c05cb2922d975272d1c3fb4,./results/models/job/random/b/best.pt,"[{""action"":{""high_action"":""split"",""order_decision"":""only_cost""},""phase"":""high""},{""action"":{""candidate_id"":3,""schedule_alpha"":1.0},""phase"":""select""},{""action"":{""search_k"":1,""search_strategy"":""default""},""phase"":""search""},{""action"":{""execution_action"":""none"",""lip_action"":""none""},""phase"":""low""},{""action"":{""high_action"":""split"",""order_decision"":""only_cost""},""phase"":""high""},{""action"":{""candidate_id"":3,""schedule_alpha"":1.0},""phase"":""select""},{""action"":{""search_k"":1,""search_strategy"":""default""},""phase"":""search""},{""action"":{""execution_action"":""none"",""lip_action"":""none""},""phase"":""low""},{""action"":{""high_action"":""split"",""order_decision"":""only_cost""},""phase"":""high""},{""action"":{""candidate_id"":0,""schedule_alpha"":1.0},""phase"":""select""},{""action"":{""search_k"":1,""search_strategy"":""default""},""phase"":""search""},{""action"":{""execution_action"":""none"",""lip_action"":""none""},""phase"":""low""},{""action"":{""high_action"":""split"",""order_decision"":""only_cost""},""phase"":""high""},{""action"":{""candidate_id"":0,""schedule_alpha"":1.0},""phase"":""select""},{""action"":{""search_k"":1,""search_strategy"":""default""},""phase"":""search""},{""action"":{""execution_action"":""none"",""lip_action"":""none""},""phase"":""low""},{""action"":{""high_action"":""stop"",""order_decision"":""only_cost""},""phase"":""high""}]"
JOB,random,c,./workloads/query_job/21b.sql,NQO,500.988990068436,350.549000000000,ok,1da28682b56bf46849a42e55ba2b328e656ccb98f2f56a02e22549b0a2dec397,1,4ddc7cd2787e7f64eecc70268ce8fa73b247568bea0d1955822b5b4d22ba2b12,d8948f81c08ea392b165d038f371bef8cdffc632dbd1edc8980fab06aad59e6b,./results/models/job/random/c/best.pt,"[{""action"":{""high_action"":""split"",""order_decision"":""only_cost""},""phase"":""high""},{""action"":{""candidate_id"":2,""schedule_alpha"":0.5},""phase"":""select""},{""action"":{""search_k"":1,""search_strategy"":""default""},""phase"":""search""},{""action"":{""execution_action"":""none"",""lip_action"":""none""},""phase"":""low""},{""action"":{""high_action"":""split"",""order_decision"":""only_cost""},""phase"":""high""},{""action"":{""candidate_id"":2,""schedule_alpha"":0.5},""phase"":""select""},{""action"":{""search_k"":1,""search_strategy"":""default""},""phase"":""search""},{""action"":{""execution_action"":""none"",""lip_action"":""none""},""phase"":""low""},{""action"":{""high_action"":""split"",""order_decision"":""only_cost""},""phase"":""high""},{""action"":{""candidate_id"":0,""schedule_alpha"":0.5},""phase"":""select""},{""action"":{""search_k"":1,""search_strategy"":""default""},""phase"":""search""},{""action"":{""execution_action"":""none"",""lip_action"":""none""},""phase"":""low""},{""action"":{""high_action"":""stop"",""order_decision"":""only_cost""},""phase"":""high""},{""action"":{""search_k"":1,""search_strategy"":""default""},""phase"":""search""},{""action"":{""execution_action"":""none"",""lip_action"":""none""},""phase"":""low""}]"
JOB,random,b,./workloads/query_job/27c.sql,NQO,535.572692751884,362.911000000000,ok,17da2f55cbda32682db3bc710c4a0f0048b6fb05111deffe244b8be90c1e4968,1,71936d342191f18562df4a8ca810d784f26d21fb065270d60fdda905013d62c8,e5160831b398c1a0c9b5c2451eb689a461af7bbf9ec3c9cdf5333fb1701815f5,./results/models/job/random/b/best.pt,"[{""action"":{""high_action"":""split"",""order_decision"":""only_cost""},""phase"":""high""},{""action"":{""candidate_id"":3,""schedule_alpha"":1.0},""phase"":""select""},{""action"":{""search_k"":1,""search_strategy"":""default""},""phase"":""search""},{""action"":{""execution_action"":""none"",""lip_action"":""none""},""phase"":""low""},{""action"":{""high_action"":""split"",""order_decision"":""only_cost""},""phase"":""high""},{""action"":{""candidate_id"":3,""schedule_alpha"":1.0},""phase"":""select""},{""action"":{""search_k"":1,""search_strategy"":""default""},""phase"":""search""},{""action"":{""execution_action"":""none"",""lip_action"":""none""},""phase"":""low""},{""action"":{""high_action"":""split"",""order_decision"":""only_cost""},""phase"":""high""},{""action"":{""candidate_id"":0,""schedule_alpha"":1.0},""phase"":""select""},{""action"":{""search_k"":1,""search_strategy"":""default""},""phase"":""search""},{""action"":{""execution_action"":""none"",""lip_action"":""none""},""phase"":""low""},{""action"":{""high_action"":""split"",""order_decision"":""only_cost""},""phase"":""high""},{""action"":{""candidate_id"":0,""schedule_alpha"":1.0},""phase"":""select""},{""action"":{""search_k"":1,""search_strategy"":""default""},""phase"":""search""},{""action"":{""execution_action"":""none"",""lip_action"":""none""},""phase"":""low""}]"
JOB,random,c,./workloads/query_job/21c.sql,NQO,369.668230414390,189.413000000000,timeout,,,9d8d360fde8b2ccd0271a137e3080410d026621398413676d66fd367912aecc0,718c75792f7d25584f35007d612c78d63e31d01c76ad4f220b6b1a1d3877734b,./results/models/job/random/c/best.pt,"[{""action"":{""high_action"":""split"",""order_decision"":""only_cost""},""phase"":""high""},{""action"":{""candidate_id"":2,""schedule_alpha"":0.5},""phase"":""select""},{""action"":{""search_k"":1,""search_strategy"":""default""},""phase"":""search""},{""action"":{""execution_action"":""none"",""lip_action"":""none""},""phase"":""low""},{""action"":{""high_action"":""split"",""order_decision"":""only_cost""},""phase"":""high""},{""action"":{""candidate_id"":2,""schedule_alpha"":0.5},""phase"":""select""},{""action"":{""search_k"":1,""search_strategy"":""default""},""phase"":""search""},{""action"":{""execution_action"":""none"",""lip_action"":""none""},""phase"":""low""},{""action"":{""high_action"":""split"",""order_decision"":""only_cost""},""phase"":""high""}]"
JOB,random,a,./workloads/query_job/28c.sql,NQO,1322.898954153061,173.823000000000,ok,b1923b38e649e7842d61acc9d38f8455ed8406709c3ba8fba508919ee9e53cc3,1,fe88ae0ae2eb00f6f3cd95ef2ea820eb83cce5fd0d09e9ca9c1d3363229163e6,46580ac259007a80adc91a015b3e50b00e2f111d4dd209c6fba2b1f7d974e27b,./results/models/job/random/a/best.pt,"[{""action"":{""high_action"":""stop"",""order_decision"":""only_cost""},""phase"":""high""},{""action"":{""search_k"":1,""search_strategy"":""default""},""phase"":""search""},{""action"":{""execution_action"":""none"",""lip_action"":""none""},""phase"":""low""}]"
JOB,random,b,./workloads/query_job/28b.sql,NQO,938.915200531483,540.570000000000,ok,1504c5fe4b85e0649828523441b52c0f8b7c17598529646d3d732ab63db821f5,1,07d6c191a79fdffa396e3dfa6dfe9493d736cb9369be70ab03a68ab6dd7b004a,eb08ffd3a44e92d8a8d2b4771cc8a2a0c64943ccca1f81672534a2bba646e8aa,./results/models/job/random/b/best.pt,"[{""action"":{""high_action"":""stop"",""order_decision"":""only_cost""},""phase"":""high""},{""action"":{""high_action"":""split"",""order_decision"":""only_cost""},""phase"":""high""},{""action"":{""candidate_id"":4,""schedule_alpha"":1.0},""phase"":""select""},{""action"":{""search_k"":1,""search_strategy"":""default""},""phase"":""search""},{""action"":{""execution_action"":""none"",""lip_action"":""none""},""phase"":""low""},{""action"":{""high_action"":""split"",""order_decision"":""only_cost""},""phase"":""high""},{""action"":{""candidate_id"":1,""schedule_alpha"":1.0},""phase"":""select""},{""action"":{""search_k"":1,""search_strategy"":""default""},""phase"":""search""},{""action"":{""execution_action"":""none"",""lip_action"":""none""},""phase"":""low""},{""action"":{""high_action"":""split"",""order_decision"":""only_cost""},""phase"":""high""},{""action"":{""candidate_id"":0,""schedule_alpha"":1.0},""phase"":""select""},{""action"":{""search_k"":1,""search_strategy"":""default""},""phase"":""search""},{""action"":{""execution_action"":""none"",""lip_action"":""none""},""phase"":""low""},{""action"":{""high_action"":""split"",""order_decision"":""only_cost""},""phase"":""high""},{""action"":{""candidate_id"":2,""schedule_alpha"":1.0},""phase"":""select""},{""action"":{""search_k"":1,""search_strategy"":""default""},""phase"":""search""},{""action"":{""execution_action"":""none"",""lip_action"":""none""},""phase"":""low""},{""action"":{""high_action"":""split"",""order_decision"":""only_cost""},""phase"":""high""},{""action"":{""candidate_id"":0,""schedule_alpha"":1.0},""phase"":""select""},{""action"":{""search_k"":1,""search_strategy"":""default""},""phase"":""search""},{""action"":{""execution_action"":""none"",""lip_action"":""none""},""phase"":""low""},{""action"":{""high_action"":""stop"",""order_decision"":""only_cost""},""phase"":""high""},{""action"":{""search_k"":1,""search_strategy"":""default""},""phase"":""search""},{""action"":{""execution_action"":""none"",""lip_action"":""none""},""phase"":""low""}]"
JOB,random,c,./workloads/query_job/23a.sql,NQO,937.883816659451,382.190000000000,ok,f3a7f99f72b0caf860606e57aed9dc89d96aec3d96e1b92fd2104119ba77b59b,1,b321c2c25b42ed995b60c5213ccde2a78791ee3d25fb6488e075ca10c04113ba,644dc3f6e0210d361f9c4d837b145d26f1640e2e196624735422ed23fd449583,./results/models/job/random/c/best.pt,"[{""action"":{""high_action"":""split"",""order_decision"":""only_cost""},""phase"":""high""},{""action"":{""candidate_id"":2,""schedule_alpha"":0.5},""phase"":""select""},{""action"":{""search_k"":1,""search_strategy"":""default""},""phase"":""search""},{""action"":{""execution_action"":""none"",""lip_action"":""none""},""phase"":""low""},{""action"":{""high_action"":""split"",""order_decision"":""only_cost""},""phase"":""high""},{""action"":{""candidate_id"":1,""schedule_alpha"":0.5},""phase"":""select""},{""action"":{""search_k"":1,""search_strategy"":""default""},""phase"":""search""},{""action"":{""execution_action"":""conservative"",""lip_action"":""selective""},""phase"":""low""},{""action"":{""high_action"":""split"",""order_decision"":""only_cost""},""phase"":""high""},{""action"":{""candidate_id"":0,""schedule_alpha"":0.5},""phase"":""select""},{""action"":{""search_k"":1,""search_strategy"":""default""},""phase"":""search""},{""action"":{""execution_action"":""conservative"",""lip_action"":""selective""},""phase"":""low""},{""action"":{""high_action"":""split"",""order_decision"":""only_cost""},""phase"":""high""},{""action"":{""candidate_id"":0,""schedule_alpha"":0.5},""phase"":""select""},{""action"":{""search_k"":1,""search_strategy"":""default""},""phase"":""search""},{""action"":{""execution_action"":""none"",""lip_action"":""none""},""phase"":""low""},{""action"":{""high_action"":""stop"",""order_decision"":""only_cost""},""phase"":""high""},{""action"":{""search_k"":1,""search_strategy"":""default""},""phase"":""search""},{""action"":{""execution_action"":""none"",""lip_action"":""none""},""phase"":""low""}]"
JOB,random,a,./workloads/query_job/2a.sql,NQO,558.668896555901,78.325000000000,ok,fc90f3c2c15c5abce95811297c6b9a8ee98e4e03347ce9e79c8ce8e6b57b03a0,1,3b317e57eb0ae885cab3cfadde4c14b74f6e1c10d17971265c1a0e1bec5ba8a3,77c9c49f9e3708469e225e7cd814abdb9419b8f565ba241fe0c402dfde72ca90,./results/models/job/random/a/best.pt,"[{""action"":{""high_action"":""stop"",""order_decision"":""only_cost""},""phase"":""high""},{""action"":{""search_k"":1,""search_strategy"":""default""},""phase"":""search""},{""action"":{""execution_action"":""none"",""lip_action"":""none""},""phase"":""low""}]"
JOB,random,c,./workloads/query_job/24b.sql,NQO,575.827874243259,406.297000000000,ok,56b303255befaff99c8809a0ef8b843dec6bb7e8dbb787f41d63795cd64cf36b,1,e465cce14984a434b58f54f81c9d064505a300c2d8dbd6bd470b08da581d2a5d,38ca58ff8a66d275ee5180f772390e7a4a1511daabcfa51f751ea907e730c3dd,./results/models/job/random/c/best.pt,"[{""action"":{""high_action"":""split"",""order_decision"":""only_cost""},""phase"":""high""},{""action"":{""candidate_id"":4,""schedule_alpha"":0.5},""phase"":""select""},{""action"":{""search_k"":1,""search_strategy"":""default""},""phase"":""search""},{""action"":{""execution_action"":""none"",""lip_action"":""none""},""phase"":""low""},{""action"":{""high_action"":""split"",""order_decision"":""only_cost""},""phase"":""high""},{""action"":{""candidate_id"":2,""schedule_alpha"":0.5},""phase"":""select""},{""action"":{""search_k"":1,""search_strategy"":""default""},""phase"":""search""},{""action"":{""execution_action"":""none"",""lip_action"":""none""},""phase"":""low""},{""action"":{""high_action"":""split"",""order_decision"":""only_cost""},""phase"":""high""},{""action"":{""candidate_id"":1,""schedule_alpha"":0.5},""phase"":""select""},{""action"":{""search_k"":1,""search_strategy"":""default""},""phase"":""search""},{""action"":{""execution_action"":""none"",""lip_action"":""none""},""phase"":""low""},{""action"":{""high_action"":""split"",""order_decision"":""only_cost""},""phase"":""high""},{""action"":{""candidate_id"":0,""schedule_alpha"":0.5},""phase"":""select""},{""action"":{""search_k"":1,""search_strategy"":""default""},""phase"":""search""},{""action"":{""execution_action"":""none"",""lip_action"":""none""},""phase"":""low""},{""action"":{""high_action"":""stop"",""order_decision"":""only_cost""},""phase"":""high""},{""action"":{""search_k"":1,""search_strategy"":""default""},""phase"":""search""},{""action"":{""execution_action"":""none"",""lip_action"":""none""},""phase"":""low""}]"
JOB,random,b,./workloads/query_job/29b.sql,NQO,723.305888473988,615.071000000000,ok,6931843f19cb52122ed461369626a4f45f6b0550fbb8e5608f26c0a53fbfa63e,1,67fae32da2446df9eda542cbd0d791d38122aa2f9e080c19e23446c11560887a,50f8bec49696d649ca237439f9be6080b7eb7aa715e19038effb1a983561a221,./results/models/job/random/b/best.pt,"[{""action"":{""high_action"":""split"",""order_decision"":""only_cost""},""phase"":""high""},{""action"":{""candidate_id"":5,""schedule_alpha"":1.0},""phase"":""select""},{""action"":{""search_k"":1,""search_strategy"":""default""},""phase"":""search""},{""action"":{""execution_action"":""none"",""lip_action"":""none""},""phase"":""low""},{""action"":{""high_action"":""split"",""order_decision"":""only_cost""},""phase"":""high""},{""action"":{""candidate_id"":1,""schedule_alpha"":1.0},""phase"":""select""},{""action"":{""search_k"":1,""search_strategy"":""default""},""phase"":""search""},{""action"":{""execution_action"":""none"",""lip_action"":""none""},""phase"":""low""},{""action"":{""high_action"":""split"",""order_decision"":""only_cost""},""phase"":""high""},{""action"":{""candidate_id"":2,""schedule_alpha"":1.0},""phase"":""select""},{""action"":{""search_k"":1,""search_strategy"":""default""},""phase"":""search""},{""action"":{""execution_action"":""none"",""lip_action"":""none""},""phase"":""low""},{""action"":{""high_action"":""split"",""order_decision"":""only_cost""},""phase"":""high""},{""action"":{""candidate_id"":1,""schedule_alpha"":1.0},""phase"":""select""},{""action"":{""search_k"":1,""search_strategy"":""default""},""phase"":""search""},{""action"":{""execution_action"":""none"",""lip_action"":""none""},""phase"":""low""},{""action"":{""high_action"":""split"",""order_decision"":""only_cost""},""phase"":""high""},{""action"":{""candidate_id"":0,""schedule_alpha"":1.0},""phase"":""select""},{""action"":{""search_k"":1,""search_strategy"":""default""},""phase"":""search""},{""action"":{""execution_action"":""none"",""lip_action"":""none""},""phase"":""low""},{""action"":{""high_action"":""split"",""order_decision"":""only_cost""},""phase"":""high""},{""action"":{""candidate_id"":1,""schedule_alpha"":1.0},""phase"":""select""},{""action"":{""search_k"":1,""search_strategy"":""default""},""phase"":""search""},{""action"":{""execution_action"":""none"",""lip_action"":""none""},""phase"":""low""},{""action"":{""high_action"":""stop"",""order_decision"":""only_cost""},""phase"":""high""},{""action"":{""search_k"":1,""search_strategy"":""default""},""phase"":""search""},{""action"":{""execution_action"":""none"",""lip_action"":""none""},""phase"":""low""}]"
JOB,random,a,./workloads/query_job/30b.sql,NQO,932.117745280266,440.019000000000,ok,91a05f71dbba805aeb9c620210fe2d6ba7c806304be891b740e8be86565d2035,1,459dffc9f075e69a6c355f2b6995dbcc40b8aa2ffbe784bb635b8919da130d8d,4e1ecf26eaa814d3389ea62c19ae9b7e642a74fd4f3e923918c7c4bf4249f2d4,./results/models/job/random/a/best.pt,"[{""action"":{""high_action"":""split"",""order_decision"":""only_cost""},""phase"":""high""},{""action"":{""candidate_id"":4,""schedule_alpha"":0.5},""phase"":""select""},{""action"":{""search_k"":1,""search_strategy"":""default""},""phase"":""search""},{""action"":{""execution_action"":""none"",""lip_action"":""none""},""phase"":""low""},{""action"":{""high_action"":""split"",""order_decision"":""only_cost""},""phase"":""high""},{""action"":{""candidate_id"":3,""schedule_alpha"":0.5},""phase"":""select""},{""action"":{""search_k"":1,""search_strategy"":""default""},""phase"":""search""},{""action"":{""execution_action"":""none"",""lip_action"":""none""},""phase"":""low""},{""action"":{""high_action"":""split"",""order_decision"":""only_cost""},""phase"":""high""},{""action"":{""candidate_id"":0,""schedule_alpha"":0.5},""phase"":""select""},{""action"":{""search_k"":1,""search_strategy"":""default""},""phase"":""search""},{""action"":{""execution_action"":""none"",""lip_action"":""none""},""phase"":""low""},{""action"":{""high_action"":""split"",""order_decision"":""only_cost""},""phase"":""high""},{""action"":{""candidate_id"":0,""schedule_alpha"":0.5},""phase"":""select""},{""action"":{""search_k"":1,""search_strategy"":""default""},""phase"":""search""},{""action"":{""execution_action"":""none"",""lip_action"":""none""},""phase"":""low""},{""action"":{""high_action"":""stop"",""order_decision"":""only_cost""},""phase"":""high""},{""action"":{""search_k"":1,""search_strategy"":""default""},""phase"":""search""},{""action"":{""execution_action"":""none"",""lip_action"":""none""},""phase"":""low""}]"
JOB,random,b,./workloads/query_job/2b.sql,NQO,574.310988187790,85.858000000000,ok,fc90f3c2c15c5abce95811297c6b9a8ee98e4e03347ce9e79c8ce8e6b57b03a0,1,7bc1fed0d1e4440960a9ca0e74878c6a564fcf984816090e75ea6990d2558d36,254ccdfab17705e154d1b388bc3d247049bd9ba98cfd941e6d8e9822a3dfc9d7,./results/models/job/random/b/best.pt,"[{""action"":{""high_action"":""stop"",""order_decision"":""only_cost""},""phase"":""high""},{""action"":{""search_k"":1,""search_strategy"":""default""},""phase"":""search""},{""action"":{""execution_action"":""none"",""lip_action"":""none""},""phase"":""low""}]"
JOB,random,b,./workloads/query_job/2c.sql,NQO,500.556379556656,62.005000000000,ok,4f78f1a55542d807d5eaabd4ee2244ee9ba0258958f7de1c1ef4598cd5b46ab1,1,ff5f5c7e57aa0496431d2cc23f06af5860ba7044cda240c4b6ae03cc853d81dc,9d3138a6cb2d8b7b3cf464c48534ceb22231790be6b3e235bcc43f6822f6056b,./results/models/job/random/b/best.pt,"[{""action"":{""high_action"":""stop"",""order_decision"":""only_cost""},""phase"":""high""},{""action"":{""search_k"":1,""search_strategy"":""default""},""phase"":""search""},{""action"":{""execution_action"":""none"",""lip_action"":""none""},""phase"":""low""}]"
JOB,random,c,./workloads/query_job/25a.sql,NQO,1751.851499080658,332.767000000000,ok,3f61bc3b5b8945716ddc701b2a0b19f860043a01c2e6df0e838c90693f07dd20,1,799bfbcafef5e0109fb4381f81eae32fde1487fca5e76787e5b75384aed43145,ed2cc518364c46e29bcb79d33bfd83b9e3b4ca249a9a4dadea70aa5bc86004e5,./results/models/job/random/c/best.pt,"[{""action"":{""high_action"":""split"",""order_decision"":""only_cost""},""phase"":""high""},{""action"":{""candidate_id"":3,""schedule_alpha"":0.5},""phase"":""select""},{""action"":{""search_k"":1,""search_strategy"":""default""},""phase"":""search""},{""action"":{""execution_action"":""none"",""lip_action"":""none""},""phase"":""low""},{""action"":{""high_action"":""split"",""order_decision"":""only_cost""},""phase"":""high""},{""action"":{""candidate_id"":1,""schedule_alpha"":0.5},""phase"":""select""},{""action"":{""search_k"":1,""search_strategy"":""default""},""phase"":""search""},{""action"":{""execution_action"":""none"",""lip_action"":""none""},""phase"":""low""},{""action"":{""high_action"":""split"",""order_decision"":""only_cost""},""phase"":""high""},{""action"":{""candidate_id"":1,""schedule_alpha"":0.5},""phase"":""select""},{""action"":{""search_k"":1,""search_strategy"":""default""},""phase"":""search""},{""action"":{""execution_action"":""conservative"",""lip_action"":""selective""},""phase"":""low""},{""action"":{""high_action"":""stop"",""order_decision"":""only_cost""},""phase"":""high""},{""action"":{""search_k"":1,""search_strategy"":""default""},""phase"":""search""},{""action"":{""execution_action"":""none"",""lip_action"":""none""},""phase"":""low""}]"
JOB,random,b,./workloads/query_job/2d.sql,NQO,678.405262529850,72.571000000000,ok,d55d5656333bd757f053124d39c4d7de4605203e41f67c025f0cc73ff2c7b9bb,1,b86582e745bc9809489427d767c33cac4a8852bf5044582fa4722ad747dc3fbd,29f463e2a129445b8f9a21c854da88d7d24348de359e84eedb3da3ffc8e8cceb,./results/models/job/random/b/best.pt,"[{""action"":{""high_action"":""stop"",""order_decision"":""only_cost""},""phase"":""high""},{""action"":{""search_k"":1,""search_strategy"":""default""},""phase"":""search""},{""action"":{""execution_action"":""none"",""lip_action"":""none""},""phase"":""low""}]"
JOB,random,b,./workloads/query_job/3a.sql,NQO,289.798185229301,81.242000000000,ok,73eefe8eac19d9855360f87f3fc36a046b90ae3af4ccfa55197f3643a67fe881,1,da3e32924a5064bf8b7f531e1d384ca22120605019fafdb6f146ba9160a6d6b3,af8eda47b4d9e01e3930d987625f777ef014656831913b0d10e3dd70cbd2feb8,./results/models/job/random/b/best.pt,"[{""action"":{""high_action"":""stop"",""order_decision"":""only_cost""},""phase"":""high""},{""action"":{""search_k"":1,""search_strategy"":""default""},""phase"":""search""},{""action"":{""execution_action"":""none"",""lip_action"":""none""},""phase"":""low""}]"
JOB,random,c,./workloads/query_job/25b.sql,NQO,644.477494060993,259.230000000000,ok,1188db58fec23b34c4c3183b536d25098bb832bf155d43985568193001514cf6,1,777f69d8c8a12b7bd60da9725a3768a6166fdac34fd1b6b8ddcaca7fcbf68de6,f6eed64ddeb842595882c45b7b4d1d0138036e6f4d7c33fee8a3e74f7bc76bb7,./results/models/job/random/c/best.pt,"[{""action"":{""high_action"":""split"",""order_decision"":""only_cost""},""phase"":""high""},{""action"":{""candidate_id"":3,""schedule_alpha"":0.5},""phase"":""select""},{""action"":{""search_k"":1,""search_strategy"":""default""},""phase"":""search""},{""action"":{""execution_action"":""none"",""lip_action"":""none""},""phase"":""low""},{""action"":{""high_action"":""split"",""order_decision"":""only_cost""},""phase"":""high""},{""action"":{""candidate_id"":2,""schedule_alpha"":0.5},""phase"":""select""},{""action"":{""search_k"":1,""search_strategy"":""default""},""phase"":""search""},{""action"":{""execution_action"":""none"",""lip_action"":""none""},""phase"":""low""},{""action"":{""high_action"":""split"",""order_decision"":""only_cost""},""phase"":""high""},{""action"":{""candidate_id"":1,""schedule_alpha"":0.5},""phase"":""select""},{""action"":{""search_k"":1,""search_strategy"":""default""},""phase"":""search""},{""action"":{""execution_action"":""none"",""lip_action"":""none""},""phase"":""low""},{""action"":{""high_action"":""stop"",""order_decision"":""only_cost""},""phase"":""high""},{""action"":{""search_k"":1,""search_strategy"":""default""},""phase"":""search""},{""action"":{""execution_action"":""none"",""lip_action"":""none""},""phase"":""low""}]"
JOB,random,b,./workloads/query_job/4c.sql,NQO,245.021179318428,83.336000000000,ok,dbdb5449728ea1126b66d9107929248d2473f352ea9c90d567427671f6a5d8a5,1,7ea30c41dde87d0688dcdca0802b19f382b3c0140652542467a5781f1808fcc8,576b3cae4db79cadca4298a0c3293769108723c55233b0dcc69fa2494da87673,./results/models/job/random/b/best.pt,"[{""action"":{""high_action"":""stop"",""order_decision"":""only_cost""},""phase"":""high""},{""action"":{""search_k"":1,""search_strategy"":""default""},""phase"":""search""},{""action"":{""execution_action"":""none"",""lip_action"":""none""},""phase"":""low""}]"
JOB,random,a,./workloads/query_job/30c.sql,NQO,2036.562405526638,400.259000000000,ok,9def3478d3162492b92bb76237115759aec29176d767191b8cd5def2da2391c9,1,8ba75950d0db00814f77c68414b80df5d26795ca7d1cb91760c4ff9756c4c331,b54530d7f207ece1968222d3adf5471ab5bfc086a2b9a2531f6dc66464c0bbd9,./results/models/job/random/a/best.pt,"[{""action"":{""high_action"":""split"",""order_decision"":""only_cost""},""phase"":""high""},{""action"":{""candidate_id"":4,""schedule_alpha"":0.5},""phase"":""select""},{""action"":{""search_k"":1,""search_strategy"":""default""},""phase"":""search""},{""action"":{""execution_action"":""none"",""lip_action"":""none""},""phase"":""low""},{""action"":{""high_action"":""split"",""order_decision"":""only_cost""},""phase"":""high""},{""action"":{""candidate_id"":0,""schedule_alpha"":0.5},""phase"":""select""},{""action"":{""search_k"":1,""search_strategy"":""default""},""phase"":""search""},{""action"":{""execution_action"":""none"",""lip_action"":""none""},""phase"":""low""},{""action"":{""high_action"":""split"",""order_decision"":""only_cost""},""phase"":""high""},{""action"":{""candidate_id"":2,""schedule_alpha"":0.5},""phase"":""select""},{""action"":{""search_k"":1,""search_strategy"":""default""},""phase"":""search""},{""action"":{""execution_action"":""none"",""lip_action"":""none""},""phase"":""low""},{""action"":{""high_action"":""split"",""order_decision"":""only_cost""},""phase"":""high""},{""action"":{""candidate_id"":1,""schedule_alpha"":0.5},""phase"":""select""},{""action"":{""search_k"":1,""search_strategy"":""default""},""phase"":""search""},{""action"":{""execution_action"":""none"",""lip_action"":""none""},""phase"":""low""},{""action"":{""high_action"":""stop"",""order_decision"":""only_cost""},""phase"":""high""},{""action"":{""search_k"":1,""search_strategy"":""default""},""phase"":""search""},{""action"":{""execution_action"":""none"",""lip_action"":""none""},""phase"":""low""}]"
JOB,random,b,./workloads/query_job/5c.sql,NQO,347.225755453110,92.454000000000,ok,c63c0f430af977fe1bf0c51442b833d536b07965c22254d5a737a187719cc641,1,b8ed199e3addc6dd9c76249cc8402a46b3c3e41fa2f1bf0b2d0e4d3a95b5de32,a92fc2d1ce2d3695d46bec1c3ab2c55ec0045d87a7c0c71a8810cd16287589af,./results/models/job/random/b/best.pt,"[{""action"":{""high_action"":""stop"",""order_decision"":""only_cost""},""phase"":""high""},{""action"":{""search_k"":1,""search_strategy"":""default""},""phase"":""search""},{""action"":{""execution_action"":""none"",""lip_action"":""none""},""phase"":""low""}]"
JOB,random,b,./workloads/query_job/6a.sql,NQO,246.536411345005,167.716000000000,ok,2e45680981dcedf844899f966540a92734a6200fc0d8bd8a547ceba0d0cf631f,1,eec750cfb608fc1a96d7bd7f119b45854bcac42465e9e13f3165383f746cd09d,29bfbc5afa1cb033ecf4a0120199ef0ec7b17b294ac0ae712efea3063a9aad96,./results/models/job/random/b/best.pt,"[{""action"":{""high_action"":""split"",""order_decision"":""only_cost""},""phase"":""high""},{""action"":{""candidate_id"":1,""schedule_alpha"":1.0},""phase"":""select""},{""action"":{""search_k"":1,""search_strategy"":""default""},""phase"":""search""},{""action"":{""execution_action"":""none"",""lip_action"":""none""},""phase"":""low""},{""action"":{""high_action"":""stop"",""order_decision"":""only_cost""},""phase"":""high""},{""action"":{""search_k"":1,""search_strategy"":""default""},""phase"":""search""},{""action"":{""execution_action"":""none"",""lip_action"":""none""},""phase"":""low""}]"
JOB,random,b,./workloads/query_job/6c.sql,NQO,180.066868662834,127.418000000000,ok,eb15d11fcc635c0f71eefa80cad2069e9f06841887450ba39d0be7466e8da9dd,1,3942d7ddce10554282dfcdd86632c178d34450eacf46dfadd7f1e51a97f3d6c3,675c86c36fbf194a00b8c1614025ad8fd133c57f0e0b8753ca530740f2c72535,./results/models/job/random/b/best.pt,"[{""action"":{""high_action"":""split"",""order_decision"":""only_cost""},""phase"":""high""},{""action"":{""candidate_id"":1,""schedule_alpha"":1.0},""phase"":""select""},{""action"":{""search_k"":1,""search_strategy"":""default""},""phase"":""search""},{""action"":{""execution_action"":""none"",""lip_action"":""none""},""phase"":""low""},{""action"":{""high_action"":""stop"",""order_decision"":""only_cost""},""phase"":""high""},{""action"":{""search_k"":1,""search_strategy"":""default""},""phase"":""search""},{""action"":{""execution_action"":""none"",""lip_action"":""none""},""phase"":""low""}]"
JOB,random,a,./workloads/query_job/31c.sql,NQO,1065.593801438808,345.810000000000,ok,09c5cf7e96fa8a299de4f7088731cf8e370fa7af16a3438017bcf08c6d8905ae,1,c8e5f6d3c7345b198ff7ae7cc66d45b962d844cd5274f428e265706ae6edb906,c3d7800e4cd4361eb91cad0e1f68fb5c55b877d3a806c6e4a35813df966f9ff8,./results/models/job/random/a/best.pt,"[{""action"":{""high_action"":""split"",""order_decision"":""only_cost""},""phase"":""high""},{""action"":{""candidate_id"":4,""schedule_alpha"":0.5},""phase"":""select""},{""action"":{""search_k"":1,""search_strategy"":""default""},""phase"":""search""},{""action"":{""execution_action"":""none"",""lip_action"":""none""},""phase"":""low""},{""action"":{""high_action"":""split"",""order_decision"":""only_cost""},""phase"":""high""},{""action"":{""candidate_id"":1,""schedule_alpha"":0.5},""phase"":""select""},{""action"":{""search_k"":1,""search_strategy"":""default""},""phase"":""search""},{""action"":{""execution_action"":""none"",""lip_action"":""none""},""phase"":""low""},{""action"":{""high_action"":""split"",""order_decision"":""only_cost""},""phase"":""high""},{""action"":{""candidate_id"":2,""schedule_alpha"":0.5},""phase"":""select""},{""action"":{""search_k"":1,""search_strategy"":""default""},""phase"":""search""},{""action"":{""execution_action"":""none"",""lip_action"":""none""},""phase"":""low""},{""action"":{""high_action"":""split"",""order_decision"":""only_cost""},""phase"":""high""},{""action"":{""candidate_id"":1,""schedule_alpha"":0.5},""phase"":""select""},{""action"":{""search_k"":1,""search_strategy"":""default""},""phase"":""search""},{""action"":{""execution_action"":""none"",""lip_action"":""none""},""phase"":""low""},{""action"":{""high_action"":""stop"",""order_decision"":""only_cost""},""phase"":""high""},{""action"":{""search_k"":1,""search_strategy"":""default""},""phase"":""search""},{""action"":{""execution_action"":""none"",""lip_action"":""none""},""phase"":""low""}]"
JOB,random,c,./workloads/query_job/26c.sql,NQO,1408.008717000484,411.703000000000,ok,79fdae15007ce54a7fa3c350abdcabcdd612aadf882cdaf9b346ffa48ec64957,1,cdada536404ff1b4194961fc5d78db47af33a2bd8d2b183f6596e6b35bb7afc5,3cbf0ce9f42dc8543af3c8141dc861f09d17c1369bb5c48dc907053f29fe224c,./results/models/job/random/c/best.pt,"[{""action"":{""high_action"":""split"",""order_decision"":""only_cost""},""phase"":""high""},{""action"":{""candidate_id"":3,""schedule_alpha"":0.5},""phase"":""select""},{""action"":{""search_k"":1,""search_strategy"":""default""},""phase"":""search""},{""action"":{""execution_action"":""none"",""lip_action"":""none""},""phase"":""low""},{""action"":{""high_action"":""split"",""order_decision"":""only_cost""},""phase"":""high""},{""action"":{""candidate_id"":2,""schedule_alpha"":0.5},""phase"":""select""},{""action"":{""search_k"":1,""search_strategy"":""default""},""phase"":""search""},{""action"":{""execution_action"":""conservative"",""lip_action"":""selective""},""phase"":""low""},{""action"":{""high_action"":""split"",""order_decision"":""only_cost""},""phase"":""high""},{""action"":{""candidate_id"":0,""schedule_alpha"":0.5},""phase"":""select""},{""action"":{""search_k"":1,""search_strategy"":""default""},""phase"":""search""},{""action"":{""execution_action"":""conservative"",""lip_action"":""selective""},""phase"":""low""},{""action"":{""high_action"":""split"",""order_decision"":""only_cost""},""phase"":""high""},{""action"":{""candidate_id"":1,""schedule_alpha"":0.5},""phase"":""select""},{""action"":{""search_k"":1,""search_strategy"":""default""},""phase"":""search""},{""action"":{""execution_action"":""none"",""lip_action"":""none""},""phase"":""low""},{""action"":{""high_action"":""stop"",""order_decision"":""only_cost""},""phase"":""high""},{""action"":{""search_k"":1,""search_strategy"":""default""},""phase"":""search""},{""action"":{""execution_action"":""none"",""lip_action"":""none""},""phase"":""low""}]"
JOB,random,b,./workloads/query_job/7b.sql,NQO,572.718426585197,301.591000000000,ok,9d6ae68bd583de41667a4cae160a3da2b5ea5d39fe8dcce1e8fd3d20a5278abe,1,32e237eb51ef850b8e3b887de97f58ebf0248ed8a63ad7bb7fe97c818f4a9b27,c57f39d82e81c702c088b938861094199c4f29babd9332381a932b6592ff6282,./results/models/job/random/b/best.pt,"[{""action"":{""high_action"":""split"",""order_decision"":""only_cost""},""phase"":""high""},{""action"":{""candidate_id"":2,""schedule_alpha"":1.0},""phase"":""select""},{""action"":{""search_k"":1,""search_strategy"":""default""},""phase"":""search""},{""action"":{""execution_action"":""none"",""lip_action"":""none""},""phase"":""low""},{""action"":{""high_action"":""split"",""order_decision"":""only_cost""},""phase"":""high""},{""action"":{""candidate_id"":1,""schedule_alpha"":1.0},""phase"":""select""},{""action"":{""search_k"":1,""search_strategy"":""default""},""phase"":""search""},{""action"":{""execution_action"":""none"",""lip_action"":""none""},""phase"":""low""},{""action"":{""high_action"":""split"",""order_decision"":""only_cost""},""phase"":""high""},{""action"":{""candidate_id"":0,""schedule_alpha"":1.0},""phase"":""select""},{""action"":{""search_k"":1,""search_strategy"":""default""},""phase"":""search""},{""action"":{""execution_action"":""none"",""lip_action"":""none""},""phase"":""low""},{""action"":{""high_action"":""stop"",""order_decision"":""only_cost""},""phase"":""high""},{""action"":{""search_k"":1,""search_strategy"":""default""},""phase"":""search""},{""action"":{""execution_action"":""none"",""lip_action"":""none""},""phase"":""low""}]"
JOB,random,a,./workloads/query_job/32a.sql,NQO,149.260751903057,101.058000000000,ok,38cf683886cf6fdc55596ffbf14756cbedd54a4091ef744fb773fc7f37ce3139,1,b60021cd87c287ca2ce0ecd0dca438775ee47c2ad9f554da3156ed576c52e66b,f482756a2a450a3daa939a0bcf3478549ddc6bb613e6191adc192817e08ab420,./results/models/job/random/a/best.pt,"[{""action"":{""high_action"":""stop"",""order_decision"":""only_cost""},""phase"":""high""},{""action"":{""search_k"":1,""search_strategy"":""default""},""phase"":""search""},{""action"":{""execution_action"":""none"",""lip_action"":""none""},""phase"":""low""}]"
JOB,random,c,./workloads/query_job/27b.sql,NQO,519.265495240690,371.189000000000,timeout,,,9187d0d50fbd748e2ef71a0124195b8d1fb428d9645a37d8502120ea08c94a88,eba3c81ca76247b9b4eaa14139f176eaf2233632e83477d7488e291dd875107f,./results/models/job/random/c/best.pt,"[{""action"":{""high_action"":""split"",""order_decision"":""only_cost""},""phase"":""high""},{""action"":{""candidate_id"":3,""schedule_alpha"":0.5},""phase"":""select""},{""action"":{""search_k"":1,""search_strategy"":""default""},""phase"":""search""},{""action"":{""execution_action"":""none"",""lip_action"":""none""},""phase"":""low""},{""action"":{""high_action"":""split"",""order_decision"":""only_cost""},""phase"":""high""},{""action"":{""candidate_id"":3,""schedule_alpha"":0.5},""phase"":""select""},{""action"":{""search_k"":1,""search_strategy"":""default""},""phase"":""search""},{""action"":{""execution_action"":""none"",""lip_action"":""none""},""phase"":""low""},{""action"":{""high_action"":""split"",""order_decision"":""only_cost""},""phase"":""high""},{""action"":{""candidate_id"":0,""schedule_alpha"":0.5},""phase"":""select""},{""action"":{""search_k"":1,""search_strategy"":""default""},""phase"":""search""},{""action"":{""execution_action"":""none"",""lip_action"":""none""},""phase"":""low""},{""action"":{""high_action"":""split"",""order_decision"":""only_cost""},""phase"":""high""},{""action"":{""candidate_id"":0,""schedule_alpha"":0.5},""phase"":""select""},{""action"":{""search_k"":1,""search_strategy"":""default""},""phase"":""search""},{""action"":{""execution_action"":""none"",""lip_action"":""none""},""phase"":""low""},{""action"":{""high_action"":""stop"",""order_decision"":""only_cost""},""phase"":""high""}]"
JOB,random,a,./workloads/query_job/33a.sql,NQO,1603.850163519380,186.845719814301,timeout,,,342d124d721d085000ec9b48ab1773fc7c989849dd28ecc90ba9b87cff8e56cd,8f23a5e74cdc724ce7d9ff5c1e15d36269c79a617e3968e006d9cdbe33fe4682,./results/models/job/random/a/best.pt,"[{""action"":{""high_action"":""stop"",""order_decision"":""only_cost""},""phase"":""high""},{""action"":{""search_k"":1,""search_strategy"":""default""},""phase"":""search""},{""action"":{""execution_action"":""conservative"",""lip_action"":""selective""},""phase"":""low""}]"
JOB,random,c,./workloads/query_job/28a.sql,NQO,1100.451357662678,502.535000000000,ok,9bbfa4b43836dbcd01ed830b9188456a9d9309e4cc0ef0948c1f6ff8b2c0e39c,1,7bde46fda22bb236d3ee4c3fde9bda45c592ead624785fa2ed7dee6c565d8dc1,5f47dd81eee6ef9c76db2aa0bb4837852abd70684c7835caeb477246dec80ded,./results/models/job/random/c/best.pt,"[{""action"":{""high_action"":""split"",""order_decision"":""only_cost""},""phase"":""high""},{""action"":{""candidate_id"":4,""schedule_alpha"":0.5},""phase"":""select""},{""action"":{""search_k"":1,""search_strategy"":""default""},""phase"":""search""},{""action"":{""execution_action"":""none"",""lip_action"":""none""},""phase"":""low""},{""action"":{""high_action"":""split"",""order_decision"":""only_cost""},""phase"":""high""},{""action"":{""candidate_id"":1,""schedule_alpha"":0.5},""phase"":""select""},{""action"":{""search_k"":1,""search_strategy"":""default""},""phase"":""search""},{""action"":{""execution_action"":""conservative"",""lip_action"":""selective""},""phase"":""low""},{""action"":{""high_action"":""split"",""order_decision"":""only_cost""},""phase"":""high""},{""action"":{""candidate_id"":3,""schedule_alpha"":0.5},""phase"":""select""},{""action"":{""search_k"":1,""search_strategy"":""default""},""phase"":""search""},{""action"":{""execution_action"":""conservative"",""lip_action"":""selective""},""phase"":""low""},{""action"":{""high_action"":""split"",""order_decision"":""only_cost""},""phase"":""high""},{""action"":{""candidate_id"":0,""schedule_alpha"":0.5},""phase"":""select""},{""action"":{""search_k"":1,""search_strategy"":""default""},""phase"":""search""},{""action"":{""execution_action"":""conservative"",""lip_action"":""selective""},""phase"":""low""},{""action"":{""high_action"":""split"",""order_decision"":""only_cost""},""phase"":""high""},{""action"":{""candidate_id"":1,""schedule_alpha"":0.5},""phase"":""select""},{""action"":{""search_k"":1,""search_strategy"":""default""},""phase"":""search""},{""action"":{""execution_action"":""none"",""lip_action"":""none""},""phase"":""low""},{""action"":{""high_action"":""stop"",""order_decision"":""only_cost""},""phase"":""high""},{""action"":{""search_k"":1,""search_strategy"":""default""},""phase"":""search""},{""action"":{""execution_action"":""none"",""lip_action"":""none""},""phase"":""low""}]"
JOB,random,c,./workloads/query_job/29a.sql,NQO,674.723871052265,550.386000000000,ok,6931843f19cb52122ed461369626a4f45f6b0550fbb8e5608f26c0a53fbfa63e,1,7e657350dc699622f9e67adf809f14ac5a1abe684b82367b71e956e935af3346,e06a817ca541f964bff3240fe81805d52c8268249140e4f2ff0458d7edb1cfe4,./results/models/job/random/c/best.pt,"[{""action"":{""high_action"":""split"",""order_decision"":""only_cost""},""phase"":""high""},{""action"":{""candidate_id"":5,""schedule_alpha"":0.5},""phase"":""select""},{""action"":{""search_k"":1,""search_strategy"":""default""},""phase"":""search""},{""action"":{""execution_action"":""none"",""lip_action"":""none""},""phase"":""low""},{""action"":{""high_action"":""split"",""order_decision"":""only_cost""},""phase"":""high""},{""action"":{""candidate_id"":1,""schedule_alpha"":0.5},""phase"":""select""},{""action"":{""search_k"":1,""search_strategy"":""default""},""phase"":""search""},{""action"":{""execution_action"":""none"",""lip_action"":""none""},""phase"":""low""},{""action"":{""high_action"":""split"",""order_decision"":""only_cost""},""phase"":""high""},{""action"":{""candidate_id"":2,""schedule_alpha"":0.5},""phase"":""select""},{""action"":{""search_k"":1,""search_strategy"":""default""},""phase"":""search""},{""action"":{""execution_action"":""none"",""lip_action"":""none""},""phase"":""low""},{""action"":{""high_action"":""split"",""order_decision"":""only_cost""},""phase"":""high""},{""action"":{""candidate_id"":1,""schedule_alpha"":0.5},""phase"":""select""},{""action"":{""search_k"":1,""search_strategy"":""default""},""phase"":""search""},{""action"":{""execution_action"":""none"",""lip_action"":""none""},""phase"":""low""},{""action"":{""high_action"":""split"",""order_decision"":""only_cost""},""phase"":""high""},{""action"":{""candidate_id"":2,""schedule_alpha"":0.5},""phase"":""select""},{""action"":{""search_k"":1,""search_strategy"":""default""},""phase"":""search""},{""action"":{""execution_action"":""none"",""lip_action"":""none""},""phase"":""low""},{""action"":{""high_action"":""split"",""order_decision"":""only_cost""},""phase"":""high""},{""action"":{""candidate_id"":1,""schedule_alpha"":0.5},""phase"":""select""},{""action"":{""search_k"":1,""search_strategy"":""default""},""phase"":""search""},{""action"":{""execution_action"":""none"",""lip_action"":""none""},""phase"":""low""},{""action"":{""high_action"":""stop"",""order_decision"":""only_cost""},""phase"":""high""},{""action"":{""search_k"":1,""search_strategy"":""default""},""phase"":""search""},{""action"":{""execution_action"":""none"",""lip_action"":""none""},""phase"":""low""}]"
JOB,random,b,./workloads/query_job/7c.sql,NQO,2843.897320330143,340.647000000000,ok,4704a6598b71770ee436ed0a0e8a1ea85041944f821a0cb2688f90bd5f296fd6,1,7024d6f1da2b7e3f2ab8f950c5f4c0a21c684d06c75ca3a998f01884274b526d,5d0a31c249e4835c4b781d711c7ff0e88382c6d029e771e0ffd87784b3bb6d50,./results/models/job/random/b/best.pt,"[{""action"":{""high_action"":""split"",""order_decision"":""only_cost""},""phase"":""high""},{""action"":{""candidate_id"":2,""schedule_alpha"":1.0},""phase"":""select""},{""action"":{""search_k"":1,""search_strategy"":""default""},""phase"":""search""},{""action"":{""execution_action"":""none"",""lip_action"":""none""},""phase"":""low""},{""action"":{""high_action"":""split"",""order_decision"":""only_cost""},""phase"":""high""},{""action"":{""candidate_id"":2,""schedule_alpha"":1.0},""phase"":""select""},{""action"":{""search_k"":1,""search_strategy"":""default""},""phase"":""search""},{""action"":{""execution_action"":""none"",""lip_action"":""none""},""phase"":""low""},{""action"":{""high_action"":""split"",""order_decision"":""only_cost""},""phase"":""high""},{""action"":{""candidate_id"":0,""schedule_alpha"":1.0},""phase"":""select""},{""action"":{""search_k"":1,""search_strategy"":""default""},""phase"":""search""},{""action"":{""execution_action"":""none"",""lip_action"":""none""},""phase"":""low""},{""action"":{""high_action"":""stop"",""order_decision"":""only_cost""},""phase"":""high""},{""action"":{""search_k"":1,""search_strategy"":""default""},""phase"":""search""},{""action"":{""execution_action"":""none"",""lip_action"":""none""},""phase"":""low""}]"
JOB,random,a,./workloads/query_job/33b.sql,NQO,1478.565745055675,129.806295037270,timeout,,,cd8536d272a76cdebf28e0f3beacee0fc88e9ce12f383619827568d2f12130f7,9df2ac43f6930f741b021b76848cc2c6f1ac51d2bc17cbfafa38b42157ec9341,./results/models/job/random/a/best.pt,"[{""action"":{""high_action"":""stop"",""order_decision"":""only_cost""},""phase"":""high""},{""action"":{""search_k"":1,""search_strategy"":""default""},""phase"":""search""},{""action"":{""execution_action"":""conservative"",""lip_action"":""selective""},""phase"":""low""}]"
JOB,random,c,./workloads/query_job/29c.sql,NQO,888.520181179047,576.186000000000,ok,77d7c0fd6a7f7c2de253fe8fc44b2b6ae848c0c1e246c513425c8f83965bf0b0,1,1ac12868eee391c9b1365fdbce580e90eecec5992b601fe0097fa3b7de9808c5,441f644034371ab0be5bf5b6ef9899b0d351d1ea48a100f01eda8f4e2d7dc3ed,./results/models/job/random/c/best.pt,"[{""action"":{""high_action"":""split"",""order_decision"":""only_cost""},""phase"":""high""},{""action"":{""candidate_id"":5,""schedule_alpha"":0.5},""phase"":""select""},{""action"":{""search_k"":1,""search_strategy"":""default""},""phase"":""search""},{""action"":{""execution_action"":""none"",""lip_action"":""none""},""phase"":""low""},{""action"":{""high_action"":""split"",""order_decision"":""only_cost""},""phase"":""high""},{""action"":{""candidate_id"":2,""schedule_alpha"":0.5},""phase"":""select""},{""action"":{""search_k"":1,""search_strategy"":""default""},""phase"":""search""},{""action"":{""execution_action"":""none"",""lip_action"":""none""},""phase"":""low""},{""action"":{""high_action"":""split"",""order_decision"":""only_cost""},""phase"":""high""},{""action"":{""candidate_id"":1,""schedule_alpha"":0.5},""phase"":""select""},{""action"":{""search_k"":1,""search_strategy"":""default""},""phase"":""search""},{""action"":{""execution_action"":""none"",""lip_action"":""none""},""phase"":""low""},{""action"":{""high_action"":""split"",""order_decision"":""only_cost""},""phase"":""high""},{""action"":{""candidate_id"":0,""schedule_alpha"":0.5},""phase"":""select""},{""action"":{""search_k"":1,""search_strategy"":""default""},""phase"":""search""},{""action"":{""execution_action"":""none"",""lip_action"":""none""},""phase"":""low""},{""action"":{""high_action"":""split"",""order_decision"":""only_cost""},""phase"":""high""},{""action"":{""candidate_id"":1,""schedule_alpha"":0.5},""phase"":""select""},{""action"":{""search_k"":1,""search_strategy"":""default""},""phase"":""search""},{""action"":{""execution_action"":""none"",""lip_action"":""none""},""phase"":""low""},{""action"":{""high_action"":""split"",""order_decision"":""only_cost""},""phase"":""high""},{""action"":{""candidate_id"":1,""schedule_alpha"":0.5},""phase"":""select""},{""action"":{""search_k"":1,""search_strategy"":""default""},""phase"":""search""},{""action"":{""execution_action"":""none"",""lip_action"":""none""},""phase"":""low""},{""action"":{""high_action"":""stop"",""order_decision"":""only_cost""},""phase"":""high""},{""action"":{""search_k"":1,""search_strategy"":""default""},""phase"":""search""},{""action"":{""execution_action"":""none"",""lip_action"":""none""},""phase"":""low""}]"
JOB,random,a,./workloads/query_job/3b.sql,NQO,236.360117793083,79.548000000000,ok,f09c4919f4c92a95515be773a486d51c5e5ccd19e0f5087b7c0f0ab64cd137cf,1,f14c93d3b1507aa4698093080a6d1547e612dae4fe5f5fbc8523d59440d2db7d,b6c103dea6f6b96f99a6412b6d5a6dc5b233565ca29f017684b5b58ed0b495f1,./results/models/job/random/a/best.pt,"[{""action"":{""high_action"":""stop"",""order_decision"":""only_cost""},""phase"":""high""},{""action"":{""search_k"":1,""search_strategy"":""default""},""phase"":""search""},{""action"":{""execution_action"":""none"",""lip_action"":""none""},""phase"":""low""}]"
JOB,random,b,./workloads/query_job/8b.sql,NQO,539.582416415215,86.114000000000,ok,e5b0fc3c68184c62fd7ca88151a039904e2fc3708d4c2773297d07ecda52eef1,1,fd88030db759d190b4a83c50dd2292702f4bc238d95991d44249500c474d620b,f03bc80896fa2f0540fe879e5730c0fe1ccbcbb8e7dd1c73edfa3bcc4321e049,./results/models/job/random/b/best.pt,"[{""action"":{""high_action"":""stop"",""order_decision"":""only_cost""},""phase"":""high""},{""action"":{""search_k"":1,""search_strategy"":""default""},""phase"":""search""},{""action"":{""execution_action"":""none"",""lip_action"":""none""},""phase"":""low""}]"
JOB,random,a,./workloads/query_job/3c.sql,NQO,420.392423868179,88.308000000000,ok,e1647cf4584132601e371994754e5cf33a53b972c00521f6f7dc5325a5c9e531,1,565f8d546ea4e20a015ed71621b5e85580e8214965b86f48073541a041b91d4a,3b4aa1e42a2570d1ef2566fed09bd344646a701cc39e6cd5ba3b21f9795bb794,./results/models/job/random/a/best.pt,"[{""action"":{""high_action"":""stop"",""order_decision"":""only_cost""},""phase"":""high""},{""action"":{""search_k"":1,""search_strategy"":""default""},""phase"":""search""},{""action"":{""execution_action"":""none"",""lip_action"":""none""},""phase"":""low""}]"
JOB,random,a,./workloads/query_job/4a.sql,NQO,219.559535384178,69.002000000000,ok,214a3f3088baf05e360ab8bd0ba2290ef328bad4cc486fba5851503f8f39e639,1,20432bdcd41e317fa609ffba1905cb0cbbfa32dd7314df703194f2ea4db3c9ad,7f8e559836efed2b3f19747c25ffcbc3281c7af8666dc0d20118ba3bd40e2c24,./results/models/job/random/a/best.pt,"[{""action"":{""high_action"":""stop"",""order_decision"":""only_cost""},""phase"":""high""},{""action"":{""search_k"":1,""search_strategy"":""default""},""phase"":""search""},{""action"":{""execution_action"":""none"",""lip_action"":""none""},""phase"":""low""}]"
JOB,random,a,./workloads/query_job/4b.sql,NQO,211.196631193161,92.101000000000,ok,c2e5045abfc8ecfbd0b40e2ecf04f734592cd5b76e223f977e6c366b9f571679,1,2208f88824ecc148dfd9d34b24777f75984da3ff542fcb3f98294c1182cdf955,7c48a4a3457be41305167bac424a652239a38ffcd75ae226006ffa73608dc3f4,./results/models/job/random/a/best.pt,"[{""action"":{""high_action"":""stop"",""order_decision"":""only_cost""},""phase"":""high""},{""action"":{""search_k"":1,""search_strategy"":""default""},""phase"":""search""},{""action"":{""execution_action"":""none"",""lip_action"":""none""},""phase"":""low""}]"
JOB,random,a,./workloads/query_job/5b.sql,NQO,257.248185575008,50.485000000000,ok,4f78f1a55542d807d5eaabd4ee2244ee9ba0258958f7de1c1ef4598cd5b46ab1,1,99fcc58b8c0048f4f798c81187b2e01b27019a9cf371962cbd6efad05ae3dac7,317aafaaf5389321c8fe9546e3a863ae5928421debd8049224ac5079593367bf,./results/models/job/random/a/best.pt,"[{""action"":{""high_action"":""stop"",""order_decision"":""only_cost""},""phase"":""high""},{""action"":{""search_k"":1,""search_strategy"":""default""},""phase"":""search""},{""action"":{""execution_action"":""none"",""lip_action"":""none""},""phase"":""low""}]"
JOB,random,c,./workloads/query_job/30a.sql,NQO,1542.462803423405,418.410000000000,ok,75f27277da0bf405cd685f3341baca046a6788152a4b13a72ad743837698d0b5,1,21d3b6867139d436f3cdcbad0cdb1298f42c5828c994090018766a1ba46da6ac,2c246ad5170fb31f5d202cea83a435f25ea32f4994ed7fcbc775d87b9061cbca,./results/models/job/random/c/best.pt,"[{""action"":{""high_action"":""split"",""order_decision"":""only_cost""},""phase"":""high""},{""action"":{""candidate_id"":4,""schedule_alpha"":0.5},""phase"":""select""},{""action"":{""search_k"":1,""search_strategy"":""default""},""phase"":""search""},{""action"":{""execution_action"":""none"",""lip_action"":""none""},""phase"":""low""},{""action"":{""high_action"":""split"",""order_decision"":""only_cost""},""phase"":""high""},{""action"":{""candidate_id"":2,""schedule_alpha"":0.5},""phase"":""select""},{""action"":{""search_k"":1,""search_strategy"":""default""},""phase"":""search""},{""action"":{""execution_action"":""none"",""lip_action"":""none""},""phase"":""low""},{""action"":{""high_action"":""split"",""order_decision"":""only_cost""},""phase"":""high""},{""action"":{""candidate_id"":2,""schedule_alpha"":0.5},""phase"":""select""},{""action"":{""search_k"":1,""search_strategy"":""default""},""phase"":""search""},{""action"":{""execution_action"":""conservative"",""lip_action"":""selective""},""phase"":""low""},{""action"":{""high_action"":""split"",""order_decision"":""only_cost""},""phase"":""high""},{""action"":{""candidate_id"":0,""schedule_alpha"":0.5},""phase"":""select""},{""action"":{""search_k"":1,""search_strategy"":""default""},""phase"":""search""},{""action"":{""execution_action"":""conservative"",""lip_action"":""selective""},""phase"":""low""},{""action"":{""high_action"":""stop"",""order_decision"":""only_cost""},""phase"":""high""},{""action"":{""search_k"":1,""search_strategy"":""default""},""phase"":""search""},{""action"":{""execution_action"":""none"",""lip_action"":""none""},""phase"":""low""}]"
JOB,random,a,./workloads/query_job/6b.sql,NQO,438.519418239594,153.186000000000,ok,2b959ee9a358222cd3f680b4de1a9c2be8556432140123daad1b20aa89815ab9,1,88e78e13e8206f73f95ba93951a4029bcb0e283fb98d468188b85da862471c95,fd8d1ccde3745eb867ef0a3b24107ffd71b8f8c81ca62885410785f51b242f3f,./results/models/job/random/a/best.pt,"[{""action"":{""high_action"":""split"",""order_decision"":""only_cost""},""phase"":""high""},{""action"":{""candidate_id"":1,""schedule_alpha"":0.5},""phase"":""select""},{""action"":{""search_k"":1,""search_strategy"":""default""},""phase"":""search""},{""action"":{""execution_action"":""none"",""lip_action"":""none""},""phase"":""low""},{""action"":{""high_action"":""stop"",""order_decision"":""only_cost""},""phase"":""high""},{""action"":{""search_k"":1,""search_strategy"":""default""},""phase"":""search""},{""action"":{""execution_action"":""none"",""lip_action"":""none""},""phase"":""low""}]"
JOB,random,c,./workloads/query_job/31a.sql,NQO,1151.827380061150,423.498000000000,ok,2385ebfea8327fd7a901f095709616affc7de1e13b3b973f6576fe3867a2253a,1,548fc57fb9fe9967c6a20409a1fefe2ab8fac9446ea01f7cc2c4f8911f6063cd,111d485667ed7226db925d3bfb8f34b797bb5a0366a91947b704536008148513,./results/models/job/random/c/best.pt,"[{""action"":{""high_action"":""split"",""order_decision"":""only_cost""},""phase"":""high""},{""action"":{""candidate_id"":4,""schedule_alpha"":0.5},""phase"":""select""},{""action"":{""search_k"":1,""search_strategy"":""default""},""phase"":""search""},{""action"":{""execution_action"":""none"",""lip_action"":""none""},""phase"":""low""},{""action"":{""high_action"":""split"",""order_decision"":""only_cost""},""phase"":""high""},{""action"":{""candidate_id"":1,""schedule_alpha"":0.5},""phase"":""select""},{""action"":{""search_k"":1,""search_strategy"":""default""},""phase"":""search""},{""action"":{""execution_action"":""conservative"",""lip_action"":""selective""},""phase"":""low""},{""action"":{""high_action"":""split"",""order_decision"":""only_cost""},""phase"":""high""},{""action"":{""candidate_id"":1,""schedule_alpha"":0.5},""phase"":""select""},{""action"":{""search_k"":1,""search_strategy"":""default""},""phase"":""search""},{""action"":{""execution_action"":""none"",""lip_action"":""none""},""phase"":""low""},{""action"":{""high_action"":""split"",""order_decision"":""only_cost""},""phase"":""high""},{""action"":{""candidate_id"":1,""schedule_alpha"":0.5},""phase"":""select""},{""action"":{""search_k"":1,""search_strategy"":""default""},""phase"":""search""},{""action"":{""execution_action"":""none"",""lip_action"":""none""},""phase"":""low""},{""action"":{""high_action"":""stop"",""order_decision"":""only_cost""},""phase"":""high""},{""action"":{""search_k"":1,""search_strategy"":""default""},""phase"":""search""},{""action"":{""execution_action"":""none"",""lip_action"":""none""},""phase"":""low""}]"
JOB,random,c,./workloads/query_job/31b.sql,NQO,849.535398185253,388.503000000000,ok,b7c8175cc84a23b7c7ad691402dd403d4da305a2ddcd7f3b98845a3682a7c29b,1,956c3e75cf26a8cc513b2dda5d485abb3f4d7cd2f13231700828a66c3871c6f2,4d6e5a6a759bc07e31e371b205b3da9bcd855e1a07cbf5049e5a8b425d9aae82,./results/models/job/random/c/best.pt,"[{""action"":{""high_action"":""split"",""order_decision"":""only_cost""},""phase"":""high""},{""action"":{""candidate_id"":4,""schedule_alpha"":0.5},""phase"":""select""},{""action"":{""search_k"":1,""search_strategy"":""default""},""phase"":""search""},{""action"":{""execution_action"":""none"",""lip_action"":""none""},""phase"":""low""},{""action"":{""high_action"":""split"",""order_decision"":""only_cost""},""phase"":""high""},{""action"":{""candidate_id"":3,""schedule_alpha"":0.5},""phase"":""select""},{""action"":{""search_k"":1,""search_strategy"":""default""},""phase"":""search""},{""action"":{""execution_action"":""none"",""lip_action"":""none""},""phase"":""low""},{""action"":{""high_action"":""split"",""order_decision"":""only_cost""},""phase"":""high""},{""action"":{""candidate_id"":1,""schedule_alpha"":0.5},""phase"":""select""},{""action"":{""search_k"":1,""search_strategy"":""default""},""phase"":""search""},{""action"":{""execution_action"":""none"",""lip_action"":""none""},""phase"":""low""},{""action"":{""high_action"":""split"",""order_decision"":""only_cost""},""phase"":""high""},{""action"":{""candidate_id"":1,""schedule_alpha"":0.5},""phase"":""select""},{""action"":{""search_k"":1,""search_strategy"":""default""},""phase"":""search""},{""action"":{""execution_action"":""none"",""lip_action"":""none""},""phase"":""low""},{""action"":{""high_action"":""stop"",""order_decision"":""only_cost""},""phase"":""high""},{""action"":{""search_k"":1,""search_strategy"":""default""},""phase"":""search""},{""action"":{""execution_action"":""none"",""lip_action"":""none""},""phase"":""low""}]"
JOB,random,c,./workloads/query_job/32b.sql,NQO,493.748784065247,149.008000000000,ok,136f26a2ebb961337e13a1b2c25ce51ab44ee67277b807b22bcb2f94ab99343c,1,1231bf30d6a867e43554e58dd32b01d9f26ccf504660f343940f45885139c651,30ba79fa7330887b21d81d6fdc68a0ebad182f8ab13ad78e30d23f8c3f1f41d5,./results/models/job/random/c/best.pt,"[{""action"":{""high_action"":""split"",""order_decision"":""only_cost""},""phase"":""high""},{""action"":{""candidate_id"":0,""schedule_alpha"":0.5},""phase"":""select""},{""action"":{""search_k"":1,""search_strategy"":""default""},""phase"":""search""},{""action"":{""execution_action"":""none"",""lip_action"":""none""},""phase"":""low""},{""action"":{""high_action"":""stop"",""order_decision"":""only_cost""},""phase"":""high""},{""action"":{""search_k"":1,""search_strategy"":""default""},""phase"":""search""},{""action"":{""execution_action"":""conservative"",""lip_action"":""selective""},""phase"":""low""}]"
JOB,random,b,./workloads/query_job/8c.sql,NQO,4347.969077527523,84.982000000000,ok,ca648dbd161cd660e79b73f4d2feac37247f699997bfceb70abcc975adab600b,1,3850b6ed0243bfaa59c4b96b89b12c2be8e390cb0f4d56c7c804b38fea1401a8,4fbdb96cf44f9c0d3942d79bbc5373aa5891da9f9912292758998ef238b2d8b6,./results/models/job/random/b/best.pt,"[{""action"":{""high_action"":""stop"",""order_decision"":""only_cost""},""phase"":""high""},{""action"":{""search_k"":1,""search_strategy"":""default""},""phase"":""search""},{""action"":{""execution_action"":""none"",""lip_action"":""none""},""phase"":""low""}]"
JOB,random,c,./workloads/query_job/33c.sql,NQO,618.731535971165,525.917000000000,ok,68464506f3c0aa8fd4c37209daa0d0c9c8f54c57dca6a9b2860add78f906185b,1,dc351c5abc9590003b41c265429785e5ee58eecb94805a9c68879e9ffe3ec55e,b163d1e8632b6721349a60413787b39c4ebade1c1b75253cbc5680de6724fede,./results/models/job/random/c/best.pt,"[{""action"":{""high_action"":""split"",""order_decision"":""only_cost""},""phase"":""high""},{""action"":{""candidate_id"":4,""schedule_alpha"":0.5},""phase"":""select""},{""action"":{""search_k"":1,""search_strategy"":""default""},""phase"":""search""},{""action"":{""execution_action"":""none"",""lip_action"":""none""},""phase"":""low""},{""action"":{""high_action"":""split"",""order_decision"":""only_cost""},""phase"":""high""},{""action"":{""candidate_id"":0,""schedule_alpha"":0.5},""phase"":""select""},{""action"":{""search_k"":1,""search_strategy"":""default""},""phase"":""search""},{""action"":{""execution_action"":""conservative"",""lip_action"":""selective""},""phase"":""low""},{""action"":{""high_action"":""split"",""order_decision"":""only_cost""},""phase"":""high""},{""action"":{""candidate_id"":3,""schedule_alpha"":0.5},""phase"":""select""},{""action"":{""search_k"":1,""search_strategy"":""default""},""phase"":""search""},{""action"":{""execution_action"":""none"",""lip_action"":""none""},""phase"":""low""},{""action"":{""high_action"":""split"",""order_decision"":""only_cost""},""phase"":""high""},{""action"":{""candidate_id"":2,""schedule_alpha"":0.5},""phase"":""select""},{""action"":{""search_k"":1,""search_strategy"":""default""},""phase"":""search""},{""action"":{""execution_action"":""none"",""lip_action"":""none""},""phase"":""low""},{""action"":{""high_action"":""split"",""order_decision"":""only_cost""},""phase"":""high""},{""action"":{""candidate_id"":0,""schedule_alpha"":0.5},""phase"":""select""},{""action"":{""search_k"":1,""search_strategy"":""default""},""phase"":""search""},{""action"":{""execution_action"":""none"",""lip_action"":""none""},""phase"":""low""},{""action"":{""high_action"":""stop"",""order_decision"":""only_cost""},""phase"":""high""},{""action"":{""search_k"":1,""search_strategy"":""default""},""phase"":""search""},{""action"":{""execution_action"":""none"",""lip_action"":""none""},""phase"":""low""}]"
JOB,random,a,./workloads/query_job/6f.sql,NQO,3289.095804095268,173.425000000000,ok,644e442d8a49607e48bd1866853ebe8325de68158176e2ee27f9b7f3df3ffe0b,1,506fd9d517e2a32b2655814f28693b30da6312690a6d1e4dcb216a825691a372,5721baee9643633c009d5efeaf922f55bad95b0623badf530a9275db0d73e607,./results/models/job/random/a/best.pt,"[{""action"":{""high_action"":""split"",""order_decision"":""only_cost""},""phase"":""high""},{""action"":{""candidate_id"":1,""schedule_alpha"":0.5},""phase"":""select""},{""action"":{""search_k"":1,""search_strategy"":""default""},""phase"":""search""},{""action"":{""execution_action"":""none"",""lip_action"":""none""},""phase"":""low""},{""action"":{""high_action"":""stop"",""order_decision"":""only_cost""},""phase"":""high""},{""action"":{""search_k"":1,""search_strategy"":""default""},""phase"":""search""},{""action"":{""execution_action"":""none"",""lip_action"":""none""},""phase"":""low""}]"
JOB,random,c,./workloads/query_job/5a.sql,NQO,361.313067376614,139.466000000000,ok,4f78f1a55542d807d5eaabd4ee2244ee9ba0258958f7de1c1ef4598cd5b46ab1,1,42fbdc1fb87971cbb6cde05c7c9ab9f6402e2d4f6d6ad4dbed1645649ff61e63,f0b204d3a6ab4c4d018c8f0345e24b9bb43d5abee76b87f50c7e0bc40135e244,./results/models/job/random/c/best.pt,"[{""action"":{""high_action"":""split"",""order_decision"":""only_cost""},""phase"":""high""},{""action"":{""candidate_id"":0,""schedule_alpha"":0.5},""phase"":""select""},{""action"":{""search_k"":1,""search_strategy"":""default""},""phase"":""search""},{""action"":{""execution_action"":""none"",""lip_action"":""none""},""phase"":""low""},{""action"":{""high_action"":""stop"",""order_decision"":""only_cost""},""phase"":""high""},{""action"":{""search_k"":1,""search_strategy"":""default""},""phase"":""search""},{""action"":{""execution_action"":""none"",""lip_action"":""none""},""phase"":""low""}]"
JOB,random,c,./workloads/query_job/6d.sql,NQO,1340.205594897270,158.425000000000,ok,bf8229c3af721fca42ad64803e348b47d39c54dfd46fcbc5d2ef84cd56b31b17,1,a83266046d8c7cfcc600b849b5cad169c769fb2dbe557f3f4cea1c2e83d8d1c4,0295437aa5b2a24cb6abdda28081e6f8e3b117519721a8868893addb6b56a309,./results/models/job/random/c/best.pt,"[{""action"":{""high_action"":""split"",""order_decision"":""only_cost""},""phase"":""high""},{""action"":{""candidate_id"":1,""schedule_alpha"":0.5},""phase"":""select""},{""action"":{""search_k"":1,""search_strategy"":""default""},""phase"":""search""},{""action"":{""execution_action"":""none"",""lip_action"":""none""},""phase"":""low""},{""action"":{""high_action"":""stop"",""order_decision"":""only_cost""},""phase"":""high""},{""action"":{""search_k"":1,""search_strategy"":""default""},""phase"":""search""},{""action"":{""execution_action"":""conservative"",""lip_action"":""selective""},""phase"":""low""}]"
JOB,random,c,./workloads/query_job/6e.sql,NQO,201.072029769421,125.902000000000,ok,2e45680981dcedf844899f966540a92734a6200fc0d8bd8a547ceba0d0cf631f,1,a5974b985112bcf8052cb151e29cad7f92915835aa62ae6d9a4bd0b2caa1d627,4be27933ab62a8f91847545bedfd07a777b828b19b296c79a1938862632c611e,./results/models/job/random/c/best.pt,"[{""action"":{""high_action"":""split"",""order_decision"":""only_cost""},""phase"":""high""},{""action"":{""candidate_id"":1,""schedule_alpha"":0.5},""phase"":""select""},{""action"":{""search_k"":1,""search_strategy"":""default""},""phase"":""search""},{""action"":{""execution_action"":""none"",""lip_action"":""none""},""phase"":""low""},{""action"":{""high_action"":""stop"",""order_decision"":""only_cost""},""phase"":""high""},{""action"":{""search_k"":1,""search_strategy"":""default""},""phase"":""search""},{""action"":{""execution_action"":""none"",""lip_action"":""none""},""phase"":""low""}]"
JOB,random,c,./workloads/query_job/7a.sql,NQO,601.036563515663,288.488000000000,ok,4c15deaf8c868c357c511a9b1b16153f35d0a6d69bf0cb9d733dd8855dca6cb3,1,eddacdcfad2a22ed17d6a14808a064e446fee65bec0e98df83d841e164840939,ab4b602d680f0bbc7e3a3b7e1a982f4747656d961bdc9fc159f39dfe333ccace,./results/models/job/random/c/best.pt,"[{""action"":{""high_action"":""split"",""order_decision"":""only_cost""},""phase"":""high""},{""action"":{""candidate_id"":3,""schedule_alpha"":0.5},""phase"":""select""},{""action"":{""search_k"":1,""search_strategy"":""default""},""phase"":""search""},{""action"":{""execution_action"":""none"",""lip_action"":""none""},""phase"":""low""},{""action"":{""high_action"":""split"",""order_decision"":""only_cost""},""phase"":""high""},{""action"":{""candidate_id"":0,""schedule_alpha"":0.5},""phase"":""select""},{""action"":{""search_k"":1,""search_strategy"":""default""},""phase"":""search""},{""action"":{""execution_action"":""none"",""lip_action"":""none""},""phase"":""low""},{""action"":{""high_action"":""split"",""order_decision"":""only_cost""},""phase"":""high""},{""action"":{""candidate_id"":1,""schedule_alpha"":0.5},""phase"":""select""},{""action"":{""search_k"":1,""search_strategy"":""default""},""phase"":""search""},{""action"":{""execution_action"":""none"",""lip_action"":""none""},""phase"":""low""},{""action"":{""high_action"":""stop"",""order_decision"":""only_cost""},""phase"":""high""},{""action"":{""search_k"":1,""search_strategy"":""default""},""phase"":""search""},{""action"":{""execution_action"":""conservative"",""lip_action"":""selective""},""phase"":""low""}]"
JOB,random,a,./workloads/query_job/8a.sql,NQO,5274.190545082092,80.106000000000,ok,83ca1ebec91355240bb85797c81f9f6b8a96392c57707c100978708f49ae71e9,1,4bcbddd81b3fb4ce930c4bb69fe7b839591b7a81908b940f74ec58220233659b,749733f66b2d3f2efcc3eddeb1ceddae229cf6d5469d6b77e4c1fb2143cfcbd3,./results/models/job/random/a/best.pt,"[{""action"":{""high_action"":""stop"",""order_decision"":""only_cost""},""phase"":""high""},{""action"":{""search_k"":1,""search_strategy"":""default""},""phase"":""search""},{""action"":{""execution_action"":""conservative"",""lip_action"":""selective""},""phase"":""low""}]"
JOB,random,a,./workloads/query_job/9a.sql,NQO,1100.781969726086,114.452000000000,ok,bfa8c34c384944ed86c373b6cb098fca28c827e811e254e47d8a62f3569ea656,1,c9bafadff24f536c8156c7925205abe29387e905f4742ebf4591c321f72a23ed,90c7009305769a18b551cd8ceb630325010c629e3df685568ef866a0a4d7f6fd,./results/models/job/random/a/best.pt,"[{""action"":{""high_action"":""stop"",""order_decision"":""only_cost""},""phase"":""high""},{""action"":{""search_k"":1,""search_strategy"":""default""},""phase"":""search""},{""action"":{""execution_action"":""none"",""lip_action"":""none""},""phase"":""low""}]"
JOB,random,c,./workloads/query_job/8d.sql,NQO,4413.564495742321,211.767000000000,ok,42e9d5875e298e1e96988f68f4ea5385d847af85ed0e315fb1c559c113c45301,1,62663c9bc76814c2a7bcfaad892407ccdf498ad383b79ae1337c535075850d72,ed08885bbde355fb23fd9cb1ac3a1b911ace3b55afaf2c01580607f147246bbd,./results/models/job/random/c/best.pt,"[{""action"":{""high_action"":""split"",""order_decision"":""only_cost""},""phase"":""high""},{""action"":{""candidate_id"":2,""schedule_alpha"":0.5},""phase"":""select""},{""action"":{""search_k"":1,""search_strategy"":""default""},""phase"":""search""},{""action"":{""execution_action"":""conservative"",""lip_action"":""selective""},""phase"":""low""},{""action"":{""high_action"":""split"",""order_decision"":""only_cost""},""phase"":""high""},{""action"":{""candidate_id"":0,""schedule_alpha"":0.5},""phase"":""select""},{""action"":{""search_k"":1,""search_strategy"":""default""},""phase"":""search""},{""action"":{""execution_action"":""conservative"",""lip_action"":""selective""},""phase"":""low""},{""action"":{""high_action"":""stop"",""order_decision"":""only_cost""},""phase"":""high""},{""action"":{""search_k"":1,""search_strategy"":""default""},""phase"":""search""},{""action"":{""execution_action"":""conservative"",""lip_action"":""selective""},""phase"":""low""}]"
JOB,random,a,./workloads/query_job/9b.sql,NQO,1517.580442130566,95.841000000000,ok,b0e443831d76df913501b4969a5d3d89f3d674241ae639e3c4277898d1e46b0f,1,7f4b6e7b56a17c314fc2a18e14497442aadafd8f4f9f2a3db2202c778f343914,7e2e434ee9df3065f376248cc27eb777c941fac4ba7328f4ad3c61e0673bf2f8,./results/models/job/random/a/best.pt,"[{""action"":{""high_action"":""stop"",""order_decision"":""only_cost""},""phase"":""high""},{""action"":{""search_k"":1,""search_strategy"":""default""},""phase"":""search""},{""action"":{""execution_action"":""none"",""lip_action"":""none""},""phase"":""low""}]"
JOB,random,c,./workloads/query_job/9c.sql,NQO,1833.807736635208,233.341000000000,ok,f842997a5a18b3d9be1b7c8393b1b6444eb5c93e5425c04933cea3ddef0bb5fc,1,9b16f7ea39eb4b4b1c388fb1dc69042a3f60ea1e082e4f05021cbd266d12d949,0dd9e213eb8a4283e46d126e31b7b94cbaa18147b163a3d93c224884039a7b6c,./results/models/job/random/c/best.pt,"[{""action"":{""high_action"":""split"",""order_decision"":""only_cost""},""phase"":""high""},{""action"":{""candidate_id"":1,""schedule_alpha"":0.5},""phase"":""select""},{""action"":{""search_k"":1,""search_strategy"":""default""},""phase"":""search""},{""action"":{""execution_action"":""none"",""lip_action"":""none""},""phase"":""low""},{""action"":{""high_action"":""split"",""order_decision"":""only_cost""},""phase"":""high""},{""action"":{""candidate_id"":0,""schedule_alpha"":0.5},""phase"":""select""},{""action"":{""search_k"":1,""search_strategy"":""default""},""phase"":""search""},{""action"":{""execution_action"":""none"",""lip_action"":""none""},""phase"":""low""},{""action"":{""high_action"":""stop"",""order_decision"":""only_cost""},""phase"":""high""},{""action"":{""search_k"":1,""search_strategy"":""default""},""phase"":""search""},{""action"":{""execution_action"":""conservative"",""lip_action"":""selective""},""phase"":""low""}]"
JOB,random,a,./workloads/query_job/9d.sql,NQO,3128.157101571560,110.465000000000,ok,4337dc659f52d805bb18c4f8f42457136d6ef77b097dfa9fba8d4bb81edfa201,1,240f53158db396d71260ff1746261ba0289bbae3eed3eaad66d1f3cb7314478a,d2952da195d63d093f4f88076ebc7f47e2515a99cdbf1d4d0783d4af3f1c21fa,./results/models/job/random/a/best.pt,"[{""action"":{""high_action"":""stop"",""order_decision"":""only_cost""},""phase"":""high""},{""action"":{""search_k"":1,""search_strategy"":""default""},""phase"":""search""},{""action"":{""execution_action"":""none"",""lip_action"":""none""},""phase"":""low""}]"
