dataset,protocol,fold,sql_path,method,runtime_ms,inference_ms,status,result_hash,result_rows,cache_id,trajectory_hash,checkpoint,actions_json
JOB,,,./workloads/query_job/1a.sql,PostgreSQL,29.373593628407,0.000000000000,ok,4509535bf8626cc136208e1b88afc7aa478160ccf6b340e66765b9bcf2288a38,1,,,,
JOB,,,./workloads/query_job/1b.sql,PostgreSQL,7.099024951458,0.000000000000,ok,38cf683886cf6fdc55596ffbf14756cbedd54a4091ef744fb773fc7f37ce3139,1,,,,
JOB,,,./workloads/query_job/1c.sql,PostgreSQL,18.361523747444,0.000000000000,ok,c9cfeb2c53a9c7d56ba455c5c333a8fac5db32559ebd94b17f2dbd68a69e1122,1,,,,
JOB,,,./workloads/query_job/1d.sql,PostgreSQL,10.916762053967,0.000000000000,ok,7c91aa2f0828b93d755687afd67b68142d4b8268d478706662c6a39bd29ccda5,1,,,,
JOB,,,./workloads/query_job/2a.sql,PostgreSQL,590.450920164585,0.000000000000,ok,926b05773671feeb0bc0c29c32e155c6a95ebf9c8354f34eb0a420c86dcd2587,1,,,,
JOB,,,./workloads/query_job/2b.sql,PostgreSQL,296.703837811947,0.000000000000,ok,1a42bdefe75519aa5d7a475dc8a6b6d5309bf5152f81f8d63218379808c33d39,1,,,,
JOB,,,./workloads/query_job/2c.sql,PostgreSQL,279.056884348392,0.000000000000,ok,4f78f1a55542d807d5eaabd4ee2244ee9ba0258958f7de1c1ef4598cd5b46ab1,1,,,,
JOB,,,./workloads/query_job/2d.sql,PostgreSQL,435.597233474255,0.000000000000,ok,8b4618374fc4485fd6f55d678b9a8d8eee1473e2d8ae1f896724be2aeb1a8b49,1,,,,
JOB,,,./workloads/query_job/3a.sql,PostgreSQL,187.108039855957,0.000000000000,ok,a25bbd029f290d8d4a4e3950235e37dcf0d344d9b660b168a71b99126ced242e,1,,,,
JOB,,,./workloads/query_job/3b.sql,PostgreSQL,95.207795500755,0.000000000000,ok,f09c4919f4c92a95515be773a486d51c5e5ccd19e0f5087b7c0f0ab64cd137cf,1,,,,
JOB,,,./workloads/query_job/3c.sql,PostgreSQL,288.491547107697,0.000000000000,ok,e1647cf4584132601e371994754e5cf33a53b972c00521f6f7dc5325a5c9e531,1,,,,
JOB,,,./workloads/query_job/4a.sql,PostgreSQL,111.958421766758,0.000000000000,ok,7c1f395331a8b97b06979e898720d60352be5cd9e0efafa1d3582c061d40fac0,1,,,,
JOB,,,./workloads/query_job/4b.sql,PostgreSQL,89.643977582455,0.000000000000,ok,c2e5045abfc8ecfbd0b40e2ecf04f734592cd5b76e223f977e6c366b9f571679,1,,,,
JOB,,,./workloads/query_job/4c.sql,PostgreSQL,103.180445730686,0.000000000000,ok,dbdb5449728ea1126b66d9107929248d2473f352ea9c90d567427671f6a5d8a5,1,,,,
JOB,,,./workloads/query_job/5a.sql,PostgreSQL,123.519733548164,0.000000000000,ok,4f78f1a55542d807d5eaabd4ee2244ee9ba0258958f7de1c1ef4598cd5b46ab1,1,,,,
JOB,,,./workloads/query_job/5b.sql,PostgreSQL,124.752134084702,0.000000000000,ok,4f78f1a55542d807d5eaabd4ee2244ee9ba0258958f7de1c1ef4598cd5b46ab1,1,,,,
JOB,,,./workloads/query_job/5c.sql,PostgreSQL,159.796454012394,0.000000000000,ok,dc54acf5fb9de8f2e5245dee6899e9f5f3221610033b6c8c23bc8c2353b3a4f4,1,,,,
JOB,,,./workloads/query_job/6a.sql,PostgreSQL,134.472012519836,0.000000000000,ok,2e45680981dcedf844899f966540a92734a6200fc0d8bd8a547ceba0d0cf631f,1,,,,
JOB,,,./workloads/query_job/6b.sql,PostgreSQL,189.199455082417,0.000000000000,ok,2b959ee9a358222cd3f680b4de1a9c2be8556432140123daad1b20aa89815ab9,1,,,,
JOB,,,./workloads/query_job/6c.sql,PostgreSQL,34.825086593628,0.000000000000,ok,eb15d11fcc635c0f71eefa80cad2069e9f06841887450ba39d0be7466e8da9dd,1,,,,
JOB,,,./workloads/query_job/6d.sql,PostgreSQL,6863.464400172234,0.000000000000,ok,bf8229c3af721fca42ad64803e348b47d39c54dfd46fcbc5d2ef84cd56b31b17,1,,,,
JOB,,,./workloads/query_job/6e.sql,PostgreSQL,44.831849634647,0.000000000000,ok,2e45680981dcedf844899f966540a92734a6200fc0d8bd8a547ceba0d0cf631f,1,,,,
JOB,,,./workloads/query_job/6f.sql,PostgreSQL,2380.533166229725,0.000000000000,ok,644e442d8a49607e48bd1866853ebe8325de68158176e2ee27f9b7f3df3ffe0b,1,,,,
JOB,,,./workloads/query_job/7a.sql,PostgreSQL,611.067831516266,0.000000000000,ok,40743217d40990404defb4bdc300d71b5622739b38b1f1257353a4829383f098,1,,,,
JOB,,,./workloads/query_job/7b.sql,PostgreSQL,135.711245238781,0.000000000000,ok,c45c16058ceb0fa3043d43cf324eb296890f073ea7be51873fac68d90838f72f,1,,,,
JOB,,,./workloads/query_job/7c.sql,PostgreSQL,2835.661634802818,0.000000000000,ok,4704a6598b71770ee436ed0a0e8a1ea85041944f821a0cb2688f90bd5f296fd6,1,,,,
JOB,,,./workloads/query_job/8a.sql,PostgreSQL,1573.852546513081,0.000000000000,ok,83ca1ebec91355240bb85797c81f9f6b8a96392c57707c100978708f49ae71e9,1,,,,
JOB,,,./workloads/query_job/8b.sql,PostgreSQL,249.935910105705,0.000000000000,ok,e5b0fc3c68184c62fd7ca88151a039904e2fc3708d4c2773297d07ecda52eef1,1,,,,
JOB,,,./workloads/query_job/8c.sql,PostgreSQL,2975.129052996635,0.000000000000,ok,c42116a64cf69868461811bec1f88b182f525b980b05f463f84279a2a2aecec6,1,,,,
JOB,,,./workloads/query_job/8d.sql,PostgreSQL,1306.698195636272,0.000000000000,ok,b50c2737ab9a94fd59cbc7b091e69509ac4d8c8ca5b321b7a0d1a7c762d6c287,1,,,,
JOB,,,./workloads/query_job/9a.sql,PostgreSQL,1218.235984444618,0.000000000000,ok,b503be0ea642d215f3169970dbfa432699c00bd60c7808cb60c02e5a82e7676f,1,,,,
JOB,,,./workloads/query_job/9b.sql,PostgreSQL,965.686209499836,0.000000000000,ok,85fce718a2215fa1fff98e143ca492e37d7045aab50806ceb38f3366096f2c19,1,,,,
JOB,,,./workloads/query_job/9c.sql,PostgreSQL,1138.866335153580,0.000000000000,ok,255fd7ac351d0509bf40d4f6cd13a716d0b73d3a2ffcf278f30cae25eea33429,1,,,,
JOB,,,./workloads/query_job/9d.sql,PostgreSQL,3244.308270514011,0.000000000000,ok,4337dc659f52d805bb18c4f8f42457136d6ef77b097dfa9fba8d4bb81edfa201,1,,,,
JOB,,,./workloads/query_job/10a.sql,PostgreSQL,533.563591539860,0.000000000000,ok,950f4abd7389ade20a4d7f7dfa7da8335a2803e39c8b3cc5079581fa4f9ccf50,1,,,,
JOB,,,./workloads/query_job/10b.sql,PostgreSQL,315.573565661907,0.000000000000,ok,706843969f310473a0308417223dbd3b01f9c23dd72c30ca6a320928a1c6d9a0,1,,,,
JOB,,,./workloads/query_job/10c.sql,PostgreSQL,3529.950715601444,0.000000000000,ok,73b0bf53e0d911a07eeb82a77e0c4d8e572b4a66464eabd6ab74eddeab66e4b6,1,,,,
JOB,,,./workloads/query_job/11a.sql,PostgreSQL,44.472187757492,0.000000000000,ok,fdc503337e597ce0059972071613e4b98fbd0862acbceb6cceceb79c7ac524de,1,,,,
JOB,,,./workloads/query_job/11b.sql,PostgreSQL,37.976235151291,0.000000000000,ok,38cf683886cf6fdc55596ffbf14756cbedd54a4091ef744fb773fc7f37ce3139,1,,,,
JOB,,,./workloads/query_job/11c.sql,PostgreSQL,68.071275949478,0.000000000000,ok,b2c193bb2ebc02f2162d38ca5dac4f6d10d4e06d16185023a34d22d98dd15785,1,,,,
JOB,,,./workloads/query_job/11d.sql,PostgreSQL,70.180624723434,0.000000000000,ok,9cb816dd041a224947eb0fb043923741b74d5d9a5f166fba04b74e94219c6f3d,1,,,,
JOB,,,./workloads/query_job/12a.sql,PostgreSQL,270.984828472137,0.000000000000,ok,72a73e4851ae911962d68c0f9932b72cdda7b7f9e62f9a53610b13beba2ebb45,1,,,,
JOB,,,./workloads/query_job/12b.sql,PostgreSQL,18.907420337200,0.000000000000,ok,706843969f310473a0308417223dbd3b01f9c23dd72c30ca6a320928a1c6d9a0,1,,,,
JOB,,,./workloads/query_job/12c.sql,PostgreSQL,821.272119879723,0.000000000000,ok,2685b9a0325e3902e5468135e1a5ffa557164adf82a6f559cd0a97f056cf13e2,1,,,,
JOB,,,./workloads/query_job/13a.sql,PostgreSQL,1352.496862411499,0.000000000000,ok,c4804a197abf5da2bb7593ac7db436380a133caa41d6519509f5fff9d0c1310d,1,,,,
JOB,,,./workloads/query_job/13b.sql,PostgreSQL,545.761555433273,0.000000000000,ok,18170491b6ba1300d74d5c4cf4749c8d52e76f06f7fed17a25f5fc6979544c84,1,,,,
JOB,,,./workloads/query_job/13c.sql,PostgreSQL,517.114721238613,0.000000000000,ok,6c92afdf2463474643ad9a8b9d6ea56de47b8ed184cb9b8e8ff35ff9de872b10,1,,,,
JOB,,,./workloads/query_job/13d.sql,PostgreSQL,2151.782311499119,0.000000000000,ok,75e60c780640482870108535d972de51e3c0d1ada10eea1b6044cb8d5981e250,1,,,,
JOB,,,./workloads/query_job/14a.sql,PostgreSQL,223.808214068413,0.000000000000,ok,9a707a6251d650311b9d657bd32fc2aed8eabb8324b27d771856f014860252c8,1,,,,
JOB,,,./workloads/query_job/14b.sql,PostgreSQL,155.012033879757,0.000000000000,ok,74085e27c595ac219c6257d663e3ccccdf16299520347ac5488a715783f18a41,1,,,,
JOB,,,./workloads/query_job/14c.sql,PostgreSQL,384.456686675549,0.000000000000,ok,c394284262ba60039e0e66c6ad41c10e412ec18d31dd585ff5e4725d815167fb,1,,,,
JOB,,,./workloads/query_job/15a.sql,PostgreSQL,472.935594618320,0.000000000000,ok,9aa21a8fa13146f60f32bc16ecd4a6803fcf27eb022da89a2a1ee12d269a6b60,1,,,,
JOB,,,./workloads/query_job/15b.sql,PostgreSQL,80.489955842495,0.000000000000,ok,b25c3f018dd147bf4abce160072d7f8ba5b0f3abbe07bec34bc2e8b72eefff81,1,,,,
JOB,,,./workloads/query_job/15c.sql,PostgreSQL,354.064628481865,0.000000000000,ok,1ef63c716951a295144f4fe42f1d8517acad2d6b21d150e58d24fcb22995d3ae,1,,,,
JOB,,,./workloads/query_job/15d.sql,PostgreSQL,349.006935954094,0.000000000000,ok,400b22fc5681b1b57424bd968b6e45956b7d18c499f4d29c205d2e35ea4f6dce,1,,,,
JOB,,,./workloads/query_job/16a.sql,PostgreSQL,167.825907468796,0.000000000000,ok,89605e8682aca7a7cb1efeac4cc95ca623a179f8f74edd938678a4c46582f7d4,1,,,,
JOB,,,./workloads/query_job/16b.sql,PostgreSQL,8874.252885580063,0.000000000000,ok,95e5ef8d636ceba1ed44c587d7aa469e1651b7364043e88c381b8fb0ca17d68f,1,,,,
JOB,,,./workloads/query_job/16c.sql,PostgreSQL,1097.578436136246,0.000000000000,ok,1318f60bc0ac9eb3ca4ac578870bec99e9ac05ece5a440ba30e253efb9ea5aeb,1,,,,
JOB,,,./workloads/query_job/16d.sql,PostgreSQL,908.216692507267,0.000000000000,ok,1318f60bc0ac9eb3ca4ac578870bec99e9ac05ece5a440ba30e253efb9ea5aeb,1,,,,
JOB,,,./workloads/query_job/17a.sql,PostgreSQL,5380.043357610703,0.000000000000,ok,0ad8e3fd85f654cd3e58857928c1de84b0542236603c3f965780600958cb00fd,1,,,,
JOB,,,./workloads/query_job/17b.sql,PostgreSQL,3700.109019875526,0.000000000000,ok,0fc21b97eaac753e33e88f5896f317312c731cad8a62b7bae0987a2b129c03d1,1,,,,
JOB,,,./workloads/query_job/17c.sql,PostgreSQL,3479.622796177864,0.000000000000,ok,89318885181be4671a585035246d501b4eb546101d7a71035ac9eaf20c99bdff,1,,,,
JOB,,,./workloads/query_job/17d.sql,PostgreSQL,3367.918252944946,0.000000000000,ok,9a519542553c082aa22cad711ded801827b50f2fc8a7b5078563cb2b04a7428e,1,,,,
JOB,,,./workloads/query_job/17e.sql,PostgreSQL,5186.017304658890,0.000000000000,ok,7ab5c6f39076c10d198bb7e034d2791fe5211da1d3a4f44aa6cc67cc1612668b,1,,,,
JOB,,,./workloads/query_job/17f.sql,PostgreSQL,4766.366004943848,0.000000000000,ok,920b6b482600d5e100bde41a7665792302f7f5ee9dd0da35273868af81e8948f,1,,,,
JOB,,,./workloads/query_job/18a.sql,PostgreSQL,4107.970029115677,0.000000000000,ok,4ea394ad5b6ff23d28102b48eef256f385144f05c176dcf273e5fc3dfc0f3ea7,1,,,,
JOB,,,./workloads/query_job/18b.sql,PostgreSQL,266.428992152214,0.000000000000,ok,6635682ea66176cb4b122c8c01b41b06001993191e9889f440da443126fcee38,1,,,,
JOB,,,./workloads/query_job/18c.sql,PostgreSQL,5005.768641829491,0.000000000000,ok,c906571383fe4764b5e216ef7870d0448e23624f2e3a4df76163d54f23adc84e,1,,,,
JOB,,,./workloads/query_job/19a.sql,PostgreSQL,1377.599813044071,0.000000000000,ok,1f0ca7719cfc34a43e2d3322146638f13989d450c4591afc7b3885613918e4de,1,,,,
JOB,,,./workloads/query_job/19b.sql,PostgreSQL,292.901121079922,0.000000000000,ok,91275ea0a7bef7c58863c590bb17df5976280a00d3553ff0ccfd2fc85a34dfb6,1,,,,
JOB,,,./workloads/query_job/19c.sql,PostgreSQL,5587.755531072617,0.000000000000,ok,c5cd8693234259a6d75554b225b6a46dcba2536c6325db58e9e56e8505f59c7c,1,,,,
JOB,,,./workloads/query_job/19d.sql,PostgreSQL,6995.116949081421,0.000000000000,ok,a4539f795d93860062d39d330febb9a7e2eba327a0dde36ea917ef25d81da7fb,1,,,,
JOB,,,./workloads/query_job/20a.sql,PostgreSQL,3572.648704051971,0.000000000000,ok,6b45734f0a5780708828d3443113e516d82318bac2ab3150fbdb3933efdfc72f,1,,,,
JOB,,,./workloads/query_job/20b.sql,PostgreSQL,838.272161781788,0.000000000000,ok,6b45734f0a5780708828d3443113e516d82318bac2ab3150fbdb3933efdfc72f,1,,,,
JOB,,,./workloads/query_job/20c.sql,PostgreSQL,744.159951806068,0.000000000000,ok,3d20f659ff5210cf35a2f9ea0de268228b2bb949622e1514bbea6a711248e6ce,1,,,,
JOB,,,./workloads/query_job/21a.sql,PostgreSQL,65.999761223793,0.000000000000,ok,fa1f095cb852fd0f6f9bf5067b9f057dbbfa7e3a43a13ea9f216a34e120ad9dd,1,,,,
JOB,,,./workloads/query_job/21b.sql,PostgreSQL,42.802378535271,0.000000000000,ok,38cf683886cf6fdc55596ffbf14756cbedd54a4091ef744fb773fc7f37ce3139,1,,,,
JOB,,,./workloads/query_job/21c.sql,PostgreSQL,55.685766041279,0.000000000000,ok,fdc503337e597ce0059972071613e4b98fbd0862acbceb6cceceb79c7ac524de,1,,,,
JOB,,,./workloads/query_job/22a.sql,PostgreSQL,348.061792552471,0.000000000000,ok,75e86a64394c730e19e73dc31da42a188c784b6c1d943ca5e03d0344a86313fe,1,,,,
JOB,,,./workloads/query_job/22b.sql,PostgreSQL,249.402835965157,0.000000000000,ok,0baa81969a7c35965913a86ca9b32cc0ac616b4a9d019c23c7e307b901b97ce4,1,,,,
JOB,,,./workloads/query_job/22c.sql,PostgreSQL,1084.445312619209,0.000000000000,ok,991e8b67081098ca2488bedc79afe1881f2df52affbd0cf95312f4fb04855bd7,1,,,,
JOB,,,./workloads/query_job/22d.sql,PostgreSQL,1874.739095568657,0.000000000000,ok,18e529eeadd28daacd2cb90fcff55d8be4573ecfaaf76cd6e1ddb1dd25ff265c,1,,,,
JOB,,,./workloads/query_job/23a.sql,PostgreSQL,251.627042889595,0.000000000000,ok,706843969f310473a0308417223dbd3b01f9c23dd72c30ca6a320928a1c6d9a0,1,,,,
JOB,,,./workloads/query_job/23b.sql,PostgreSQL,107.251621782780,0.000000000000,ok,706843969f310473a0308417223dbd3b01f9c23dd72c30ca6a320928a1c6d9a0,1,,,,
JOB,,,./workloads/query_job/23c.sql,PostgreSQL,354.043900966644,0.000000000000,ok,d6d3b9a56435f4fe61ee133589ebd35b7135f05afe08be1125990d58b250e9f9,1,,,,
JOB,,,./workloads/query_job/24a.sql,PostgreSQL,420.035570859909,0.000000000000,ok,204a42374a25968c45c2264edf3c4556cfc932b85e00b12766f4d4defc0c7b03,1,,,,
JOB,,,./workloads/query_job/24b.sql,PostgreSQL,172.368250787258,0.000000000000,ok,56b303255befaff99c8809a0ef8b843dec6bb7e8dbb787f41d63795cd64cf36b,1,,,,
JOB,,,./workloads/query_job/25a.sql,PostgreSQL,1792.852640151978,0.000000000000,ok,5a224ce096d4d810fe4f77c3f766da3673059b5997c87ee55dd162d8a2658953,1,,,,
JOB,,,./workloads/query_job/25b.sql,PostgreSQL,277.051590383053,0.000000000000,ok,1188db58fec23b34c4c3183b536d25098bb832bf155d43985568193001514cf6,1,,,,
JOB,,,./workloads/query_job/25c.sql,PostgreSQL,4125.195235013962,0.000000000000,ok,3486657244f11c43ff4c086a859a80d57667942bf6a25227a6c3240453d5825c,1,,,,
JOB,,,./workloads/query_job/26a.sql,PostgreSQL,1022.365659475327,0.000000000000,ok,70959053c8bb13b17e024dc6dbd70e523be117ceff6bd41f572000d6f7519ba6,1,,,,
JOB,,,./workloads/query_job/26b.sql,PostgreSQL,255.923971533775,0.000000000000,ok,ff94d7cdb149e39c55c7cbfac87213af89b36e95a7b52e8382ad8bb80a905406,1,,,,
JOB,,,./workloads/query_job/26c.sql,PostgreSQL,2716.218642890453,0.000000000000,ok,7018401e68f280da9e2c2b63c8d23edc9a05b8be27562caf2cb9c43f34848c27,1,,,,
JOB,,,./workloads/query_job/27a.sql,PostgreSQL,109.059900045395,0.000000000000,ok,17da2f55cbda32682db3bc710c4a0f0048b6fb05111deffe244b8be90c1e4968,1,,,,
JOB,,,./workloads/query_job/27b.sql,PostgreSQL,102.338500320911,0.000000000000,ok,4eb4e5bb88d274fb571daa3d9537d134ac91e3971795bedfe21b63973b8a983c,1,,,,
JOB,,,./workloads/query_job/27c.sql,PostgreSQL,105.731584131718,0.000000000000,ok,17da2f55cbda32682db3bc710c4a0f0048b6fb05111deffe244b8be90c1e4968,1,,,,
JOB,,,./workloads/query_job/28a.sql,PostgreSQL,649.976760149002,0.000000000000,ok,a48e9dbacd2287778dbe0c0b677f1a0cf702701db28eec4243e6492cdd3419f1,1,,,,
JOB,,,./workloads/query_job/28b.sql,PostgreSQL,463.411182165146,0.000000000000,ok,1504c5fe4b85e0649828523441b52c0f8b7c17598529646d3d732ab63db821f5,1,,,,
JOB,,,./workloads/query_job/28c.sql,PostgreSQL,1803.190320730209,0.000000000000,ok,b1923b38e649e7842d61acc9d38f8455ed8406709c3ba8fba508919ee9e53cc3,1,,,,
JOB,,,./workloads/query_job/29a.sql,PostgreSQL,2124.828010797501,0.000000000000,ok,6931843f19cb52122ed461369626a4f45f6b0550fbb8e5608f26c0a53fbfa63e,1,,,,
JOB,,,./workloads/query_job/29b.sql,PostgreSQL,2053.123012185097,0.000000000000,ok,6931843f19cb52122ed461369626a4f45f6b0550fbb8e5608f26c0a53fbfa63e,1,,,,
JOB,,,./workloads/query_job/29c.sql,PostgreSQL,3571.288220584393,0.000000000000,ok,77d7c0fd6a7f7c2de253fe8fc44b2b6ae848c0c1e246c513425c8f83965bf0b0,1,,,,
JOB,,,./workloads/query_job/30a.sql,PostgreSQL,1768.432565033436,0.000000000000,ok,75f27277da0bf405cd685f3341baca046a6788152a4b13a72ad743837698d0b5,1,,,,
JOB,,,./workloads/query_job/30b.sql,PostgreSQL,334.272600710392,0.000000000000,ok,91a05f71dbba805aeb9c620210fe2d6ba7c806304be891b740e8be86565d2035,1,,,,
JOB,,,./workloads/query_job/30c.sql,PostgreSQL,1570.866815745831,0.000000000000,ok,2f8f896e2432511a1931bf628a513049b0ab9f608c864a4da9cc4a69994b36f7,1,,,,
JOB,,,./workloads/query_job/31a.sql,PostgreSQL,2764.905422925949,0.000000000000,ok,b4b9bed0cdc7fe4c1c54b16a6e2414be7445182df9d71d1147ee8f1ad83645ab,1,,,,
JOB,,,./workloads/query_job/31b.sql,PostgreSQL,307.388633489609,0.000000000000,ok,af9badce4507ee4d5039906f46f8eae433d4b63bbfd0bdcb3cd1612c8094616d,1,,,,
JOB,,,./workloads/query_job/31c.sql,PostgreSQL,3981.528997421265,0.000000000000,ok,5901ed177dcfb45723ea693624c3c3334bad405ae1487b76f39c02b12185b40a,1,,,,
JOB,,,./workloads/query_job/32a.sql,PostgreSQL,36.222487688065,0.000000000000,ok,38cf683886cf6fdc55596ffbf14756cbedd54a4091ef744fb773fc7f37ce3139,1,,,,
JOB,,,./workloads/query_job/32b.sql,PostgreSQL,98.775103688240,0.000000000000,ok,43c84155213ca75b1309d3efc55b52157a6a633a42483d7d73a3a115178cfcc8,1,,,,
JOB,,,./workloads/query_job/33a.sql,PostgreSQL,289.816118776798,0.000000000000,ok,0be421d7b97248226c3a33bad501b9e85187231d54df0c0f0c9791d8b2286ad9,1,,,,
JOB,,,./workloads/query_job/33b.sql,PostgreSQL,280.863367021084,0.000000000000,ok,735a1be7f41a7bbb115cbeefc5bfe74994300c66a9ed18e92575e0a5028550ab,1,,,,
JOB,,,./workloads/query_job/33c.sql,PostgreSQL,205.193184316158,0.000000000000,ok,bec01129f73c7b6283774bd7e37a898a92dfe01633d9d7953359b3a4769c6b1c,1,,,,
JOB,random,b,./workloads/query_job/10a.sql,NQO,763.863347470760,156.770000000000,ok,950f4abd7389ade20a4d7f7dfa7da8335a2803e39c8b3cc5079581fa4f9ccf50,1,56a49ceb5bb10c9283d2368b260b64d439b11f475d039ac46745f900dccc6014,9ae12f6b9c391d8b1d93cb3f084a4db5632f69d29ea0ce7cd6ffd19b979a129b,./results/models/job/random/b/best.pt,"[{""action"":{""high_action"":""stop"",""order_decision"":""only_cost""},""phase"":""high""},{""action"":{""search_k"":1,""search_strategy"":""default""},""phase"":""search""},{""action"":{""execution_action"":""none"",""lip_action"":""none""},""phase"":""low""}]"
JOB,random,c,./workloads/query_job/11a.sql,NQO,222.360938787460,117.770000000000,timeout,,,2ed662b642e11a4f1178ef41c1222d0ed0d953c9fdb8c05e0d8288a3acbac20e,e3873cec2fbe36c356ecb36f74dfb1d9b9d6209b2c76134ad0b0033616dcb12f,./results/models/job/random/c/best.pt,"[{""action"":{""high_action"":""split"",""order_decision"":""only_cost""},""phase"":""high""},{""action"":{""candidate_id"":1,""schedule_alpha"":0.5},""phase"":""select""},{""action"":{""search_k"":1,""search_strategy"":""default""},""phase"":""search""},{""action"":{""execution_action"":""none"",""lip_action"":""none""},""phase"":""low""}]"
JOB,random,b,./workloads/query_job/10b.sql,NQO,452.141024172306,87.749000000000,ok,706843969f310473a0308417223dbd3b01f9c23dd72c30ca6a320928a1c6d9a0,1,84dc419445a550cf4bd438d55be55d2262f7ac9c6c1224f65ff85a505e828bd8,215b020d5af3a9abec6b642732a3394609f659c16c115e87331a074d7c669a28,./results/models/job/random/b/best.pt,"[{""action"":{""high_action"":""stop"",""order_decision"":""only_cost""},""phase"":""high""},{""action"":{""search_k"":1,""search_strategy"":""default""},""phase"":""search""},{""action"":{""execution_action"":""none"",""lip_action"":""none""},""phase"":""low""}]"
JOB,random,b,./workloads/query_job/11b.sql,NQO,175.847694277763,120.828000000000,ok,38cf683886cf6fdc55596ffbf14756cbedd54a4091ef744fb773fc7f37ce3139,1,63d700164095cbb185a4e28170d5f69fa7290bad617e5cdf960fa1654065da8e,4b41becc0c78028f7adf85896533fa3f2454b00a8dd08494b4aedee2ef982d7e,./results/models/job/random/b/best.pt,"[{""action"":{""high_action"":""stop"",""order_decision"":""only_cost""},""phase"":""high""},{""action"":{""search_k"":1,""search_strategy"":""default""},""phase"":""search""},{""action"":{""execution_action"":""none"",""lip_action"":""none""},""phase"":""low""}]"
JOB,random,b,./workloads/query_job/11c.sql,NQO,196.551643311977,109.721000000000,ok,b2c193bb2ebc02f2162d38ca5dac4f6d10d4e06d16185023a34d22d98dd15785,1,0ff72212d7b5c96d81fade0202bc1b33f39a963e7313e750fefd362549c89ba3,0b05bb3b46efee3507a0b55d8ea7d2655f7be8effda9662130ea3658e922bc31,./results/models/job/random/b/best.pt,"[{""action"":{""high_action"":""stop"",""order_decision"":""only_cost""},""phase"":""high""},{""action"":{""search_k"":1,""search_strategy"":""default""},""phase"":""search""},{""action"":{""execution_action"":""none"",""lip_action"":""none""},""phase"":""low""}]"
JOB,random,c,./workloads/query_job/12a.sql,NQO,625.057950615883,295.887000000000,ok,72a73e4851ae911962d68c0f9932b72cdda7b7f9e62f9a53610b13beba2ebb45,1,039456c8decb6586a34d97481c20b9b90a25614c0567e6895a1a601cabc84154,d792af14ee6fd93f8bccfc7c14512bf23f28699b31c70cfa27562a95d27836eb,./results/models/job/random/c/best.pt,"[{""action"":{""high_action"":""split"",""order_decision"":""only_cost""},""phase"":""high""},{""action"":{""high_action"":""split"",""order_decision"":""only_cost""},""phase"":""high""},{""action"":{""candidate_id"":2,""schedule_alpha"":0.5},""phase"":""select""},{""action"":{""search_k"":1,""search_strategy"":""default""},""phase"":""search""},{""action"":{""execution_action"":""none"",""lip_action"":""none""},""phase"":""low""},{""action"":{""high_action"":""split"",""order_decision"":""only_cost""},""phase"":""high""},{""action"":{""candidate_id"":1,""schedule_alpha"":0.5},""phase"":""select""},{""action"":{""search_k"":1,""search_strategy"":""default""},""phase"":""search""},{""action"":{""execution_action"":""none"",""lip_action"":""none""},""phase"":""low""},{""action"":{""high_action"":""stop"",""order_decision"":""only_cost""},""phase"":""high""},{""action"":{""search_k"":1,""search_strategy"":""default""},""phase"":""search""},{""action"":{""execution_action"":""none"",""lip_action"":""none""},""phase"":""low""}]"
JOB,random,b,./workloads/query_job/12b.sql,NQO,94.537101686000,50.437390804291,timeout,,,6fa87abe534ac3de17fc63d8d910cd161164b965f3145f153427d39e45403467,bcc35cee34e9ed2c06496407e4ba245694dda3be0b394b90e280f34f2b52bae4,./results/models/job/random/b/best.pt,"[{""action"":{""high_action"":""stop"",""order_decision"":""only_cost""},""phase"":""high""}]"
JOB,random,c,./workloads/query_job/13c.sql,NQO,906.577110290527,343.751000000000,ok,6c92afdf2463474643ad9a8b9d6ea56de47b8ed184cb9b8e8ff35ff9de872b10,1,08df6d80106df4b6b5d3e0a754ba33fe17d7164530a12d2fb75418d76b580ce8,e9aeafe555c157d28836fb2952ad6f0eb8b0223f0518ee36219e16dead349d09,./results/models/job/random/c/best.pt,"[{""action"":{""high_action"":""split"",""order_decision"":""only_cost""},""phase"":""high""},{""action"":{""candidate_id"":2,""schedule_alpha"":0.5},""phase"":""select""},{""action"":{""search_k"":1,""search_strategy"":""default""},""phase"":""search""},{""action"":{""execution_action"":""none"",""lip_action"":""none""},""phase"":""low""},{""action"":{""high_action"":""split"",""order_decision"":""only_cost""},""phase"":""high""},{""action"":{""candidate_id"":0,""schedule_alpha"":0.5},""phase"":""select""},{""action"":{""search_k"":1,""search_strategy"":""default""},""phase"":""search""},{""action"":{""execution_action"":""conservative"",""lip_action"":""selective""},""phase"":""low""},{""action"":{""high_action"":""split"",""order_decision"":""only_cost""},""phase"":""high""},{""action"":{""candidate_id"":0,""schedule_alpha"":0.5},""phase"":""select""},{""action"":{""search_k"":1,""search_strategy"":""default""},""phase"":""search""},{""action"":{""execution_action"":""none"",""lip_action"":""none""},""phase"":""low""},{""action"":{""high_action"":""stop"",""order_decision"":""only_cost""},""phase"":""high""},{""action"":{""search_k"":1,""search_strategy"":""default""},""phase"":""search""},{""action"":{""execution_action"":""none"",""lip_action"":""none""},""phase"":""low""}]"
JOB,random,b,./workloads/query_job/12c.sql,NQO,995.539233088493,120.206000000000,ok,2685b9a0325e3902e5468135e1a5ffa557164adf82a6f559cd0a97f056cf13e2,1,defc9be02adee3f889fd8f0ee2a805f4966b24b24b01637f19ae9e71c1321179,4026aca36731bc41da041fb777421150096d5d5311511616847da89fd9b590f6,./results/models/job/random/b/best.pt,"[{""action"":{""search_k"":1,""search_strategy"":""default""},""phase"":""search""},{""action"":{""high_action"":""stop"",""order_decision"":""only_cost""},""phase"":""high""},{""action"":{""search_k"":1,""search_strategy"":""default""},""phase"":""search""},{""action"":{""execution_action"":""none"",""lip_action"":""none""},""phase"":""low""}]"
JOB,random,b,./workloads/query_job/14b.sql,NQO,259.650520980358,98.030000000000,ok,74085e27c595ac219c6257d663e3ccccdf16299520347ac5488a715783f18a41,1,07c29bb8c9451a200c85bbec47e3c6ed08e13f6024cbb004e8b2545f2d20aa19,86d0d2b76cd546e43b64df9386384c1ef290c32e154e439b7634db9cff6dadee,./results/models/job/random/b/best.pt,"[{""action"":{""high_action"":""stop"",""order_decision"":""only_cost""},""phase"":""high""},{""action"":{""search_k"":1,""search_strategy"":""default""},""phase"":""search""},{""action"":{""execution_action"":""none"",""lip_action"":""none""},""phase"":""low""}]"
JOB,random,b,./workloads/query_job/14c.sql,NQO,563.653342425823,109.296000000000,ok,c394284262ba60039e0e66c6ad41c10e412ec18d31dd585ff5e4725d815167fb,1,b82a3e57aec2dfd9c021c7d85c6e9a14f3d9e71ac971c0334f69bea3eb5e031b,de3e4a707fe0bd968c9f6747b4f3194c5d20ee79b0f7de82b0a5a0cad2a18e29,./results/models/job/random/b/best.pt,"[{""action"":{""high_action"":""stop"",""order_decision"":""only_cost""},""phase"":""high""},{""action"":{""search_k"":1,""search_strategy"":""default""},""phase"":""search""},{""action"":{""execution_action"":""none"",""lip_action"":""none""},""phase"":""low""}]"
JOB,random,b,./workloads/query_job/15d.sql,NQO,507.181771099567,113.694000000000,ok,400b22fc5681b1b57424bd968b6e45956b7d18c499f4d29c205d2e35ea4f6dce,1,3d9febe8353b458376a2f5f224bb5e2deafff5395da62d1f5af38dcb9e829e30,3140f7f24f450c77da07fa5eb71d47959acf7aca9ae7839fc223c44677250c6b,./results/models/job/random/b/best.pt,"[{""action"":{""high_action"":""stop"",""order_decision"":""only_cost""},""phase"":""high""},{""action"":{""search_k"":1,""search_strategy"":""default""},""phase"":""search""},{""action"":{""execution_action"":""none"",""lip_action"":""none""},""phase"":""low""}]"
JOB,random,b,./workloads/query_job/16a.sql,NQO,312.082640826702,103.561000000000,ok,89605e8682aca7a7cb1efeac4cc95ca623a179f8f74edd938678a4c46582f7d4,1,2b2b14540353254596f32994fd0e2738b8f7fcc29db9d499b4583723e41870b2,85135b5985fd15358ff31452346852800222f0e697f82751f44b893f51f61975,./results/models/job/random/b/best.pt,"[{""action"":{""high_action"":""stop"",""order_decision"":""only_cost""},""phase"":""high""},{""action"":{""search_k"":1,""search_strategy"":""default""},""phase"":""search""},{""action"":{""execution_action"":""none"",""lip_action"":""none""},""phase"":""low""}]"
JOB,random,a,./workloads/query_job/10c.sql,NQO,3848.730631172657,129.343000000000,ok,73b0bf53e0d911a07eeb82a77e0c4d8e572b4a66464eabd6ab74eddeab66e4b6,1,ecc26a746fae1624ea6c7cc9bea44770b33ad3f8dc3f00c783edbcf650b1622c,280c431ad96a3aed66695290004d28cfb927176da39138f1c26579db1318f8c5,./results/models/job/random/a/best.pt,"[{""action"":{""high_action"":""stop"",""order_decision"":""only_cost""},""phase"":""high""},{""action"":{""search_k"":1,""search_strategy"":""default""},""phase"":""search""},{""action"":{""execution_action"":""conservative"",""lip_action"":""selective""},""phase"":""low""}]"
JOB,random,a,./workloads/query_job/11d.sql,NQO,185.554109513760,95.495000000000,ok,9cb816dd041a224947eb0fb043923741b74d5d9a5f166fba04b74e94219c6f3d,1,29407dd5e1a9c8a274b8fe9fea24d2c4374d0c490b107e368d1c9b8b8fddd770,520a0b0c7d10b24547e942454bb374e2afa2fe857e502571c4d49383656723d8,./results/models/job/random/a/best.pt,"[{""action"":{""high_action"":""stop"",""order_decision"":""only_cost""},""phase"":""high""},{""action"":{""search_k"":1,""search_strategy"":""default""},""phase"":""search""},{""action"":{""execution_action"":""none"",""lip_action"":""none""},""phase"":""low""}]"
JOB,random,a,./workloads/query_job/13a.sql,NQO,1469.796650111675,126.876000000000,ok,c4804a197abf5da2bb7593ac7db436380a133caa41d6519509f5fff9d0c1310d,1,87d400b4e9da10d71e58a0025005c24b8853deb642ddfea508be855a30decbbc,05fcfb66c3e71a6fb3e19b71c94842761bd8e9d21ecb00331e8e2740f83d3e81,./results/models/job/random/a/best.pt,"[{""action"":{""high_action"":""stop"",""order_decision"":""only_cost""},""phase"":""high""},{""action"":{""search_k"":1,""search_strategy"":""default""},""phase"":""search""},{""action"":{""execution_action"":""conservative"",""lip_action"":""selective""},""phase"":""low""}]"
JOB,random,a,./workloads/query_job/13b.sql,NQO,862.302176654339,90.887000000000,ok,18170491b6ba1300d74d5c4cf4749c8d52e76f06f7fed17a25f5fc6979544c84,1,c045b0afc758e0910f9bb799e8ce6e0c023d0f2938f0be0d7c39fc3bd6702124,6b73e2b72c4c0eda948f7cf203b6d4ffe7e9a9ce80acbe7860af72a4e6d74ab6,./results/models/job/random/a/best.pt,"[{""action"":{""high_action"":""stop"",""order_decision"":""only_cost""},""phase"":""high""},{""action"":{""search_k"":1,""search_strategy"":""default""},""phase"":""search""},{""action"":{""execution_action"":""conservative"",""lip_action"":""selective""},""phase"":""low""}]"
JOB,random,b,./workloads/query_job/16b.sql,NQO,4900.156967341900,275.000000000000,ok,95e5ef8d636ceba1ed44c587d7aa469e1651b7364043e88c381b8fb0ca17d68f,1,734b3e16e27a1b847b5645d892ca995a8fcd0044229295ad2ead92bc66be4dbb,ff988d31a9f332919fad94907538b88c9f9c989f97f7db2ac42aa1004a8cbc65,./results/models/job/random/b/best.pt,"[{""action"":{""high_action"":""split"",""order_decision"":""only_cost""},""phase"":""high""},{""action"":{""candidate_id"":3,""schedule_alpha"":1.0},""phase"":""select""},{""action"":{""search_k"":1,""search_strategy"":""default""},""phase"":""search""},{""action"":{""execution_action"":""none"",""lip_action"":""none""},""phase"":""low""},{""action"":{""high_action"":""split"",""order_decision"":""only_cost""},""phase"":""high""},{""action"":{""candidate_id"":2,""schedule_alpha"":1.0},""phase"":""select""},{""action"":{""search_k"":1,""search_strategy"":""default""},""phase"":""search""},{""action"":{""execution_action"":""none"",""lip_action"":""none""},""phase"":""low""},{""action"":{""high_action"":""split"",""order_decision"":""only_cost""},""phase"":""high""},{""action"":{""candidate_id"":0,""schedule_alpha"":1.0},""phase"":""select""},{""action"":{""search_k"":1,""search_strategy"":""default""},""phase"":""search""},{""action"":{""execution_action"":""none"",""lip_action"":""none""},""phase"":""low""},{""action"":{""high_action"":""stop"",""order_decision"":""only_cost""},""phase"":""high""},{""action"":{""search_k"":1,""search_strategy"":""default""},""phase"":""search""},{""action"":{""execution_action"":""none"",""lip_action"":""none""},""phase"":""low""}]"
JOB,random,a,./workloads/query_job/13d.sql,NQO,2561.244852840900,104.938000000000,ok,75e60c780640482870108535d972de51e3c0d1ada10eea1b6044cb8d5981e250,1,2c97dcd19f5e859345a7e1470d3dc3cc9366c7ff6af3913e70ecac53ad1a0aec,7739f215260297ac7a4c05b182c757b8085fdbbc73a50592bd5ac3f493e85538,./results/models/job/random/a/best.pt,"[{""action"":{""high_action"":""stop"",""order_decision"":""only_cost""},""phase"":""high""},{""action"":{""search_k"":1,""search_strategy"":""default""},""phase"":""search""},{""action"":{""execution_action"":""conservative"",""lip_action"":""selective""},""phase"":""low""}]"
JOB,random,a,./workloads/query_job/15c.sql,NQO,523.979231715202,116.181000000000,ok,1ef63c716951a295144f4fe42f1d8517acad2d6b21d150e58d24fcb22995d3ae,1,30fd72428ae34a5df567d1512593a3d9f66d2c4c5e5891ca0b66d446871daaac,1501c740a96bdea0bd2d8b4130caff50029e3b9771aaf3d1e3bb7b063dfb1c6f,./results/models/job/random/a/best.pt,"[{""action"":{""high_action"":""stop"",""order_decision"":""only_cost""},""phase"":""high""},{""action"":{""search_k"":1,""search_strategy"":""default""},""phase"":""search""},{""action"":{""execution_action"":""none"",""lip_action"":""none""},""phase"":""low""}]"
JOB,random,c,./workloads/query_job/14a.sql,NQO,601.895868778229,317.991000000000,ok,9a707a6251d650311b9d657bd32fc2aed8eabb8324b27d771856f014860252c8,1,ec1cbf533144aa1de9721894cd8684063aa34de15e85556cfb0146aad4d4ef69,97ac1c681602deaceea13bb57ca0cfd5914f75859f7590d4e7a1dc9d6b4a8f94,./results/models/job/random/c/best.pt,"[{""action"":{""high_action"":""split"",""order_decision"":""only_cost""},""phase"":""high""},{""action"":{""candidate_id"":2,""schedule_alpha"":0.5},""phase"":""select""},{""action"":{""search_k"":1,""search_strategy"":""default""},""phase"":""search""},{""action"":{""execution_action"":""none"",""lip_action"":""none""},""phase"":""low""},{""action"":{""high_action"":""split"",""order_decision"":""only_cost""},""phase"":""high""},{""action"":{""candidate_id"":0,""schedule_alpha"":0.5},""phase"":""select""},{""action"":{""search_k"":1,""search_strategy"":""default""},""phase"":""search""},{""action"":{""execution_action"":""conservative"",""lip_action"":""selective""},""phase"":""low""},{""action"":{""high_action"":""split"",""order_decision"":""only_cost""},""phase"":""high""},{""action"":{""candidate_id"":1,""schedule_alpha"":0.5},""phase"":""select""},{""action"":{""search_k"":1,""search_strategy"":""default""},""phase"":""search""},{""action"":{""execution_action"":""none"",""lip_action"":""none""},""phase"":""low""},{""action"":{""high_action"":""stop"",""order_decision"":""only_cost""},""phase"":""high""},{""action"":{""search_k"":1,""search_strategy"":""default""},""phase"":""search""},{""action"":{""execution_action"":""none"",""lip_action"":""none""},""phase"":""low""}]"
JOB,random,c,./workloads/query_job/15a.sql,NQO,705.781899392605,318.378000000000,ok,9aa21a8fa13146f60f32bc16ecd4a6803fcf27eb022da89a2a1ee12d269a6b60,1,1fb0c88ae27993b64dddd8e3038d7564288eb1d30b5431821df0ac588d835e39,fb3537dd87bc97b14f318db7e30443b5ce0ff2e218c70141c4442cfb8ac63f3b,./results/models/job/random/c/best.pt,"[{""action"":{""high_action"":""split"",""order_decision"":""only_cost""},""phase"":""high""},{""action"":{""candidate_id"":2,""schedule_alpha"":0.5},""phase"":""select""},{""action"":{""search_k"":1,""search_strategy"":""default""},""phase"":""search""},{""action"":{""execution_action"":""none"",""lip_action"":""none""},""phase"":""low""},{""action"":{""high_action"":""split"",""order_decision"":""only_cost""},""phase"":""high""},{""action"":{""candidate_id"":1,""schedule_alpha"":0.5},""phase"":""select""},{""action"":{""search_k"":1,""search_strategy"":""default""},""phase"":""search""},{""action"":{""execution_action"":""none"",""lip_action"":""none""},""phase"":""low""},{""action"":{""high_action"":""split"",""order_decision"":""only_cost""},""phase"":""high""},{""action"":{""candidate_id"":0,""schedule_alpha"":0.5},""phase"":""select""},{""action"":{""search_k"":1,""search_strategy"":""default""},""phase"":""search""},{""action"":{""execution_action"":""none"",""lip_action"":""none""},""phase"":""low""},{""action"":{""high_action"":""stop"",""order_decision"":""only_cost""},""phase"":""high""},{""action"":{""search_k"":1,""search_strategy"":""default""},""phase"":""search""},{""action"":{""execution_action"":""none"",""lip_action"":""none""},""phase"":""low""}]"
JOB,random,a,./workloads/query_job/17d.sql,NQO,1587.553828954697,228.131000000000,ok,9a519542553c082aa22cad711ded801827b50f2fc8a7b5078563cb2b04a7428e,1,b8fe365a298455e929fb95432ca3c03db85ddcaba811d7315d36b72713bfa69d,60e8faaa6c101f4614f0a74841f8a5ab1624a2e4d5b230f5f53a0d387f7cbde8,./results/models/job/random/a/best.pt,"[{""action"":{""high_action"":""split"",""order_decision"":""only_cost""},""phase"":""high""},{""action"":{""candidate_id"":2,""schedule_alpha"":0.5},""phase"":""select""},{""action"":{""search_k"":1,""search_strategy"":""default""},""phase"":""search""},{""action"":{""execution_action"":""none"",""lip_action"":""none""},""phase"":""low""},{""action"":{""high_action"":""split"",""order_decision"":""only_cost""},""phase"":""high""},{""action"":{""candidate_id"":0,""schedule_alpha"":0.5},""phase"":""select""},{""action"":{""search_k"":1,""search_strategy"":""default""},""phase"":""search""},{""action"":{""execution_action"":""none"",""lip_action"":""none""},""phase"":""low""},{""action"":{""high_action"":""stop"",""order_decision"":""only_cost""},""phase"":""high""},{""action"":{""search_k"":1,""search_strategy"":""default""},""phase"":""search""},{""action"":{""execution_action"":""none"",""lip_action"":""none""},""phase"":""low""}]"
JOB,random,b,./workloads/query_job/17f.sql,NQO,4493.690036237240,197.111000000000,ok,920b6b482600d5e100bde41a7665792302f7f5ee9dd0da35273868af81e8948f,1,e8f93b5a6969e12a68ab4d40efc615275d69329028aaa001185ebdd0b401ef7d,20b314cfc5fae23ae03b0cd8a004b0d12671d41ed89296caf7516764b1a41a85,./results/models/job/random/b/best.pt,"[{""action"":{""high_action"":""split"",""order_decision"":""only_cost""},""phase"":""high""},{""action"":{""candidate_id"":2,""schedule_alpha"":1.0},""phase"":""select""},{""action"":{""search_k"":1,""search_strategy"":""default""},""phase"":""search""},{""action"":{""execution_action"":""none"",""lip_action"":""none""},""phase"":""low""},{""action"":{""high_action"":""split"",""order_decision"":""only_cost""},""phase"":""high""},{""action"":{""candidate_id"":1,""schedule_alpha"":1.0},""phase"":""select""},{""action"":{""search_k"":1,""search_strategy"":""default""},""phase"":""search""},{""action"":{""execution_action"":""none"",""lip_action"":""none""},""phase"":""low""},{""action"":{""high_action"":""stop"",""order_decision"":""only_cost""},""phase"":""high""},{""action"":{""search_k"":1,""search_strategy"":""default""},""phase"":""search""},{""action"":{""execution_action"":""none"",""lip_action"":""none""},""phase"":""low""}]"
JOB,random,a,./workloads/query_job/18b.sql,NQO,629.494532942772,249.318000000000,ok,6635682ea66176cb4b122c8c01b41b06001993191e9889f440da443126fcee38,1,3d8da84cedc7d27828c3fde01a8f52c41b93d45abd2aadf85c3e298cb678503a,872b11422b3a3b1d903fc241328988e618fbe28dcd05effd79f5344bd80b3a48,./results/models/job/random/a/best.pt,"[{""action"":{""high_action"":""split"",""order_decision"":""only_cost""},""phase"":""high""},{""action"":{""candidate_id"":2,""schedule_alpha"":0.5},""phase"":""select""},{""action"":{""search_k"":1,""search_strategy"":""default""},""phase"":""search""},{""action"":{""execution_action"":""none"",""lip_action"":""none""},""phase"":""low""},{""action"":{""high_action"":""split"",""order_decision"":""only_cost""},""phase"":""high""},{""action"":{""candidate_id"":1,""schedule_alpha"":0.5},""phase"":""select""},{""action"":{""search_k"":1,""search_strategy"":""default""},""phase"":""search""},{""action"":{""execution_action"":""none"",""lip_action"":""none""},""phase"":""low""},{""action"":{""high_action"":""stop"",""order_decision"":""only_cost""},""phase"":""high""},{""action"":{""search_k"":1,""search_strategy"":""default""},""phase"":""search""},{""action"":{""execution_action"":""none"",""lip_action"":""none""},""phase"":""low""}]"
JOB,random,c,./workloads/query_job/15b.sql,NQO,402.449779212475,255.037000000000,timeout,,,67337d15c807bd5a0fb4af30ee0beb9d4b4d64419a831e8def3b17fd773ca649,bfb6c0dfb08d853b839818f893cdc4d7fcbd485ed6970e5086c439fe42ce18a4,./results/models/job/random/c/best.pt,"[{""action"":{""high_action"":""split"",""order_decision"":""only_cost""},""phase"":""high""},{""action"":{""candidate_id"":1,""schedule_alpha"":0.5},""phase"":""select""},{""action"":{""search_k"":1,""search_strategy"":""default""},""phase"":""search""},{""action"":{""execution_action"":""none"",""lip_action"":""none""},""phase"":""low""},{""action"":{""high_action"":""split"",""order_decision"":""only_cost""},""phase"":""high""},{""action"":{""candidate_id"":1,""schedule_alpha"":0.5},""phase"":""select""},{""action"":{""search_k"":1,""search_strategy"":""default""},""phase"":""search""},{""action"":{""execution_action"":""none"",""lip_action"":""none""},""phase"":""low""},{""action"":{""high_action"":""split"",""order_decision"":""only_cost""},""phase"":""high""},{""action"":{""candidate_id"":0,""schedule_alpha"":0.5},""phase"":""select""},{""action"":{""search_k"":1,""search_strategy"":""default""},""phase"":""search""},{""action"":{""execution_action"":""none"",""lip_action"":""none""},""phase"":""low""},{""action"":{""high_action"":""stop"",""order_decision"":""only_cost""},""phase"":""high""}]"
JOB,random,a,./workloads/query_job/18c.sql,NQO,3435.949355363846,236.860000000000,ok,c906571383fe4764b5e216ef7870d0448e23624f2e3a4df76163d54f23adc84e,1,2b9fb010f768b082a722ee20670841eb423da295205729e9cc292ba7fd48bb5f,ceb381458eb246d29a35189081e678df3875eac65754c8869cd9df31019e34d4,./results/models/job/random/a/best.pt,"[{""action"":{""high_action"":""split"",""order_decision"":""only_cost""},""phase"":""high""},{""action"":{""candidate_id"":1,""schedule_alpha"":0.5},""phase"":""select""},{""action"":{""search_k"":1,""search_strategy"":""default""},""phase"":""search""},{""action"":{""execution_action"":""none"",""lip_action"":""none""},""phase"":""low""},{""action"":{""high_action"":""split"",""order_decision"":""only_cost""},""phase"":""high""},{""action"":{""candidate_id"":1,""schedule_alpha"":0.5},""phase"":""select""},{""action"":{""search_k"":1,""search_strategy"":""default""},""phase"":""search""},{""action"":{""execution_action"":""conservative"",""lip_action"":""selective""},""phase"":""low""},{""action"":{""high_action"":""stop"",""order_decision"":""only_cost""},""phase"":""high""},{""action"":{""search_k"":1,""search_strategy"":""default""},""phase"":""search""},{""action"":{""execution_action"":""conservative"",""lip_action"":""selective""},""phase"":""low""}]"
JOB,random,b,./workloads/query_job/18a.sql,NQO,3848.093301057816,252.296000000000,ok,4ea394ad5b6ff23d28102b48eef256f385144f05c176dcf273e5fc3dfc0f3ea7,1,7570a26b58c93bd9084584cd2a476c68eaf33aa45306ec012a0aac2148b9fd5e,e12f03814ad3e57734e41300e7dbe191ab0aaf1aad5e97632b96a2909ae9cb80,./results/models/job/random/b/best.pt,"[{""action"":{""high_action"":""split"",""order_decision"":""only_cost""},""phase"":""high""},{""action"":{""candidate_id"":2,""schedule_alpha"":1.0},""phase"":""select""},{""action"":{""search_k"":1,""search_strategy"":""default""},""phase"":""search""},{""action"":{""execution_action"":""none"",""lip_action"":""none""},""phase"":""low""},{""action"":{""high_action"":""split"",""order_decision"":""only_cost""},""phase"":""high""},{""action"":{""candidate_id"":1,""schedule_alpha"":1.0},""phase"":""select""},{""action"":{""search_k"":1,""search_strategy"":""default""},""phase"":""search""},{""action"":{""execution_action"":""none"",""lip_action"":""none""},""phase"":""low""},{""action"":{""high_action"":""stop"",""order_decision"":""only_cost""},""phase"":""high""},{""action"":{""search_k"":1,""search_strategy"":""default""},""phase"":""search""},{""action"":{""execution_action"":""none"",""lip_action"":""none""},""phase"":""low""}]"
JOB,random,a,./workloads/query_job/19b.sql,NQO,419.621579349041,110.567000000000,ok,91275ea0a7bef7c58863c590bb17df5976280a00d3553ff0ccfd2fc85a34dfb6,1,421601281c0d262bea1a4bb17f5a9144c67b078da68362c9a6cdecceefbc6c22,54ec3a08d7f19fc33fb12ea5742ef39c5294e6106f24827613e94c49d61d6603,./results/models/job/random/a/best.pt,"[{""action"":{""high_action"":""stop"",""order_decision"":""only_cost""},""phase"":""high""},{""action"":{""search_k"":1,""search_strategy"":""default""},""phase"":""search""},{""action"":{""execution_action"":""none"",""lip_action"":""none""},""phase"":""low""}]"
JOB,random,c,./workloads/query_job/16c.sql,NQO,1329.997792840004,280.604000000000,ok,1318f60bc0ac9eb3ca4ac578870bec99e9ac05ece5a440ba30e253efb9ea5aeb,1,1ee46322a97a4166cf9e13de0712ab96e31ccf079359fc498672107b771c6774,531099170a75a09ac85832070895aa438346dbdbb0bbacfcec970d952148a685,./results/models/job/random/c/best.pt,"[{""action"":{""search_k"":1,""search_strategy"":""default""},""phase"":""search""},{""action"":{""high_action"":""split"",""order_decision"":""only_cost""},""phase"":""high""},{""action"":{""candidate_id"":3,""schedule_alpha"":0.5},""phase"":""select""},{""action"":{""search_k"":1,""search_strategy"":""default""},""phase"":""search""},{""action"":{""execution_action"":""none"",""lip_action"":""none""},""phase"":""low""},{""action"":{""high_action"":""split"",""order_decision"":""only_cost""},""phase"":""high""},{""action"":{""candidate_id"":2,""schedule_alpha"":0.5},""phase"":""select""},{""action"":{""search_k"":1,""search_strategy"":""default""},""phase"":""search""},{""action"":{""execution_action"":""conservative"",""lip_action"":""selective""},""phase"":""low""},{""action"":{""high_action"":""split"",""order_decision"":""only_cost""},""phase"":""high""},{""action"":{""candidate_id"":1,""schedule_alpha"":0.5},""phase"":""select""},{""action"":{""search_k"":1,""search_strategy"":""default""},""phase"":""search""},{""action"":{""execution_action"":""none"",""lip_action"":""none""},""phase"":""low""},{""action"":{""high_action"":""stop"",""order_decision"":""only_cost""},""phase"":""high""},{""action"":{""search_k"":1,""search_strategy"":""default""},""phase"":""search""},{""action"":{""execution_action"":""none"",""lip_action"":""none""},""phase"":""low""}]"
JOB,random,a,./workloads/query_job/19c.sql,NQO,1835.753895342350,301.722000000000,ok,c5cd8693234259a6d75554b225b6a46dcba2536c6325db58e9e56e8505f59c7c,1,b147e0f9b4ce015988233f7f97796ab9ff44aba89fe3e040d64256df23dda806,0b376b2d7e4e236872992e6ad79de987f2f19c716488e760855d567ca2c7cb6c,./results/models/job/random/a/best.pt,"[{""action"":{""high_action"":""split"",""order_decision"":""only_cost""},""phase"":""high""},{""action"":{""candidate_id"":1,""schedule_alpha"":0.5},""phase"":""select""},{""action"":{""search_k"":1,""search_strategy"":""default""},""phase"":""search""},{""action"":{""execution_action"":""none"",""lip_action"":""none""},""phase"":""low""},{""action"":{""high_action"":""split"",""order_decision"":""only_cost""},""phase"":""high""},{""action"":{""candidate_id"":2,""schedule_alpha"":0.5},""phase"":""select""},{""action"":{""search_k"":1,""search_strategy"":""default""},""phase"":""search""},{""action"":{""execution_action"":""none"",""lip_action"":""none""},""phase"":""low""},{""action"":{""high_action"":""split"",""order_decision"":""only_cost""},""phase"":""high""},{""action"":{""candidate_id"":0,""schedule_alpha"":0.5},""phase"":""select""},{""action"":{""search_k"":1,""search_strategy"":""default""},""phase"":""search""},{""action"":{""execution_action"":""none"",""lip_action"":""none""},""phase"":""low""},{""action"":{""high_action"":""stop"",""order_decision"":""only_cost""},""phase"":""high""},{""action"":{""search_k"":1,""search_strategy"":""default""},""phase"":""search""},{""action"":{""execution_action"":""none"",""lip_action"":""none""},""phase"":""low""}]"
JOB,random,a,./workloads/query_job/1a.sql,NQO,120.703309774399,70.281000000000,ok,4509535bf8626cc136208e1b88afc7aa478160ccf6b340e66765b9bcf2288a38,1,9708d74ba88703d5b27a4674d2d33f9f5eadffbbe614f661bae9b34aebcaee8c,582f7c166696a701a6a0252ff283026bfa890a77977f72139430641beff2bab2,./results/models/job/random/a/best.pt,"[{""action"":{""high_action"":""stop"",""order_decision"":""only_cost""},""phase"":""high""},{""action"":{""search_k"":1,""search_strategy"":""default""},""phase"":""search""},{""action"":{""execution_action"":""conservative"",""lip_action"":""selective""},""phase"":""low""}]"
JOB,random,c,./workloads/query_job/16d.sql,NQO,1105.847567319870,215.394000000000,ok,1318f60bc0ac9eb3ca4ac578870bec99e9ac05ece5a440ba30e253efb9ea5aeb,1,b9586d467e96a10cb292e09eee32f1b058af08ed115ebc783e31d0cdfcef582f,828954841aefd723a277fdfcef2ae3e25a1157e4353140c4e2cb601b79eb1ed5,./results/models/job/random/c/best.pt,"[{""action"":{""high_action"":""split"",""order_decision"":""only_cost""},""phase"":""high""},{""action"":{""candidate_id"":3,""schedule_alpha"":0.5},""phase"":""select""},{""action"":{""search_k"":1,""search_strategy"":""default""},""phase"":""search""},{""action"":{""execution_action"":""none"",""lip_action"":""none""},""phase"":""low""},{""action"":{""high_action"":""split"",""order_decision"":""only_cost""},""phase"":""high""},{""action"":{""candidate_id"":2,""schedule_alpha"":0.5},""phase"":""select""},{""action"":{""search_k"":1,""search_strategy"":""default""},""phase"":""search""},{""action"":{""execution_action"":""none"",""lip_action"":""none""},""phase"":""low""},{""action"":{""high_action"":""split"",""order_decision"":""only_cost""},""phase"":""high""},{""action"":{""candidate_id"":1,""schedule_alpha"":0.5},""phase"":""select""},{""action"":{""search_k"":1,""search_strategy"":""default""},""phase"":""search""},{""action"":{""execution_action"":""none"",""lip_action"":""none""},""phase"":""low""},{""action"":{""high_action"":""stop"",""order_decision"":""only_cost""},""phase"":""high""},{""action"":{""search_k"":1,""search_strategy"":""default""},""phase"":""search""},{""action"":{""execution_action"":""none"",""lip_action"":""none""},""phase"":""low""}]"
JOB,random,b,./workloads/query_job/19a.sql,NQO,1609.912000596523,124.372000000000,ok,1f0ca7719cfc34a43e2d3322146638f13989d450c4591afc7b3885613918e4de,1,76e09b4922705171e4a1c8b9f807831827ab0d2088e434717cd504a5b6a24f9d,493ef2805ac6a1d9d4b67ccc9c7b6639ff55ac93510e83f8095e551f7af7a9d2,./results/models/job/random/b/best.pt,"[{""action"":{""high_action"":""stop"",""order_decision"":""only_cost""},""phase"":""high""},{""action"":{""search_k"":1,""search_strategy"":""default""},""phase"":""search""},{""action"":{""execution_action"":""none"",""lip_action"":""none""},""phase"":""low""}]"
JOB,random,a,./workloads/query_job/20a.sql,NQO,1746.212698519230,323.309000000000,ok,6b45734f0a5780708828d3443113e516d82318bac2ab3150fbdb3933efdfc72f,1,3ec0bfa66040a95ac9feb33aadde2679574df20fe96d50ecbf4e16c898c78e92,bf5bb9fe0e922d767757d33662c4155cb1a8eb2eec5a094827e71c4de554e324,./results/models/job/random/a/best.pt,"[{""action"":{""high_action"":""split"",""order_decision"":""only_cost""},""phase"":""high""},{""action"":{""candidate_id"":2,""schedule_alpha"":0.5},""phase"":""select""},{""action"":{""search_k"":1,""search_strategy"":""default""},""phase"":""search""},{""action"":{""execution_action"":""none"",""lip_action"":""none""},""phase"":""low""},{""action"":{""high_action"":""split"",""order_decision"":""only_cost""},""phase"":""high""},{""action"":{""candidate_id"":2,""schedule_alpha"":0.5},""phase"":""select""},{""action"":{""search_k"":1,""search_strategy"":""default""},""phase"":""search""},{""action"":{""execution_action"":""none"",""lip_action"":""none""},""phase"":""low""},{""action"":{""high_action"":""split"",""order_decision"":""only_cost""},""phase"":""high""},{""action"":{""candidate_id"":0,""schedule_alpha"":0.5},""phase"":""select""},{""action"":{""search_k"":1,""search_strategy"":""default""},""phase"":""search""},{""action"":{""execution_action"":""none"",""lip_action"":""none""},""phase"":""low""},{""action"":{""high_action"":""stop"",""order_decision"":""only_cost""},""phase"":""high""},{""action"":{""search_k"":1,""search_strategy"":""default""},""phase"":""search""},{""action"":{""execution_action"":""none"",""lip_action"":""none""},""phase"":""low""}]"
JOB,random,a,./workloads/query_job/22a.sql,NQO,488.666497170925,127.539000000000,ok,75e86a64394c730e19e73dc31da42a188c784b6c1d943ca5e03d0344a86313fe,1,9af856e41cc1836db17845cf402f35be0857b1e4eee97447952bd694e729d858,38ae36b43c320e2a632279c9449a73e481be0beea172aa75923680d65fea6e50,./results/models/job/random/a/best.pt,"[{""action"":{""high_action"":""stop"",""order_decision"":""only_cost""},""phase"":""high""},{""action"":{""search_k"":1,""search_strategy"":""default""},""phase"":""search""},{""action"":{""execution_action"":""none"",""lip_action"":""none""},""phase"":""low""}]"
JOB,random,c,./workloads/query_job/17a.sql,NQO,3229.884251952171,225.770000000000,ok,0ad8e3fd85f654cd3e58857928c1de84b0542236603c3f965780600958cb00fd,1,9351189802b350dbbcc2d47b5192c7b7e69478353d4585e9c3f66b3d35c91e7d,a8aa1eaf35974a00f9bc5d9d7887c1e3263bff405da3d012bfc6c72611bdd36f,./results/models/job/random/c/best.pt,"[{""action"":{""high_action"":""split"",""order_decision"":""only_cost""},""phase"":""high""},{""action"":{""candidate_id"":2,""schedule_alpha"":0.5},""phase"":""select""},{""action"":{""search_k"":1,""search_strategy"":""default""},""phase"":""search""},{""action"":{""execution_action"":""none"",""lip_action"":""none""},""phase"":""low""},{""action"":{""high_action"":""split"",""order_decision"":""only_cost""},""phase"":""high""},{""action"":{""candidate_id"":1,""schedule_alpha"":0.5},""phase"":""select""},{""action"":{""search_k"":1,""search_strategy"":""default""},""phase"":""search""},{""action"":{""execution_action"":""conservative"",""lip_action"":""selective""},""phase"":""low""},{""action"":{""high_action"":""stop"",""order_decision"":""only_cost""},""phase"":""high""},{""action"":{""search_k"":1,""search_strategy"":""default""},""phase"":""search""},{""action"":{""execution_action"":""none"",""lip_action"":""none""},""phase"":""low""}]"
JOB,random,a,./workloads/query_job/22c.sql,NQO,1272.794820368290,122.920000000000,ok,991e8b67081098ca2488bedc79afe1881f2df52affbd0cf95312f4fb04855bd7,1,6eb685936d77900217385d14481baebe48df1a8ade1d064dd0f73ac699f8b240,bd250b0a56ca36a474cfb32bbc766a69d733fd6b91a97e6a67eaf560fe45416d,./results/models/job/random/a/best.pt,"[{""action"":{""high_action"":""stop"",""order_decision"":""only_cost""},""phase"":""high""},{""action"":{""search_k"":1,""search_strategy"":""default""},""phase"":""search""},{""action"":{""execution_action"":""none"",""lip_action"":""none""},""phase"":""low""}]"
JOB,random,b,./workloads/query_job/1d.sql,NQO,54.583810269835,34.591816365719,timeout,,,e719327a9036aecd48ae3ef9dda0bf7415b8a42d93e46a0c221ba73abbceb994,3cc6579201327a493ca31fdc2f038261717961222904cbd7312aaf04464a29fe,./results/models/job/random/b/best.pt,"[{""action"":{""high_action"":""stop"",""order_decision"":""only_cost""},""phase"":""high""}]"
JOB,random,b,./workloads/query_job/20b.sql,NQO,1160.020202398300,333.541000000000,ok,6b45734f0a5780708828d3443113e516d82318bac2ab3150fbdb3933efdfc72f,1,6c47aa805acb580d57ddbf2933aba2d945724be07b12187fee76251933354512,fed029669a0f4bd8fbccbd5ec0c41320696275c97958fea984f5a39d48c5dd66,./results/models/job/random/b/best.pt,"[{""action"":{""search_k"":1,""search_strategy"":""default""},""phase"":""search""},{""action"":{""high_action"":""split"",""order_decision"":""only_cost""},""phase"":""high""},{""action"":{""candidate_id"":2,""schedule_alpha"":1.0},""phase"":""select""},{""action"":{""search_k"":1,""search_strategy"":""default""},""phase"":""search""},{""action"":{""execution_action"":""none"",""lip_action"":""none""},""phase"":""low""},{""action"":{""high_action"":""split"",""order_decision"":""only_cost""},""phase"":""high""},{""action"":{""candidate_id"":2,""schedule_alpha"":1.0},""phase"":""select""},{""action"":{""search_k"":1,""search_strategy"":""default""},""phase"":""search""},{""action"":{""execution_action"":""none"",""lip_action"":""none""},""phase"":""low""},{""action"":{""high_action"":""split"",""order_decision"":""only_cost""},""phase"":""high""},{""action"":{""candidate_id"":0,""schedule_alpha"":1.0},""phase"":""select""},{""action"":{""search_k"":1,""search_strategy"":""default""},""phase"":""search""},{""action"":{""execution_action"":""none"",""lip_action"":""none""},""phase"":""low""},{""action"":{""high_action"":""stop"",""order_decision"":""only_cost""},""phase"":""high""},{""action"":{""search_k"":1,""search_strategy"":""default""},""phase"":""search""},{""action"":{""execution_action"":""none"",""lip_action"":""none""},""phase"":""low""}]"
JOB,random,c,./workloads/query_job/17b.sql,NQO,3587.071031332016,193.754000000000,ok,0fc21b97eaac753e33e88f5896f317312c731cad8a62b7bae0987a2b129c03d1,1,a7e1443d48b30bc2da51ff179c6e5057f2eb25d68e8e577054777cad2f934656,038c5a93756727b2680b8999bd08b89d7e38213ef05af7ba8b06ff7768a7f743,./results/models/job/random/c/best.pt,"[{""action"":{""high_action"":""split"",""order_decision"":""only_cost""},""phase"":""high""},{""action"":{""candidate_id"":2,""schedule_alpha"":0.5},""phase"":""select""},{""action"":{""search_k"":1,""search_strategy"":""default""},""phase"":""search""},{""action"":{""execution_action"":""none"",""lip_action"":""none""},""phase"":""low""},{""action"":{""high_action"":""split"",""order_decision"":""only_cost""},""phase"":""high""},{""action"":{""candidate_id"":0,""schedule_alpha"":0.5},""phase"":""select""},{""action"":{""search_k"":1,""search_strategy"":""default""},""phase"":""search""},{""action"":{""execution_action"":""conservative"",""lip_action"":""selective""},""phase"":""low""},{""action"":{""high_action"":""stop"",""order_decision"":""only_cost""},""phase"":""high""},{""action"":{""search_k"":1,""search_strategy"":""default""},""phase"":""search""},{""action"":{""execution_action"":""none"",""lip_action"":""none""},""phase"":""low""}]"
JOB,random,a,./workloads/query_job/22d.sql,NQO,2061.168983578682,102.525000000000,ok,18e529eeadd28daacd2cb90fcff55d8be4573ecfaaf76cd6e1ddb1dd25ff265c,1,d5c14169d73110cfa983a17046dc367aa3715ffefea1c7d8a2e3ee18b73a95cb,6539625e1015ca675c3af39f724525a529397fc0ae2b2e42ade36ed7c059c28a,./results/models/job/random/a/best.pt,"[{""action"":{""high_action"":""stop"",""order_decision"":""only_cost""},""phase"":""high""},{""action"":{""search_k"":1,""search_strategy"":""default""},""phase"":""search""},{""action"":{""execution_action"":""none"",""lip_action"":""none""},""phase"":""low""}]"
JOB,random,a,./workloads/query_job/23b.sql,NQO,235.309734940529,117.839000000000,ok,706843969f310473a0308417223dbd3b01f9c23dd72c30ca6a320928a1c6d9a0,1,ad3f51abb896c29fdbfedf07be92d740ad95bbd5d3a802a729d3a2c14b24bebc,f0875df7c349592a05adc96733154f200634d9bd5c2b94232d352443a5a2aa41,./results/models/job/random/a/best.pt,"[{""action"":{""high_action"":""stop"",""order_decision"":""only_cost""},""phase"":""high""},{""action"":{""search_k"":1,""search_strategy"":""default""},""phase"":""search""},{""action"":{""execution_action"":""none"",""lip_action"":""none""},""phase"":""low""}]"
JOB,random,c,./workloads/query_job/17c.sql,NQO,1182.599268853664,159.857000000000,ok,89318885181be4671a585035246d501b4eb546101d7a71035ac9eaf20c99bdff,1,220861037329442a79af9229f688187868af6a4dc9cf8de6aa959d95a7bd35d0,0d22143aefbed83a6c4e9c4b3d8716f41bffbece083820f905220ce91ecd1f99,./results/models/job/random/c/best.pt,"[{""action"":{""high_action"":""split"",""order_decision"":""only_cost""},""phase"":""high""},{""action"":{""candidate_id"":2,""schedule_alpha"":0.5},""phase"":""select""},{""action"":{""search_k"":1,""search_strategy"":""default""},""phase"":""search""},{""action"":{""execution_action"":""none"",""lip_action"":""none""},""phase"":""low""},{""action"":{""high_action"":""split"",""order_decision"":""only_cost""},""phase"":""high""},{""action"":{""candidate_id"":0,""schedule_alpha"":0.5},""phase"":""select""},{""action"":{""search_k"":1,""search_strategy"":""default""},""phase"":""search""},{""action"":{""execution_action"":""none"",""lip_action"":""none""},""phase"":""low""},{""action"":{""high_action"":""stop"",""order_decision"":""only_cost""},""phase"":""high""},{""action"":{""search_k"":1,""search_strategy"":""default""},""phase"":""search""},{""action"":{""execution_action"":""none"",""lip_action"":""none""},""phase"":""low""}]"
JOB,random,a,./workloads/query_job/26b.sql,NQO,643.452093005180,392.365000000000,ok,ff94d7cdb149e39c55c7cbfac87213af89b36e95a7b52e8382ad8bb80a905406,1,24dfd0ae8973e145afb90e4c59695e7fdc026fdf9ecd376d3471a4a4641c769a,ef9820def281a145b0341600e7346f3279d05fab5c2cf4720228b25bad468994,./results/models/job/random/a/best.pt,"[{""action"":{""high_action"":""split"",""order_decision"":""only_cost""},""phase"":""high""},{""action"":{""candidate_id"":3,""schedule_alpha"":0.5},""phase"":""select""},{""action"":{""search_k"":1,""search_strategy"":""default""},""phase"":""search""},{""action"":{""execution_action"":""none"",""lip_action"":""none""},""phase"":""low""},{""action"":{""high_action"":""split"",""order_decision"":""only_cost""},""phase"":""high""},{""action"":{""candidate_id"":3,""schedule_alpha"":0.5},""phase"":""select""},{""action"":{""search_k"":1,""search_strategy"":""default""},""phase"":""search""},{""action"":{""execution_action"":""none"",""lip_action"":""none""},""phase"":""low""},{""action"":{""high_action"":""split"",""order_decision"":""only_cost""},""phase"":""high""},{""action"":{""candidate_id"":2,""schedule_alpha"":0.5},""phase"":""select""},{""action"":{""search_k"":1,""search_strategy"":""default""},""phase"":""search""},{""action"":{""execution_action"":""none"",""lip_action"":""none""},""phase"":""low""},{""action"":{""high_action"":""split"",""order_decision"":""only_cost""},""phase"":""high""},{""action"":{""candidate_id"":0,""schedule_alpha"":0.5},""phase"":""select""},{""action"":{""search_k"":1,""search_strategy"":""default""},""phase"":""search""},{""action"":{""execution_action"":""none"",""lip_action"":""none""},""phase"":""low""},{""action"":{""high_action"":""stop"",""order_decision"":""only_cost""},""phase"":""high""},{""action"":{""search_k"":1,""search_strategy"":""default""},""phase"":""search""},{""action"":{""execution_action"":""none"",""lip_action"":""none""},""phase"":""low""}]"
JOB,random,a,./workloads/query_job/28c.sql,NQO,1604.387074708939,131.583000000000,ok,b1923b38e649e7842d61acc9d38f8455ed8406709c3ba8fba508919ee9e53cc3,1,a0cc70442ed6b1fb6f22bdfada0fc9ff3f3de05dfd171c93615dc2cf6bccba8f,0cfe5bee4c91c5757cc071e7a1c23c5c9787737ecf77728047e16c48fb1a6ff0,./results/models/job/random/a/best.pt,"[{""action"":{""high_action"":""stop"",""order_decision"":""only_cost""},""phase"":""high""},{""action"":{""search_k"":1,""search_strategy"":""default""},""phase"":""search""},{""action"":{""execution_action"":""conservative"",""lip_action"":""selective""},""phase"":""low""}]"
JOB,random,b,./workloads/query_job/22b.sql,NQO,412.651538848877,138.149000000000,ok,0baa81969a7c35965913a86ca9b32cc0ac616b4a9d019c23c7e307b901b97ce4,1,93b7021763df92770fc2e4999660ec6580664e08d5fc609bd62c950e7168764c,233ebc74dc58d1180536ac298527d102e8366d087b49cc24faa72ad76260a99c,./results/models/job/random/b/best.pt,"[{""action"":{""high_action"":""stop"",""order_decision"":""only_cost""},""phase"":""high""},{""action"":{""search_k"":1,""search_strategy"":""default""},""phase"":""search""},{""action"":{""execution_action"":""none"",""lip_action"":""none""},""phase"":""low""}]"
JOB,random,c,./workloads/query_job/17e.sql,NQO,3527.507111430168,176.436000000000,ok,7ab5c6f39076c10d198bb7e034d2791fe5211da1d3a4f44aa6cc67cc1612668b,1,39b608acdea44051bad80065971d97062e3a7fdd68d28fbcbef69926c87d762b,1301f722cb8c27830b90d398f187af978d465cd05db1deb78cfb409ad05d6cdf,./results/models/job/random/c/best.pt,"[{""action"":{""high_action"":""split"",""order_decision"":""only_cost""},""phase"":""high""},{""action"":{""candidate_id"":2,""schedule_alpha"":0.5},""phase"":""select""},{""action"":{""search_k"":1,""search_strategy"":""default""},""phase"":""search""},{""action"":{""execution_action"":""none"",""lip_action"":""none""},""phase"":""low""},{""action"":{""high_action"":""split"",""order_decision"":""only_cost""},""phase"":""high""},{""action"":{""candidate_id"":1,""schedule_alpha"":0.5},""phase"":""select""},{""action"":{""search_k"":1,""search_strategy"":""default""},""phase"":""search""},{""action"":{""execution_action"":""conservative"",""lip_action"":""selective""},""phase"":""low""},{""action"":{""high_action"":""stop"",""order_decision"":""only_cost""},""phase"":""high""},{""action"":{""search_k"":1,""search_strategy"":""default""},""phase"":""search""},{""action"":{""execution_action"":""none"",""lip_action"":""none""},""phase"":""low""}]"
JOB,random,a,./workloads/query_job/2a.sql,NQO,430.498465895653,73.841000000000,ok,926b05773671feeb0bc0c29c32e155c6a95ebf9c8354f34eb0a420c86dcd2587,1,c73383b3626a485b023347748431297ad61e36133193155d3ffec0e07fdf1a45,f898d0269599d67223dd4706a8a0747f01c8e01ee04eda8ce3f521b10235cb36,./results/models/job/random/a/best.pt,"[{""action"":{""high_action"":""stop"",""order_decision"":""only_cost""},""phase"":""high""},{""action"":{""search_k"":1,""search_strategy"":""default""},""phase"":""search""},{""action"":{""execution_action"":""none"",""lip_action"":""none""},""phase"":""low""}]"
JOB,random,a,./workloads/query_job/30b.sql,NQO,752.074666321278,396.233000000000,ok,91a05f71dbba805aeb9c620210fe2d6ba7c806304be891b740e8be86565d2035,1,2df52d93f24b9ac0a4369587eda27714caa8a699e4cda3ae0c109eadd0d9ed71,d313c5e12c2a167feceb645e7d1d1d3682070b6a7ba7f5c4a1bca7e4fd939a2a,./results/models/job/random/a/best.pt,"[{""action"":{""high_action"":""split"",""order_decision"":""only_cost""},""phase"":""high""},{""action"":{""candidate_id"":4,""schedule_alpha"":0.5},""phase"":""select""},{""action"":{""search_k"":1,""search_strategy"":""default""},""phase"":""search""},{""action"":{""execution_action"":""none"",""lip_action"":""none""},""phase"":""low""},{""action"":{""high_action"":""split"",""order_decision"":""only_cost""},""phase"":""high""},{""action"":{""candidate_id"":3,""schedule_alpha"":0.5},""phase"":""select""},{""action"":{""search_k"":1,""search_strategy"":""default""},""phase"":""search""},{""action"":{""execution_action"":""none"",""lip_action"":""none""},""phase"":""low""},{""action"":{""high_action"":""split"",""order_decision"":""only_cost""},""phase"":""high""},{""action"":{""candidate_id"":0,""schedule_alpha"":0.5},""phase"":""select""},{""action"":{""search_k"":1,""search_strategy"":""default""},""phase"":""search""},{""action"":{""execution_action"":""none"",""lip_action"":""none""},""phase"":""low""},{""action"":{""high_action"":""split"",""order_decision"":""only_cost""},""phase"":""high""},{""action"":{""candidate_id"":1,""schedule_alpha"":0.5},""phase"":""select""},{""action"":{""search_k"":1,""search_strategy"":""default""},""phase"":""search""},{""action"":{""execution_action"":""none"",""lip_action"":""none""},""phase"":""low""},{""action"":{""high_action"":""stop"",""order_decision"":""only_cost""},""phase"":""high""},{""action"":{""search_k"":1,""search_strategy"":""default""},""phase"":""search""},{""action"":{""execution_action"":""none"",""lip_action"":""none""},""phase"":""low""}]"
JOB,random,b,./workloads/query_job/23c.sql,NQO,801.602631807327,388.557000000000,ok,d6d3b9a56435f4fe61ee133589ebd35b7135f05afe08be1125990d58b250e9f9,1,73e121f06c637d77022d674072344c31ab83371f44aeb5299c3375b3b993ffa8,0e80eb9e9731b76faee2cbf64151c3116392afbe651e4b53203107a86f1a2f64,./results/models/job/random/b/best.pt,"[{""action"":{""high_action"":""split"",""order_decision"":""only_cost""},""phase"":""high""},{""action"":{""candidate_id"":2,""schedule_alpha"":0.5},""phase"":""select""},{""action"":{""search_k"":1,""search_strategy"":""default""},""phase"":""search""},{""action"":{""execution_action"":""none"",""lip_action"":""none""},""phase"":""low""},{""action"":{""high_action"":""split"",""order_decision"":""only_cost""},""phase"":""high""},{""action"":{""candidate_id"":1,""schedule_alpha"":1.0},""phase"":""select""},{""action"":{""search_k"":1,""search_strategy"":""default""},""phase"":""search""},{""action"":{""execution_action"":""none"",""lip_action"":""none""},""phase"":""low""},{""action"":{""high_action"":""split"",""order_decision"":""only_cost""},""phase"":""high""},{""action"":{""candidate_id"":0,""schedule_alpha"":1.0},""phase"":""select""},{""action"":{""search_k"":1,""search_strategy"":""default""},""phase"":""search""},{""action"":{""execution_action"":""none"",""lip_action"":""none""},""phase"":""low""},{""action"":{""high_action"":""split"",""order_decision"":""only_cost""},""phase"":""high""},{""action"":{""candidate_id"":0,""schedule_alpha"":1.0},""phase"":""select""},{""action"":{""search_k"":1,""search_strategy"":""default""},""phase"":""search""},{""action"":{""execution_action"":""none"",""lip_action"":""none""},""phase"":""low""},{""action"":{""high_action"":""stop"",""order_decision"":""only_cost""},""phase"":""high""},{""action"":{""search_k"":1,""search_strategy"":""default""},""phase"":""search""},{""action"":{""execution_action"":""none"",""lip_action"":""none""},""phase"":""low""}]"
JOB,random,b,./workloads/query_job/24a.sql,NQO,567.846737802029,137.507000000000,ok,204a42374a25968c45c2264edf3c4556cfc932b85e00b12766f4d4defc0c7b03,1,64a7c95a58c06d6dc9e3637d792a96ad29680f84adced48cf1df9ee233a7127d,5a1ba2a0967cd9034e3075a8612e528c0f90957df9cea3b054ac3a5b787bdccc,./results/models/job/random/b/best.pt,"[{""action"":{""high_action"":""stop"",""order_decision"":""only_cost""},""phase"":""high""},{""action"":{""search_k"":1,""search_strategy"":""default""},""phase"":""search""},{""action"":{""execution_action"":""none"",""lip_action"":""none""},""phase"":""low""}]"
JOB,random,b,./workloads/query_job/25c.sql,NQO,2388.012960553169,316.832000000000,ok,3486657244f11c43ff4c086a859a80d57667942bf6a25227a6c3240453d5825c,1,3ce255aace7e376be6442d35a6c3b1fb189c37c36365d8d0f09d9c2856224c65,fe26d47f1e27f5f432a79fe08df7bdfcbb5cd8f8755421f57b720717630a5bc5,./results/models/job/random/b/best.pt,"[{""action"":{""high_action"":""split"",""order_decision"":""only_cost""},""phase"":""high""},{""action"":{""candidate_id"":3,""schedule_alpha"":1.0},""phase"":""select""},{""action"":{""search_k"":1,""search_strategy"":""default""},""phase"":""search""},{""action"":{""execution_action"":""none"",""lip_action"":""none""},""phase"":""low""},{""action"":{""high_action"":""split"",""order_decision"":""only_cost""},""phase"":""high""},{""action"":{""candidate_id"":2,""schedule_alpha"":1.0},""phase"":""select""},{""action"":{""search_k"":1,""search_strategy"":""default""},""phase"":""search""},{""action"":{""execution_action"":""none"",""lip_action"":""none""},""phase"":""low""},{""action"":{""high_action"":""split"",""order_decision"":""only_cost""},""phase"":""high""},{""action"":{""candidate_id"":1,""schedule_alpha"":1.0},""phase"":""select""},{""action"":{""search_k"":1,""search_strategy"":""default""},""phase"":""search""},{""action"":{""execution_action"":""none"",""lip_action"":""none""},""phase"":""low""},{""action"":{""high_action"":""stop"",""order_decision"":""only_cost""},""phase"":""high""},{""action"":{""search_k"":1,""search_strategy"":""default""},""phase"":""search""},{""action"":{""execution_action"":""none"",""lip_action"":""none""},""phase"":""low""}]"
JOB,random,a,./workloads/query_job/30c.sql,NQO,1574.277691543102,355.738000000000,ok,2f8f896e2432511a1931bf628a513049b0ab9f608c864a4da9cc4a69994b36f7,1,d406654e6ae1d58f61cef78d9b81b7c7714aa455600e26520495f810f969a16d,ffcaf2b9d50c4897c7921008bddf2c79faf66869e13ca5f6925c79eab55d2148,./results/models/job/random/a/best.pt,"[{""action"":{""high_action"":""split"",""order_decision"":""only_cost""},""phase"":""high""},{""action"":{""candidate_id"":4,""schedule_alpha"":0.5},""phase"":""select""},{""action"":{""search_k"":1,""search_strategy"":""default""},""phase"":""search""},{""action"":{""execution_action"":""none"",""lip_action"":""none""},""phase"":""low""},{""action"":{""high_action"":""split"",""order_decision"":""only_cost""},""phase"":""high""},{""action"":{""candidate_id"":0,""schedule_alpha"":0.5},""phase"":""select""},{""action"":{""search_k"":1,""search_strategy"":""default""},""phase"":""search""},{""action"":{""execution_action"":""none"",""lip_action"":""none""},""phase"":""low""},{""action"":{""high_action"":""split"",""order_decision"":""only_cost""},""phase"":""high""},{""action"":{""candidate_id"":2,""schedule_alpha"":0.5},""phase"":""select""},{""action"":{""search_k"":1,""search_strategy"":""default""},""phase"":""search""},{""action"":{""execution_action"":""none"",""lip_action"":""none""},""phase"":""low""},{""action"":{""high_action"":""split"",""order_decision"":""only_cost""},""phase"":""high""},{""action"":{""candidate_id"":1,""schedule_alpha"":0.5},""phase"":""select""},{""action"":{""search_k"":1,""search_strategy"":""default""},""phase"":""search""},{""action"":{""execution_action"":""none"",""lip_action"":""none""},""phase"":""low""},{""action"":{""high_action"":""stop"",""order_decision"":""only_cost""},""phase"":""high""},{""action"":{""search_k"":1,""search_strategy"":""default""},""phase"":""search""},{""action"":{""execution_action"":""none"",""lip_action"":""none""},""phase"":""low""}]"
JOB,random,b,./workloads/query_job/26a.sql,NQO,904.631741344929,437.766000000000,ok,70959053c8bb13b17e024dc6dbd70e523be117ceff6bd41f572000d6f7519ba6,1,ca07a1aa0ec6bb67bddaceb50263de7dbb3fb8bcc570ae804c9d5175ad1f4cb0,920ed1bbdfeb50f02383f1d188a1be9b4bcfe72ff4625d394ebcf11fe845b962,./results/models/job/random/b/best.pt,"[{""action"":{""high_action"":""split"",""order_decision"":""only_cost""},""phase"":""high""},{""action"":{""candidate_id"":3,""schedule_alpha"":1.0},""phase"":""select""},{""action"":{""search_k"":1,""search_strategy"":""default""},""phase"":""search""},{""action"":{""execution_action"":""none"",""lip_action"":""none""},""phase"":""low""},{""action"":{""high_action"":""split"",""order_decision"":""only_cost""},""phase"":""high""},{""action"":{""candidate_id"":2,""schedule_alpha"":1.0},""phase"":""select""},{""action"":{""search_k"":1,""search_strategy"":""default""},""phase"":""search""},{""action"":{""execution_action"":""none"",""lip_action"":""none""},""phase"":""low""},{""action"":{""high_action"":""split"",""order_decision"":""only_cost""},""phase"":""high""},{""action"":{""candidate_id"":0,""schedule_alpha"":1.0},""phase"":""select""},{""action"":{""search_k"":1,""search_strategy"":""default""},""phase"":""search""},{""action"":{""execution_action"":""none"",""lip_action"":""none""},""phase"":""low""},{""action"":{""high_action"":""split"",""order_decision"":""only_cost""},""phase"":""high""},{""action"":{""candidate_id"":1,""schedule_alpha"":1.0},""phase"":""select""},{""action"":{""search_k"":1,""search_strategy"":""default""},""phase"":""search""},{""action"":{""execution_action"":""none"",""lip_action"":""none""},""phase"":""low""},{""action"":{""high_action"":""stop"",""order_decision"":""only_cost""},""phase"":""high""},{""action"":{""search_k"":1,""search_strategy"":""default""},""phase"":""search""},{""action"":{""execution_action"":""none"",""lip_action"":""none""},""phase"":""low""}]"
JOB,random,a,./workloads/query_job/31c.sql,NQO,993.808582425117,396.406000000000,ok,5901ed177dcfb45723ea693624c3c3334bad405ae1487b76f39c02b12185b40a,1,0824d8a2217674456b087a78c43ee9e887d619366868ff633183ee3dbe372adc,69eccef4773fd16140fa164d7aa46a690a3b2c236bf6742c0dde59b88c1df5e1,./results/models/job/random/a/best.pt,"[{""action"":{""high_action"":""split"",""order_decision"":""only_cost""},""phase"":""high""},{""action"":{""candidate_id"":4,""schedule_alpha"":0.5},""phase"":""select""},{""action"":{""search_k"":1,""search_strategy"":""default""},""phase"":""search""},{""action"":{""execution_action"":""none"",""lip_action"":""none""},""phase"":""low""},{""action"":{""high_action"":""split"",""order_decision"":""only_cost""},""phase"":""high""},{""action"":{""candidate_id"":1,""schedule_alpha"":0.5},""phase"":""select""},{""action"":{""search_k"":1,""search_strategy"":""default""},""phase"":""search""},{""action"":{""execution_action"":""none"",""lip_action"":""none""},""phase"":""low""},{""action"":{""high_action"":""split"",""order_decision"":""only_cost""},""phase"":""high""},{""action"":{""candidate_id"":2,""schedule_alpha"":0.5},""phase"":""select""},{""action"":{""search_k"":1,""search_strategy"":""default""},""phase"":""search""},{""action"":{""execution_action"":""none"",""lip_action"":""none""},""phase"":""low""},{""action"":{""high_action"":""split"",""order_decision"":""only_cost""},""phase"":""high""},{""action"":{""candidate_id"":1,""schedule_alpha"":0.5},""phase"":""select""},{""action"":{""search_k"":1,""search_strategy"":""default""},""phase"":""search""},{""action"":{""execution_action"":""none"",""lip_action"":""none""},""phase"":""low""},{""action"":{""high_action"":""stop"",""order_decision"":""only_cost""},""phase"":""high""},{""action"":{""search_k"":1,""search_strategy"":""default""},""phase"":""search""},{""action"":{""execution_action"":""none"",""lip_action"":""none""},""phase"":""low""}]"
JOB,random,b,./workloads/query_job/27a.sql,NQO,498.833663761616,402.481000000000,ok,17da2f55cbda32682db3bc710c4a0f0048b6fb05111deffe244b8be90c1e4968,1,cad1ba93adba89f555dd458438d400539f911d3d55a7e744df5e5fae0af436da,81c3065337f2db63a8a7c17def0bf99fea2ffb9cf65036f59b0cfc1e679d764d,./results/models/job/random/b/best.pt,"[{""action"":{""high_action"":""split"",""order_decision"":""only_cost""},""phase"":""high""},{""action"":{""candidate_id"":4,""schedule_alpha"":1.0},""phase"":""select""},{""action"":{""search_k"":1,""search_strategy"":""default""},""phase"":""search""},{""action"":{""execution_action"":""none"",""lip_action"":""none""},""phase"":""low""},{""action"":{""high_action"":""split"",""order_decision"":""only_cost""},""phase"":""high""},{""action"":{""candidate_id"":0,""schedule_alpha"":1.0},""phase"":""select""},{""action"":{""search_k"":1,""search_strategy"":""default""},""phase"":""search""},{""action"":{""execution_action"":""none"",""lip_action"":""none""},""phase"":""low""},{""action"":{""high_action"":""split"",""order_decision"":""only_cost""},""phase"":""high""},{""action"":{""candidate_id"":0,""schedule_alpha"":1.0},""phase"":""select""},{""action"":{""search_k"":1,""search_strategy"":""default""},""phase"":""search""},{""action"":{""execution_action"":""none"",""lip_action"":""none""},""phase"":""low""},{""action"":{""high_action"":""split"",""order_decision"":""only_cost""},""phase"":""high""},{""action"":{""candidate_id"":0,""schedule_alpha"":1.0},""phase"":""select""},{""action"":{""search_k"":1,""search_strategy"":""default""},""phase"":""search""},{""action"":{""execution_action"":""none"",""lip_action"":""none""},""phase"":""low""},{""action"":{""high_action"":""stop"",""order_decision"":""only_cost""},""phase"":""high""},{""action"":{""search_k"":1,""search_strategy"":""default""},""phase"":""search""},{""action"":{""execution_action"":""none"",""lip_action"":""none""},""phase"":""low""}]"
JOB,random,a,./workloads/query_job/32a.sql,NQO,132.880948483944,84.487000000000,ok,38cf683886cf6fdc55596ffbf14756cbedd54a4091ef744fb773fc7f37ce3139,1,7675df3d50c5ab52b95010203437c4422a5de171c0763af4e0c75c000f711592,01d370a9fc399c23741593b5d8398d53f52609f0785ca2433a901c9ed4246867,./results/models/job/random/a/best.pt,"[{""action"":{""high_action"":""stop"",""order_decision"":""only_cost""},""phase"":""high""},{""action"":{""search_k"":1,""search_strategy"":""default""},""phase"":""search""},{""action"":{""execution_action"":""none"",""lip_action"":""none""},""phase"":""low""}]"
JOB,random,b,./workloads/query_job/27c.sql,NQO,496.155105531216,392.400000000000,ok,17da2f55cbda32682db3bc710c4a0f0048b6fb05111deffe244b8be90c1e4968,1,f91e75b9d6c60b702837687efc448b9073b2bb14607ee02ee866f8a421deeecd,b915ee354fbbc11cefa2f77b8ea306321ad771b76044d73b5f7662eb2a7d22d6,./results/models/job/random/b/best.pt,"[{""action"":{""high_action"":""split"",""order_decision"":""only_cost""},""phase"":""high""},{""action"":{""candidate_id"":4,""schedule_alpha"":1.0},""phase"":""select""},{""action"":{""search_k"":1,""search_strategy"":""default""},""phase"":""search""},{""action"":{""execution_action"":""none"",""lip_action"":""none""},""phase"":""low""},{""action"":{""high_action"":""split"",""order_decision"":""only_cost""},""phase"":""high""},{""action"":{""candidate_id"":0,""schedule_alpha"":1.0},""phase"":""select""},{""action"":{""search_k"":1,""search_strategy"":""default""},""phase"":""search""},{""action"":{""execution_action"":""none"",""lip_action"":""none""},""phase"":""low""},{""action"":{""high_action"":""split"",""order_decision"":""only_cost""},""phase"":""high""},{""action"":{""candidate_id"":0,""schedule_alpha"":1.0},""phase"":""select""},{""action"":{""search_k"":1,""search_strategy"":""default""},""phase"":""search""},{""action"":{""execution_action"":""none"",""lip_action"":""none""},""phase"":""low""},{""action"":{""high_action"":""split"",""order_decision"":""only_cost""},""phase"":""high""},{""action"":{""candidate_id"":0,""schedule_alpha"":1.0},""phase"":""select""},{""action"":{""search_k"":1,""search_strategy"":""default""},""phase"":""search""},{""action"":{""execution_action"":""none"",""lip_action"":""none""},""phase"":""low""},{""action"":{""high_action"":""stop"",""order_decision"":""only_cost""},""phase"":""high""},{""action"":{""search_k"":1,""search_strategy"":""default""},""phase"":""search""},{""action"":{""execution_action"":""none"",""lip_action"":""none""},""phase"":""low""}]"
JOB,random,c,./workloads/query_job/19d.sql,NQO,3780.433118343353,313.594000000000,ok,a4539f795d93860062d39d330febb9a7e2eba327a0dde36ea917ef25d81da7fb,1,73f784e4bddb13234abc4d33d2f5cb3357928dde37b81917216188321a1db0e2,72fcfaa76905b56f2a9500cac38ecf90c879fd0f0e548986b46edc42c2b93a6f,./results/models/job/random/c/best.pt,"[{""action"":{""high_action"":""split"",""order_decision"":""only_cost""},""phase"":""high""},{""action"":{""candidate_id"":1,""schedule_alpha"":0.5},""phase"":""select""},{""action"":{""search_k"":1,""search_strategy"":""default""},""phase"":""search""},{""action"":{""execution_action"":""none"",""lip_action"":""none""},""phase"":""low""},{""action"":{""high_action"":""split"",""order_decision"":""only_cost""},""phase"":""high""},{""action"":{""candidate_id"":2,""schedule_alpha"":0.5},""phase"":""select""},{""action"":{""search_k"":1,""search_strategy"":""default""},""phase"":""search""},{""action"":{""execution_action"":""conservative"",""lip_action"":""selective""},""phase"":""low""},{""action"":{""high_action"":""split"",""order_decision"":""only_cost""},""phase"":""high""},{""action"":{""candidate_id"":0,""schedule_alpha"":0.5},""phase"":""select""},{""action"":{""search_k"":1,""search_strategy"":""default""},""phase"":""search""},{""action"":{""execution_action"":""none"",""lip_action"":""none""},""phase"":""low""},{""action"":{""high_action"":""stop"",""order_decision"":""only_cost""},""phase"":""high""},{""action"":{""search_k"":1,""search_strategy"":""default""},""phase"":""search""},{""action"":{""execution_action"":""conservative"",""lip_action"":""selective""},""phase"":""low""}]"
JOB,random,a,./workloads/query_job/33a.sql,NQO,1449.080593883990,139.676205813885,timeout,,,b6407eaa1a993276cd319e98dc9627f4d14f585a1d5a4225b5733e978e31bc64,3541a159bc1219a2c3fc0f2833637caf1ad5cf379e578091bd8a914af234399c,./results/models/job/random/a/best.pt,"[{""action"":{""high_action"":""stop"",""order_decision"":""only_cost""},""phase"":""high""},{""action"":{""search_k"":1,""search_strategy"":""default""},""phase"":""search""},{""action"":{""execution_action"":""conservative"",""lip_action"":""selective""},""phase"":""low""}]"
JOB,random,b,./workloads/query_job/28b.sql,NQO,876.863867044449,560.198000000000,ok,1504c5fe4b85e0649828523441b52c0f8b7c17598529646d3d732ab63db821f5,1,2d9fdfc51086f18ca109dc06304813bb1b851ffcc2aa8a31ce915cf6eda3fe7a,a929d961337a3f8d312e3d39add4ce6a93ff63f2a3e5a826067524cc56c21e21,./results/models/job/random/b/best.pt,"[{""action"":{""high_action"":""split"",""order_decision"":""only_cost""},""phase"":""high""},{""action"":{""candidate_id"":4,""schedule_alpha"":1.0},""phase"":""select""},{""action"":{""search_k"":1,""search_strategy"":""default""},""phase"":""search""},{""action"":{""execution_action"":""none"",""lip_action"":""none""},""phase"":""low""},{""action"":{""high_action"":""split"",""order_decision"":""only_cost""},""phase"":""high""},{""action"":{""candidate_id"":1,""schedule_alpha"":1.0},""phase"":""select""},{""action"":{""search_k"":1,""search_strategy"":""default""},""phase"":""search""},{""action"":{""execution_action"":""none"",""lip_action"":""none""},""phase"":""low""},{""action"":{""high_action"":""split"",""order_decision"":""only_cost""},""phase"":""high""},{""action"":{""candidate_id"":0,""schedule_alpha"":1.0},""phase"":""select""},{""action"":{""search_k"":1,""search_strategy"":""default""},""phase"":""search""},{""action"":{""execution_action"":""none"",""lip_action"":""none""},""phase"":""low""},{""action"":{""high_action"":""split"",""order_decision"":""only_cost""},""phase"":""high""},{""action"":{""candidate_id"":2,""schedule_alpha"":1.0},""phase"":""select""},{""action"":{""search_k"":1,""search_strategy"":""default""},""phase"":""search""},{""action"":{""execution_action"":""none"",""lip_action"":""none""},""phase"":""low""},{""action"":{""high_action"":""split"",""order_decision"":""only_cost""},""phase"":""high""},{""action"":{""candidate_id"":0,""schedule_alpha"":1.0},""phase"":""select""},{""action"":{""search_k"":1,""search_strategy"":""default""},""phase"":""search""},{""action"":{""execution_action"":""none"",""lip_action"":""none""},""phase"":""low""},{""action"":{""high_action"":""stop"",""order_decision"":""only_cost""},""phase"":""high""},{""action"":{""search_k"":1,""search_strategy"":""default""},""phase"":""search""},{""action"":{""execution_action"":""none"",""lip_action"":""none""},""phase"":""low""}]"
JOB,random,a,./workloads/query_job/33b.sql,NQO,1404.316835105420,171.483941376209,timeout,,,e250cfaffb9c46fa3034b2caf6432c5d6fe95de4ccc46f77693710d0eb22698e,d658dfd03a277b30dec6b07a19279397f9dc043a9b002553c2331b6838c14333,./results/models/job/random/a/best.pt,"[{""action"":{""high_action"":""stop"",""order_decision"":""only_cost""},""phase"":""high""},{""action"":{""search_k"":1,""search_strategy"":""default""},""phase"":""search""},{""action"":{""execution_action"":""conservative"",""lip_action"":""selective""},""phase"":""low""}]"
JOB,random,a,./workloads/query_job/3b.sql,NQO,209.980010986328,77.631000000000,ok,f09c4919f4c92a95515be773a486d51c5e5ccd19e0f5087b7c0f0ab64cd137cf,1,d7214d2ab97f810daefbcf490cf81284d14fb80a894d1736bdb427223b0bbecd,5e8bf1d7eb0b0581ce9d9376e3b4f2f9dca181b15b7ca1107f4267347ee4a5d1,./results/models/job/random/a/best.pt,"[{""action"":{""high_action"":""stop"",""order_decision"":""only_cost""},""phase"":""high""},{""action"":{""search_k"":1,""search_strategy"":""default""},""phase"":""search""},{""action"":{""execution_action"":""none"",""lip_action"":""none""},""phase"":""low""}]"
JOB,random,c,./workloads/query_job/1b.sql,NQO,35.495124757290,0.000000000000,timeout,,,24b7b08452af73b7ed31a3a4e03f28a3297fc6f6e9a940e2244772f30ae8f8d6,4f53cda18c2baa0c0354bb5f9a3ecbe5ed12ab4d8e11ba873c2f11161202b945,./results/models/job/random/c/best.pt,[]
JOB,random,c,./workloads/query_job/1c.sql,NQO,91.807618737220,83.968073129654,timeout,,,a2174253477e141075a54bbbbc3600e194ec62a17a338c3c210318d058c935fe,e5c8e90a73d02f62b158f208f636e1cb86d10efd5248f07321a72be331e31a26,./results/models/job/random/c/best.pt,"[{""action"":{""high_action"":""split"",""order_decision"":""only_cost""},""phase"":""high""},{""action"":{""high_action"":""split"",""order_decision"":""only_cost""},""phase"":""high""},{""action"":{""candidate_id"":0,""schedule_alpha"":0.5},""phase"":""select""}]"
JOB,random,a,./workloads/query_job/3c.sql,NQO,324.862696230412,86.274000000000,ok,e1647cf4584132601e371994754e5cf33a53b972c00521f6f7dc5325a5c9e531,1,44fc8b01aeede90f8f6a2b3de9be5beffcf7fb85f6ea4c1f4f50c02b4f5b9861,690f2befb3e33e57194c2ed1d708d2c88a9c4d2643e61b90c3d28865b9fdfd16,./results/models/job/random/a/best.pt,"[{""action"":{""high_action"":""stop"",""order_decision"":""only_cost""},""phase"":""high""},{""action"":{""search_k"":1,""search_strategy"":""default""},""phase"":""search""},{""action"":{""execution_action"":""none"",""lip_action"":""none""},""phase"":""low""}]"
JOB,random,a,./workloads/query_job/4a.sql,NQO,220.553837716579,89.449000000000,ok,7c1f395331a8b97b06979e898720d60352be5cd9e0efafa1d3582c061d40fac0,1,f44606aa4f7d90bbc431cba12cbbeae26ba39778ab86c55ca00511d0dcae88a5,f6b989efe1f8ce795e97fb66a5ff89a4f7a3edcd2b2a64bd0cdeca85555ef7a8,./results/models/job/random/a/best.pt,"[{""action"":{""high_action"":""stop"",""order_decision"":""only_cost""},""phase"":""high""},{""action"":{""search_k"":1,""search_strategy"":""default""},""phase"":""search""},{""action"":{""execution_action"":""none"",""lip_action"":""none""},""phase"":""low""}]"
JOB,random,a,./workloads/query_job/4b.sql,NQO,178.833901882172,79.646000000000,ok,c2e5045abfc8ecfbd0b40e2ecf04f734592cd5b76e223f977e6c366b9f571679,1,b3675aeca4f8058226050fc127a63ebb79b8c1141f67099f7c1964cc7dc0e9e7,f22b83f208c82cae0604ba4a6447dada2af2004faa8d325a964153f9fa85fe1a,./results/models/job/random/a/best.pt,"[{""action"":{""high_action"":""stop"",""order_decision"":""only_cost""},""phase"":""high""},{""action"":{""search_k"":1,""search_strategy"":""default""},""phase"":""search""},{""action"":{""execution_action"":""none"",""lip_action"":""none""},""phase"":""low""}]"
JOB,random,a,./workloads/query_job/5b.sql,NQO,223.722286522388,76.104000000000,ok,4f78f1a55542d807d5eaabd4ee2244ee9ba0258958f7de1c1ef4598cd5b46ab1,1,92fbc5596f72f1d10a5e7e8c715c35674addec6ffb1c460d3fd06550102c3929,78672b7de34e350d1ebf4797f3b830d3df238124a59094c3e293f28ca133f0fd,./results/models/job/random/a/best.pt,"[{""action"":{""high_action"":""stop"",""order_decision"":""only_cost""},""phase"":""high""},{""action"":{""search_k"":1,""search_strategy"":""default""},""phase"":""search""},{""action"":{""execution_action"":""none"",""lip_action"":""none""},""phase"":""low""}]"
JOB,random,b,./workloads/query_job/29b.sql,NQO,757.044367492199,633.207000000000,ok,6931843f19cb52122ed461369626a4f45f6b0550fbb8e5608f26c0a53fbfa63e,1,277d16b097249eaa4b4680a51be7c41278b41de8c11293ccf8da52c1ecbbe233,cbdc8a15a681e4e1b8ecc72420509d1179aa931e39152b7f03adf77744043eb8,./results/models/job/random/b/best.pt,"[{""action"":{""high_action"":""split"",""order_decision"":""only_cost""},""phase"":""high""},{""action"":{""candidate_id"":5,""schedule_alpha"":1.0},""phase"":""select""},{""action"":{""search_k"":1,""search_strategy"":""default""},""phase"":""search""},{""action"":{""execution_action"":""none"",""lip_action"":""none""},""phase"":""low""},{""action"":{""high_action"":""split"",""order_decision"":""only_cost""},""phase"":""high""},{""action"":{""candidate_id"":1,""schedule_alpha"":1.0},""phase"":""select""},{""action"":{""search_k"":1,""search_strategy"":""default""},""phase"":""search""},{""action"":{""execution_action"":""none"",""lip_action"":""none""},""phase"":""low""},{""action"":{""high_action"":""split"",""order_decision"":""only_cost""},""phase"":""high""},{""action"":{""candidate_id"":2,""schedule_alpha"":1.0},""phase"":""select""},{""action"":{""search_k"":1,""search_strategy"":""default""},""phase"":""search""},{""action"":{""execution_action"":""none"",""lip_action"":""none""},""phase"":""low""},{""action"":{""high_action"":""split"",""order_decision"":""only_cost""},""phase"":""high""},{""action"":{""candidate_id"":2,""schedule_alpha"":1.0},""phase"":""select""},{""action"":{""search_k"":1,""search_strategy"":""default""},""phase"":""search""},{""action"":{""execution_action"":""none"",""lip_action"":""none""},""phase"":""low""},{""action"":{""high_action"":""split"",""order_decision"":""only_cost""},""phase"":""high""},{""action"":{""candidate_id"":1,""schedule_alpha"":1.0},""phase"":""select""},{""action"":{""search_k"":1,""search_strategy"":""default""},""phase"":""search""},{""action"":{""execution_action"":""none"",""lip_action"":""none""},""phase"":""low""},{""action"":{""high_action"":""split"",""order_decision"":""only_cost""},""phase"":""high""},{""action"":{""candidate_id"":0,""schedule_alpha"":1.0},""phase"":""select""},{""action"":{""search_k"":1,""search_strategy"":""default""},""phase"":""search""},{""action"":{""execution_action"":""none"",""lip_action"":""none""},""phase"":""low""},{""action"":{""high_action"":""stop"",""order_decision"":""only_cost""},""phase"":""high""},{""action"":{""search_k"":1,""search_strategy"":""default""},""phase"":""search""},{""action"":{""execution_action"":""none"",""lip_action"":""none""},""phase"":""low""}]"
JOB,random,b,./workloads/query_job/2b.sql,NQO,446.548342704773,87.311000000000,ok,1a42bdefe75519aa5d7a475dc8a6b6d5309bf5152f81f8d63218379808c33d39,1,8289bf5539338c228f7bccbd484700532ad8ee5d4c81c3ca9d98c62c3f6f1ac7,bd570251b82157e3fbedd1723a897d5e50d99a2312e10e42e8e15535df255a60,./results/models/job/random/b/best.pt,"[{""action"":{""high_action"":""stop"",""order_decision"":""only_cost""},""phase"":""high""},{""action"":{""search_k"":1,""search_strategy"":""default""},""phase"":""search""},{""action"":{""execution_action"":""none"",""lip_action"":""none""},""phase"":""low""}]"
JOB,random,c,./workloads/query_job/20c.sql,NQO,1153.120949864388,368.018000000000,ok,3d20f659ff5210cf35a2f9ea0de268228b2bb949622e1514bbea6a711248e6ce,1,d51ce7533f1b873b3f082a0752a7d7db16044ca5f96837b4ce016c2f4a4bb4ae,39a8a04f8a808c682e8d3a2d808163c04c5cef503bb150f52843f9f4d23feb00,./results/models/job/random/c/best.pt,"[{""action"":{""search_k"":1,""search_strategy"":""default""},""phase"":""search""},{""action"":{""execution_action"":""none"",""lip_action"":""none""},""phase"":""low""},{""action"":{""high_action"":""split"",""order_decision"":""only_cost""},""phase"":""high""},{""action"":{""candidate_id"":2,""schedule_alpha"":0.5},""phase"":""select""},{""action"":{""search_k"":1,""search_strategy"":""default""},""phase"":""search""},{""action"":{""execution_action"":""none"",""lip_action"":""none""},""phase"":""low""},{""action"":{""high_action"":""split"",""order_decision"":""only_cost""},""phase"":""high""},{""action"":{""candidate_id"":2,""schedule_alpha"":0.5},""phase"":""select""},{""action"":{""search_k"":1,""search_strategy"":""default""},""phase"":""search""},{""action"":{""execution_action"":""conservative"",""lip_action"":""selective""},""phase"":""low""},{""action"":{""high_action"":""split"",""order_decision"":""only_cost""},""phase"":""high""},{""action"":{""candidate_id"":0,""schedule_alpha"":0.5},""phase"":""select""},{""action"":{""search_k"":1,""search_strategy"":""default""},""phase"":""search""},{""action"":{""execution_action"":""conservative"",""lip_action"":""selective""},""phase"":""low""},{""action"":{""high_action"":""stop"",""order_decision"":""only_cost""},""phase"":""high""},{""action"":{""search_k"":1,""search_strategy"":""default""},""phase"":""search""},{""action"":{""execution_action"":""none"",""lip_action"":""none""},""phase"":""low""}]"
JOB,random,b,./workloads/query_job/2c.sql,NQO,400.642268359661,67.529000000000,ok,4f78f1a55542d807d5eaabd4ee2244ee9ba0258958f7de1c1ef4598cd5b46ab1,1,3c024dda28544b416f2f57ba6232bbff3075fb51e0579fd2a6a2123737e32290,023cd0ee928482335fcf77177d03ba2be8ecdb6d0fea05e310acd060f496b86c,./results/models/job/random/b/best.pt,"[{""action"":{""high_action"":""stop"",""order_decision"":""only_cost""},""phase"":""high""},{""action"":{""search_k"":1,""search_strategy"":""default""},""phase"":""search""},{""action"":{""execution_action"":""none"",""lip_action"":""none""},""phase"":""low""}]"
JOB,random,c,./workloads/query_job/21a.sql,NQO,329.998806118965,204.311000000000,timeout,,,51da5fc9849430987d0112d3cc4e5121a6bf12ea3cf12ea4f55c7b4f751c63a6,a55245c1bb5c587d057b738b01a985a31fcca3e06a32c95bc8c851a8928a0cb5,./results/models/job/random/c/best.pt,"[{""action"":{""high_action"":""split"",""order_decision"":""only_cost""},""phase"":""high""},{""action"":{""candidate_id"":2,""schedule_alpha"":0.5},""phase"":""select""},{""action"":{""search_k"":1,""search_strategy"":""default""},""phase"":""search""},{""action"":{""execution_action"":""none"",""lip_action"":""none""},""phase"":""low""},{""action"":{""high_action"":""split"",""order_decision"":""only_cost""},""phase"":""high""},{""action"":{""candidate_id"":2,""schedule_alpha"":0.5},""phase"":""select""},{""action"":{""search_k"":1,""search_strategy"":""default""},""phase"":""search""},{""action"":{""execution_action"":""none"",""lip_action"":""none""},""phase"":""low""}]"
JOB,random,b,./workloads/query_job/2d.sql,NQO,540.478453040123,78.761000000000,ok,8b4618374fc4485fd6f55d678b9a8d8eee1473e2d8ae1f896724be2aeb1a8b49,1,bdc9680f8baf9273a7acb48f8a4709f7adc29ca3c1ce36c84096f8c5f24a7daa,6957e968eb3b85026139e69fd7d3bdffc9b6b9abade74e0dd54ea80dbff040a2,./results/models/job/random/b/best.pt,"[{""action"":{""high_action"":""stop"",""order_decision"":""only_cost""},""phase"":""high""},{""action"":{""search_k"":1,""search_strategy"":""default""},""phase"":""search""},{""action"":{""execution_action"":""none"",""lip_action"":""none""},""phase"":""low""}]"
JOB,random,c,./workloads/query_job/21b.sql,NQO,214.011892676355,140.420675277710,timeout,,,8a5a9b58341ee50f0ab1fc31ebce0ba646e0d7cfa0ac1f153f9b1f5ade15a83a,97a77db72047d15fe6602968ba54bbc4241372fe94d02fcd2133ddbaa382b81a,./results/models/job/random/c/best.pt,"[{""action"":{""high_action"":""split"",""order_decision"":""only_cost""},""phase"":""high""},{""action"":{""high_action"":""split"",""order_decision"":""only_cost""},""phase"":""high""},{""action"":{""candidate_id"":2,""schedule_alpha"":0.5},""phase"":""select""},{""action"":{""search_k"":1,""search_strategy"":""default""},""phase"":""search""},{""action"":{""execution_action"":""none"",""lip_action"":""none""},""phase"":""low""}]"
JOB,random,c,./workloads/query_job/21c.sql,NQO,278.428830206395,139.335000000000,timeout,,,2ab078ac5a73c33ed4d51742a5d386618402a5f729014a49ccb0208b65792999,573ebc6191ec8fa5f7cf4d542839ade1fe0d6cb36d1d20e4af8c1f8cdb82a6f0,./results/models/job/random/c/best.pt,"[{""action"":{""high_action"":""split"",""order_decision"":""only_cost""},""phase"":""high""},{""action"":{""candidate_id"":2,""schedule_alpha"":0.5},""phase"":""select""},{""action"":{""search_k"":1,""search_strategy"":""default""},""phase"":""search""},{""action"":{""execution_action"":""none"",""lip_action"":""none""},""phase"":""low""}]"
JOB,random,c,./workloads/query_job/23a.sql,NQO,798.648878931999,426.850000000000,ok,706843969f310473a0308417223dbd3b01f9c23dd72c30ca6a320928a1c6d9a0,1,82cfdae90f533f8beed77822d62dcac817d724c23b93507ed79266fb6a9e11b3,0b7302774dfa4dc992ece54cf4677408ec7e4e4d8c8e8329b875e8d2afa43183,./results/models/job/random/c/best.pt,"[{""action"":{""high_action"":""split"",""order_decision"":""only_cost""},""phase"":""high""},{""action"":{""high_action"":""split"",""order_decision"":""only_cost""},""phase"":""high""},{""action"":{""candidate_id"":2,""schedule_alpha"":0.5},""phase"":""select""},{""action"":{""search_k"":1,""search_strategy"":""default""},""phase"":""search""},{""action"":{""execution_action"":""none"",""lip_action"":""none""},""phase"":""low""},{""action"":{""high_action"":""split"",""order_decision"":""only_cost""},""phase"":""high""},{""action"":{""candidate_id"":1,""schedule_alpha"":0.5},""phase"":""select""},{""action"":{""search_k"":1,""search_strategy"":""default""},""phase"":""search""},{""action"":{""execution_action"":""conservative"",""lip_action"":""selective""},""phase"":""low""},{""action"":{""high_action"":""split"",""order_decision"":""only_cost""},""phase"":""high""},{""action"":{""candidate_id"":0,""schedule_alpha"":0.5},""phase"":""select""},{""action"":{""search_k"":1,""search_strategy"":""default""},""phase"":""search""},{""action"":{""execution_action"":""conservative"",""lip_action"":""selective""},""phase"":""low""},{""action"":{""high_action"":""split"",""order_decision"":""only_cost""},""phase"":""high""},{""action"":{""candidate_id"":0,""schedule_alpha"":0.5},""phase"":""select""},{""action"":{""search_k"":1,""search_strategy"":""default""},""phase"":""search""},{""action"":{""execution_action"":""none"",""lip_action"":""none""},""phase"":""low""},{""action"":{""high_action"":""stop"",""order_decision"":""only_cost""},""phase"":""high""},{""action"":{""search_k"":1,""search_strategy"":""default""},""phase"":""search""},{""action"":{""execution_action"":""none"",""lip_action"":""none""},""phase"":""low""}]"
JOB,random,b,./workloads/query_job/3a.sql,NQO,247.358687222004,73.001000000000,ok,a25bbd029f290d8d4a4e3950235e37dcf0d344d9b660b168a71b99126ced242e,1,1d0b158c95d4fe8a3bc5d47515c59dd46fdcf9830494a7024140702bcd5d68af,40e562bd30a79cb58f4d00a6a7a1dd1e162783a22f364f9742b7f9b4e6aecb31,./results/models/job/random/b/best.pt,"[{""action"":{""high_action"":""stop"",""order_decision"":""only_cost""},""phase"":""high""},{""action"":{""search_k"":1,""search_strategy"":""default""},""phase"":""search""},{""action"":{""execution_action"":""none"",""lip_action"":""none""},""phase"":""low""}]"
JOB,random,a,./workloads/query_job/6b.sql,NQO,376.438729465008,151.233000000000,ok,2b959ee9a358222cd3f680b4de1a9c2be8556432140123daad1b20aa89815ab9,1,ffb1218492cfe3df1a68f4c7fba2854d5065f90f0372d057836096565223e7fc,6512df62e41e8a408d30d3ba7e00104e25ba52373184ca960c4b3af7e4c53064,./results/models/job/random/a/best.pt,"[{""action"":{""high_action"":""split"",""order_decision"":""only_cost""},""phase"":""high""},{""action"":{""candidate_id"":1,""schedule_alpha"":0.5},""phase"":""select""},{""action"":{""search_k"":1,""search_strategy"":""default""},""phase"":""search""},{""action"":{""execution_action"":""none"",""lip_action"":""none""},""phase"":""low""},{""action"":{""high_action"":""stop"",""order_decision"":""only_cost""},""phase"":""high""},{""action"":{""search_k"":1,""search_strategy"":""default""},""phase"":""search""},{""action"":{""execution_action"":""none"",""lip_action"":""none""},""phase"":""low""}]"
JOB,random,c,./workloads/query_job/24b.sql,NQO,591.967254877090,445.360000000000,ok,56b303255befaff99c8809a0ef8b843dec6bb7e8dbb787f41d63795cd64cf36b,1,48d3f61b8677fd2d798ae25d8536e398c1cc1f1c78d9e7bb4b92128524d15f27,4503989eedaff2f3602554fd4e3238f924d4299733ce0475c9e032d03b34232c,./results/models/job/random/c/best.pt,"[{""action"":{""high_action"":""split"",""order_decision"":""only_cost""},""phase"":""high""},{""action"":{""candidate_id"":4,""schedule_alpha"":0.5},""phase"":""select""},{""action"":{""search_k"":1,""search_strategy"":""default""},""phase"":""search""},{""action"":{""execution_action"":""none"",""lip_action"":""none""},""phase"":""low""},{""action"":{""high_action"":""split"",""order_decision"":""only_cost""},""phase"":""high""},{""action"":{""candidate_id"":2,""schedule_alpha"":0.5},""phase"":""select""},{""action"":{""search_k"":1,""search_strategy"":""default""},""phase"":""search""},{""action"":{""execution_action"":""none"",""lip_action"":""none""},""phase"":""low""},{""action"":{""high_action"":""split"",""order_decision"":""only_cost""},""phase"":""high""},{""action"":{""candidate_id"":2,""schedule_alpha"":0.5},""phase"":""select""},{""action"":{""search_k"":1,""search_strategy"":""default""},""phase"":""search""},{""action"":{""execution_action"":""none"",""lip_action"":""none""},""phase"":""low""},{""action"":{""high_action"":""split"",""order_decision"":""only_cost""},""phase"":""high""},{""action"":{""candidate_id"":1,""schedule_alpha"":0.5},""phase"":""select""},{""action"":{""search_k"":1,""search_strategy"":""default""},""phase"":""search""},{""action"":{""execution_action"":""none"",""lip_action"":""none""},""phase"":""low""},{""action"":{""high_action"":""stop"",""order_decision"":""only_cost""},""phase"":""high""},{""action"":{""search_k"":1,""search_strategy"":""default""},""phase"":""search""},{""action"":{""execution_action"":""none"",""lip_action"":""none""},""phase"":""low""}]"
JOB,random,c,./workloads/query_job/25a.sql,NQO,1367.634475231171,347.895000000000,ok,5a224ce096d4d810fe4f77c3f766da3673059b5997c87ee55dd162d8a2658953,1,ae013430d74d1451d5263677150169184bb377f45b5116a03b9c7cee056398a4,f5c1e4521055b2ce8746336e20e6f0b0d4a74c805b0982f4077579e4fea44fae,./results/models/job/random/c/best.pt,"[{""action"":{""high_action"":""split"",""order_decision"":""only_cost""},""phase"":""high""},{""action"":{""candidate_id"":3,""schedule_alpha"":0.5},""phase"":""select""},{""action"":{""search_k"":1,""search_strategy"":""default""},""phase"":""search""},{""action"":{""execution_action"":""none"",""lip_action"":""none""},""phase"":""low""},{""action"":{""high_action"":""split"",""order_decision"":""only_cost""},""phase"":""high""},{""action"":{""candidate_id"":1,""schedule_alpha"":0.5},""phase"":""select""},{""action"":{""search_k"":1,""search_strategy"":""default""},""phase"":""search""},{""action"":{""execution_action"":""none"",""lip_action"":""none""},""phase"":""low""},{""action"":{""high_action"":""split"",""order_decision"":""only_cost""},""phase"":""high""},{""action"":{""candidate_id"":1,""schedule_alpha"":0.5},""phase"":""select""},{""action"":{""search_k"":1,""search_strategy"":""default""},""phase"":""search""},{""action"":{""execution_action"":""conservative"",""lip_action"":""selective""},""phase"":""low""},{""action"":{""high_action"":""stop"",""order_decision"":""only_cost""},""phase"":""high""},{""action"":{""search_k"":1,""search_strategy"":""default""},""phase"":""search""},{""action"":{""execution_action"":""none"",""lip_action"":""none""},""phase"":""low""}]"
JOB,random,a,./workloads/query_job/6f.sql,NQO,2427.602767944336,172.614000000000,ok,644e442d8a49607e48bd1866853ebe8325de68158176e2ee27f9b7f3df3ffe0b,1,66f126ba66d9831cd4a014c3454edeccdef490b0820d7c4e01d2d6550cc08eac,c83a1114142c1d29522f5d97bc86219a8293bb0f7a5e2576475636dd702e13a7,./results/models/job/random/a/best.pt,"[{""action"":{""high_action"":""split"",""order_decision"":""only_cost""},""phase"":""high""},{""action"":{""candidate_id"":1,""schedule_alpha"":0.5},""phase"":""select""},{""action"":{""search_k"":1,""search_strategy"":""default""},""phase"":""search""},{""action"":{""execution_action"":""none"",""lip_action"":""none""},""phase"":""low""},{""action"":{""high_action"":""stop"",""order_decision"":""only_cost""},""phase"":""high""},{""action"":{""search_k"":1,""search_strategy"":""default""},""phase"":""search""},{""action"":{""execution_action"":""none"",""lip_action"":""none""},""phase"":""low""}]"
JOB,random,b,./workloads/query_job/4c.sql,NQO,247.556872665882,96.387000000000,ok,dbdb5449728ea1126b66d9107929248d2473f352ea9c90d567427671f6a5d8a5,1,a0d4cbfc6e447a97253a6a88250f340b3fc321efc63c0f15b7dfb81558e1f2f2,63fada264c0ace9ebd5bee716c0ec2cd2c615f92b3f41988a8b4ecfd9978c347,./results/models/job/random/b/best.pt,"[{""action"":{""high_action"":""stop"",""order_decision"":""only_cost""},""phase"":""high""},{""action"":{""search_k"":1,""search_strategy"":""default""},""phase"":""search""},{""action"":{""execution_action"":""none"",""lip_action"":""none""},""phase"":""low""}]"
JOB,random,c,./workloads/query_job/25b.sql,NQO,599.675655364990,269.518000000000,ok,1188db58fec23b34c4c3183b536d25098bb832bf155d43985568193001514cf6,1,cbb592738e83f6eaad30c8c257f8ce1c6581cb98d732a99ef218d328e4ee68b0,7d05fb81718308a394bc5bc9a1d086922bc2cd8befdccccc1c2f8e38b7a2f74f,./results/models/job/random/c/best.pt,"[{""action"":{""high_action"":""split"",""order_decision"":""only_cost""},""phase"":""high""},{""action"":{""candidate_id"":3,""schedule_alpha"":0.5},""phase"":""select""},{""action"":{""search_k"":1,""search_strategy"":""default""},""phase"":""search""},{""action"":{""execution_action"":""none"",""lip_action"":""none""},""phase"":""low""},{""action"":{""high_action"":""split"",""order_decision"":""only_cost""},""phase"":""high""},{""action"":{""candidate_id"":2,""schedule_alpha"":0.5},""phase"":""select""},{""action"":{""search_k"":1,""search_strategy"":""default""},""phase"":""search""},{""action"":{""execution_action"":""none"",""lip_action"":""none""},""phase"":""low""},{""action"":{""high_action"":""split"",""order_decision"":""only_cost""},""phase"":""high""},{""action"":{""candidate_id"":1,""schedule_alpha"":0.5},""phase"":""select""},{""action"":{""search_k"":1,""search_strategy"":""default""},""phase"":""search""},{""action"":{""execution_action"":""none"",""lip_action"":""none""},""phase"":""low""},{""action"":{""high_action"":""stop"",""order_decision"":""only_cost""},""phase"":""high""},{""action"":{""search_k"":1,""search_strategy"":""default""},""phase"":""search""},{""action"":{""execution_action"":""none"",""lip_action"":""none""},""phase"":""low""}]"
JOB,random,b,./workloads/query_job/5c.sql,NQO,269.652307033539,93.484000000000,ok,dc54acf5fb9de8f2e5245dee6899e9f5f3221610033b6c8c23bc8c2353b3a4f4,1,c419cce9ce7cc55d829eca25ea7a77ae99bc993129301a689ab02ef555ab8ad3,f940c043b49f10df7679b619c974d931c20ab3e384518969aa642449aa5c42f1,./results/models/job/random/b/best.pt,"[{""action"":{""high_action"":""stop"",""order_decision"":""only_cost""},""phase"":""high""},{""action"":{""search_k"":1,""search_strategy"":""default""},""phase"":""search""},{""action"":{""execution_action"":""none"",""lip_action"":""none""},""phase"":""low""}]"
JOB,random,b,./workloads/query_job/6a.sql,NQO,234.847776591778,159.127000000000,ok,2e45680981dcedf844899f966540a92734a6200fc0d8bd8a547ceba0d0cf631f,1,9bfc00190600dd4f4290c050c1345afaa176fd22611da8d8adf730ea9cd8bf51,003b3e37cd17f01bf9b33f596b44eb512ece85a68d4d3c859e102ba05d216b00,./results/models/job/random/b/best.pt,"[{""action"":{""high_action"":""split"",""order_decision"":""only_cost""},""phase"":""high""},{""action"":{""candidate_id"":1,""schedule_alpha"":1.0},""phase"":""select""},{""action"":{""search_k"":1,""search_strategy"":""default""},""phase"":""search""},{""action"":{""execution_action"":""none"",""lip_action"":""none""},""phase"":""low""},{""action"":{""high_action"":""stop"",""order_decision"":""only_cost""},""phase"":""high""},{""action"":{""search_k"":1,""search_strategy"":""default""},""phase"":""search""},{""action"":{""execution_action"":""none"",""lip_action"":""none""},""phase"":""low""}]"
JOB,random,b,./workloads/query_job/6c.sql,NQO,174.463585019112,122.795000000000,ok,eb15d11fcc635c0f71eefa80cad2069e9f06841887450ba39d0be7466e8da9dd,1,ddbccbb20b86e1d0a37dc0efb379cc74dfc66d0fa0306370545306d9ec75c16c,645d6843f89c04346597118b14f6bacaf2b36084fdc8271644dfd8f8796e1914,./results/models/job/random/b/best.pt,"[{""action"":{""high_action"":""split"",""order_decision"":""only_cost""},""phase"":""high""},{""action"":{""candidate_id"":1,""schedule_alpha"":1.0},""phase"":""select""},{""action"":{""search_k"":1,""search_strategy"":""default""},""phase"":""search""},{""action"":{""execution_action"":""none"",""lip_action"":""none""},""phase"":""low""},{""action"":{""high_action"":""stop"",""order_decision"":""only_cost""},""phase"":""high""},{""action"":{""search_k"":1,""search_strategy"":""default""},""phase"":""search""}]"
JOB,random,a,./workloads/query_job/8a.sql,NQO,1571.057580411434,98.321000000000,ok,83ca1ebec91355240bb85797c81f9f6b8a96392c57707c100978708f49ae71e9,1,b68a9c565f4a8a6f73ebd0aa1e296e713444a63fca29782d244d992d2ebe69eb,c151f340d98627bb91f523fc715395e55cdde7c9ae8a30b6c05930701a730b6e,./results/models/job/random/a/best.pt,"[{""action"":{""high_action"":""stop"",""order_decision"":""only_cost""},""phase"":""high""},{""action"":{""search_k"":1,""search_strategy"":""default""},""phase"":""search""},{""action"":{""execution_action"":""conservative"",""lip_action"":""selective""},""phase"":""low""}]"
JOB,random,c,./workloads/query_job/26c.sql,NQO,1122.583322227001,368.263000000000,ok,7018401e68f280da9e2c2b63c8d23edc9a05b8be27562caf2cb9c43f34848c27,1,7f8c410eb0204f61b39255fb7a6c8c27ab08844eaeebd0c1388bb82f0afd6831,a858345d63b8de3c9ffa6ec039cd10480994bcff7a5c800dfcacc6b03fb9ac32,./results/models/job/random/c/best.pt,"[{""action"":{""high_action"":""split"",""order_decision"":""only_cost""},""phase"":""high""},{""action"":{""candidate_id"":3,""schedule_alpha"":0.5},""phase"":""select""},{""action"":{""search_k"":1,""search_strategy"":""default""},""phase"":""search""},{""action"":{""execution_action"":""none"",""lip_action"":""none""},""phase"":""low""},{""action"":{""high_action"":""split"",""order_decision"":""only_cost""},""phase"":""high""},{""action"":{""candidate_id"":2,""schedule_alpha"":0.5},""phase"":""select""},{""action"":{""search_k"":1,""search_strategy"":""default""},""phase"":""search""},{""action"":{""execution_action"":""conservative"",""lip_action"":""selective""},""phase"":""low""},{""action"":{""high_action"":""split"",""order_decision"":""only_cost""},""phase"":""high""},{""action"":{""candidate_id"":0,""schedule_alpha"":0.5},""phase"":""select""},{""action"":{""search_k"":1,""search_strategy"":""default""},""phase"":""search""},{""action"":{""execution_action"":""conservative"",""lip_action"":""selective""},""phase"":""low""},{""action"":{""high_action"":""split"",""order_decision"":""only_cost""},""phase"":""high""},{""action"":{""candidate_id"":1,""schedule_alpha"":0.5},""phase"":""select""},{""action"":{""search_k"":1,""search_strategy"":""default""},""phase"":""search""},{""action"":{""execution_action"":""none"",""lip_action"":""none""},""phase"":""low""},{""action"":{""high_action"":""stop"",""order_decision"":""only_cost""},""phase"":""high""},{""action"":{""search_k"":1,""search_strategy"":""default""},""phase"":""search""},{""action"":{""execution_action"":""none"",""lip_action"":""none""},""phase"":""low""}]"
JOB,random,a,./workloads/query_job/9a.sql,NQO,1450.710900127888,104.989000000000,ok,b503be0ea642d215f3169970dbfa432699c00bd60c7808cb60c02e5a82e7676f,1,d580ed5646836572b5a548ce6160518db784e3256c95596a5aa34b5a3976e45d,d9788ad1a94bb0d5440adaa383ce1a3398a687eb8d5c1a73ea89f696d19c35d1,./results/models/job/random/a/best.pt,"[{""action"":{""high_action"":""stop"",""order_decision"":""only_cost""},""phase"":""high""},{""action"":{""search_k"":1,""search_strategy"":""default""},""phase"":""search""},{""action"":{""execution_action"":""none"",""lip_action"":""none""},""phase"":""low""}]"
JOB,random,c,./workloads/query_job/27b.sql,NQO,490.385524928570,358.705000000000,ok,4eb4e5bb88d274fb571daa3d9537d134ac91e3971795bedfe21b63973b8a983c,1,111cd00c2334e7c151f32e0af74a7fe1dab7ea79b0d678b132ee40ab7d3b354f,4bcf4387fd8cbe3ed03c450e599cbe2127065a1df12fa87e12656517c824c2ec,./results/models/job/random/c/best.pt,"[{""action"":{""high_action"":""split"",""order_decision"":""only_cost""},""phase"":""high""},{""action"":{""candidate_id"":3,""schedule_alpha"":0.5},""phase"":""select""},{""action"":{""search_k"":1,""search_strategy"":""default""},""phase"":""search""},{""action"":{""execution_action"":""none"",""lip_action"":""none""},""phase"":""low""},{""action"":{""high_action"":""split"",""order_decision"":""only_cost""},""phase"":""high""},{""action"":{""candidate_id"":3,""schedule_alpha"":0.5},""phase"":""select""},{""action"":{""search_k"":1,""search_strategy"":""default""},""phase"":""search""},{""action"":{""execution_action"":""none"",""lip_action"":""none""},""phase"":""low""},{""action"":{""high_action"":""split"",""order_decision"":""only_cost""},""phase"":""high""},{""action"":{""candidate_id"":1,""schedule_alpha"":0.5},""phase"":""select""},{""action"":{""search_k"":1,""search_strategy"":""default""},""phase"":""search""},{""action"":{""execution_action"":""none"",""lip_action"":""none""},""phase"":""low""},{""action"":{""high_action"":""split"",""order_decision"":""only_cost""},""phase"":""high""},{""action"":{""candidate_id"":0,""schedule_alpha"":0.5},""phase"":""select""},{""action"":{""search_k"":1,""search_strategy"":""default""},""phase"":""search""},{""action"":{""execution_action"":""none"",""lip_action"":""none""},""phase"":""low""},{""action"":{""high_action"":""stop"",""order_decision"":""only_cost""},""phase"":""high""},{""action"":{""search_k"":1,""search_strategy"":""default""},""phase"":""search""},{""action"":{""execution_action"":""none"",""lip_action"":""none""},""phase"":""low""}]"
JOB,random,a,./workloads/query_job/9b.sql,NQO,1221.772879362106,124.292000000000,ok,85fce718a2215fa1fff98e143ca492e37d7045aab50806ceb38f3366096f2c19,1,077832dc7b076f12ca6f98da3d6f1abb5e37c749ac048148314b85c6a5031903,87dd67f66bc3926e1da95ffedbd14e5a492c7befb18b071d220312b8a1e09419,./results/models/job/random/a/best.pt,"[{""action"":{""high_action"":""stop"",""order_decision"":""only_cost""},""phase"":""high""},{""action"":{""search_k"":1,""search_strategy"":""default""},""phase"":""search""},{""action"":{""execution_action"":""none"",""lip_action"":""none""},""phase"":""low""}]"
JOB,random,b,./workloads/query_job/7b.sql,NQO,495.928466320038,305.112000000000,ok,c45c16058ceb0fa3043d43cf324eb296890f073ea7be51873fac68d90838f72f,1,4fa48754ba8f5e8d124a5a829b9be40706fac2c4e57ff7f1ae11348c2daa40e8,b4ca14e74b8d01ec6f8a1fa44c8fce55fa3738fa90fd972421e00efe63840f65,./results/models/job/random/b/best.pt,"[{""action"":{""execution_action"":""none"",""lip_action"":""none""},""phase"":""low""},{""action"":{""high_action"":""split"",""order_decision"":""only_cost""},""phase"":""high""},{""action"":{""candidate_id"":2,""schedule_alpha"":1.0},""phase"":""select""},{""action"":{""search_k"":1,""search_strategy"":""default""},""phase"":""search""},{""action"":{""execution_action"":""none"",""lip_action"":""none""},""phase"":""low""},{""action"":{""high_action"":""split"",""order_decision"":""only_cost""},""phase"":""high""},{""action"":{""candidate_id"":1,""schedule_alpha"":1.0},""phase"":""select""},{""action"":{""search_k"":1,""search_strategy"":""default""},""phase"":""search""},{""action"":{""execution_action"":""none"",""lip_action"":""none""},""phase"":""low""},{""action"":{""high_action"":""split"",""order_decision"":""only_cost""},""phase"":""high""},{""action"":{""candidate_id"":0,""schedule_alpha"":1.0},""phase"":""select""},{""action"":{""search_k"":1,""search_strategy"":""default""},""phase"":""search""},{""action"":{""execution_action"":""none"",""lip_action"":""none""},""phase"":""low""},{""action"":{""high_action"":""stop"",""order_decision"":""only_cost""},""phase"":""high""},{""action"":{""search_k"":1,""search_strategy"":""default""},""phase"":""search""},{""action"":{""execution_action"":""none"",""lip_action"":""none""},""phase"":""low""}]"
JOB,random,c,./workloads/query_job/28a.sql,NQO,945.864789187908,505.781000000000,ok,a48e9dbacd2287778dbe0c0b677f1a0cf702701db28eec4243e6492cdd3419f1,1,da994287912c4e07b351bbfac92a3565a7941132431278e3ac2fa75d832ba024,7ca9f834894f488c97362eec0cc2fed0334d7195d7f974b317fd386587243cf5,./results/models/job/random/c/best.pt,"[{""action"":{""high_action"":""split"",""order_decision"":""only_cost""},""phase"":""high""},{""action"":{""candidate_id"":4,""schedule_alpha"":0.5},""phase"":""select""},{""action"":{""search_k"":1,""search_strategy"":""default""},""phase"":""search""},{""action"":{""execution_action"":""none"",""lip_action"":""none""},""phase"":""low""},{""action"":{""high_action"":""split"",""order_decision"":""only_cost""},""phase"":""high""},{""action"":{""candidate_id"":1,""schedule_alpha"":0.5},""phase"":""select""},{""action"":{""search_k"":1,""search_strategy"":""default""},""phase"":""search""},{""action"":{""execution_action"":""conservative"",""lip_action"":""selective""},""phase"":""low""},{""action"":{""high_action"":""split"",""order_decision"":""only_cost""},""phase"":""high""},{""action"":{""candidate_id"":3,""schedule_alpha"":0.5},""phase"":""select""},{""action"":{""search_k"":1,""search_strategy"":""default""},""phase"":""search""},{""action"":{""execution_action"":""conservative"",""lip_action"":""selective""},""phase"":""low""},{""action"":{""high_action"":""split"",""order_decision"":""only_cost""},""phase"":""high""},{""action"":{""candidate_id"":0,""schedule_alpha"":0.5},""phase"":""select""},{""action"":{""search_k"":1,""search_strategy"":""default""},""phase"":""search""},{""action"":{""execution_action"":""conservative"",""lip_action"":""selective""},""phase"":""low""},{""action"":{""high_action"":""split"",""order_decision"":""only_cost""},""phase"":""high""},{""action"":{""candidate_id"":1,""schedule_alpha"":0.5},""phase"":""select""},{""action"":{""search_k"":1,""search_strategy"":""default""},""phase"":""search""},{""action"":{""execution_action"":""none"",""lip_action"":""none""},""phase"":""low""},{""action"":{""high_action"":""stop"",""order_decision"":""only_cost""},""phase"":""high""},{""action"":{""search_k"":1,""search_strategy"":""default""},""phase"":""search""},{""action"":{""execution_action"":""none"",""lip_action"":""none""},""phase"":""low""}]"
JOB,random,a,./workloads/query_job/9d.sql,NQO,2275.380969047546,110.070000000000,ok,4337dc659f52d805bb18c4f8f42457136d6ef77b097dfa9fba8d4bb81edfa201,1,8f03c87e2e5d6af9e2392661ace1f17d1919248837ec1f2af619e81bd5c63f63,1c1cf1cbed8d1506e2735b542dd5f511726983369c8b1af23a14e903c662d951,./results/models/job/random/a/best.pt,"[{""action"":{""high_action"":""stop"",""order_decision"":""only_cost""},""phase"":""high""},{""action"":{""search_k"":1,""search_strategy"":""default""},""phase"":""search""},{""action"":{""execution_action"":""conservative"",""lip_action"":""selective""},""phase"":""low""}]"
JOB,random,c,./workloads/query_job/29a.sql,NQO,748.803466558456,634.169000000000,ok,6931843f19cb52122ed461369626a4f45f6b0550fbb8e5608f26c0a53fbfa63e,1,bc76a16efbb01ea58db1da3b21c43e77658f98313de6fc23da776d2f24f97b29,c1fcd4ccce31827a635b712de3b681cdfb0d084d41881caa155c154c57bd7e32,./results/models/job/random/c/best.pt,"[{""action"":{""high_action"":""split"",""order_decision"":""only_cost""},""phase"":""high""},{""action"":{""candidate_id"":5,""schedule_alpha"":0.5},""phase"":""select""},{""action"":{""search_k"":1,""search_strategy"":""default""},""phase"":""search""},{""action"":{""execution_action"":""none"",""lip_action"":""none""},""phase"":""low""},{""action"":{""high_action"":""split"",""order_decision"":""only_cost""},""phase"":""high""},{""action"":{""candidate_id"":1,""schedule_alpha"":0.5},""phase"":""select""},{""action"":{""search_k"":1,""search_strategy"":""default""},""phase"":""search""},{""action"":{""execution_action"":""none"",""lip_action"":""none""},""phase"":""low""},{""action"":{""high_action"":""split"",""order_decision"":""only_cost""},""phase"":""high""},{""action"":{""candidate_id"":2,""schedule_alpha"":0.5},""phase"":""select""},{""action"":{""search_k"":1,""search_strategy"":""default""},""phase"":""search""},{""action"":{""execution_action"":""none"",""lip_action"":""none""},""phase"":""low""},{""action"":{""high_action"":""split"",""order_decision"":""only_cost""},""phase"":""high""},{""action"":{""candidate_id"":2,""schedule_alpha"":0.5},""phase"":""select""},{""action"":{""search_k"":1,""search_strategy"":""default""},""phase"":""search""},{""action"":{""execution_action"":""none"",""lip_action"":""none""},""phase"":""low""},{""action"":{""high_action"":""split"",""order_decision"":""only_cost""},""phase"":""high""},{""action"":{""candidate_id"":1,""schedule_alpha"":0.5},""phase"":""select""},{""action"":{""search_k"":1,""search_strategy"":""default""},""phase"":""search""},{""action"":{""execution_action"":""none"",""lip_action"":""none""},""phase"":""low""},{""action"":{""high_action"":""split"",""order_decision"":""only_cost""},""phase"":""high""},{""action"":{""candidate_id"":1,""schedule_alpha"":0.5},""phase"":""select""},{""action"":{""search_k"":1,""search_strategy"":""default""},""phase"":""search""},{""action"":{""execution_action"":""none"",""lip_action"":""none""},""phase"":""low""},{""action"":{""high_action"":""stop"",""order_decision"":""only_cost""},""phase"":""high""},{""action"":{""search_k"":1,""search_strategy"":""default""},""phase"":""search""},{""action"":{""execution_action"":""none"",""lip_action"":""none""},""phase"":""low""}]"
JOB,random,b,./workloads/query_job/7c.sql,NQO,2714.622117578983,340.480000000000,ok,4704a6598b71770ee436ed0a0e8a1ea85041944f821a0cb2688f90bd5f296fd6,1,4cbf2518a8df8ae2f91484ad8eba03a27807a5772de0d252b900b5f58fc0b85b,8bbdf55c45949379d240a2d5628c1ba2982658a51f3d2bfd1ee37a2d97b719fe,./results/models/job/random/b/best.pt,"[{""action"":{""high_action"":""split"",""order_decision"":""only_cost""},""phase"":""high""},{""action"":{""candidate_id"":2,""schedule_alpha"":1.0},""phase"":""select""},{""action"":{""search_k"":1,""search_strategy"":""default""},""phase"":""search""},{""action"":{""execution_action"":""none"",""lip_action"":""none""},""phase"":""low""},{""action"":{""high_action"":""split"",""order_decision"":""only_cost""},""phase"":""high""},{""action"":{""candidate_id"":2,""schedule_alpha"":1.0},""phase"":""select""},{""action"":{""search_k"":1,""search_strategy"":""default""},""phase"":""search""},{""action"":{""execution_action"":""none"",""lip_action"":""none""},""phase"":""low""},{""action"":{""high_action"":""split"",""order_decision"":""only_cost""},""phase"":""high""},{""action"":{""candidate_id"":0,""schedule_alpha"":1.0},""phase"":""select""},{""action"":{""search_k"":1,""search_strategy"":""default""},""phase"":""search""},{""action"":{""execution_action"":""none"",""lip_action"":""none""},""phase"":""low""},{""action"":{""high_action"":""stop"",""order_decision"":""only_cost""},""phase"":""high""},{""action"":{""search_k"":1,""search_strategy"":""default""},""phase"":""search""},{""action"":{""execution_action"":""none"",""lip_action"":""none""},""phase"":""low""}]"
JOB,random,c,./workloads/query_job/29c.sql,NQO,881.130330264568,586.356000000000,ok,77d7c0fd6a7f7c2de253fe8fc44b2b6ae848c0c1e246c513425c8f83965bf0b0,1,16d810bd23cf745422629cddf0b58fc1443124c33d25a93880fd5e97f167c20d,142eaf7f50d4d9fd1d9a96dacf95e62d5f444579b46a4605f45e68eef1535bb0,./results/models/job/random/c/best.pt,"[{""action"":{""high_action"":""split"",""order_decision"":""only_cost""},""phase"":""high""},{""action"":{""candidate_id"":5,""schedule_alpha"":0.5},""phase"":""select""},{""action"":{""search_k"":1,""search_strategy"":""default""},""phase"":""search""},{""action"":{""execution_action"":""none"",""lip_action"":""none""},""phase"":""low""},{""action"":{""high_action"":""split"",""order_decision"":""only_cost""},""phase"":""high""},{""action"":{""candidate_id"":1,""schedule_alpha"":0.5},""phase"":""select""},{""action"":{""search_k"":1,""search_strategy"":""default""},""phase"":""search""},{""action"":{""execution_action"":""none"",""lip_action"":""none""},""phase"":""low""},{""action"":{""high_action"":""split"",""order_decision"":""only_cost""},""phase"":""high""},{""action"":{""candidate_id"":3,""schedule_alpha"":0.5},""phase"":""select""},{""action"":{""search_k"":1,""search_strategy"":""default""},""phase"":""search""},{""action"":{""execution_action"":""none"",""lip_action"":""none""},""phase"":""low""},{""action"":{""high_action"":""split"",""order_decision"":""only_cost""},""phase"":""high""},{""action"":{""candidate_id"":1,""schedule_alpha"":0.5},""phase"":""select""},{""action"":{""search_k"":1,""search_strategy"":""default""},""phase"":""search""},{""action"":{""execution_action"":""none"",""lip_action"":""none""},""phase"":""low""},{""action"":{""high_action"":""split"",""order_decision"":""only_cost""},""phase"":""high""},{""action"":{""candidate_id"":2,""schedule_alpha"":0.5},""phase"":""select""},{""action"":{""search_k"":1,""search_strategy"":""default""},""phase"":""search""},{""action"":{""execution_action"":""none"",""lip_action"":""none""},""phase"":""low""},{""action"":{""high_action"":""split"",""order_decision"":""only_cost""},""phase"":""high""},{""action"":{""candidate_id"":0,""schedule_alpha"":0.5},""phase"":""select""},{""action"":{""search_k"":1,""search_strategy"":""default""},""phase"":""search""},{""action"":{""execution_action"":""none"",""lip_action"":""none""},""phase"":""low""},{""action"":{""high_action"":""stop"",""order_decision"":""only_cost""},""phase"":""high""},{""action"":{""search_k"":1,""search_strategy"":""default""},""phase"":""search""},{""action"":{""execution_action"":""none"",""lip_action"":""none""},""phase"":""low""}]"
JOB,random,b,./workloads/query_job/8b.sql,NQO,371.668510138988,98.298000000000,ok,e5b0fc3c68184c62fd7ca88151a039904e2fc3708d4c2773297d07ecda52eef1,1,51a5afb0916e1e0333509cfaabf9e10785cbed39790b5109e35d586a525659dd,44ff38647cd7b7d8c4860051086c4be0b29f93d2edbfcdf3b5ebb5be85680434,./results/models/job/random/b/best.pt,"[{""action"":{""high_action"":""stop"",""order_decision"":""only_cost""},""phase"":""high""},{""action"":{""search_k"":1,""search_strategy"":""default""},""phase"":""search""},{""action"":{""execution_action"":""none"",""lip_action"":""none""},""phase"":""low""}]"
JOB,random,c,./workloads/query_job/30a.sql,NQO,1158.927023410797,405.213000000000,ok,75f27277da0bf405cd685f3341baca046a6788152a4b13a72ad743837698d0b5,1,b331e07888f8177708ed6ba1a49d05c6a3f2fd6d5bdef9100fb72adfe1fde121,e8a9c335fc7627588137c826cdfed229a8610d424162091c607e01e3f570e9c3,./results/models/job/random/c/best.pt,"[{""action"":{""high_action"":""split"",""order_decision"":""only_cost""},""phase"":""high""},{""action"":{""candidate_id"":4,""schedule_alpha"":0.5},""phase"":""select""},{""action"":{""search_k"":1,""search_strategy"":""default""},""phase"":""search""},{""action"":{""execution_action"":""none"",""lip_action"":""none""},""phase"":""low""},{""action"":{""high_action"":""split"",""order_decision"":""only_cost""},""phase"":""high""},{""action"":{""candidate_id"":2,""schedule_alpha"":0.5},""phase"":""select""},{""action"":{""search_k"":1,""search_strategy"":""default""},""phase"":""search""},{""action"":{""execution_action"":""none"",""lip_action"":""none""},""phase"":""low""},{""action"":{""high_action"":""split"",""order_decision"":""only_cost""},""phase"":""high""},{""action"":{""candidate_id"":2,""schedule_alpha"":0.5},""phase"":""select""},{""action"":{""search_k"":1,""search_strategy"":""default""},""phase"":""search""},{""action"":{""execution_action"":""conservative"",""lip_action"":""selective""},""phase"":""low""},{""action"":{""high_action"":""split"",""order_decision"":""only_cost""},""phase"":""high""},{""action"":{""candidate_id"":0,""schedule_alpha"":0.5},""phase"":""select""},{""action"":{""search_k"":1,""search_strategy"":""default""},""phase"":""search""},{""action"":{""execution_action"":""conservative"",""lip_action"":""selective""},""phase"":""low""},{""action"":{""high_action"":""stop"",""order_decision"":""only_cost""},""phase"":""high""},{""action"":{""search_k"":1,""search_strategy"":""default""},""phase"":""search""},{""action"":{""execution_action"":""none"",""lip_action"":""none""},""phase"":""low""}]"
JOB,random,c,./workloads/query_job/31a.sql,NQO,956.722147762775,420.905000000000,ok,b4b9bed0cdc7fe4c1c54b16a6e2414be7445182df9d71d1147ee8f1ad83645ab,1,d6df7eb75ae02aab28ee87f2131e15236fcee47b0916bdfedb9f3551217766d9,b6df9dcbb47c24a116e87b1c146fbcc139eda94e9677429e994b18f8f9fb04ec,./results/models/job/random/c/best.pt,"[{""action"":{""high_action"":""split"",""order_decision"":""only_cost""},""phase"":""high""},{""action"":{""candidate_id"":4,""schedule_alpha"":0.5},""phase"":""select""},{""action"":{""search_k"":1,""search_strategy"":""default""},""phase"":""search""},{""action"":{""execution_action"":""none"",""lip_action"":""none""},""phase"":""low""},{""action"":{""high_action"":""split"",""order_decision"":""only_cost""},""phase"":""high""},{""action"":{""candidate_id"":1,""schedule_alpha"":0.5},""phase"":""select""},{""action"":{""search_k"":1,""search_strategy"":""default""},""phase"":""search""},{""action"":{""execution_action"":""conservative"",""lip_action"":""selective""},""phase"":""low""},{""action"":{""high_action"":""split"",""order_decision"":""only_cost""},""phase"":""high""},{""action"":{""candidate_id"":2,""schedule_alpha"":0.5},""phase"":""select""},{""action"":{""search_k"":1,""search_strategy"":""default""},""phase"":""search""},{""action"":{""execution_action"":""none"",""lip_action"":""none""},""phase"":""low""},{""action"":{""high_action"":""split"",""order_decision"":""only_cost""},""phase"":""high""},{""action"":{""candidate_id"":1,""schedule_alpha"":0.5},""phase"":""select""},{""action"":{""search_k"":1,""search_strategy"":""default""},""phase"":""search""},{""action"":{""execution_action"":""none"",""lip_action"":""none""},""phase"":""low""},{""action"":{""high_action"":""stop"",""order_decision"":""only_cost""},""phase"":""high""},{""action"":{""search_k"":1,""search_strategy"":""default""},""phase"":""search""},{""action"":{""execution_action"":""none"",""lip_action"":""none""},""phase"":""low""}]"
JOB,random,c,./workloads/query_job/31b.sql,NQO,640.558235347271,343.912000000000,ok,af9badce4507ee4d5039906f46f8eae433d4b63bbfd0bdcb3cd1612c8094616d,1,72ec965bd7eae6991daf3d22f07e60d65002a0356204520ddc1190f1bde15d4b,5b5b8735a7e6b92ed1696f423e9a6198820b593af894080f494617e470de7f99,./results/models/job/random/c/best.pt,"[{""action"":{""high_action"":""split"",""order_decision"":""only_cost""},""phase"":""high""},{""action"":{""candidate_id"":4,""schedule_alpha"":0.5},""phase"":""select""},{""action"":{""search_k"":1,""search_strategy"":""default""},""phase"":""search""},{""action"":{""execution_action"":""none"",""lip_action"":""none""},""phase"":""low""},{""action"":{""high_action"":""split"",""order_decision"":""only_cost""},""phase"":""high""},{""action"":{""candidate_id"":3,""schedule_alpha"":0.5},""phase"":""select""},{""action"":{""search_k"":1,""search_strategy"":""default""},""phase"":""search""},{""action"":{""execution_action"":""none"",""lip_action"":""none""},""phase"":""low""},{""action"":{""high_action"":""split"",""order_decision"":""only_cost""},""phase"":""high""},{""action"":{""candidate_id"":1,""schedule_alpha"":0.5},""phase"":""select""},{""action"":{""search_k"":1,""search_strategy"":""default""},""phase"":""search""},{""action"":{""execution_action"":""none"",""lip_action"":""none""},""phase"":""low""},{""action"":{""high_action"":""split"",""order_decision"":""only_cost""},""phase"":""high""},{""action"":{""candidate_id"":1,""schedule_alpha"":0.5},""phase"":""select""},{""action"":{""search_k"":1,""search_strategy"":""default""},""phase"":""search""},{""action"":{""execution_action"":""none"",""lip_action"":""none""},""phase"":""low""},{""action"":{""high_action"":""stop"",""order_decision"":""only_cost""},""phase"":""high""},{""action"":{""search_k"":1,""search_strategy"":""default""},""phase"":""search""},{""action"":{""execution_action"":""none"",""lip_action"":""none""},""phase"":""low""}]"
JOB,random,c,./workloads/query_job/32b.sql,NQO,387.717708945274,146.991000000000,ok,43c84155213ca75b1309d3efc55b52157a6a633a42483d7d73a3a115178cfcc8,1,b997eb15bb1f909acb0275e719fd29db0dfa57277506d7def04ddfd6a9355056,0c4168a025cddedd33b32d0f6eceef46efa25376ac1712e5511a368ad3b4b0db,./results/models/job/random/c/best.pt,"[{""action"":{""high_action"":""split"",""order_decision"":""only_cost""},""phase"":""high""},{""action"":{""candidate_id"":0,""schedule_alpha"":0.5},""phase"":""select""},{""action"":{""search_k"":1,""search_strategy"":""default""},""phase"":""search""},{""action"":{""execution_action"":""none"",""lip_action"":""none""},""phase"":""low""},{""action"":{""high_action"":""stop"",""order_decision"":""only_cost""},""phase"":""high""},{""action"":{""search_k"":1,""search_strategy"":""default""},""phase"":""search""},{""action"":{""execution_action"":""conservative"",""lip_action"":""selective""},""phase"":""low""}]"
JOB,random,b,./workloads/query_job/8c.sql,NQO,3180.784218013287,103.968000000000,ok,c42116a64cf69868461811bec1f88b182f525b980b05f463f84279a2a2aecec6,1,89ed9592f526454a48e2b41b7bf144c87a1a36abdb0918520e80309e19381d99,0eed97f2b2d67f230879b8c265ea689ecf21566dc1d5c914b0fc5dcb787b7071,./results/models/job/random/b/best.pt,"[{""action"":{""high_action"":""stop"",""order_decision"":""only_cost""},""phase"":""high""},{""action"":{""search_k"":1,""search_strategy"":""default""},""phase"":""search""},{""action"":{""execution_action"":""none"",""lip_action"":""none""},""phase"":""low""}]"
JOB,random,c,./workloads/query_job/33c.sql,NQO,612.719021737576,541.777000000000,ok,bec01129f73c7b6283774bd7e37a898a92dfe01633d9d7953359b3a4769c6b1c,1,0cf144846bd0de91d7a34d4c089734acf78f2d28b25fba3ebb98eb213b95bc91,9f0063b2d4cf80dfac0d5af9f3b8681da738e4a40049b2f5b62acf542d8f011a,./results/models/job/random/c/best.pt,"[{""action"":{""high_action"":""split"",""order_decision"":""only_cost""},""phase"":""high""},{""action"":{""candidate_id"":4,""schedule_alpha"":0.5},""phase"":""select""},{""action"":{""search_k"":1,""search_strategy"":""default""},""phase"":""search""},{""action"":{""execution_action"":""none"",""lip_action"":""none""},""phase"":""low""},{""action"":{""high_action"":""split"",""order_decision"":""only_cost""},""phase"":""high""},{""action"":{""candidate_id"":0,""schedule_alpha"":0.5},""phase"":""select""},{""action"":{""search_k"":1,""search_strategy"":""default""},""phase"":""search""},{""action"":{""execution_action"":""conservative"",""lip_action"":""selective""},""phase"":""low""},{""action"":{""high_action"":""split"",""order_decision"":""only_cost""},""phase"":""high""},{""action"":{""candidate_id"":3,""schedule_alpha"":0.5},""phase"":""select""},{""action"":{""search_k"":1,""search_strategy"":""default""},""phase"":""search""},{""action"":{""execution_action"":""none"",""lip_action"":""none""},""phase"":""low""},{""action"":{""high_action"":""split"",""order_decision"":""only_cost""},""phase"":""high""},{""action"":{""candidate_id"":2,""schedule_alpha"":0.5},""phase"":""select""},{""action"":{""search_k"":1,""search_strategy"":""default""},""phase"":""search""},{""action"":{""execution_action"":""none"",""lip_action"":""none""},""phase"":""low""},{""action"":{""high_action"":""split"",""order_decision"":""only_cost""},""phase"":""high""},{""action"":{""candidate_id"":0,""schedule_alpha"":0.5},""phase"":""select""},{""action"":{""search_k"":1,""search_strategy"":""default""},""phase"":""search""},{""action"":{""execution_action"":""none"",""lip_action"":""none""},""phase"":""low""},{""action"":{""high_action"":""stop"",""order_decision"":""only_cost""},""phase"":""high""},{""action"":{""search_k"":1,""search_strategy"":""default""},""phase"":""search""},{""action"":{""execution_action"":""none"",""lip_action"":""none""},""phase"":""low""}]"
JOB,random,c,./workloads/query_job/5a.sql,NQO,292.268119752407,146.163000000000,ok,4f78f1a55542d807d5eaabd4ee2244ee9ba0258958f7de1c1ef4598cd5b46ab1,1,ad3278b22bd8847fdfe9398e97f36814fb1b2ad3a48fdac883c34354b8f5c58e,4473d4a030bd272802d6f426ed79407ca1ff26ce942f606b7516079d639e0483,./results/models/job/random/c/best.pt,"[{""action"":{""high_action"":""split"",""order_decision"":""only_cost""},""phase"":""high""},{""action"":{""candidate_id"":0,""schedule_alpha"":0.5},""phase"":""select""},{""action"":{""search_k"":1,""search_strategy"":""default""},""phase"":""search""},{""action"":{""execution_action"":""none"",""lip_action"":""none""},""phase"":""low""},{""action"":{""high_action"":""stop"",""order_decision"":""only_cost""},""phase"":""high""},{""action"":{""search_k"":1,""search_strategy"":""default""},""phase"":""search""},{""action"":{""execution_action"":""none"",""lip_action"":""none""},""phase"":""low""}]"
JOB,random,c,./workloads/query_job/6d.sql,NQO,1231.815129518509,154.337000000000,ok,bf8229c3af721fca42ad64803e348b47d39c54dfd46fcbc5d2ef84cd56b31b17,1,a47aa29ff9181e825283aced3fd171135f2003b401502c78c0dff09c420a323b,e285652e1bbe90c18c839c9e263d18d3418586f48364b393d5b58bcff504660f,./results/models/job/random/c/best.pt,"[{""action"":{""high_action"":""split"",""order_decision"":""only_cost""},""phase"":""high""},{""action"":{""candidate_id"":1,""schedule_alpha"":0.5},""phase"":""select""},{""action"":{""search_k"":1,""search_strategy"":""default""},""phase"":""search""},{""action"":{""execution_action"":""none"",""lip_action"":""none""},""phase"":""low""},{""action"":{""high_action"":""stop"",""order_decision"":""only_cost""},""phase"":""high""},{""action"":{""search_k"":1,""search_strategy"":""default""},""phase"":""search""},{""action"":{""execution_action"":""conservative"",""lip_action"":""selective""},""phase"":""low""}]"
JOB,random,c,./workloads/query_job/6e.sql,NQO,219.238631427288,145.263000000000,ok,2e45680981dcedf844899f966540a92734a6200fc0d8bd8a547ceba0d0cf631f,1,0a412a4ccfe6dc773ea8876a0405781f7ac9470acf068971426bfdd81991233f,0b17b8f32362eca632d996484b355d2405efed2aa6705637bd84b94090a500e8,./results/models/job/random/c/best.pt,"[{""action"":{""high_action"":""split"",""order_decision"":""only_cost""},""phase"":""high""},{""action"":{""candidate_id"":1,""schedule_alpha"":0.5},""phase"":""select""},{""action"":{""search_k"":1,""search_strategy"":""default""},""phase"":""search""},{""action"":{""execution_action"":""none"",""lip_action"":""none""},""phase"":""low""},{""action"":{""high_action"":""stop"",""order_decision"":""only_cost""},""phase"":""high""},{""action"":{""search_k"":1,""search_strategy"":""default""},""phase"":""search""},{""action"":{""execution_action"":""none"",""lip_action"":""none""},""phase"":""low""}]"
JOB,random,c,./workloads/query_job/7a.sql,NQO,550.120376050472,304.222000000000,ok,40743217d40990404defb4bdc300d71b5622739b38b1f1257353a4829383f098,1,95e599329e35eb6646ba9ade91aa96e162a9afa799fb95f9bfb524b9d6b5503a,e9edf4a35c577db033bc50f6adee643016f96a009fa750128dc54a087d2a130d,./results/models/job/random/c/best.pt,"[{""action"":{""high_action"":""split"",""order_decision"":""only_cost""},""phase"":""high""},{""action"":{""candidate_id"":3,""schedule_alpha"":0.5},""phase"":""select""},{""action"":{""search_k"":1,""search_strategy"":""default""},""phase"":""search""},{""action"":{""execution_action"":""none"",""lip_action"":""none""},""phase"":""low""},{""action"":{""high_action"":""split"",""order_decision"":""only_cost""},""phase"":""high""},{""action"":{""candidate_id"":0,""schedule_alpha"":0.5},""phase"":""select""},{""action"":{""search_k"":1,""search_strategy"":""default""},""phase"":""search""},{""action"":{""execution_action"":""none"",""lip_action"":""none""},""phase"":""low""},{""action"":{""high_action"":""split"",""order_decision"":""only_cost""},""phase"":""high""},{""action"":{""candidate_id"":1,""schedule_alpha"":0.5},""phase"":""select""},{""action"":{""search_k"":1,""search_strategy"":""default""},""phase"":""search""},{""action"":{""execution_action"":""none"",""lip_action"":""none""},""phase"":""low""},{""action"":{""high_action"":""stop"",""order_decision"":""only_cost""},""phase"":""high""},{""action"":{""search_k"":1,""search_strategy"":""default""},""phase"":""search""},{""action"":{""execution_action"":""conservative"",""lip_action"":""selective""},""phase"":""low""}]"
JOB,random,c,./workloads/query_job/8d.sql,NQO,3700.050055980682,241.464000000000,ok,b50c2737ab9a94fd59cbc7b091e69509ac4d8c8ca5b321b7a0d1a7c762d6c287,1,0960774108b1e5fae676a935971486c6c0ad8687be01aa487facc0bc1a32b233,b57f0e8e5a68f22b89cf350277ebf4ec9d41bae5e135f8e5f828bdf0d5ab6aab,./results/models/job/random/c/best.pt,"[{""action"":{""high_action"":""split"",""order_decision"":""only_cost""},""phase"":""high""},{""action"":{""candidate_id"":2,""schedule_alpha"":0.5},""phase"":""select""},{""action"":{""search_k"":1,""search_strategy"":""default""},""phase"":""search""},{""action"":{""execution_action"":""conservative"",""lip_action"":""selective""},""phase"":""low""},{""action"":{""high_action"":""split"",""order_decision"":""only_cost""},""phase"":""high""},{""action"":{""candidate_id"":0,""schedule_alpha"":0.5},""phase"":""select""},{""action"":{""search_k"":1,""search_strategy"":""default""},""phase"":""search""},{""action"":{""execution_action"":""conservative"",""lip_action"":""selective""},""phase"":""low""},{""action"":{""high_action"":""stop"",""order_decision"":""only_cost""},""phase"":""high""},{""action"":{""search_k"":1,""search_strategy"":""default""},""phase"":""search""},{""action"":{""execution_action"":""conservative"",""lip_action"":""selective""},""phase"":""low""}]"
JOB,random,c,./workloads/query_job/9c.sql,NQO,1373.914688825607,232.307000000000,ok,255fd7ac351d0509bf40d4f6cd13a716d0b73d3a2ffcf278f30cae25eea33429,1,562840366ffb39d1835ff74bf613e8f7f8db44f0c1e4fae81812621f5c6ad697,883007f6337b686f64f61a6bc52fc9076068b8db3301ccd0104650e0aa3bb1a6,./results/models/job/random/c/best.pt,"[{""action"":{""high_action"":""split"",""order_decision"":""only_cost""},""phase"":""high""},{""action"":{""candidate_id"":1,""schedule_alpha"":0.5},""phase"":""select""},{""action"":{""search_k"":1,""search_strategy"":""default""},""phase"":""search""},{""action"":{""execution_action"":""none"",""lip_action"":""none""},""phase"":""low""},{""action"":{""high_action"":""split"",""order_decision"":""only_cost""},""phase"":""high""},{""action"":{""candidate_id"":0,""schedule_alpha"":0.5},""phase"":""select""},{""action"":{""search_k"":1,""search_strategy"":""default""},""phase"":""search""},{""action"":{""execution_action"":""none"",""lip_action"":""none""},""phase"":""low""},{""action"":{""high_action"":""stop"",""order_decision"":""only_cost""},""phase"":""high""},{""action"":{""search_k"":1,""search_strategy"":""default""},""phase"":""search""},{""action"":{""execution_action"":""conservative"",""lip_action"":""selective""},""phase"":""low""}]"
