dataset,query_id,sql_path,profile,repetition,status,first_runtime_ms,charged_runtime_ms,timeout_limit_ms,result_hash,result_rows,materializations,materialized_rows,materialized_bytes,cache_id
JOB,10a,./workloads/query_job/10a.sql,aja_conservative,0,ok,760.487660765648,760.487660765648,60000,929d0b936421c3cc037300fc273cb56746f39627e96a60da4dd6863044511457,1,0,0,0,a41c75f2dae97ed2caef0b99055929e66e486b6f517eeeba5a035ff40a6439a1
JOB,10b,./workloads/query_job/10b.sql,aja_conservative,0,ok,315.144307911396,315.144307911396,60000,706843969f310473a0308417223dbd3b01f9c23dd72c30ca6a320928a1c6d9a0,1,0,0,0,ecede2dc3652235fbed47f5c35a87fe5e3846ed3ce1c2b3839212b16ccfe6b73
JOB,10c,./workloads/query_job/10c.sql,aja_conservative,0,ok,7004.973545670509,7004.973545670509,60000,73b0bf53e0d911a07eeb82a77e0c4d8e572b4a66464eabd6ab74eddeab66e4b6,1,0,0,0,cc0796568b21be911edb8649adffb4fc60e69163721dcb93d25caac3345895b7
JOB,11a,./workloads/query_job/11a.sql,aja_conservative,0,ok,102.798722684383,102.798722684383,60000,83811c5c01e3bdbafff3ac6671360f1cb19c1452dd9ec0b095bcd21856c36865,1,0,0,0,923f7be59870ecd22296f4a9ea7edf5094e88f21dff89b95c10a1f87c4f9c431
JOB,11b,./workloads/query_job/11b.sql,aja_conservative,0,ok,82.138307392597,82.138307392597,60000,1140a97472e10ce6316cd6b2747dee298183b9dfeb896f858eb6598def2645fe,1,0,0,0,33af6a594e13a7e8c609499556a72e80d284b55bbe508601806b599d90004f25
JOB,11c,./workloads/query_job/11c.sql,aja_conservative,0,ok,148.520767688751,148.520767688751,60000,e03dd6f5aa7f119762f6b549c488852bbe23e0297bd479e5946f75c06ef1bbca,1,0,0,0,b98b839ba0889d7490f62049abc1c6b59e463146ebd3c620ec18a01fdbb1ab0a
JOB,11d,./workloads/query_job/11d.sql,aja_conservative,0,ok,129.434965550900,129.434965550900,60000,de7342ed1d49ddb4af769ed803430202f4e99db6d34267ee2b58c1cbcee1f279,1,0,0,0,0d690dc0815ced5bcd0d46991703424e79b8effb9b427ffd7f1d506028f26355
JOB,12a,./workloads/query_job/12a.sql,aja_conservative,0,ok,401.063360273838,401.063360273838,60000,859e14caaec80c8e1bdf8043bc9dbcdc6810582adf44e5ae0ea485fc5cb8ed01,1,0,0,0,215070cdb92a582ffadd21ed537057e2bd250d6c1f9a1004242d9e4378bcb7c5
JOB,12b,./workloads/query_job/12b.sql,aja_conservative,0,ok,32.514557242393,32.514557242393,60000,c6ff9ec06ce589c648d889e9e9021a68976c3ccf8550d7c147b5054bdddcb545,1,0,0,0,2373aa0bcf9e5a502f41b82e16e784ab7754788c333025ba2a32a979ab855009
JOB,12c,./workloads/query_job/12c.sql,aja_conservative,0,ok,1483.169451355934,1483.169451355934,60000,fc048ce250bbfdae76cc58594ab66716a3f413669bed819d0adf4b9851bbc9c4,1,0,0,0,8ce10c3018c563492dbbb493a5bfd8ae358e3df24160c4f996d795332caf3e9f
JOB,13a,./workloads/query_job/13a.sql,aja_conservative,0,ok,2680.081009864807,2680.081009864807,60000,5ee98befd3d641c6753778abf08e4c9202a00380903807997963bc6fbf2344d1,1,0,0,0,d0c5f26b970615f54abeb0d0192eec0195b113787f14dd3e100318821f473a4e
JOB,13b,./workloads/query_job/13b.sql,aja_conservative,0,ok,1088.089570403099,1088.089570403099,60000,3d96d4044fccab21095254c6b5ee60e7d430f8e3a04d0eb12bc3df93c0a121c3,1,0,0,0,37307e60913361fca048ae51268c07a918d501859bbe4aecfc0b1e04d70da1bf
JOB,13c,./workloads/query_job/13c.sql,aja_conservative,0,ok,1045.563779771328,1045.563779771328,60000,62d718231272d8795fb939428fb8d114fb4735e7ff7ba5aa1c8431e0dd880cb9,1,0,0,0,13d2c0dacbafb6ea9660594e2663b8a5a9ad9568cb0dc19a812551c2aa2810e7
JOB,13d,./workloads/query_job/13d.sql,aja_conservative,0,ok,4218.701153993607,4218.701153993607,60000,23a870573284058686cb251c6ba164baa8ae4f5ef07cfb8c562be705ab7dee88,1,0,0,0,d2f576a26be3ac565771a6833371616dc9850e4b3f5dae5b367b7fa2d558f310
JOB,14a,./workloads/query_job/14a.sql,aja_conservative,0,ok,413.150802254677,413.150802254677,60000,f13c3a0e601dd42f5abd41675e0438c06c7c79b9e0a6b2e6974fe4952b94c09e,1,0,0,0,69a4efd648fed7cef1c5bed9d8bbdb2987fedb5f9401f79ae876c9936b5c5813
JOB,14b,./workloads/query_job/14b.sql,aja_conservative,0,ok,208.406180143356,208.406180143356,60000,74085e27c595ac219c6257d663e3ccccdf16299520347ac5488a715783f18a41,1,0,0,0,2cf4538fb69e9597c09bbb617cc73cbf7cc3142701582c93b5739812eb09df65
JOB,14c,./workloads/query_job/14c.sql,aja_conservative,0,ok,722.167178988457,722.167178988457,60000,f13c3a0e601dd42f5abd41675e0438c06c7c79b9e0a6b2e6974fe4952b94c09e,1,0,0,0,9d69f3d01d3bf72233007b89720c7dacb591bf276bab12d736554b070dba7149
JOB,15a,./workloads/query_job/15a.sql,aja_conservative,0,ok,866.369746625423,866.369746625423,60000,0bf74f571c854c91dada16e78f6a511682855e8364304c1e74a2715a468ad523,1,0,0,0,053709dc45767a853489adcdee3a7832878a72c2cc51527ba7f348524db1210a
JOB,15b,./workloads/query_job/15b.sql,aja_conservative,0,ok,86.367093026638,86.367093026638,60000,b25c3f018dd147bf4abce160072d7f8ba5b0f3abbe07bec34bc2e8b72eefff81,1,0,0,0,885b8b80713944f3a7951cc4187b877f85a32a9ef84e403750aaff2351399e10
JOB,15c,./workloads/query_job/15c.sql,aja_conservative,0,ok,714.952751994133,714.952751994133,60000,089e136e8a705182e20d1d2d2df976cada5b59fa92a88f7c18af99db6fa72368,1,0,0,0,f8eab69af3a22744692afccda4b27f1e36d03faa1540fadaf3db32f13ec72bc5
JOB,15d,./workloads/query_job/15d.sql,aja_conservative,0,ok,938.084982335567,938.084982335567,60000,df3a19f8bdca38394c1c9a01f448c4e34ce26e4cc3c938d45c9a4e59526d24d5,1,0,0,0,dd22507e00a94057d6db8d0bb31b9215cbcee8e69fd7ea77cdd85f6d8bc617df
JOB,16a,./workloads/query_job/16a.sql,aja_conservative,0,ok,286.087557673454,286.087557673454,60000,bffefed9bcba1ce113c4f9365520889d2a59468ebb170e1a8e776353d8311bfb,1,0,0,0,b2be931096941e18a4bf84aac8ad5a68edbec57bf0aa570aa4f95745711a8358
JOB,16b,./workloads/query_job/16b.sql,aja_conservative,0,ok,16431.624919176102,16431.624919176102,60000,e153889fdca6a79bf30b6f802a7d6fb574587af0fb56f36ecc25d831db945ea2,1,0,0,0,af30a9e4c5f826128e24afb9a05c26c5dad397bf4fb612e564f884d30b26fa31
JOB,16c,./workloads/query_job/16c.sql,aja_conservative,0,ok,1774.109065532684,1774.109065532684,60000,1318f60bc0ac9eb3ca4ac578870bec99e9ac05ece5a440ba30e253efb9ea5aeb,1,0,0,0,014bbfc6305b3e80ab44378c5b4a49ed052e0f922421e834be6c81d80e32abbe
JOB,16d,./workloads/query_job/16d.sql,aja_conservative,0,ok,1450.125113129616,1450.125113129616,60000,1318f60bc0ac9eb3ca4ac578870bec99e9ac05ece5a440ba30e253efb9ea5aeb,1,0,0,0,a1dbe7f401de90191bb384fdedb0843c06cfec4a6a95651df1116b710ccff6ba
JOB,17a,./workloads/query_job/17a.sql,aja_conservative,0,ok,9653.578124940395,9653.578124940395,60000,12f3484b478e4f8b8c8fb87fad1c71c58c270dfee71990c3ecc25050d8a36b0f,1,0,0,0,89d1742afe87d96a98764062aca124a04caca97c5eb4a6f0905a867e3a2c126f
JOB,17b,./workloads/query_job/17b.sql,aja_conservative,0,ok,6234.864033758640,6234.864033758640,60000,de642ce5a04416b5f5d58162138ce38932542abd6a7a7a08d538f1a6fc288f85,1,0,0,0,95cb0f7776e51668188414a91b880a1205ba1bdd60623cccff8996016aa13b9c
JOB,17c,./workloads/query_job/17c.sql,aja_conservative,0,ok,5990.108378231525,5990.108378231525,60000,89318885181be4671a585035246d501b4eb546101d7a71035ac9eaf20c99bdff,1,0,0,0,76b9d41a0c666b332d9db60f74517696236f0951c3b33968e88552aa565e58f1
JOB,17d,./workloads/query_job/17d.sql,aja_conservative,0,ok,6132.042914628983,6132.042914628983,60000,9a519542553c082aa22cad711ded801827b50f2fc8a7b5078563cb2b04a7428e,1,0,0,0,cb58996e4d327101e977640fab4e317607f061c01eb31508378cd154b433fc5f
JOB,17e,./workloads/query_job/17e.sql,aja_conservative,0,ok,9578.084826469421,9578.084826469421,60000,f737f87f1aee3edfa2a8464fe8782aa3d0139b69867ac6bfd244eb890fff19b5,1,0,0,0,051dc97180cc2fb5a5ae80172cc4b667a2e728502c4da53a9b06a44b2ab068c8
JOB,17f,./workloads/query_job/17f.sql,aja_conservative,0,ok,8369.240067899227,8369.240067899227,60000,966c1a52f852284091756356c99e5f43debac4e41bc8ee9f790f5c70bff4c7c4,1,0,0,0,65826d91a115bc7953a3986fc8351bacfa5e4225193261d03bdfdff7ee2d3b74
JOB,18a,./workloads/query_job/18a.sql,aja_conservative,0,ok,7542.527303099632,7542.527303099632,60000,4ea394ad5b6ff23d28102b48eef256f385144f05c176dcf273e5fc3dfc0f3ea7,1,0,0,0,da0d17ea53de0933a4b9e4574e94fe8a2708c64bb2380c7fea9041a8dfba8f5b
JOB,18b,./workloads/query_job/18b.sql,aja_conservative,0,ok,429.722703993320,429.722703993320,60000,6635682ea66176cb4b122c8c01b41b06001993191e9889f440da443126fcee38,1,0,0,0,1e30cc5d3ecabe2dae0f04353e1f89453ccf2cc5b97911d71ba0a3c2ac88db9d
JOB,18c,./workloads/query_job/18c.sql,aja_conservative,0,ok,9375.530555844307,9375.530555844307,60000,542307488c7a1ab1b7cc860d07b9bcba2943079fcc1b17924c4d69c8285fa274,1,0,0,0,cc1980d1064ff85747b6fbc4e01a3b5accc4e953d9114a1036a9c4edb825cd34
JOB,19a,./workloads/query_job/19a.sql,aja_conservative,0,ok,907.438583672047,907.438583672047,60000,1f0ca7719cfc34a43e2d3322146638f13989d450c4591afc7b3885613918e4de,1,0,0,0,b0539d1fd59a6f419f578117e432394a686d5a29e9bdf91380e0891378732838
JOB,19b,./workloads/query_job/19b.sql,aja_conservative,0,ok,497.803278267384,497.803278267384,60000,91275ea0a7bef7c58863c590bb17df5976280a00d3553ff0ccfd2fc85a34dfb6,1,0,0,0,446acbc7a1fde39eb18ab9a0138ccad4d7b21e3c28d84d6707bb30d1636c3b80
JOB,19c,./workloads/query_job/19c.sql,aja_conservative,0,ok,1870.904438197613,1870.904438197613,60000,5bb686926c7ac803228b08a35834a98c97bfac4d34377d9f0e0143ed1c846478,1,0,0,0,8181b143020806d3d98f6609d543e75ce2dc1336f35c0b6a6063e10ee7aecdf5
JOB,19d,./workloads/query_job/19d.sql,aja_conservative,0,ok,12046.028621494770,12046.028621494770,60000,a4539f795d93860062d39d330febb9a7e2eba327a0dde36ea917ef25d81da7fb,1,0,0,0,1cbea0eb4950a30184217bdad856deda41ab8e47745a4307104aa0ff6461b929
JOB,1a,./workloads/query_job/1a.sql,aja_conservative,0,ok,41.692540049553,41.692540049553,60000,4509535bf8626cc136208e1b88afc7aa478160ccf6b340e66765b9bcf2288a38,1,0,0,0,82b9e60ca41bd948a8af2a9a67e651afe55a7d1e4fa7764145b9a89a9da0fe01
JOB,1b,./workloads/query_job/1b.sql,aja_conservative,0,ok,18.038548529148,18.038548529148,60000,be1d6ac40c20f262e1328dfd04b2021cc535502e6b32eff765a057282a5df4f7,1,0,0,0,42f134b0c0220375ab62407f31f268faa789aac6592a085c3a43b3870e2bfd03
JOB,1c,./workloads/query_job/1c.sql,aja_conservative,0,ok,34.664437174797,34.664437174797,60000,c9cfeb2c53a9c7d56ba455c5c333a8fac5db32559ebd94b17f2dbd68a69e1122,1,0,0,0,26ca4e7f672b1e63c26ade045558e4f7d7d6bef8ab10399cb1e05098067e83f8
JOB,1d,./workloads/query_job/1d.sql,aja_conservative,0,ok,15.235781669617,15.235781669617,60000,b68175a2c8e96f8bc107b1f09c2703f390d5a78ec2aa27991cd17eea2e6db1c8,1,0,0,0,b183d62a47f76b5abb20778541c960da9225fea3d2ce1eee0b009ed2002f9583
JOB,20a,./workloads/query_job/20a.sql,aja_conservative,0,ok,2470.333367586136,2470.333367586136,60000,b9480e419c0d039ed6aaa9978ef27229df665cc5a98eb6295b1a8948ca1efa8c,1,0,0,0,987f3df0865471476b243700bddabe67d851638562f185092cbab000080ed7a0
JOB,20b,./workloads/query_job/20b.sql,aja_conservative,0,ok,2054.504588246346,2054.504588246346,60000,bdabdfce4c8cd4726f7228f6d5040b01cd2120ccf41064b215b2fd1b9c7cdbe3,1,0,0,0,14fda31520d68b9a350d949a622776f179c9563b9f0dbd8be82a6f1147af4fd5
JOB,20c,./workloads/query_job/20c.sql,aja_conservative,0,ok,1267.139799892902,1267.139799892902,60000,568e7928022d673040c12df4a67123a0784853e4f2fd144a3c3ad416f6a0ff39,1,0,0,0,2fd8a0b04facd77253ff2d3f3509c8ed2b4faa5227aa03cdf6b25995cffb42f6
JOB,21a,./workloads/query_job/21a.sql,aja_conservative,0,ok,130.502067506313,130.502067506313,60000,6114bcae99606cbd64c86c8dd7da67c69f8e545ea60c5213503552460a7306d0,1,0,0,0,976ba0bebc334c74676da349a2d689ed10fdbc93743939a4bc561bd9796845e4
JOB,21b,./workloads/query_job/21b.sql,aja_conservative,0,ok,119.168944656849,119.168944656849,60000,1da28682b56bf46849a42e55ba2b328e656ccb98f2f56a02e22549b0a2dec397,1,0,0,0,8a67a477e0c909eeae49fd37b4497e879520e524d2e9a793ef733c0cb115d6d0
JOB,21c,./workloads/query_job/21c.sql,aja_conservative,0,ok,123.294420540333,123.294420540333,60000,83811c5c01e3bdbafff3ac6671360f1cb19c1452dd9ec0b095bcd21856c36865,1,0,0,0,5b9bc674b1285dabbb618c2176cca1f871ce341cde75786171ec03bef9684637
JOB,22a,./workloads/query_job/22a.sql,aja_conservative,0,ok,556.420512497425,556.420512497425,60000,6bee5e8659b220bbe1e6582e8e5bea8f9a97ac298b4a7f5246846c1413c5c2c3,1,0,0,0,045ad27e1d3192374c379543ddb1c4dfcfdbb4dd362e07658f7c305f5d291dfc
JOB,22b,./workloads/query_job/22b.sql,aja_conservative,0,ok,395.749017596245,395.749017596245,60000,261344b3d5dbc63bbc8b73ff367b08e19136e387d0502f40684455f7a223d93f,1,0,0,0,d1cf5c863a1ef5a013cbba2af58466c3579ffec2263d3169cc34f113015eccb3
JOB,22c,./workloads/query_job/22c.sql,aja_conservative,0,ok,2017.111055552959,2017.111055552959,60000,18e529eeadd28daacd2cb90fcff55d8be4573ecfaaf76cd6e1ddb1dd25ff265c,1,0,0,0,b151c7cdd351213f90d3ca9b5256a6d731987d34b44192de57c0181514da786b
JOB,22d,./workloads/query_job/22d.sql,aja_conservative,0,ok,971.751712262630,971.751712262630,60000,5469e96c680a925a1c749d9befcbc02caea70a0c986dfa8291bc858fe10392ac,1,0,0,0,1e2955dbba3bb8560175dab5a14753ba7571e76171498e083c75e71fd334ee0e
JOB,23a,./workloads/query_job/23a.sql,aja_conservative,0,ok,431.113272905350,431.113272905350,60000,e33290c8b8a911bae419941260d0bb2e09cceab157ff21cbd4088e50c3a1cc9b,1,0,0,0,2db075e24f91b4de0c6e37b5d24de469fc67861eded4216ea3470d9b764f838f
JOB,23b,./workloads/query_job/23b.sql,aja_conservative,0,ok,129.262425005436,129.262425005436,60000,f3a7f99f72b0caf860606e57aed9dc89d96aec3d96e1b92fd2104119ba77b59b,1,0,0,0,2edb8df09c389c6a80441ba155949cf6427db7bd3ad85de541141e53883e6ccd
JOB,23c,./workloads/query_job/23c.sql,aja_conservative,0,ok,570.580787956715,570.580787956715,60000,d6d3b9a56435f4fe61ee133589ebd35b7135f05afe08be1125990d58b250e9f9,1,0,0,0,ae9146b933cbb31992e426c19d13b83c6678e957b33feab013284a8060dfcf29
JOB,24a,./workloads/query_job/24a.sql,aja_conservative,0,ok,359.884485602379,359.884485602379,60000,f456596f387e349a6006b7f95149e83820f1855cb47322cf82c324c7abf10133,1,0,0,0,3798203a2bd0844362c9d9c319ed559f798c5569e7c16e5a42c825f41631acf3
JOB,24b,./workloads/query_job/24b.sql,aja_conservative,0,ok,414.259642362595,414.259642362595,60000,c6a12dd8a9651eef2928671373921d7e677edea1ec96df6544103293106311ef,1,0,0,0,ad042a352dd8f58d5253deaa186dce6d363bc7279ccc0416b1beefa47a50b9d0
JOB,25a,./workloads/query_job/25a.sql,aja_conservative,0,ok,3006.170369684696,3006.170369684696,60000,3f61bc3b5b8945716ddc701b2a0b19f860043a01c2e6df0e838c90693f07dd20,1,0,0,0,a5e18967e962da495f73391c89ebd5cf78cdc7a0e5382fba63423c0f8d2a363d
JOB,25b,./workloads/query_job/25b.sql,aja_conservative,0,ok,441.970944404602,441.970944404602,60000,a6dff347cc4e2c49ccacd365b50a365a6fabbfadf92d2cdfddeb9d790e3bbb17,1,0,0,0,371f88565ece47bf442e224c0440cf0b71b8788ba98b63bdf0931093b8f2ba22
JOB,25c,./workloads/query_job/25c.sql,aja_conservative,0,ok,6863.026164472103,6863.026164472103,60000,67a630b3c65d3bcaa414c0e78677ad348267d0f04c2fa18b570f5906a0599ac5,1,0,0,0,32322d59e3bac0dd618fd1943e09dd409cc76b11740bb1c891ebd49270637576
JOB,26a,./workloads/query_job/26a.sql,aja_conservative,0,ok,1504.197381436825,1504.197381436825,60000,2c7cebb1807f0b225f4f97c680278aa0ec35039ff7dbf43518e7a09bd026684a,1,0,0,0,ce78e0d008a44b55ccbd0489a8badc68cdc9b4c614bc74b358cd28a7de590cf1
JOB,26b,./workloads/query_job/26b.sql,aja_conservative,0,ok,277.202785015106,277.202785015106,60000,52c5df37c8602881f0acfe405e5a4f38ddcec08893afde614bdc4c3ed35bf58f,1,0,0,0,f48817a350f8f82928a40ad2f76b46c33d164d77a4a0568447eabda108202589
JOB,26c,./workloads/query_job/26c.sql,aja_conservative,0,ok,4324.930764734745,4324.930764734745,60000,028fa66983476fd11ebe0fc3fe75f01f243fb077ff18202487babf6b5905aae1,1,0,0,0,f0fb4e84d6fcfa4ecc44e157fd56ff904f96cd298a47af61aa11a00e81901719
JOB,27a,./workloads/query_job/27a.sql,aja_conservative,0,ok,174.574024975300,174.574024975300,60000,17da2f55cbda32682db3bc710c4a0f0048b6fb05111deffe244b8be90c1e4968,1,0,0,0,aa28466c5061c1d1601342d0feef06468c42d52f5f673e7a86bbbe943454b0ea
JOB,27b,./workloads/query_job/27b.sql,aja_conservative,0,ok,170.242935419083,170.242935419083,60000,4eb4e5bb88d274fb571daa3d9537d134ac91e3971795bedfe21b63973b8a983c,1,0,0,0,15e75dc4616e038da3ada308af9a70f58657e7a316fa7f1f7efec5da9cef1846
JOB,27c,./workloads/query_job/27c.sql,aja_conservative,0,ok,141.247920691967,141.247920691967,60000,17da2f55cbda32682db3bc710c4a0f0048b6fb05111deffe244b8be90c1e4968,1,0,0,0,633d88219c39d35c854b886b17bd1a8da1f10eafe64adc809a555e87a7201dba
JOB,28a,./workloads/query_job/28a.sql,aja_conservative,0,ok,1040.517508983612,1040.517508983612,60000,9bbfa4b43836dbcd01ed830b9188456a9d9309e4cc0ef0948c1f6ff8b2c0e39c,1,0,0,0,9ae237b08f3dce1e86373fb370ea9487092e6714021cec0ebb3cfe3cb3fbc7bc
JOB,28b,./workloads/query_job/28b.sql,aja_conservative,0,ok,694.567695260048,694.567695260048,60000,1504c5fe4b85e0649828523441b52c0f8b7c17598529646d3d732ab63db821f5,1,0,0,0,ab6e13c1ba4d1d3a6b4c6e0d674507f98d7a9ff7c6ee6e4a25547c322ad8a650
JOB,28c,./workloads/query_job/28c.sql,aja_conservative,0,ok,1330.414019525051,1330.414019525051,60000,991e8b67081098ca2488bedc79afe1881f2df52affbd0cf95312f4fb04855bd7,1,0,0,0,2c0d2aaca25383b7d88bb39f250a2c0a268fe7b87a92259405dfac4298c6817f
JOB,29a,./workloads/query_job/29a.sql,aja_conservative,0,ok,2238.844893872738,2238.844893872738,60000,6931843f19cb52122ed461369626a4f45f6b0550fbb8e5608f26c0a53fbfa63e,1,0,0,0,c332a2527a1fbe97bbd843ef0047b986080b19fba8041ec91246e44da7e21313
JOB,29b,./workloads/query_job/29b.sql,aja_conservative,0,ok,2154.174268245697,2154.174268245697,60000,6931843f19cb52122ed461369626a4f45f6b0550fbb8e5608f26c0a53fbfa63e,1,0,0,0,7e16079412dccfa6954fc7415e820f7ba770c8bec58ae9cb472a1075f66fdaa6
JOB,29c,./workloads/query_job/29c.sql,aja_conservative,0,ok,9578.152552247047,9578.152552247047,60000,77d7c0fd6a7f7c2de253fe8fc44b2b6ae848c0c1e246c513425c8f83965bf0b0,1,0,0,0,f56ec49218f914562eb82501951a786e314c8885a2cde47484a4ce0286df5beb
JOB,2a,./workloads/query_job/2a.sql,aja_conservative,0,ok,541.911922395229,541.911922395229,60000,fc90f3c2c15c5abce95811297c6b9a8ee98e4e03347ce9e79c8ce8e6b57b03a0,1,0,0,0,6f7eb090832ce06f9cf318b05d1795a5b95209ad2c93a5c14403900e246e951f
JOB,2b,./workloads/query_job/2b.sql,aja_conservative,0,ok,538.865000009537,538.865000009537,60000,fc90f3c2c15c5abce95811297c6b9a8ee98e4e03347ce9e79c8ce8e6b57b03a0,1,0,0,0,977d54629b8297b74395fd5ae4cf7b790fd4a4625d952465eb196535a5514eda
JOB,2c,./workloads/query_job/2c.sql,aja_conservative,0,ok,507.147908210754,507.147908210754,60000,4f78f1a55542d807d5eaabd4ee2244ee9ba0258958f7de1c1ef4598cd5b46ab1,1,0,0,0,94784b753300f01801029c97bf90f3dce736af6ed4336f914b70c5073a7244cf
JOB,2d,./workloads/query_job/2d.sql,aja_conservative,0,ok,730.764895677567,730.764895677567,60000,d55d5656333bd757f053124d39c4d7de4605203e41f67c025f0cc73ff2c7b9bb,1,0,0,0,ccd23ac749ba42e1e4e1828da64bca1f52efb075ec7c34cf0b6b0a15a77011d5
JOB,30a,./workloads/query_job/30a.sql,aja_conservative,0,ok,3042.784251272678,3042.784251272678,60000,75f27277da0bf405cd685f3341baca046a6788152a4b13a72ad743837698d0b5,1,0,0,0,f10561d5a9c15c737ef0dc317d61dd7f6534a92c61d0e2e786e4549b19239bae
JOB,30b,./workloads/query_job/30b.sql,aja_conservative,0,ok,595.491424202919,595.491424202919,60000,9debd188f6a0b8138ba60e6d549daaba2133a2011cbd29d42025eebe31205230,1,0,0,0,ca09a4d05a4ba2e842003ca351195e0b550f10d5af3e58626ae0f33191856803
JOB,30c,./workloads/query_job/30c.sql,aja_conservative,0,ok,2916.491560637951,2916.491560637951,60000,9def3478d3162492b92bb76237115759aec29176d767191b8cd5def2da2391c9,1,0,0,0,82bd1ab77ecbf922935934e856692defca4e28e47daf5bb3a0abd983646e0354
JOB,31a,./workloads/query_job/31a.sql,aja_conservative,0,ok,5671.505868434906,5671.505868434906,60000,27264682db1c692f629cbc378c2d1c85c8c6d056671bebcf765b2be4f122e770,1,0,0,0,22f21095c58cde9470de62b135b4defac24d9122616b515f518d7b1bfa0ad93d
JOB,31b,./workloads/query_job/31b.sql,aja_conservative,0,ok,583.272337913513,583.272337913513,60000,17bebc2b6a6ef3426f94300ca4385edad88ebd34fac62fd56a0fc58c24e5b98e,1,0,0,0,1707bb1f115c339c728014d44818612bb4c2841b186d1bc78a5770c368c29c74
JOB,31c,./workloads/query_job/31c.sql,aja_conservative,0,ok,7724.491193890572,7724.491193890572,60000,09c5cf7e96fa8a299de4f7088731cf8e370fa7af16a3438017bcf08c6d8905ae,1,0,0,0,e60a63a24b662c77653828e6cd760c0038741b8bc06d10f1918d15e88b2ffac6
JOB,32a,./workloads/query_job/32a.sql,aja_conservative,0,ok,32.528415322304,32.528415322304,60000,38cf683886cf6fdc55596ffbf14756cbedd54a4091ef744fb773fc7f37ce3139,1,0,0,0,9e0bc69e475c1a9454ccdf1b866877edcb710336ff3cde96dfaa6e03245790b8
JOB,32b,./workloads/query_job/32b.sql,aja_conservative,0,ok,191.284060478210,191.284060478210,60000,136f26a2ebb961337e13a1b2c25ce51ab44ee67277b807b22bcb2f94ab99343c,1,0,0,0,72abcf298b307eed96c80d98e3988fa43a3669c13fe21212e3298c37e976086c
JOB,33a,./workloads/query_job/33a.sql,aja_conservative,0,ok,481.153219938278,481.153219938278,60000,0be421d7b97248226c3a33bad501b9e85187231d54df0c0f0c9791d8b2286ad9,1,0,0,0,658b17aa6c6f94aa1a603ef271f7f225817b063fbd698ee1c4efb1aa9b304a93
JOB,33b,./workloads/query_job/33b.sql,aja_conservative,0,ok,467.914596199989,467.914596199989,60000,735a1be7f41a7bbb115cbeefc5bfe74994300c66a9ed18e92575e0a5028550ab,1,0,0,0,6744bac1eecd1072a12334c40fc13f14d13bcac997ea6b8bfa6459dc240d4b32
JOB,33c,./workloads/query_job/33c.sql,aja_conservative,0,ok,363.350354135036,363.350354135036,60000,68464506f3c0aa8fd4c37209daa0d0c9c8f54c57dca6a9b2860add78f906185b,1,0,0,0,5598c514b1956ee1eb831dd4c3c82e86c2a0a6f48e3111aa42733bb5e610ef89
JOB,3a,./workloads/query_job/3a.sql,aja_conservative,0,ok,196.260064840317,196.260064840317,60000,4446b454452e8db43636d58c5e3a7f9041b179149913a47dfd28d049a31e3f4d,1,0,0,0,047891fa3f7c59b4dd728120277720eac1b6f070ed341d0a68b36cdc1c853f12
JOB,3b,./workloads/query_job/3b.sql,aja_conservative,0,ok,150.025710463524,150.025710463524,60000,f09c4919f4c92a95515be773a486d51c5e5ccd19e0f5087b7c0f0ab64cd137cf,1,0,0,0,cfc725fabd630b245b3f795565755ad95af4c8e02a66b5bc4289a41e5b572b46
JOB,3c,./workloads/query_job/3c.sql,aja_conservative,0,ok,356.964521110058,356.964521110058,60000,78dc828b7194ccb46ee35f89eb2f2152e11378ef17a14837d364bb6f73cc0769,1,0,0,0,921c033c03cd4c1c701e847d80dbca43bf9e04cfbe06ac8f4a557b96cedd5562
JOB,4a,./workloads/query_job/4a.sql,aja_conservative,0,ok,155.725702643394,155.725702643394,60000,748155aaa114d016eb288dab57d2b91f8907ee5678c3789b9df355aec3a5f474,1,0,0,0,03cf577bab0c230c70209b805207f533aca0557d0d683e4258dff43bd906b3c1
JOB,4b,./workloads/query_job/4b.sql,aja_conservative,0,ok,128.831788897514,128.831788897514,60000,c2e5045abfc8ecfbd0b40e2ecf04f734592cd5b76e223f977e6c366b9f571679,1,0,0,0,8957e1b0c1eec4a6c020d5480812c88729190ee911f5999131605f2cc1907964
JOB,4c,./workloads/query_job/4c.sql,aja_conservative,0,ok,169.618017971516,169.618017971516,60000,5c9364f684db0004720ec4e9642a958681b071ff992dadc090178e95cc52235a,1,0,0,0,eee445605f6dcd8dcda399a464f67a8ac81b7dec93c89b82579ca2236e54255b
JOB,5a,./workloads/query_job/5a.sql,aja_conservative,0,ok,235.680773854256,235.680773854256,60000,4f78f1a55542d807d5eaabd4ee2244ee9ba0258958f7de1c1ef4598cd5b46ab1,1,0,0,0,a476218e36a6420936367d0c1fe0ce59e228410039e3be18f6ae5a6933f85f59
JOB,5b,./workloads/query_job/5b.sql,aja_conservative,0,ok,235.977597534657,235.977597534657,60000,4f78f1a55542d807d5eaabd4ee2244ee9ba0258958f7de1c1ef4598cd5b46ab1,1,0,0,0,2f5b0b893c6e6ea198a880465eaf4c234bcbe949f46ecca049db8e012cf7f5a2
JOB,5c,./workloads/query_job/5c.sql,aja_conservative,0,ok,285.196416079998,285.196416079998,60000,c63c0f430af977fe1bf0c51442b833d536b07965c22254d5a737a187719cc641,1,0,0,0,47a59e5bdc0aa52bdde6a938ad62b119ea41330f7677239d85bd67cd595c1e56
JOB,6a,./workloads/query_job/6a.sql,aja_conservative,0,ok,57.789705693722,57.789705693722,60000,2e45680981dcedf844899f966540a92734a6200fc0d8bd8a547ceba0d0cf631f,1,0,0,0,80fb12b1da5360a6ba983890f6fdd0da9224f59de4f15a3cea1510b3ecff5274
JOB,6b,./workloads/query_job/6b.sql,aja_conservative,0,ok,312.053665518761,312.053665518761,60000,2b959ee9a358222cd3f680b4de1a9c2be8556432140123daad1b20aa89815ab9,1,0,0,0,42feb824e89eff59bc7e4d05606b1dea7031f9a71459a90eaa7daa0d6116385a
JOB,6c,./workloads/query_job/6c.sql,aja_conservative,0,ok,44.731155037880,44.731155037880,60000,eb15d11fcc635c0f71eefa80cad2069e9f06841887450ba39d0be7466e8da9dd,1,0,0,0,cecd57cf5c35b6363619f1f0a2089dca6996df42aab4a789e47477e3ae35ce4f
JOB,6d,./workloads/query_job/6d.sql,aja_conservative,0,ok,4580.163359642029,4580.163359642029,60000,bf8229c3af721fca42ad64803e348b47d39c54dfd46fcbc5d2ef84cd56b31b17,1,0,0,0,60abda5b59232939e37e41dfbd6ea811ed34dc1d5ba8abca72c8521c34fbc59d
JOB,6e,./workloads/query_job/6e.sql,aja_conservative,0,ok,59.794358909130,59.794358909130,60000,2e45680981dcedf844899f966540a92734a6200fc0d8bd8a547ceba0d0cf631f,1,0,0,0,9f4f55538a460cddb7bb179ce6b99d13d59e679bbd804838c95cd6df43ad3592
JOB,6f,./workloads/query_job/6f.sql,aja_conservative,0,ok,4625.396914780140,4625.396914780140,60000,ce75c2032883b5ebfbc1826c33aee0cbee3a05005e8a664ad50142f57e258055,1,0,0,0,f10f2d91ce164262e68181b714dff81cf314952672ea1e23121e1117cb156421
JOB,7a,./workloads/query_job/7a.sql,aja_conservative,0,ok,963.933221995831,963.933221995831,60000,4c15deaf8c868c357c511a9b1b16153f35d0a6d69bf0cb9d733dd8855dca6cb3,1,0,0,0,5bd6e2330f530001d891fefdb3a9efb1820ea6bb4f84176b6e09a4ea75d914e8
JOB,7b,./workloads/query_job/7b.sql,aja_conservative,0,ok,351.976953446865,351.976953446865,60000,9d6ae68bd583de41667a4cae160a3da2b5ea5d39fe8dcce1e8fd3d20a5278abe,1,0,0,0,43f066f3a1fa89440259be42d0d45c18b829ba5d9de402fc4900c01adc030428
JOB,7c,./workloads/query_job/7c.sql,aja_conservative,0,ok,2862.812548875809,2862.812548875809,60000,7cdabf89c2c21f17ae631979c9e8405f2f72c7561fa51440c4ebafa4ab13790d,1,0,0,0,5fe486a8caae3d00bfd70f0df76a1ce1c6c98f54f72d496b20d4052339beb360
JOB,8a,./workloads/query_job/8a.sql,aja_conservative,0,ok,2660.666726529598,2660.666726529598,60000,83ca1ebec91355240bb85797c81f9f6b8a96392c57707c100978708f49ae71e9,1,0,0,0,20a4ce15a5c325b3405222101cd47c16e03c7924843b55ffb6e67a391bc19a26
JOB,8b,./workloads/query_job/8b.sql,aja_conservative,0,ok,508.728839457035,508.728839457035,60000,e5b0fc3c68184c62fd7ca88151a039904e2fc3708d4c2773297d07ecda52eef1,1,0,0,0,52c65441b37917b77c960ae1b96856c58134ddf99c5cc05d9613e92a481248a3
JOB,8c,./workloads/query_job/8c.sql,aja_conservative,0,ok,5077.238075435162,5077.238075435162,60000,ca648dbd161cd660e79b73f4d2feac37247f699997bfceb70abcc975adab600b,1,0,0,0,084e614e67d6a09d0db5ca02c72aedcb8c6042b2c0557676d8b448a53f5eba22
JOB,8d,./workloads/query_job/8d.sql,aja_conservative,0,ok,2461.954265832901,2461.954265832901,60000,42e9d5875e298e1e96988f68f4ea5385d847af85ed0e315fb1c559c113c45301,1,0,0,0,c3b1d1b9f95d709b783da75b820d54e4288376dac43068a240319051ae18b2fe
JOB,9a,./workloads/query_job/9a.sql,aja_conservative,0,ok,886.512279510498,886.512279510498,60000,886c7581cf3aa969ef759925c2f5ff04f028206a5c5d8bf1705580bbaac34c47,1,0,0,0,15e9ed051f0c5a8147290f506c4f9031c3001419e71ebb117ad08595c28424df
JOB,9b,./workloads/query_job/9b.sql,aja_conservative,0,ok,871.998809278011,871.998809278011,60000,8078dd223231eda190e9f3cf026f80ab7e46a368b87b14254a00ad3dcf6f4f90,1,0,0,0,c3cebbd93c551979a112e16cb69a54d6e7f7bea24b27cf826e3975eef76b107b
JOB,9c,./workloads/query_job/9c.sql,aja_conservative,0,ok,1864.514678716660,1864.514678716660,60000,557da082f2ed4caf79da00c7414e7dd21a43ea04df959539305598466791daec,1,0,0,0,85054e6d2711e2b242c10d83a0ba909a5cdb8455cb566bfad65870e78d8a4704
JOB,9d,./workloads/query_job/9d.sql,aja_conservative,0,ok,3728.057786822319,3728.057786822319,60000,0e289ef9aab62d7cdc6d31fb6a14d705898bc5aae64eda813c4c66eea1574c1a,1,0,0,0,de00b3ad57b71bd77edb00f0db52e11036b9616baa7cca243e3feb3c9b666d87
JOB,10a,./workloads/query_job/10a.sql,lip_selective,0,ok,1158.884219825268,1158.884219825268,60000,929d0b936421c3cc037300fc273cb56746f39627e96a60da4dd6863044511457,1,0,0,0,c783aa285015451569ca8115d6de60d53b398e4bfc9a260daa2d9aff6828c806
JOB,10b,./workloads/query_job/10b.sql,lip_selective,0,ok,797.492243349552,797.492243349552,60000,706843969f310473a0308417223dbd3b01f9c23dd72c30ca6a320928a1c6d9a0,1,0,0,0,11cefd13e86393b084be683eccef2db55cdf7bd0f741ef112c7bcff67010b28b
JOB,10c,./workloads/query_job/10c.sql,lip_selective,0,ok,7118.217274546623,7118.217274546623,60000,73b0bf53e0d911a07eeb82a77e0c4d8e572b4a66464eabd6ab74eddeab66e4b6,1,0,0,0,bca55fc0113282856ef666125580461a3ee6d24c7e5656e2e6c4f305676ee1a9
JOB,11a,./workloads/query_job/11a.sql,lip_selective,0,ok,216.819509863853,216.819509863853,60000,83811c5c01e3bdbafff3ac6671360f1cb19c1452dd9ec0b095bcd21856c36865,1,0,0,0,7ee7c903ae45b9b59aa9816ced60b6c7c1e9205121683d3e487757342df44559
JOB,11b,./workloads/query_job/11b.sql,lip_selective,0,ok,203.000023961067,203.000023961067,60000,1140a97472e10ce6316cd6b2747dee298183b9dfeb896f858eb6598def2645fe,1,0,0,0,79aeec7bcb35352ff6e2cba818da129cb7e1cf0d826c068163a551012d8d0e4c
JOB,11c,./workloads/query_job/11c.sql,lip_selective,0,ok,201.357237994671,201.357237994671,60000,e03dd6f5aa7f119762f6b549c488852bbe23e0297bd479e5946f75c06ef1bbca,1,0,0,0,762a7e9eb2c36a25f416d39123d557706b01cd0bb472c7027495465f28a6f52c
JOB,11d,./workloads/query_job/11d.sql,lip_selective,0,ok,245.396077632904,245.396077632904,60000,de7342ed1d49ddb4af769ed803430202f4e99db6d34267ee2b58c1cbcee1f279,1,0,0,0,7a83e38ec193fd7a6f514ef281e6804f98153392d2b26486333996fdebc3a9d6
JOB,12a,./workloads/query_job/12a.sql,lip_selective,0,ok,478.171177208424,478.171177208424,60000,859e14caaec80c8e1bdf8043bc9dbcdc6810582adf44e5ae0ea485fc5cb8ed01,1,0,0,0,b0dfb1cecf510e9c92c5ff21997e7e8afae22bbba99406d9a882a845d6d227ef
JOB,12b,./workloads/query_job/12b.sql,lip_selective,0,ok,139.906078577042,139.906078577042,60000,c6ff9ec06ce589c648d889e9e9021a68976c3ccf8550d7c147b5054bdddcb545,1,0,0,0,3f5c1272b8fc306de8ad7e686fc348e94cdde092ec278ba06f33e3135fc466ea
JOB,12c,./workloads/query_job/12c.sql,lip_selective,0,ok,1576.547585427761,1576.547585427761,60000,fc048ce250bbfdae76cc58594ab66716a3f413669bed819d0adf4b9851bbc9c4,1,0,0,0,5e307532ace54b604d1a00792dbc293f41f148c7d554e3725a845bacacdf1e97
JOB,13a,./workloads/query_job/13a.sql,lip_selective,0,ok,2221.826411783695,2221.826411783695,60000,5ee98befd3d641c6753778abf08e4c9202a00380903807997963bc6fbf2344d1,1,0,0,0,adb983df32fcf5bfdca6decc25d47a61cb0c6234f3f8ce64ad8bf0c31fcf9926
JOB,13b,./workloads/query_job/13b.sql,lip_selective,0,ok,1206.977277994156,1206.977277994156,60000,3d96d4044fccab21095254c6b5ee60e7d430f8e3a04d0eb12bc3df93c0a121c3,1,0,0,0,ecf4c0027155eaaad402604172cb53643329262e09cb3585fc0d79ac8c8aa380
JOB,13c,./workloads/query_job/13c.sql,lip_selective,0,ok,1185.573406517506,1185.573406517506,60000,62d718231272d8795fb939428fb8d114fb4735e7ff7ba5aa1c8431e0dd880cb9,1,0,0,0,bd21086f20e8388e18475cefb68251fa893e5b31c46258143b1ffd8c52c6ac65
JOB,13d,./workloads/query_job/13d.sql,lip_selective,0,ok,4040.841966867447,4040.841966867447,60000,23a870573284058686cb251c6ba164baa8ae4f5ef07cfb8c562be705ab7dee88,1,0,0,0,b22e48dd1f2c67a72c4be741b7ae4186971388fa7f8be2d892144fc1720f0d2f
JOB,14a,./workloads/query_job/14a.sql,lip_selective,0,ok,468.463867902756,468.463867902756,60000,f13c3a0e601dd42f5abd41675e0438c06c7c79b9e0a6b2e6974fe4952b94c09e,1,0,0,0,056b862284a1ecbb7785ca39a67ed38503088fe9a8fca5081f08ee196f119b92
JOB,14b,./workloads/query_job/14b.sql,lip_selective,0,ok,245.657660067081,245.657660067081,60000,74085e27c595ac219c6257d663e3ccccdf16299520347ac5488a715783f18a41,1,0,0,0,fffa1ccf735ede3c92d56fd4e92ec40fed2dd941ef98b826755e9c6e44225585
JOB,14c,./workloads/query_job/14c.sql,lip_selective,0,ok,808.533035218716,808.533035218716,60000,f13c3a0e601dd42f5abd41675e0438c06c7c79b9e0a6b2e6974fe4952b94c09e,1,0,0,0,fea4253a3c6516f022a35006f7101ab3a36a91a5e5528920f2430ec375052843
JOB,15a,./workloads/query_job/15a.sql,lip_selective,0,ok,871.766172349453,871.766172349453,60000,0bf74f571c854c91dada16e78f6a511682855e8364304c1e74a2715a468ad523,1,0,0,0,ed2981b882d43125a0a5641859a2cd65f39053e5f7d0a201e50dbeb346ff86fb
JOB,15b,./workloads/query_job/15b.sql,lip_selective,0,ok,90.668767690659,90.668767690659,60000,b25c3f018dd147bf4abce160072d7f8ba5b0f3abbe07bec34bc2e8b72eefff81,1,0,0,0,8dccc421b5c38a2c474aea8a5bfa65e2c9cd5b3f77446574d3f66c94d258f620
JOB,15c,./workloads/query_job/15c.sql,lip_selective,0,ok,820.189237594604,820.189237594604,60000,089e136e8a705182e20d1d2d2df976cada5b59fa92a88f7c18af99db6fa72368,1,0,0,0,0c82b2c354859f0e9af0813d45379efe743f7168af16de04923d729a15dcf1d9
JOB,15d,./workloads/query_job/15d.sql,lip_selective,0,ok,998.233251273632,998.233251273632,60000,df3a19f8bdca38394c1c9a01f448c4e34ce26e4cc3c938d45c9a4e59526d24d5,1,0,0,0,e849f4a4577579a91018044ea18b63d88b8f939324cc044ec2891adb754de7f7
JOB,16a,./workloads/query_job/16a.sql,lip_selective,0,ok,395.329959690571,395.329959690571,60000,bffefed9bcba1ce113c4f9365520889d2a59468ebb170e1a8e776353d8311bfb,1,0,0,0,13b16e110e7290ae244b917b381ad8de7c8e2a4b170b02d5bf309e07e430cc9d
JOB,16b,./workloads/query_job/16b.sql,lip_selective,0,ok,16337.620019912720,16337.620019912720,60000,e153889fdca6a79bf30b6f802a7d6fb574587af0fb56f36ecc25d831db945ea2,1,0,0,0,d0e8a8f8dee531ed56dda925ff4a38550f04529538e47def59afd30bd807e553
JOB,16c,./workloads/query_job/16c.sql,lip_selective,0,ok,1906.317755579948,1906.317755579948,60000,1318f60bc0ac9eb3ca4ac578870bec99e9ac05ece5a440ba30e253efb9ea5aeb,1,0,0,0,acd020569c02186ebcf6a0ff2b876abcb5763dd4de3c7e23b33001d3b3bde389
JOB,16d,./workloads/query_job/16d.sql,lip_selective,0,ok,1555.261954665184,1555.261954665184,60000,1318f60bc0ac9eb3ca4ac578870bec99e9ac05ece5a440ba30e253efb9ea5aeb,1,0,0,0,fc14ca243e61a1cf2173fa58b81674a7c9202f9cbe7c454b2829bb1a8165c0c7
JOB,17a,./workloads/query_job/17a.sql,lip_selective,0,ok,9575.539581477642,9575.539581477642,60000,12f3484b478e4f8b8c8fb87fad1c71c58c270dfee71990c3ecc25050d8a36b0f,1,0,0,0,88cf146c859b53c4ca5172c4f09e8e4123c9feff12c820e4b5a8c35fdfedc80d
JOB,17b,./workloads/query_job/17b.sql,lip_selective,0,ok,6354.136377573013,6354.136377573013,60000,de642ce5a04416b5f5d58162138ce38932542abd6a7a7a08d538f1a6fc288f85,1,0,0,0,247820f82eb6f852bd55e6dbea56d69351b885bfaa77b89ff8233501ddea3f35
JOB,17c,./workloads/query_job/17c.sql,lip_selective,0,ok,6052.593089640141,6052.593089640141,60000,89318885181be4671a585035246d501b4eb546101d7a71035ac9eaf20c99bdff,1,0,0,0,5e222a6723d9c471736fa80ea66b7477a51a497df1a4af3c00eab0ff6538aee1
JOB,17d,./workloads/query_job/17d.sql,lip_selective,0,ok,6136.110708117485,6136.110708117485,60000,9a519542553c082aa22cad711ded801827b50f2fc8a7b5078563cb2b04a7428e,1,0,0,0,d9d4150139f2ab0f09f739d4bbec9955d336bb039f5eff3bbe60c021f2d65428
JOB,17e,./workloads/query_job/17e.sql,lip_selective,0,ok,9453.261040151119,9453.261040151119,60000,f737f87f1aee3edfa2a8464fe8782aa3d0139b69867ac6bfd244eb890fff19b5,1,0,0,0,5b53596c28bbcf9c82714bfb09792b55a24ce6bbb79b8e273bab823a1bcfc332
JOB,17f,./workloads/query_job/17f.sql,lip_selective,0,ok,8526.527829468250,8526.527829468250,60000,966c1a52f852284091756356c99e5f43debac4e41bc8ee9f790f5c70bff4c7c4,1,0,0,0,2d5b9cf27eca5b778138e7125132114a1e7f2c26cfe30d81490ce51b6e9cce1a
JOB,18a,./workloads/query_job/18a.sql,lip_selective,0,ok,7591.165594756603,7591.165594756603,60000,4ea394ad5b6ff23d28102b48eef256f385144f05c176dcf273e5fc3dfc0f3ea7,1,0,0,0,c35f58dd8b79754da88110f23236d8ea4c18853adbf64babb232433f6c39b648
JOB,18b,./workloads/query_job/18b.sql,lip_selective,0,ok,429.487451910973,429.487451910973,60000,6635682ea66176cb4b122c8c01b41b06001993191e9889f440da443126fcee38,1,0,0,0,4dd39f2044b8486906568aa07fd6d8ba07ed64e1f272f8bbe91a48241648ad9b
JOB,18c,./workloads/query_job/18c.sql,lip_selective,0,ok,9427.389957010746,9427.389957010746,60000,542307488c7a1ab1b7cc860d07b9bcba2943079fcc1b17924c4d69c8285fa274,1,0,0,0,6e055f51f11dc626181f3162e70c5b1056e1f5b50d91bc4d8495cdc4baa9ad54
JOB,19a,./workloads/query_job/19a.sql,lip_selective,0,ok,916.724704205990,916.724704205990,60000,1f0ca7719cfc34a43e2d3322146638f13989d450c4591afc7b3885613918e4de,1,0,0,0,934f22f5a10a8682c8c0c1e4579d020269bc401e6a8aebd1aa20f960b53e5441
JOB,19b,./workloads/query_job/19b.sql,lip_selective,0,ok,491.586670279503,491.586670279503,60000,91275ea0a7bef7c58863c590bb17df5976280a00d3553ff0ccfd2fc85a34dfb6,1,0,0,0,25f37742ec0661ec9b7153c8b068cbb162c9c81719bcb1b742829351170d910b
JOB,19c,./workloads/query_job/19c.sql,lip_selective,0,ok,1946.972407400608,1946.972407400608,60000,5bb686926c7ac803228b08a35834a98c97bfac4d34377d9f0e0143ed1c846478,1,0,0,0,e7e224bd5a8450c1ba5b61832fe9583eaf7d496efb132fc28869010ab997dc56
JOB,19d,./workloads/query_job/19d.sql,lip_selective,0,ok,8916.125461459160,8916.125461459160,60000,a4539f795d93860062d39d330febb9a7e2eba327a0dde36ea917ef25d81da7fb,1,0,0,0,2f710b455788bbfd9c8c328c4c6c3a82600aa889465681ee3adcc6841da7a5b2
JOB,1a,./workloads/query_job/1a.sql,lip_selective,0,ok,58.181621134281,58.181621134281,60000,4509535bf8626cc136208e1b88afc7aa478160ccf6b340e66765b9bcf2288a38,1,0,0,0,0f65c8bc542627edaca5b3fc92797e73c178cc0181e64411c77b05550628a88a
JOB,1b,./workloads/query_job/1b.sql,lip_selective,0,ok,38.340315222740,38.340315222740,60000,be1d6ac40c20f262e1328dfd04b2021cc535502e6b32eff765a057282a5df4f7,1,0,0,0,1c7639a31a85eb77d5cb95136ee4a3dcf29c0a8d2af0bcf9a13fe6954439b7bd
JOB,1c,./workloads/query_job/1c.sql,lip_selective,0,ok,39.664454758167,39.664454758167,60000,c9cfeb2c53a9c7d56ba455c5c333a8fac5db32559ebd94b17f2dbd68a69e1122,1,0,0,0,897bd902706049a416933897242138d13aba7756731c821b3951bb943906342c
JOB,1d,./workloads/query_job/1d.sql,lip_selective,0,ok,30.405446887016,30.405446887016,60000,b68175a2c8e96f8bc107b1f09c2703f390d5a78ec2aa27991cd17eea2e6db1c8,1,0,0,0,387adb791db98d0bb72e7ba169902e9ba083f9efde813c60ee37a612e5f8d8e6
JOB,20a,./workloads/query_job/20a.sql,lip_selective,0,ok,2494.709312915802,2494.709312915802,60000,b9480e419c0d039ed6aaa9978ef27229df665cc5a98eb6295b1a8948ca1efa8c,1,0,0,0,13e5d30a3b9fc85452aedc6770eaac0758424c6463247b4b8a079c830d71183e
JOB,20b,./workloads/query_job/20b.sql,lip_selective,0,ok,2112.346857786179,2112.346857786179,60000,bdabdfce4c8cd4726f7228f6d5040b01cd2120ccf41064b215b2fd1b9c7cdbe3,1,0,0,0,f8470106d2c4f09757991a43119ba7edb88e498ce66c47fa0c484f0c2745ffc7
JOB,20c,./workloads/query_job/20c.sql,lip_selective,0,ok,1295.983836054802,1295.983836054802,60000,568e7928022d673040c12df4a67123a0784853e4f2fd144a3c3ad416f6a0ff39,1,0,0,0,6f827f359909975103e6605b14b703217b0827b449f03670eb43beef1ce34c3d
JOB,21a,./workloads/query_job/21a.sql,lip_selective,0,ok,235.074028372765,235.074028372765,60000,6114bcae99606cbd64c86c8dd7da67c69f8e545ea60c5213503552460a7306d0,1,0,0,0,fb286b7b3b816cbe7a5ca7e950db907775c77dc68ee686c17f29eaa19621ea74
JOB,21b,./workloads/query_job/21b.sql,lip_selective,0,ok,238.118216395378,238.118216395378,60000,1da28682b56bf46849a42e55ba2b328e656ccb98f2f56a02e22549b0a2dec397,1,0,0,0,d3d0b217717153654813bb3fd28965a601ec2a940fa3c5b178a6699d1cc1f57a
JOB,21c,./workloads/query_job/21c.sql,lip_selective,0,ok,267.279341816902,267.279341816902,60000,83811c5c01e3bdbafff3ac6671360f1cb19c1452dd9ec0b095bcd21856c36865,1,0,0,0,9bf66bfab5f71056b03def6e7b2f0805bb00720020431eb5e241502768dca17c
JOB,22a,./workloads/query_job/22a.sql,lip_selective,0,ok,628.790847957134,628.790847957134,60000,6bee5e8659b220bbe1e6582e8e5bea8f9a97ac298b4a7f5246846c1413c5c2c3,1,0,0,0,0c9d90318126a604285afe92855810cfc9bc3cbe38d3df447790121be6019701
JOB,22b,./workloads/query_job/22b.sql,lip_selective,0,ok,466.152183711529,466.152183711529,60000,261344b3d5dbc63bbc8b73ff367b08e19136e387d0502f40684455f7a223d93f,1,0,0,0,52506aedb52e37d7b857156cf799673c682fd244af75e7c973385bb1f7ba82f1
JOB,22c,./workloads/query_job/22c.sql,lip_selective,0,ok,2209.760323166847,2209.760323166847,60000,18e529eeadd28daacd2cb90fcff55d8be4573ecfaaf76cd6e1ddb1dd25ff265c,1,0,0,0,f4e9d4894198bd004300cb4799b44f5d732e91b5a7b3805a168d35b32bcc91d5
JOB,22d,./workloads/query_job/22d.sql,lip_selective,0,ok,1125.625841319561,1125.625841319561,60000,5469e96c680a925a1c749d9befcbc02caea70a0c986dfa8291bc858fe10392ac,1,0,0,0,290c2a68e36c62bae97cde74e20061b561c1e56a7285cb5170167d6c5367829d
JOB,23a,./workloads/query_job/23a.sql,lip_selective,0,ok,498.612873256207,498.612873256207,60000,e33290c8b8a911bae419941260d0bb2e09cceab157ff21cbd4088e50c3a1cc9b,1,0,0,0,6e83bd5937a64611b55029d1431a07e66d85510b2e96949bd06cc0118e87bfc6
JOB,23b,./workloads/query_job/23b.sql,lip_selective,0,ok,251.489646732807,251.489646732807,60000,f3a7f99f72b0caf860606e57aed9dc89d96aec3d96e1b92fd2104119ba77b59b,1,0,0,0,9d3d8e37652b2a2ac334763fc98b9610a5e0ac08cbf6b9f45aeec18f6807809e
JOB,23c,./workloads/query_job/23c.sql,lip_selective,0,ok,651.834428310394,651.834428310394,60000,d6d3b9a56435f4fe61ee133589ebd35b7135f05afe08be1125990d58b250e9f9,1,0,0,0,08829bcf6075a2fb59486db828d45a5c23b05c4c58b65bd1a84673a2a48fa18d
JOB,24a,./workloads/query_job/24a.sql,lip_selective,0,ok,505.470059812069,505.470059812069,60000,f456596f387e349a6006b7f95149e83820f1855cb47322cf82c324c7abf10133,1,0,0,0,7db33c766bc08de7fa3b79a15607af041829b116fdf80f7d5500e8a342a530c2
JOB,24b,./workloads/query_job/24b.sql,lip_selective,0,ok,265.057973563671,265.057973563671,60000,c6a12dd8a9651eef2928671373921d7e677edea1ec96df6544103293106311ef,1,0,0,0,1e89ca28d6346fbc02e4319afa9531b6fcef9d721d4e517b1158b93c9e7b58b1
JOB,25a,./workloads/query_job/25a.sql,lip_selective,0,ok,3129.205368459225,3129.205368459225,60000,3f61bc3b5b8945716ddc701b2a0b19f860043a01c2e6df0e838c90693f07dd20,1,0,0,0,ca66f2c633d3ea3be9ba8d5a7dba388fcfb001954c0a3e40f662753d4dfc2c3d
JOB,25b,./workloads/query_job/25b.sql,lip_selective,0,ok,497.157394886017,497.157394886017,60000,a6dff347cc4e2c49ccacd365b50a365a6fabbfadf92d2cdfddeb9d790e3bbb17,1,0,0,0,81191d73a18e6e35d257c9d3039e4fd6f5ad4acb542ac0c45ec4a7e48ae8dad1
JOB,25c,./workloads/query_job/25c.sql,lip_selective,0,ok,7001.170642673969,7001.170642673969,60000,67a630b3c65d3bcaa414c0e78677ad348267d0f04c2fa18b570f5906a0599ac5,1,0,0,0,67b1c79bf96b33ff572ef953c4b25d0824f2db8e7f745823646283382027d397
JOB,26a,./workloads/query_job/26a.sql,lip_selective,0,ok,1048.758685588837,1048.758685588837,60000,2c7cebb1807f0b225f4f97c680278aa0ec35039ff7dbf43518e7a09bd026684a,1,0,0,0,aa95b1a89e515e746f5fa1f61338af4538b367b7d62f48b03160f9a990b21f25
JOB,26b,./workloads/query_job/26b.sql,lip_selective,0,ok,338.262386620045,338.262386620045,60000,52c5df37c8602881f0acfe405e5a4f38ddcec08893afde614bdc4c3ed35bf58f,1,0,0,0,3e09dbdf0d1b88107fcfa370da48055823cb646406ea21e94fdfafb7c4d169aa
JOB,26c,./workloads/query_job/26c.sql,lip_selective,0,ok,2661.352172493935,2661.352172493935,60000,028fa66983476fd11ebe0fc3fe75f01f243fb077ff18202487babf6b5905aae1,1,0,0,0,a95af52fd1e310ff8a528bd5f05add9c72648983873bbd6dc6cf75177847b304
JOB,27a,./workloads/query_job/27a.sql,lip_selective,0,ok,276.634410023689,276.634410023689,60000,17da2f55cbda32682db3bc710c4a0f0048b6fb05111deffe244b8be90c1e4968,1,0,0,0,b63c5fd889a6ecd700deeb4e6048826a4a04f86f5c525d150855fd117699949b
JOB,27b,./workloads/query_job/27b.sql,lip_selective,0,ok,275.856971740723,275.856971740723,60000,4eb4e5bb88d274fb571daa3d9537d134ac91e3971795bedfe21b63973b8a983c,1,0,0,0,eb46382449633a03f5971e8acc27b5823052efe0da654fa19a07396486e4ee29
JOB,27c,./workloads/query_job/27c.sql,lip_selective,0,ok,312.723174691200,312.723174691200,60000,17da2f55cbda32682db3bc710c4a0f0048b6fb05111deffe244b8be90c1e4968,1,0,0,0,5d9efaee8674a70ec095842b27996a0dd4f66d63ad214dba7b8db8acba582370
JOB,28a,./workloads/query_job/28a.sql,lip_selective,0,ok,1271.420635282993,1271.420635282993,60000,9bbfa4b43836dbcd01ed830b9188456a9d9309e4cc0ef0948c1f6ff8b2c0e39c,1,0,0,0,f43176577919c83eb4d3ad4c702c14172b8718dc30f829fb7fb1d7ad2fc96999
JOB,28b,./workloads/query_job/28b.sql,lip_selective,0,ok,849.308885633945,849.308885633945,60000,1504c5fe4b85e0649828523441b52c0f8b7c17598529646d3d732ab63db821f5,1,0,0,0,7407958a7e1bcf1142ad3e79b882bd0c1c0df9e08b68426f5dbcba75d74417ff
JOB,28c,./workloads/query_job/28c.sql,lip_selective,0,ok,1426.765605807304,1426.765605807304,60000,991e8b67081098ca2488bedc79afe1881f2df52affbd0cf95312f4fb04855bd7,1,0,0,0,571938d65b7aa22b37855794acf781845a89b41893ace20c28c2caaec37a63f9
JOB,29a,./workloads/query_job/29a.sql,lip_selective,0,ok,3273.473843932152,3273.473843932152,60000,6931843f19cb52122ed461369626a4f45f6b0550fbb8e5608f26c0a53fbfa63e,1,0,0,0,bfa38b819bb9da2a141b0c18294141390be67de4b7c00a8897c0021a7e2a4013
JOB,29b,./workloads/query_job/29b.sql,lip_selective,0,ok,3159.519582986832,3159.519582986832,60000,6931843f19cb52122ed461369626a4f45f6b0550fbb8e5608f26c0a53fbfa63e,1,0,0,0,2590118c00c382e09c9aef000d4e1a84a5504e122f460242cd55090beeda8a58
JOB,29c,./workloads/query_job/29c.sql,lip_selective,0,ok,6083.751939237118,6083.751939237118,60000,77d7c0fd6a7f7c2de253fe8fc44b2b6ae848c0c1e246c513425c8f83965bf0b0,1,0,0,0,5f840eb80d9fd168acd02daacc3278939723226bfdf14e05dafd98bc0f84c704
JOB,2a,./workloads/query_job/2a.sql,lip_selective,0,ok,402.905508875847,402.905508875847,60000,fc90f3c2c15c5abce95811297c6b9a8ee98e4e03347ce9e79c8ce8e6b57b03a0,1,0,0,0,77854ffb821b795f2619bba5c65dc154641cdfeccfe72b0c8b137b701f89a03f
JOB,2b,./workloads/query_job/2b.sql,lip_selective,0,ok,387.484610080719,387.484610080719,60000,fc90f3c2c15c5abce95811297c6b9a8ee98e4e03347ce9e79c8ce8e6b57b03a0,1,0,0,0,cbcdc68513a181e18be114d71c5f3d86284a9ef3c4658685f07ac85a42228675
JOB,2c,./workloads/query_job/2c.sql,lip_selective,0,ok,342.519402503967,342.519402503967,60000,4f78f1a55542d807d5eaabd4ee2244ee9ba0258958f7de1c1ef4598cd5b46ab1,1,0,0,0,a23d7a1f04144b455a819853a9865f54c219d2065859841ee12ec1f6f5afefef
JOB,2d,./workloads/query_job/2d.sql,lip_selective,0,ok,684.059403836727,684.059403836727,60000,d55d5656333bd757f053124d39c4d7de4605203e41f67c025f0cc73ff2c7b9bb,1,0,0,0,80b94c6ff8893cf620379179668723740fd9da45f3d844a851fcd8341443b481
JOB,30a,./workloads/query_job/30a.sql,lip_selective,0,ok,3191.331081092358,3191.331081092358,60000,75f27277da0bf405cd685f3341baca046a6788152a4b13a72ad743837698d0b5,1,0,0,0,6a6c0fd717b294a3525f3b2ff0b9a3447c69eb03857f9eefc8b09eb543aed0f9
JOB,30b,./workloads/query_job/30b.sql,lip_selective,0,ok,688.631109893322,688.631109893322,60000,9debd188f6a0b8138ba60e6d549daaba2133a2011cbd29d42025eebe31205230,1,0,0,0,6fa8622507521f5a841ff4c23254212012d5ba1e2c6dbb54b7048ec7aa37e6eb
JOB,30c,./workloads/query_job/30c.sql,lip_selective,0,ok,2421.288758516312,2421.288758516312,60000,9def3478d3162492b92bb76237115759aec29176d767191b8cd5def2da2391c9,1,0,0,0,a77fc0b9a0c5c3ab6897f8b7984e29ef3ced427ea96980e137d8e41f5ae4ffd2
JOB,31a,./workloads/query_job/31a.sql,lip_selective,0,ok,5382.633537054062,5382.633537054062,60000,27264682db1c692f629cbc378c2d1c85c8c6d056671bebcf765b2be4f122e770,1,0,0,0,312fc04fece8462eb837b654b8666ef73468d10e9e240eb893600c19b8ab3283
JOB,31b,./workloads/query_job/31b.sql,lip_selective,0,ok,648.660346865654,648.660346865654,60000,17bebc2b6a6ef3426f94300ca4385edad88ebd34fac62fd56a0fc58c24e5b98e,1,0,0,0,9cbbd6ab9fe074b1609d1844b072ceeee6eec9e7b62c672641e1b0f6242a91e1
JOB,31c,./workloads/query_job/31c.sql,lip_selective,0,ok,7095.884755253792,7095.884755253792,60000,09c5cf7e96fa8a299de4f7088731cf8e370fa7af16a3438017bcf08c6d8905ae,1,0,0,0,beec63696d21f54c5daf92f9abf269f24c175eb267a51e126f3b6de72cee716d
JOB,32a,./workloads/query_job/32a.sql,lip_selective,0,ok,59.289120137691,59.289120137691,60000,38cf683886cf6fdc55596ffbf14756cbedd54a4091ef744fb773fc7f37ce3139,1,0,0,0,6f0b94a6823ea3333cca39da9317c47fa91981eddbcab6c408ac72d0e1814fd4
JOB,32b,./workloads/query_job/32b.sql,lip_selective,0,ok,211.813397705555,211.813397705555,60000,136f26a2ebb961337e13a1b2c25ce51ab44ee67277b807b22bcb2f94ab99343c,1,0,0,0,771c37272aa42e9698c9306fc2b69e05517531203b679a62ee8b65b6728e3849
JOB,33a,./workloads/query_job/33a.sql,lip_selective,0,ok,555.959947407246,555.959947407246,60000,0be421d7b97248226c3a33bad501b9e85187231d54df0c0f0c9791d8b2286ad9,1,0,0,0,aa8da9f3eb2e8858410448525869d4f66ccc815c8f34b8dea6a96120535da4a3
JOB,33b,./workloads/query_job/33b.sql,lip_selective,0,ok,520.571075379848,520.571075379848,60000,735a1be7f41a7bbb115cbeefc5bfe74994300c66a9ed18e92575e0a5028550ab,1,0,0,0,cca49681593774ab9e58e21fa2415a8c0a8294369d2af57d2a04cefd3a412869
JOB,33c,./workloads/query_job/33c.sql,lip_selective,0,ok,450.676783919334,450.676783919334,60000,68464506f3c0aa8fd4c37209daa0d0c9c8f54c57dca6a9b2860add78f906185b,1,0,0,0,5cd8810ff801bec97d1e29fd23f370965e169a15f628a4bf4441a1b2f6fdc9be
JOB,3a,./workloads/query_job/3a.sql,lip_selective,0,ok,236.885443329811,236.885443329811,60000,4446b454452e8db43636d58c5e3a7f9041b179149913a47dfd28d049a31e3f4d,1,0,0,0,dcc925b9ef340b7f859189d81f1ab2cf9e3b2ed841b02ce1083e5d34865bf73d
JOB,3b,./workloads/query_job/3b.sql,lip_selective,0,ok,177.916184067726,177.916184067726,60000,f09c4919f4c92a95515be773a486d51c5e5ccd19e0f5087b7c0f0ab64cd137cf,1,0,0,0,277656b9e4a23df5d6b5a6d723b54c422b07167f92fec1f8f9b93f93ab063420
JOB,3c,./workloads/query_job/3c.sql,lip_selective,0,ok,391.616769134998,391.616769134998,60000,78dc828b7194ccb46ee35f89eb2f2152e11378ef17a14837d364bb6f73cc0769,1,0,0,0,d5d2edda17e53f026ca3ac7993f3fd01b1b235b4b4b83f8188ac1874797bf0aa
JOB,4a,./workloads/query_job/4a.sql,lip_selective,0,ok,191.487304866314,191.487304866314,60000,748155aaa114d016eb288dab57d2b91f8907ee5678c3789b9df355aec3a5f474,1,0,0,0,d1fbd5cf7f1ce184ec745a57cda896c61883053e21d742358a41b74201374c3b
JOB,4b,./workloads/query_job/4b.sql,lip_selective,0,ok,170.969143509865,170.969143509865,60000,c2e5045abfc8ecfbd0b40e2ecf04f734592cd5b76e223f977e6c366b9f571679,1,0,0,0,d5c58b8e5c200d40e8162a40581a85ddb0109cfaed32126caca719e2537983ca
JOB,4c,./workloads/query_job/4c.sql,lip_selective,0,ok,212.554581463337,212.554581463337,60000,5c9364f684db0004720ec4e9642a958681b071ff992dadc090178e95cc52235a,1,0,0,0,35fa43d23a8c9a09d19b121ba53886c7100dabf6c850a5eb58a2a350c3b50ed2
JOB,5a,./workloads/query_job/5a.sql,lip_selective,0,ok,229.048065841198,229.048065841198,60000,4f78f1a55542d807d5eaabd4ee2244ee9ba0258958f7de1c1ef4598cd5b46ab1,1,0,0,0,8c6ecbeab48d9253fd623eded8ffe4a84eb3374a2f2752b624fbef92eb2627aa
JOB,5b,./workloads/query_job/5b.sql,lip_selective,0,ok,239.154994487762,239.154994487762,60000,4f78f1a55542d807d5eaabd4ee2244ee9ba0258958f7de1c1ef4598cd5b46ab1,1,0,0,0,6e39deaf5dd54474b49d5d4f44a2993e6a3e8fd8c039959425e413da867e3a9d
JOB,5c,./workloads/query_job/5c.sql,lip_selective,0,ok,290.292382240295,290.292382240295,60000,c63c0f430af977fe1bf0c51442b833d536b07965c22254d5a737a187719cc641,1,0,0,0,1fa20c218fd7f49b9a17ee5774d87f2e561b0692a24026f7ba0bece57950b67f
JOB,6a,./workloads/query_job/6a.sql,lip_selective,0,ok,87.199941277504,87.199941277504,60000,2e45680981dcedf844899f966540a92734a6200fc0d8bd8a547ceba0d0cf631f,1,0,0,0,f844d9a89321566a978ee42f65e4b439967d7e3045adbed21c8945ea06c5382e
JOB,6b,./workloads/query_job/6b.sql,lip_selective,0,ok,364.798843860626,364.798843860626,60000,2b959ee9a358222cd3f680b4de1a9c2be8556432140123daad1b20aa89815ab9,1,0,0,0,b5cbd0a43dba79010e46c732720f198e62b9c2d338987a74271ee60920da7acd
JOB,6c,./workloads/query_job/6c.sql,lip_selective,0,ok,68.259865045547,68.259865045547,60000,eb15d11fcc635c0f71eefa80cad2069e9f06841887450ba39d0be7466e8da9dd,1,0,0,0,7da11aa8cb261ecaed6680f2b2a38538e261c0f62b552512e93e16b2bbb222d2
JOB,6d,./workloads/query_job/6d.sql,lip_selective,0,ok,4691.012457013130,4691.012457013130,60000,bf8229c3af721fca42ad64803e348b47d39c54dfd46fcbc5d2ef84cd56b31b17,1,0,0,0,25e7ff6466d6d019f8e9eb9e2c60b9bccf71d06b735a3623ac012a224e807058
JOB,6e,./workloads/query_job/6e.sql,lip_selective,0,ok,87.404333055019,87.404333055019,60000,2e45680981dcedf844899f966540a92734a6200fc0d8bd8a547ceba0d0cf631f,1,0,0,0,a1ef15f8c85f4476262976e8579d66180a9379cec1e20612f253cbcbb64afa49
JOB,6f,./workloads/query_job/6f.sql,lip_selective,0,ok,4731.080844998360,4731.080844998360,60000,ce75c2032883b5ebfbc1826c33aee0cbee3a05005e8a664ad50142f57e258055,1,0,0,0,c0e0367a4e626ac87dc433b94e7a0b13166846d42c22567514aefa4f5747c8d8
JOB,7a,./workloads/query_job/7a.sql,lip_selective,0,ok,963.635429739952,963.635429739952,60000,4c15deaf8c868c357c511a9b1b16153f35d0a6d69bf0cb9d733dd8855dca6cb3,1,0,0,0,9993d06603d9dcfbb9a5e7cf6a82cef665eb8f5c12f65bafc27394e652848da5
JOB,7b,./workloads/query_job/7b.sql,lip_selective,0,ok,346.494480967522,346.494480967522,60000,9d6ae68bd583de41667a4cae160a3da2b5ea5d39fe8dcce1e8fd3d20a5278abe,1,0,0,0,95a66afbc950ac7ff618ae2691c15d71ee291936527acb2d2a8e1578b88d213c
JOB,7c,./workloads/query_job/7c.sql,lip_selective,0,ok,2889.010511338711,2889.010511338711,60000,7cdabf89c2c21f17ae631979c9e8405f2f72c7561fa51440c4ebafa4ab13790d,1,0,0,0,6c16d78fb482eff4e6b5d251da1766f4e897a59a7ff7f179ea1fb8c552afcfcf
JOB,8a,./workloads/query_job/8a.sql,lip_selective,0,ok,2619.086593389511,2619.086593389511,60000,83ca1ebec91355240bb85797c81f9f6b8a96392c57707c100978708f49ae71e9,1,0,0,0,08e03c4d448325f24dbc229c03b090508795f5a65f11064695526cc91262b5c9
JOB,8b,./workloads/query_job/8b.sql,lip_selective,0,ok,573.523044586182,573.523044586182,60000,e5b0fc3c68184c62fd7ca88151a039904e2fc3708d4c2773297d07ecda52eef1,1,0,0,0,e65d2255bac5dd6086201c87c258d9e7588f3f76dc38c863d9b2f2690a287b91
JOB,8c,./workloads/query_job/8c.sql,lip_selective,0,ok,5040.699623525143,5040.699623525143,60000,ca648dbd161cd660e79b73f4d2feac37247f699997bfceb70abcc975adab600b,1,0,0,0,2e841eb67981b832777da1a92cbc666a6ed95c6322be7028ebf01470f38a89b5
JOB,8d,./workloads/query_job/8d.sql,lip_selective,0,ok,2481.701284646988,2481.701284646988,60000,42e9d5875e298e1e96988f68f4ea5385d847af85ed0e315fb1c559c113c45301,1,0,0,0,6e6d27ba6a0d8d3f563074303d5f10c967a991515faa44b6380b7546002ffcfd
JOB,9a,./workloads/query_job/9a.sql,lip_selective,0,ok,892.692521214485,892.692521214485,60000,886c7581cf3aa969ef759925c2f5ff04f028206a5c5d8bf1705580bbaac34c47,1,0,0,0,516dfd0710f65e6878943ab460af26a785bc36eb89b5c1759e3bc6d2c37b4546
JOB,9b,./workloads/query_job/9b.sql,lip_selective,0,ok,885.037675499916,885.037675499916,60000,8078dd223231eda190e9f3cf026f80ab7e46a368b87b14254a00ad3dcf6f4f90,1,0,0,0,c5c146980e5096cb0d47acd2d862755e0bece1318b262aec6ede8f34577b1266
JOB,9c,./workloads/query_job/9c.sql,lip_selective,0,ok,1926.407963037491,1926.407963037491,60000,557da082f2ed4caf79da00c7414e7dd21a43ea04df959539305598466791daec,1,0,0,0,50288902771bcc5ad1623c46ebc6905726002c00e042416b9c1c938c1a217e93
JOB,9d,./workloads/query_job/9d.sql,lip_selective,0,ok,3759.287528693676,3759.287528693676,60000,0e289ef9aab62d7cdc6d31fb6a14d705898bc5aae64eda813c4c66eea1574c1a,1,0,0,0,2cf969f8c7959895c6d0e99408bfbc3668e3b2026586024b41999e7718a17a95
JOB,10a,./workloads/query_job/10a.sql,query_split,0,ok,4357.410728931427,4357.410728931427,60000,929d0b936421c3cc037300fc273cb56746f39627e96a60da4dd6863044511457,1,2,5189,532480,c1d0075d03208b3180a4d62b457c6925ba798c27325b70e5b306feb32b781c2d
JOB,10b,./workloads/query_job/10b.sql,query_split,0,ok,2594.837538897991,2594.837538897991,60000,706843969f310473a0308417223dbd3b01f9c23dd72c30ca6a320928a1c6d9a0,1,2,1259,73728,5ac324559611e2ad684c09e4fcc03601effa2baf83daabd0c8e635a2cf6b4a03
JOB,10c,./workloads/query_job/10c.sql,query_split,0,ok,14883.715301752090,14883.715301752090,60000,73b0bf53e0d911a07eeb82a77e0c4d8e572b4a66464eabd6ab74eddeab66e4b6,1,2,596250,33562624,b6a947070beabd6405bd716969ffc6493116d3d9877c51cc4b0df5b1da870787
JOB,11a,./workloads/query_job/11a.sql,query_split,0,ok,157.401479780674,157.401479780674,60000,83811c5c01e3bdbafff3ac6671360f1cb19c1452dd9ec0b095bcd21856c36865,1,3,5693,557056,221e2690b40424ef72de6964e71d38e8afbb965746a3b21ec7bdcba0166b2183
JOB,11b,./workloads/query_job/11b.sql,query_split,0,ok,146.479249000549,146.479249000549,60000,1140a97472e10ce6316cd6b2747dee298183b9dfeb896f858eb6598def2645fe,1,3,8,32768,1fb9337eca90eab6495f7be3ded97b2210f0f3a5c959e0a60b68ed887bb72146
JOB,11c,./workloads/query_job/11c.sql,query_split,0,ok,701.453566551208,701.453566551208,60000,e03dd6f5aa7f119762f6b549c488852bbe23e0297bd479e5946f75c06ef1bbca,1,3,40200,2637824,c3d383b0814b52fa3ab8a82af6eaae9d545ab4dcce47a78a49050aea0f5f0898
JOB,11d,./workloads/query_job/11d.sql,query_split,0,ok,416.238062083721,416.238062083721,60000,de7342ed1d49ddb4af769ed803430202f4e99db6d34267ee2b58c1cbcee1f279,1,3,37523,2244608,219735345e8632cff587d3d22e38d97bfd6deb0acfa1a7500d93a7289b61ff59
JOB,12a,./workloads/query_job/12a.sql,query_split,0,ok,632.031112909317,632.031112909317,60000,859e14caaec80c8e1bdf8043bc9dbcdc6810582adf44e5ae0ea485fc5cb8ed01,1,3,4604,311296,f643b9bccb8ad888f588d5aff95b704d062a43febc5b4c91e087ae7ab6eca34d
JOB,12b,./workloads/query_job/12b.sql,query_split,0,ok,46.942867338657,46.942867338657,60000,c6ff9ec06ce589c648d889e9e9021a68976c3ccf8550d7c147b5054bdddcb545,1,3,12,32768,a1ec9f6f413ef75bd061c38546ca23acc1391f6af30354e0ccf2344f1e6996fc
JOB,12c,./workloads/query_job/12c.sql,query_split,0,ok,1358.902335166931,1358.902335166931,60000,fc048ce250bbfdae76cc58594ab66716a3f413669bed819d0adf4b9851bbc9c4,1,3,60268,3686400,2764b9276ab44f0745b3e21a98229e31a518c9cdd90ea3d12a586e6f3561b1ea
JOB,13a,./workloads/query_job/13a.sql,query_split,0,ok,2589.078463613987,2589.078463613987,60000,5ee98befd3d641c6753778abf08e4c9202a00380903807997963bc6fbf2344d1,1,4,686275,43016192,77387b562f30067b66fa9e9e0698ab1e48e9b0c1c40dc30bf412b95f9b46e19e
JOB,13b,./workloads/query_job/13b.sql,query_split,0,ok,1137.444548308849,1137.444548308849,60000,3d96d4044fccab21095254c6b5ee60e7d430f8e3a04d0eb12bc3df93c0a121c3,1,4,503,73728,7e08b8530ea4094c9161706b3f99db82677e959d87c994245c48cc01ec0f71f3
JOB,13c,./workloads/query_job/13c.sql,query_split,0,ok,1097.250297665596,1097.250297665596,60000,62d718231272d8795fb939428fb8d114fb4735e7ff7ba5aa1c8431e0dd880cb9,1,4,109,49152,d78713f1c6b0824dbb11004f75b135725b9039b5501108fc2296231f33eb1622
JOB,13d,./workloads/query_job/13d.sql,query_split,0,ok,2921.107456088066,2921.107456088066,60000,23a870573284058686cb251c6ba164baa8ae4f5ef07cfb8c562be705ab7dee88,1,4,757098,49307648,957f8c39425e5061da4c357850d0e470fb9b140072d4a0a596af6bee07d35d10
JOB,14a,./workloads/query_job/14a.sql,query_split,0,ok,592.319615185261,592.319615185261,60000,f13c3a0e601dd42f5abd41675e0438c06c7c79b9e0a6b2e6974fe4952b94c09e,1,4,5695,483328,172c44cb4f473ffeda67f73daf7766a6376a5d06a7d9342887750bf075673428
JOB,14b,./workloads/query_job/14b.sql,query_split,0,ok,227.527432143688,227.527432143688,60000,74085e27c595ac219c6257d663e3ccccdf16299520347ac5488a715783f18a41,1,4,26,49152,1aba1b1e66edc1331ef16b0e6c061f2816d2afb5dd198098476e0c91f121d12b
JOB,14c,./workloads/query_job/14c.sql,query_split,0,ok,790.966108441353,790.966108441353,60000,f13c3a0e601dd42f5abd41675e0438c06c7c79b9e0a6b2e6974fe4952b94c09e,1,4,23761,2121728,b8d03973cf6626642785d82c586d4c54a6ee733fb791c79d052d0908898252e5
JOB,15a,./workloads/query_job/15a.sql,query_split,0,ok,682.856597006321,682.856597006321,60000,0bf74f571c854c91dada16e78f6a511682855e8364304c1e74a2715a468ad523,1,4,2465,229376,19fcab4ba78a267aea986bbaba27da97a748f8a6472e467531951d97abececaa
JOB,15b,./workloads/query_job/15b.sql,query_split,0,ok,136.046968400478,136.046968400478,60000,b25c3f018dd147bf4abce160072d7f8ba5b0f3abbe07bec34bc2e8b72eefff81,1,4,331,57344,9a7399b8bd1cb8835959eedb127970b796ab245956f86afa74691b059144931d
JOB,15c,./workloads/query_job/15c.sql,query_split,0,ok,811.007320880890,811.007320880890,60000,089e136e8a705182e20d1d2d2df976cada5b59fa92a88f7c18af99db6fa72368,1,4,2186,335872,308b67a8005d9dc5301010f93afebb38cbbaf5fa4a437a1722d0f512d4848aa7
JOB,15d,./workloads/query_job/15d.sql,query_split,0,ok,817.773692309856,817.773692309856,60000,df3a19f8bdca38394c1c9a01f448c4e34ce26e4cc3c938d45c9a4e59526d24d5,1,4,12121,1269760,9683996be1ba884f6d97afee8545fe5a2e825a73721a0631f5cde83cc4dc012f
JOB,16a,./workloads/query_job/16a.sql,query_split,0,ok,303.773775696754,303.773775696754,60000,bffefed9bcba1ce113c4f9365520889d2a59468ebb170e1a8e776353d8311bfb,1,4,494,81920,2d67df3602e864b3d2ff023716bd49182c8342318ca878a9f8fd2f9ed738cc20
JOB,16b,./workloads/query_job/16b.sql,query_split,0,ok,5999.606914818287,5999.606914818287,60000,e153889fdca6a79bf30b6f802a7d6fb574587af0fb56f36ecc25d831db945ea2,1,4,1011499,54550528,62f0b96673dc233f2daa899300ce1256e028c49583466c5508f8d9f0aaeb6631
JOB,16c,./workloads/query_job/16c.sql,query_split,0,ok,1685.680367052555,1685.680367052555,60000,1318f60bc0ac9eb3ca4ac578870bec99e9ac05ece5a440ba30e253efb9ea5aeb,1,4,237073,14704640,05b1310a1015da736d635478c403095979ab17ecd04ae418c7014314e5464573
JOB,16d,./workloads/query_job/16d.sql,query_split,0,ok,1285.328507423401,1285.328507423401,60000,1318f60bc0ac9eb3ca4ac578870bec99e9ac05ece5a440ba30e253efb9ea5aeb,1,4,181424,11558912,6ecaaf0d03ddc0cddc46d5d85b7c670cf096c99d641ab079010f17249b411822
JOB,17a,./workloads/query_job/17a.sql,query_split,0,ok,5153.524816036224,5153.524816036224,60000,12f3484b478e4f8b8c8fb87fad1c71c58c270dfee71990c3ecc25050d8a36b0f,1,3,110156,4194304,d07b485b17873e514f63b7019a5cba85ed529cc13e235a2f239c7029d01ec3fb
JOB,17b,./workloads/query_job/17b.sql,query_split,0,ok,5927.267119288445,5927.267119288445,60000,de642ce5a04416b5f5d58162138ce38932542abd6a7a7a08d538f1a6fc288f85,1,3,48482,2105344,e0fcb307d2798689f9ccd0eb0b2211bb0abd714c00467667765c5f1b7dd81b4d
JOB,17c,./workloads/query_job/17c.sql,query_split,0,ok,867.624722421169,867.624722421169,60000,89318885181be4671a585035246d501b4eb546101d7a71035ac9eaf20c99bdff,1,3,42090,1597440,4ef031cea7d84cb26a2f62bf385538df674b16c269e328e53de94be1dfcc6e52
JOB,17d,./workloads/query_job/17d.sql,query_split,0,ok,1316.965408623219,1316.965408623219,60000,9a519542553c082aa22cad711ded801827b50f2fc8a7b5078563cb2b04a7428e,1,3,43812,1712128,ef6989d73175ddfd00f9d3cea15e956055beb02ccdefd7489d27ab1cafbe5670
JOB,17e,./workloads/query_job/17e.sql,query_split,0,ok,5412.800431251526,5412.800431251526,60000,f737f87f1aee3edfa2a8464fe8782aa3d0139b69867ac6bfd244eb890fff19b5,1,3,110156,4194304,724fb491f6102848a1bfee7e50fafa4262d792f2db0d95cfce8bce44240aaa7d
JOB,17f,./workloads/query_job/17f.sql,query_split,0,ok,4684.763185679913,4684.763185679913,60000,966c1a52f852284091756356c99e5f43debac4e41bc8ee9f790f5c70bff4c7c4,1,3,190392,7340032,3720974a55246ea48e67e02f896eb4dee8a2d1d3d98b975fe577a2e3291a690b
JOB,18a,./workloads/query_job/18a.sql,query_split,0,ok,7352.834276854992,7352.834276854992,60000,4ea394ad5b6ff23d28102b48eef256f385144f05c176dcf273e5fc3dfc0f3ea7,1,3,463360,27017216,1b78291bb7aed33a84cc03f5b999856b66ed8652f082e7af6cf6272ea8a9b2f4
JOB,18b,./workloads/query_job/18b.sql,query_split,0,ok,612.245373427868,612.245373427868,60000,6635682ea66176cb4b122c8c01b41b06001993191e9889f440da443126fcee38,1,3,6510,573440,63b3ff6405108a6a14309c1d000701750e223f17ed6d41389945c85255957eca
JOB,18c,./workloads/query_job/18c.sql,query_split,0,ok,6831.662133336067,6831.662133336067,60000,542307488c7a1ab1b7cc860d07b9bcba2943079fcc1b17924c4d69c8285fa274,1,3,289110,18366464,d3f309803ba4c03165c81f3c9c3cd9d5dda90f9887916d904ac6d13ddfb35c07
JOB,19a,./workloads/query_job/19a.sql,query_split,0,ok,1908.601179718971,1908.601179718971,60000,1f0ca7719cfc34a43e2d3322146638f13989d450c4591afc7b3885613918e4de,1,4,391,65536,868299c22995e353ef48cf781f0ab9c8a2d53870ee37a0512bb4c63c3c114040
JOB,19b,./workloads/query_job/19b.sql,query_split,0,ok,530.315287411213,530.315287411213,60000,91275ea0a7bef7c58863c590bb17df5976280a00d3553ff0ccfd2fc85a34dfb6,1,4,22,49152,fba3ad6f0208fa3313326d396488df79b3cf78731042704f8c3abf24fe9dd654
JOB,19c,./workloads/query_job/19c.sql,query_split,0,ok,2763.570502400398,2763.570502400398,60000,5bb686926c7ac803228b08a35834a98c97bfac4d34377d9f0e0143ed1c846478,1,4,9106,1073152,7c7955826767bfb291a8a44623abf58423be88b07f1f923d532dbdda82d9876b
JOB,19d,./workloads/query_job/19d.sql,query_split,0,ok,5899.015210568905,5899.015210568905,60000,a4539f795d93860062d39d330febb9a7e2eba327a0dde36ea917ef25d81da7fb,1,4,1152597,88104960,3d380aee999b20d277aad6631d24837765c4ec98569ed616b0731f6bfd70a217
JOB,1a,./workloads/query_job/1a.sql,query_split,0,ok,1752.628102898598,1752.628102898598,60000,4509535bf8626cc136208e1b88afc7aa478160ccf6b340e66765b9bcf2288a38,1,2,28657,2629632,2fbeed47a345bc666a193c09d8742ec94779af24252217ace475f5fe917d6020
JOB,1b,./workloads/query_job/1b.sql,query_split,0,ok,21.375074982643,21.375074982643,60000,be1d6ac40c20f262e1328dfd04b2021cc535502e6b32eff765a057282a5df4f7,1,2,4,16384,73dfc6bb5ade13e7cc352002513871431cd2802248f6757db0b69ff33ee5e166
JOB,1c,./workloads/query_job/1c.sql,query_split,0,ok,481.986999511719,481.986999511719,60000,c9cfeb2c53a9c7d56ba455c5c333a8fac5db32559ebd94b17f2dbd68a69e1122,1,2,3876,532480,476d9bc8b5ff56d61dd4aee82fc81a490543dfd2c04d2f7b8fe3813c8e991401
JOB,1d,./workloads/query_job/1d.sql,query_split,0,ok,29.563032090664,29.563032090664,60000,b68175a2c8e96f8bc107b1f09c2703f390d5a78ec2aa27991cd17eea2e6db1c8,1,2,6,16384,767b72f5f3bb6dc9446e466978971cc3119e8832378b8d442a4cd717e8356441
JOB,20a,./workloads/query_job/20a.sql,query_split,0,ok,3849.611841142178,3849.611841142178,60000,b9480e419c0d039ed6aaa9978ef27229df665cc5a98eb6295b1a8948ca1efa8c,1,4,53617,3694592,0bcb069337575812caa9739cbf22567ba5dfc96379c67459e8a0e710a0feaff3
JOB,20b,./workloads/query_job/20b.sql,query_split,0,ok,730.175450444221,730.175450444221,60000,bdabdfce4c8cd4726f7228f6d5040b01cd2120ccf41064b215b2fd1b9c7cdbe3,1,4,29,49152,16d7e0d25cbd3a796ff83756286dbf886a99e5cfc739e8f0d0a6515e563bbce5
JOB,20c,./workloads/query_job/20c.sql,query_split,0,ok,1000.425644218922,1000.425644218922,60000,568e7928022d673040c12df4a67123a0784853e4f2fd144a3c3ad416f6a0ff39,1,4,16912,1400832,6f614be762eb1964e694650562a9aa0fb1ba1199feaebb047f277773774b5d9d
JOB,21a,./workloads/query_job/21a.sql,query_split,0,ok,165.518216788769,165.518216788769,60000,6114bcae99606cbd64c86c8dd7da67c69f8e545ea60c5213503552460a7306d0,1,4,6003,598016,59167ae2d8087ee6dc5afa84a07438d86780e86c9381f8da1cd79c9a9e254ab9
JOB,21b,./workloads/query_job/21b.sql,query_split,0,ok,170.824460685253,170.824460685253,60000,1da28682b56bf46849a42e55ba2b328e656ccb98f2f56a02e22549b0a2dec397,1,4,3298,303104,0331fca034fd6d8dd1f88e4933810fedb18c98a3d2ee5227dc32431ad31e8ec3
JOB,21c,./workloads/query_job/21c.sql,query_split,0,ok,175.250180065632,175.250180065632,60000,83811c5c01e3bdbafff3ac6671360f1cb19c1452dd9ec0b095bcd21856c36865,1,4,8971,630784,3d6286c13ab7f6ba3ca126fbc3b73c40da017fb023d3ae3446e7acb75cf6aed8
JOB,22a,./workloads/query_job/22a.sql,query_split,0,ok,823.215633630753,823.215633630753,60000,6bee5e8659b220bbe1e6582e8e5bea8f9a97ac298b4a7f5246846c1413c5c2c3,1,5,14323,1212416,9dd6cc8aa1d71aea24d6e38ce3b767c92a711797da716f7630c2cd47f0417108
JOB,22b,./workloads/query_job/22b.sql,query_split,0,ok,515.747651457787,515.747651457787,60000,261344b3d5dbc63bbc8b73ff367b08e19136e387d0502f40684455f7a223d93f,1,5,10163,753664,30fc1002902129c16a694ae675b4da031c2add68228b6509f96727d1f739b6da
JOB,22c,./workloads/query_job/22c.sql,query_split,0,ok,890.030629932880,890.030629932880,60000,18e529eeadd28daacd2cb90fcff55d8be4573ecfaaf76cd6e1ddb1dd25ff265c,1,5,27876,2392064,fd5ec6ffba5a6e245b71376b5eb17a626b3dbfad4da420d50a165647cb9c552b
JOB,22d,./workloads/query_job/22d.sql,query_split,0,ok,926.407881081104,926.407881081104,60000,5469e96c680a925a1c749d9befcbc02caea70a0c986dfa8291bc858fe10392ac,1,5,27876,2392064,4826b92428675427ab00a65149151c645e8db1cd8fb913328b6aac8f402e6a0f
JOB,23a,./workloads/query_job/23a.sql,query_split,0,ok,683.635093271732,683.635093271732,60000,e33290c8b8a911bae419941260d0bb2e09cceab157ff21cbd4088e50c3a1cc9b,1,5,2578,245760,ab8990bfb2703e685824eb493e0a5de8005e34f639f197b95e68d2318ff83961
JOB,23b,./workloads/query_job/23b.sql,query_split,0,ok,655.028708279133,655.028708279133,60000,f3a7f99f72b0caf860606e57aed9dc89d96aec3d96e1b92fd2104119ba77b59b,1,5,2592,245760,5c1c39623ae339b21032dbfab1322f9d51192f0adbc7692d913c62675e9a5a4a
JOB,23c,./workloads/query_job/23c.sql,query_split,0,ok,680.780313909054,680.780313909054,60000,d6d3b9a56435f4fe61ee133589ebd35b7135f05afe08be1125990d58b250e9f9,1,5,3053,311296,a9b76da903145b7c6bece39ac39d68ae475ac54e57b4561e2bb9d849cae917cd
JOB,24a,./workloads/query_job/24a.sql,query_split,0,ok,291.661344468594,291.661344468594,60000,f456596f387e349a6006b7f95149e83820f1855cb47322cf82c324c7abf10133,1,5,625,90112,2ae53225ed33678bae0edf57ff87512778fd272af0c1cd0839abf4eed7cb3205
JOB,24b,./workloads/query_job/24b.sql,query_split,0,ok,122.420892119408,122.420892119408,60000,c6a12dd8a9651eef2928671373921d7e677edea1ec96df6544103293106311ef,1,5,40,65536,b994c1634c0f8f8fc7c51e7dc07a97c7f66596d2bbee670cc445db9fc16a2621
JOB,25a,./workloads/query_job/25a.sql,query_split,0,ok,1713.819846510887,1713.819846510887,60000,3f61bc3b5b8945716ddc701b2a0b19f860043a01c2e6df0e838c90693f07dd20,1,4,85923,5791744,67188146de3e68b6ea2c90d38c22faf5ff5fd8dcc90d88a904ad9481d6e72556
JOB,25b,./workloads/query_job/25b.sql,query_split,0,ok,446.164019405842,446.164019405842,60000,a6dff347cc4e2c49ccacd365b50a365a6fabbfadf92d2cdfddeb9d790e3bbb17,1,4,27,49152,eeebd2c5b1e4db4fa20afd30a9b5a29887211599d38d25c664754a17708ad445
JOB,25c,./workloads/query_job/25c.sql,query_split,0,ok,3477.329581975937,3477.329581975937,60000,67a630b3c65d3bcaa414c0e78677ad348267d0f04c2fa18b570f5906a0599ac5,1,4,203801,12083200,58679300afa97e25c7e9d9239a62f8a22e20250393b30d5f2cb864824801abc5
JOB,26a,./workloads/query_job/26a.sql,query_split,0,ok,704.388894140720,704.388894140720,60000,2c7cebb1807f0b225f4f97c680278aa0ec35039ff7dbf43518e7a09bd026684a,1,5,16855,1441792,e4efaef7ab847f691b2b2147f251ad6ff04e579ec638e8ad60670d8d49d250c7
JOB,26b,./workloads/query_job/26b.sql,query_split,0,ok,246.665611863136,246.665611863136,60000,52c5df37c8602881f0acfe405e5a4f38ddcec08893afde614bdc4c3ed35bf58f,1,5,4502,442368,061023c4340843cc42e20e4e47f4cd718b9df79aebc6e792b9b2bce10d4a4f1c
JOB,26c,./workloads/query_job/26c.sql,query_split,0,ok,1011.504307389259,1011.504307389259,60000,028fa66983476fd11ebe0fc3fe75f01f243fb077ff18202487babf6b5905aae1,1,5,18173,1540096,99bcd68eb95603c2c7276ca7cb36e8984ad66de7644da4f14dc7d42dd3d8c217
JOB,27a,./workloads/query_job/27a.sql,query_split,0,ok,188.930392265320,188.930392265320,60000,17da2f55cbda32682db3bc710c4a0f0048b6fb05111deffe244b8be90c1e4968,1,5,5942,598016,29d808e6c1b5ccb5beaa19d825ce3b5b8b423fa8d360cade422104c3c87829fd
JOB,27b,./workloads/query_job/27b.sql,query_split,0,ok,179.232664406300,179.232664406300,60000,4eb4e5bb88d274fb571daa3d9537d134ac91e3971795bedfe21b63973b8a983c,1,5,481,98304,5e1194c6419cd26b3e11ae76d4b44431c8cf527529b14d4732912451480ec29c
JOB,27c,./workloads/query_job/27c.sql,query_split,0,ok,189.929522573948,189.929522573948,60000,17da2f55cbda32682db3bc710c4a0f0048b6fb05111deffe244b8be90c1e4968,1,5,8819,598016,8b792f57292375530beedfae9658e61053a1c90ce1e4b84634d29798894101c1
JOB,28a,./workloads/query_job/28a.sql,query_split,0,ok,633.329838514328,633.329838514328,60000,9bbfa4b43836dbcd01ed830b9188456a9d9309e4cc0ef0948c1f6ff8b2c0e39c,1,6,36663,2727936,9a1512785bcd017cd919edf9778f284830dc9951ca15df1bf760f98796d9ee8e
JOB,28b,./workloads/query_job/28b.sql,query_split,0,ok,795.311354100704,795.311354100704,60000,1504c5fe4b85e0649828523441b52c0f8b7c17598529646d3d732ab63db821f5,1,6,20339,1769472,cb463d218bc7e1b16502c6885a09828f804d7a757038863417fdae8365887dd0
JOB,28c,./workloads/query_job/28c.sql,query_split,0,ok,530.933521687984,530.933521687984,60000,991e8b67081098ca2488bedc79afe1881f2df52affbd0cf95312f4fb04855bd7,1,6,20363,1810432,99acc5954f30d6bfecf3ea2975749056e4f3365b0655f5b02a1b74c368015cb0
JOB,29a,./workloads/query_job/29a.sql,query_split,0,ok,140.270322561264,140.270322561264,60000,6931843f19cb52122ed461369626a4f45f6b0550fbb8e5608f26c0a53fbfa63e,1,7,822,180224,f1b010995bc1a0c46537e3b83a34c3b71dad2aa3117d95eb89ef7e6953caa73c
JOB,29b,./workloads/query_job/29b.sql,query_split,0,ok,135.635934770107,135.635934770107,60000,6931843f19cb52122ed461369626a4f45f6b0550fbb8e5608f26c0a53fbfa63e,1,7,32,98304,d317a200e69941936eb2ef98fb456238a977e82b3f9e0a38af6e9c3e61dc2f3c
JOB,29c,./workloads/query_job/29c.sql,query_split,0,ok,306.415669620037,306.415669620037,60000,77d7c0fd6a7f7c2de253fe8fc44b2b6ae848c0c1e246c513425c8f83965bf0b0,1,7,3199,360448,435252b091707cbbb2c7b13491fdf683d051b59929657215feabbb74c07ae731
JOB,2a,./workloads/query_job/2a.sql,query_split,0,ok,2771.286696195602,2771.286696195602,60000,fc90f3c2c15c5abce95811297c6b9a8ee98e4e03347ce9e79c8ce8e6b57b03a0,1,2,41840,2629632,e195340c00f5de412c641d6ca96523e9fc6030bceed8ea3393f6e59cac4f8830
JOB,2b,./workloads/query_job/2b.sql,query_split,0,ok,533.868439495564,533.868439495564,60000,fc90f3c2c15c5abce95811297c6b9a8ee98e4e03347ce9e79c8ce8e6b57b03a0,1,2,41840,2629632,7262d1534ee105988107fae1b34433485c74486943b92efc89c1b00bbcabe757
JOB,2c,./workloads/query_job/2c.sql,query_split,0,ok,260.369844734669,260.369844734669,60000,4f78f1a55542d807d5eaabd4ee2244ee9ba0258958f7de1c1ef4598cd5b46ab1,1,2,41840,2629632,b0334abfdb1de4b04898e5a878cc5f2e4e058dbcc2052b39e4b255f3b8a20f31
JOB,2d,./workloads/query_job/2d.sql,query_split,0,ok,753.960102796555,753.960102796555,60000,d55d5656333bd757f053124d39c4d7de4605203e41f67c025f0cc73ff2c7b9bb,1,2,41840,2629632,1b499af1ca7026dff3e1944e9a9427fc02edd35f0b02534e10d453ea6c962b96
JOB,30a,./workloads/query_job/30a.sql,query_split,0,ok,1242.675662040710,1242.675662040710,60000,75f27277da0bf405cd685f3341baca046a6788152a4b13a72ad743837698d0b5,1,5,64755,4358144,64093632cc30fd15f6aee5c31b8af7d48e0f755f0ebf753c1b7548e8527d1373
JOB,30b,./workloads/query_job/30b.sql,query_split,0,ok,546.709693968296,546.709693968296,60000,9debd188f6a0b8138ba60e6d549daaba2133a2011cbd29d42025eebe31205230,1,5,116,65536,520a7d04a38e4151e96fb1168fab5590c30986309f8662d8036b0e8ff3b77437
JOB,30c,./workloads/query_job/30c.sql,query_split,0,ok,1924.990832805634,1924.990832805634,60000,9def3478d3162492b92bb76237115759aec29176d767191b8cd5def2da2391c9,1,5,116366,7372800,e72da8dee84de8cd7c39441275517c289104419d21fb5dd695fce23e50b42211
JOB,31a,./workloads/query_job/31a.sql,query_split,0,ok,799.643531441689,799.643531441689,60000,27264682db1c692f629cbc378c2d1c85c8c6d056671bebcf765b2be4f122e770,1,5,81336,4620288,00834015db47340818d6e0efb92f529bdb1c7b247fb4552c83cc33e42983006e
JOB,31b,./workloads/query_job/31b.sql,query_split,0,ok,550.363622605801,550.363622605801,60000,17bebc2b6a6ef3426f94300ca4385edad88ebd34fac62fd56a0fc58c24e5b98e,1,5,171,65536,51c96724a226cea81aa041069936e60f083895066c544dc0373609507e767f02
JOB,31c,./workloads/query_job/31c.sql,query_split,0,ok,796.962022781372,796.962022781372,60000,09c5cf7e96fa8a299de4f7088731cf8e370fa7af16a3438017bcf08c6d8905ae,1,5,82652,4751360,c8285e1dafb5b4ebdf984a4a50e7d1f180c4545726be1bce76c4fb7776ee497f
JOB,32a,./workloads/query_job/32a.sql,query_split,0,ok,56.713670492172,56.713670492172,60000,38cf683886cf6fdc55596ffbf14756cbedd54a4091ef744fb773fc7f37ce3139,1,2,1,16384,2741f7e755dfa2e1fc4d22b2da73cac3841af5f40c2a4e837b59da899bb55c14
JOB,32b,./workloads/query_job/32b.sql,query_split,0,ok,409.593485295773,409.593485295773,60000,136f26a2ebb961337e13a1b2c25ce51ab44ee67277b807b22bcb2f94ab99343c,1,2,41840,2629632,2dc6bf023ce45b362e499ebb3c277737f103855f5299f0c5f5cee65a6fec7df6
JOB,33a,./workloads/query_job/33a.sql,query_split,0,ok,378.499142825603,378.499142825603,60000,0be421d7b97248226c3a33bad501b9e85187231d54df0c0f0c9791d8b2286ad9,1,7,7620,737280,514a9bb6a5b8293155a2fe41882adcedb3a1dd4945e73ba6de5bf62f719a4d7f
JOB,33b,./workloads/query_job/33b.sql,query_split,0,ok,94.909556210041,94.909556210041,60000,735a1be7f41a7bbb115cbeefc5bfe74994300c66a9ed18e92575e0a5028550ab,1,6,62,81920,c85446755278393d6aaf1ecffb6279fc64b6f9d2eda5471ea653b97e04940755
JOB,33c,./workloads/query_job/33c.sql,query_split,0,ok,528.554387390614,528.554387390614,60000,68464506f3c0aa8fd4c37209daa0d0c9c8f54c57dca6a9b2860add78f906185b,1,7,26419,2179072,17752921947a4e5b5218ff78e749575f10b7716b116a4b9c22f529828903958c
JOB,3a,./workloads/query_job/3a.sql,query_split,0,ok,1468.835003674030,1468.835003674030,60000,4446b454452e8db43636d58c5e3a7f9041b179149913a47dfd28d049a31e3f4d,1,2,2235,270336,dfb689739d1ebaed10a5f45d34bd0444cabac9b727c883c51ec3483b4ed619f5
JOB,3b,./workloads/query_job/3b.sql,query_split,0,ok,132.914379239082,132.914379239082,60000,f09c4919f4c92a95515be773a486d51c5e5ccd19e0f5087b7c0f0ab64cd137cf,1,2,405,40960,f2b3854db31740ed59c0d706f6f776eef2ed48e54b98a4471364063a70eab290
JOB,3c,./workloads/query_job/3c.sql,query_split,0,ok,3816.462472081184,3816.462472081184,60000,78dc828b7194ccb46ee35f89eb2f2152e11378ef17a14837d364bb6f73cc0769,1,2,7874,532480,69863a1b46be9a130abae81cab466523913a4bdf08372e5e4e36ad0ffbe066c9
JOB,4a,./workloads/query_job/4a.sql,query_split,0,ok,198.134511709213,198.134511709213,60000,748155aaa114d016eb288dab57d2b91f8907ee5678c3789b9df355aec3a5f474,1,2,2235,270336,d1647b5e3fcc9be19a1290f933f8bef70220281eb5de4cef02d7a562a8ab46ce
JOB,4b,./workloads/query_job/4b.sql,query_split,0,ok,340.367227792740,340.367227792740,60000,c2e5045abfc8ecfbd0b40e2ecf04f734592cd5b76e223f977e6c366b9f571679,1,2,72,16384,6b5974fd40eb742625422e52e83b34535729f490f48232b271a02ef42f9ff221
JOB,4c,./workloads/query_job/4c.sql,query_split,0,ok,251.629903912544,251.629903912544,60000,5c9364f684db0004720ec4e9642a958681b071ff992dadc090178e95cc52235a,1,2,7874,532480,a506b1d977fc3fd6dea5b4eb7634621dca01d5571b4e6fd2b3b3211fb16648d0
JOB,5a,./workloads/query_job/5a.sql,query_split,0,ok,242.706567049026,242.706567049026,60000,4f78f1a55542d807d5eaabd4ee2244ee9ba0258958f7de1c1ef4598cd5b46ab1,1,2,0,8192,adda2e7cdecece9069fa88f1bd1ebe6876e0f0910af105c16c24c04654be5f92
JOB,5b,./workloads/query_job/5b.sql,query_split,0,ok,237.870864570141,237.870864570141,60000,4f78f1a55542d807d5eaabd4ee2244ee9ba0258958f7de1c1ef4598cd5b46ab1,1,2,0,8192,aec5773225eb0ecc8aa04ab0ed89e46d2752d4cc6e8fd9c66a64290972d80914
JOB,5c,./workloads/query_job/5c.sql,query_split,0,ok,345.066919922829,345.066919922829,60000,c63c0f430af977fe1bf0c51442b833d536b07965c22254d5a737a187719cc641,1,2,767,73728,0d0a9bf23cd11a86f5dd862586280d163ca5f1b71719abaf2b77082b175921fd
JOB,6a,./workloads/query_job/6a.sql,query_split,0,ok,317.638717591763,317.638717591763,60000,2e45680981dcedf844899f966540a92734a6200fc0d8bd8a547ceba0d0cf631f,1,2,11,16384,6fa2c6f6165b3c6544c6212a8f5c542fbb69ddf574e73fb28bc7ed071aeeecf6
JOB,6b,./workloads/query_job/6b.sql,query_split,0,ok,797.016449272633,797.016449272633,60000,2b959ee9a358222cd3f680b4de1a9c2be8556432140123daad1b20aa89815ab9,1,2,36,16384,f1e8f7c274594dbef18d4244a749a3988b969c695490f5b0dedcac89cb4a0e7c
JOB,6c,./workloads/query_job/6c.sql,query_split,0,ok,52.574403584003,52.574403584003,60000,eb15d11fcc635c0f71eefa80cad2069e9f06841887450ba39d0be7466e8da9dd,1,2,2,16384,7dcb92c0f37fe22cc932b981cde7de5b3a09440f3700db47ecbcf3df8ec7105c
JOB,6d,./workloads/query_job/6d.sql,query_split,0,ok,1320.778027176857,1320.778027176857,60000,bf8229c3af721fca42ad64803e348b47d39c54dfd46fcbc5d2ef84cd56b31b17,1,2,14165,1056768,695860d57c112909995706ddbd84edf4a70a22681381491e8300747d57d078b5
JOB,6e,./workloads/query_job/6e.sql,query_split,0,ok,60.715474188328,60.715474188328,60000,2e45680981dcedf844899f966540a92734a6200fc0d8bd8a547ceba0d0cf631f,1,2,11,16384,6dfeb4b5a0fc912e90a131138f3da1fef286adeb3b2b158783fac2f7b70561ad
JOB,6f,./workloads/query_job/6f.sql,query_split,0,ok,17339.282572269440,17339.282572269440,60000,ce75c2032883b5ebfbc1826c33aee0cbee3a05005e8a664ad50142f57e258055,1,2,14165,1056768,d68d5148b85832fde659020d038c86aa1236ec5e2fbf13bd13aecfd8c1709cdc
JOB,7a,./workloads/query_job/7a.sql,query_split,0,ok,2646.945558488369,2646.945558488369,60000,4c15deaf8c868c357c511a9b1b16153f35d0a6d69bf0cb9d733dd8855dca6cb3,1,4,1504,172032,f7164df280ab8ebce45d2f8402cce58667703b25ff140f86b7ffdf214b253e64
JOB,7b,./workloads/query_job/7b.sql,query_split,0,ok,231.863439083099,231.863439083099,60000,9d6ae68bd583de41667a4cae160a3da2b5ea5d39fe8dcce1e8fd3d20a5278abe,1,4,38,49152,c628471651f7ea3cc7a2469de82fc42265e1019fe63ad04120d3cbabfafc5b88
JOB,7c,./workloads/query_job/7c.sql,query_split,0,ok,4774.267002940178,4774.267002940178,60000,7cdabf89c2c21f17ae631979c9e8405f2f72c7561fa51440c4ebafa4ab13790d,1,4,39852,38969344,ac718c977a4fd4b597c3fcc46fdd7cf241cbba8d14dacbc3dfa2bdff668fd24d
JOB,8a,./workloads/query_job/8a.sql,query_split,0,ok,1970.242671668530,1970.242671668530,60000,83ca1ebec91355240bb85797c81f9f6b8a96392c57707c100978708f49ae71e9,1,3,432,57344,7022d049319c7112996853d6805275d6bdbedb2e4067b0f8432f14e84b666c64
JOB,8b,./workloads/query_job/8b.sql,query_split,0,ok,640.017047524452,640.017047524452,60000,e5b0fc3c68184c62fd7ca88151a039904e2fc3708d4c2773297d07ecda52eef1,1,3,8,32768,b8c2486b3c8ccb1ec0cb3afac7b7320eae9b56eeb5b17894b7862cc7174d09b2
JOB,8c,./workloads/query_job/8c.sql,query_split,0,ok,6674.821391701698,6674.821391701698,60000,ca648dbd161cd660e79b73f4d2feac37247f699997bfceb70abcc975adab600b,1,3,2055141,111689728,22fdadbb6ed13c192171e2fb3240cca87cb0d8dc61293314b20048b265e0ae6f
JOB,8d,./workloads/query_job/8d.sql,query_split,0,ok,4472.020328044891,4472.020328044891,60000,42e9d5875e298e1e96988f68f4ea5385d847af85ed0e315fb1c559c113c45301,1,3,2055141,111689728,0122667e4875a8e4696e9baeac5b4914485ecae2a5ce97ceba7a624c4cd46eee
JOB,9a,./workloads/query_job/9a.sql,query_split,0,ok,1739.850848913193,1739.850848913193,60000,886c7581cf3aa969ef759925c2f5ff04f028206a5c5d8bf1705580bbaac34c47,1,3,364,57344,66abb2394e58bb582e877c5d0fcd038dec7f637718a431968129d3cadee1fe41
JOB,9b,./workloads/query_job/9b.sql,query_split,0,ok,1461.477108299732,1461.477108299732,60000,8078dd223231eda190e9f3cf026f80ab7e46a368b87b14254a00ad3dcf6f4f90,1,3,127,40960,37f29364ffd0a410f7dfb867b9ea807d6cba2d7f1aee21c21eff2445e43e594e
JOB,9c,./workloads/query_job/9c.sql,query_split,0,ok,2216.181598603725,2216.181598603725,60000,557da082f2ed4caf79da00c7414e7dd21a43ea04df959539305598466791daec,1,3,13412,1589248,06ff41f5cf9f792d72547c8f0cc20e51c16586b751e44094483c8c217dab0aab
JOB,9d,./workloads/query_job/9d.sql,query_split,0,ok,6837.546519935131,6837.546519935131,60000,0e289ef9aab62d7cdc6d31fb6a14d705898bc5aae64eda813c4c66eea1574c1a,1,3,738334,74465280,68b7b3232d5fd4cd3d771755b80a2d6262e659efa776cd464fa8a64f5413f840
JOB,10a,./workloads/query_job/10a.sql,top5,0,ok,5387.702539563179,5387.702539563179,60000,929d0b936421c3cc037300fc273cb56746f39627e96a60da4dd6863044511457,1,0,0,0,8c0b88a535e9ea5bbf869f2a84732d15e5b44f9bfd6b12441057a5e2aaaabf52
JOB,10b,./workloads/query_job/10b.sql,top5,0,ok,5058.535344898701,5058.535344898701,60000,706843969f310473a0308417223dbd3b01f9c23dd72c30ca6a320928a1c6d9a0,1,0,0,0,f377301c7c070c9255bba627fbeac108e715bfb801c30a36e1187eb71f48bbe0
JOB,10c,./workloads/query_job/10c.sql,top5,0,ok,8583.042010664940,8583.042010664940,60000,73b0bf53e0d911a07eeb82a77e0c4d8e572b4a66464eabd6ab74eddeab66e4b6,1,0,0,0,38b0fb81c658d44f287f3b6455099e7b326f7058e99ea9086582c24a38b6f7a9
JOB,11a,./workloads/query_job/11a.sql,top5,0,ok,176.517754793167,176.517754793167,60000,83811c5c01e3bdbafff3ac6671360f1cb19c1452dd9ec0b095bcd21856c36865,1,0,0,0,da199ec7d7cb299da1d7e5d785fc04e212662da1505b3d61de65cc2abcf028dc
JOB,11b,./workloads/query_job/11b.sql,top5,0,ok,174.004465341568,174.004465341568,60000,1140a97472e10ce6316cd6b2747dee298183b9dfeb896f858eb6598def2645fe,1,0,0,0,c7aba91c2f3306da687b6d49a814dbeb2d761a9ef69f0afa3786eb6c112e634c
JOB,11c,./workloads/query_job/11c.sql,top5,0,ok,374.430298805237,374.430298805237,60000,e03dd6f5aa7f119762f6b549c488852bbe23e0297bd479e5946f75c06ef1bbca,1,0,0,0,2043a1296c00148bb396f1b157f9c1eee6c1bea9ed7bd280ade828265c2e7af3
JOB,11d,./workloads/query_job/11d.sql,top5,0,ok,290.242917835712,290.242917835712,60000,de7342ed1d49ddb4af769ed803430202f4e99db6d34267ee2b58c1cbcee1f279,1,0,0,0,b67863c93dbfefe8cf1c7b70db1e790ee382dd558f38a2b1cb028a04634b7fbc
JOB,12a,./workloads/query_job/12a.sql,top5,0,ok,867.273680865765,867.273680865765,60000,859e14caaec80c8e1bdf8043bc9dbcdc6810582adf44e5ae0ea485fc5cb8ed01,1,0,0,0,c9f47b77d4660a46f5864adaa184e51e25ad0abbd33068932372c4540ccf65a3
JOB,12b,./workloads/query_job/12b.sql,top5,0,ok,1259.377703070641,1259.377703070641,60000,c6ff9ec06ce589c648d889e9e9021a68976c3ccf8550d7c147b5054bdddcb545,1,0,0,0,649587f5772f9a14416f825b457e9e01cd55836594e991fcd75ebe1a9c513a72
JOB,12c,./workloads/query_job/12c.sql,top5,0,ok,2219.724610447884,2219.724610447884,60000,fc048ce250bbfdae76cc58594ab66716a3f413669bed819d0adf4b9851bbc9c4,1,0,0,0,d2c7a1152da89afebbf9e4c16e6a9ae6d6e35ca73d1c14c02643dc99409c20cf
JOB,13a,./workloads/query_job/13a.sql,top5,0,ok,3435.606203973293,3435.606203973293,60000,5ee98befd3d641c6753778abf08e4c9202a00380903807997963bc6fbf2344d1,1,0,0,0,89760c5c6026a9b6dca84318d1d298881325ee18848b78324966be9681cab873
JOB,13b,./workloads/query_job/13b.sql,top5,0,ok,793.054595589638,793.054595589638,60000,3d96d4044fccab21095254c6b5ee60e7d430f8e3a04d0eb12bc3df93c0a121c3,1,0,0,0,a0225f7d7076535cbde433b0b281ada0b3343fa15c659fe5c19efe1117fae993
JOB,13c,./workloads/query_job/13c.sql,top5,0,ok,723.485924303532,723.485924303532,60000,62d718231272d8795fb939428fb8d114fb4735e7ff7ba5aa1c8431e0dd880cb9,1,0,0,0,1fb4e1c98490f771ff922b3247a1e66167a0c03b876313d41a82fe313a757a9c
JOB,13d,./workloads/query_job/13d.sql,top5,0,ok,7758.223794400692,7758.223794400692,60000,23a870573284058686cb251c6ba164baa8ae4f5ef07cfb8c562be705ab7dee88,1,0,0,0,ed7807f122d279392d61c399a5efbbd6b5c316c4bb07c955a1c3fd9aeccc11c2
JOB,14a,./workloads/query_job/14a.sql,top5,0,ok,4169.085152447224,4169.085152447224,60000,f13c3a0e601dd42f5abd41675e0438c06c7c79b9e0a6b2e6974fe4952b94c09e,1,0,0,0,1cdddb76d05580c2f7612bbd25954e16107ad396c2b676f1480f426e598ae611
JOB,14b,./workloads/query_job/14b.sql,top5,0,ok,4616.994909942150,4616.994909942150,60000,74085e27c595ac219c6257d663e3ccccdf16299520347ac5488a715783f18a41,1,0,0,0,8ded0402acac29b0480e2331d0a03a0c6da3c6df9ae71cc95b997fc8da173003
JOB,14c,./workloads/query_job/14c.sql,top5,0,ok,4257.622115314007,4257.622115314007,60000,f13c3a0e601dd42f5abd41675e0438c06c7c79b9e0a6b2e6974fe4952b94c09e,1,0,0,0,c45c0c2103c026b3d00f61533c4c3cb11355bcb604dd4db50a1c0437192db396
JOB,15a,./workloads/query_job/15a.sql,top5,0,ok,7333.109155297279,7333.109155297279,60000,0bf74f571c854c91dada16e78f6a511682855e8364304c1e74a2715a468ad523,1,0,0,0,7ab708ba8eb799c61ea43710f77d4871474cfc930b153baeac8a3fcba81df6a1
JOB,15b,./workloads/query_job/15b.sql,top5,0,ok,1567.811213433743,1567.811213433743,60000,b25c3f018dd147bf4abce160072d7f8ba5b0f3abbe07bec34bc2e8b72eefff81,1,0,0,0,6316b57caebfb68a3e329587449c116a5fc6b8e48a05e63890c7ad737c6ff58a
JOB,15c,./workloads/query_job/15c.sql,top5,0,ok,1040.293700993061,1040.293700993061,60000,089e136e8a705182e20d1d2d2df976cada5b59fa92a88f7c18af99db6fa72368,1,0,0,0,9425c3db81dc17ffeb7ff6f339934351655aa3121dc6ba3229567e2f6e8545ed
JOB,15d,./workloads/query_job/15d.sql,top5,0,ok,1243.710130453110,1243.710130453110,60000,df3a19f8bdca38394c1c9a01f448c4e34ce26e4cc3c938d45c9a4e59526d24d5,1,0,0,0,f033f7c33e88eefd4b6ecf27466e74105395858370db2374e4795aae0811491b
JOB,16a,./workloads/query_job/16a.sql,top5,0,ok,4865.573599934578,4865.573599934578,60000,bffefed9bcba1ce113c4f9365520889d2a59468ebb170e1a8e776353d8311bfb,1,0,0,0,787cbf123d311255930d2b4124a787ade3f257fa263215ed6ff34e9f2f53bd04
JOB,16b,./workloads/query_job/16b.sql,top5,0,ok,26623.976089060307,26623.976089060307,60000,e153889fdca6a79bf30b6f802a7d6fb574587af0fb56f36ecc25d831db945ea2,1,0,0,0,97c84be0a5e734b0220c131b4d1ce9c5acc33dac2f256799645fbdfd6f83b66e
JOB,16c,./workloads/query_job/16c.sql,top5,0,ok,7079.292684793472,7079.292684793472,60000,1318f60bc0ac9eb3ca4ac578870bec99e9ac05ece5a440ba30e253efb9ea5aeb,1,0,0,0,e1f68a8c82f42de0698d408b2c10ea9d1706d2a225f623876886e280b47f1266
JOB,16d,./workloads/query_job/16d.sql,top5,0,ok,6519.870795309544,6519.870795309544,60000,1318f60bc0ac9eb3ca4ac578870bec99e9ac05ece5a440ba30e253efb9ea5aeb,1,0,0,0,fc99bc88e8e1a83ad8a05913056789c3629f6fdcc314e145815a35cd6bde7651
JOB,17a,./workloads/query_job/17a.sql,top5,0,ok,23539.193391799927,23539.193391799927,60000,12f3484b478e4f8b8c8fb87fad1c71c58c270dfee71990c3ecc25050d8a36b0f,1,0,0,0,b7721e25b7e9c6bd1e2c1e617d3e572fa4e4c24825c9518de0a03730d0338d8b
JOB,17b,./workloads/query_job/17b.sql,top5,0,ok,33244.897119700909,33244.897119700909,60000,de642ce5a04416b5f5d58162138ce38932542abd6a7a7a08d538f1a6fc288f85,1,0,0,0,78c314bbea7401458637c3f9265474d6eddd19e868c391907808f6968d4c0526
JOB,17c,./workloads/query_job/17c.sql,top5,0,ok,33141.159519553185,33141.159519553185,60000,89318885181be4671a585035246d501b4eb546101d7a71035ac9eaf20c99bdff,1,0,0,0,426e036ce8e0587c8d03f7b7e12a437a407eb08279f3be4089959ee876a14daa
JOB,17d,./workloads/query_job/17d.sql,top5,0,ok,33738.565057516098,33738.565057516098,60000,9a519542553c082aa22cad711ded801827b50f2fc8a7b5078563cb2b04a7428e,1,0,0,0,fa3d8628cf2f5736887b2567dec62506a8d1e76bd1628ff093a9fbfa45eb7bab
JOB,17e,./workloads/query_job/17e.sql,top5,0,ok,23451.166756451130,23451.166756451130,60000,f737f87f1aee3edfa2a8464fe8782aa3d0139b69867ac6bfd244eb890fff19b5,1,0,0,0,130e6227c82fa07b87088d26d5576978a0836855199986f2bd4b0bb7f13b9393
JOB,17f,./workloads/query_job/17f.sql,top5,0,ok,33778.926104307175,33778.926104307175,60000,966c1a52f852284091756356c99e5f43debac4e41bc8ee9f790f5c70bff4c7c4,1,0,0,0,5f8f5d4ffab53c747c2dd0cba7aa9de2cf8ff288005eeadf4beea4ae9b7113c5
JOB,18a,./workloads/query_job/18a.sql,top5,0,ok,8028.679132461548,8028.679132461548,60000,4ea394ad5b6ff23d28102b48eef256f385144f05c176dcf273e5fc3dfc0f3ea7,1,0,0,0,a0fd4321af3e2cd81f9e3dee82d51615afe3b2c393ec16b2ef601e044c1b7595
JOB,18b,./workloads/query_job/18b.sql,top5,0,ok,7892.923302948475,7892.923302948475,60000,6635682ea66176cb4b122c8c01b41b06001993191e9889f440da443126fcee38,1,0,0,0,3f4c9dd4178f4af9265f4f6d21bc18b49737fe4511707dbeeac0480d9aacee4b
JOB,18c,./workloads/query_job/18c.sql,top5,0,ok,6709.020785987377,6709.020785987377,60000,542307488c7a1ab1b7cc860d07b9bcba2943079fcc1b17924c4d69c8285fa274,1,0,0,0,42ff74d418f34f28feb81f862a42719263c5e1d24be9a3953838fc8a15a217eb
JOB,19a,./workloads/query_job/19a.sql,top5,0,ok,10644.951045513153,10644.951045513153,60000,1f0ca7719cfc34a43e2d3322146638f13989d450c4591afc7b3885613918e4de,1,0,0,0,ac8d2261fdd8e3cc43adb793c9052877b56c07a1c71f367d9a39381889221e82
JOB,19b,./workloads/query_job/19b.sql,top5,0,ok,11218.324951827526,11218.324951827526,60000,91275ea0a7bef7c58863c590bb17df5976280a00d3553ff0ccfd2fc85a34dfb6,1,0,0,0,4450c5b34b97bf71c32004d73b51d824fbdc375febc1dc42b640476256c06584
JOB,19c,./workloads/query_job/19c.sql,top5,0,ok,13753.595560789108,13753.595560789108,60000,5bb686926c7ac803228b08a35834a98c97bfac4d34377d9f0e0143ed1c846478,1,0,0,0,e4b0ba8a2c40f6b841e6318de0711573ce5016cd46e20b0226c51e215f14696f
JOB,19d,./workloads/query_job/19d.sql,top5,0,ok,19025.060132145882,19025.060132145882,60000,a4539f795d93860062d39d330febb9a7e2eba327a0dde36ea917ef25d81da7fb,1,0,0,0,38ee6d1c384309f3a597b2c154cfc7c0670d61c4cd6782ecbfa920bda4add661
JOB,1a,./workloads/query_job/1a.sql,top5,0,ok,523.192748427391,523.192748427391,60000,4509535bf8626cc136208e1b88afc7aa478160ccf6b340e66765b9bcf2288a38,1,0,0,0,5274b61b48893841bb58c6323507d75c6aad1b9f09b129ee2af00bdd308bb26a
JOB,1b,./workloads/query_job/1b.sql,top5,0,ok,22.691041231155,22.691041231155,60000,be1d6ac40c20f262e1328dfd04b2021cc535502e6b32eff765a057282a5df4f7,1,0,0,0,3f64f64fd61020b02f6d038566ec56d061f97692368d899f130a48b6099aaab1
JOB,1c,./workloads/query_job/1c.sql,top5,0,ok,609.880819916725,609.880819916725,60000,c9cfeb2c53a9c7d56ba455c5c333a8fac5db32559ebd94b17f2dbd68a69e1122,1,0,0,0,affd988f871c0d275aee41893167eb3673dd5727463ed1efa36210788d7e4416
JOB,1d,./workloads/query_job/1d.sql,top5,0,ok,23.966856300831,23.966856300831,60000,b68175a2c8e96f8bc107b1f09c2703f390d5a78ec2aa27991cd17eea2e6db1c8,1,0,0,0,f4129bb715afb150c24d02619eca8852286addb653e9a12f6c7df885d7b19fee
JOB,20a,./workloads/query_job/20a.sql,top5,0,ok,7337.468087673187,7337.468087673187,60000,b9480e419c0d039ed6aaa9978ef27229df665cc5a98eb6295b1a8948ca1efa8c,1,0,0,0,a58f1689ab8fc916a7e2c9a544525cae7ec9d6e03dfcb6b2891521244077ca98
JOB,20b,./workloads/query_job/20b.sql,top5,0,ok,6328.995496034622,6328.995496034622,60000,bdabdfce4c8cd4726f7228f6d5040b01cd2120ccf41064b215b2fd1b9c7cdbe3,1,0,0,0,e0189b6d77273ac6e4b2f604a279603ad66809ab3245b5dbf63f6dd9d036f956
JOB,20c,./workloads/query_job/20c.sql,top5,0,ok,5812.186457216740,5812.186457216740,60000,568e7928022d673040c12df4a67123a0784853e4f2fd144a3c3ad416f6a0ff39,1,0,0,0,a67ec350de1673ba481abf3b28da4f76064aee1fb81812a5c7b4b100f214dc14
JOB,21a,./workloads/query_job/21a.sql,top5,0,ok,253.505222499371,253.505222499371,60000,6114bcae99606cbd64c86c8dd7da67c69f8e545ea60c5213503552460a7306d0,1,0,0,0,a577968bad25aa2023beb183e01b8fc86aed0d2cc55a90002031d53a81bdea65
JOB,21b,./workloads/query_job/21b.sql,top5,0,ok,254.161052405834,254.161052405834,60000,1da28682b56bf46849a42e55ba2b328e656ccb98f2f56a02e22549b0a2dec397,1,0,0,0,00ee1f6b8719a9d2b68972e8ccb4e6ce86e77a1df15ce8dae6b2e8e5b640c1cc
JOB,21c,./workloads/query_job/21c.sql,top5,0,ok,256.331443786621,256.331443786621,60000,83811c5c01e3bdbafff3ac6671360f1cb19c1452dd9ec0b095bcd21856c36865,1,0,0,0,f066e020c0e2bf2ac2b9d09911d6fee3bbd6d0324613ed133ec79c26bdfa58a9
JOB,22a,./workloads/query_job/22a.sql,top5,0,ok,3563.667170703411,3563.667170703411,60000,6bee5e8659b220bbe1e6582e8e5bea8f9a97ac298b4a7f5246846c1413c5c2c3,1,0,0,0,f369ce937d8674acc339b10b7a3b6a088eae01759ef6306e62cac0d526584035
JOB,22b,./workloads/query_job/22b.sql,top5,0,ok,3508.395947515965,3508.395947515965,60000,261344b3d5dbc63bbc8b73ff367b08e19136e387d0502f40684455f7a223d93f,1,0,0,0,29fe3922212b3244dc700a6dd646b04291d76d507648ca851ec74e748f07fe51
JOB,22c,./workloads/query_job/22c.sql,top5,0,ok,5312.497586011887,5312.497586011887,60000,18e529eeadd28daacd2cb90fcff55d8be4573ecfaaf76cd6e1ddb1dd25ff265c,1,0,0,0,faaab8d735e3de716113982da32a24f128b548a7c07fe0b52bf058cbd604c6b2
JOB,22d,./workloads/query_job/22d.sql,top5,0,ok,4998.465895652771,4998.465895652771,60000,5469e96c680a925a1c749d9befcbc02caea70a0c986dfa8291bc858fe10392ac,1,0,0,0,6ea26bcc73a1cd4adfacacc46a59cb5cb92671acf87f7644099f531de3bf396a
JOB,23a,./workloads/query_job/23a.sql,top5,0,ok,14157.256275415421,14157.256275415421,60000,e33290c8b8a911bae419941260d0bb2e09cceab157ff21cbd4088e50c3a1cc9b,1,0,0,0,bd68a72b53b98b8c0436500b0e10bd15c55bfcee5e115a3d7e3d1e92da6dc6e2
JOB,23b,./workloads/query_job/23b.sql,top5,0,ok,13273.427106440067,13273.427106440067,60000,f3a7f99f72b0caf860606e57aed9dc89d96aec3d96e1b92fd2104119ba77b59b,1,0,0,0,e4be9283f7c8875596cc7dbef5d4d7483081169184d69e9699d0cdae5e472eaa
JOB,23c,./workloads/query_job/23c.sql,top5,0,ok,13466.559402644634,13466.559402644634,60000,d6d3b9a56435f4fe61ee133589ebd35b7135f05afe08be1125990d58b250e9f9,1,0,0,0,b3b360146866a62143f2414fcdf6a1e2f3ca5910a123265659979f7309def38e
JOB,24a,./workloads/query_job/24a.sql,top5,0,ok,10542.680040001869,10542.680040001869,60000,f456596f387e349a6006b7f95149e83820f1855cb47322cf82c324c7abf10133,1,0,0,0,0e7852d7f03e11e76d00937f34dfbcb87de2d7a7ec2a73e50cf20918b3ebafed
JOB,24b,./workloads/query_job/24b.sql,top5,0,ok,10066.385261714458,10066.385261714458,60000,c6a12dd8a9651eef2928671373921d7e677edea1ec96df6544103293106311ef,1,0,0,0,72621de5b7570975bc256fe82954d0c0e9086bb48eb89f0ac39ca20f295e1bb4
JOB,25a,./workloads/query_job/25a.sql,top5,0,ok,7587.882839143276,7587.882839143276,60000,3f61bc3b5b8945716ddc701b2a0b19f860043a01c2e6df0e838c90693f07dd20,1,0,0,0,f56dfebbec06fde58483e4e20552347ace42ae5531401f8e6c890538cd2eceb5
JOB,25b,./workloads/query_job/25b.sql,top5,0,ok,8192.644543945789,8192.644543945789,60000,a6dff347cc4e2c49ccacd365b50a365a6fabbfadf92d2cdfddeb9d790e3bbb17,1,0,0,0,d7fda33a0be83129cf31f7e6de13975727025bcfa297d5ae5380bbe0ace2c97e
JOB,25c,./workloads/query_job/25c.sql,top5,0,ok,9243.108987808228,9243.108987808228,60000,67a630b3c65d3bcaa414c0e78677ad348267d0f04c2fa18b570f5906a0599ac5,1,0,0,0,f262e37c8a0c6214460daabc960edf4c1b7442401dae81811d71cb3ae269cd63
JOB,26a,./workloads/query_job/26a.sql,top5,0,ok,5842.757254838943,5842.757254838943,60000,2c7cebb1807f0b225f4f97c680278aa0ec35039ff7dbf43518e7a09bd026684a,1,0,0,0,963fee48a92fc82e1864d77803758d804705c59eae68873dcb17297449d0d82f
JOB,26b,./workloads/query_job/26b.sql,top5,0,timeout,60008.427441120148,1265.311539173126,60000,,,0,0,0,478af676574db28d3da7a4cdd33a36fcc14ff820fc31ccc8a0662c860e05c744
JOB,26c,./workloads/query_job/26c.sql,top5,0,ok,5924.441419541836,5924.441419541836,60000,028fa66983476fd11ebe0fc3fe75f01f243fb077ff18202487babf6b5905aae1,1,0,0,0,e5e9963b2e97c5a5266a24f938a5a7bfc1d79c5d395bc7d3b3f8649723cc7245
JOB,27a,./workloads/query_job/27a.sql,top5,0,ok,504.803135991096,504.803135991096,60000,17da2f55cbda32682db3bc710c4a0f0048b6fb05111deffe244b8be90c1e4968,1,0,0,0,42f69d17177949541e741c8b5d038b923474ab738accac6b65ff52f39d42b158
JOB,27b,./workloads/query_job/27b.sql,top5,0,ok,1179.428711533546,1179.428711533546,60000,4eb4e5bb88d274fb571daa3d9537d134ac91e3971795bedfe21b63973b8a983c,1,0,0,0,a3b9040adf3cf526475be926be185264da17f6b09cc8b010677661c51441f6d8
JOB,27c,./workloads/query_job/27c.sql,top5,0,ok,513.467758893967,513.467758893967,60000,17da2f55cbda32682db3bc710c4a0f0048b6fb05111deffe244b8be90c1e4968,1,0,0,0,0abf4aaa1653f3f0a08a61ff1270eca9b6e581873ece5e76a786088713ea0cba
JOB,28a,./workloads/query_job/28a.sql,top5,0,ok,1121.991068124771,1121.991068124771,60000,9bbfa4b43836dbcd01ed830b9188456a9d9309e4cc0ef0948c1f6ff8b2c0e39c,1,0,0,0,a43f9e31038a02c678db4e683330cdcdb5ce5db4b8876b0c8d97c7912919c00f
JOB,28b,./workloads/query_job/28b.sql,top5,0,ok,709.741510450840,709.741510450840,60000,1504c5fe4b85e0649828523441b52c0f8b7c17598529646d3d732ab63db821f5,1,0,0,0,0d95080d439a7b8c13451c7162caec4b589f9ab7ce7f5dd619eccf7aa560687c
JOB,28c,./workloads/query_job/28c.sql,top5,0,ok,1316.986620426178,1316.986620426178,60000,991e8b67081098ca2488bedc79afe1881f2df52affbd0cf95312f4fb04855bd7,1,0,0,0,4d25efe57889c2122f94f6bc1b48b12a1c739fb2ffc89e518f7c97540f7b3520
JOB,29a,./workloads/query_job/29a.sql,top5,0,ok,2264.075569808483,2264.075569808483,60000,6931843f19cb52122ed461369626a4f45f6b0550fbb8e5608f26c0a53fbfa63e,1,0,0,0,9ebf593b4d461b67cea89cf35879a2afbf9181cad4245254cd500a62120b8fd3
JOB,29b,./workloads/query_job/29b.sql,top5,0,ok,2194.268383085728,2194.268383085728,60000,6931843f19cb52122ed461369626a4f45f6b0550fbb8e5608f26c0a53fbfa63e,1,0,0,0,d42b255650b868afa3728ac7cb9972b2afc0681b39de7731a69d785e60afd049
JOB,29c,./workloads/query_job/29c.sql,top5,0,ok,9744.811795651913,9744.811795651913,60000,77d7c0fd6a7f7c2de253fe8fc44b2b6ae848c0c1e246c513425c8f83965bf0b0,1,0,0,0,7ce9e5cf005062aac0d89e20a77843bc557dfce4f2dedb121870d5ee42d114c7
JOB,2a,./workloads/query_job/2a.sql,top5,0,ok,710.108458995819,710.108458995819,60000,fc90f3c2c15c5abce95811297c6b9a8ee98e4e03347ce9e79c8ce8e6b57b03a0,1,0,0,0,030c32bdca6be59679987003c3dc9af4ca54218817eb4d1226361f312155c9be
JOB,2b,./workloads/query_job/2b.sql,top5,0,ok,683.895155787468,683.895155787468,60000,fc90f3c2c15c5abce95811297c6b9a8ee98e4e03347ce9e79c8ce8e6b57b03a0,1,0,0,0,6a656b09384fcc02f8159ef17466395c3519a7bb2394e777db5a5a30182aa19d
JOB,2c,./workloads/query_job/2c.sql,top5,0,ok,681.469589471817,681.469589471817,60000,4f78f1a55542d807d5eaabd4ee2244ee9ba0258958f7de1c1ef4598cd5b46ab1,1,0,0,0,3c3a2b99c314960966253981ad5109372be3a7498b7be9c24845e8a1cef01648
JOB,2d,./workloads/query_job/2d.sql,top5,0,ok,689.637005329132,689.637005329132,60000,d55d5656333bd757f053124d39c4d7de4605203e41f67c025f0cc73ff2c7b9bb,1,0,0,0,e7bc2d6bb329d62eae0fba95c0dbfca334846a7ebdcf0b2d7af74c08ca6b164a
JOB,30a,./workloads/query_job/30a.sql,top5,0,ok,8366.430118680000,8366.430118680000,60000,75f27277da0bf405cd685f3341baca046a6788152a4b13a72ad743837698d0b5,1,0,0,0,4ad560b0ffea43683c9d9bebbae7bc49f6f2f396792a50e57201b11533124cff
JOB,30b,./workloads/query_job/30b.sql,top5,0,ok,8943.706296384335,8943.706296384335,60000,9debd188f6a0b8138ba60e6d549daaba2133a2011cbd29d42025eebe31205230,1,0,0,0,92d5946d86f6a115897b31170efb1a47cdcd871d5433af9f1ce0de80a8776a47
JOB,30c,./workloads/query_job/30c.sql,top5,0,ok,9345.142476260662,9345.142476260662,60000,9def3478d3162492b92bb76237115759aec29176d767191b8cd5def2da2391c9,1,0,0,0,11f72de119cf4c4c6419b042d568493b86a529d71a6d20ea15979a1ab3f42410
JOB,31a,./workloads/query_job/31a.sql,top5,0,ok,8701.096244156361,8701.096244156361,60000,27264682db1c692f629cbc378c2d1c85c8c6d056671bebcf765b2be4f122e770,1,0,0,0,7bd297ec1152f00886242aaa39abbf2048a51f3b92ee416b4e77632489523c10
JOB,31b,./workloads/query_job/31b.sql,top5,0,ok,5457.602962851524,5457.602962851524,60000,17bebc2b6a6ef3426f94300ca4385edad88ebd34fac62fd56a0fc58c24e5b98e,1,0,0,0,1dd92866e208da07d81a4602629c745505d401e038ca97d94ffce6685f05b91e
JOB,31c,./workloads/query_job/31c.sql,top5,0,ok,5785.675555467606,5785.675555467606,60000,09c5cf7e96fa8a299de4f7088731cf8e370fa7af16a3438017bcf08c6d8905ae,1,0,0,0,9956bebffcacedf56657a0b3b00b0469bcc9b83101403a589727210da3f73327
JOB,32a,./workloads/query_job/32a.sql,top5,0,ok,38.895569741726,38.895569741726,60000,38cf683886cf6fdc55596ffbf14756cbedd54a4091ef744fb773fc7f37ce3139,1,0,0,0,49ebeb4621041e2f1372cabf9e90dfba12600234f458adf1a8cc89ceeada0cd5
JOB,32b,./workloads/query_job/32b.sql,top5,0,ok,324.519954621792,324.519954621792,60000,136f26a2ebb961337e13a1b2c25ce51ab44ee67277b807b22bcb2f94ab99343c,1,0,0,0,42fa8749fc47c49e3337d45997b3be7ff937dea5096196753ffdf25b3cf98e45
JOB,33a,./workloads/query_job/33a.sql,top5,0,ok,337.449491024017,337.449491024017,60000,0be421d7b97248226c3a33bad501b9e85187231d54df0c0f0c9791d8b2286ad9,1,0,0,0,b6cba21a519a23d3bdf5d31169f4e617a14746ed5e86b07e24e3fe155e101d9c
JOB,33b,./workloads/query_job/33b.sql,top5,0,ok,319.764904677868,319.764904677868,60000,735a1be7f41a7bbb115cbeefc5bfe74994300c66a9ed18e92575e0a5028550ab,1,0,0,0,23e28f1477a607c592ef307eff5ca4186109182d1ce56b39106e20d4e42510b1
JOB,33c,./workloads/query_job/33c.sql,top5,0,ok,234.696611762047,234.696611762047,60000,68464506f3c0aa8fd4c37209daa0d0c9c8f54c57dca6a9b2860add78f906185b,1,0,0,0,123c12bf5ae8c49376daddb03c5528475145c1948f8ed96939f203bff3b0d450
JOB,3a,./workloads/query_job/3a.sql,top5,0,ok,764.173150062561,764.173150062561,60000,4446b454452e8db43636d58c5e3a7f9041b179149913a47dfd28d049a31e3f4d,1,0,0,0,00a2e4b363df674986cb7dae93b3182577f5c4da41eb5a34c06cc0193d61e0fa
JOB,3b,./workloads/query_job/3b.sql,top5,0,ok,1918.093129992485,1918.093129992485,60000,f09c4919f4c92a95515be773a486d51c5e5ccd19e0f5087b7c0f0ab64cd137cf,1,0,0,0,ada0a630b22132b3fac597e77d095e9d60389773016943b6c7e21c9c0a880e14
JOB,3c,./workloads/query_job/3c.sql,top5,0,ok,376.399919390678,376.399919390678,60000,78dc828b7194ccb46ee35f89eb2f2152e11378ef17a14837d364bb6f73cc0769,1,0,0,0,f2b532761e48a0a98739705205173bcd66e65917a094ebacf669f7cd095c1191
JOB,4a,./workloads/query_job/4a.sql,top5,0,ok,159.220226109028,159.220226109028,60000,748155aaa114d016eb288dab57d2b91f8907ee5678c3789b9df355aec3a5f474,1,0,0,0,1eff58967dea4207482488d17b27311fe1bd6a012a949ef47cddab0c0b67c435
JOB,4b,./workloads/query_job/4b.sql,top5,0,ok,149.578943848610,149.578943848610,60000,c2e5045abfc8ecfbd0b40e2ecf04f734592cd5b76e223f977e6c366b9f571679,1,0,0,0,9adc9a21fd8fcdeadf56e41cc5169c7ddf1345154c5a999a91c26109590df7a7
JOB,4c,./workloads/query_job/4c.sql,top5,0,ok,184.421330690384,184.421330690384,60000,5c9364f684db0004720ec4e9642a958681b071ff992dadc090178e95cc52235a,1,0,0,0,816f0f103fb01d07dd74c30ef314410626e7499169d3de13a0d888ca4878d3e3
JOB,5a,./workloads/query_job/5a.sql,top5,0,ok,1487.739220261574,1487.739220261574,60000,4f78f1a55542d807d5eaabd4ee2244ee9ba0258958f7de1c1ef4598cd5b46ab1,1,0,0,0,d08409c9ef37a4aeb8d89b650f1f2501d461115e715a4275d9399e6ca81df951
JOB,5b,./workloads/query_job/5b.sql,top5,0,ok,442.270137369633,442.270137369633,60000,4f78f1a55542d807d5eaabd4ee2244ee9ba0258958f7de1c1ef4598cd5b46ab1,1,0,0,0,abaa9d5d1a15bd66ecab48c05e16d12dd654a68195cbd0590e6364fbce8453f1
JOB,5c,./workloads/query_job/5c.sql,top5,0,ok,289.117082953453,289.117082953453,60000,c63c0f430af977fe1bf0c51442b833d536b07965c22254d5a737a187719cc641,1,0,0,0,53ae35a9b14d1a2cb7beccacfcf8b038257f5a962833d5943e26a83d5c9cca31
JOB,6a,./workloads/query_job/6a.sql,top5,0,ok,62.958940863609,62.958940863609,60000,2e45680981dcedf844899f966540a92734a6200fc0d8bd8a547ceba0d0cf631f,1,0,0,0,2829c45687fb180f1466198845f0b12c5cb9d3d6ecba79ea440f0d7c95eef34a
JOB,6b,./workloads/query_job/6b.sql,top5,0,ok,1680.833056569099,1680.833056569099,60000,2b959ee9a358222cd3f680b4de1a9c2be8556432140123daad1b20aa89815ab9,1,0,0,0,29aae262ee89f3de30345582e6c3fcc0676e91a5dea9545e2b272da623d1276c
JOB,6c,./workloads/query_job/6c.sql,top5,0,ok,51.742188632488,51.742188632488,60000,eb15d11fcc635c0f71eefa80cad2069e9f06841887450ba39d0be7466e8da9dd,1,0,0,0,1e4c89a487885705c6cf7457c4a2f820cdab1b3b252e4bc398049ecf33a83f7d
JOB,6d,./workloads/query_job/6d.sql,top5,0,ok,4625.062242150307,4625.062242150307,60000,bf8229c3af721fca42ad64803e348b47d39c54dfd46fcbc5d2ef84cd56b31b17,1,0,0,0,79c1158601ed066d8ce7a6a99875b2d6495d097662689e8161ab641cabeca68e
JOB,6e,./workloads/query_job/6e.sql,top5,0,ok,66.395767033100,66.395767033100,60000,2e45680981dcedf844899f966540a92734a6200fc0d8bd8a547ceba0d0cf631f,1,0,0,0,9a776031a1839af363d6a644e4b8561b9616dd65a3f09058e351c6e4313cbf33
JOB,6f,./workloads/query_job/6f.sql,top5,0,ok,4573.849819600582,4573.849819600582,60000,ce75c2032883b5ebfbc1826c33aee0cbee3a05005e8a664ad50142f57e258055,1,0,0,0,dc634068f3fec86d08f3ae49aa8784db84e1bb17469c262d7c956eacc58af97a
JOB,7a,./workloads/query_job/7a.sql,top5,0,ok,5110.701277852058,5110.701277852058,60000,4c15deaf8c868c357c511a9b1b16153f35d0a6d69bf0cb9d733dd8855dca6cb3,1,0,0,0,6c95f1e7e867b9798cbb3970f200987184920e49490bfc76b1ee4511074f1a39
JOB,7b,./workloads/query_job/7b.sql,top5,0,ok,6121.315188705921,6121.315188705921,60000,9d6ae68bd583de41667a4cae160a3da2b5ea5d39fe8dcce1e8fd3d20a5278abe,1,0,0,0,adc96b5e251e1364500af69713d9020e9d94387e9c56d4c4ef71f8f694970f12
JOB,7c,./workloads/query_job/7c.sql,top5,0,ok,7908.239148557186,7908.239148557186,60000,7cdabf89c2c21f17ae631979c9e8405f2f72c7561fa51440c4ebafa4ab13790d,1,0,0,0,3e36c98bc4685ab3d25affc31b768b9ef87b1f3ea9d313ca3134a6ea8c435ef6
JOB,8a,./workloads/query_job/8a.sql,top5,0,ok,4595.319174230099,4595.319174230099,60000,83ca1ebec91355240bb85797c81f9f6b8a96392c57707c100978708f49ae71e9,1,0,0,0,d4c4ab56dbf010015d47d8f7cfcf52356c86b932199d9caf5f481dd3b7ce7709
JOB,8b,./workloads/query_job/8b.sql,top5,0,ok,5238.503903150558,5238.503903150558,60000,e5b0fc3c68184c62fd7ca88151a039904e2fc3708d4c2773297d07ecda52eef1,1,0,0,0,f1fc8324ba5c44f45be4fcc1392a071f0992087acd09bd135806cbde593ba546
JOB,8c,./workloads/query_job/8c.sql,top5,0,ok,21994.727611541748,21994.727611541748,60000,ca648dbd161cd660e79b73f4d2feac37247f699997bfceb70abcc975adab600b,1,0,0,0,174e817db3504a10f19e8a69ae8b96e1c996c7ff7807fc8138d45bfa9d05ecf3
JOB,8d,./workloads/query_job/8d.sql,top5,0,ok,17466.412469744682,17466.412469744682,60000,42e9d5875e298e1e96988f68f4ea5385d847af85ed0e315fb1c559c113c45301,1,0,0,0,98d9a456243a9998ae36fa696f811147d1b77f0f214230d5dbd9344f2d5ac767
JOB,9a,./workloads/query_job/9a.sql,top5,0,ok,7727.592803537846,7727.592803537846,60000,886c7581cf3aa969ef759925c2f5ff04f028206a5c5d8bf1705580bbaac34c47,1,0,0,0,51f883e7d25c34343ee3de4c777a915e4bf290ea67f7b4969b5d29a59a9617f9
JOB,9b,./workloads/query_job/9b.sql,top5,0,ok,6660.172507166862,6660.172507166862,60000,8078dd223231eda190e9f3cf026f80ab7e46a368b87b14254a00ad3dcf6f4f90,1,0,0,0,5848b24d8fa6e5b78b6129171097abb10163e93bae74944f69a0247f9d57ee71
JOB,9c,./workloads/query_job/9c.sql,top5,0,ok,7444.124527275562,7444.124527275562,60000,557da082f2ed4caf79da00c7414e7dd21a43ea04df959539305598466791daec,1,0,0,0,253b2ed1396b766288068797d2b301fe6af94af93f56b264519f752b2c6918cd
JOB,9d,./workloads/query_job/9d.sql,top5,0,ok,10985.611841082573,10985.611841082573,60000,0e289ef9aab62d7cdc6d31fb6a14d705898bc5aae64eda813c4c66eea1574c1a,1,0,0,0,88db81c685c3d207c5b59190607207791a81e8a1bb6c7cae026b893ea133421e
STACK,q11_0ea8bacd,./workloads/query_stack/q11_0ea8bacd.sql,aja_conservative,0,ok,216.935977339745,216.935977339745,60000,e349f2f2474df8d4f2d41b1fc06430a33d5c22c90af8234d1126eae004afa1f8,1,0,0,0,71ef657180f1fc68107b342f82735d2c2d12f20cc3b4c625116bae47b2a394fb
STACK,q11_33e1caf2,./workloads/query_stack/q11_33e1caf2.sql,aja_conservative,0,ok,101.480230689049,101.480230689049,60000,3b026bf77cd8c853ad726e848876fa9b9d14b214e0fdb060795e5de209531439,1,0,0,0,4af4a68143b68f55d15ea0b6c120786c3939b275140fbcf36c61abb44d39564d
STACK,q11_6c5cba41,./workloads/query_stack/q11_6c5cba41.sql,aja_conservative,0,ok,212.971307337284,212.971307337284,60000,9ee7ec0e2d68030c0bea45ce77084e1189b45131e00caed35c89c85b8c97506b,1,0,0,0,ba6762fb5c3a3a2189831af8fb685663375fc0cf6c9661fd2a6a8c172f8a36ff
STACK,q11_87c4bd09,./workloads/query_stack/q11_87c4bd09.sql,aja_conservative,0,ok,719.839453697205,719.839453697205,60000,0adac76689f76028d5867469b355dcd74d4fa3a6e2559fbe6b8230f79b0e54ab,1,0,0,0,0a80064a3be507489609b4513072f16585058b906b6576bc69d81dd8a34dc9b0
STACK,q11_9389f588,./workloads/query_stack/q11_9389f588.sql,aja_conservative,0,ok,70.216760039330,70.216760039330,60000,e8807f4432a7632fddcc1e5456323b9a012fd4239fe6350e77c649c813f56d17,1,0,0,0,e2450a79befbc358afec8a0a5bf40ec1e5cad24cd38365afb18fa2921558884f
STACK,q11_aa96c8d7,./workloads/query_stack/q11_aa96c8d7.sql,aja_conservative,0,ok,67.576169967651,67.576169967651,60000,70ae26643f4cb8280cc3f8568d58c9dcaae9ff78c7eb39886df79116206a91ef,1,0,0,0,fd758184e4190090d161e6128da6efc8f01fc64c5d104a9f97f52aa779c4ff92
STACK,q11_c1ae2a99,./workloads/query_stack/q11_c1ae2a99.sql,aja_conservative,0,ok,3530.874915421009,3530.874915421009,60000,bb8e782f5dc25a16c10ffe18833283f7370c51fc216d687eb544549b48b557ee,1,0,0,0,9c560290e0c71b60e8b4c36ccf45eb2d6f0909872e971640abb4da05a06361d7
STACK,q11_e4ca3559,./workloads/query_stack/q11_e4ca3559.sql,aja_conservative,0,ok,141.131348907948,141.131348907948,60000,ab3e2686f1f4fa73ecc53675c92aebd79c076e9ba20aacfba85c80ca50fd9f81,1,0,0,0,8e8a69dd90536ad9bca651283b3fc312761d2a98be7754817ae49d725b794c5f
STACK,q12_06c8d688,./workloads/query_stack/q12_06c8d688.sql,aja_conservative,0,ok,148.977123200893,148.977123200893,60000,7cbf5c7670ad4b36ecdc24b3e7d6e0b72f5c221a1ca93a703327ea17f0a33beb,9,0,0,0,d9903b7952492f065be75241542076bc6058c3ce6b224f468857402f76908e13
STACK,q12_07007205,./workloads/query_stack/q12_07007205.sql,aja_conservative,0,ok,301.060430705547,301.060430705547,60000,05bb5f175f4179b1313858f14bd4a26881b1d78c7677e41a72949d750e389322,14,0,0,0,be300eafcf901bf0f2c93c9956f04b54f320dd1afeeb037e845948f2630440bd
STACK,q12_547c6bf1,./workloads/query_stack/q12_547c6bf1.sql,aja_conservative,0,ok,85.505872964859,85.505872964859,60000,9fbfc45e96c49c916707e21ed9289d7920e041e608ff529b37dc531d59ef2cbf,3,0,0,0,047ea4b7549ad4d62235830bb02eb2797b60dc8b4ec3743f905fd4a3b91c44f1
STACK,q12_55de941e,./workloads/query_stack/q12_55de941e.sql,aja_conservative,0,ok,1378.734618425369,1378.734618425369,60000,ed936f160a5bbf03b84f27326c40026d39192e8573f0bddfac6d48db21462eca,9,0,0,0,0c155ecd7ca22272bd50365a4b383da4bb8963ba824214024e992bbefcd93766
STACK,q12_5a5ff9bd,./workloads/query_stack/q12_5a5ff9bd.sql,aja_conservative,0,ok,168.685950338840,168.685950338840,60000,1a51bed290669655d6e645dbe3fa43bc3948d0b44ce6eaf21817db2c0f56de80,11,0,0,0,cb978aa3be3031d2e75d4d34612586c8e9c9339cb3a6fbc39e5a8ce742dce294
STACK,q12_76a47868,./workloads/query_stack/q12_76a47868.sql,aja_conservative,0,ok,738.344386219978,738.344386219978,60000,76e0efdb7c612efc084cab472853036e7af7c3f44b6fa0ac900f855a4d23837f,11,0,0,0,1dd5bdac810a5116c72c7926dc254b19808837e2927401f87ed03814fe7c29de
STACK,q12_812a3eff,./workloads/query_stack/q12_812a3eff.sql,aja_conservative,0,ok,1095.081537961960,1095.081537961960,60000,d93d1c79cf73c78e79235ced2f92a14c120c18f4d839484bc6189f32792cf33e,12,0,0,0,2c07a39133217766f3e45dad4aa8f990cf4ed43f71839f796517e955138333f0
STACK,q12_bde6c0cf,./workloads/query_stack/q12_bde6c0cf.sql,aja_conservative,0,ok,101.685971021652,101.685971021652,60000,ed94496358940d6dcbd7d3fae6008a1bf59cf8a927d60aff7f4d025b2078c569,2,0,0,0,7da091ccf368bdfcb62382e6b98e8f6a16d9fdf5f9aa7220a9bfb5e9816f9514
STACK,q13_13ad1b8c,./workloads/query_stack/q13_13ad1b8c.sql,aja_conservative,0,ok,756.884254515171,756.884254515171,60000,c27e557d38a3ef5f28a4686010fdcac1b4188a62c69d9bf8b73de7b6e1e1f667,100,0,0,0,8c7dcd55e91b04bc8a4307f73aaa58044c670a427d9a29bea7816e2ca5f1c7be
STACK,q13_1ddcc865,./workloads/query_stack/q13_1ddcc865.sql,aja_conservative,0,ok,1374.038688838482,1374.038688838482,60000,f04db08ffdd7b2d34c537b80c529d5ee4655c478bf55b6b443cda2c29fe8c485,100,0,0,0,61f21285f3bec0a9e373a617924b6decb99f77f69821f006523e397efb7ed334
STACK,q13_935e2051,./workloads/query_stack/q13_935e2051.sql,aja_conservative,0,ok,4729.910753667355,4729.910753667355,60000,4ca247db468282a1e541674fb553867c90f79d180147b80b93fa91cb4cf6b2fa,100,0,0,0,7a81a3280bd64f14cd0eb73094d7db7cf146f379db55bd0f771f0003b3621b8e
STACK,q13_a091adce,./workloads/query_stack/q13_a091adce.sql,aja_conservative,0,ok,375.699959695339,375.699959695339,60000,a08c6a91086a32f0f168696c5193f4df662d2c7e1b5741b9192890614e79cb33,7,0,0,0,f373fb4b4ae894ceb1440f100c3652447ddd5fc029e2ab45a8c03df34492b333
STACK,q13_a3d03772,./workloads/query_stack/q13_a3d03772.sql,aja_conservative,0,ok,1442.241631448269,1442.241631448269,60000,d810a8f52be505eb1db3998aaf5b583b11c7f14faa86a86041dea72c4641a9d3,100,0,0,0,c626d909e9fc84bdcc45feca7b83805b1a26b11768224050cb7349eced1d8094
STACK,q13_add0df9d,./workloads/query_stack/q13_add0df9d.sql,aja_conservative,0,ok,1146.534897387028,1146.534897387028,60000,4daad1f8d536afd5e4a011cf36f5007c65521f947b5b789682c59e292db70bb8,100,0,0,0,19e1744638036d5624b113d24d88ffd419ef36742ed11d3e0b9f9485f1893619
STACK,q13_d383cd5b,./workloads/query_stack/q13_d383cd5b.sql,aja_conservative,0,ok,327.445641160011,327.445641160011,60000,45dde614f4629165c93e3ca3a061d5d3fd50a3814f1e5d35356b3f6c35a2dd47,39,0,0,0,51fb218e80458a3bd0ee73cc0d78447634e43aef6e3fe09121daba1c9cd0a0a9
STACK,q13_d4707be2,./workloads/query_stack/q13_d4707be2.sql,aja_conservative,0,ok,578.205242753029,578.205242753029,60000,9893535665d036e9aff66d0afd386a7ee4323f75c6446f606135ada96f04d69a,5,0,0,0,3f9e3addeb50b4b8f95600b83f0217647ece198829aac5665db11f70e7f096c3
STACK,q14_4063b6cb,./workloads/query_stack/q14_4063b6cb.sql,aja_conservative,0,ok,516.130588948727,516.130588948727,60000,b54c2097d06810c037d8f05a25b377fe885c5f81cf6f1e27b2336ff1675b26f5,1,0,0,0,8c8e8ce55577060912ebcd4b7ad3ca2c5dbbf18523fc282af0562fcc29c3c3dd
STACK,q14_5dbc1d1f,./workloads/query_stack/q14_5dbc1d1f.sql,aja_conservative,0,ok,4000.404015183449,4000.404015183449,60000,bb56c0df8119ed058c77621e5b7f3efa1a6af55aaef384fcac58e729b7d6e853,1,0,0,0,407e301992f2bc067f43ccd5061527c6d1403235d59a311ef2b9bfa49559ebc3
STACK,q14_5e4835cd,./workloads/query_stack/q14_5e4835cd.sql,aja_conservative,0,ok,222.707539796829,222.707539796829,60000,14127c168564cfe475a814f6f226c7b1548e036eee949d874aba3fd90031c613,1,0,0,0,049f69daab629e92bf401edaa4188fb277390c0e13d509095da7abba7a1184a9
STACK,q14_63c0776f,./workloads/query_stack/q14_63c0776f.sql,aja_conservative,0,ok,132.813483476639,132.813483476639,60000,65419f1249c055759a971aeb710eb11b18f9baff0adab7df6bd23e65e14f1aa7,1,0,0,0,2b6598d66511c075c4dc5543d6e334fd6b77b5904171b06722d8960124a7a2f1
STACK,q14_719e692d,./workloads/query_stack/q14_719e692d.sql,aja_conservative,0,ok,624.791294336319,624.791294336319,60000,ebb8d61d10ba762aebef5131b60d91915c71c0138f4d0434ee04e01d1df22f0b,1,0,0,0,5046132d0b57ef9361c96cb559f273cc6cf45bd94f16e9065358d5b2a8cff76b
STACK,q14_74fd1af6,./workloads/query_stack/q14_74fd1af6.sql,aja_conservative,0,ok,5501.148745417595,5501.148745417595,60000,3b761369c29de1fbfbb19afc9da08d6a95e223b27fd34a05ff1d6982d5f19586,1,0,0,0,58c95f211182c1a3674e38be00331603214578e7d8dc51d87471f8ed86f105d5
STACK,q14_97e68ad5,./workloads/query_stack/q14_97e68ad5.sql,aja_conservative,0,ok,6496.790431439877,6496.790431439877,60000,334f2b776c8ce2494d66db9c13d72fa1a6e95ac709970f148a607f2b195eecb1,1,0,0,0,74148ba7bf52c451f48fe1858ca45a00099ab0fc47575aa2919ef98a23438a1a
STACK,q14_b49361f8,./workloads/query_stack/q14_b49361f8.sql,aja_conservative,0,ok,208.632729947567,208.632729947567,60000,969d74d42f62e26fa0db6e5bcfbe73cfd39bd0bee628e1a2b7bac85672da7dc7,1,0,0,0,894f141a6a572dbdbffdebbead50736865bdaa277f7404d3bd33d1554b7b734e
STACK,q15_21e4988a,./workloads/query_stack/q15_21e4988a.sql,aja_conservative,0,ok,207.222998142242,207.222998142242,60000,1660f09370e5a70e78b7f2e19fc4bf363f2543645d9e97ff5ced9c3ae4e4153d,53,0,0,0,35ff29c091b5d7409fc615e79474b457c182f672687a939830b163cd54dd118f
STACK,q15_3e37e626,./workloads/query_stack/q15_3e37e626.sql,aja_conservative,0,ok,307.760871946812,307.760871946812,60000,23394de368e19ac28a4f7d6417b11ebabbe2b953543d04a019e20db4f7330805,43,0,0,0,b7f1dc806c8690848bf9ed12a8e94c91f94cdf6e9190badb22309551ae789464
STACK,q15_543ab3f7,./workloads/query_stack/q15_543ab3f7.sql,aja_conservative,0,ok,281.427890062332,281.427890062332,60000,b5de167d40941317a62ce34f775428763184c054b938b979bdf442f507469adc,5,0,0,0,e5a64a342c5d87f1115e249b616cd5683854bd7677bb52eed19b5b3d271da6dc
STACK,q15_78995a5f,./workloads/query_stack/q15_78995a5f.sql,aja_conservative,0,ok,286.615617573261,286.615617573261,60000,f913fffa52ef6f774243dc5f5c15df98f650c6370cdb7631929071a81a6a6b2c,85,0,0,0,09ed3e33cc31c92ebeeb6d7b6be2259427daa00d4437723bfec8d179d7af53d1
STACK,q15_b2ee2c78,./workloads/query_stack/q15_b2ee2c78.sql,aja_conservative,0,ok,381.042458117008,381.042458117008,60000,4f2a2a4af4cc7c51e656a7011a3af7914868d559c69a1464aa67d54fdb02b16b,80,0,0,0,76bd05d53a46791a9e26c5880d6d02aaa671e71c171199bcf3d31cb37471f346
STACK,q15_b8ddf65b,./workloads/query_stack/q15_b8ddf65b.sql,aja_conservative,0,ok,510.220505297184,510.220505297184,60000,39f37f8d1931b3bdf767e7510dd69509fbf23af1f7654933d0a4d291cbdd4418,0,0,0,0,95391249dbc8285944ecaf3a7e74ceebca7440ed33be9df2029184b87c52e17b
STACK,q15_c9619ad4,./workloads/query_stack/q15_c9619ad4.sql,aja_conservative,0,ok,637.491561472416,637.491561472416,60000,6bd4586b45a0439088c3cc815feb62cfd22926e30b74e207eb611081b13bc629,33,0,0,0,978879cef95443f0ea1e8cfc6cdc198e796dbdcc3d795bc140cf1700f1776c24
STACK,q15_d5546c01,./workloads/query_stack/q15_d5546c01.sql,aja_conservative,0,ok,231.237411499023,231.237411499023,60000,39f37f8d1931b3bdf767e7510dd69509fbf23af1f7654933d0a4d291cbdd4418,0,0,0,0,e1f557d8f062571e7f5a5cda236a9f5b87ee88180886b6a80b13e4b392b128e5
STACK,q16_1e863562,./workloads/query_stack/q16_1e863562.sql,aja_conservative,0,ok,6110.382296144962,6110.382296144962,60000,d1e57e7b71a37991f5cbf6c0748694fc9ed5016441100b48bbd5f218abc2a3af,1,0,0,0,417dab526f2218f66b7c517833ab97e74cebabb435fdf8e727b655f5675115e7
STACK,q16_374e3e4c,./workloads/query_stack/q16_374e3e4c.sql,aja_conservative,0,ok,8877.071164548397,8877.071164548397,60000,54d4efd1b9fad2e2bea57e5b911106d37dfd248550e48caf6e5a16921c5cc884,1,0,0,0,562ca92f478b504cff8eaa399113a384e40243e93d170417062622a2d3107ee8
STACK,q16_b1a96cd4,./workloads/query_stack/q16_b1a96cd4.sql,aja_conservative,0,ok,1021.796278655529,1021.796278655529,60000,41b58143a8eeb8fdec2ac943a75e5dce841e5f91f0195101e60066219d775f05,1,0,0,0,7de01389cc5f7b8c78743ce0d56afc40d800c09d66d83f070c66fbf1696c703d
STACK,q16_d5290889,./workloads/query_stack/q16_d5290889.sql,aja_conservative,0,ok,230.877935886383,230.877935886383,60000,6df0e219ac573723d552586b66c486c20731ea236011d7d2c4401ec2789e452e,1,0,0,0,b552f8407c20d42acd6bf1d1580f85f874815122cbed35e69f8724d499b3be5b
STACK,q16_ea9efde5,./workloads/query_stack/q16_ea9efde5.sql,aja_conservative,0,ok,538.074880838394,538.074880838394,60000,ad066d12fc4fb54c3407e8d8ade387dbe9db61ad779fbaf8596895c87b6d15aa,1,0,0,0,daa8f98310311533539af79ca51ea37e54f3fef769b208f3714c087786327cf6
STACK,q16_ed2ffeae,./workloads/query_stack/q16_ed2ffeae.sql,aja_conservative,0,ok,2800.552576780319,2800.552576780319,60000,1f5b522694ac21e12061ac5fe3b435c6d090355aa4909e541e8a2c0f591f9efe,1,0,0,0,fd6b8a6f11798ad0d845e3dd143e4c564e24229caca985485531e9eb6883917b
STACK,q16_f67cec3d,./workloads/query_stack/q16_f67cec3d.sql,aja_conservative,0,ok,261.978931725025,261.978931725025,60000,fa879e4fc50b8c9696eb4dbd6a0b301941889f11c3953bede1a1f9308c6c8618,1,0,0,0,ca339decc59a1ebe3a6fa15d5e83420ca8d9e5a293d781075dc6574aa4afd8ce
STACK,q16_fbe34e8f,./workloads/query_stack/q16_fbe34e8f.sql,aja_conservative,0,ok,6045.729957520962,6045.729957520962,60000,7202cb33d764a70a4db92f7ee198c34db2e7d59491dc31cc3c655d406dc29487,1,0,0,0,2e3634f838ee57b7871fe070a52294a4f4aa4050f8c3d4448ad8f7ca125520b7
STACK,q1_q1-009,./workloads/query_stack/q1_q1-009.sql,aja_conservative,0,ok,20.903885364532,20.903885364532,60000,c17f9563e35b1d3affbba9d589f0939444dd322b179133e04b468e4c071e85cb,1,0,0,0,035dad22bb0b080c2586419a6b3cb3219f043845d8b5b166626708ff636395d1
STACK,q1_q1-031,./workloads/query_stack/q1_q1-031.sql,aja_conservative,0,ok,18.785685300827,18.785685300827,60000,c6851781f092f229ce385161d54d84a1934580365f9dbd03ce28cad1d40a1d73,1,0,0,0,5f6a3b03b275e4d96e0cd8976bfb770edec8dc9773e8191749d5a60c819983f9
STACK,q1_q1-035,./workloads/query_stack/q1_q1-035.sql,aja_conservative,0,ok,20.032308995724,20.032308995724,60000,4c0f0a0bbb0c6e05c315b00e38442781160c6fb878b398b0d3c96fc9c63bf954,1,0,0,0,f0b3e5a09d3c7b482104648416e1ce3d099883f81fc1bad6a2b8c6e0e72be3f3
STACK,q1_q1-067,./workloads/query_stack/q1_q1-067.sql,aja_conservative,0,ok,100.147575139999,100.147575139999,60000,efd47e404577282b5d30f83a721f02a9e869b9fcd7d91266a565314a53d0814f,1,0,0,0,f26b81587d86d52d002410e1cc653671cbc8f42a0ceea9c3cb80840081bd137d
STACK,q1_q1-075,./workloads/query_stack/q1_q1-075.sql,aja_conservative,0,ok,134.206600487232,134.206600487232,60000,806ab1e6dc9ec99abde1ddb9090f84d77cca8c86224442c3ccbc840127773c20,1,0,0,0,2adcc1d3c5091afedb929a92ab02a9e84e120e89621ac2767382355788d133a0
STACK,q1_q1-098,./workloads/query_stack/q1_q1-098.sql,aja_conservative,0,ok,4357.111908495426,4357.111908495426,60000,4095cbc1ecc697ca9f9646c193a5682ada5316dba77f81108b62ba3cb1a82ab6,1,0,0,0,e955fe5bc77591d17dd1b12456ef911edc0ff431bc980bf3aa5a1349d5c95abd
STACK,q1_q1-099,./workloads/query_stack/q1_q1-099.sql,aja_conservative,0,ok,3466.452494263649,3466.452494263649,60000,43cad99fe214168bad67fa959cc8fb22a625668be9c526dcb4cda29c3f5f08c3,1,0,0,0,d8a7352d22e71da25adf50a8d0ba45d3b6ed1217ae9e3017da2198918fdf87b6
STACK,q1_q1-100,./workloads/query_stack/q1_q1-100.sql,aja_conservative,0,ok,3909.294329583645,3909.294329583645,60000,30d34f6a188fd1b13047dc951deb7bfb9a74d8113d5f305ae8170f782b81c64f,1,0,0,0,6c886b88ed54bfa3bff8d1e0915109b815eb9df17cfc1468da8d1d9911db9fbd
STACK,q2_q2-001,./workloads/query_stack/q2_q2-001.sql,aja_conservative,0,ok,19098.651446402073,19098.651446402073,60000,c2a22d1cadee1419b10b6b0e89c3a6305e0a2763bbeb6505ce8afa140290b844,8,0,0,0,c7238bf980fb1c88b4f490c02fe302457c8cecfdeefdbdfdb4cc98898bec8e55
STACK,q2_q2-012,./workloads/query_stack/q2_q2-012.sql,aja_conservative,0,ok,12337.139695882797,12337.139695882797,60000,0c72a996aff17d5cf2385808714691e03eeae078feb603727bd285ed83162d82,42,0,0,0,3bae0e427e9c846ab2cfe2174eb60010487acf2048679e01c3db1fb1faa9bee4
STACK,q2_q2-032,./workloads/query_stack/q2_q2-032.sql,aja_conservative,0,ok,2062.254145741463,2062.254145741463,60000,216acde5b813524d45ac581fa2f7d38ac46b42e538ec967f54400b57065d6c7d,64,0,0,0,abd81c0a39cf0ef255235331f3283d6ff57df6d8267450c092960807afc01f1c
STACK,q2_q2-035,./workloads/query_stack/q2_q2-035.sql,aja_conservative,0,ok,3082.244105637074,3082.244105637074,60000,7dde5286d3a49e885c56ee37d42b39b5355f4bfe86288386030d4a14652eff42,260,0,0,0,241a9150897cdc875bd3b7eadabbddb8c72eda4da7f3280c6d93081a40a9eca6
STACK,q2_q2-050,./workloads/query_stack/q2_q2-050.sql,aja_conservative,0,ok,1107.188761234283,1107.188761234283,60000,1e27f384fa81958d1078acb4bc8cbe0ad028ba630444fbf5b11bc7b9a721c652,5,0,0,0,c19d0f297c367f01bb6a499f2d97f67621b552367fc677112f4c794eb25f3344
STACK,q2_q2-081,./workloads/query_stack/q2_q2-081.sql,aja_conservative,0,ok,13794.017158448696,13794.017158448696,60000,1a7d78a8eb8abd7af47cccb03fcdc9f93bc4eace3114dc327e9797bd85744335,87,0,0,0,9a541ca8c62df6e1dc4694dc47e030b40b84d16755d44e608288e21f44da774a
STACK,q2_q2-094,./workloads/query_stack/q2_q2-094.sql,aja_conservative,0,ok,9662.229523062706,9662.229523062706,60000,d0d8cdab081896241156e9724fb3acb1c9cffd1c34bf78ea9c055b48168fda45,17,0,0,0,373a3baac5e85f9b28abe09c6ca64247d64997480e345a175f2722b4c6eb0935
STACK,q2_q2-098,./workloads/query_stack/q2_q2-098.sql,aja_conservative,0,ok,21538.460969924927,21538.460969924927,60000,296776255fa5947d731d01e34f4d9e5afc8f65b116b688516e1b4283bd45f000,96,0,0,0,e7bcf3d0354c8dc736160493b34465c459284c5c70e6f5d99f652da91a159ecf
STACK,q3_q3-018,./workloads/query_stack/q3_q3-018.sql,aja_conservative,0,ok,1033.719941973686,1033.719941973686,60000,ce8ae4a1c41bb6ace1751e8b691713500edc7b921b9a42bfde4909ad43ad647a,1,0,0,0,e888d4fd0ba5eaf82ebb371d82728ad85e906c33510bebf0fdfc4f78c60dc5e6
STACK,q3_q3-040,./workloads/query_stack/q3_q3-040.sql,aja_conservative,0,ok,5275.027640163898,5275.027640163898,60000,7339417584b8a11219c126574a9eb259201d823711355fede0b243967980ea5c,1,0,0,0,647371041f6473cc0af112d4cc60ec4cfb23c9a359cbf92665bcdd982a984df9
STACK,q3_q3-043,./workloads/query_stack/q3_q3-043.sql,aja_conservative,0,ok,1296.227902173996,1296.227902173996,60000,4c0f0a0bbb0c6e05c315b00e38442781160c6fb878b398b0d3c96fc9c63bf954,1,0,0,0,6cf9877d906dadd79249138af57b340ac73c22cc09e3eaf668b83f928323545d
STACK,q3_q3-046,./workloads/query_stack/q3_q3-046.sql,aja_conservative,0,ok,617.226250469685,617.226250469685,60000,64043c6a0d07cdab8939a506f1a097454642c5f07efa20f7d4c6ef417b0776a6,1,0,0,0,26d39aae1e2757bc5dbc5651d33d38160bfeb073a50e3faeec18fdc939e1d279
STACK,q3_q3-066,./workloads/query_stack/q3_q3-066.sql,aja_conservative,0,ok,2845.454394817352,2845.454394817352,60000,8e1e8f5d1a4199b0ebf310296b9f7f61e32ae978687b0c87cb3da769ebd6e5f3,1,0,0,0,87afa098ac111680b918d32d2b8e7c7802bbbf622a71be9af90a238f85c51402
STACK,q3_q3-068,./workloads/query_stack/q3_q3-068.sql,aja_conservative,0,ok,968.632139265537,968.632139265537,60000,15ad17c1ee3ad2b2e90a786f175ae3444bf0014bf70e31f1019f72ed9a18b52a,1,0,0,0,b524ff5c5bd99a640c4a7ee35f5b90a3a4ab4547a829d86a14383bde00b2c8bb
STACK,q3_q3-086,./workloads/query_stack/q3_q3-086.sql,aja_conservative,0,ok,1120.347537100315,1120.347537100315,60000,7471f50a1908d54777534ac7b79962c5e0fbacd1732b5c22e4ba066329f8a78e,1,0,0,0,8d98686920f41ff11ab17a3ae47e9080c4d57212b630ef9311a4bb62dfd0dcf5
STACK,q3_q3-099,./workloads/query_stack/q3_q3-099.sql,aja_conservative,0,ok,5253.384336829185,5253.384336829185,60000,fa879e4fc50b8c9696eb4dbd6a0b301941889f11c3953bede1a1f9308c6c8618,1,0,0,0,49a85f897ca899990e06547ce140f919ab1b1f6c67b077b9127f4ac64764f7ff
STACK,q4_q4-002,./workloads/query_stack/q4_q4-002.sql,aja_conservative,0,ok,140.359804034233,140.359804034233,60000,8d9224427d50897f4028dc9ce9334831ba3edb2057fb9035641159bd97fd4b36,1,0,0,0,eee78d9e1d55a787db8ba2b822d3e113e2c8a2f804ea572c6c181f355567b357
STACK,q4_q4-026,./workloads/query_stack/q4_q4-026.sql,aja_conservative,0,ok,103.932388126850,103.932388126850,60000,6bb5579c822808fcb721d8cf11517f9c65d428fb1724a44346b6b50f66a5c12a,1,0,0,0,67673d8150d1ed2c29ba8c70a23bd4ff76a56cbbda7d5dbd61bb566844f0238f
STACK,q4_q4-041,./workloads/query_stack/q4_q4-041.sql,aja_conservative,0,ok,192.571260035038,192.571260035038,60000,8052f9dd5c2ce14bfe8b7a420b7826cf81794f93d4535bf03b3e955ca1d84b77,1,0,0,0,c93befefdd0347dfadc4219c7697717f79e1590e07fdd0ada8855647ff791d9a
STACK,q4_q4-042,./workloads/query_stack/q4_q4-042.sql,aja_conservative,0,ok,91.808885335922,91.808885335922,60000,099f4aa74a0c476baaea1bc1bcc8e97e65f380bd7505b0e3c053b8ff1b3eabfa,1,0,0,0,8b83c16537d1980c46f3b5904125359f5982ef65c63b2d3abb457c4fd6c993dd
STACK,q4_q4-064,./workloads/query_stack/q4_q4-064.sql,aja_conservative,0,ok,92.296823859215,92.296823859215,60000,5bc034fe2d35132d09a20748a3a8eda5057620d1e40f06136eb5805ed1a2d193,1,0,0,0,90e9e00b4e3cbadb4c5e28ea45aa7131b313d562e5e7789ff0ce0de6d0f52b77
STACK,q4_q4-074,./workloads/query_stack/q4_q4-074.sql,aja_conservative,0,ok,179.772451519966,179.772451519966,60000,52364deeccd5ed1ad0488d008c0dbde2320a4be5c9fd243b9a1b6315f8633526,1,0,0,0,e44268709945cccadd1a6bb4de1f85badac0bf92bd864e6938a916bd1af04fd9
STACK,q4_q4-086,./workloads/query_stack/q4_q4-086.sql,aja_conservative,0,ok,137.661963701248,137.661963701248,60000,93034f366ea7f433ff55e70e5063853c27a605a794de24273d665ea1c169aaa5,1,0,0,0,12fcc9965d48a7d65ff60c39abae033fcadf611a0c1b636d6d5674f6f6fc6594
STACK,q4_q4-089,./workloads/query_stack/q4_q4-089.sql,aja_conservative,0,ok,153.959885239601,153.959885239601,60000,73081d2b1e0a4e71a4c298714c8eae13ea81cf0796f5434c40c682bd294aa1b6,1,0,0,0,feea0c4606d5dbc4e282382d101789118fcdd6658350ecba698f54a090081a4a
STACK,q5_q5-015,./workloads/query_stack/q5_q5-015.sql,aja_conservative,0,ok,42.788624763489,42.788624763489,60000,1858f04d363cf5872d24a5f919513b6bbc758306539d1fb71c7d8ae739b7dde3,1,0,0,0,88d1865b7276480f6338e84fa2d66fbac2df31e212bd4ad8e2deb0ebd20a24a1
STACK,q5_q5-032,./workloads/query_stack/q5_q5-032.sql,aja_conservative,0,ok,50.769373774529,50.769373774529,60000,c477fc5cdc9f42cb68ce4b5e84826064e0ef04fbabe63d5ca7f0fc8fb38f76f3,1,0,0,0,2c387bdfd88f2d2f8ce00cc12277d4f3d9e9756f21c24a1f00f47e0e307bd3fc
STACK,q5_q5-041,./workloads/query_stack/q5_q5-041.sql,aja_conservative,0,ok,61.181820929050,61.181820929050,60000,cf96deac7d2faa6a3af89cedc636bf721427ff716ea6eb7050927ac3c0e0802a,1,0,0,0,56c3d8a0543c4faf13c255fa8a7b56d5d86f3c6ba55efb76c5ad103b536b108d
STACK,q5_q5-052,./workloads/query_stack/q5_q5-052.sql,aja_conservative,0,ok,42.849779129028,42.849779129028,60000,c6851781f092f229ce385161d54d84a1934580365f9dbd03ce28cad1d40a1d73,1,0,0,0,ded0e2e268e02dd7e9b8d893d8a55c9553e3b81571350e6249e578a586bb5422
STACK,q5_q5-059,./workloads/query_stack/q5_q5-059.sql,aja_conservative,0,ok,61.022251844406,61.022251844406,60000,2bb4771eebb7b47365089a6a19756f2e83053e8323d7cd31fa1b6cfcfa7c9c64,1,0,0,0,196fc7db0cb675f06eed69f3c099deccd38c75e13b89213fc45ced09b82b38e1
STACK,q5_q5-077,./workloads/query_stack/q5_q5-077.sql,aja_conservative,0,ok,39.090655744076,39.090655744076,60000,2bb4771eebb7b47365089a6a19756f2e83053e8323d7cd31fa1b6cfcfa7c9c64,1,0,0,0,368dd844963c44efa74a1fb3645cf7803ec475c9c29ffe41b689bfb89a98832a
STACK,q5_q5-079,./workloads/query_stack/q5_q5-079.sql,aja_conservative,0,ok,101.986445486546,101.986445486546,60000,ad2301e16f8ac0e556a59dd245bfdf55c48548fd352f0cf92a385882c89aebbd,1,0,0,0,d709a0567603baad9ce4194ff9fc90f8867bbd6e662f5abc02d924064c72c6e9
STACK,q5_q5-082,./workloads/query_stack/q5_q5-082.sql,aja_conservative,0,ok,70.082753896713,70.082753896713,60000,64043c6a0d07cdab8939a506f1a097454642c5f07efa20f7d4c6ef417b0776a6,1,0,0,0,1beddda33d8a10cb6265f91ac9f319fcf6244df37b5891c71177d82e0a6a9b15
STACK,q6_q6-002,./workloads/query_stack/q6_q6-002.sql,aja_conservative,0,ok,53.684644401073,53.684644401073,60000,492b793683e8ee0b48e89a3fadeb7893533f8d436ad0e3a7fd5090567858a03d,1,0,0,0,054011fcba45692c2cc9724dbe06b5a840cffb3060b0f4ac2d0356c0eb6655bf
STACK,q6_q6-009,./workloads/query_stack/q6_q6-009.sql,aja_conservative,0,ok,32.747827470303,32.747827470303,60000,2bb4771eebb7b47365089a6a19756f2e83053e8323d7cd31fa1b6cfcfa7c9c64,1,0,0,0,0517d5756c341e461b03f492389230192613bce7706845d302b9d277b33e3ad1
STACK,q6_q6-060,./workloads/query_stack/q6_q6-060.sql,aja_conservative,0,ok,65.466627478600,65.466627478600,60000,9d496b98a2b4127b40592841377adc54986f308f7dee83ae1f1b877c695192c0,1,0,0,0,89c93adab365d94abb223e50419caa2d54434d61c454a008177b4217855ed353
STACK,q6_q6-064,./workloads/query_stack/q6_q6-064.sql,aja_conservative,0,ok,39.240449666977,39.240449666977,60000,e6f0f8d79adc05f93040da91ab04f3d215ad4b06c20176285c0994a20326a1c7,1,0,0,0,b6ecca932478eb69fc444d369d2e6ad65f2a0c1eb06cb2d6eb6ea28372b834d2
STACK,q6_q6-065,./workloads/query_stack/q6_q6-065.sql,aja_conservative,0,ok,43.733336031437,43.733336031437,60000,ad2301e16f8ac0e556a59dd245bfdf55c48548fd352f0cf92a385882c89aebbd,1,0,0,0,d5b4ebff89291fead7e2555f509a9721fb877ca504de19ee0903bbb4debed12c
STACK,q6_q6-067,./workloads/query_stack/q6_q6-067.sql,aja_conservative,0,ok,46.145632863045,46.145632863045,60000,ad2301e16f8ac0e556a59dd245bfdf55c48548fd352f0cf92a385882c89aebbd,1,0,0,0,99f9bd2c1ae0379e129fe2acc5e28dc7b9e081dc9d45f816007f16f9d23654ee
STACK,q6_q6-069,./workloads/query_stack/q6_q6-069.sql,aja_conservative,0,ok,41.405513882637,41.405513882637,60000,ad2301e16f8ac0e556a59dd245bfdf55c48548fd352f0cf92a385882c89aebbd,1,0,0,0,98b461c36a5f25854eb1c33549f727a7310b6cfada54b7a76fa27f30b0937367
STACK,q6_q6-085,./workloads/query_stack/q6_q6-085.sql,aja_conservative,0,ok,36.928579211235,36.928579211235,60000,6bc192e9007268a766125dd12e9147e22327c03dc5f9824ad072a3f886d14f42,1,0,0,0,9d24de5b513cd14eda627f72776c80663cbbacbe684e5c99c3f295a2e86bd4ed
STACK,q7_q7-034,./workloads/query_stack/q7_q7-034.sql,aja_conservative,0,ok,5339.138329029083,5339.138329029083,60000,fa879e4fc50b8c9696eb4dbd6a0b301941889f11c3953bede1a1f9308c6c8618,1,0,0,0,f74f055d5cbd7c2c48b82da9ae8a0bbfb9a8de7d84f464abfcc4ab1c220385dd
STACK,q7_q7-036,./workloads/query_stack/q7_q7-036.sql,aja_conservative,0,ok,5000.048831105232,5000.048831105232,60000,fa879e4fc50b8c9696eb4dbd6a0b301941889f11c3953bede1a1f9308c6c8618,1,0,0,0,517c06c26dd9ac21cb45dcb90ff40282de2e98b54ed34c2cff3b4b9b243e2a10
STACK,q7_q7-047,./workloads/query_stack/q7_q7-047.sql,aja_conservative,0,ok,5304.581686854362,5304.581686854362,60000,fa879e4fc50b8c9696eb4dbd6a0b301941889f11c3953bede1a1f9308c6c8618,1,0,0,0,fd44d1c84ef4b9d008cbba00cbc992edfd9ebccc22f9f18bb0b191c2f1bc476c
STACK,q7_q7-077,./workloads/query_stack/q7_q7-077.sql,aja_conservative,0,ok,4900.435924530029,4900.435924530029,60000,91ceb6f253ad07a97c56603d48d7757d57db954f6118e3b861b1b2a27fffc679,1,0,0,0,e2e28948aa152b6694a9c2c0c044fa173e016829f8c410da68c3f234f9f0cf60
STACK,q7_q7-082,./workloads/query_stack/q7_q7-082.sql,aja_conservative,0,ok,4993.007838726044,4993.007838726044,60000,64043c6a0d07cdab8939a506f1a097454642c5f07efa20f7d4c6ef417b0776a6,1,0,0,0,7b083f27137de0ccd390c6d7780b8d3d38f9d1cb24bb2959190d5a7cc5faa050
STACK,q7_q7-085,./workloads/query_stack/q7_q7-085.sql,aja_conservative,0,ok,5070.869743824005,5070.869743824005,60000,6d776eb7da1ae8477f7038ddf562c90e9a7a7070bdd1e4229ad8df4edf82ad33,1,0,0,0,605948404eb464e1ef99a4947fd74f91c9289b006dcddc79908dff0b95cd774e
STACK,q7_q7-095,./workloads/query_stack/q7_q7-095.sql,aja_conservative,0,ok,5407.729923725128,5407.729923725128,60000,6e5557b7569a2d9a71b5f22b1f0b662ac75e91e1a3f70a0e8efb120b7f2df8f8,1,0,0,0,da0ede3bfe3d4134fd472a1229b97dae3ef2373577cb1e285072c145becefed5
STACK,q7_q7-099,./workloads/query_stack/q7_q7-099.sql,aja_conservative,0,ok,5024.014830589294,5024.014830589294,60000,e6097a493b497f00231f62efb8f5a998c223e2cd8bf8f4813d3f9efb2ac1da29,1,0,0,0,7f333dafd9f244559ff80738e8bf1cde2a5b565fd71c8d87529fa699e1483da7
STACK,q8_q8-006,./workloads/query_stack/q8_q8-006.sql,aja_conservative,0,ok,304.848194122314,304.848194122314,60000,fa879e4fc50b8c9696eb4dbd6a0b301941889f11c3953bede1a1f9308c6c8618,1,0,0,0,540bf764aa1dbd70f074f2a403ff34e31d31e401bc5243158211aca2651c7cd5
STACK,q8_q8-025,./workloads/query_stack/q8_q8-025.sql,aja_conservative,0,ok,300.189316272736,300.189316272736,60000,fa879e4fc50b8c9696eb4dbd6a0b301941889f11c3953bede1a1f9308c6c8618,1,0,0,0,0c3ac7ef107cd7b98096bda5438028f5ba8ac038042bade5d38f62fdcc965266
STACK,q8_q8-046,./workloads/query_stack/q8_q8-046.sql,aja_conservative,0,ok,302.776016294956,302.776016294956,60000,fa879e4fc50b8c9696eb4dbd6a0b301941889f11c3953bede1a1f9308c6c8618,1,0,0,0,3dc739193a46aa854f4fbb3dd101a5d30b6eb4dd1d3fc09ca99b6b19d16362d6
STACK,q8_q8-062,./workloads/query_stack/q8_q8-062.sql,aja_conservative,0,ok,304.080456495285,304.080456495285,60000,fa879e4fc50b8c9696eb4dbd6a0b301941889f11c3953bede1a1f9308c6c8618,1,0,0,0,0556e2d6d62f9d76f1f729ab0fe178bfb033e36542fd8e4bd3ab4c2628fe5205
STACK,q8_q8-065,./workloads/query_stack/q8_q8-065.sql,aja_conservative,0,ok,299.219667911530,299.219667911530,60000,fa879e4fc50b8c9696eb4dbd6a0b301941889f11c3953bede1a1f9308c6c8618,1,0,0,0,f14ea6fba6be5170e04386b252725148127f640c38fa1d4ba71ee4301bda4f51
STACK,q8_q8-074,./workloads/query_stack/q8_q8-074.sql,aja_conservative,0,ok,301.155902445316,301.155902445316,60000,fa879e4fc50b8c9696eb4dbd6a0b301941889f11c3953bede1a1f9308c6c8618,1,0,0,0,8b1b76778053b553f9d19168238dfa080e3c073939f14deabec013e2bd52bef7
STACK,q8_q8-076,./workloads/query_stack/q8_q8-076.sql,aja_conservative,0,ok,296.304777264595,296.304777264595,60000,fa879e4fc50b8c9696eb4dbd6a0b301941889f11c3953bede1a1f9308c6c8618,1,0,0,0,9d5dd889c00fafaadd42be28d6d4e1e3f16076d3ea0e51901d0da567417d9aa3
STACK,q8_q8-096,./workloads/query_stack/q8_q8-096.sql,aja_conservative,0,ok,301.814429461956,301.814429461956,60000,fa879e4fc50b8c9696eb4dbd6a0b301941889f11c3953bede1a1f9308c6c8618,1,0,0,0,907708b5b119270555b156cda037db1ff9cd4c16e1bc72422adc835b43b80834
STACK,q11_0ea8bacd,./workloads/query_stack/q11_0ea8bacd.sql,lip_selective,0,ok,205.717243254185,205.717243254185,60000,e349f2f2474df8d4f2d41b1fc06430a33d5c22c90af8234d1126eae004afa1f8,1,0,0,0,c6b026efe1a589e8b147a8aef9928acd53532d39486f50c057166e32018a8237
STACK,q11_33e1caf2,./workloads/query_stack/q11_33e1caf2.sql,lip_selective,0,ok,114.991992712021,114.991992712021,60000,3b026bf77cd8c853ad726e848876fa9b9d14b214e0fdb060795e5de209531439,1,0,0,0,84ad995cfb62b291eae2eb3967d317608a5aa7a27b63a652fcf33bdef6c2e19c
STACK,q11_6c5cba41,./workloads/query_stack/q11_6c5cba41.sql,lip_selective,0,ok,193.669877946377,193.669877946377,60000,9ee7ec0e2d68030c0bea45ce77084e1189b45131e00caed35c89c85b8c97506b,1,0,0,0,2022a750314bd81b74c87926dfca3f87fad9f450dfa35e620eeba61ae5b08134
STACK,q11_87c4bd09,./workloads/query_stack/q11_87c4bd09.sql,lip_selective,0,ok,632.564395666122,632.564395666122,60000,0adac76689f76028d5867469b355dcd74d4fa3a6e2559fbe6b8230f79b0e54ab,1,0,0,0,c52731d45532bbbf725dd88afe7e1c78d22d8623da9355ff06d6de2f00fff25c
STACK,q11_9389f588,./workloads/query_stack/q11_9389f588.sql,lip_selective,0,ok,85.813865065575,85.813865065575,60000,e8807f4432a7632fddcc1e5456323b9a012fd4239fe6350e77c649c813f56d17,1,0,0,0,725db83fb7d6a481948aad06d6dee5f9e9273cbdfe335302544b3352d1a61471
STACK,q11_aa96c8d7,./workloads/query_stack/q11_aa96c8d7.sql,lip_selective,0,ok,86.248047649860,86.248047649860,60000,70ae26643f4cb8280cc3f8568d58c9dcaae9ff78c7eb39886df79116206a91ef,1,0,0,0,bb6d5a3f74d59506ae7f981ef32af389c4c7564e8d50085ef94a0a4e31ebadbf
STACK,q11_c1ae2a99,./workloads/query_stack/q11_c1ae2a99.sql,lip_selective,0,ok,3157.119832932949,3157.119832932949,60000,bb8e782f5dc25a16c10ffe18833283f7370c51fc216d687eb544549b48b557ee,1,0,0,0,fafc5fe0d3d755bf10c4e2f9d1bca065d9fc9f472515844b75c678b1ffb31712
STACK,q11_e4ca3559,./workloads/query_stack/q11_e4ca3559.sql,lip_selective,0,ok,134.157717227936,134.157717227936,60000,ab3e2686f1f4fa73ecc53675c92aebd79c076e9ba20aacfba85c80ca50fd9f81,1,0,0,0,b79183f888f50b10badca0e4bff66c23028b9d12ab09db559c8788d83c34f55d
STACK,q12_06c8d688,./workloads/query_stack/q12_06c8d688.sql,lip_selective,0,ok,141.799546778202,141.799546778202,60000,7cbf5c7670ad4b36ecdc24b3e7d6e0b72f5c221a1ca93a703327ea17f0a33beb,9,0,0,0,3505e76a2e55ffeb3eb052f55a13501db33276cbe93d6799550fa21a93f88d6d
STACK,q12_07007205,./workloads/query_stack/q12_07007205.sql,lip_selective,0,ok,314.701519906521,314.701519906521,60000,05bb5f175f4179b1313858f14bd4a26881b1d78c7677e41a72949d750e389322,14,0,0,0,23655136ed2096f9279509c3fc55dbea2d79dd943c431ba75cfaa6a9c1ee1b65
STACK,q12_547c6bf1,./workloads/query_stack/q12_547c6bf1.sql,lip_selective,0,ok,81.970810890198,81.970810890198,60000,9fbfc45e96c49c916707e21ed9289d7920e041e608ff529b37dc531d59ef2cbf,3,0,0,0,7a1c62937428a33b3ca4c6cbf17dcd15c1794f5f2b2e49f95175ad38796abc91
STACK,q12_55de941e,./workloads/query_stack/q12_55de941e.sql,lip_selective,0,ok,1193.653032183647,1193.653032183647,60000,ed936f160a5bbf03b84f27326c40026d39192e8573f0bddfac6d48db21462eca,9,0,0,0,3a12578c125ef6b69400d55167658f79bd3ae3bc5548c0ddb905ec7d0ea55b0c
STACK,q12_5a5ff9bd,./workloads/query_stack/q12_5a5ff9bd.sql,lip_selective,0,ok,160.692557692528,160.692557692528,60000,1a51bed290669655d6e645dbe3fa43bc3948d0b44ce6eaf21817db2c0f56de80,11,0,0,0,ef6580526ec15fb9e299fb9e9df68230487a41800f792dc4142a127b91766e70
STACK,q12_76a47868,./workloads/query_stack/q12_76a47868.sql,lip_selective,0,ok,631.918236613274,631.918236613274,60000,76e0efdb7c612efc084cab472853036e7af7c3f44b6fa0ac900f855a4d23837f,11,0,0,0,f30d2c65e2b514ade7c3c5deeffb2b85fe45b2ca6ca132283700ffb69131258d
STACK,q12_812a3eff,./workloads/query_stack/q12_812a3eff.sql,lip_selective,0,ok,1093.032933771610,1093.032933771610,60000,d93d1c79cf73c78e79235ced2f92a14c120c18f4d839484bc6189f32792cf33e,12,0,0,0,7c09e2603337b688bef5e86ed4cb44f912471415de504f1d69bfa1195e741bb3
STACK,q12_bde6c0cf,./workloads/query_stack/q12_bde6c0cf.sql,lip_selective,0,ok,103.892363607883,103.892363607883,60000,ed94496358940d6dcbd7d3fae6008a1bf59cf8a927d60aff7f4d025b2078c569,2,0,0,0,88ba5ecb81f1cd3ef6ea8409220e7f1940e0382366ba1b470b1c7db9207cc5a3
STACK,q13_13ad1b8c,./workloads/query_stack/q13_13ad1b8c.sql,lip_selective,0,ok,880.039818584919,880.039818584919,60000,c27e557d38a3ef5f28a4686010fdcac1b4188a62c69d9bf8b73de7b6e1e1f667,100,0,0,0,2921bd4f54534a028a2417f95bc9342b78cffda78cf0480a9cb7e78c270331c6
STACK,q13_1ddcc865,./workloads/query_stack/q13_1ddcc865.sql,lip_selective,0,ok,1429.366014897823,1429.366014897823,60000,f04db08ffdd7b2d34c537b80c529d5ee4655c478bf55b6b443cda2c29fe8c485,100,0,0,0,e7f82db448c35e4ece6526bc0ce01ff9d7df94b30154f045705d931c3c2dd465
STACK,q13_935e2051,./workloads/query_stack/q13_935e2051.sql,lip_selective,0,ok,4772.908449172974,4772.908449172974,60000,4ca247db468282a1e541674fb553867c90f79d180147b80b93fa91cb4cf6b2fa,100,0,0,0,5663d27f05e1f2233dd522755f31db4d8d2ca9e252a1d1624546f816668c5c6a
STACK,q13_a091adce,./workloads/query_stack/q13_a091adce.sql,lip_selective,0,ok,370.681144297123,370.681144297123,60000,a08c6a91086a32f0f168696c5193f4df662d2c7e1b5741b9192890614e79cb33,7,0,0,0,334676f2efe585f2a188b3c21d689547dff9b187eb4a4deb4eb3ae0de4b36ae6
STACK,q13_a3d03772,./workloads/query_stack/q13_a3d03772.sql,lip_selective,0,ok,1458.562493324280,1458.562493324280,60000,d810a8f52be505eb1db3998aaf5b583b11c7f14faa86a86041dea72c4641a9d3,100,0,0,0,b85da73cd8a96e6a3f146ce65a223f88ad44714610834315c6ed723972db927a
STACK,q13_add0df9d,./workloads/query_stack/q13_add0df9d.sql,lip_selective,0,ok,1181.548215448856,1181.548215448856,60000,4daad1f8d536afd5e4a011cf36f5007c65521f947b5b789682c59e292db70bb8,100,0,0,0,32f72cc8dd450fbc4422cfacc826d4d8c8366cca94a9489a71564e6cff57d9c9
STACK,q13_d383cd5b,./workloads/query_stack/q13_d383cd5b.sql,lip_selective,0,ok,327.840037643909,327.840037643909,60000,45dde614f4629165c93e3ca3a061d5d3fd50a3814f1e5d35356b3f6c35a2dd47,39,0,0,0,676507e0fea4680cd1c702af750e6cde3eb6d5b2bb2d98f619a53c839764f3fe
STACK,q13_d4707be2,./workloads/query_stack/q13_d4707be2.sql,lip_selective,0,ok,580.536551773548,580.536551773548,60000,9893535665d036e9aff66d0afd386a7ee4323f75c6446f606135ada96f04d69a,5,0,0,0,766cc072cedc40f83187a5cadbf357f16c879f46bd3f3c9d6a48ec9d2ec3368b
STACK,q14_4063b6cb,./workloads/query_stack/q14_4063b6cb.sql,lip_selective,0,ok,519.188120961189,519.188120961189,60000,b54c2097d06810c037d8f05a25b377fe885c5f81cf6f1e27b2336ff1675b26f5,1,0,0,0,db8d3d3297d97e97f05ddde7a693158f722fe0ebc760b16e414b207fbc53c0ff
STACK,q14_5dbc1d1f,./workloads/query_stack/q14_5dbc1d1f.sql,lip_selective,0,ok,4096.575625240803,4096.575625240803,60000,bb56c0df8119ed058c77621e5b7f3efa1a6af55aaef384fcac58e729b7d6e853,1,0,0,0,c646ab396f6bb311e0cc39658314673a3c871807a7ffe405b62ff9db9a00d49f
STACK,q14_5e4835cd,./workloads/query_stack/q14_5e4835cd.sql,lip_selective,0,ok,228.188015520573,228.188015520573,60000,14127c168564cfe475a814f6f226c7b1548e036eee949d874aba3fd90031c613,1,0,0,0,132e7d953cb6ff6da3ef69409f44e80259f820f1dd82da65f144a5d70142d6a3
STACK,q14_63c0776f,./workloads/query_stack/q14_63c0776f.sql,lip_selective,0,ok,142.049506306648,142.049506306648,60000,65419f1249c055759a971aeb710eb11b18f9baff0adab7df6bd23e65e14f1aa7,1,0,0,0,b7543e7668347254f15abd0ff37d20fc8d26c638bb754982eccaeb04454df102
STACK,q14_719e692d,./workloads/query_stack/q14_719e692d.sql,lip_selective,0,ok,634.930685162544,634.930685162544,60000,ebb8d61d10ba762aebef5131b60d91915c71c0138f4d0434ee04e01d1df22f0b,1,0,0,0,c902ea730ea5f9f5954f4c5ec008ed24c33e925252f414a2a76cde30f9f7d8bc
STACK,q14_74fd1af6,./workloads/query_stack/q14_74fd1af6.sql,lip_selective,0,ok,5648.086778819561,5648.086778819561,60000,3b761369c29de1fbfbb19afc9da08d6a95e223b27fd34a05ff1d6982d5f19586,1,0,0,0,99ff0c91c617bd82e4b90d1570e5541acc83ecd89a44ae3fa56b67f73354f694
STACK,q14_97e68ad5,./workloads/query_stack/q14_97e68ad5.sql,lip_selective,0,ok,6675.281397998333,6675.281397998333,60000,334f2b776c8ce2494d66db9c13d72fa1a6e95ac709970f148a607f2b195eecb1,1,0,0,0,c98715d288d8181172bf139f4d101e91111e8719331bb9467bceba997a82b033
STACK,q14_b49361f8,./workloads/query_stack/q14_b49361f8.sql,lip_selective,0,ok,209.006056189537,209.006056189537,60000,969d74d42f62e26fa0db6e5bcfbe73cfd39bd0bee628e1a2b7bac85672da7dc7,1,0,0,0,f55a86c0532afa3cfce20f50b3a4793c1341d9be255e5b912513ea11c7ee3f63
STACK,q15_21e4988a,./workloads/query_stack/q15_21e4988a.sql,lip_selective,0,ok,203.752301633358,203.752301633358,60000,1660f09370e5a70e78b7f2e19fc4bf363f2543645d9e97ff5ced9c3ae4e4153d,53,0,0,0,ff3de11d53caa3138cc7a67cefd9e400ce64aaf71bae4851d72c695c4c026f91
STACK,q15_3e37e626,./workloads/query_stack/q15_3e37e626.sql,lip_selective,0,ok,308.015987277031,308.015987277031,60000,23394de368e19ac28a4f7d6417b11ebabbe2b953543d04a019e20db4f7330805,43,0,0,0,69782deb7ed4cc50127622f5933ffd0f3f25de0eeb10635a1f9b1a6575a932c0
STACK,q15_543ab3f7,./workloads/query_stack/q15_543ab3f7.sql,lip_selective,0,ok,278.447568416595,278.447568416595,60000,b5de167d40941317a62ce34f775428763184c054b938b979bdf442f507469adc,5,0,0,0,b4601e37a9a9519a8d180c6da492cb331fea669d6bd8f0f48ec69696e6871a6c
STACK,q15_78995a5f,./workloads/query_stack/q15_78995a5f.sql,lip_selective,0,ok,294.372692704201,294.372692704201,60000,f913fffa52ef6f774243dc5f5c15df98f650c6370cdb7631929071a81a6a6b2c,85,0,0,0,925e99d1255eb81f0d4ba19c55c37c216033beee41e239af4908697ed01b1412
STACK,q15_b2ee2c78,./workloads/query_stack/q15_b2ee2c78.sql,lip_selective,0,ok,402.364499866962,402.364499866962,60000,4f2a2a4af4cc7c51e656a7011a3af7914868d559c69a1464aa67d54fdb02b16b,80,0,0,0,4895de290b9308d04535c91e341930e120f5dad9d661b42bbd9a9fc37c95a9ab
STACK,q15_b8ddf65b,./workloads/query_stack/q15_b8ddf65b.sql,lip_selective,0,ok,508.925020694733,508.925020694733,60000,39f37f8d1931b3bdf767e7510dd69509fbf23af1f7654933d0a4d291cbdd4418,0,0,0,0,b33ecdda5a439e538169514cb567dfe032f9cee97eeb7319926674a65ef0edf1
STACK,q15_c9619ad4,./workloads/query_stack/q15_c9619ad4.sql,lip_selective,0,ok,652.491584420204,652.491584420204,60000,6bd4586b45a0439088c3cc815feb62cfd22926e30b74e207eb611081b13bc629,33,0,0,0,307b9c7efb57552b0d4a50a0a1e63a8e80a5e8d8b00fe77e9563864693ad93aa
STACK,q15_d5546c01,./workloads/query_stack/q15_d5546c01.sql,lip_selective,0,ok,235.421046614647,235.421046614647,60000,39f37f8d1931b3bdf767e7510dd69509fbf23af1f7654933d0a4d291cbdd4418,0,0,0,0,e7772387f8ed4e0d5a545284c7f5e0281d5db339df76a0e128c691624f9d0693
STACK,q16_1e863562,./workloads/query_stack/q16_1e863562.sql,lip_selective,0,ok,6255.685046315193,6255.685046315193,60000,d1e57e7b71a37991f5cbf6c0748694fc9ed5016441100b48bbd5f218abc2a3af,1,0,0,0,6facb67ae1c91829557cabd084f2d54f2192830dec5a3f31ad8d35e24a387170
STACK,q16_374e3e4c,./workloads/query_stack/q16_374e3e4c.sql,lip_selective,0,ok,8872.319914400578,8872.319914400578,60000,54d4efd1b9fad2e2bea57e5b911106d37dfd248550e48caf6e5a16921c5cc884,1,0,0,0,422f70ffbda39ef6cc034ecc6eae555e17d21642e4d2ba39e50bbd745956df23
STACK,q16_b1a96cd4,./workloads/query_stack/q16_b1a96cd4.sql,lip_selective,0,ok,1040.317051112652,1040.317051112652,60000,41b58143a8eeb8fdec2ac943a75e5dce841e5f91f0195101e60066219d775f05,1,0,0,0,1d37aaea2dcf37fe7d3887f6172f9f0c2c6204d21831a8f811b58b1356ea457d
STACK,q16_d5290889,./workloads/query_stack/q16_d5290889.sql,lip_selective,0,ok,248.824208974838,248.824208974838,60000,6df0e219ac573723d552586b66c486c20731ea236011d7d2c4401ec2789e452e,1,0,0,0,b2dab0d4f1607cfdfb8b84f96f6dc7d826af3f7a028cb9fb41c8ef057a8c52df
STACK,q16_ea9efde5,./workloads/query_stack/q16_ea9efde5.sql,lip_selective,0,ok,566.516660153866,566.516660153866,60000,ad066d12fc4fb54c3407e8d8ade387dbe9db61ad779fbaf8596895c87b6d15aa,1,0,0,0,ef46dfb46b0bb74641ad99447f0a7a87fd8625dddd74bf6dfe4e3a82b4d0cf48
STACK,q16_ed2ffeae,./workloads/query_stack/q16_ed2ffeae.sql,lip_selective,0,ok,2885.679654777050,2885.679654777050,60000,1f5b522694ac21e12061ac5fe3b435c6d090355aa4909e541e8a2c0f591f9efe,1,0,0,0,334a600e061be374994bafd53d94bb8838a06bc68e95e923266b05a936bf5d84
STACK,q16_f67cec3d,./workloads/query_stack/q16_f67cec3d.sql,lip_selective,0,ok,285.594880580902,285.594880580902,60000,fa879e4fc50b8c9696eb4dbd6a0b301941889f11c3953bede1a1f9308c6c8618,1,0,0,0,8a6ce16cb7916ba8ccfe160d4f5689c590a28e8ce250fa328ab74234f0911b92
STACK,q16_fbe34e8f,./workloads/query_stack/q16_fbe34e8f.sql,lip_selective,0,ok,6196.245595812798,6196.245595812798,60000,7202cb33d764a70a4db92f7ee198c34db2e7d59491dc31cc3c655d406dc29487,1,0,0,0,f8cde469270e7c5d88d76d1dc5663d4935d081fe78eed4d2058d6a38b70129f4
STACK,q1_q1-009,./workloads/query_stack/q1_q1-009.sql,lip_selective,0,ok,32.880149781704,32.880149781704,60000,c17f9563e35b1d3affbba9d589f0939444dd322b179133e04b468e4c071e85cb,1,0,0,0,85b16d343388ccb7d5620b31c50ede255c9915b3fb81976e3bdbfcd46d35612a
STACK,q1_q1-031,./workloads/query_stack/q1_q1-031.sql,lip_selective,0,ok,39.769537746906,39.769537746906,60000,c6851781f092f229ce385161d54d84a1934580365f9dbd03ce28cad1d40a1d73,1,0,0,0,e46abaae97176dcfbae19d967ea05ff394002eb1983282dd1cce686fdf61af0e
STACK,q1_q1-035,./workloads/query_stack/q1_q1-035.sql,lip_selective,0,ok,42.249061167240,42.249061167240,60000,4c0f0a0bbb0c6e05c315b00e38442781160c6fb878b398b0d3c96fc9c63bf954,1,0,0,0,cb9e4fef5b1e418de7e52ff7d511eba7bf09fdb2b3ab9a8d608286c1044bc5b2
STACK,q1_q1-067,./workloads/query_stack/q1_q1-067.sql,lip_selective,0,ok,120.339058339596,120.339058339596,60000,efd47e404577282b5d30f83a721f02a9e869b9fcd7d91266a565314a53d0814f,1,0,0,0,6c59cbe399b532e138f6734c55383685193e966282ab36e2313fae76d185d096
STACK,q1_q1-075,./workloads/query_stack/q1_q1-075.sql,lip_selective,0,ok,153.281033039093,153.281033039093,60000,806ab1e6dc9ec99abde1ddb9090f84d77cca8c86224442c3ccbc840127773c20,1,0,0,0,a6b331cb64dd5a1cdcf4ee5bb655ee12dc4e9e412038389bf208682ced6b113a
STACK,q1_q1-098,./workloads/query_stack/q1_q1-098.sql,lip_selective,0,ok,4637.518666684628,4637.518666684628,60000,4095cbc1ecc697ca9f9646c193a5682ada5316dba77f81108b62ba3cb1a82ab6,1,0,0,0,49fed94fa04e8652117d9206c8ba6c71d0558a857ae4a395a4d17c084f9aef6f
STACK,q1_q1-099,./workloads/query_stack/q1_q1-099.sql,lip_selective,0,ok,3325.371526181698,3325.371526181698,60000,43cad99fe214168bad67fa959cc8fb22a625668be9c526dcb4cda29c3f5f08c3,1,0,0,0,3674aa6369f20b2f1c782a2c4140230fe384d0244614b318ec83e04405105472
STACK,q1_q1-100,./workloads/query_stack/q1_q1-100.sql,lip_selective,0,ok,4054.612010717392,4054.612010717392,60000,30d34f6a188fd1b13047dc951deb7bfb9a74d8113d5f305ae8170f782b81c64f,1,0,0,0,4dfa5947508c78fc4461f12be0e3fe5a9c0bfe57765c57d851bb309b9121eef1
STACK,q2_q2-001,./workloads/query_stack/q2_q2-001.sql,lip_selective,0,ok,23388.539455831051,23388.539455831051,60000,c2a22d1cadee1419b10b6b0e89c3a6305e0a2763bbeb6505ce8afa140290b844,8,0,0,0,438b4715b070bfe69f018f723ddde6ce4c708919beff8d6f51a69ee18c023f41
STACK,q2_q2-012,./workloads/query_stack/q2_q2-012.sql,lip_selective,0,ok,14777.030616998672,14777.030616998672,60000,0c72a996aff17d5cf2385808714691e03eeae078feb603727bd285ed83162d82,42,0,0,0,42b2d16731037f35e48c9783a772ed7964b8f62dfe1cac048b968bc72d140964
STACK,q2_q2-032,./workloads/query_stack/q2_q2-032.sql,lip_selective,0,ok,2361.835651099682,2361.835651099682,60000,216acde5b813524d45ac581fa2f7d38ac46b42e538ec967f54400b57065d6c7d,64,0,0,0,f5fb7c358bf2f2d427c778d184b0c2a759101c64bef215c3859323ea5fc040cf
STACK,q2_q2-035,./workloads/query_stack/q2_q2-035.sql,lip_selective,0,ok,3131.765611469746,3131.765611469746,60000,7dde5286d3a49e885c56ee37d42b39b5355f4bfe86288386030d4a14652eff42,260,0,0,0,5925623ae4cd8026295f64729e3f0b84ee3e9f858ea5024d930e08fbbaa8cce5
STACK,q2_q2-050,./workloads/query_stack/q2_q2-050.sql,lip_selective,0,ok,1177.053622901440,1177.053622901440,60000,1e27f384fa81958d1078acb4bc8cbe0ad028ba630444fbf5b11bc7b9a721c652,5,0,0,0,50615776a5e9145170e666d7a4dfac2c9a0891bb23cf6973e5d0cafd7f11832d
STACK,q2_q2-081,./workloads/query_stack/q2_q2-081.sql,lip_selective,0,ok,14438.156947493553,14438.156947493553,60000,1a7d78a8eb8abd7af47cccb03fcdc9f93bc4eace3114dc327e9797bd85744335,87,0,0,0,4f8c29e14cd3e364bf7313520fedee57c9424725e075374b63a1d096c592f4d1
STACK,q2_q2-094,./workloads/query_stack/q2_q2-094.sql,lip_selective,0,ok,9832.140348851681,9832.140348851681,60000,d0d8cdab081896241156e9724fb3acb1c9cffd1c34bf78ea9c055b48168fda45,17,0,0,0,f25467508a4272087cc57d52e9685dec5bcbcf227442e28722933489c0dc8ebf
STACK,q2_q2-098,./workloads/query_stack/q2_q2-098.sql,lip_selective,0,ok,20837.996847927570,20837.996847927570,60000,296776255fa5947d731d01e34f4d9e5afc8f65b116b688516e1b4283bd45f000,96,0,0,0,571c5ff43cd4173dd3cfc01ce8ea630d65274da0e74b1cd13d1b6cdfd37d1222
STACK,q3_q3-018,./workloads/query_stack/q3_q3-018.sql,lip_selective,0,ok,1080.482132732868,1080.482132732868,60000,ce8ae4a1c41bb6ace1751e8b691713500edc7b921b9a42bfde4909ad43ad647a,1,0,0,0,b42142e580b43785e942ba3b3795503c32d2aafe093a80bcace87279843390cd
STACK,q3_q3-040,./workloads/query_stack/q3_q3-040.sql,lip_selective,0,ok,5053.525328636169,5053.525328636169,60000,7339417584b8a11219c126574a9eb259201d823711355fede0b243967980ea5c,1,0,0,0,21a6fba0c7514bbd2097a7b791f31dced651f420a5978ad67ababbb565f736dd
STACK,q3_q3-043,./workloads/query_stack/q3_q3-043.sql,lip_selective,0,ok,1298.320159316063,1298.320159316063,60000,4c0f0a0bbb0c6e05c315b00e38442781160c6fb878b398b0d3c96fc9c63bf954,1,0,0,0,bf7270c9c076e32796a716072404b3aabc5442b1e501c3ff625194589d60d034
STACK,q3_q3-046,./workloads/query_stack/q3_q3-046.sql,lip_selective,0,ok,689.109317958355,689.109317958355,60000,64043c6a0d07cdab8939a506f1a097454642c5f07efa20f7d4c6ef417b0776a6,1,0,0,0,a3f6f0d9391fbaabe786cb8a089a2ce83997fa6eebbcc1bd72c46516f3cd3251
STACK,q3_q3-066,./workloads/query_stack/q3_q3-066.sql,lip_selective,0,ok,2737.810492515564,2737.810492515564,60000,8e1e8f5d1a4199b0ebf310296b9f7f61e32ae978687b0c87cb3da769ebd6e5f3,1,0,0,0,da2d653bb3a106492b377a0da2d4f368b092a2e1a68e1a814e2452a12ce39f4a
STACK,q3_q3-068,./workloads/query_stack/q3_q3-068.sql,lip_selective,0,ok,1019.671902060509,1019.671902060509,60000,15ad17c1ee3ad2b2e90a786f175ae3444bf0014bf70e31f1019f72ed9a18b52a,1,0,0,0,3b2f666baabd1eb0608d587df2856e6a3f506237cfc20cce434bb6f5f7df4948
STACK,q3_q3-086,./workloads/query_stack/q3_q3-086.sql,lip_selective,0,ok,1190.341360867023,1190.341360867023,60000,7471f50a1908d54777534ac7b79962c5e0fbacd1732b5c22e4ba066329f8a78e,1,0,0,0,0fd85f2f6e0db7d4015fdb71683441761f08ccf50f06d64bca78f1ac13d9ed39
STACK,q3_q3-099,./workloads/query_stack/q3_q3-099.sql,lip_selective,0,ok,4951.353482902050,4951.353482902050,60000,fa879e4fc50b8c9696eb4dbd6a0b301941889f11c3953bede1a1f9308c6c8618,1,0,0,0,de081179f2d214f94a46ab636be4845cc41f384521bbc25c12b561d3327261c0
STACK,q4_q4-002,./workloads/query_stack/q4_q4-002.sql,lip_selective,0,ok,139.198839664459,139.198839664459,60000,8d9224427d50897f4028dc9ce9334831ba3edb2057fb9035641159bd97fd4b36,1,0,0,0,f90e1b18272a981fb6501f50e012a50ef18c10e98f8d4713870f463b3c481f54
STACK,q4_q4-026,./workloads/query_stack/q4_q4-026.sql,lip_selective,0,ok,112.824767827988,112.824767827988,60000,6bb5579c822808fcb721d8cf11517f9c65d428fb1724a44346b6b50f66a5c12a,1,0,0,0,662853dc7c427f43a29a43e319a8cca1a36b29489fb1207374c2a36bf2225fe3
STACK,q4_q4-041,./workloads/query_stack/q4_q4-041.sql,lip_selective,0,ok,195.607826113701,195.607826113701,60000,8052f9dd5c2ce14bfe8b7a420b7826cf81794f93d4535bf03b3e955ca1d84b77,1,0,0,0,7f928726e3564bb7711eb4ee418b3dd3fa444c7a2ed53331ec7f5b43b26f5e15
STACK,q4_q4-042,./workloads/query_stack/q4_q4-042.sql,lip_selective,0,ok,121.528893709183,121.528893709183,60000,099f4aa74a0c476baaea1bc1bcc8e97e65f380bd7505b0e3c053b8ff1b3eabfa,1,0,0,0,b1bec44b0cc29462fc8b4e0ea2b7943ff5f818341aba8d656198f70c13396714
STACK,q4_q4-064,./workloads/query_stack/q4_q4-064.sql,lip_selective,0,ok,104.041509330273,104.041509330273,60000,5bc034fe2d35132d09a20748a3a8eda5057620d1e40f06136eb5805ed1a2d193,1,0,0,0,0846db9638146007e77691e2d54fe3515fffe6e9f1d695402fbd9007efe347c5
STACK,q4_q4-074,./workloads/query_stack/q4_q4-074.sql,lip_selective,0,ok,176.193550229073,176.193550229073,60000,52364deeccd5ed1ad0488d008c0dbde2320a4be5c9fd243b9a1b6315f8633526,1,0,0,0,c7ad547ab8c6ada9903bb3e81073ebac7bfad64e36e93580bfbba3e4be5b5c19
STACK,q4_q4-086,./workloads/query_stack/q4_q4-086.sql,lip_selective,0,ok,162.780463695526,162.780463695526,60000,93034f366ea7f433ff55e70e5063853c27a605a794de24273d665ea1c169aaa5,1,0,0,0,cf26b62555b723d1105d8f8a00cc54ed02366d008253ad19f8d3f7772ac02dc5
STACK,q4_q4-089,./workloads/query_stack/q4_q4-089.sql,lip_selective,0,ok,165.628172457218,165.628172457218,60000,73081d2b1e0a4e71a4c298714c8eae13ea81cf0796f5434c40c682bd294aa1b6,1,0,0,0,ab5a1ca3f1b9efe87fed43fd4a90c4333de18f88904700564382d203a9a40ac9
STACK,q5_q5-015,./workloads/query_stack/q5_q5-015.sql,lip_selective,0,ok,55.965296924114,55.965296924114,60000,1858f04d363cf5872d24a5f919513b6bbc758306539d1fb71c7d8ae739b7dde3,1,0,0,0,4b6baeb8940f5fbfd0151640bf4e82d95a8f9eef73f923f3e6e3bdbf85283d3c
STACK,q5_q5-032,./workloads/query_stack/q5_q5-032.sql,lip_selective,0,ok,65.472304821014,65.472304821014,60000,c477fc5cdc9f42cb68ce4b5e84826064e0ef04fbabe63d5ca7f0fc8fb38f76f3,1,0,0,0,4f4b3362aebb9ff3bf00966db6d899873f5e0faf46062407ec397c9c65bc545a
STACK,q5_q5-041,./workloads/query_stack/q5_q5-041.sql,lip_selective,0,ok,74.052594602108,74.052594602108,60000,cf96deac7d2faa6a3af89cedc636bf721427ff716ea6eb7050927ac3c0e0802a,1,0,0,0,fbb5036aaf91f2821a7b5ec695d00f1b62941b3fbc6038d20e5efff57daa5fe5
STACK,q5_q5-052,./workloads/query_stack/q5_q5-052.sql,lip_selective,0,ok,59.693314135075,59.693314135075,60000,c6851781f092f229ce385161d54d84a1934580365f9dbd03ce28cad1d40a1d73,1,0,0,0,394b71260bb7b06f8ad0f772f3c8987ea2bddded44d2d9b5bb53a9f20ffe4c63
STACK,q5_q5-059,./workloads/query_stack/q5_q5-059.sql,lip_selective,0,ok,71.256488561630,71.256488561630,60000,2bb4771eebb7b47365089a6a19756f2e83053e8323d7cd31fa1b6cfcfa7c9c64,1,0,0,0,dbab7aae854d56d53e14417d16c1571bbd4db32758f7a716d15a61b78e69b918
STACK,q5_q5-077,./workloads/query_stack/q5_q5-077.sql,lip_selective,0,ok,63.657186925411,63.657186925411,60000,2bb4771eebb7b47365089a6a19756f2e83053e8323d7cd31fa1b6cfcfa7c9c64,1,0,0,0,2b3c05b60cae9f60a9765ffd9e93554f0652271c4862a3a1aa0075415022aa70
STACK,q5_q5-079,./workloads/query_stack/q5_q5-079.sql,lip_selective,0,ok,108.554780483246,108.554780483246,60000,ad2301e16f8ac0e556a59dd245bfdf55c48548fd352f0cf92a385882c89aebbd,1,0,0,0,33ffd55169aa1fde48eb654c1e2ce10ec84c40a56b0ae8111bf8e71a8a7e0ce0
STACK,q5_q5-082,./workloads/query_stack/q5_q5-082.sql,lip_selective,0,ok,83.707518875599,83.707518875599,60000,64043c6a0d07cdab8939a506f1a097454642c5f07efa20f7d4c6ef417b0776a6,1,0,0,0,0456a69b516253fef7b34c329adf66b64f506f064c63f7977059ad9b805702a2
STACK,q6_q6-002,./workloads/query_stack/q6_q6-002.sql,lip_selective,0,ok,73.770701885223,73.770701885223,60000,492b793683e8ee0b48e89a3fadeb7893533f8d436ad0e3a7fd5090567858a03d,1,0,0,0,e19ce9bd26967abc1cc9c69a3954d0b3e9602eeea53886154a993e72416540ab
STACK,q6_q6-009,./workloads/query_stack/q6_q6-009.sql,lip_selective,0,ok,60.809522867203,60.809522867203,60000,2bb4771eebb7b47365089a6a19756f2e83053e8323d7cd31fa1b6cfcfa7c9c64,1,0,0,0,89836af21c84bb564cbcc795d5a82facb37d075629ca57016cb0f7abb7a44f1b
STACK,q6_q6-060,./workloads/query_stack/q6_q6-060.sql,lip_selective,0,ok,77.319666743279,77.319666743279,60000,9d496b98a2b4127b40592841377adc54986f308f7dee83ae1f1b877c695192c0,1,0,0,0,c7441ecbd647667165fbe07438626f5bc10354b27f7d9332237ae832e0973be7
STACK,q6_q6-064,./workloads/query_stack/q6_q6-064.sql,lip_selective,0,ok,63.714541494846,63.714541494846,60000,e6f0f8d79adc05f93040da91ab04f3d215ad4b06c20176285c0994a20326a1c7,1,0,0,0,db80adcdcef7dc7a8dc5a7d64365c4a3de8e70ebbb50fd4de29c6223852948bf
STACK,q6_q6-065,./workloads/query_stack/q6_q6-065.sql,lip_selective,0,ok,58.434456586838,58.434456586838,60000,ad2301e16f8ac0e556a59dd245bfdf55c48548fd352f0cf92a385882c89aebbd,1,0,0,0,95505d1027b533c8ecc2f5f2a54669624496d4b7c7a4e17b52891b0e13e745d6
STACK,q6_q6-067,./workloads/query_stack/q6_q6-067.sql,lip_selective,0,ok,64.875312149525,64.875312149525,60000,ad2301e16f8ac0e556a59dd245bfdf55c48548fd352f0cf92a385882c89aebbd,1,0,0,0,0733e56c1367df8885d5e6cc7ec1f741a3b5f8113c516d8fa9298ebc4c3b089a
STACK,q6_q6-069,./workloads/query_stack/q6_q6-069.sql,lip_selective,0,ok,58.663792908192,58.663792908192,60000,ad2301e16f8ac0e556a59dd245bfdf55c48548fd352f0cf92a385882c89aebbd,1,0,0,0,80e7ce33de58714dd792488ba6910fc02534188e419d16c5b47efd1f922e1267
STACK,q6_q6-085,./workloads/query_stack/q6_q6-085.sql,lip_selective,0,ok,58.184005320072,58.184005320072,60000,6bc192e9007268a766125dd12e9147e22327c03dc5f9824ad072a3f886d14f42,1,0,0,0,cac929307100729497af5232cd4a60209db1701e0cf3fa3bf1cf5019fe3011b3
STACK,q7_q7-034,./workloads/query_stack/q7_q7-034.sql,lip_selective,0,ok,5310.358293354511,5310.358293354511,60000,fa879e4fc50b8c9696eb4dbd6a0b301941889f11c3953bede1a1f9308c6c8618,1,0,0,0,0c88a8e237348f643531d922266cd9b1228d4120e16f958ec9882cc9feabe330
STACK,q7_q7-036,./workloads/query_stack/q7_q7-036.sql,lip_selective,0,ok,5298.523165285587,5298.523165285587,60000,fa879e4fc50b8c9696eb4dbd6a0b301941889f11c3953bede1a1f9308c6c8618,1,0,0,0,12a0dae348af99fe41115be9415fe8df1a69c0a2bcaed9e30ff80506a15d35e6
STACK,q7_q7-047,./workloads/query_stack/q7_q7-047.sql,lip_selective,0,ok,5481.560915708542,5481.560915708542,60000,fa879e4fc50b8c9696eb4dbd6a0b301941889f11c3953bede1a1f9308c6c8618,1,0,0,0,6b0ac4f150c5248f27e729d61db609685c118ce02f80b320d6fdc4bf08bf32cc
STACK,q7_q7-077,./workloads/query_stack/q7_q7-077.sql,lip_selective,0,ok,5169.505149126053,5169.505149126053,60000,91ceb6f253ad07a97c56603d48d7757d57db954f6118e3b861b1b2a27fffc679,1,0,0,0,1d38e3dcd544360584a002d8079a3c037757bbd05c5eab915899d23b84b9fdd4
STACK,q7_q7-082,./workloads/query_stack/q7_q7-082.sql,lip_selective,0,ok,5287.963055074215,5287.963055074215,60000,64043c6a0d07cdab8939a506f1a097454642c5f07efa20f7d4c6ef417b0776a6,1,0,0,0,5e3c79333b65b731aa8e0c44474414a5431c6d2432a0f67d0f887c149a297183
STACK,q7_q7-085,./workloads/query_stack/q7_q7-085.sql,lip_selective,0,ok,5458.062253892422,5458.062253892422,60000,6d776eb7da1ae8477f7038ddf562c90e9a7a7070bdd1e4229ad8df4edf82ad33,1,0,0,0,0effcd95120ee0a41d84e7212ca6f5b3e02121580060b9a1c4131133c7f9c91f
STACK,q7_q7-095,./workloads/query_stack/q7_q7-095.sql,lip_selective,0,ok,5376.397259533405,5376.397259533405,60000,6e5557b7569a2d9a71b5f22b1f0b662ac75e91e1a3f70a0e8efb120b7f2df8f8,1,0,0,0,39f18cf66765959deb77bf6eef182dddc6839d19054f7b02e2f60574bacf7409
STACK,q7_q7-099,./workloads/query_stack/q7_q7-099.sql,lip_selective,0,ok,5323.552444577217,5323.552444577217,60000,e6097a493b497f00231f62efb8f5a998c223e2cd8bf8f4813d3f9efb2ac1da29,1,0,0,0,1862c8e12c8d154a4d013ba37dcfb1e81687ea5616deb402bfb31d3dee34fb60
STACK,q8_q8-006,./workloads/query_stack/q8_q8-006.sql,lip_selective,0,ok,312.194332480431,312.194332480431,60000,fa879e4fc50b8c9696eb4dbd6a0b301941889f11c3953bede1a1f9308c6c8618,1,0,0,0,c313b3ccfb5d75e3efb2b666ee80497231a31cb506591e218de049c6a11d0dc5
STACK,q8_q8-025,./workloads/query_stack/q8_q8-025.sql,lip_selective,0,ok,312.935873866081,312.935873866081,60000,fa879e4fc50b8c9696eb4dbd6a0b301941889f11c3953bede1a1f9308c6c8618,1,0,0,0,386e5b257a83d1862799cc3fd0a2b3fe4084970f1a9ccab6e57a084c5fc0bbcc
STACK,q8_q8-046,./workloads/query_stack/q8_q8-046.sql,lip_selective,0,ok,303.291559219360,303.291559219360,60000,fa879e4fc50b8c9696eb4dbd6a0b301941889f11c3953bede1a1f9308c6c8618,1,0,0,0,500a1a5b5321eb2c7e24dea7f30154b5653c533b87f1c3ee0b2e0671ac573d31
STACK,q8_q8-062,./workloads/query_stack/q8_q8-062.sql,lip_selective,0,ok,303.391784429550,303.391784429550,60000,fa879e4fc50b8c9696eb4dbd6a0b301941889f11c3953bede1a1f9308c6c8618,1,0,0,0,3b893055b9747315ae803c7b18a47fa84e9dd39762b62a0d2ba7f8877f8a9161
STACK,q8_q8-065,./workloads/query_stack/q8_q8-065.sql,lip_selective,0,ok,298.754744231701,298.754744231701,60000,fa879e4fc50b8c9696eb4dbd6a0b301941889f11c3953bede1a1f9308c6c8618,1,0,0,0,d07b6c4a986b7937e77590a8885a4d878af7199226d3f5902f26eb6b54d1e0d7
STACK,q8_q8-074,./workloads/query_stack/q8_q8-074.sql,lip_selective,0,ok,298.237718641758,298.237718641758,60000,fa879e4fc50b8c9696eb4dbd6a0b301941889f11c3953bede1a1f9308c6c8618,1,0,0,0,f5c2456b394a2211ca78d8c3e34f1d480411434f1dbabbec7bd9a3f1f893066e
STACK,q8_q8-076,./workloads/query_stack/q8_q8-076.sql,lip_selective,0,ok,300.970010459423,300.970010459423,60000,fa879e4fc50b8c9696eb4dbd6a0b301941889f11c3953bede1a1f9308c6c8618,1,0,0,0,cc71973c2a49b3e350552d37fd25592500cf19b55710c153f9f9f4f26461c09e
STACK,q8_q8-096,./workloads/query_stack/q8_q8-096.sql,lip_selective,0,ok,302.037060260773,302.037060260773,60000,fa879e4fc50b8c9696eb4dbd6a0b301941889f11c3953bede1a1f9308c6c8618,1,0,0,0,f674e441b34297a023acba98884ae503c25a92641a950237ff8950af197d90cd
STACK,q11_0ea8bacd,./workloads/query_stack/q11_0ea8bacd.sql,query_split,0,ok,245.585702359676,245.585702359676,60000,e349f2f2474df8d4f2d41b1fc06430a33d5c22c90af8234d1126eae004afa1f8,1,3,11228,532480,dbfb8fdebb17d9454c4ceb0594dcec40e3ca8b1153cb5b429b2351d6cc1d398f
STACK,q11_33e1caf2,./workloads/query_stack/q11_33e1caf2.sql,query_split,0,ok,140.198126435280,140.198126435280,60000,3b026bf77cd8c853ad726e848876fa9b9d14b214e0fdb060795e5de209531439,1,3,10372,532480,f790572ece3cc4a81b709905662f167a4d5bbca57d5510e0afb1d9fe5e5bf6f4
STACK,q11_6c5cba41,./workloads/query_stack/q11_6c5cba41.sql,query_split,0,ok,236.965753138065,236.965753138065,60000,9ee7ec0e2d68030c0bea45ce77084e1189b45131e00caed35c89c85b8c97506b,1,3,10094,532480,1bb2ef16f5db4e779d420844cf91072704cdce9753fe6bf4dab0dc313ac6d071
STACK,q11_87c4bd09,./workloads/query_stack/q11_87c4bd09.sql,query_split,0,ok,766.948573291302,766.948573291302,60000,0adac76689f76028d5867469b355dcd74d4fa3a6e2559fbe6b8230f79b0e54ab,1,3,48729,2105344,7e7dac4874b39a02ade39e1db4fa8b6a5edec9bf478a2972aecfb11dcf99a000
STACK,q11_9389f588,./workloads/query_stack/q11_9389f588.sql,query_split,0,ok,105.044759809971,105.044759809971,60000,e8807f4432a7632fddcc1e5456323b9a012fd4239fe6350e77c649c813f56d17,1,3,4296,270336,ab371c20467126289d08fe8a8dbc37366248a73199f17c61e1bd4993e0e66587
STACK,q11_aa96c8d7,./workloads/query_stack/q11_aa96c8d7.sql,query_split,0,ok,102.900616824627,102.900616824627,60000,70ae26643f4cb8280cc3f8568d58c9dcaae9ff78c7eb39886df79116206a91ef,1,3,4593,270336,6e4a9b124f420b368aad79f09f0e6ed017b0ab2b10a07a065bf8969efee2fc7a
STACK,q11_c1ae2a99,./workloads/query_stack/q11_c1ae2a99.sql,query_split,0,ok,3845.210373401642,3845.210373401642,60000,bb8e782f5dc25a16c10ffe18833283f7370c51fc216d687eb544549b48b557ee,1,3,427489,15736832,5a716befd4bc6a90e2f0c30d31a8cbb281f93140637ca33fe18f65c6492169b3
STACK,q11_e4ca3559,./workloads/query_stack/q11_e4ca3559.sql,query_split,0,ok,159.959338605404,159.959338605404,60000,ab3e2686f1f4fa73ecc53675c92aebd79c076e9ba20aacfba85c80ca50fd9f81,1,3,5116,270336,3fd028c7c02a0aca3b0beaf16e67c115010ccaedad1e5f9429dcae9c7e07a025
STACK,q12_06c8d688,./workloads/query_stack/q12_06c8d688.sql,query_split,0,ok,206.878900527954,206.878900527954,60000,7cbf5c7670ad4b36ecdc24b3e7d6e0b72f5c221a1ca93a703327ea17f0a33beb,9,5,18388,1351680,91e827b25aa037ba5f099e8213f4145a298beccadac840e22d698cdea4c9a44c
STACK,q12_07007205,./workloads/query_stack/q12_07007205.sql,query_split,0,ok,485.080033540726,485.080033540726,60000,05bb5f175f4179b1313858f14bd4a26881b1d78c7677e41a72949d750e389322,14,5,41568,3186688,6a981a36a94dec6d05defc4cbfb4c4cd5f712e83ac59c78f2a2d04cbc620a0b0
STACK,q12_547c6bf1,./workloads/query_stack/q12_547c6bf1.sql,query_split,0,ok,150.047123432159,150.047123432159,60000,9fbfc45e96c49c916707e21ed9289d7920e041e608ff529b37dc531d59ef2cbf,3,5,9981,696320,10b61e9252e141cf18407acfd04ac1f637f0b664fd3dfb82f6b9e538c914a658
STACK,q12_55de941e,./workloads/query_stack/q12_55de941e.sql,query_split,0,ok,1837.781734764576,1837.781734764576,60000,ed936f160a5bbf03b84f27326c40026d39192e8573f0bddfac6d48db21462eca,9,5,165164,10002432,d6b26bc83570e522232831b0e4de2d757325dc51a6312c4c714692896ab6509a
STACK,q12_5a5ff9bd,./workloads/query_stack/q12_5a5ff9bd.sql,query_split,0,ok,270.816020667553,270.816020667553,60000,1a51bed290669655d6e645dbe3fa43bc3948d0b44ce6eaf21817db2c0f56de80,11,5,25282,2138112,53781beed02dad8032ed5866d799fc151286518daa7d51fc140118ff2cc0aee0
STACK,q12_76a47868,./workloads/query_stack/q12_76a47868.sql,query_split,0,ok,824.858628213406,824.858628213406,60000,76e0efdb7c612efc084cab472853036e7af7c3f44b6fa0ac900f855a4d23837f,11,5,54909,3448832,3848e0761d2bb33d95a10cdf533c5834981b70b5f10fca3729d828713c4e4bb9
STACK,q12_812a3eff,./workloads/query_stack/q12_812a3eff.sql,query_split,0,ok,1296.713195741177,1296.713195741177,60000,d93d1c79cf73c78e79235ced2f92a14c120c18f4d839484bc6189f32792cf33e,12,5,220490,13672448,e8e65be7913c9da2229b3c50d1415cdef820f84b0308bd63f09329824354c994
STACK,q12_bde6c0cf,./workloads/query_stack/q12_bde6c0cf.sql,query_split,0,ok,158.395163714886,158.395163714886,60000,ed94496358940d6dcbd7d3fae6008a1bf59cf8a927d60aff7f4d025b2078c569,2,5,13475,1384448,845c7019e572f8584a7c2ca85cf859975ebffd7b0120793be13090b66be9e90a
STACK,q13_13ad1b8c,./workloads/query_stack/q13_13ad1b8c.sql,query_split,0,ok,331.636413931847,331.636413931847,60000,c27e557d38a3ef5f28a4686010fdcac1b4188a62c69d9bf8b73de7b6e1e1f667,100,6,14631,737280,cac628bf26347dcd3c8b98bbdce40b38c134e9b8bd685e18647c951e17ea67dc
STACK,q13_1ddcc865,./workloads/query_stack/q13_1ddcc865.sql,query_split,0,ok,1652.256496250629,1652.256496250629,60000,f04db08ffdd7b2d34c537b80c529d5ee4655c478bf55b6b443cda2c29fe8c485,100,6,154506,6569984,5bf43a61a49a0f00f281ef43d11e755d46da7e8d1f14a96236f7c642a6887cc1
STACK,q13_935e2051,./workloads/query_stack/q13_935e2051.sql,query_split,0,ok,17863.701298832893,17863.701298832893,60000,a709b0ceec21e3d700b045e2ef4561b2998577a1d14ebf2a4f4fd9b19fb0ea38,100,6,824360,30425088,68fa71a77d1789836fdda8a29241df55e4c44e0d5481b20d3bca3a85ea78147f
STACK,q13_a091adce,./workloads/query_stack/q13_a091adce.sql,query_split,0,ok,384.968534111977,384.968534111977,60000,a08c6a91086a32f0f168696c5193f4df662d2c7e1b5741b9192890614e79cb33,7,6,62073,2777088,d1792d5788603a121d9e445fc41180e9b0c3da657d2ee902f57778bb5de980ef
STACK,q13_a3d03772,./workloads/query_stack/q13_a3d03772.sql,query_split,0,ok,764.223672449589,764.223672449589,60000,d810a8f52be505eb1db3998aaf5b583b11c7f14faa86a86041dea72c4641a9d3,100,6,92896,4210688,556d37ddd1daf80ebce9fa23032e8845d0cd5af11b9fbf87ff0f5a40f6231579
STACK,q13_add0df9d,./workloads/query_stack/q13_add0df9d.sql,query_split,0,ok,564.415007829666,564.415007829666,60000,4daad1f8d536afd5e4a011cf36f5007c65521f947b5b789682c59e292db70bb8,100,6,54748,2637824,24b5feeacaa3091d3d3093d8ea6000048e018fcddf72406d2a60f92078fc11b1
STACK,q13_d383cd5b,./workloads/query_stack/q13_d383cd5b.sql,query_split,0,ok,257.750190794468,257.750190794468,60000,45dde614f4629165c93e3ca3a061d5d3fd50a3814f1e5d35356b3f6c35a2dd47,39,6,9125,368640,09ffe5e3f70bc15dee99065ce3fcaee4ef25e05ef3c8845e73bb43404cf33fb3
STACK,q13_d4707be2,./workloads/query_stack/q13_d4707be2.sql,query_split,0,ok,582.579843699932,582.579843699932,60000,9893535665d036e9aff66d0afd386a7ee4323f75c6446f606135ada96f04d69a,5,6,39722,1736704,a195b6f2181f83084af9b9fbf6cab369842c56bd8e137264b12054cd483950ce
STACK,q14_4063b6cb,./workloads/query_stack/q14_4063b6cb.sql,query_split,0,ok,437.923759222031,437.923759222031,60000,b54c2097d06810c037d8f05a25b377fe885c5f81cf6f1e27b2336ff1675b26f5,1,6,56266,2301952,abde04e184ab23f799c67727debef61cd2610730b7f07c0227357c2cfc7641d1
STACK,q14_5dbc1d1f,./workloads/query_stack/q14_5dbc1d1f.sql,query_split,0,ok,5109.505176544189,5109.505176544189,60000,bb56c0df8119ed058c77621e5b7f3efa1a6af55aaef384fcac58e729b7d6e853,1,6,484811,18882560,4f430d0991d879b5a295d33aa2aa4cf6ca213ea97844be7ba4bde055a68e6a5e
STACK,q14_5e4835cd,./workloads/query_stack/q14_5e4835cd.sql,query_split,0,ok,258.637905120850,258.637905120850,60000,14127c168564cfe475a814f6f226c7b1548e036eee949d874aba3fd90031c613,1,6,32768,1744896,1710fc9e5a7cc61f08c7a17d39833f5b8eb0cca9cee4d32de65063d05dbafeec
STACK,q14_63c0776f,./workloads/query_stack/q14_63c0776f.sql,query_split,0,ok,189.057514071465,189.057514071465,60000,65419f1249c055759a971aeb710eb11b18f9baff0adab7df6bd23e65e14f1aa7,1,6,10778,540672,f026fafabb76ede6bb25e410778041bc77c043e145438cbdfb721af084bd4532
STACK,q14_719e692d,./workloads/query_stack/q14_719e692d.sql,query_split,0,ok,1149.949058890343,1149.949058890343,60000,ebb8d61d10ba762aebef5131b60d91915c71c0138f4d0434ee04e01d1df22f0b,1,6,100102,4333568,c4dd9241b426816f4321a5e3848989cd3b79eb63f8a7ddf294d50e571816c963
STACK,q14_74fd1af6,./workloads/query_stack/q14_74fd1af6.sql,query_split,0,ok,3846.844553947449,3846.844553947449,60000,3b761369c29de1fbfbb19afc9da08d6a95e223b27fd34a05ff1d6982d5f19586,1,6,289745,12066816,013584db30b67825f964d3a0c0f77882c6533ab6bed7f2dbaa20667e707deb81
STACK,q14_97e68ad5,./workloads/query_stack/q14_97e68ad5.sql,query_split,0,ok,4605.081886053085,4605.081886053085,60000,334f2b776c8ce2494d66db9c13d72fa1a6e95ac709970f148a607f2b195eecb1,1,6,143548,6299648,17ae0c3ec67d7fd98dc82e8b0d6fd662cc0974b8e1b2d5212949867940d90f33
STACK,q14_b49361f8,./workloads/query_stack/q14_b49361f8.sql,query_split,0,ok,245.588049292564,245.588049292564,60000,969d74d42f62e26fa0db6e5bcfbe73cfd39bd0bee628e1a2b7bac85672da7dc7,1,6,25955,1515520,f3c152b054c08c400e4d9449ec71e47e0df6427ef803a65725f0754c5dd99846
STACK,q15_21e4988a,./workloads/query_stack/q15_21e4988a.sql,query_split,0,ok,384.576506912708,384.576506912708,60000,1660f09370e5a70e78b7f2e19fc4bf363f2543645d9e97ff5ced9c3ae4e4153d,53,4,1696,81920,11cdd3aaa70701bb97c9c523dda002f5dc8b0e265b33e4ea202a596c4f8a33b6
STACK,q15_3e37e626,./workloads/query_stack/q15_3e37e626.sql,query_split,0,ok,428.789831697941,428.789831697941,60000,23394de368e19ac28a4f7d6417b11ebabbe2b953543d04a019e20db4f7330805,43,4,5395,278528,9ce02fc7b927ab08531449bf670139b30dc17a795308a058248288f9e4970387
STACK,q15_543ab3f7,./workloads/query_stack/q15_543ab3f7.sql,query_split,0,ok,92.650517821312,92.650517821312,60000,b5de167d40941317a62ce34f775428763184c054b938b979bdf442f507469adc,5,4,395,32768,93d02af8dd89831e7fe699553aa8f20199e93e312f1d549fa0f9ed92486602a7
STACK,q15_78995a5f,./workloads/query_stack/q15_78995a5f.sql,query_split,0,ok,470.649018883705,470.649018883705,60000,f913fffa52ef6f774243dc5f5c15df98f650c6370cdb7631929071a81a6a6b2c,85,4,6177,335872,da86d2fd32182449d0ab0d580479e068df3b0d1e02a857ad3b6549f8700dcc6f
STACK,q15_b2ee2c78,./workloads/query_stack/q15_b2ee2c78.sql,query_split,0,ok,487.683981657028,487.683981657028,60000,4f2a2a4af4cc7c51e656a7011a3af7914868d559c69a1464aa67d54fdb02b16b,80,4,10135,598016,0fcc9b6f08672ace0b4edad46caaeca035e18c4df8c90fd258a2931c9b6ed1b6
STACK,q15_b8ddf65b,./workloads/query_stack/q15_b8ddf65b.sql,query_split,0,ok,158.784680068493,158.784680068493,60000,39f37f8d1931b3bdf767e7510dd69509fbf23af1f7654933d0a4d291cbdd4418,0,4,1569,73728,8e1dd084ed987da5a93e68f0805a0b63f5fc7fa7a8d15274903d9578101852ed
STACK,q15_c9619ad4,./workloads/query_stack/q15_c9619ad4.sql,query_split,0,ok,589.227072894573,589.227072894573,60000,6bd4586b45a0439088c3cc815feb62cfd22926e30b74e207eb611081b13bc629,33,4,1410,81920,a2fd529020e07f549e159e77b3bb09092f7b0c04801de3ed4eebff0414d70909
STACK,q15_d5546c01,./workloads/query_stack/q15_d5546c01.sql,query_split,0,ok,85.058949887753,85.058949887753,60000,39f37f8d1931b3bdf767e7510dd69509fbf23af1f7654933d0a4d291cbdd4418,0,4,560,40960,7b8db6faaefa22d91f1464607e075da02f1ee1b72c3573b08e505bb02d80df5f
STACK,q16_1e863562,./workloads/query_stack/q16_1e863562.sql,query_split,0,ok,3153.703615069389,3153.703615069389,60000,d1e57e7b71a37991f5cbf6c0748694fc9ed5016441100b48bbd5f218abc2a3af,1,4,7727,540672,617193f67fe1b4f4dd428ee4090df88525a2aa35c57143dab62fc4d9bc9dac37
STACK,q16_374e3e4c,./workloads/query_stack/q16_374e3e4c.sql,query_split,0,ok,4653.226651251316,4653.226651251316,60000,54d4efd1b9fad2e2bea57e5b911106d37dfd248550e48caf6e5a16921c5cc884,1,4,9657,540672,90137fe28eacff1da73b8d590c82be0e41d67fcb22096351dd96043143ca5a5b
STACK,q16_b1a96cd4,./workloads/query_stack/q16_b1a96cd4.sql,query_split,0,ok,590.369708836079,590.369708836079,60000,41b58143a8eeb8fdec2ac943a75e5dce841e5f91f0195101e60066219d775f05,1,4,3076,172032,3513ee3655bfa1dd16e6d1f8c80ac7d17288cd2896aa484ab1472ade60c01f44
STACK,q16_d5290889,./workloads/query_stack/q16_d5290889.sql,query_split,0,ok,108.841188251972,108.841188251972,60000,6df0e219ac573723d552586b66c486c20731ea236011d7d2c4401ec2789e452e,1,4,546,49152,e5c7afa3ac1cbb378f701e0f3c78b083172c252c74104f72ff2f24836533b832
STACK,q16_ea9efde5,./workloads/query_stack/q16_ea9efde5.sql,query_split,0,ok,178.608976304531,178.608976304531,60000,ad066d12fc4fb54c3407e8d8ade387dbe9db61ad779fbaf8596895c87b6d15aa,1,4,1584,81920,f7af8cfc16097adcad463e89acbd755f9b09dedfc45de6d180201b520b407d4f
STACK,q16_ed2ffeae,./workloads/query_stack/q16_ed2ffeae.sql,query_split,0,ok,1197.692729532719,1197.692729532719,60000,1f5b522694ac21e12061ac5fe3b435c6d090355aa4909e541e8a2c0f591f9efe,1,4,2742,147456,fc728dbaa6daaa82a4203a6ff61957511c448d9b071717fec55b7d730265a7b0
STACK,q16_f67cec3d,./workloads/query_stack/q16_f67cec3d.sql,query_split,0,ok,3155.591838061810,3155.591838061810,60000,fa879e4fc50b8c9696eb4dbd6a0b301941889f11c3953bede1a1f9308c6c8618,1,4,6476,532480,060bbe2720bbdb81a66b77a510c4f2b203ffb1f3aa094e8441595833d5e1ae05
STACK,q16_fbe34e8f,./workloads/query_stack/q16_fbe34e8f.sql,query_split,0,ok,1714.369684457779,1714.369684457779,60000,7202cb33d764a70a4db92f7ee198c34db2e7d59491dc31cc3c655d406dc29487,1,4,37214,1589248,759b34ea97a58506c2cad9e88addf7efdc8423cbc748144fca85b9ac9c55ad79
STACK,q1_q1-009,./workloads/query_stack/q1_q1-009.sql,query_split,0,ok,35.288818180561,35.288818180561,60000,c17f9563e35b1d3affbba9d589f0939444dd322b179133e04b468e4c071e85cb,1,3,28,16384,bb1c9c0b96ffd20e1c220cec7fa783ca8f8c5ddd81bbd69cc323146e14fa5db1
STACK,q1_q1-031,./workloads/query_stack/q1_q1-031.sql,query_split,0,ok,36.407604813576,36.407604813576,60000,c6851781f092f229ce385161d54d84a1934580365f9dbd03ce28cad1d40a1d73,1,3,19,16384,cfe62526b96895d7c50875843c74236af5a41149a85193a44b32df9c3bc44a43
STACK,q1_q1-035,./workloads/query_stack/q1_q1-035.sql,query_split,0,ok,38.315080106258,38.315080106258,60000,4c0f0a0bbb0c6e05c315b00e38442781160c6fb878b398b0d3c96fc9c63bf954,1,3,35,16384,525141ce81369df0cd79dda2254076390af7e3cd9f734fcc3a5f42d23ff272d0
STACK,q1_q1-067,./workloads/query_stack/q1_q1-067.sql,query_split,0,ok,119.410388171673,119.410388171673,60000,efd47e404577282b5d30f83a721f02a9e869b9fcd7d91266a565314a53d0814f,1,3,5507,270336,03d9a5e290dda2daba3222388cc97abea07e5026a6124e1044709a2a30ace9d2
STACK,q1_q1-075,./workloads/query_stack/q1_q1-075.sql,query_split,0,ok,161.411687731743,161.411687731743,60000,806ab1e6dc9ec99abde1ddb9090f84d77cca8c86224442c3ccbc840127773c20,1,3,9152,532480,d1ef5f6277292ae7dba754016e1f068c63d8ceb8284e9fc680ee160ec1cb6b83
STACK,q1_q1-098,./workloads/query_stack/q1_q1-098.sql,query_split,0,ok,18400.187611579895,18400.187611579895,60000,4095cbc1ecc697ca9f9646c193a5682ada5316dba77f81108b62ba3cb1a82ab6,1,3,881935,31989760,4912c5fcb6886647efbe6e333c99c22c5d4fceedef317123e79d60150b7e2c23
STACK,q1_q1-099,./workloads/query_stack/q1_q1-099.sql,query_split,0,ok,15496.668830513954,15496.668830513954,60000,43cad99fe214168bad67fa959cc8fb22a625668be9c526dcb4cda29c3f5f08c3,1,3,660971,24125440,190a2d82eef1fa0ca4fdf7e513f36ffee47aab063bfd5438731c4735b345afce
STACK,q1_q1-100,./workloads/query_stack/q1_q1-100.sql,query_split,0,ok,11522.721521556377,11522.721521556377,60000,30d34f6a188fd1b13047dc951deb7bfb9a74d8113d5f305ae8170f782b81c64f,1,3,747275,27271168,c72b84d32e35dad846d7fdcbab7e1acfbaf6515026497776132db03bc2fd0086
STACK,q2_q2-001,./workloads/query_stack/q2_q2-001.sql,query_split,0,ok,819.503754377365,819.503754377365,60000,c2a22d1cadee1419b10b6b0e89c3a6305e0a2763bbeb6505ce8afa140290b844,8,8,119176,5791744,3ed31a0171f6d05fa3605a485cbfa3d5495aab24b213277d17f2236eb883045a
STACK,q2_q2-012,./workloads/query_stack/q2_q2-012.sql,query_split,0,ok,785.485118627548,785.485118627548,60000,0c72a996aff17d5cf2385808714691e03eeae078feb603727bd285ed83162d82,42,8,127069,6840320,5542a17bc0d04cfc3dbaaca3f3e484f406f0a618bb9f2567066c6f649880b2c3
STACK,q2_q2-032,./workloads/query_stack/q2_q2-032.sql,query_split,0,ok,493.172414600849,493.172414600849,60000,216acde5b813524d45ac581fa2f7d38ac46b42e538ec967f54400b57065d6c7d,64,7,54328,2637824,efd043ace41d7e9997bae8e6950d2b33aa9f92a3bde6e6e178175b98c66d0dd9
STACK,q2_q2-035,./workloads/query_stack/q2_q2-035.sql,query_split,0,ok,760.534048080444,760.534048080444,60000,7dde5286d3a49e885c56ee37d42b39b5355f4bfe86288386030d4a14652eff42,260,7,108455,5791744,46b798204dca89d05273da073170ead9a7d6f3b741e50c29bfb42572343ebda1
STACK,q2_q2-050,./workloads/query_stack/q2_q2-050.sql,query_split,0,ok,429.660141468048,429.660141468048,60000,1e27f384fa81958d1078acb4bc8cbe0ad028ba630444fbf5b11bc7b9a721c652,5,7,52297,3170304,2594f53caeb1c0d93398135bea5a6bd2c67223ddd5a6558088d31b74d67beca4
STACK,q2_q2-081,./workloads/query_stack/q2_q2-081.sql,query_split,0,ok,611.949041485786,611.949041485786,60000,1a7d78a8eb8abd7af47cccb03fcdc9f93bc4eace3114dc327e9797bd85744335,87,8,81329,4218880,b54e4add558a83a0a47d5a5305cf05f2b7a090acc0f4db5be1b39c1d1a779727
STACK,q2_q2-094,./workloads/query_stack/q2_q2-094.sql,query_split,0,ok,616.239830851555,616.239830851555,60000,d0d8cdab081896241156e9724fb3acb1c9cffd1c34bf78ea9c055b48168fda45,17,8,95208,5267456,a034b6fc4a5a997ea1265c1ab948af1e25173c8caf5bb5c899b99db5458fd3f1
STACK,q2_q2-098,./workloads/query_stack/q2_q2-098.sql,query_split,0,ok,3234.431579709053,3234.431579709053,60000,296776255fa5947d731d01e34f4d9e5afc8f65b116b688516e1b4283bd45f000,96,8,1376223,58228736,c4bff86e0383d8ffc73c382a158178d02ac211f999d3b8ef9d29b11f37753a6a
STACK,q3_q3-018,./workloads/query_stack/q3_q3-018.sql,query_split,0,ok,738.697089254856,738.697089254856,60000,ce8ae4a1c41bb6ace1751e8b691713500edc7b921b9a42bfde4909ad43ad647a,1,9,143363,7102464,53e2e09712107d7a4b3efb0546e96e5d99a9b2c2af10a2634be75114f890e8d5
STACK,q3_q3-040,./workloads/query_stack/q3_q3-040.sql,query_split,0,ok,7135.544963181019,7135.544963181019,60000,7339417584b8a11219c126574a9eb259201d823711355fede0b243967980ea5c,1,8,866289,37773312,ba72edc809b59db8623e8cd9a097c4e76748cda3ddf9153d7d8b903f2e4a1857
STACK,q3_q3-043,./workloads/query_stack/q3_q3-043.sql,query_split,0,ok,1055.846363306046,1055.846363306046,60000,4c0f0a0bbb0c6e05c315b00e38442781160c6fb878b398b0d3c96fc9c63bf954,1,8,136724,5783552,ddebfcce430a3289cac91a2071e38814d1665de3e5be4a989bf57cc201ab2b2d
STACK,q3_q3-046,./workloads/query_stack/q3_q3-046.sql,query_split,0,ok,765.179283916950,765.179283916950,60000,64043c6a0d07cdab8939a506f1a097454642c5f07efa20f7d4c6ef417b0776a6,1,8,81403,3424256,a790373dce8f20880422ecd5a4e852d0f5182bf05444c43899cd6400ca1f285f
STACK,q3_q3-066,./workloads/query_stack/q3_q3-066.sql,query_split,0,ok,693.329572677612,693.329572677612,60000,8e1e8f5d1a4199b0ebf310296b9f7f61e32ae978687b0c87cb3da769ebd6e5f3,1,8,74553,3686400,53c6c61e7a64d423d520278af59ae7f001b386999c523d6cb79a2fcbc1fd8d09
STACK,q3_q3-068,./workloads/query_stack/q3_q3-068.sql,query_split,0,ok,1051.582887768745,1051.582887768745,60000,15ad17c1ee3ad2b2e90a786f175ae3444bf0014bf70e31f1019f72ed9a18b52a,1,8,195969,10510336,3f6c6288eea5d1e36e483f8d842c84e2a7d9515a517534fc9132024d5e9f9fe8
STACK,q3_q3-086,./workloads/query_stack/q3_q3-086.sql,query_split,0,ok,772.197522222996,772.197522222996,60000,7471f50a1908d54777534ac7b79962c5e0fbacd1732b5c22e4ba066329f8a78e,1,9,153988,8413184,9219d51da2f9f7320343da075584e0fa6cf56ca15cf9423133dea57f241a5f73
STACK,q3_q3-099,./workloads/query_stack/q3_q3-099.sql,query_split,0,ok,325.498685240746,325.498685240746,60000,fa879e4fc50b8c9696eb4dbd6a0b301941889f11c3953bede1a1f9308c6c8618,1,8,26904,1196032,6b44d2516ea023e305ae9ee281b0d52e7c833d89c14362ecfe4039c5633494cc
STACK,q4_q4-002,./workloads/query_stack/q4_q4-002.sql,query_split,0,ok,206.701397895813,206.701397895813,60000,8d9224427d50897f4028dc9ce9334831ba3edb2057fb9035641159bd97fd4b36,1,5,16974,1064960,5ce7f33525d84c47b68c6554114865d0c56d9d8fefa72b859c5bd88976af9b55
STACK,q4_q4-026,./workloads/query_stack/q4_q4-026.sql,query_split,0,ok,143.839947879314,143.839947879314,60000,6bb5579c822808fcb721d8cf11517f9c65d428fb1724a44346b6b50f66a5c12a,1,5,11145,540672,94ea1534220c43d44fd136439544c9071ac12f455e5c2e6d9bfc52fbb006dada
STACK,q4_q4-041,./workloads/query_stack/q4_q4-041.sql,query_split,0,ok,269.122369587421,269.122369587421,60000,8052f9dd5c2ce14bfe8b7a420b7826cf81794f93d4535bf03b3e955ca1d84b77,1,5,41134,2121728,25d682647de8c2941f24c467ff2b7bc70099f9fa72df6eb043f38944c408666e
STACK,q4_q4-042,./workloads/query_stack/q4_q4-042.sql,query_split,0,ok,180.604092776775,180.604092776775,60000,099f4aa74a0c476baaea1bc1bcc8e97e65f380bd7505b0e3c053b8ff1b3eabfa,1,5,10584,548864,5ca8da82a747b317c4676d41c653f4532725fd52acef2e68bcdcc300a4c3b303
STACK,q4_q4-064,./workloads/query_stack/q4_q4-064.sql,query_split,0,ok,143.624976277351,143.624976277351,60000,5bc034fe2d35132d09a20748a3a8eda5057620d1e40f06136eb5805ed1a2d193,1,5,11042,540672,32b0e09c8d05fde700d63a7f87d651fb0dbc2007c00289dba4d39735495c5c65
STACK,q4_q4-074,./workloads/query_stack/q4_q4-074.sql,query_split,0,ok,257.594905793667,257.594905793667,60000,52364deeccd5ed1ad0488d008c0dbde2320a4be5c9fd243b9a1b6315f8633526,1,5,29969,2113536,5bd5ce3f1f590035a1dbab3dfb1487694179c692cbf0ba47267053e69423ea92
STACK,q4_q4-086,./workloads/query_stack/q4_q4-086.sql,query_split,0,ok,213.753387331963,213.753387331963,60000,93034f366ea7f433ff55e70e5063853c27a605a794de24273d665ea1c169aaa5,1,5,30722,2138112,dc060cce1f1ec8abc7a1613fecb91899d59cc9802623e283800810ffce6b3487
STACK,q4_q4-089,./workloads/query_stack/q4_q4-089.sql,query_split,0,ok,204.378403723240,204.378403723240,60000,73081d2b1e0a4e71a4c298714c8eae13ea81cf0796f5434c40c682bd294aa1b6,1,5,21062,1089536,34544e5406dffcca54533710423da0621e65edef21e9da74890ad166fd1be090
STACK,q5_q5-015,./workloads/query_stack/q5_q5-015.sql,query_split,0,ok,71.437224745750,71.437224745750,60000,1858f04d363cf5872d24a5f919513b6bbc758306539d1fb71c7d8ae739b7dde3,1,5,289,40960,8957d16c6b6c7b162b9d641b0f8cdd3893649676bcecfd778e808d7299a4e89b
STACK,q5_q5-032,./workloads/query_stack/q5_q5-032.sql,query_split,0,ok,91.299854218960,91.299854218960,60000,c477fc5cdc9f42cb68ce4b5e84826064e0ef04fbabe63d5ca7f0fc8fb38f76f3,1,5,797,57344,b1d7d9c4429b883f8328378ec05fe98bdc69605c3ad490cd0a014c67fe0325dd
STACK,q5_q5-041,./workloads/query_stack/q5_q5-041.sql,query_split,0,ok,103.383794426918,103.383794426918,60000,cf96deac7d2faa6a3af89cedc636bf721427ff716ea6eb7050927ac3c0e0802a,1,5,1840,90112,b1b3c9afac2d9181cdc32e5e4f66a09c35350ce5d84f32ae03bbc00473ca9daf
STACK,q5_q5-052,./workloads/query_stack/q5_q5-052.sql,query_split,0,ok,75.871028006077,75.871028006077,60000,c6851781f092f229ce385161d54d84a1934580365f9dbd03ce28cad1d40a1d73,1,5,349,40960,09d9d1db78e17a56b629576dab7e7ebf5d4d47be9a2f691a37cb6fb9b4f8da9d
STACK,q5_q5-059,./workloads/query_stack/q5_q5-059.sql,query_split,0,ok,100.682757794857,100.682757794857,60000,2bb4771eebb7b47365089a6a19756f2e83053e8323d7cd31fa1b6cfcfa7c9c64,1,5,1570,98304,2912fcdd1e4c1c83dca0c03d5c6194e546e5dac83f4880eedde5f232b64afd4c
STACK,q5_q5-077,./workloads/query_stack/q5_q5-077.sql,query_split,0,ok,79.779431223869,79.779431223869,60000,2bb4771eebb7b47365089a6a19756f2e83053e8323d7cd31fa1b6cfcfa7c9c64,1,5,426,49152,7a04295ce315f643d111a7aa2b62f6daa34baba05c429d9cf89da336baaea392
STACK,q5_q5-079,./workloads/query_stack/q5_q5-079.sql,query_split,0,ok,137.871831655502,137.871831655502,60000,ad2301e16f8ac0e556a59dd245bfdf55c48548fd352f0cf92a385882c89aebbd,1,5,5177,294912,0a2e3df544880c14ff8d8938d0994c5806d5446334b6cda57f2474e111f2e5b8
STACK,q5_q5-082,./workloads/query_stack/q5_q5-082.sql,query_split,0,ok,107.082277536392,107.082277536392,60000,64043c6a0d07cdab8939a506f1a097454642c5f07efa20f7d4c6ef417b0776a6,1,5,2134,155648,fba301a5d57913f6d94e84fda51683ea688db9aef79494081e509d7a99f50775
STACK,q6_q6-002,./workloads/query_stack/q6_q6-002.sql,query_split,0,ok,94.794675707817,94.794675707817,60000,492b793683e8ee0b48e89a3fadeb7893533f8d436ad0e3a7fd5090567858a03d,1,5,908,65536,2908f508c0e9f8a0d3ae9744fc954c2242cb25e8f6ce991b764fa30ac66a85b5
STACK,q6_q6-009,./workloads/query_stack/q6_q6-009.sql,query_split,0,ok,70.844680070877,70.844680070877,60000,2bb4771eebb7b47365089a6a19756f2e83053e8323d7cd31fa1b6cfcfa7c9c64,1,5,257,32768,31631bfe945def4a1b7a9fbce431cd85ed676efdc0052b626844b49adadb8ebd
STACK,q6_q6-060,./workloads/query_stack/q6_q6-060.sql,query_split,0,ok,100.788936018944,100.788936018944,60000,9d496b98a2b4127b40592841377adc54986f308f7dee83ae1f1b877c695192c0,1,5,984,65536,614bb553d261c3520ae54d3f4c18186e01e9e11f1578b3764775968e1d477908
STACK,q6_q6-064,./workloads/query_stack/q6_q6-064.sql,query_split,0,ok,77.142231166363,77.142231166363,60000,e6f0f8d79adc05f93040da91ab04f3d215ad4b06c20176285c0994a20326a1c7,1,5,336,32768,abdffce016c5926620c05ff4bb9046f5a7f77a4ca64629f4a37c87f5aefaff86
STACK,q6_q6-065,./workloads/query_stack/q6_q6-065.sql,query_split,0,ok,78.172884881496,78.172884881496,60000,ad2301e16f8ac0e556a59dd245bfdf55c48548fd352f0cf92a385882c89aebbd,1,5,176,32768,5d250a6cfadedfb1f7ddd39ac0f590f9f6ed26e5c5aef125505e9bbbb1170a3b
STACK,q6_q6-067,./workloads/query_stack/q6_q6-067.sql,query_split,0,ok,80.064535140991,80.064535140991,60000,ad2301e16f8ac0e556a59dd245bfdf55c48548fd352f0cf92a385882c89aebbd,1,5,390,40960,f9577b2f967188f1b9f3eaf1e1e32ce6ba21dd7a6c0e2cf9495831ba5ed6b188
STACK,q6_q6-069,./workloads/query_stack/q6_q6-069.sql,query_split,0,ok,74.744038283825,74.744038283825,60000,ad2301e16f8ac0e556a59dd245bfdf55c48548fd352f0cf92a385882c89aebbd,1,5,190,32768,702b88cc8321ff2ebfe720e4cb1def6292f85c14b9ef800a37746c3d5cfca0da
STACK,q6_q6-085,./workloads/query_stack/q6_q6-085.sql,query_split,0,ok,71.613565087318,71.613565087318,60000,6bc192e9007268a766125dd12e9147e22327c03dc5f9824ad072a3f886d14f42,1,5,111,32768,d98ef6f5edce71c628df1ba89fbbcc86124cd686a952603c22bff086e7b5d393
STACK,q7_q7-034,./workloads/query_stack/q7_q7-034.sql,query_split,0,ok,5019.294373691082,5019.294373691082,60000,fa879e4fc50b8c9696eb4dbd6a0b301941889f11c3953bede1a1f9308c6c8618,1,3,44,8192,1a629663976bd0c23bd5c72b5c27a5a75b05c6c86976423ea6a3e6f5bd3553ae
STACK,q7_q7-036,./workloads/query_stack/q7_q7-036.sql,query_split,0,ok,5084.276303648949,5084.276303648949,60000,fa879e4fc50b8c9696eb4dbd6a0b301941889f11c3953bede1a1f9308c6c8618,1,3,29,24576,291cbd97afef282c8da43f74cf3a5c31c76f1cf90b5dbdebea4f66b5eaac8e45
STACK,q7_q7-047,./workloads/query_stack/q7_q7-047.sql,query_split,0,ok,5039.510063827038,5039.510063827038,60000,fa879e4fc50b8c9696eb4dbd6a0b301941889f11c3953bede1a1f9308c6c8618,1,3,1036,65536,4537e9b4431ae3b136ff6c1a4c32eafa66a75c27a34453d87e1ee294c37316f8
STACK,q7_q7-077,./workloads/query_stack/q7_q7-077.sql,query_split,0,ok,5087.740212678909,5087.740212678909,60000,91ceb6f253ad07a97c56603d48d7757d57db954f6118e3b861b1b2a27fffc679,1,3,427,40960,a4f07058b3589925d94bf438d0137724579d56338110c4e1af0877d29ecd7729
STACK,q7_q7-082,./workloads/query_stack/q7_q7-082.sql,query_split,0,ok,5067.474767565727,5067.474767565727,60000,64043c6a0d07cdab8939a506f1a097454642c5f07efa20f7d4c6ef417b0776a6,1,3,47,16384,ab09a9f3197bdb568af9eb5a78f74f04dfeb8f8395c98949ffa0151652246c6f
STACK,q7_q7-085,./workloads/query_stack/q7_q7-085.sql,query_split,0,ok,5052.933342754841,5052.933342754841,60000,6d776eb7da1ae8477f7038ddf562c90e9a7a7070bdd1e4229ad8df4edf82ad33,1,3,5599,393216,278cd2b1dd36c7bab1c29dd05e2abfba8ddad1d24a1a81b841c8c9fda924d124
STACK,q7_q7-095,./workloads/query_stack/q7_q7-095.sql,query_split,0,ok,5152.150213718414,5152.150213718414,60000,6e5557b7569a2d9a71b5f22b1f0b662ac75e91e1a3f70a0e8efb120b7f2df8f8,1,3,803,73728,5b07d9038efcd5dcd4d8bb62a6dd03e07a30d51df2472368a902c0337be0a43b
STACK,q7_q7-099,./workloads/query_stack/q7_q7-099.sql,query_split,0,ok,5089.104451239109,5089.104451239109,60000,e6097a493b497f00231f62efb8f5a998c223e2cd8bf8f4813d3f9efb2ac1da29,1,3,848,57344,df7a0e82a12701c104a9b61ad17e2de33a979c1a988b54197ed3f59477fe35e2
STACK,q8_q8-006,./workloads/query_stack/q8_q8-006.sql,query_split,0,ok,2164.841122925282,2164.841122925282,60000,fa879e4fc50b8c9696eb4dbd6a0b301941889f11c3953bede1a1f9308c6c8618,1,5,286949,15204352,452582401847c04fb123822e3161bbd7ac66b9d97256ca2c3635ac284c50424a
STACK,q8_q8-025,./workloads/query_stack/q8_q8-025.sql,query_split,0,ok,6915.034294128418,6915.034294128418,60000,fa879e4fc50b8c9696eb4dbd6a0b301941889f11c3953bede1a1f9308c6c8618,1,5,1229230,64487424,3e9f0380c878ff3a06439074bdd4e5ca867fb6fca4f8a5a70dd45e07ea12d2f0
STACK,q8_q8-046,./workloads/query_stack/q8_q8-046.sql,query_split,0,ok,4471.940487623215,4471.940487623215,60000,fa879e4fc50b8c9696eb4dbd6a0b301941889f11c3953bede1a1f9308c6c8618,1,5,655594,34603008,503e631402bf49069ef56540281c253833535d947d8565a5b3a9fa99b56e9035
STACK,q8_q8-062,./workloads/query_stack/q8_q8-062.sql,query_split,0,ok,5323.984012007713,5323.984012007713,60000,fa879e4fc50b8c9696eb4dbd6a0b301941889f11c3953bede1a1f9308c6c8618,1,5,770293,40370176,265c6b2b36256689be1f4d9724e788d9763c28e457376327d9a233b62a532517
STACK,q8_q8-065,./workloads/query_stack/q8_q8-065.sql,query_split,0,ok,2299.463428556919,2299.463428556919,60000,fa879e4fc50b8c9696eb4dbd6a0b301941889f11c3953bede1a1f9308c6c8618,1,5,290782,15204352,e9143d363e497fdd665467658f4e4542f836f1827794a9480144bcf50764586a
STACK,q8_q8-074,./workloads/query_stack/q8_q8-074.sql,query_split,0,ok,8170.876592397690,8170.876592397690,60000,fa879e4fc50b8c9696eb4dbd6a0b301941889f11c3953bede1a1f9308c6c8618,1,5,1457916,76546048,c894d54a22e5a62fd5bfe87ad26884c5c43f0043fce8464a4eef2e4884c3e777
STACK,q8_q8-076,./workloads/query_stack/q8_q8-076.sql,query_split,0,ok,2761.855356395245,2761.855356395245,60000,fa879e4fc50b8c9696eb4dbd6a0b301941889f11c3953bede1a1f9308c6c8618,1,5,355640,18874368,d2c2f6aa82aafcb65077e0bbfdfec7f93a269e2c6e712ed935a1af68194aa8bc
STACK,q8_q8-096,./workloads/query_stack/q8_q8-096.sql,query_split,0,ok,1906.330078840256,1906.330078840256,60000,fa879e4fc50b8c9696eb4dbd6a0b301941889f11c3953bede1a1f9308c6c8618,1,5,210635,11010048,e4bb09999fa2c977e88b9945603af2ad92c570558734bd1aa2fe6ee8aefa0a44
STACK,q11_0ea8bacd,./workloads/query_stack/q11_0ea8bacd.sql,top5,0,ok,267.028801143169,267.028801143169,60000,e349f2f2474df8d4f2d41b1fc06430a33d5c22c90af8234d1126eae004afa1f8,1,0,0,0,780829ee2b91d4d9d01d974c0cff03c25185b8f641a73ae1836b3755e5cc1a20
STACK,q11_33e1caf2,./workloads/query_stack/q11_33e1caf2.sql,top5,0,ok,150.514490902424,150.514490902424,60000,3b026bf77cd8c853ad726e848876fa9b9d14b214e0fdb060795e5de209531439,1,0,0,0,b4bdc1086910207cffd98d0577355bf7fa1a0ef6670906ef3558ac0ca3b524e7
STACK,q11_6c5cba41,./workloads/query_stack/q11_6c5cba41.sql,top5,0,ok,244.462259113789,244.462259113789,60000,9ee7ec0e2d68030c0bea45ce77084e1189b45131e00caed35c89c85b8c97506b,1,0,0,0,0b727dbaba5f7607e698d7892c1bb9da4c3f47eb461ffca97b08ae06bc440662
STACK,q11_87c4bd09,./workloads/query_stack/q11_87c4bd09.sql,top5,0,ok,750.377021729946,750.377021729946,60000,0adac76689f76028d5867469b355dcd74d4fa3a6e2559fbe6b8230f79b0e54ab,1,0,0,0,4cbbd6728dd349a6bb9a98525abb3e18f37aa5a18a28b56aa8008b05f2cc62ff
STACK,q11_9389f588,./workloads/query_stack/q11_9389f588.sql,top5,0,ok,123.109586536884,123.109586536884,60000,e8807f4432a7632fddcc1e5456323b9a012fd4239fe6350e77c649c813f56d17,1,0,0,0,409db114cb5ee6e3eaca800e38d1709c0e004831fe4782ed64dec6d856ee5177
STACK,q11_aa96c8d7,./workloads/query_stack/q11_aa96c8d7.sql,top5,0,ok,126.313529908657,126.313529908657,60000,70ae26643f4cb8280cc3f8568d58c9dcaae9ff78c7eb39886df79116206a91ef,1,0,0,0,34ed8ab4a62778312a00900f7724a37b86833f073727a60f23084d93984d8ac9
STACK,q11_c1ae2a99,./workloads/query_stack/q11_c1ae2a99.sql,top5,0,ok,3540.648095309734,3540.648095309734,60000,bb8e782f5dc25a16c10ffe18833283f7370c51fc216d687eb544549b48b557ee,1,0,0,0,97fb5a93f1b6cfebe59b75841d80fa107a2e6bb464d613848fc8321a8b56c894
STACK,q11_e4ca3559,./workloads/query_stack/q11_e4ca3559.sql,top5,0,ok,185.473553836346,185.473553836346,60000,ab3e2686f1f4fa73ecc53675c92aebd79c076e9ba20aacfba85c80ca50fd9f81,1,0,0,0,981e327f04d968b8482c933bb2a591cd0401749ca081b16532ce00c3e04a8596
STACK,q12_06c8d688,./workloads/query_stack/q12_06c8d688.sql,top5,0,ok,7711.790569126606,7711.790569126606,60000,7cbf5c7670ad4b36ecdc24b3e7d6e0b72f5c221a1ca93a703327ea17f0a33beb,9,0,0,0,e7dd141ec119d4464a6c9531cdcfe4258378610ce19732c51cdc989f00eea1cb
STACK,q12_07007205,./workloads/query_stack/q12_07007205.sql,top5,0,ok,7798.412241041660,7798.412241041660,60000,05bb5f175f4179b1313858f14bd4a26881b1d78c7677e41a72949d750e389322,14,0,0,0,2c9fab614f7ec0f0816cc3d127ca848590d89692b0ddef498acca268e0d5da59
STACK,q12_547c6bf1,./workloads/query_stack/q12_547c6bf1.sql,top5,0,ok,8256.039179861546,8256.039179861546,60000,9fbfc45e96c49c916707e21ed9289d7920e041e608ff529b37dc531d59ef2cbf,3,0,0,0,18ca36987209e1f18cad15ad717ad164c6cb115ccff9c39da68f92eb8f0846db
STACK,q12_55de941e,./workloads/query_stack/q12_55de941e.sql,top5,0,ok,8271.501749753952,8271.501749753952,60000,ed936f160a5bbf03b84f27326c40026d39192e8573f0bddfac6d48db21462eca,9,0,0,0,85513e620d6e533461e1c230542605f7ab2f9498c5e655c6b5bce0f9f2af5375
STACK,q12_5a5ff9bd,./workloads/query_stack/q12_5a5ff9bd.sql,top5,0,ok,8226.019985973835,8226.019985973835,60000,1a51bed290669655d6e645dbe3fa43bc3948d0b44ce6eaf21817db2c0f56de80,11,0,0,0,481329a2b47cf45f2e0ebff7894e1b5915210064852ff0235ebe2ded22abdd20
STACK,q12_76a47868,./workloads/query_stack/q12_76a47868.sql,top5,0,ok,8846.011124551296,8846.011124551296,60000,76e0efdb7c612efc084cab472853036e7af7c3f44b6fa0ac900f855a4d23837f,11,0,0,0,b0a7de88c8fef8fa345ae41acf1bb77f14464fe85a831e48ae38d498c7cb6113
STACK,q12_812a3eff,./workloads/query_stack/q12_812a3eff.sql,top5,0,ok,10059.627145528793,10059.627145528793,60000,d93d1c79cf73c78e79235ced2f92a14c120c18f4d839484bc6189f32792cf33e,12,0,0,0,0cd81c5f3cc839b28a8b1b5bf6a6ce473e6941f2bb1053db99decec5a95467f8
STACK,q12_bde6c0cf,./workloads/query_stack/q12_bde6c0cf.sql,top5,0,ok,7569.722957909107,7569.722957909107,60000,ed94496358940d6dcbd7d3fae6008a1bf59cf8a927d60aff7f4d025b2078c569,2,0,0,0,791ba7acca4856f9809ff33a79dd5ae962df6c8e27ab15cbe040996b0fc614ae
STACK,q13_13ad1b8c,./workloads/query_stack/q13_13ad1b8c.sql,top5,0,ok,13608.009785413742,13608.009785413742,60000,c27e557d38a3ef5f28a4686010fdcac1b4188a62c69d9bf8b73de7b6e1e1f667,100,0,0,0,947b04dc62fb1c5651da12ebfba1ca686ce48d873f89d007cda91abbd88abbcd
STACK,q13_1ddcc865,./workloads/query_stack/q13_1ddcc865.sql,top5,0,ok,13388.205915689468,13388.205915689468,60000,f04db08ffdd7b2d34c537b80c529d5ee4655c478bf55b6b443cda2c29fe8c485,100,0,0,0,510c8c80fe963531e3016e9cab0fdf75f7e2ed64b74c794f8baac9e7c31bc17e
STACK,q13_935e2051,./workloads/query_stack/q13_935e2051.sql,top5,0,ok,14981.372050940990,14981.372050940990,60000,4ca247db468282a1e541674fb553867c90f79d180147b80b93fa91cb4cf6b2fa,100,0,0,0,e17c68b69f5380f4923886e2991a4c2b50a4512e8ca07ab79b291f4c5721441c
STACK,q13_a091adce,./workloads/query_stack/q13_a091adce.sql,top5,0,ok,13409.203261137009,13409.203261137009,60000,a08c6a91086a32f0f168696c5193f4df662d2c7e1b5741b9192890614e79cb33,7,0,0,0,b485895d9b45588cd7777061d58183c1ac17292ea529ae55163478de12b4c496
STACK,q13_a3d03772,./workloads/query_stack/q13_a3d03772.sql,top5,0,ok,14360.410794615746,14360.410794615746,60000,d810a8f52be505eb1db3998aaf5b583b11c7f14faa86a86041dea72c4641a9d3,100,0,0,0,373615a58f8423e4fc0257d62173f2bce1c1030c906f61987fc1be3932ab5116
STACK,q13_add0df9d,./workloads/query_stack/q13_add0df9d.sql,top5,0,ok,15129.252403974533,15129.252403974533,60000,4daad1f8d536afd5e4a011cf36f5007c65521f947b5b789682c59e292db70bb8,100,0,0,0,e8071f52366e7c9c85c78cf2bcd73618b953013118890c9da3e6749f4fc08212
STACK,q13_d383cd5b,./workloads/query_stack/q13_d383cd5b.sql,top5,0,ok,12814.672566950321,12814.672566950321,60000,45dde614f4629165c93e3ca3a061d5d3fd50a3814f1e5d35356b3f6c35a2dd47,39,0,0,0,8d036a5893e0f043996d53ad41244197cc3de0403e4b2e7529153e06a176687a
STACK,q13_d4707be2,./workloads/query_stack/q13_d4707be2.sql,top5,0,ok,13232.159920036793,13232.159920036793,60000,9893535665d036e9aff66d0afd386a7ee4323f75c6446f606135ada96f04d69a,5,0,0,0,4afed8891b677bfafdef0b8c2956eb77bfa144db4d673fc3c627a96b93e822c2
STACK,q14_4063b6cb,./workloads/query_stack/q14_4063b6cb.sql,top5,0,ok,13435.280382633209,13435.280382633209,60000,b54c2097d06810c037d8f05a25b377fe885c5f81cf6f1e27b2336ff1675b26f5,1,0,0,0,d28bea98575fa65e1af8c9203b8437ae934d92d1986996221a316416d54d75f0
STACK,q14_5dbc1d1f,./workloads/query_stack/q14_5dbc1d1f.sql,top5,0,ok,18007.232300937176,18007.232300937176,60000,bb56c0df8119ed058c77621e5b7f3efa1a6af55aaef384fcac58e729b7d6e853,1,0,0,0,f340b4a89be32c65ba58db224e999dcdc9acc47e6fe1248323b702cdb0e0efc7
STACK,q14_5e4835cd,./workloads/query_stack/q14_5e4835cd.sql,top5,0,ok,13016.728915274143,13016.728915274143,60000,14127c168564cfe475a814f6f226c7b1548e036eee949d874aba3fd90031c613,1,0,0,0,229f027a8ff9a72990f6ac68c6a4896ce36a88d682bc347b7185e97e54d2b835
STACK,q14_63c0776f,./workloads/query_stack/q14_63c0776f.sql,top5,0,ok,14833.593271672726,14833.593271672726,60000,65419f1249c055759a971aeb710eb11b18f9baff0adab7df6bd23e65e14f1aa7,1,0,0,0,f7daf77fe002c366bed603ce9551bd0857ec8138cda4e923e8b34219f7854f53
STACK,q14_719e692d,./workloads/query_stack/q14_719e692d.sql,top5,0,ok,15162.815339863300,15162.815339863300,60000,ebb8d61d10ba762aebef5131b60d91915c71c0138f4d0434ee04e01d1df22f0b,1,0,0,0,f13e8611785e76a753997d2c2bf660c4a8ecdf7c5c45578a291f07c2030d7a0d
STACK,q14_74fd1af6,./workloads/query_stack/q14_74fd1af6.sql,top5,0,ok,16649.985745549202,16649.985745549202,60000,3b761369c29de1fbfbb19afc9da08d6a95e223b27fd34a05ff1d6982d5f19586,1,0,0,0,62d4f851571147e39560066b269392ba3c8315d78a63b95102de3caef5193839
STACK,q14_97e68ad5,./workloads/query_stack/q14_97e68ad5.sql,top5,0,ok,20552.237749099731,20552.237749099731,60000,334f2b776c8ce2494d66db9c13d72fa1a6e95ac709970f148a607f2b195eecb1,1,0,0,0,b7c70dc22653a83b640d5a9a8ffb43be8d514b64db9e628e9e5bc537e7d270a5
STACK,q14_b49361f8,./workloads/query_stack/q14_b49361f8.sql,top5,0,ok,15004.476815462112,15004.476815462112,60000,969d74d42f62e26fa0db6e5bcfbe73cfd39bd0bee628e1a2b7bac85672da7dc7,1,0,0,0,51f6b5cae0fc5e3aecd3c8f5b6446349f6e2f739d6c0e31917db7681a10c81ca
STACK,q15_21e4988a,./workloads/query_stack/q15_21e4988a.sql,top5,0,ok,372.335195541382,372.335195541382,60000,1660f09370e5a70e78b7f2e19fc4bf363f2543645d9e97ff5ced9c3ae4e4153d,53,0,0,0,f54931f67a86375892483aa010a2d304a91d553547af8b87fec46b06ab547a92
STACK,q15_3e37e626,./workloads/query_stack/q15_3e37e626.sql,top5,0,ok,1087.731890380383,1087.731890380383,60000,23394de368e19ac28a4f7d6417b11ebabbe2b953543d04a019e20db4f7330805,43,0,0,0,1c7f1336bf73c085a02774150d835f3d5e03d295205fc6c7d9396f756c0a2009
STACK,q15_543ab3f7,./workloads/query_stack/q15_543ab3f7.sql,top5,0,ok,315.630696713924,315.630696713924,60000,b5de167d40941317a62ce34f775428763184c054b938b979bdf442f507469adc,5,0,0,0,404e4406c2be61b4ffe6f7de8ad13ac1e93698d598db9af428a3a732c769ce74
STACK,q15_78995a5f,./workloads/query_stack/q15_78995a5f.sql,top5,0,ok,648.385636508465,648.385636508465,60000,f913fffa52ef6f774243dc5f5c15df98f650c6370cdb7631929071a81a6a6b2c,85,0,0,0,a34fdd3bca0b8adcbcb2bab4bbe196c1db0765215682e7c71c280d8336d7f9a6
STACK,q15_b2ee2c78,./workloads/query_stack/q15_b2ee2c78.sql,top5,0,ok,818.089306354523,818.089306354523,60000,4f2a2a4af4cc7c51e656a7011a3af7914868d559c69a1464aa67d54fdb02b16b,80,0,0,0,48ecb5cfb4249f92fceac8de5054f5a5016f60d03000714149cb8be4d3dd94b0
STACK,q15_b8ddf65b,./workloads/query_stack/q15_b8ddf65b.sql,top5,0,ok,546.094857156277,546.094857156277,60000,39f37f8d1931b3bdf767e7510dd69509fbf23af1f7654933d0a4d291cbdd4418,0,0,0,0,e4b2c938c9dcb9eb5b5a134698eeb6d817923cfb4af5d41b39dbe45605d09f10
STACK,q15_c9619ad4,./workloads/query_stack/q15_c9619ad4.sql,top5,0,ok,758.119791746140,758.119791746140,60000,6bd4586b45a0439088c3cc815feb62cfd22926e30b74e207eb611081b13bc629,33,0,0,0,5fa0a38dab0a50edc54010162d4d6362e846a87c7d23d4dd2e2df50d2f581a60
STACK,q15_d5546c01,./workloads/query_stack/q15_d5546c01.sql,top5,0,ok,235.036931931973,235.036931931973,60000,39f37f8d1931b3bdf767e7510dd69509fbf23af1f7654933d0a4d291cbdd4418,0,0,0,0,5515962b7b2a8c81a41da4b0e0dda7fe84d37674f7ca0b5be8fb938a11235c37
STACK,q16_1e863562,./workloads/query_stack/q16_1e863562.sql,top5,0,ok,7122.430212795734,7122.430212795734,60000,d1e57e7b71a37991f5cbf6c0748694fc9ed5016441100b48bbd5f218abc2a3af,1,0,0,0,928a84654bb3dbdfbe92f2273beadd98c8cca59f6a41e7665252296b56cd800d
STACK,q16_374e3e4c,./workloads/query_stack/q16_374e3e4c.sql,top5,0,ok,9710.404433310032,9710.404433310032,60000,54d4efd1b9fad2e2bea57e5b911106d37dfd248550e48caf6e5a16921c5cc884,1,0,0,0,9d10ca2c6e17f844aa416610d6767795c10f3bc42774e81d72d94a8c22802ead
STACK,q16_b1a96cd4,./workloads/query_stack/q16_b1a96cd4.sql,top5,0,ok,1151.383094489574,1151.383094489574,60000,41b58143a8eeb8fdec2ac943a75e5dce841e5f91f0195101e60066219d775f05,1,0,0,0,c9b73a2900b902886d7cfd467794f559b210c4c2d6f9e1887096759d908459c9
STACK,q16_d5290889,./workloads/query_stack/q16_d5290889.sql,top5,0,ok,291.695266962051,291.695266962051,60000,6df0e219ac573723d552586b66c486c20731ea236011d7d2c4401ec2789e452e,1,0,0,0,03e36bac3fe71111fd38b7f11a439b93c480e96102755b205c4c362dc6eb604f
STACK,q16_ea9efde5,./workloads/query_stack/q16_ea9efde5.sql,top5,0,ok,680.798314511776,680.798314511776,60000,ad066d12fc4fb54c3407e8d8ade387dbe9db61ad779fbaf8596895c87b6d15aa,1,0,0,0,df38eee5f959c22523c39df9e9443961666c253dd85045ad55022063ef19f95d
STACK,q16_ed2ffeae,./workloads/query_stack/q16_ed2ffeae.sql,top5,0,ok,3080.468319356441,3080.468319356441,60000,1f5b522694ac21e12061ac5fe3b435c6d090355aa4909e541e8a2c0f591f9efe,1,0,0,0,f12e5c159e39a8fb408eb6ffaa99baad207aa8fc966c9c4d8fa486ad8b765c89
STACK,q16_f67cec3d,./workloads/query_stack/q16_f67cec3d.sql,top5,0,ok,337.012074887753,337.012074887753,60000,fa879e4fc50b8c9696eb4dbd6a0b301941889f11c3953bede1a1f9308c6c8618,1,0,0,0,add03fe15eb37ffa7f40d35ed03daac1946c8e7ec5a7e9a7507cc28180e150ab
STACK,q16_fbe34e8f,./workloads/query_stack/q16_fbe34e8f.sql,top5,0,ok,8267.537854611874,8267.537854611874,60000,7202cb33d764a70a4db92f7ee198c34db2e7d59491dc31cc3c655d406dc29487,1,0,0,0,f8411144debc5a2719b807d098b1f2bdd59d5aed84e1ec0a7a29f0244d20d6d4
STACK,q1_q1-009,./workloads/query_stack/q1_q1-009.sql,top5,0,ok,60.044892132282,60.044892132282,60000,c17f9563e35b1d3affbba9d589f0939444dd322b179133e04b468e4c071e85cb,1,0,0,0,5c4aa14c5a999521ad9c3488e66bb81e763ed12f6398e4cc899a03330a26524e
STACK,q1_q1-031,./workloads/query_stack/q1_q1-031.sql,top5,0,ok,55.550903081894,55.550903081894,60000,c6851781f092f229ce385161d54d84a1934580365f9dbd03ce28cad1d40a1d73,1,0,0,0,e4515782c250d3c33b58a3bc55e5f2a70323d796a0c5098c33d8f10b684ab287
STACK,q1_q1-035,./workloads/query_stack/q1_q1-035.sql,top5,0,ok,55.233143270016,55.233143270016,60000,4c0f0a0bbb0c6e05c315b00e38442781160c6fb878b398b0d3c96fc9c63bf954,1,0,0,0,5ea9296f18e179c79037e5f27e7188bf1a707bc18a11da603b00e3ac78d24970
STACK,q1_q1-067,./workloads/query_stack/q1_q1-067.sql,top5,0,ok,123.559549450874,123.559549450874,60000,efd47e404577282b5d30f83a721f02a9e869b9fcd7d91266a565314a53d0814f,1,0,0,0,491045a457d3798f99a10a9dc4f4680f6c3faf8b925904b71b12574dc999b7fc
STACK,q1_q1-075,./workloads/query_stack/q1_q1-075.sql,top5,0,ok,155.315235257149,155.315235257149,60000,806ab1e6dc9ec99abde1ddb9090f84d77cca8c86224442c3ccbc840127773c20,1,0,0,0,b0e13e8eb8b393612dc033eff85e1454b435ad9445824338c08f975def0246e5
STACK,q1_q1-098,./workloads/query_stack/q1_q1-098.sql,top5,0,ok,5444.900266826153,5444.900266826153,60000,4095cbc1ecc697ca9f9646c193a5682ada5316dba77f81108b62ba3cb1a82ab6,1,0,0,0,aeb04988f3c829fc8ee1b3dac8df67f11a026da4bed48b5a7638dbed5c66ea78
STACK,q1_q1-099,./workloads/query_stack/q1_q1-099.sql,top5,0,ok,3468.172885477543,3468.172885477543,60000,43cad99fe214168bad67fa959cc8fb22a625668be9c526dcb4cda29c3f5f08c3,1,0,0,0,308639485371cfef3b1da194414aa88f8d41e9ee49a0576750e9bbb574378ab5
STACK,q1_q1-100,./workloads/query_stack/q1_q1-100.sql,top5,0,ok,4209.287524223328,4209.287524223328,60000,30d34f6a188fd1b13047dc951deb7bfb9a74d8113d5f305ae8170f782b81c64f,1,0,0,0,ca06d98a3408aa219c270f8fcebb840a1b73d51c52275ee0bb36f9e70662db8f
STACK,q2_q2-001,./workloads/query_stack/q2_q2-001.sql,top5,0,ok,22441.947191953659,22441.947191953659,60000,c2a22d1cadee1419b10b6b0e89c3a6305e0a2763bbeb6505ce8afa140290b844,8,0,0,0,363834094d594f638754a17f2192e24ac07831cda4a61e28fd945465bfacb01c
STACK,q2_q2-012,./workloads/query_stack/q2_q2-012.sql,top5,0,ok,20340.890452265739,20340.890452265739,60000,0c72a996aff17d5cf2385808714691e03eeae078feb603727bd285ed83162d82,42,0,0,0,2128fb594fcc83721691fe372c16613879196ae07e97c797f35d18aa2df74a28
STACK,q2_q2-032,./workloads/query_stack/q2_q2-032.sql,top5,0,ok,20209.645368158817,20209.645368158817,60000,216acde5b813524d45ac581fa2f7d38ac46b42e538ec967f54400b57065d6c7d,64,0,0,0,6cdf69b077f831da6984c0d9f7cf97a9202ef4d7e8e98ffbbf017a2fbdaba969
STACK,q2_q2-035,./workloads/query_stack/q2_q2-035.sql,top5,0,ok,19867.907121777534,19867.907121777534,60000,7dde5286d3a49e885c56ee37d42b39b5355f4bfe86288386030d4a14652eff42,260,0,0,0,893621533b8275ce06494eae0f1784da32fbf249005fd2112d3216f9f96731ae
STACK,q2_q2-050,./workloads/query_stack/q2_q2-050.sql,top5,0,ok,18307.194396853447,18307.194396853447,60000,1e27f384fa81958d1078acb4bc8cbe0ad028ba630444fbf5b11bc7b9a721c652,5,0,0,0,15953ed338e18f9343023d79158204627e328f498cd9b5fc14dbb0ab49dee3a6
STACK,q2_q2-081,./workloads/query_stack/q2_q2-081.sql,top5,0,ok,19340.499162673950,19340.499162673950,60000,1a7d78a8eb8abd7af47cccb03fcdc9f93bc4eace3114dc327e9797bd85744335,87,0,0,0,ba4aacdb8d26bbafa5b0299d1f3be350767e3404bfbff06d3f43c6e197459987
STACK,q2_q2-094,./workloads/query_stack/q2_q2-094.sql,top5,0,ok,18212.468214333057,18212.468214333057,60000,d0d8cdab081896241156e9724fb3acb1c9cffd1c34bf78ea9c055b48168fda45,17,0,0,0,d6bd201bd9d771e2669f6cd3e711dd25d7d3e50f0a1165b771b8b091cc9dea16
STACK,q2_q2-098,./workloads/query_stack/q2_q2-098.sql,top5,0,ok,48962.561324238777,48962.561324238777,60000,296776255fa5947d731d01e34f4d9e5afc8f65b116b688516e1b4283bd45f000,96,0,0,0,2012b9f4eee006ad9423ee21d6ca9bd9d430cfe716457ec64f4d59054de0c7f1
STACK,q3_q3-018,./workloads/query_stack/q3_q3-018.sql,top5,0,ok,35667.426437139511,35667.426437139511,60000,ce8ae4a1c41bb6ace1751e8b691713500edc7b921b9a42bfde4909ad43ad647a,1,0,0,0,88eddbfbd571c246b1ab2a5fbe49cfd97f40aab17ef51bec073e9ec6bddda04b
STACK,q3_q3-040,./workloads/query_stack/q3_q3-040.sql,top5,0,ok,45833.112150430679,45833.112150430679,60000,7339417584b8a11219c126574a9eb259201d823711355fede0b243967980ea5c,1,0,0,0,d4db69c8f0b57b2965d85e9a66319b4d7a6547afee13fb9259f13d85493826f3
STACK,q3_q3-043,./workloads/query_stack/q3_q3-043.sql,top5,0,ok,25734.665535390377,25734.665535390377,60000,4c0f0a0bbb0c6e05c315b00e38442781160c6fb878b398b0d3c96fc9c63bf954,1,0,0,0,eaaec6b47e66b573e50fbe0e4a239de94c5f71d30574ec1d58e5abca3afc2a43
STACK,q3_q3-046,./workloads/query_stack/q3_q3-046.sql,top5,0,ok,20592.407368123531,20592.407368123531,60000,64043c6a0d07cdab8939a506f1a097454642c5f07efa20f7d4c6ef417b0776a6,1,0,0,0,c855ee2e30b8ba433de6d0423c77ee217e1e0afcdd7811c25277c5567b9b78a9
STACK,q3_q3-066,./workloads/query_stack/q3_q3-066.sql,top5,0,ok,27219.823256134987,27219.823256134987,60000,8e1e8f5d1a4199b0ebf310296b9f7f61e32ae978687b0c87cb3da769ebd6e5f3,1,0,0,0,f0852af22cf1d80e887d3b56425f32459928290ab22f6d7f98fbaab6a2a44958
STACK,q3_q3-068,./workloads/query_stack/q3_q3-068.sql,top5,0,ok,23624.290503561497,23624.290503561497,60000,15ad17c1ee3ad2b2e90a786f175ae3444bf0014bf70e31f1019f72ed9a18b52a,1,0,0,0,edd87eac74a42e4da3e89c06021a4dc42c6816a5d817f5d8d762d582e64297da
STACK,q3_q3-086,./workloads/query_stack/q3_q3-086.sql,top5,0,ok,21421.659097075462,21421.659097075462,60000,7471f50a1908d54777534ac7b79962c5e0fbacd1732b5c22e4ba066329f8a78e,1,0,0,0,8792d9cd6127b2d49bb822f3240931085385ebf00a5576bc348fa170d665b3b6
STACK,q3_q3-099,./workloads/query_stack/q3_q3-099.sql,top5,0,ok,20908.020205795765,20908.020205795765,60000,fa879e4fc50b8c9696eb4dbd6a0b301941889f11c3953bede1a1f9308c6c8618,1,0,0,0,229fc415ef3da00944466f5ac98d557d11a149f407b05d2559601393c81c365f
STACK,q4_q4-002,./workloads/query_stack/q4_q4-002.sql,top5,0,ok,8416.911564767361,8416.911564767361,60000,8d9224427d50897f4028dc9ce9334831ba3edb2057fb9035641159bd97fd4b36,1,0,0,0,88c72f0ebc8fc006a1fd256548984114bd627eff66bf277483487636a9ad122f
STACK,q4_q4-026,./workloads/query_stack/q4_q4-026.sql,top5,0,ok,7945.122428238392,7945.122428238392,60000,6bb5579c822808fcb721d8cf11517f9c65d428fb1724a44346b6b50f66a5c12a,1,0,0,0,dbc0a736e273f1de464d249c326c61d1364787c5a313f59e0be5c0708f5d9bc8
STACK,q4_q4-041,./workloads/query_stack/q4_q4-041.sql,top5,0,ok,8652.739830315113,8652.739830315113,60000,8052f9dd5c2ce14bfe8b7a420b7826cf81794f93d4535bf03b3e955ca1d84b77,1,0,0,0,05bff6d53b2cde6b23e0b58dd2a403c043b9b06c8f9fa0d010a910d9dc17d1c4
STACK,q4_q4-042,./workloads/query_stack/q4_q4-042.sql,top5,0,ok,8415.022842586040,8415.022842586040,60000,099f4aa74a0c476baaea1bc1bcc8e97e65f380bd7505b0e3c053b8ff1b3eabfa,1,0,0,0,395484088b0db147d62648c6f6306688206d3c50a7f542b517bcaae3a5295e6f
STACK,q4_q4-064,./workloads/query_stack/q4_q4-064.sql,top5,0,ok,8345.479868352413,8345.479868352413,60000,5bc034fe2d35132d09a20748a3a8eda5057620d1e40f06136eb5805ed1a2d193,1,0,0,0,ebc9b05619ba56f57f9b1d30038f320540f2f627700a66e1e46d20d3d73ef4be
STACK,q4_q4-074,./workloads/query_stack/q4_q4-074.sql,top5,0,ok,8727.606967091560,8727.606967091560,60000,52364deeccd5ed1ad0488d008c0dbde2320a4be5c9fd243b9a1b6315f8633526,1,0,0,0,315e97d0068b78e76137a4bae6fc63761cdefcbcbacd823e4a019cf472be6c21
STACK,q4_q4-086,./workloads/query_stack/q4_q4-086.sql,top5,0,ok,7924.415320158005,7924.415320158005,60000,93034f366ea7f433ff55e70e5063853c27a605a794de24273d665ea1c169aaa5,1,0,0,0,c59fbb4ffa16c90df7b44ea96d537f102029125f6f42610d9af1cad4ba1c1fe7
STACK,q4_q4-089,./workloads/query_stack/q4_q4-089.sql,top5,0,ok,7863.647498190403,7863.647498190403,60000,73081d2b1e0a4e71a4c298714c8eae13ea81cf0796f5434c40c682bd294aa1b6,1,0,0,0,a8c0bacc9c8729ca64d8fb5c33861f96ddac901bc8d82df5aeb72a6a8bac70a2
STACK,q5_q5-015,./workloads/query_stack/q5_q5-015.sql,top5,0,ok,8637.813501060009,8637.813501060009,60000,1858f04d363cf5872d24a5f919513b6bbc758306539d1fb71c7d8ae739b7dde3,1,0,0,0,80747f6fa676c6ecbd4fc6d98618f4cc4665c7590027286527b03cb3332ef358
STACK,q5_q5-032,./workloads/query_stack/q5_q5-032.sql,top5,0,ok,8622.771717607975,8622.771717607975,60000,c477fc5cdc9f42cb68ce4b5e84826064e0ef04fbabe63d5ca7f0fc8fb38f76f3,1,0,0,0,0866a93eec1168e4f126ff346fc76e03567474b035836ed6ec30bc3cf9587434
STACK,q5_q5-041,./workloads/query_stack/q5_q5-041.sql,top5,0,ok,8035.012990236282,8035.012990236282,60000,cf96deac7d2faa6a3af89cedc636bf721427ff716ea6eb7050927ac3c0e0802a,1,0,0,0,f587a3a05faea1007249747615f6ab673e7248a98628563a0626fbceb273a632
STACK,q5_q5-052,./workloads/query_stack/q5_q5-052.sql,top5,0,ok,8555.194720625877,8555.194720625877,60000,c6851781f092f229ce385161d54d84a1934580365f9dbd03ce28cad1d40a1d73,1,0,0,0,0b37ec49e1f8886c4dc689effdda942f2407fa772fbdffacf082c14595b22825
STACK,q5_q5-059,./workloads/query_stack/q5_q5-059.sql,top5,0,ok,8354.998990893364,8354.998990893364,60000,2bb4771eebb7b47365089a6a19756f2e83053e8323d7cd31fa1b6cfcfa7c9c64,1,0,0,0,895dac90aeac5156f3a8281fec7fcbfdf7136ab90c354bc94c27921691139715
STACK,q5_q5-077,./workloads/query_stack/q5_q5-077.sql,top5,0,ok,8309.414602816105,8309.414602816105,60000,2bb4771eebb7b47365089a6a19756f2e83053e8323d7cd31fa1b6cfcfa7c9c64,1,0,0,0,8595e6e7c3cd8c7a7e03552ff926054f0b93da2a0dbb8f8947dd3a24936216d4
STACK,q5_q5-079,./workloads/query_stack/q5_q5-079.sql,top5,0,ok,7745.270222425461,7745.270222425461,60000,ad2301e16f8ac0e556a59dd245bfdf55c48548fd352f0cf92a385882c89aebbd,1,0,0,0,507847e1e840f1b9036d2edb9530a50c4d6972a4e9bdc0b6b4404c79fd4d5965
STACK,q5_q5-082,./workloads/query_stack/q5_q5-082.sql,top5,0,ok,8586.853146553040,8586.853146553040,60000,64043c6a0d07cdab8939a506f1a097454642c5f07efa20f7d4c6ef417b0776a6,1,0,0,0,3ded026f10674b0fd4edfe1d173803aae32484258ac5d312f3fd439dbf7fbf53
STACK,q6_q6-002,./workloads/query_stack/q6_q6-002.sql,top5,0,ok,8309.164419770241,8309.164419770241,60000,492b793683e8ee0b48e89a3fadeb7893533f8d436ad0e3a7fd5090567858a03d,1,0,0,0,5d1cf4439c52a344499be9fb49ff98e966fe5bafa1e11e2b86e7e4e45bd6be47
STACK,q6_q6-009,./workloads/query_stack/q6_q6-009.sql,top5,0,ok,7999.683059751987,7999.683059751987,60000,2bb4771eebb7b47365089a6a19756f2e83053e8323d7cd31fa1b6cfcfa7c9c64,1,0,0,0,b7da1c779bb07b194a5bf9205fdb84b02361ef1e14b5f17fd4dfd5b644708893
STACK,q6_q6-060,./workloads/query_stack/q6_q6-060.sql,top5,0,ok,7698.257327079773,7698.257327079773,60000,9d496b98a2b4127b40592841377adc54986f308f7dee83ae1f1b877c695192c0,1,0,0,0,b09f455c73754917fdc0bec3a01bbf5d325fc97edf6bb3b6eb3665f2acb85354
STACK,q6_q6-064,./workloads/query_stack/q6_q6-064.sql,top5,0,ok,7836.453028023243,7836.453028023243,60000,e6f0f8d79adc05f93040da91ab04f3d215ad4b06c20176285c0994a20326a1c7,1,0,0,0,456dcdfbbedb85edc11b4274c13a782648328eb955ddba61d18c7fc46bcbb61f
STACK,q6_q6-065,./workloads/query_stack/q6_q6-065.sql,top5,0,ok,8034.890875220299,8034.890875220299,60000,ad2301e16f8ac0e556a59dd245bfdf55c48548fd352f0cf92a385882c89aebbd,1,0,0,0,5c56797536112c4d5f28ed0471209fab40f1ac7644b0c7222589010527c65e1c
STACK,q6_q6-067,./workloads/query_stack/q6_q6-067.sql,top5,0,ok,8190.770938992500,8190.770938992500,60000,ad2301e16f8ac0e556a59dd245bfdf55c48548fd352f0cf92a385882c89aebbd,1,0,0,0,dc9321b10b79f210913eef67f382b8bbfe5bbd654c53a65a7d5f0095fe9aec00
STACK,q6_q6-069,./workloads/query_stack/q6_q6-069.sql,top5,0,ok,7541.010901331902,7541.010901331902,60000,ad2301e16f8ac0e556a59dd245bfdf55c48548fd352f0cf92a385882c89aebbd,1,0,0,0,72838f3b3f1a260ab9f5411d08532e3fa61634574e9fcafa5a2ef4b7158d1076
STACK,q6_q6-085,./workloads/query_stack/q6_q6-085.sql,top5,0,ok,8081.363417208195,8081.363417208195,60000,6bc192e9007268a766125dd12e9147e22327c03dc5f9824ad072a3f886d14f42,1,0,0,0,99eebbcd64f568533385292ef850ec1e9a1d8d1883a5a23f9a6e4e2606c4feca
STACK,q7_q7-034,./workloads/query_stack/q7_q7-034.sql,top5,0,ok,5673.094369471073,5673.094369471073,60000,fa879e4fc50b8c9696eb4dbd6a0b301941889f11c3953bede1a1f9308c6c8618,1,0,0,0,896998eab8b15894d188e1ad740666fc186666a859e69b54131d675460de483a
STACK,q7_q7-036,./workloads/query_stack/q7_q7-036.sql,top5,0,ok,6566.468134522438,6566.468134522438,60000,fa879e4fc50b8c9696eb4dbd6a0b301941889f11c3953bede1a1f9308c6c8618,1,0,0,0,2298c834b2bd8b925e12dafc1a422ed68c0b87598d902259764c90afc4dbd16a
STACK,q7_q7-047,./workloads/query_stack/q7_q7-047.sql,top5,0,ok,7110.312171280384,7110.312171280384,60000,fa879e4fc50b8c9696eb4dbd6a0b301941889f11c3953bede1a1f9308c6c8618,1,0,0,0,1729818fddf179229aede6b4f197f82d28beba7cd457e6c490625f8356c0f984
STACK,q7_q7-077,./workloads/query_stack/q7_q7-077.sql,top5,0,ok,6863.595291972160,6863.595291972160,60000,91ceb6f253ad07a97c56603d48d7757d57db954f6118e3b861b1b2a27fffc679,1,0,0,0,146b21bf5f468db636242e983fe812a052a5e17bc354f94c4aef5bbcc35abfe5
STACK,q7_q7-082,./workloads/query_stack/q7_q7-082.sql,top5,0,ok,6593.707568943501,6593.707568943501,60000,64043c6a0d07cdab8939a506f1a097454642c5f07efa20f7d4c6ef417b0776a6,1,0,0,0,ad196b55aec4e7e541e3255f36dd1a88d0deb4d0a65624dbea25a935210ac324
STACK,q7_q7-085,./workloads/query_stack/q7_q7-085.sql,top5,0,timeout,60000.528238713741,28252.325542271137,60000,,,0,0,0,09e0e90f8126ace1d6b3ed50166b8e613bd5dbf56ff571f22d064ca6a2188156
STACK,q7_q7-095,./workloads/query_stack/q7_q7-095.sql,top5,0,ok,6732.853919267654,6732.853919267654,60000,6e5557b7569a2d9a71b5f22b1f0b662ac75e91e1a3f70a0e8efb120b7f2df8f8,1,0,0,0,2728615a207cbf562aab86452810588fc66b4b0aea0c8d0cfbcea205ea41984d
STACK,q7_q7-099,./workloads/query_stack/q7_q7-099.sql,top5,0,ok,6702.596776187420,6702.596776187420,60000,e6097a493b497f00231f62efb8f5a998c223e2cd8bf8f4813d3f9efb2ac1da29,1,0,0,0,ed7805073be88ac97f7c4c3133f4ceaa6333dde27de44cb6fc88eeea47f57fd8
STACK,q8_q8-006,./workloads/query_stack/q8_q8-006.sql,top5,0,ok,10733.483158051968,10733.483158051968,60000,fa879e4fc50b8c9696eb4dbd6a0b301941889f11c3953bede1a1f9308c6c8618,1,0,0,0,a4309e1eb31250e36ac6ed900f6ee66f45caba2aa1b4918decb666bf94a52484
STACK,q8_q8-025,./workloads/query_stack/q8_q8-025.sql,top5,0,ok,1961.215965449810,1961.215965449810,60000,fa879e4fc50b8c9696eb4dbd6a0b301941889f11c3953bede1a1f9308c6c8618,1,0,0,0,32edf68cb9f28b70a9969e97b25ef3118f8f55a2277d97ba7a15af0095bd402d
STACK,q8_q8-046,./workloads/query_stack/q8_q8-046.sql,top5,0,ok,12394.172735512257,12394.172735512257,60000,fa879e4fc50b8c9696eb4dbd6a0b301941889f11c3953bede1a1f9308c6c8618,1,0,0,0,25af2108562665d6f8b01412acf9f1a5e1e52f19321d30909c90b13694990c03
STACK,q8_q8-062,./workloads/query_stack/q8_q8-062.sql,top5,0,ok,12898.684278130531,12898.684278130531,60000,fa879e4fc50b8c9696eb4dbd6a0b301941889f11c3953bede1a1f9308c6c8618,1,0,0,0,00ce0f6cc2d47b4342294a93fbda2a1fcab6472a8e9f7cfdb1c38407758b68bf
STACK,q8_q8-065,./workloads/query_stack/q8_q8-065.sql,top5,0,ok,11259.316511452198,11259.316511452198,60000,fa879e4fc50b8c9696eb4dbd6a0b301941889f11c3953bede1a1f9308c6c8618,1,0,0,0,59a2f0408ba84bd71ec06909be312c6f733a5b1c5a7adea77d0ad485dde58694
STACK,q8_q8-074,./workloads/query_stack/q8_q8-074.sql,top5,0,ok,13247.803159058094,13247.803159058094,60000,fa879e4fc50b8c9696eb4dbd6a0b301941889f11c3953bede1a1f9308c6c8618,1,0,0,0,d87d56536f87bd3fcc3f8c3388fe6c26378ca147149044d5a387357c289fa96a
STACK,q8_q8-076,./workloads/query_stack/q8_q8-076.sql,top5,0,ok,11760.740384459496,11760.740384459496,60000,fa879e4fc50b8c9696eb4dbd6a0b301941889f11c3953bede1a1f9308c6c8618,1,0,0,0,aeeb2bcee55e545dc3a3212b1dfd25031ab3ca41feab1cd61f2379e23457d25d
STACK,q8_q8-096,./workloads/query_stack/q8_q8-096.sql,top5,0,ok,11236.625157296658,11236.625157296658,60000,fa879e4fc50b8c9696eb4dbd6a0b301941889f11c3953bede1a1f9308c6c8618,1,0,0,0,2ee9af01f6dfd4876f91766967205974e1aed7d52f168f1efce28d5aa62c5ab8
