dataset,protocol,fold,sql_path,schedule_policy,fixed_alpha,runtime_ms,inference_ms,pg_runtime_ms,status,cache_hit,result_hash,result_rows,cache_id,trajectory_hash,checkpoint,actions_json
JOB,random,a,./workloads/query_job/10c.sql,fixed_0,0.0,7338.754929602146,46.871000000000,9237.700425088406,ok,1,73b0bf53e0d911a07eeb82a77e0c4d8e572b4a66464eabd6ab74eddeab66e4b6,1,5275764f2401195e6a544e22d0840536a2b4d9dbc51295d150077f21d0be35f0,7be0ed4c0418942f410676f64fb624dbfd313a5ca9b19dcc7240b853e5df589a,./results/models/job/random/a/best.pt,"[{""action"":{""high_action"":""stop"",""order_decision"":""only_cost""},""phase"":""high""},{""action"":{""search_k"":1,""search_strategy"":""default""},""phase"":""search""},{""action"":{""execution_action"":""conservative"",""lip_action"":""selective""},""phase"":""low""}]"
JOB,random,a,./workloads/query_job/11d.sql,fixed_0,0.0,230.543747544289,75.763000000000,138.537377119064,ok,1,de7342ed1d49ddb4af769ed803430202f4e99db6d34267ee2b58c1cbcee1f279,1,5ac4cb4ae75270882624867ac1cf2695549de7e5303c0679198919ca3f7c04ec,d5a4653df31810ede5fe552e8e52da489eb78d0b5f1d94cbc80c4ba03a3e09cf,./results/models/job/random/a/best.pt,"[{""action"":{""high_action"":""stop"",""order_decision"":""only_cost""},""phase"":""high""},{""action"":{""search_k"":1,""search_strategy"":""default""},""phase"":""search""},{""action"":{""execution_action"":""none"",""lip_action"":""none""},""phase"":""low""}]"
JOB,random,a,./workloads/query_job/13a.sql,fixed_0,0.0,2518.219463527203,16.506000000000,4301.647722721100,ok,1,5ee98befd3d641c6753778abf08e4c9202a00380903807997963bc6fbf2344d1,1,41b19fc481696c7748cd5c7c2871b079064f5afe898caaefc11de0c05c1a1df6,9240fac0a0e0c8a9e03c9e9f8a1daa05d4dba5f8a4d3641f869ad5579ff529a5,./results/models/job/random/a/best.pt,"[{""action"":{""high_action"":""stop"",""order_decision"":""only_cost""},""phase"":""high""},{""action"":{""search_k"":1,""search_strategy"":""default""},""phase"":""search""},{""action"":{""execution_action"":""conservative"",""lip_action"":""selective""},""phase"":""low""}]"
JOB,random,a,./workloads/query_job/13b.sql,fixed_0,0.0,1214.693494141102,90.474000000000,1089.247480034828,ok,1,3d96d4044fccab21095254c6b5ee60e7d430f8e3a04d0eb12bc3df93c0a121c3,1,bd5575bc2586996551abcbbe6aa53f734f17dc24991a03f35dc44a5309955189,4554399e8ce618524f4fcff267e6e5b20ae1cfa35fb8f6f917ccbd30c3d5588a,./results/models/job/random/a/best.pt,"[{""action"":{""high_action"":""stop"",""order_decision"":""only_cost""},""phase"":""high""},{""action"":{""search_k"":1,""search_strategy"":""default""},""phase"":""search""},{""action"":{""execution_action"":""none"",""lip_action"":""none""},""phase"":""low""}]"
JOB,random,a,./workloads/query_job/13d.sql,fixed_0,0.0,4458.047494292259,53.782000000000,5162.559963762760,ok,1,23a870573284058686cb251c6ba164baa8ae4f5ef07cfb8c562be705ab7dee88,1,3a1396031b44384677afb9d25db64eeb442401fb0a52c11ac82d4fd155436e92,20f7e545ede9a395cb9c94d320bfc957b88cbc78a7a41816b93f9131bca95c1d,./results/models/job/random/a/best.pt,"[{""action"":{""high_action"":""stop"",""order_decision"":""only_cost""},""phase"":""high""},{""action"":{""search_k"":1,""search_strategy"":""default""},""phase"":""search""},{""action"":{""execution_action"":""conservative"",""lip_action"":""selective""},""phase"":""low""}]"
JOB,random,a,./workloads/query_job/15c.sql,fixed_0,0.0,801.194056868553,83.216000000000,986.266545951366,ok,1,089e136e8a705182e20d1d2d2df976cada5b59fa92a88f7c18af99db6fa72368,1,6a5059fef85836b2aee4039639564405d3cd364491998d2e9502edc8a161f84d,2ec908c854406737ed6f5213d668c7fc55664f26a149b1e9ab5e9191fc96ad50,./results/models/job/random/a/best.pt,"[{""action"":{""high_action"":""stop"",""order_decision"":""only_cost""},""phase"":""high""},{""action"":{""search_k"":1,""search_strategy"":""default""},""phase"":""search""},{""action"":{""execution_action"":""none"",""lip_action"":""none""},""phase"":""low""}]"
JOB,random,a,./workloads/query_job/17d.sql,fixed_0,0.0,1625.907652080059,107.898000000000,7518.435984849930,ok,0,9a519542553c082aa22cad711ded801827b50f2fc8a7b5078563cb2b04a7428e,1,409444472510f83ae5cee592e4bc62cddc8c2fd291b89a6d6f015bc78c88e2ad,7e0f618110f1e4b47cbda91d5d085b02c8df23f8e6a95ba9f9762d1fa5aeb4b8,./results/models/job/random/a/best.pt,"[{""action"":{""high_action"":""split"",""order_decision"":""only_cost""},""phase"":""high""},{""action"":{""candidate_id"":2,""schedule_alpha"":0.0},""phase"":""select""},{""action"":{""search_k"":1,""search_strategy"":""default""},""phase"":""search""},{""action"":{""execution_action"":""none"",""lip_action"":""none""},""phase"":""low""},{""action"":{""high_action"":""split"",""order_decision"":""only_cost""},""phase"":""high""},{""action"":{""candidate_id"":0,""schedule_alpha"":0.0},""phase"":""select""},{""action"":{""search_k"":1,""search_strategy"":""default""},""phase"":""search""},{""action"":{""execution_action"":""none"",""lip_action"":""none""},""phase"":""low""},{""action"":{""high_action"":""stop"",""order_decision"":""only_cost""},""phase"":""high""},{""action"":{""search_k"":1,""search_strategy"":""default""},""phase"":""search""},{""action"":{""execution_action"":""none"",""lip_action"":""none""},""phase"":""low""}]"
JOB,random,a,./workloads/query_job/18b.sql,fixed_0,0.0,843.499906361103,120.801000000000,399.334855377674,ok,0,6635682ea66176cb4b122c8c01b41b06001993191e9889f440da443126fcee38,1,54def5fd2791477544dc7017c60c2fe4e7a6ed7993eef961731a0ed3c70709e8,3d0530436b05ebfebca36b31415a7076c201f58ece2892f7bf42ffc65377e1c4,./results/models/job/random/a/best.pt,"[{""action"":{""high_action"":""split"",""order_decision"":""only_cost""},""phase"":""high""},{""action"":{""candidate_id"":2,""schedule_alpha"":0.0},""phase"":""select""},{""action"":{""search_k"":1,""search_strategy"":""default""},""phase"":""search""},{""action"":{""execution_action"":""none"",""lip_action"":""none""},""phase"":""low""},{""action"":{""high_action"":""split"",""order_decision"":""only_cost""},""phase"":""high""},{""action"":{""candidate_id"":1,""schedule_alpha"":0.0},""phase"":""select""},{""action"":{""search_k"":1,""search_strategy"":""default""},""phase"":""search""},{""action"":{""execution_action"":""none"",""lip_action"":""none""},""phase"":""low""},{""action"":{""high_action"":""stop"",""order_decision"":""only_cost""},""phase"":""high""},{""action"":{""search_k"":1,""search_strategy"":""default""},""phase"":""search""},{""action"":{""execution_action"":""none"",""lip_action"":""none""},""phase"":""low""}]"
JOB,random,a,./workloads/query_job/18c.sql,fixed_0,0.0,9285.773031413555,140.327000000000,9879.471488296986,ok,0,542307488c7a1ab1b7cc860d07b9bcba2943079fcc1b17924c4d69c8285fa274,1,c3d1a26ab584fc2ebfc53cfc3760fbd4c564a2e43ac96b0d1863eb9e899a5fb1,8d11c08bef7b4b0acee16e9ee0120688559c8baceb210ebd15bbf0462f6e6ce2,./results/models/job/random/a/best.pt,"[{""action"":{""high_action"":""split"",""order_decision"":""only_cost""},""phase"":""high""},{""action"":{""candidate_id"":1,""schedule_alpha"":0.0},""phase"":""select""},{""action"":{""search_k"":1,""search_strategy"":""default""},""phase"":""search""},{""action"":{""execution_action"":""none"",""lip_action"":""none""},""phase"":""low""},{""action"":{""high_action"":""split"",""order_decision"":""only_cost""},""phase"":""high""},{""action"":{""candidate_id"":1,""schedule_alpha"":0.0},""phase"":""select""},{""action"":{""search_k"":1,""search_strategy"":""default""},""phase"":""search""},{""action"":{""execution_action"":""conservative"",""lip_action"":""selective""},""phase"":""low""},{""action"":{""high_action"":""stop"",""order_decision"":""only_cost""},""phase"":""high""},{""action"":{""search_k"":1,""search_strategy"":""default""},""phase"":""search""},{""action"":{""execution_action"":""conservative"",""lip_action"":""selective""},""phase"":""low""}]"
JOB,random,a,./workloads/query_job/19b.sql,fixed_0,0.0,613.825887441635,74.049000000000,511.048525571823,ok,1,91275ea0a7bef7c58863c590bb17df5976280a00d3553ff0ccfd2fc85a34dfb6,1,c487f37a3c6d0b8e1c01b8618bb317bca68f06cda35b66651846cb58606cfefc,7d9cbef0e835991ac8b2ac7aeca6abefeb45dd44303cf41ce96996a812ed59ee,./results/models/job/random/a/best.pt,"[{""action"":{""high_action"":""stop"",""order_decision"":""only_cost""},""phase"":""high""},{""action"":{""search_k"":1,""search_strategy"":""default""},""phase"":""search""},{""action"":{""execution_action"":""none"",""lip_action"":""none""},""phase"":""low""}]"
JOB,random,a,./workloads/query_job/19c.sql,fixed_0,0.0,3567.063786089420,214.280000000000,1972.019322216511,ok,0,5bb686926c7ac803228b08a35834a98c97bfac4d34377d9f0e0143ed1c846478,1,b7aba9973c3924ef72b6df3d805f97735cd9cfde46567b077a4ecfbd128b83ea,a8cb96d2819dcad731314af077127ef73bbc7de519f1cceccb7162464edab796,./results/models/job/random/a/best.pt,"[{""action"":{""high_action"":""split"",""order_decision"":""only_cost""},""phase"":""high""},{""action"":{""candidate_id"":1,""schedule_alpha"":0.0},""phase"":""select""},{""action"":{""search_k"":1,""search_strategy"":""default""},""phase"":""search""},{""action"":{""execution_action"":""none"",""lip_action"":""none""},""phase"":""low""},{""action"":{""high_action"":""split"",""order_decision"":""only_cost""},""phase"":""high""},{""action"":{""candidate_id"":2,""schedule_alpha"":0.0},""phase"":""select""},{""action"":{""search_k"":1,""search_strategy"":""default""},""phase"":""search""},{""action"":{""execution_action"":""none"",""lip_action"":""none""},""phase"":""low""},{""action"":{""high_action"":""split"",""order_decision"":""only_cost""},""phase"":""high""},{""action"":{""candidate_id"":1,""schedule_alpha"":0.0},""phase"":""select""},{""action"":{""search_k"":1,""search_strategy"":""default""},""phase"":""search""},{""action"":{""execution_action"":""none"",""lip_action"":""none""},""phase"":""low""},{""action"":{""high_action"":""stop"",""order_decision"":""only_cost""},""phase"":""high""},{""action"":{""search_k"":1,""search_strategy"":""default""},""phase"":""search""},{""action"":{""execution_action"":""none"",""lip_action"":""none""},""phase"":""low""}]"
JOB,random,a,./workloads/query_job/1a.sql,fixed_0,0.0,94.836473464966,40.285000000000,125.739857554436,ok,1,4509535bf8626cc136208e1b88afc7aa478160ccf6b340e66765b9bcf2288a38,1,1c839f0a1247f8e470bd458c0dd324f6595b8129d2e73f9a3beb0fbad274ffdc,deddc01784861663d77d45eedc92ed8d235d1bb7504213c41bb9977194fe66c2,./results/models/job/random/a/best.pt,"[{""action"":{""high_action"":""stop"",""order_decision"":""only_cost""},""phase"":""high""},{""action"":{""search_k"":1,""search_strategy"":""default""},""phase"":""search""},{""action"":{""execution_action"":""conservative"",""lip_action"":""selective""},""phase"":""low""}]"
JOB,random,a,./workloads/query_job/20a.sql,fixed_0,0.0,6552.303269505501,203.272000000000,4446.739353239536,ok,0,b9480e419c0d039ed6aaa9978ef27229df665cc5a98eb6295b1a8948ca1efa8c,1,5dce54d7f0b28c7d7b4fe7bff0107daa4b79c5b4c06d7d900dc3185c24385052,9648fb25a9639d93ac7c38b10fb22b513a294a44ba61a42cf90c1c1e1f9b096d,./results/models/job/random/a/best.pt,"[{""action"":{""high_action"":""split"",""order_decision"":""only_cost""},""phase"":""high""},{""action"":{""candidate_id"":2,""schedule_alpha"":0.0},""phase"":""select""},{""action"":{""search_k"":1,""search_strategy"":""default""},""phase"":""search""},{""action"":{""execution_action"":""none"",""lip_action"":""none""},""phase"":""low""},{""action"":{""high_action"":""split"",""order_decision"":""only_cost""},""phase"":""high""},{""action"":{""candidate_id"":1,""schedule_alpha"":0.0},""phase"":""select""},{""action"":{""search_k"":1,""search_strategy"":""default""},""phase"":""search""},{""action"":{""execution_action"":""conservative"",""lip_action"":""selective""},""phase"":""low""},{""action"":{""high_action"":""split"",""order_decision"":""only_cost""},""phase"":""high""},{""action"":{""candidate_id"":0,""schedule_alpha"":0.0},""phase"":""select""},{""action"":{""search_k"":1,""search_strategy"":""default""},""phase"":""search""},{""action"":{""execution_action"":""none"",""lip_action"":""none""},""phase"":""low""},{""action"":{""high_action"":""stop"",""order_decision"":""only_cost""},""phase"":""high""},{""action"":{""search_k"":1,""search_strategy"":""default""},""phase"":""search""},{""action"":{""execution_action"":""conservative"",""lip_action"":""selective""},""phase"":""low""}]"
JOB,random,a,./workloads/query_job/22a.sql,fixed_0,0.0,629.684254527092,73.611000000000,534.385412931442,ok,1,6bee5e8659b220bbe1e6582e8e5bea8f9a97ac298b4a7f5246846c1413c5c2c3,1,fbb968bba775747b3e0b54643e893649e8f41c9257a3cb564710493d403099a8,e07ec0fe5b9bba5e9c63036cf67af2e60c8b26c77279db2bc573dd018d6f84e1,./results/models/job/random/a/best.pt,"[{""action"":{""high_action"":""stop"",""order_decision"":""only_cost""},""phase"":""high""},{""action"":{""search_k"":1,""search_strategy"":""default""},""phase"":""search""},{""action"":{""execution_action"":""none"",""lip_action"":""none""},""phase"":""low""}]"
JOB,random,a,./workloads/query_job/22c.sql,fixed_0,0.0,2035.862550139427,89.258000000000,2017.125643789768,ok,1,18e529eeadd28daacd2cb90fcff55d8be4573ecfaaf76cd6e1ddb1dd25ff265c,1,67c91aa92958941bff045a8d2c4da0c344edb17394eb3af91b4b543afeea2e0f,81bf82442f10392e66644157f98c9c5e731eac0bb552484e907c5840d0eacc99,./results/models/job/random/a/best.pt,"[{""action"":{""high_action"":""stop"",""order_decision"":""only_cost""},""phase"":""high""},{""action"":{""search_k"":1,""search_strategy"":""default""},""phase"":""search""},{""action"":{""execution_action"":""none"",""lip_action"":""none""},""phase"":""low""}]"
JOB,random,a,./workloads/query_job/22d.sql,fixed_0,0.0,1059.323564171791,79.043000000000,940.366297960281,ok,1,5469e96c680a925a1c749d9befcbc02caea70a0c986dfa8291bc858fe10392ac,1,e156dcd682c97edba243de758b0670fda555e09f3010da23cbe6a13911f7a843,034f5b395596a60dfa13fe2c3d7de2099201f7f3ccf6407b00c479fa29dd1221,./results/models/job/random/a/best.pt,"[{""action"":{""high_action"":""stop"",""order_decision"":""only_cost""},""phase"":""high""},{""action"":{""search_k"":1,""search_strategy"":""default""},""phase"":""search""},{""action"":{""execution_action"":""none"",""lip_action"":""none""},""phase"":""low""}]"
JOB,random,a,./workloads/query_job/23b.sql,fixed_0,0.0,209.684148430824,80.585000000000,124.304994940758,ok,1,f3a7f99f72b0caf860606e57aed9dc89d96aec3d96e1b92fd2104119ba77b59b,1,7d91588d90cf3f62d17ad7f50a9c93ff5a3e6af79c5483981cf7f8e143d2cf49,2e3ac61a4c3492025e775a219d2615ea5260a4d71f54601c108f1bfc62e3175c,./results/models/job/random/a/best.pt,"[{""action"":{""high_action"":""stop"",""order_decision"":""only_cost""},""phase"":""high""},{""action"":{""search_k"":1,""search_strategy"":""default""},""phase"":""search""},{""action"":{""execution_action"":""none"",""lip_action"":""none""},""phase"":""low""}]"
JOB,random,a,./workloads/query_job/26b.sql,fixed_0,0.0,541.862428188324,172.976000000000,253.062307834625,ok,0,52c5df37c8602881f0acfe405e5a4f38ddcec08893afde614bdc4c3ed35bf58f,1,c188f082701fe80e55ac13535ea022ec0a94be68a7cdc9425fcf86b6f020b4d8,e1f7cceeefae57b5ffa95d4b7e0d29081988649efd69bb8b111045a15edd011e,./results/models/job/random/a/best.pt,"[{""action"":{""high_action"":""split"",""order_decision"":""only_cost""},""phase"":""high""},{""action"":{""candidate_id"":3,""schedule_alpha"":0.0},""phase"":""select""},{""action"":{""search_k"":1,""search_strategy"":""default""},""phase"":""search""},{""action"":{""execution_action"":""none"",""lip_action"":""none""},""phase"":""low""},{""action"":{""high_action"":""split"",""order_decision"":""only_cost""},""phase"":""high""},{""action"":{""candidate_id"":3,""schedule_alpha"":0.0},""phase"":""select""},{""action"":{""search_k"":1,""search_strategy"":""default""},""phase"":""search""},{""action"":{""execution_action"":""none"",""lip_action"":""none""},""phase"":""low""},{""action"":{""high_action"":""split"",""order_decision"":""only_cost""},""phase"":""high""},{""action"":{""candidate_id"":0,""schedule_alpha"":0.0},""phase"":""select""},{""action"":{""search_k"":1,""search_strategy"":""default""},""phase"":""search""},{""action"":{""execution_action"":""none"",""lip_action"":""none""},""phase"":""low""},{""action"":{""high_action"":""stop"",""order_decision"":""only_cost""},""phase"":""high""},{""action"":{""search_k"":1,""search_strategy"":""default""},""phase"":""search""},{""action"":{""execution_action"":""conservative"",""lip_action"":""selective""},""phase"":""low""}]"
JOB,random,a,./workloads/query_job/28c.sql,fixed_0,0.0,1462.902680039406,93.876000000000,1357.850536704063,ok,1,991e8b67081098ca2488bedc79afe1881f2df52affbd0cf95312f4fb04855bd7,1,44786839196803076f694a42ea77fe7dbf087e6d129705b727260222ad0640b9,6e0e9e34366290554801d0f64aed71fbaf36f532c2078ebf64704f208727138d,./results/models/job/random/a/best.pt,"[{""action"":{""high_action"":""stop"",""order_decision"":""only_cost""},""phase"":""high""},{""action"":{""search_k"":1,""search_strategy"":""default""},""phase"":""search""},{""action"":{""execution_action"":""none"",""lip_action"":""none""},""phase"":""low""}]"
JOB,random,a,./workloads/query_job/2a.sql,fixed_0,0.0,721.579730510712,60.570000000000,2242.476612329483,ok,1,fc90f3c2c15c5abce95811297c6b9a8ee98e4e03347ce9e79c8ce8e6b57b03a0,1,0995feb2bcd3f7f0309e5327fcc700850effde3e159b0c7405c2a29e9f46ba89,398c0ef785bfd21c05bc6e7a8542f94d8a4d991a6823510e5d9a1f92176a4728,./results/models/job/random/a/best.pt,"[{""action"":{""high_action"":""stop"",""order_decision"":""only_cost""},""phase"":""high""},{""action"":{""search_k"":1,""search_strategy"":""default""},""phase"":""search""},{""action"":{""execution_action"":""none"",""lip_action"":""none""},""phase"":""low""}]"
JOB,random,a,./workloads/query_job/30b.sql,fixed_0,0.0,826.195135712624,71.761000000000,575.853057205677,ok,1,9debd188f6a0b8138ba60e6d549daaba2133a2011cbd29d42025eebe31205230,1,4116ce8722c9b9636e65bc3c48c005f08ab88a2e4817d717b483b296fc1e829a,d5faf9736e1c4363ab6217244b64baa208d0a79206a296cae811a1ff573d48c6,./results/models/job/random/a/best.pt,"[{""action"":{""high_action"":""split"",""order_decision"":""only_cost""},""phase"":""high""},{""action"":{""candidate_id"":2,""schedule_alpha"":0.0},""phase"":""select""},{""action"":{""search_k"":1,""search_strategy"":""default""},""phase"":""search""},{""action"":{""execution_action"":""none"",""lip_action"":""none""},""phase"":""low""},{""action"":{""high_action"":""split"",""order_decision"":""only_cost""},""phase"":""high""},{""action"":{""candidate_id"":2,""schedule_alpha"":0.0},""phase"":""select""},{""action"":{""search_k"":1,""search_strategy"":""default""},""phase"":""search""},{""action"":{""execution_action"":""none"",""lip_action"":""none""},""phase"":""low""},{""action"":{""high_action"":""split"",""order_decision"":""only_cost""},""phase"":""high""},{""action"":{""candidate_id"":2,""schedule_alpha"":0.0},""phase"":""select""},{""action"":{""search_k"":1,""search_strategy"":""default""},""phase"":""search""},{""action"":{""execution_action"":""none"",""lip_action"":""none""},""phase"":""low""},{""action"":{""high_action"":""split"",""order_decision"":""only_cost""},""phase"":""high""},{""action"":{""candidate_id"":0,""schedule_alpha"":0.0},""phase"":""select""},{""action"":{""search_k"":1,""search_strategy"":""default""},""phase"":""search""},{""action"":{""execution_action"":""none"",""lip_action"":""none""},""phase"":""low""},{""action"":{""high_action"":""stop"",""order_decision"":""only_cost""},""phase"":""high""},{""action"":{""search_k"":1,""search_strategy"":""default""},""phase"":""search""},{""action"":{""execution_action"":""none"",""lip_action"":""none""},""phase"":""low""}]"
JOB,random,a,./workloads/query_job/30c.sql,fixed_0,0.0,2759.785987436771,272.945000000000,2905.365847051144,ok,0,9def3478d3162492b92bb76237115759aec29176d767191b8cd5def2da2391c9,1,0519465e3d00be83461af5eae4fbfaef73dec5dae5a35f6bc1f903081aa1ce4d,257e605915d3f57077aa86db9910fe1735c3dddaf037cf09302452504774b30b,./results/models/job/random/a/best.pt,"[{""action"":{""high_action"":""split"",""order_decision"":""only_cost""},""phase"":""high""},{""action"":{""candidate_id"":4,""schedule_alpha"":0.0},""phase"":""select""},{""action"":{""search_k"":1,""search_strategy"":""default""},""phase"":""search""},{""action"":{""execution_action"":""none"",""lip_action"":""none""},""phase"":""low""},{""action"":{""high_action"":""split"",""order_decision"":""only_cost""},""phase"":""high""},{""action"":{""candidate_id"":2,""schedule_alpha"":0.0},""phase"":""select""},{""action"":{""search_k"":1,""search_strategy"":""default""},""phase"":""search""},{""action"":{""execution_action"":""none"",""lip_action"":""none""},""phase"":""low""},{""action"":{""high_action"":""split"",""order_decision"":""only_cost""},""phase"":""high""},{""action"":{""candidate_id"":2,""schedule_alpha"":0.0},""phase"":""select""},{""action"":{""search_k"":1,""search_strategy"":""default""},""phase"":""search""},{""action"":{""execution_action"":""conservative"",""lip_action"":""selective""},""phase"":""low""},{""action"":{""high_action"":""split"",""order_decision"":""only_cost""},""phase"":""high""},{""action"":{""candidate_id"":0,""schedule_alpha"":0.0},""phase"":""select""},{""action"":{""search_k"":1,""search_strategy"":""default""},""phase"":""search""},{""action"":{""execution_action"":""none"",""lip_action"":""none""},""phase"":""low""},{""action"":{""high_action"":""stop"",""order_decision"":""only_cost""},""phase"":""high""},{""action"":{""search_k"":1,""search_strategy"":""default""},""phase"":""search""},{""action"":{""execution_action"":""none"",""lip_action"":""none""},""phase"":""low""}]"
JOB,random,a,./workloads/query_job/31c.sql,fixed_0,0.0,1225.882925093174,279.198000000000,8280.486769974232,ok,0,09c5cf7e96fa8a299de4f7088731cf8e370fa7af16a3438017bcf08c6d8905ae,1,c308845368aea0409978bd12caf3c54ba444a65b05a4bf6afa023243a8e71967,b72ba73822c6d130f717675ced4724a31563be6563d77dc04e90a10e44b07778,./results/models/job/random/a/best.pt,"[{""action"":{""high_action"":""split"",""order_decision"":""only_cost""},""phase"":""high""},{""action"":{""candidate_id"":4,""schedule_alpha"":0.0},""phase"":""select""},{""action"":{""search_k"":1,""search_strategy"":""default""},""phase"":""search""},{""action"":{""execution_action"":""none"",""lip_action"":""none""},""phase"":""low""},{""action"":{""high_action"":""split"",""order_decision"":""only_cost""},""phase"":""high""},{""action"":{""candidate_id"":1,""schedule_alpha"":0.0},""phase"":""select""},{""action"":{""search_k"":1,""search_strategy"":""default""},""phase"":""search""},{""action"":{""execution_action"":""none"",""lip_action"":""none""},""phase"":""low""},{""action"":{""high_action"":""split"",""order_decision"":""only_cost""},""phase"":""high""},{""action"":{""candidate_id"":1,""schedule_alpha"":0.0},""phase"":""select""},{""action"":{""search_k"":1,""search_strategy"":""default""},""phase"":""search""},{""action"":{""execution_action"":""none"",""lip_action"":""none""},""phase"":""low""},{""action"":{""high_action"":""split"",""order_decision"":""only_cost""},""phase"":""high""},{""action"":{""candidate_id"":1,""schedule_alpha"":0.0},""phase"":""select""},{""action"":{""search_k"":1,""search_strategy"":""default""},""phase"":""search""},{""action"":{""execution_action"":""none"",""lip_action"":""none""},""phase"":""low""},{""action"":{""high_action"":""stop"",""order_decision"":""only_cost""},""phase"":""high""},{""action"":{""search_k"":1,""search_strategy"":""default""},""phase"":""search""},{""action"":{""execution_action"":""none"",""lip_action"":""none""},""phase"":""low""}]"
JOB,random,a,./workloads/query_job/32a.sql,fixed_0,0.0,106.169357895851,61.572000000000,24.523176252842,ok,1,38cf683886cf6fdc55596ffbf14756cbedd54a4091ef744fb773fc7f37ce3139,1,8ad21930b0a8a23f5e33825167d833a61153d8cb7d5be09d4b81d3cd0617fb08,6521cf5a0b6f3b22a0ad0976142ceeb4f99e5a166efc1656f2af4246846945f6,./results/models/job/random/a/best.pt,"[{""action"":{""high_action"":""stop"",""order_decision"":""only_cost""},""phase"":""high""},{""action"":{""search_k"":1,""search_strategy"":""default""},""phase"":""search""},{""action"":{""execution_action"":""none"",""lip_action"":""none""},""phase"":""low""}]"
JOB,random,a,./workloads/query_job/33a.sql,fixed_0,0.0,1601.651534438135,151.261270046234,320.330306887627,timeout,1,,,6a38fb395b06f945854ef0423937019deed322f9f962b26950ed9c16f02e744d,fa594c1a4fdeab5f64d3b129587c0c0a4f712df879f10cbd6d27e8d77dd8eb52,./results/models/job/random/a/best.pt,"[{""action"":{""high_action"":""stop"",""order_decision"":""only_cost""},""phase"":""high""},{""action"":{""search_k"":1,""search_strategy"":""default""},""phase"":""search""},{""action"":{""execution_action"":""conservative"",""lip_action"":""selective""},""phase"":""low""}]"
JOB,random,a,./workloads/query_job/33b.sql,fixed_0,0.0,1542.342230677605,134.586967527866,308.468446135521,timeout,1,,,e14647709a68dddcaae13776734ffd6414f1e12c54e94e082601741ffb8e0629,b201c719d5a109414c888ae5bf745ad936fdb1dee0b4aa1d892016f619f72675,./results/models/job/random/a/best.pt,"[{""action"":{""high_action"":""stop"",""order_decision"":""only_cost""},""phase"":""high""},{""action"":{""search_k"":1,""search_strategy"":""default""},""phase"":""search""},{""action"":{""execution_action"":""conservative"",""lip_action"":""selective""},""phase"":""low""}]"
JOB,random,a,./workloads/query_job/3b.sql,fixed_0,0.0,209.415115416050,52.491000000000,109.037376940250,ok,1,f09c4919f4c92a95515be773a486d51c5e5ccd19e0f5087b7c0f0ab64cd137cf,1,ae4004cc7b799ac793b059f8e836f1f30e1c7aa97f606ea09a38a5bf3249c9b0,84d29a7505c100bf2b8246c9be5df5e592cf34845dd9f212ac76a18b80591379,./results/models/job/random/a/best.pt,"[{""action"":{""high_action"":""stop"",""order_decision"":""only_cost""},""phase"":""high""},{""action"":{""search_k"":1,""search_strategy"":""default""},""phase"":""search""},{""action"":{""execution_action"":""none"",""lip_action"":""none""},""phase"":""low""}]"
JOB,random,a,./workloads/query_job/3c.sql,fixed_0,0.0,434.940822422504,46.477000000000,1851.131595671177,ok,1,78dc828b7194ccb46ee35f89eb2f2152e11378ef17a14837d364bb6f73cc0769,1,53f67ff744c691ea1d11ad08bd66770e31b5d5aa38acafd34f0975631c915b0a,96e9d72d112021ea7a50ee4fa22fcb86c62c2674cad615984e03bcc5b27fb2a5,./results/models/job/random/a/best.pt,"[{""action"":{""high_action"":""stop"",""order_decision"":""only_cost""},""phase"":""high""},{""action"":{""search_k"":1,""search_strategy"":""default""},""phase"":""search""},{""action"":{""execution_action"":""none"",""lip_action"":""none""},""phase"":""low""}]"
JOB,random,a,./workloads/query_job/4a.sql,fixed_0,0.0,227.734640240669,61.976000000000,311.795756220818,ok,1,748155aaa114d016eb288dab57d2b91f8907ee5678c3789b9df355aec3a5f474,1,06bfce65a48f6ab1199c4a9bba913510f7b8a82566d50963a11f84c92b9f7a89,2f9a3e127c3ab3e6665cac74c39561a0b74685029816cdd480e956e204ddd92e,./results/models/job/random/a/best.pt,"[{""action"":{""high_action"":""stop"",""order_decision"":""only_cost""},""phase"":""high""},{""action"":{""search_k"":1,""search_strategy"":""default""},""phase"":""search""},{""action"":{""execution_action"":""none"",""lip_action"":""none""},""phase"":""low""}]"
JOB,random,a,./workloads/query_job/4b.sql,fixed_0,0.0,203.850194811821,54.375000000000,263.578563928604,ok,1,c2e5045abfc8ecfbd0b40e2ecf04f734592cd5b76e223f977e6c366b9f571679,1,dace7f2a6b2b3cb8f35621d48df5ec2f440e2897681e0d2e3c4876fb41206ea6,c21d9dceadadd56d12c23a7bf4d2f8851ef8d99b4b124434b2d5518b3a1905d4,./results/models/job/random/a/best.pt,"[{""action"":{""high_action"":""stop"",""order_decision"":""only_cost""},""phase"":""high""},{""action"":{""search_k"":1,""search_strategy"":""default""},""phase"":""search""},{""action"":{""execution_action"":""none"",""lip_action"":""none""},""phase"":""low""}]"
JOB,random,a,./workloads/query_job/5b.sql,fixed_0,0.0,319.519981741905,60.291000000000,213.582336902618,ok,1,4f78f1a55542d807d5eaabd4ee2244ee9ba0258958f7de1c1ef4598cd5b46ab1,1,f78fd9dcfdefdabe6ccf1417c71f47a3f55d557440d5af502154d3407164641c,1fd4a63b9958e07a71cbd3739d6400aa3d0fe2f076e8994ee47643feaec1c52d,./results/models/job/random/a/best.pt,"[{""action"":{""high_action"":""stop"",""order_decision"":""only_cost""},""phase"":""high""},{""action"":{""search_k"":1,""search_strategy"":""default""},""phase"":""search""},{""action"":{""execution_action"":""none"",""lip_action"":""none""},""phase"":""low""}]"
JOB,random,a,./workloads/query_job/6b.sql,fixed_0,0.0,615.375079214573,80.318000000000,784.166216850281,ok,1,2b959ee9a358222cd3f680b4de1a9c2be8556432140123daad1b20aa89815ab9,1,641f869fc5e3d23ec92809cd95809943fbe0dd6df2db5390d645efe621c3cc70,e194e038b670a64bb44ffbd55e2602b685334574aac4653936a7878171e9898f,./results/models/job/random/a/best.pt,"[{""action"":{""high_action"":""split"",""order_decision"":""only_cost""},""phase"":""high""},{""action"":{""candidate_id"":0,""schedule_alpha"":0.0},""phase"":""select""},{""action"":{""search_k"":1,""search_strategy"":""default""},""phase"":""search""},{""action"":{""execution_action"":""none"",""lip_action"":""none""},""phase"":""low""},{""action"":{""high_action"":""stop"",""order_decision"":""only_cost""},""phase"":""high""},{""action"":{""search_k"":1,""search_strategy"":""default""},""phase"":""search""},{""action"":{""execution_action"":""none"",""lip_action"":""none""},""phase"":""low""}]"
JOB,random,a,./workloads/query_job/6f.sql,fixed_0,0.0,3574.127852916718,97.686000000000,4596.369124948978,ok,1,ce75c2032883b5ebfbc1826c33aee0cbee3a05005e8a664ad50142f57e258055,1,765e5758ce054dfd81380a5cd886038757eeb14660d48c9369d04b7b68456058,15609bf6fb56df9b0a39765c26361bff6c1cc59a95425ab778a1f5364e9725e8,./results/models/job/random/a/best.pt,"[{""action"":{""high_action"":""split"",""order_decision"":""only_cost""},""phase"":""high""},{""action"":{""candidate_id"":1,""schedule_alpha"":0.0},""phase"":""select""},{""action"":{""search_k"":1,""search_strategy"":""default""},""phase"":""search""},{""action"":{""execution_action"":""none"",""lip_action"":""none""},""phase"":""low""},{""action"":{""high_action"":""stop"",""order_decision"":""only_cost""},""phase"":""high""},{""action"":{""search_k"":1,""search_strategy"":""default""},""phase"":""search""},{""action"":{""execution_action"":""none"",""lip_action"":""none""},""phase"":""low""}]"
JOB,random,a,./workloads/query_job/8a.sql,fixed_0,0.0,2227.720022201538,48.031000000000,6612.681291997433,ok,1,83ca1ebec91355240bb85797c81f9f6b8a96392c57707c100978708f49ae71e9,1,73718f4b13eeaee44908b29c966eb3cd5194734f660c4b9b5321e15b934ac32c,d8dfda3b35ef2b118e1b1a0326172cba6af9863eaedc023def1943885ecc71dc,./results/models/job/random/a/best.pt,"[{""action"":{""high_action"":""stop"",""order_decision"":""only_cost""},""phase"":""high""},{""action"":{""search_k"":1,""search_strategy"":""default""},""phase"":""search""},{""action"":{""execution_action"":""conservative"",""lip_action"":""selective""},""phase"":""low""}]"
JOB,random,a,./workloads/query_job/9a.sql,fixed_0,0.0,881.695315241814,77.628000000000,1133.110374212265,ok,1,886c7581cf3aa969ef759925c2f5ff04f028206a5c5d8bf1705580bbaac34c47,1,5c60e0fb6187f83d8c4459e1c364362583fa03f6dd31b13217182f0d4af891c0,02a906cc3e3be3274c46029454d253473b105c9abf0ddd061cbdde580bb6b0c8,./results/models/job/random/a/best.pt,"[{""action"":{""high_action"":""stop"",""order_decision"":""only_cost""},""phase"":""high""},{""action"":{""search_k"":1,""search_strategy"":""default""},""phase"":""search""},{""action"":{""execution_action"":""none"",""lip_action"":""none""},""phase"":""low""}]"
JOB,random,a,./workloads/query_job/9b.sql,fixed_0,0.0,856.529012322426,75.122000000000,946.450598537922,ok,1,8078dd223231eda190e9f3cf026f80ab7e46a368b87b14254a00ad3dcf6f4f90,1,b294b8877b6b33ef1ad86f3b2674ccaceda7d1f0629658d3bb9496c492de625e,dd44dfa822a7b8222ec7c897602c2224d841b880ee19caa62f8058576e5f503f,./results/models/job/random/a/best.pt,"[{""action"":{""high_action"":""stop"",""order_decision"":""only_cost""},""phase"":""high""},{""action"":{""search_k"":1,""search_strategy"":""default""},""phase"":""search""},{""action"":{""execution_action"":""none"",""lip_action"":""none""},""phase"":""low""}]"
JOB,random,a,./workloads/query_job/9d.sql,fixed_0,0.0,4051.779113709927,75.075000000000,5509.525291621685,ok,1,0e289ef9aab62d7cdc6d31fb6a14d705898bc5aae64eda813c4c66eea1574c1a,1,edcb2421819dd3bd5216ca8f01ded7b51fff1f50f281715adf5dd145339f2950,d1e172d21207fd171a5c293d2e9e0ea21c80da8970a17bd585b3135e6d94f39d,./results/models/job/random/a/best.pt,"[{""action"":{""high_action"":""stop"",""order_decision"":""only_cost""},""phase"":""high""},{""action"":{""search_k"":1,""search_strategy"":""default""},""phase"":""search""},{""action"":{""execution_action"":""none"",""lip_action"":""none""},""phase"":""low""}]"
JOB,random,b,./workloads/query_job/10a.sql,fixed_0,0.0,1002.688966691494,94.257000000000,1062.002897262573,ok,1,929d0b936421c3cc037300fc273cb56746f39627e96a60da4dd6863044511457,1,4f7e839273e2685d2478269c637edaa5281dbe2f7d2e46a40b69ed63f97c1fc7,37056096cdce64f3e0de756e91f0795bd242c7889ff016532a7ebe7d775832c4,./results/models/job/random/b/best.pt,"[{""action"":{""high_action"":""stop"",""order_decision"":""only_cost""},""phase"":""high""},{""action"":{""search_k"":1,""search_strategy"":""default""},""phase"":""search""},{""action"":{""execution_action"":""none"",""lip_action"":""none""},""phase"":""low""}]"
JOB,random,b,./workloads/query_job/10b.sql,fixed_0,0.0,618.509158492088,49.673000000000,550.015948712826,ok,1,706843969f310473a0308417223dbd3b01f9c23dd72c30ca6a320928a1c6d9a0,1,31dfcfe0dcefc0d13b798aa177b2c159eae2cd8b2df4ca73b41e49f8cec79585,46f5b5c8c8601f726be430904a2a83c89bc14ad0680c46fbaafefe79eb639849,./results/models/job/random/b/best.pt,"[{""action"":{""high_action"":""stop"",""order_decision"":""only_cost""},""phase"":""high""},{""action"":{""search_k"":1,""search_strategy"":""default""},""phase"":""search""},{""action"":{""execution_action"":""none"",""lip_action"":""none""},""phase"":""low""}]"
JOB,random,b,./workloads/query_job/11b.sql,fixed_0,0.0,151.234090328217,59.877000000000,70.258535444736,ok,1,1140a97472e10ce6316cd6b2747dee298183b9dfeb896f858eb6598def2645fe,1,026a2923932822f165f6fd040a30c9759823e34a3db99ee5ca1cc0a48517dee7,68fb8e53f42b6ccd63bb8a2c8a303d69feaeddca6a26ecdcf57254f750cfbf28,./results/models/job/random/b/best.pt,"[{""action"":{""high_action"":""stop"",""order_decision"":""only_cost""},""phase"":""high""},{""action"":{""search_k"":1,""search_strategy"":""default""},""phase"":""search""},{""action"":{""execution_action"":""none"",""lip_action"":""none""},""phase"":""low""}]"
JOB,random,b,./workloads/query_job/11c.sql,fixed_0,0.0,231.095977127552,61.431000000000,159.269966185093,ok,1,e03dd6f5aa7f119762f6b549c488852bbe23e0297bd479e5946f75c06ef1bbca,1,24418b7045c0af9849674710ca42999c3805444262db5bf7797fe686d71e37c5,ae6e4fb1018295cf1d19a1a0332a31434e3b9510a1a38511fdc64432f92a3cb7,./results/models/job/random/b/best.pt,"[{""action"":{""high_action"":""stop"",""order_decision"":""only_cost""},""phase"":""high""},{""action"":{""search_k"":1,""search_strategy"":""default""},""phase"":""search""},{""action"":{""execution_action"":""none"",""lip_action"":""none""},""phase"":""low""}]"
JOB,random,b,./workloads/query_job/12b.sql,fixed_0,0.0,98.602868616581,72.312000000000,20.849838852882,ok,1,c6ff9ec06ce589c648d889e9e9021a68976c3ccf8550d7c147b5054bdddcb545,1,e96311daa843971c31b4777946179ee6f2fcaa606bf8a9e5a8943fece9eabc47,a8ae3fa79df451e276b6cb006aaa2be2115d6339447fee522e5e03d30058411c,./results/models/job/random/b/best.pt,"[{""action"":{""high_action"":""stop"",""order_decision"":""only_cost""},""phase"":""high""},{""action"":{""search_k"":1,""search_strategy"":""default""},""phase"":""search""},{""action"":{""execution_action"":""none"",""lip_action"":""none""},""phase"":""low""}]"
JOB,random,b,./workloads/query_job/12c.sql,fixed_0,0.0,1603.018276393414,64.149000000000,4895.386449992657,ok,1,fc048ce250bbfdae76cc58594ab66716a3f413669bed819d0adf4b9851bbc9c4,1,3f0dc46b469f123899b8f0afac5166360a9515b80cc119000d34b9cbbc595dcc,68ee8c3f6408ae0343d5961725fef8765955d0c9d2a9c07826613b56075b3273,./results/models/job/random/b/best.pt,"[{""action"":{""high_action"":""stop"",""order_decision"":""only_cost""},""phase"":""high""},{""action"":{""search_k"":1,""search_strategy"":""default""},""phase"":""search""},{""action"":{""execution_action"":""none"",""lip_action"":""none""},""phase"":""low""}]"
JOB,random,b,./workloads/query_job/14b.sql,fixed_0,0.0,279.425911605358,61.577000000000,186.990559101105,ok,1,74085e27c595ac219c6257d663e3ccccdf16299520347ac5488a715783f18a41,1,72a86d3d410bfa8934473ad17b8e7e16a21295b330a8bcd538f5852679bda3ae,b7f924adc34a99b4ec429ddf830cfbe725ab749ec67ec3c573a55542056563db,./results/models/job/random/b/best.pt,"[{""action"":{""high_action"":""stop"",""order_decision"":""only_cost""},""phase"":""high""},{""action"":{""search_k"":1,""search_strategy"":""default""},""phase"":""search""},{""action"":{""execution_action"":""none"",""lip_action"":""none""},""phase"":""low""}]"
JOB,random,b,./workloads/query_job/14c.sql,fixed_0,0.0,836.652174592018,78.703000000000,729.836747050285,ok,1,f13c3a0e601dd42f5abd41675e0438c06c7c79b9e0a6b2e6974fe4952b94c09e,1,2abc81e56f24824f74cc57c7f68064f7a2e09c477aec58c412dbca1e121b7bf4,52871e2475eac0fb6a8f61ee16c7d11f4f2be3a94a972dacb2c8640df25f1167,./results/models/job/random/b/best.pt,"[{""action"":{""high_action"":""stop"",""order_decision"":""only_cost""},""phase"":""high""},{""action"":{""search_k"":1,""search_strategy"":""default""},""phase"":""search""},{""action"":{""execution_action"":""none"",""lip_action"":""none""},""phase"":""low""}]"
JOB,random,b,./workloads/query_job/15d.sql,fixed_0,0.0,971.490591764450,61.159000000000,1081.597425043583,ok,1,df3a19f8bdca38394c1c9a01f448c4e34ce26e4cc3c938d45c9a4e59526d24d5,1,6d7374a11d420ecc60873aa972203f23aed1a5fe613031e98b60a7f58d57212b,da38c2e46953afcb2e9614d06155c81e79fe907e3e9e22093c618c3a3dad0ae5,./results/models/job/random/b/best.pt,"[{""action"":{""high_action"":""stop"",""order_decision"":""only_cost""},""phase"":""high""},{""action"":{""search_k"":1,""search_strategy"":""default""},""phase"":""search""},{""action"":{""execution_action"":""none"",""lip_action"":""none""},""phase"":""low""}]"
JOB,random,b,./workloads/query_job/16a.sql,fixed_0,0.0,336.930431425571,59.584000000000,247.625730931759,ok,1,bffefed9bcba1ce113c4f9365520889d2a59468ebb170e1a8e776353d8311bfb,1,6c6e8d41af5d9f6797dbe5c20921031137791808c6713cc386a35f9ba0f80590,874349158c617788232fdc0adeaade000e40cad04800ea7cc46e503db21484ed,./results/models/job/random/b/best.pt,"[{""action"":{""high_action"":""stop"",""order_decision"":""only_cost""},""phase"":""high""},{""action"":{""search_k"":1,""search_strategy"":""default""},""phase"":""search""},{""action"":{""execution_action"":""none"",""lip_action"":""none""},""phase"":""low""}]"
JOB,random,b,./workloads/query_job/16b.sql,fixed_0,0.0,8748.992003500462,119.656000000000,21611.640319228172,ok,1,e153889fdca6a79bf30b6f802a7d6fb574587af0fb56f36ecc25d831db945ea2,1,e9c69cad7745f25d1634e3f3dc3961d5b63a67a8892f875c25c8b258436e1ef8,074209ff227fffc57ddc853e081cae93d9be5c717db68557200c8cc0c5c31795,./results/models/job/random/b/best.pt,"[{""action"":{""high_action"":""split"",""order_decision"":""only_cost""},""phase"":""high""},{""action"":{""candidate_id"":3,""schedule_alpha"":0.0},""phase"":""select""},{""action"":{""search_k"":1,""search_strategy"":""default""},""phase"":""search""},{""action"":{""execution_action"":""none"",""lip_action"":""none""},""phase"":""low""},{""action"":{""high_action"":""split"",""order_decision"":""only_cost""},""phase"":""high""},{""action"":{""candidate_id"":2,""schedule_alpha"":0.0},""phase"":""select""},{""action"":{""search_k"":1,""search_strategy"":""default""},""phase"":""search""},{""action"":{""execution_action"":""none"",""lip_action"":""none""},""phase"":""low""},{""action"":{""high_action"":""split"",""order_decision"":""only_cost""},""phase"":""high""},{""action"":{""candidate_id"":0,""schedule_alpha"":0.0},""phase"":""select""},{""action"":{""search_k"":1,""search_strategy"":""default""},""phase"":""search""},{""action"":{""execution_action"":""none"",""lip_action"":""none""},""phase"":""low""},{""action"":{""high_action"":""stop"",""order_decision"":""only_cost""},""phase"":""high""},{""action"":{""search_k"":1,""search_strategy"":""default""},""phase"":""search""},{""action"":{""execution_action"":""none"",""lip_action"":""none""},""phase"":""low""}]"
JOB,random,b,./workloads/query_job/17f.sql,fixed_0,0.0,7952.454820275307,164.098000000000,8577.061973512173,ok,1,966c1a52f852284091756356c99e5f43debac4e41bc8ee9f790f5c70bff4c7c4,1,4ab880e211141a3dec92390144bc899bb99fff41250d937d335ede0c3fda83cb,acd1f7dc021182ace15ae5049e3ff354102f18a1f8823ebd2a381c0b9ee07d86,./results/models/job/random/b/best.pt,"[{""action"":{""high_action"":""split"",""order_decision"":""only_cost""},""phase"":""high""},{""action"":{""candidate_id"":2,""schedule_alpha"":0.0},""phase"":""select""},{""action"":{""search_k"":1,""search_strategy"":""default""},""phase"":""search""},{""action"":{""execution_action"":""none"",""lip_action"":""none""},""phase"":""low""},{""action"":{""high_action"":""split"",""order_decision"":""only_cost""},""phase"":""high""},{""action"":{""candidate_id"":0,""schedule_alpha"":0.0},""phase"":""select""},{""action"":{""search_k"":1,""search_strategy"":""default""},""phase"":""search""},{""action"":{""execution_action"":""none"",""lip_action"":""none""},""phase"":""low""},{""action"":{""high_action"":""stop"",""order_decision"":""only_cost""},""phase"":""high""},{""action"":{""search_k"":1,""search_strategy"":""default""},""phase"":""search""},{""action"":{""execution_action"":""none"",""lip_action"":""none""},""phase"":""low""}]"
JOB,random,b,./workloads/query_job/18a.sql,fixed_0,0.0,6466.337785124779,53.767000000000,9363.223992288113,ok,1,4ea394ad5b6ff23d28102b48eef256f385144f05c176dcf273e5fc3dfc0f3ea7,1,3c5dbd781d71c9795c63764b612b6649b2816d8e3dd5c9edd7799185726bd9b2,be6e08e7e5f37fabe758d05f50b22224f53fe475a31ec76903a3620706dd193f,./results/models/job/random/b/best.pt,"[{""action"":{""high_action"":""split"",""order_decision"":""only_cost""},""phase"":""high""},{""action"":{""candidate_id"":0,""schedule_alpha"":0.0},""phase"":""select""},{""action"":{""search_k"":1,""search_strategy"":""default""},""phase"":""search""},{""action"":{""execution_action"":""none"",""lip_action"":""none""},""phase"":""low""},{""action"":{""high_action"":""split"",""order_decision"":""only_cost""},""phase"":""high""},{""action"":{""candidate_id"":1,""schedule_alpha"":0.0},""phase"":""select""},{""action"":{""search_k"":1,""search_strategy"":""default""},""phase"":""search""},{""action"":{""execution_action"":""none"",""lip_action"":""none""},""phase"":""low""},{""action"":{""high_action"":""stop"",""order_decision"":""only_cost""},""phase"":""high""},{""action"":{""search_k"":1,""search_strategy"":""default""},""phase"":""search""},{""action"":{""execution_action"":""none"",""lip_action"":""none""},""phase"":""low""}]"
JOB,random,b,./workloads/query_job/19a.sql,fixed_0,0.0,937.321484088898,77.527000000000,981.471620500088,ok,1,1f0ca7719cfc34a43e2d3322146638f13989d450c4591afc7b3885613918e4de,1,73fb654ba5138fce33837985b29e8d2d19753acb40a005ba9c5767a9a193a2c3,c4f1ece59a091cf5be6ffc4039361962495066a499798e32b7ad2ac5e9d6210a,./results/models/job/random/b/best.pt,"[{""action"":{""high_action"":""stop"",""order_decision"":""only_cost""},""phase"":""high""},{""action"":{""search_k"":1,""search_strategy"":""default""},""phase"":""search""},{""action"":{""execution_action"":""none"",""lip_action"":""none""},""phase"":""low""}]"
JOB,random,b,./workloads/query_job/1d.sql,fixed_0,0.0,67.287102341652,54.830000000000,9.564861655235,ok,1,b68175a2c8e96f8bc107b1f09c2703f390d5a78ec2aa27991cd17eea2e6db1c8,1,2834e9a1b33b886e23549256c81de70a7dc044800287b5aa48ed227514aac78a,f1bd75ab077db5b12ee3c76f1da69e8a207025d4df6009717947de0f7ad2f0e1,./results/models/job/random/b/best.pt,"[{""action"":{""high_action"":""stop"",""order_decision"":""only_cost""},""phase"":""high""},{""action"":{""search_k"":1,""search_strategy"":""default""},""phase"":""search""},{""action"":{""execution_action"":""none"",""lip_action"":""none""},""phase"":""low""}]"
JOB,random,b,./workloads/query_job/20b.sql,fixed_0,0.0,1031.293742358685,82.556000000000,2001.977518200874,ok,1,bdabdfce4c8cd4726f7228f6d5040b01cd2120ccf41064b215b2fd1b9c7cdbe3,1,01469303861c8c4e6dc709232e9877a2887f13e95ac65904cf3a6be06e7b95ba,9ed1325e545ad575d0aa93f46e48f166f8f1fcb88e4da5ec731f3e82c1ddc866,./results/models/job/random/b/best.pt,"[{""action"":{""high_action"":""split"",""order_decision"":""only_cost""},""phase"":""high""},{""action"":{""candidate_id"":1,""schedule_alpha"":0.0},""phase"":""select""},{""action"":{""search_k"":1,""search_strategy"":""default""},""phase"":""search""},{""action"":{""execution_action"":""none"",""lip_action"":""none""},""phase"":""low""},{""action"":{""high_action"":""split"",""order_decision"":""only_cost""},""phase"":""high""},{""action"":{""candidate_id"":2,""schedule_alpha"":0.0},""phase"":""select""},{""action"":{""search_k"":1,""search_strategy"":""default""},""phase"":""search""},{""action"":{""execution_action"":""none"",""lip_action"":""none""},""phase"":""low""},{""action"":{""high_action"":""split"",""order_decision"":""only_cost""},""phase"":""high""},{""action"":{""candidate_id"":0,""schedule_alpha"":0.0},""phase"":""select""},{""action"":{""search_k"":1,""search_strategy"":""default""},""phase"":""search""},{""action"":{""execution_action"":""none"",""lip_action"":""none""},""phase"":""low""},{""action"":{""high_action"":""stop"",""order_decision"":""only_cost""},""phase"":""high""},{""action"":{""search_k"":1,""search_strategy"":""default""},""phase"":""search""},{""action"":{""execution_action"":""none"",""lip_action"":""none""},""phase"":""low""}]"
JOB,random,b,./workloads/query_job/22b.sql,fixed_0,0.0,477.641090750694,86.801000000000,369.144991040230,ok,1,261344b3d5dbc63bbc8b73ff367b08e19136e387d0502f40684455f7a223d93f,1,ceb99b72091ec77a6ed0a7c13926a58fb8d1a9521d7a1a75dbb47afd71e00b59,5200be1f42de837c4427cc02922eb0f87fabe343e7e6591e296d2655f6cd2821,./results/models/job/random/b/best.pt,"[{""action"":{""high_action"":""stop"",""order_decision"":""only_cost""},""phase"":""high""},{""action"":{""search_k"":1,""search_strategy"":""default""},""phase"":""search""},{""action"":{""execution_action"":""none"",""lip_action"":""none""},""phase"":""low""}]"
JOB,random,b,./workloads/query_job/23c.sql,fixed_0,0.0,916.122063994408,75.558000000000,506.239660084248,ok,1,d6d3b9a56435f4fe61ee133589ebd35b7135f05afe08be1125990d58b250e9f9,1,571d36f1b280b96e852c6fadae13bb72f5767f1ebded76d1548cce95636ec3f4,aa7d1eef38be6fcee7b44251a329fcfeffffb5f7b6952b49cc6a4cb4fb5bd29c,./results/models/job/random/b/best.pt,"[{""action"":{""high_action"":""split"",""order_decision"":""only_cost""},""phase"":""high""},{""action"":{""candidate_id"":2,""schedule_alpha"":0.0},""phase"":""select""},{""action"":{""search_k"":1,""search_strategy"":""default""},""phase"":""search""},{""action"":{""execution_action"":""none"",""lip_action"":""none""},""phase"":""low""},{""action"":{""high_action"":""split"",""order_decision"":""only_cost""},""phase"":""high""},{""action"":{""candidate_id"":0,""schedule_alpha"":0.0},""phase"":""select""},{""action"":{""search_k"":1,""search_strategy"":""default""},""phase"":""search""},{""action"":{""execution_action"":""none"",""lip_action"":""none""},""phase"":""low""},{""action"":{""high_action"":""split"",""order_decision"":""only_cost""},""phase"":""high""},{""action"":{""candidate_id"":0,""schedule_alpha"":0.0},""phase"":""select""},{""action"":{""search_k"":1,""search_strategy"":""default""},""phase"":""search""},{""action"":{""execution_action"":""none"",""lip_action"":""none""},""phase"":""low""},{""action"":{""high_action"":""split"",""order_decision"":""only_cost""},""phase"":""high""},{""action"":{""candidate_id"":0,""schedule_alpha"":0.0},""phase"":""select""},{""action"":{""search_k"":1,""search_strategy"":""default""},""phase"":""search""},{""action"":{""execution_action"":""none"",""lip_action"":""none""},""phase"":""low""},{""action"":{""high_action"":""stop"",""order_decision"":""only_cost""},""phase"":""high""},{""action"":{""search_k"":1,""search_strategy"":""default""},""phase"":""search""},{""action"":{""execution_action"":""none"",""lip_action"":""none""},""phase"":""low""}]"
JOB,random,b,./workloads/query_job/24a.sql,fixed_0,0.0,499.328680336475,97.932000000000,396.160408854485,ok,1,f456596f387e349a6006b7f95149e83820f1855cb47322cf82c324c7abf10133,1,33cd030d49a496ef3514703d7d90def9e2769ec6410b1318c043bacfd156c83e,9499a463d9fe776e28c76556828e7bba0ef9c48321eefd967d0623a07a0d5da9,./results/models/job/random/b/best.pt,"[{""action"":{""high_action"":""stop"",""order_decision"":""only_cost""},""phase"":""high""},{""action"":{""search_k"":1,""search_strategy"":""default""},""phase"":""search""},{""action"":{""execution_action"":""none"",""lip_action"":""none""},""phase"":""low""}]"
JOB,random,b,./workloads/query_job/25c.sql,fixed_0,0.0,4652.493923902512,73.569000000000,6725.454218685627,ok,1,67a630b3c65d3bcaa414c0e78677ad348267d0f04c2fa18b570f5906a0599ac5,1,8a8f7ba1d0306e1960d9a6a9feeb45d186deb6c8b6e3900d77ce958d4a431453,60930b0ab001c1b60d0ff31906e3df8afdf3f14053e433dfb830d3131510c8a5,./results/models/job/random/b/best.pt,"[{""action"":{""high_action"":""split"",""order_decision"":""only_cost""},""phase"":""high""},{""action"":{""candidate_id"":3,""schedule_alpha"":0.0},""phase"":""select""},{""action"":{""search_k"":1,""search_strategy"":""default""},""phase"":""search""},{""action"":{""execution_action"":""none"",""lip_action"":""none""},""phase"":""low""},{""action"":{""high_action"":""split"",""order_decision"":""only_cost""},""phase"":""high""},{""action"":{""candidate_id"":1,""schedule_alpha"":0.0},""phase"":""select""},{""action"":{""search_k"":1,""search_strategy"":""default""},""phase"":""search""},{""action"":{""execution_action"":""none"",""lip_action"":""none""},""phase"":""low""},{""action"":{""high_action"":""split"",""order_decision"":""only_cost""},""phase"":""high""},{""action"":{""candidate_id"":1,""schedule_alpha"":0.0},""phase"":""select""},{""action"":{""search_k"":1,""search_strategy"":""default""},""phase"":""search""},{""action"":{""execution_action"":""none"",""lip_action"":""none""},""phase"":""low""},{""action"":{""high_action"":""stop"",""order_decision"":""only_cost""},""phase"":""high""},{""action"":{""search_k"":1,""search_strategy"":""default""},""phase"":""search""},{""action"":{""execution_action"":""none"",""lip_action"":""none""},""phase"":""low""}]"
JOB,random,b,./workloads/query_job/26a.sql,fixed_0,0.0,1073.632583022118,234.682000000000,1567.826792597771,ok,1,2c7cebb1807f0b225f4f97c680278aa0ec35039ff7dbf43518e7a09bd026684a,1,e41f3b178f4d7e9526a86e567447861730870e031ba9e534564027058e92c39e,c9cb50328ba9076dba1728683321f697525e72f7c6a1ee72ebd4c9eec37ddb46,./results/models/job/random/b/best.pt,"[{""action"":{""high_action"":""split"",""order_decision"":""only_cost""},""phase"":""high""},{""action"":{""candidate_id"":3,""schedule_alpha"":0.0},""phase"":""select""},{""action"":{""search_k"":1,""search_strategy"":""default""},""phase"":""search""},{""action"":{""execution_action"":""none"",""lip_action"":""none""},""phase"":""low""},{""action"":{""high_action"":""split"",""order_decision"":""only_cost""},""phase"":""high""},{""action"":{""candidate_id"":3,""schedule_alpha"":0.0},""phase"":""select""},{""action"":{""search_k"":1,""search_strategy"":""default""},""phase"":""search""},{""action"":{""execution_action"":""none"",""lip_action"":""none""},""phase"":""low""},{""action"":{""high_action"":""split"",""order_decision"":""only_cost""},""phase"":""high""},{""action"":{""candidate_id"":0,""schedule_alpha"":0.0},""phase"":""select""},{""action"":{""search_k"":1,""search_strategy"":""default""},""phase"":""search""},{""action"":{""execution_action"":""none"",""lip_action"":""none""},""phase"":""low""},{""action"":{""high_action"":""split"",""order_decision"":""only_cost""},""phase"":""high""},{""action"":{""candidate_id"":0,""schedule_alpha"":0.0},""phase"":""select""},{""action"":{""search_k"":1,""search_strategy"":""default""},""phase"":""search""},{""action"":{""execution_action"":""none"",""lip_action"":""none""},""phase"":""low""},{""action"":{""high_action"":""stop"",""order_decision"":""only_cost""},""phase"":""high""},{""action"":{""search_k"":1,""search_strategy"":""default""},""phase"":""search""},{""action"":{""execution_action"":""none"",""lip_action"":""none""},""phase"":""low""}]"
JOB,random,b,./workloads/query_job/27a.sql,fixed_0,0.0,607.761703431606,27.810000000000,121.552340686321,timeout,1,,,095b2905a2444318dbc563104d5332edc15f8a94bc310bd08e469aff699d4d3e,3403f5fc0abb23061387fd9449112e206d3ec84e28594dc7d5df314a440db100,./results/models/job/random/b/best.pt,"[{""action"":{""high_action"":""split"",""order_decision"":""only_cost""},""phase"":""high""},{""action"":{""candidate_id"":3,""schedule_alpha"":0.0},""phase"":""select""},{""action"":{""search_k"":1,""search_strategy"":""default""},""phase"":""search""},{""action"":{""execution_action"":""none"",""lip_action"":""none""},""phase"":""low""},{""action"":{""high_action"":""split"",""order_decision"":""only_cost""},""phase"":""high""},{""action"":{""candidate_id"":1,""schedule_alpha"":0.0},""phase"":""select""},{""action"":{""search_k"":1,""search_strategy"":""default""},""phase"":""search""},{""action"":{""execution_action"":""none"",""lip_action"":""none""},""phase"":""low""},{""action"":{""high_action"":""split"",""order_decision"":""only_cost""},""phase"":""high""},{""action"":{""candidate_id"":0,""schedule_alpha"":0.0},""phase"":""select""},{""action"":{""search_k"":1,""search_strategy"":""default""},""phase"":""search""},{""action"":{""execution_action"":""none"",""lip_action"":""none""},""phase"":""low""}]"
JOB,random,b,./workloads/query_job/27c.sql,fixed_0,0.0,392.867997288704,109.642000000000,122.231170535088,ok,1,17da2f55cbda32682db3bc710c4a0f0048b6fb05111deffe244b8be90c1e4968,1,ef24302c7bdcd7a365f40eb22018a0a3dbac3a5b0155f584c2e98bd0f4bd464f,415912aaff670ab40a4ee7ce1a564f8c4b72e2bb038f24e111b398f2686bae6a,./results/models/job/random/b/best.pt,"[{""action"":{""high_action"":""split"",""order_decision"":""only_cost""},""phase"":""high""},{""action"":{""candidate_id"":3,""schedule_alpha"":0.0},""phase"":""select""},{""action"":{""search_k"":1,""search_strategy"":""default""},""phase"":""search""},{""action"":{""execution_action"":""none"",""lip_action"":""none""},""phase"":""low""},{""action"":{""high_action"":""split"",""order_decision"":""only_cost""},""phase"":""high""},{""action"":{""candidate_id"":0,""schedule_alpha"":0.0},""phase"":""select""},{""action"":{""search_k"":1,""search_strategy"":""default""},""phase"":""search""},{""action"":{""execution_action"":""none"",""lip_action"":""none""},""phase"":""low""},{""action"":{""high_action"":""split"",""order_decision"":""only_cost""},""phase"":""high""},{""action"":{""candidate_id"":0,""schedule_alpha"":0.0},""phase"":""select""},{""action"":{""search_k"":1,""search_strategy"":""default""},""phase"":""search""},{""action"":{""execution_action"":""none"",""lip_action"":""none""},""phase"":""low""},{""action"":{""high_action"":""split"",""order_decision"":""only_cost""},""phase"":""high""},{""action"":{""candidate_id"":1,""schedule_alpha"":0.0},""phase"":""select""},{""action"":{""search_k"":1,""search_strategy"":""default""},""phase"":""search""},{""action"":{""execution_action"":""none"",""lip_action"":""none""},""phase"":""low""},{""action"":{""high_action"":""stop"",""order_decision"":""only_cost""},""phase"":""high""},{""action"":{""search_k"":1,""search_strategy"":""default""},""phase"":""search""},{""action"":{""execution_action"":""none"",""lip_action"":""none""},""phase"":""low""}]"
JOB,random,b,./workloads/query_job/28b.sql,fixed_0,0.0,917.910873889923,121.267000000000,681.756019592285,ok,1,1504c5fe4b85e0649828523441b52c0f8b7c17598529646d3d732ab63db821f5,1,83fec5376ced07fe2d1133d5bdcb592fc630f3c90b39c8586f8112a2728b5de3,86b4773a0a642b345f42b911c946ed0f59cc4803701c09f9cf97f570ffd1fa05,./results/models/job/random/b/best.pt,"[{""action"":{""high_action"":""split"",""order_decision"":""only_cost""},""phase"":""high""},{""action"":{""candidate_id"":4,""schedule_alpha"":0.0},""phase"":""select""},{""action"":{""search_k"":1,""search_strategy"":""default""},""phase"":""search""},{""action"":{""execution_action"":""none"",""lip_action"":""none""},""phase"":""low""},{""action"":{""high_action"":""split"",""order_decision"":""only_cost""},""phase"":""high""},{""action"":{""candidate_id"":3,""schedule_alpha"":0.0},""phase"":""select""},{""action"":{""search_k"":1,""search_strategy"":""default""},""phase"":""search""},{""action"":{""execution_action"":""none"",""lip_action"":""none""},""phase"":""low""},{""action"":{""high_action"":""split"",""order_decision"":""only_cost""},""phase"":""high""},{""action"":{""candidate_id"":3,""schedule_alpha"":0.0},""phase"":""select""},{""action"":{""search_k"":1,""search_strategy"":""default""},""phase"":""search""},{""action"":{""execution_action"":""none"",""lip_action"":""none""},""phase"":""low""},{""action"":{""high_action"":""split"",""order_decision"":""only_cost""},""phase"":""high""},{""action"":{""candidate_id"":2,""schedule_alpha"":0.0},""phase"":""select""},{""action"":{""search_k"":1,""search_strategy"":""default""},""phase"":""search""},{""action"":{""execution_action"":""none"",""lip_action"":""none""},""phase"":""low""},{""action"":{""high_action"":""split"",""order_decision"":""only_cost""},""phase"":""high""},{""action"":{""candidate_id"":1,""schedule_alpha"":0.0},""phase"":""select""},{""action"":{""search_k"":1,""search_strategy"":""default""},""phase"":""search""},{""action"":{""execution_action"":""none"",""lip_action"":""none""},""phase"":""low""},{""action"":{""high_action"":""stop"",""order_decision"":""only_cost""},""phase"":""high""},{""action"":{""search_k"":1,""search_strategy"":""default""},""phase"":""search""},{""action"":{""execution_action"":""none"",""lip_action"":""none""},""phase"":""low""}]"
JOB,random,b,./workloads/query_job/29b.sql,fixed_0,0.0,404.765240848064,160.507000000000,2185.845553874969,ok,1,6931843f19cb52122ed461369626a4f45f6b0550fbb8e5608f26c0a53fbfa63e,1,2086be0e5e3971d6b76ec8d26b8446e175d9be7a395577f681cd27b20648770b,9ae9f5412e32389ac4bc941689586e49dcd8f641e85ddada8e7fc78336196136,./results/models/job/random/b/best.pt,"[{""action"":{""high_action"":""split"",""order_decision"":""only_cost""},""phase"":""high""},{""action"":{""candidate_id"":1,""schedule_alpha"":0.0},""phase"":""select""},{""action"":{""search_k"":1,""search_strategy"":""default""},""phase"":""search""},{""action"":{""execution_action"":""none"",""lip_action"":""none""},""phase"":""low""},{""action"":{""high_action"":""split"",""order_decision"":""only_cost""},""phase"":""high""},{""action"":{""candidate_id"":1,""schedule_alpha"":0.0},""phase"":""select""},{""action"":{""search_k"":1,""search_strategy"":""default""},""phase"":""search""},{""action"":{""execution_action"":""none"",""lip_action"":""none""},""phase"":""low""},{""action"":{""high_action"":""split"",""order_decision"":""only_cost""},""phase"":""high""},{""action"":{""candidate_id"":2,""schedule_alpha"":0.0},""phase"":""select""},{""action"":{""search_k"":1,""search_strategy"":""default""},""phase"":""search""},{""action"":{""execution_action"":""none"",""lip_action"":""none""},""phase"":""low""},{""action"":{""high_action"":""split"",""order_decision"":""only_cost""},""phase"":""high""},{""action"":{""candidate_id"":2,""schedule_alpha"":0.0},""phase"":""select""},{""action"":{""search_k"":1,""search_strategy"":""default""},""phase"":""search""},{""action"":{""execution_action"":""none"",""lip_action"":""none""},""phase"":""low""},{""action"":{""high_action"":""split"",""order_decision"":""only_cost""},""phase"":""high""},{""action"":{""candidate_id"":2,""schedule_alpha"":0.0},""phase"":""select""},{""action"":{""search_k"":1,""search_strategy"":""default""},""phase"":""search""},{""action"":{""execution_action"":""none"",""lip_action"":""none""},""phase"":""low""},{""action"":{""high_action"":""split"",""order_decision"":""only_cost""},""phase"":""high""},{""action"":{""candidate_id"":0,""schedule_alpha"":0.0},""phase"":""select""},{""action"":{""search_k"":1,""search_strategy"":""default""},""phase"":""search""},{""action"":{""execution_action"":""none"",""lip_action"":""none""},""phase"":""low""},{""action"":{""high_action"":""stop"",""order_decision"":""only_cost""},""phase"":""high""},{""action"":{""search_k"":1,""search_strategy"":""default""},""phase"":""search""},{""action"":{""execution_action"":""none"",""lip_action"":""none""},""phase"":""low""}]"
JOB,random,b,./workloads/query_job/2b.sql,fixed_0,0.0,618.683539330959,55.383000000000,542.424827814102,ok,1,fc90f3c2c15c5abce95811297c6b9a8ee98e4e03347ce9e79c8ce8e6b57b03a0,1,c7796dd8d0c1b7da7366a26897fbaf263ac0036a91454a7a2372141809d4304a,935178064c20ae7a8eb8e005db9be28c65a789bc27bd81f2ac38a248288b55f0,./results/models/job/random/b/best.pt,"[{""action"":{""high_action"":""stop"",""order_decision"":""only_cost""},""phase"":""high""},{""action"":{""search_k"":1,""search_strategy"":""default""},""phase"":""search""},{""action"":{""execution_action"":""none"",""lip_action"":""none""},""phase"":""low""}]"
JOB,random,b,./workloads/query_job/2c.sql,fixed_0,0.0,597.391553223133,47.560000000000,408.168464899063,ok,1,4f78f1a55542d807d5eaabd4ee2244ee9ba0258958f7de1c1ef4598cd5b46ab1,1,9b4c6fb85dd789ddb97c5c464a0975b8a17cf09d861774c6ead11dcfc8136572,0a17444a4bf345a176b3d2ca55f85fe2aeb23dbdeb1e6fb8c85f60cfca79e280,./results/models/job/random/b/best.pt,"[{""action"":{""high_action"":""stop"",""order_decision"":""only_cost""},""phase"":""high""},{""action"":{""search_k"":1,""search_strategy"":""default""},""phase"":""search""},{""action"":{""execution_action"":""none"",""lip_action"":""none""},""phase"":""low""}]"
JOB,random,b,./workloads/query_job/2d.sql,fixed_0,0.0,778.993569314480,58.310000000000,2104.353629052639,ok,1,d55d5656333bd757f053124d39c4d7de4605203e41f67c025f0cc73ff2c7b9bb,1,13e746f7a57d1a4a0c3b24f9cb84351b705ed1220a0e462dca8fb16d1429131e,11a94416bb91c0c913b808b4d7d8a043c72e515abc5e477d3602e480c716f97f,./results/models/job/random/b/best.pt,"[{""action"":{""high_action"":""stop"",""order_decision"":""only_cost""},""phase"":""high""},{""action"":{""search_k"":1,""search_strategy"":""default""},""phase"":""search""},{""action"":{""execution_action"":""none"",""lip_action"":""none""},""phase"":""low""}]"
JOB,random,b,./workloads/query_job/3a.sql,fixed_0,0.0,274.317331612110,58.998000000000,1450.624108314514,ok,1,4446b454452e8db43636d58c5e3a7f9041b179149913a47dfd28d049a31e3f4d,1,335652cf37d3466bee7ea3d4104f27b128c7fedc64266ce0dd0534b41858a028,4f3798f0f8d732cdbf1314fbb1152c4b79ef7f55428e7c694ea76ad7edc80aad,./results/models/job/random/b/best.pt,"[{""action"":{""high_action"":""stop"",""order_decision"":""only_cost""},""phase"":""high""},{""action"":{""search_k"":1,""search_strategy"":""default""},""phase"":""search""},{""action"":{""execution_action"":""none"",""lip_action"":""none""},""phase"":""low""}]"
JOB,random,b,./workloads/query_job/4c.sql,fixed_0,0.0,229.137405753136,45.013000000000,117.703966796398,ok,1,5c9364f684db0004720ec4e9642a958681b071ff992dadc090178e95cc52235a,1,8b326a722c93f49b0cdf8ee1d34a78b074c4796c733f602c0db24dd4ea9bb50d,1075f94d0954585dbc49d1b18917efe3f39e4935bb6c095d5711431370ba1169,./results/models/job/random/b/best.pt,"[{""action"":{""high_action"":""stop"",""order_decision"":""only_cost""},""phase"":""high""},{""action"":{""search_k"":1,""search_strategy"":""default""},""phase"":""search""},{""action"":{""execution_action"":""none"",""lip_action"":""none""},""phase"":""low""}]"
JOB,random,b,./workloads/query_job/5c.sql,fixed_0,0.0,357.079841196537,60.305000000000,616.215929389000,ok,1,c63c0f430af977fe1bf0c51442b833d536b07965c22254d5a737a187719cc641,1,4919f7ec00f2be5db8cc1650c33fccf19c4eb04ac3e3fed6b50be9979a79943e,e99595d3ea9aeef0d2c5ed83e577e7fa66223973fd4f4bb94f58b7f3910012e7,./results/models/job/random/b/best.pt,"[{""action"":{""high_action"":""stop"",""order_decision"":""only_cost""},""phase"":""high""},{""action"":{""search_k"":1,""search_strategy"":""default""},""phase"":""search""},{""action"":{""execution_action"":""none"",""lip_action"":""none""},""phase"":""low""}]"
JOB,random,b,./workloads/query_job/6a.sql,fixed_0,0.0,181.981988251209,102.902000000000,304.985016584396,ok,1,2e45680981dcedf844899f966540a92734a6200fc0d8bd8a547ceba0d0cf631f,1,273d7642afe8cd424000d2d088050ecbb6714fdd788aefe75b61708927a5a4c5,e4719bbe8864daae975d541448f8344d0bb64a87b4e5222a6c8f6d669cc254ed,./results/models/job/random/b/best.pt,"[{""action"":{""high_action"":""split"",""order_decision"":""only_cost""},""phase"":""high""},{""action"":{""candidate_id"":1,""schedule_alpha"":0.0},""phase"":""select""},{""action"":{""search_k"":1,""search_strategy"":""default""},""phase"":""search""},{""action"":{""execution_action"":""none"",""lip_action"":""none""},""phase"":""low""},{""action"":{""high_action"":""stop"",""order_decision"":""only_cost""},""phase"":""high""},{""action"":{""search_k"":1,""search_strategy"":""default""},""phase"":""search""},{""action"":{""execution_action"":""none"",""lip_action"":""none""},""phase"":""low""}]"
JOB,random,b,./workloads/query_job/6c.sql,fixed_0,0.0,607.629917562008,97.027000000000,31.306013464928,ok,1,eb15d11fcc635c0f71eefa80cad2069e9f06841887450ba39d0be7466e8da9dd,1,6ec44e75924e6d92e769b9924f98fa75e42e5c30282c05ff40f54820ed6cb03e,f2bbcb5ce6e893c2eb84bb79d73f235174394e8188016c2afb4727544b14f8d7,./results/models/job/random/b/best.pt,"[{""action"":{""high_action"":""split"",""order_decision"":""only_cost""},""phase"":""high""},{""action"":{""candidate_id"":0,""schedule_alpha"":0.0},""phase"":""select""},{""action"":{""search_k"":1,""search_strategy"":""default""},""phase"":""search""},{""action"":{""execution_action"":""none"",""lip_action"":""none""},""phase"":""low""},{""action"":{""high_action"":""stop"",""order_decision"":""only_cost""},""phase"":""high""},{""action"":{""search_k"":1,""search_strategy"":""default""},""phase"":""search""},{""action"":{""execution_action"":""none"",""lip_action"":""none""},""phase"":""low""}]"
JOB,random,b,./workloads/query_job/7b.sql,fixed_0,0.0,314.266592264175,53.981000000000,320.623517036438,ok,1,9d6ae68bd583de41667a4cae160a3da2b5ea5d39fe8dcce1e8fd3d20a5278abe,1,b15c87fe6c5032a64f097ccc328cbbca02a34cfe3e7e2fe8299d76347d093869,310794d437a9b1c63d3c7b6d2e7236ddb7f2242c7ebe22fa7d75c60e69f651ec,./results/models/job/random/b/best.pt,"[{""action"":{""high_action"":""split"",""order_decision"":""only_cost""},""phase"":""high""},{""action"":{""candidate_id"":3,""schedule_alpha"":0.0},""phase"":""select""},{""action"":{""search_k"":1,""search_strategy"":""default""},""phase"":""search""},{""action"":{""execution_action"":""none"",""lip_action"":""none""},""phase"":""low""},{""action"":{""high_action"":""split"",""order_decision"":""only_cost""},""phase"":""high""},{""action"":{""candidate_id"":0,""schedule_alpha"":0.0},""phase"":""select""},{""action"":{""search_k"":1,""search_strategy"":""default""},""phase"":""search""},{""action"":{""execution_action"":""none"",""lip_action"":""none""},""phase"":""low""},{""action"":{""high_action"":""split"",""order_decision"":""only_cost""},""phase"":""high""},{""action"":{""candidate_id"":0,""schedule_alpha"":0.0},""phase"":""select""},{""action"":{""search_k"":1,""search_strategy"":""default""},""phase"":""search""},{""action"":{""execution_action"":""none"",""lip_action"":""none""},""phase"":""low""},{""action"":{""high_action"":""stop"",""order_decision"":""only_cost""},""phase"":""high""},{""action"":{""search_k"":1,""search_strategy"":""default""},""phase"":""search""},{""action"":{""execution_action"":""none"",""lip_action"":""none""},""phase"":""low""}]"
JOB,random,b,./workloads/query_job/7c.sql,fixed_0,0.0,3550.053633749485,53.876000000000,6670.190609991550,ok,1,7cdabf89c2c21f17ae631979c9e8405f2f72c7561fa51440c4ebafa4ab13790d,1,4037a4637c15383630acd680a938a881ea1fb2ada0aecd596bc54dd8a8369e92,dbf393c644e962446fb16d38d6dedff59eeb5117b9e41b748c248a2619533f3a,./results/models/job/random/b/best.pt,"[{""action"":{""high_action"":""split"",""order_decision"":""only_cost""},""phase"":""high""},{""action"":{""candidate_id"":3,""schedule_alpha"":0.0},""phase"":""select""},{""action"":{""search_k"":1,""search_strategy"":""default""},""phase"":""search""},{""action"":{""execution_action"":""none"",""lip_action"":""none""},""phase"":""low""},{""action"":{""high_action"":""split"",""order_decision"":""only_cost""},""phase"":""high""},{""action"":{""candidate_id"":2,""schedule_alpha"":0.0},""phase"":""select""},{""action"":{""search_k"":1,""search_strategy"":""default""},""phase"":""search""},{""action"":{""execution_action"":""none"",""lip_action"":""none""},""phase"":""low""},{""action"":{""high_action"":""split"",""order_decision"":""only_cost""},""phase"":""high""},{""action"":{""candidate_id"":0,""schedule_alpha"":0.0},""phase"":""select""},{""action"":{""search_k"":1,""search_strategy"":""default""},""phase"":""search""},{""action"":{""execution_action"":""none"",""lip_action"":""none""},""phase"":""low""},{""action"":{""high_action"":""stop"",""order_decision"":""only_cost""},""phase"":""high""},{""action"":{""search_k"":1,""search_strategy"":""default""},""phase"":""search""},{""action"":{""execution_action"":""none"",""lip_action"":""none""},""phase"":""low""}]"
JOB,random,b,./workloads/query_job/8b.sql,fixed_0,0.0,593.742758035660,76.814000000000,467.543959617615,ok,1,e5b0fc3c68184c62fd7ca88151a039904e2fc3708d4c2773297d07ecda52eef1,1,88ffaa85f9f7a0e48366e3c169118cc5babe2754f4e18ca1bcfb91b14b9843f0,3c736318ed112301271e3717df58be7a11335a0cca2f92964eeec70810aa78ab,./results/models/job/random/b/best.pt,"[{""action"":{""high_action"":""stop"",""order_decision"":""only_cost""},""phase"":""high""},{""action"":{""search_k"":1,""search_strategy"":""default""},""phase"":""search""},{""action"":{""execution_action"":""none"",""lip_action"":""none""},""phase"":""low""}]"
JOB,random,b,./workloads/query_job/8c.sql,fixed_0,0.0,5010.342836380005,59.285000000000,5690.254107117653,ok,1,ca648dbd161cd660e79b73f4d2feac37247f699997bfceb70abcc975adab600b,1,e88e75d64722f698374b46c6a3792f5b0a7d7e1dc85d43580d6204e35dd046c2,20e3062e7125b94c5ba5a167eaf1a149464c09080553e5e1c130d3b3a36819ec,./results/models/job/random/b/best.pt,"[{""action"":{""high_action"":""stop"",""order_decision"":""only_cost""},""phase"":""high""},{""action"":{""search_k"":1,""search_strategy"":""default""},""phase"":""search""},{""action"":{""execution_action"":""none"",""lip_action"":""none""},""phase"":""low""}]"
JOB,random,c,./workloads/query_job/11a.sql,fixed_0,0.0,676.358595490456,146.461000000000,97.215741872787,ok,1,83811c5c01e3bdbafff3ac6671360f1cb19c1452dd9ec0b095bcd21856c36865,1,e8ef43dd21247e1caac6277afc85ac8095808f6db49a4cfb020429f324cb9363,0aa1c066ef6269a38cbae4f28197653597b05bdf98ec2ed625e56afb02351f24,./results/models/job/random/c/best.pt,"[{""action"":{""high_action"":""split"",""order_decision"":""only_cost""},""phase"":""high""},{""action"":{""candidate_id"":1,""schedule_alpha"":0.0},""phase"":""select""},{""action"":{""search_k"":1,""search_strategy"":""default""},""phase"":""search""},{""action"":{""execution_action"":""none"",""lip_action"":""none""},""phase"":""low""},{""action"":{""high_action"":""split"",""order_decision"":""only_cost""},""phase"":""high""},{""action"":{""candidate_id"":0,""schedule_alpha"":0.0},""phase"":""select""},{""action"":{""search_k"":1,""search_strategy"":""default""},""phase"":""search""},{""action"":{""execution_action"":""none"",""lip_action"":""none""},""phase"":""low""},{""action"":{""high_action"":""stop"",""order_decision"":""only_cost""},""phase"":""high""},{""action"":{""search_k"":1,""search_strategy"":""default""},""phase"":""search""},{""action"":{""execution_action"":""none"",""lip_action"":""none""},""phase"":""low""}]"
JOB,random,c,./workloads/query_job/12a.sql,fixed_0,0.0,824.590504169464,119.710000000000,1140.036240220070,ok,0,859e14caaec80c8e1bdf8043bc9dbcdc6810582adf44e5ae0ea485fc5cb8ed01,1,1c1f5cbfe86896f050a2d8a591cc63f6cfeb7afdaa8d5372c06397c031a6c3cb,198247d2ac054e1876b73aae3f6b46e5a783b6f4a976a9d5f6d500fbc6548050,./results/models/job/random/c/best.pt,"[{""action"":{""high_action"":""split"",""order_decision"":""only_cost""},""phase"":""high""},{""action"":{""candidate_id"":2,""schedule_alpha"":0.0},""phase"":""select""},{""action"":{""search_k"":1,""search_strategy"":""default""},""phase"":""search""},{""action"":{""execution_action"":""none"",""lip_action"":""none""},""phase"":""low""},{""action"":{""high_action"":""split"",""order_decision"":""only_cost""},""phase"":""high""},{""action"":{""candidate_id"":1,""schedule_alpha"":0.0},""phase"":""select""},{""action"":{""search_k"":1,""search_strategy"":""default""},""phase"":""search""},{""action"":{""execution_action"":""none"",""lip_action"":""none""},""phase"":""low""},{""action"":{""high_action"":""stop"",""order_decision"":""only_cost""},""phase"":""high""},{""action"":{""search_k"":1,""search_strategy"":""default""},""phase"":""search""},{""action"":{""execution_action"":""none"",""lip_action"":""none""},""phase"":""low""}]"
JOB,random,c,./workloads/query_job/13c.sql,fixed_0,0.0,1543.305799365044,228.744000000000,1062.294617295265,ok,0,62d718231272d8795fb939428fb8d114fb4735e7ff7ba5aa1c8431e0dd880cb9,1,47310a9855ea8c855a90f04a5abed82ce4c85ab397c1e2e48df6b1b8b4cadfaa,ff1c9d1a6728fc1f86943ec4445f44d84e5e07cdfeca18920feaa7480f7a8fd9,./results/models/job/random/c/best.pt,"[{""action"":{""high_action"":""split"",""order_decision"":""only_cost""},""phase"":""high""},{""action"":{""candidate_id"":2,""schedule_alpha"":0.0},""phase"":""select""},{""action"":{""search_k"":1,""search_strategy"":""default""},""phase"":""search""},{""action"":{""execution_action"":""none"",""lip_action"":""none""},""phase"":""low""},{""action"":{""high_action"":""split"",""order_decision"":""only_cost""},""phase"":""high""},{""action"":{""candidate_id"":0,""schedule_alpha"":0.0},""phase"":""select""},{""action"":{""search_k"":1,""search_strategy"":""default""},""phase"":""search""},{""action"":{""execution_action"":""conservative"",""lip_action"":""selective""},""phase"":""low""},{""action"":{""high_action"":""split"",""order_decision"":""only_cost""},""phase"":""high""},{""action"":{""candidate_id"":1,""schedule_alpha"":0.0},""phase"":""select""},{""action"":{""search_k"":1,""search_strategy"":""default""},""phase"":""search""},{""action"":{""execution_action"":""none"",""lip_action"":""none""},""phase"":""low""},{""action"":{""high_action"":""stop"",""order_decision"":""only_cost""},""phase"":""high""},{""action"":{""search_k"":1,""search_strategy"":""default""},""phase"":""search""},{""action"":{""execution_action"":""none"",""lip_action"":""none""},""phase"":""low""}]"
JOB,random,c,./workloads/query_job/14a.sql,fixed_0,0.0,934.113048017025,196.274000000000,624.498143792152,ok,0,f13c3a0e601dd42f5abd41675e0438c06c7c79b9e0a6b2e6974fe4952b94c09e,1,ff9dbaaf850d3464fc55706be691826434db465f1fe7c6a65515a2f389cfac41,4c974b2fe9bcc12cc88da1c1bb758527da64bce239120d5dc7b521e9b98c549d,./results/models/job/random/c/best.pt,"[{""action"":{""high_action"":""split"",""order_decision"":""only_cost""},""phase"":""high""},{""action"":{""candidate_id"":2,""schedule_alpha"":0.0},""phase"":""select""},{""action"":{""search_k"":1,""search_strategy"":""default""},""phase"":""search""},{""action"":{""execution_action"":""none"",""lip_action"":""none""},""phase"":""low""},{""action"":{""high_action"":""split"",""order_decision"":""only_cost""},""phase"":""high""},{""action"":{""candidate_id"":1,""schedule_alpha"":0.0},""phase"":""select""},{""action"":{""search_k"":1,""search_strategy"":""default""},""phase"":""search""},{""action"":{""execution_action"":""none"",""lip_action"":""none""},""phase"":""low""},{""action"":{""high_action"":""split"",""order_decision"":""only_cost""},""phase"":""high""},{""action"":{""candidate_id"":1,""schedule_alpha"":0.0},""phase"":""select""},{""action"":{""search_k"":1,""search_strategy"":""default""},""phase"":""search""},{""action"":{""execution_action"":""none"",""lip_action"":""none""},""phase"":""low""},{""action"":{""high_action"":""stop"",""order_decision"":""only_cost""},""phase"":""high""},{""action"":{""search_k"":1,""search_strategy"":""default""},""phase"":""search""},{""action"":{""execution_action"":""conservative"",""lip_action"":""selective""},""phase"":""low""}]"
JOB,random,c,./workloads/query_job/15a.sql,fixed_0,0.0,969.240166246891,172.746000000000,934.111781418324,ok,0,0bf74f571c854c91dada16e78f6a511682855e8364304c1e74a2715a468ad523,1,b87934e832e47eb8d41203d43dafc8b1af3f0fbd0dca192a9140da4877745efa,7b3ddbd04d3422f307fdaa76e6773957f5d6000c87ba77e2343b748c14b3016c,./results/models/job/random/c/best.pt,"[{""action"":{""high_action"":""split"",""order_decision"":""only_cost""},""phase"":""high""},{""action"":{""candidate_id"":2,""schedule_alpha"":0.0},""phase"":""select""},{""action"":{""search_k"":1,""search_strategy"":""default""},""phase"":""search""},{""action"":{""execution_action"":""none"",""lip_action"":""none""},""phase"":""low""},{""action"":{""high_action"":""split"",""order_decision"":""only_cost""},""phase"":""high""},{""action"":{""candidate_id"":1,""schedule_alpha"":0.0},""phase"":""select""},{""action"":{""search_k"":1,""search_strategy"":""default""},""phase"":""search""},{""action"":{""execution_action"":""none"",""lip_action"":""none""},""phase"":""low""},{""action"":{""high_action"":""split"",""order_decision"":""only_cost""},""phase"":""high""},{""action"":{""candidate_id"":0,""schedule_alpha"":0.0},""phase"":""select""},{""action"":{""search_k"":1,""search_strategy"":""default""},""phase"":""search""},{""action"":{""execution_action"":""none"",""lip_action"":""none""},""phase"":""low""},{""action"":{""high_action"":""stop"",""order_decision"":""only_cost""},""phase"":""high""},{""action"":{""search_k"":1,""search_strategy"":""default""},""phase"":""search""},{""action"":{""execution_action"":""none"",""lip_action"":""none""},""phase"":""low""}]"
JOB,random,c,./workloads/query_job/15b.sql,fixed_0,0.0,285.440124571323,157.207000000000,96.578747034073,ok,0,b25c3f018dd147bf4abce160072d7f8ba5b0f3abbe07bec34bc2e8b72eefff81,1,d57270913e4c9b11e03346a62e902cfd0858c51543cb4d2e5b662188fab124eb,a4f1fb82cc67a8fd0e33ce2f74c00876d6322d4b6c11f594376baab914fb65ee,./results/models/job/random/c/best.pt,"[{""action"":{""high_action"":""split"",""order_decision"":""only_cost""},""phase"":""high""},{""action"":{""candidate_id"":1,""schedule_alpha"":0.0},""phase"":""select""},{""action"":{""search_k"":1,""search_strategy"":""default""},""phase"":""search""},{""action"":{""execution_action"":""none"",""lip_action"":""none""},""phase"":""low""},{""action"":{""high_action"":""split"",""order_decision"":""only_cost""},""phase"":""high""},{""action"":{""candidate_id"":1,""schedule_alpha"":0.0},""phase"":""select""},{""action"":{""search_k"":1,""search_strategy"":""default""},""phase"":""search""},{""action"":{""execution_action"":""none"",""lip_action"":""none""},""phase"":""low""},{""action"":{""high_action"":""split"",""order_decision"":""only_cost""},""phase"":""high""},{""action"":{""candidate_id"":0,""schedule_alpha"":0.0},""phase"":""select""},{""action"":{""search_k"":1,""search_strategy"":""default""},""phase"":""search""},{""action"":{""execution_action"":""none"",""lip_action"":""none""},""phase"":""low""},{""action"":{""high_action"":""stop"",""order_decision"":""only_cost""},""phase"":""high""},{""action"":{""search_k"":1,""search_strategy"":""default""},""phase"":""search""},{""action"":{""execution_action"":""none"",""lip_action"":""none""},""phase"":""low""}]"
JOB,random,c,./workloads/query_job/16c.sql,fixed_0,0.0,3637.162633240223,230.155000000000,1735.685698688030,ok,0,1318f60bc0ac9eb3ca4ac578870bec99e9ac05ece5a440ba30e253efb9ea5aeb,1,5c464f7622fd2540de61b9ba752511307273e3d8f20b01bb974209b9216860a8,ce36f143a4367dc297dcca1e8917f47f84153a29aeb8db808a254a5e53199dd9,./results/models/job/random/c/best.pt,"[{""action"":{""high_action"":""split"",""order_decision"":""only_cost""},""phase"":""high""},{""action"":{""candidate_id"":3,""schedule_alpha"":0.0},""phase"":""select""},{""action"":{""search_k"":1,""search_strategy"":""default""},""phase"":""search""},{""action"":{""execution_action"":""none"",""lip_action"":""none""},""phase"":""low""},{""action"":{""high_action"":""split"",""order_decision"":""only_cost""},""phase"":""high""},{""action"":{""candidate_id"":2,""schedule_alpha"":0.0},""phase"":""select""},{""action"":{""search_k"":1,""search_strategy"":""default""},""phase"":""search""},{""action"":{""execution_action"":""conservative"",""lip_action"":""selective""},""phase"":""low""},{""action"":{""high_action"":""split"",""order_decision"":""only_cost""},""phase"":""high""},{""action"":{""candidate_id"":1,""schedule_alpha"":0.0},""phase"":""select""},{""action"":{""search_k"":1,""search_strategy"":""default""},""phase"":""search""},{""action"":{""execution_action"":""none"",""lip_action"":""none""},""phase"":""low""},{""action"":{""high_action"":""stop"",""order_decision"":""only_cost""},""phase"":""high""},{""action"":{""search_k"":1,""search_strategy"":""default""},""phase"":""search""},{""action"":{""execution_action"":""none"",""lip_action"":""none""},""phase"":""low""}]"
JOB,random,c,./workloads/query_job/16d.sql,fixed_0,0.0,1624.477021396160,176.053000000000,1408.553376793861,ok,0,1318f60bc0ac9eb3ca4ac578870bec99e9ac05ece5a440ba30e253efb9ea5aeb,1,03c4645a6056beab6cca6dccabc6367026927322c2160d4f2cd66edfed363416,1e13395ac0bb30efc0e53ec7ca62eb51fdf585a71d2093d108e9ec0e7cb70f32,./results/models/job/random/c/best.pt,"[{""action"":{""high_action"":""split"",""order_decision"":""only_cost""},""phase"":""high""},{""action"":{""candidate_id"":3,""schedule_alpha"":0.0},""phase"":""select""},{""action"":{""search_k"":1,""search_strategy"":""default""},""phase"":""search""},{""action"":{""execution_action"":""none"",""lip_action"":""none""},""phase"":""low""},{""action"":{""high_action"":""split"",""order_decision"":""only_cost""},""phase"":""high""},{""action"":{""candidate_id"":2,""schedule_alpha"":0.0},""phase"":""select""},{""action"":{""search_k"":1,""search_strategy"":""default""},""phase"":""search""},{""action"":{""execution_action"":""conservative"",""lip_action"":""selective""},""phase"":""low""},{""action"":{""high_action"":""split"",""order_decision"":""only_cost""},""phase"":""high""},{""action"":{""candidate_id"":1,""schedule_alpha"":0.0},""phase"":""select""},{""action"":{""search_k"":1,""search_strategy"":""default""},""phase"":""search""},{""action"":{""execution_action"":""none"",""lip_action"":""none""},""phase"":""low""},{""action"":{""high_action"":""stop"",""order_decision"":""only_cost""},""phase"":""high""},{""action"":{""search_k"":1,""search_strategy"":""default""},""phase"":""search""},{""action"":{""execution_action"":""none"",""lip_action"":""none""},""phase"":""low""}]"
JOB,random,c,./workloads/query_job/17a.sql,fixed_0,0.0,5962.829932570457,134.455000000000,11863.254874944687,ok,0,12f3484b478e4f8b8c8fb87fad1c71c58c270dfee71990c3ecc25050d8a36b0f,1,b79662d9e81695e27817b4ace77f99e5d65939df8afdae018ccdc14ed140ab3e,b6c3c0e7b9135f35d195f1366dd73901400d4923261f069464e86059985c81cc,./results/models/job/random/c/best.pt,"[{""action"":{""high_action"":""split"",""order_decision"":""only_cost""},""phase"":""high""},{""action"":{""candidate_id"":2,""schedule_alpha"":0.0},""phase"":""select""},{""action"":{""search_k"":1,""search_strategy"":""default""},""phase"":""search""},{""action"":{""execution_action"":""none"",""lip_action"":""none""},""phase"":""low""},{""action"":{""high_action"":""split"",""order_decision"":""only_cost""},""phase"":""high""},{""action"":{""candidate_id"":1,""schedule_alpha"":0.0},""phase"":""select""},{""action"":{""search_k"":1,""search_strategy"":""default""},""phase"":""search""},{""action"":{""execution_action"":""conservative"",""lip_action"":""selective""},""phase"":""low""},{""action"":{""high_action"":""stop"",""order_decision"":""only_cost""},""phase"":""high""},{""action"":{""search_k"":1,""search_strategy"":""default""},""phase"":""search""},{""action"":{""execution_action"":""none"",""lip_action"":""none""},""phase"":""low""}]"
JOB,random,c,./workloads/query_job/17b.sql,fixed_0,0.0,6541.090108454227,342.376000000000,7820.629060268402,ok,0,de642ce5a04416b5f5d58162138ce38932542abd6a7a7a08d538f1a6fc288f85,1,a4785e63c5b0104366b0defc3364db210fe52aea387a2e5fae471f0646a47ed3,543c313ac1ac51be5c0dfcb5a61daeaacdd4339eabccee63f152f46b860b0462,./results/models/job/random/c/best.pt,"[{""action"":{""high_action"":""split"",""order_decision"":""only_cost""},""phase"":""high""},{""action"":{""candidate_id"":2,""schedule_alpha"":0.0},""phase"":""select""},{""action"":{""search_k"":1,""search_strategy"":""default""},""phase"":""search""},{""action"":{""execution_action"":""none"",""lip_action"":""none""},""phase"":""low""},{""action"":{""high_action"":""split"",""order_decision"":""only_cost""},""phase"":""high""},{""action"":{""candidate_id"":0,""schedule_alpha"":0.0},""phase"":""select""},{""action"":{""search_k"":1,""search_strategy"":""default""},""phase"":""search""},{""action"":{""execution_action"":""conservative"",""lip_action"":""selective""},""phase"":""low""},{""action"":{""high_action"":""stop"",""order_decision"":""only_cost""},""phase"":""high""},{""action"":{""search_k"":1,""search_strategy"":""default""},""phase"":""search""},{""action"":{""execution_action"":""conservative"",""lip_action"":""selective""},""phase"":""low""}]"
JOB,random,c,./workloads/query_job/17c.sql,fixed_0,0.0,1222.522735595703,83.058000000000,7307.303510606289,ok,0,89318885181be4671a585035246d501b4eb546101d7a71035ac9eaf20c99bdff,1,175a6575c557baf85cda956de7f5577c1bb21c1bb7d2c9dc60cc40d86c1fef15,6cca0f34ad3553221f765dd925e3a211bac9971e51caf5b9195c838f18f8381c,./results/models/job/random/c/best.pt,"[{""action"":{""high_action"":""split"",""order_decision"":""only_cost""},""phase"":""high""},{""action"":{""candidate_id"":2,""schedule_alpha"":0.0},""phase"":""select""},{""action"":{""search_k"":1,""search_strategy"":""default""},""phase"":""search""},{""action"":{""execution_action"":""none"",""lip_action"":""none""},""phase"":""low""},{""action"":{""high_action"":""split"",""order_decision"":""only_cost""},""phase"":""high""},{""action"":{""candidate_id"":0,""schedule_alpha"":0.0},""phase"":""select""},{""action"":{""search_k"":1,""search_strategy"":""default""},""phase"":""search""},{""action"":{""execution_action"":""none"",""lip_action"":""none""},""phase"":""low""},{""action"":{""high_action"":""stop"",""order_decision"":""only_cost""},""phase"":""high""},{""action"":{""search_k"":1,""search_strategy"":""default""},""phase"":""search""},{""action"":{""execution_action"":""none"",""lip_action"":""none""},""phase"":""low""}]"
JOB,random,c,./workloads/query_job/17e.sql,fixed_0,0.0,6016.924396157265,87.326000000000,10082.962311804295,ok,1,f737f87f1aee3edfa2a8464fe8782aa3d0139b69867ac6bfd244eb890fff19b5,1,68d9816f1fc95e122a5f4b10cc8421aadbf4f481c9ff3a1d11f6c656997817d7,ddcc07574e10bbc1c42d1af8467371749e6fdb7edaf1bc013b74afc789935b3a,./results/models/job/random/c/best.pt,"[{""action"":{""high_action"":""split"",""order_decision"":""only_cost""},""phase"":""high""},{""action"":{""candidate_id"":2,""schedule_alpha"":0.0},""phase"":""select""},{""action"":{""search_k"":1,""search_strategy"":""default""},""phase"":""search""},{""action"":{""execution_action"":""none"",""lip_action"":""none""},""phase"":""low""},{""action"":{""high_action"":""split"",""order_decision"":""only_cost""},""phase"":""high""},{""action"":{""candidate_id"":1,""schedule_alpha"":0.0},""phase"":""select""},{""action"":{""search_k"":1,""search_strategy"":""default""},""phase"":""search""},{""action"":{""execution_action"":""conservative"",""lip_action"":""selective""},""phase"":""low""},{""action"":{""high_action"":""stop"",""order_decision"":""only_cost""},""phase"":""high""},{""action"":{""search_k"":1,""search_strategy"":""default""},""phase"":""search""},{""action"":{""execution_action"":""none"",""lip_action"":""none""},""phase"":""low""}]"
JOB,random,c,./workloads/query_job/19d.sql,fixed_0,0.0,7104.774273931980,187.298000000000,12959.958776831627,ok,0,a4539f795d93860062d39d330febb9a7e2eba327a0dde36ea917ef25d81da7fb,1,19a7c615c26cfd6096272870ba86703eaab2583e6897d980038b7aa53ed1946c,1f45ad7050241f11dab2b7ba5e6ebcd69a84094ac90fd52ed0fbb2cbf27d12f0,./results/models/job/random/c/best.pt,"[{""action"":{""high_action"":""split"",""order_decision"":""only_cost""},""phase"":""high""},{""action"":{""candidate_id"":1,""schedule_alpha"":0.0},""phase"":""select""},{""action"":{""search_k"":1,""search_strategy"":""default""},""phase"":""search""},{""action"":{""execution_action"":""none"",""lip_action"":""none""},""phase"":""low""},{""action"":{""high_action"":""split"",""order_decision"":""only_cost""},""phase"":""high""},{""action"":{""candidate_id"":2,""schedule_alpha"":0.0},""phase"":""select""},{""action"":{""search_k"":1,""search_strategy"":""default""},""phase"":""search""},{""action"":{""execution_action"":""conservative"",""lip_action"":""selective""},""phase"":""low""},{""action"":{""high_action"":""split"",""order_decision"":""only_cost""},""phase"":""high""},{""action"":{""candidate_id"":1,""schedule_alpha"":0.0},""phase"":""select""},{""action"":{""search_k"":1,""search_strategy"":""default""},""phase"":""search""},{""action"":{""execution_action"":""conservative"",""lip_action"":""selective""},""phase"":""low""},{""action"":{""high_action"":""stop"",""order_decision"":""only_cost""},""phase"":""high""},{""action"":{""search_k"":1,""search_strategy"":""default""},""phase"":""search""},{""action"":{""execution_action"":""none"",""lip_action"":""none""},""phase"":""low""}]"
JOB,random,c,./workloads/query_job/1b.sql,fixed_0,0.0,113.265059888363,92.695000000000,11.884637176991,ok,1,be1d6ac40c20f262e1328dfd04b2021cc535502e6b32eff765a057282a5df4f7,1,eb9a931dceaa2e1dd1c9d14800ba5104b97e386c687f891aa7f0dab71c6351dd,1dce309ff2976fd0036559469791514f411e1ffc92853110591e5ee61f46fc59,./results/models/job/random/c/best.pt,"[{""action"":{""high_action"":""split"",""order_decision"":""only_cost""},""phase"":""high""},{""action"":{""candidate_id"":1,""schedule_alpha"":0.0},""phase"":""select""},{""action"":{""search_k"":1,""search_strategy"":""default""},""phase"":""search""},{""action"":{""execution_action"":""none"",""lip_action"":""none""},""phase"":""low""},{""action"":{""high_action"":""stop"",""order_decision"":""only_cost""},""phase"":""high""},{""action"":{""search_k"":1,""search_strategy"":""default""},""phase"":""search""},{""action"":{""execution_action"":""none"",""lip_action"":""none""},""phase"":""low""}]"
JOB,random,c,./workloads/query_job/1c.sql,fixed_0,0.0,489.288784563541,34.239000000000,19.848696887493,ok,1,c9cfeb2c53a9c7d56ba455c5c333a8fac5db32559ebd94b17f2dbd68a69e1122,1,b28cbb01cfdb5cb9f63f9d1c752a73c5ec473a795581545f116b4e856617074f,05548d6e1d2e4db0c644675a5e17fbff3bc0cfcc1b5eba8885b2103ed9db38da,./results/models/job/random/c/best.pt,"[{""action"":{""high_action"":""split"",""order_decision"":""only_cost""},""phase"":""high""},{""action"":{""candidate_id"":0,""schedule_alpha"":0.0},""phase"":""select""},{""action"":{""search_k"":1,""search_strategy"":""default""},""phase"":""search""},{""action"":{""execution_action"":""none"",""lip_action"":""none""},""phase"":""low""},{""action"":{""high_action"":""stop"",""order_decision"":""only_cost""},""phase"":""high""},{""action"":{""search_k"":1,""search_strategy"":""default""},""phase"":""search""},{""action"":{""execution_action"":""none"",""lip_action"":""none""},""phase"":""low""}]"
JOB,random,c,./workloads/query_job/20c.sql,fixed_0,0.0,1520.129129290581,248.401000000000,1157.161042094231,ok,0,568e7928022d673040c12df4a67123a0784853e4f2fd144a3c3ad416f6a0ff39,1,de623cc241b3d40fa2818d99b7067f2be84e6f75a30a4289ee088bad25b74e59,92fbaad568e377a8e9da6faded6dc86a2799b21f073d4a09e9cf6a3851909eb8,./results/models/job/random/c/best.pt,"[{""action"":{""high_action"":""split"",""order_decision"":""only_cost""},""phase"":""high""},{""action"":{""candidate_id"":2,""schedule_alpha"":0.0},""phase"":""select""},{""action"":{""search_k"":1,""search_strategy"":""default""},""phase"":""search""},{""action"":{""execution_action"":""none"",""lip_action"":""none""},""phase"":""low""},{""action"":{""high_action"":""split"",""order_decision"":""only_cost""},""phase"":""high""},{""action"":{""candidate_id"":0,""schedule_alpha"":0.0},""phase"":""select""},{""action"":{""search_k"":1,""search_strategy"":""default""},""phase"":""search""},{""action"":{""execution_action"":""conservative"",""lip_action"":""selective""},""phase"":""low""},{""action"":{""high_action"":""split"",""order_decision"":""only_cost""},""phase"":""high""},{""action"":{""candidate_id"":0,""schedule_alpha"":0.0},""phase"":""select""},{""action"":{""search_k"":1,""search_strategy"":""default""},""phase"":""search""},{""action"":{""execution_action"":""conservative"",""lip_action"":""selective""},""phase"":""low""},{""action"":{""high_action"":""stop"",""order_decision"":""only_cost""},""phase"":""high""},{""action"":{""search_k"":1,""search_strategy"":""default""},""phase"":""search""},{""action"":{""execution_action"":""none"",""lip_action"":""none""},""phase"":""low""}]"
JOB,random,c,./workloads/query_job/21a.sql,fixed_0,0.0,575.868599116800,22.526000000000,115.173719823360,timeout,0,,,e7ec9f4caf906f19d92846b6c99389b245268d46280a8eaea3883b481c37ee31,fb45ff8aa7f94490d9993fd01304032fc7ae502b5682f197d2a675db7ad873e6,./results/models/job/random/c/best.pt,"[{""action"":{""high_action"":""split"",""order_decision"":""only_cost""},""phase"":""high""},{""action"":{""candidate_id"":2,""schedule_alpha"":0.0},""phase"":""select""},{""action"":{""search_k"":1,""search_strategy"":""default""},""phase"":""search""},{""action"":{""execution_action"":""none"",""lip_action"":""none""},""phase"":""low""},{""action"":{""high_action"":""split"",""order_decision"":""only_cost""},""phase"":""high""},{""action"":{""candidate_id"":0,""schedule_alpha"":0.0},""phase"":""select""},{""action"":{""search_k"":1,""search_strategy"":""default""},""phase"":""search""},{""action"":{""execution_action"":""none"",""lip_action"":""none""},""phase"":""low""}]"
JOB,random,c,./workloads/query_job/21b.sql,fixed_0,0.0,567.161664366720,22.720000000000,113.432332873344,timeout,0,,,3ada7c8f7fc54de625c8585d55a9c3a4f0223681439bfdcb50a8759734ffb61b,99f7e6dcd1691ad81e9afc298aa731594149531982746b3a328d9f5747d72093,./results/models/job/random/c/best.pt,"[{""action"":{""high_action"":""split"",""order_decision"":""only_cost""},""phase"":""high""},{""action"":{""candidate_id"":2,""schedule_alpha"":0.0},""phase"":""select""},{""action"":{""search_k"":1,""search_strategy"":""default""},""phase"":""search""},{""action"":{""execution_action"":""none"",""lip_action"":""none""},""phase"":""low""},{""action"":{""high_action"":""split"",""order_decision"":""only_cost""},""phase"":""high""},{""action"":{""candidate_id"":0,""schedule_alpha"":0.0},""phase"":""select""},{""action"":{""search_k"":1,""search_strategy"":""default""},""phase"":""search""},{""action"":{""execution_action"":""none"",""lip_action"":""none""},""phase"":""low""}]"
JOB,random,c,./workloads/query_job/21c.sql,fixed_0,0.0,626.086927950380,46.439000000000,125.217385590076,timeout,0,,,5d5fd4084d100c58679c3f169efb47e809e70f5ab69ac5bf822bfabce5d0a795,d75ebc94923c88f4361a35240c64deb52a71661648e95b1473eee99f7c79d742,./results/models/job/random/c/best.pt,"[{""action"":{""high_action"":""split"",""order_decision"":""only_cost""},""phase"":""high""},{""action"":{""candidate_id"":2,""schedule_alpha"":0.0},""phase"":""select""},{""action"":{""search_k"":1,""search_strategy"":""default""},""phase"":""search""},{""action"":{""execution_action"":""none"",""lip_action"":""none""},""phase"":""low""},{""action"":{""high_action"":""split"",""order_decision"":""only_cost""},""phase"":""high""},{""action"":{""candidate_id"":0,""schedule_alpha"":0.0},""phase"":""select""},{""action"":{""search_k"":1,""search_strategy"":""default""},""phase"":""search""},{""action"":{""execution_action"":""none"",""lip_action"":""none""},""phase"":""low""},{""action"":{""high_action"":""split"",""order_decision"":""only_cost""},""phase"":""high""},{""action"":{""candidate_id"":1,""schedule_alpha"":0.0},""phase"":""select""}]"
JOB,random,c,./workloads/query_job/23a.sql,fixed_0,0.0,1001.547127962112,247.530000000000,412.200421094894,ok,0,e33290c8b8a911bae419941260d0bb2e09cceab157ff21cbd4088e50c3a1cc9b,1,ac78784990dc975a96ead0de1c7c4a17f72c0198f7fdb41235e2813a54fb1c60,29785df1f8a04ee06b4389612905cc4988998223950417a64f8ab13d0aaa06bd,./results/models/job/random/c/best.pt,"[{""action"":{""high_action"":""split"",""order_decision"":""only_cost""},""phase"":""high""},{""action"":{""candidate_id"":2,""schedule_alpha"":0.0},""phase"":""select""},{""action"":{""search_k"":1,""search_strategy"":""default""},""phase"":""search""},{""action"":{""execution_action"":""none"",""lip_action"":""none""},""phase"":""low""},{""action"":{""high_action"":""split"",""order_decision"":""only_cost""},""phase"":""high""},{""action"":{""candidate_id"":1,""schedule_alpha"":0.0},""phase"":""select""},{""action"":{""search_k"":1,""search_strategy"":""default""},""phase"":""search""},{""action"":{""execution_action"":""conservative"",""lip_action"":""selective""},""phase"":""low""},{""action"":{""high_action"":""split"",""order_decision"":""only_cost""},""phase"":""high""},{""action"":{""candidate_id"":0,""schedule_alpha"":0.0},""phase"":""select""},{""action"":{""search_k"":1,""search_strategy"":""default""},""phase"":""search""},{""action"":{""execution_action"":""conservative"",""lip_action"":""selective""},""phase"":""low""},{""action"":{""high_action"":""split"",""order_decision"":""only_cost""},""phase"":""high""},{""action"":{""candidate_id"":0,""schedule_alpha"":0.0},""phase"":""select""},{""action"":{""search_k"":1,""search_strategy"":""default""},""phase"":""search""},{""action"":{""execution_action"":""none"",""lip_action"":""none""},""phase"":""low""},{""action"":{""high_action"":""stop"",""order_decision"":""only_cost""},""phase"":""high""},{""action"":{""search_k"":1,""search_strategy"":""default""},""phase"":""search""},{""action"":{""execution_action"":""none"",""lip_action"":""none""},""phase"":""low""}]"
JOB,random,c,./workloads/query_job/24b.sql,fixed_0,0.0,742.906019091606,213.058000000000,434.322066605091,ok,0,c6a12dd8a9651eef2928671373921d7e677edea1ec96df6544103293106311ef,1,8a70ea2821f523b3eaba9ef9679e33f933486479953d593e81215da8002ffdcc,b52456514c130feda7435af07ef23e2297c1cd1de885dcce2efd7ba787973f08,./results/models/job/random/c/best.pt,"[{""action"":{""high_action"":""split"",""order_decision"":""only_cost""},""phase"":""high""},{""action"":{""candidate_id"":1,""schedule_alpha"":0.0},""phase"":""select""},{""action"":{""search_k"":1,""search_strategy"":""default""},""phase"":""search""},{""action"":{""execution_action"":""none"",""lip_action"":""none""},""phase"":""low""},{""action"":{""high_action"":""split"",""order_decision"":""only_cost""},""phase"":""high""},{""action"":{""candidate_id"":1,""schedule_alpha"":0.0},""phase"":""select""},{""action"":{""search_k"":1,""search_strategy"":""default""},""phase"":""search""},{""action"":{""execution_action"":""none"",""lip_action"":""none""},""phase"":""low""},{""action"":{""high_action"":""split"",""order_decision"":""only_cost""},""phase"":""high""},{""action"":{""candidate_id"":1,""schedule_alpha"":0.0},""phase"":""select""},{""action"":{""search_k"":1,""search_strategy"":""default""},""phase"":""search""},{""action"":{""execution_action"":""none"",""lip_action"":""none""},""phase"":""low""},{""action"":{""high_action"":""split"",""order_decision"":""only_cost""},""phase"":""high""},{""action"":{""candidate_id"":1,""schedule_alpha"":0.0},""phase"":""select""},{""action"":{""search_k"":1,""search_strategy"":""default""},""phase"":""search""},{""action"":{""execution_action"":""none"",""lip_action"":""none""},""phase"":""low""},{""action"":{""high_action"":""stop"",""order_decision"":""only_cost""},""phase"":""high""},{""action"":{""search_k"":1,""search_strategy"":""default""},""phase"":""search""},{""action"":{""execution_action"":""none"",""lip_action"":""none""},""phase"":""low""}]"
JOB,random,c,./workloads/query_job/25a.sql,fixed_0,0.0,2032.804742455482,180.512000000000,3026.886664330959,ok,0,3f61bc3b5b8945716ddc701b2a0b19f860043a01c2e6df0e838c90693f07dd20,1,e43b1ea2a92d5f631e7086eeaa92243f8f00c1423175d741878e5fd3d0436ced,0da3a13eea2fab2589c40c949e07d5386cb2d50befe26e71639f10f7de8ccbaf,./results/models/job/random/c/best.pt,"[{""action"":{""high_action"":""split"",""order_decision"":""only_cost""},""phase"":""high""},{""action"":{""candidate_id"":3,""schedule_alpha"":0.0},""phase"":""select""},{""action"":{""search_k"":1,""search_strategy"":""default""},""phase"":""search""},{""action"":{""execution_action"":""none"",""lip_action"":""none""},""phase"":""low""},{""action"":{""high_action"":""split"",""order_decision"":""only_cost""},""phase"":""high""},{""action"":{""candidate_id"":1,""schedule_alpha"":0.0},""phase"":""select""},{""action"":{""search_k"":1,""search_strategy"":""default""},""phase"":""search""},{""action"":{""execution_action"":""conservative"",""lip_action"":""selective""},""phase"":""low""},{""action"":{""high_action"":""split"",""order_decision"":""only_cost""},""phase"":""high""},{""action"":{""candidate_id"":1,""schedule_alpha"":0.0},""phase"":""select""},{""action"":{""search_k"":1,""search_strategy"":""default""},""phase"":""search""},{""action"":{""execution_action"":""conservative"",""lip_action"":""selective""},""phase"":""low""},{""action"":{""high_action"":""stop"",""order_decision"":""only_cost""},""phase"":""high""},{""action"":{""search_k"":1,""search_strategy"":""default""},""phase"":""search""},{""action"":{""execution_action"":""none"",""lip_action"":""none""},""phase"":""low""}]"
JOB,random,c,./workloads/query_job/25b.sql,fixed_0,0.0,695.489943027496,150.404000000000,415.515519678593,ok,0,a6dff347cc4e2c49ccacd365b50a365a6fabbfadf92d2cdfddeb9d790e3bbb17,1,431322ccf37cfc3d4236d324634e3133912bfe3232d4e82b4975952d09a5490e,6ca62181661d4c3ceee98ede521f44696cb397ad8b12095ad3468b5813fbadf5,./results/models/job/random/c/best.pt,"[{""action"":{""high_action"":""split"",""order_decision"":""only_cost""},""phase"":""high""},{""action"":{""candidate_id"":1,""schedule_alpha"":0.0},""phase"":""select""},{""action"":{""search_k"":1,""search_strategy"":""default""},""phase"":""search""},{""action"":{""execution_action"":""none"",""lip_action"":""none""},""phase"":""low""},{""action"":{""high_action"":""split"",""order_decision"":""only_cost""},""phase"":""high""},{""action"":{""candidate_id"":1,""schedule_alpha"":0.0},""phase"":""select""},{""action"":{""search_k"":1,""search_strategy"":""default""},""phase"":""search""},{""action"":{""execution_action"":""none"",""lip_action"":""none""},""phase"":""low""},{""action"":{""high_action"":""split"",""order_decision"":""only_cost""},""phase"":""high""},{""action"":{""candidate_id"":1,""schedule_alpha"":0.0},""phase"":""select""},{""action"":{""search_k"":1,""search_strategy"":""default""},""phase"":""search""},{""action"":{""execution_action"":""none"",""lip_action"":""none""},""phase"":""low""},{""action"":{""high_action"":""stop"",""order_decision"":""only_cost""},""phase"":""high""},{""action"":{""search_k"":1,""search_strategy"":""default""},""phase"":""search""},{""action"":{""execution_action"":""none"",""lip_action"":""none""},""phase"":""low""}]"
JOB,random,c,./workloads/query_job/26c.sql,fixed_0,0.0,1471.030496060848,251.332000000000,4432.994611561298,ok,0,028fa66983476fd11ebe0fc3fe75f01f243fb077ff18202487babf6b5905aae1,1,0b978c9336e7a35848e2a6403a0c61685d423a6419422a738aaa0aa113731b88,cf62b364dd17551cd5efd06eefc18ce84342e61ac50552f8352c0247a3ac4174,./results/models/job/random/c/best.pt,"[{""action"":{""high_action"":""split"",""order_decision"":""only_cost""},""phase"":""high""},{""action"":{""candidate_id"":3,""schedule_alpha"":0.0},""phase"":""select""},{""action"":{""search_k"":1,""search_strategy"":""default""},""phase"":""search""},{""action"":{""execution_action"":""none"",""lip_action"":""none""},""phase"":""low""},{""action"":{""high_action"":""split"",""order_decision"":""only_cost""},""phase"":""high""},{""action"":{""candidate_id"":3,""schedule_alpha"":0.0},""phase"":""select""},{""action"":{""search_k"":1,""search_strategy"":""default""},""phase"":""search""},{""action"":{""execution_action"":""conservative"",""lip_action"":""selective""},""phase"":""low""},{""action"":{""high_action"":""split"",""order_decision"":""only_cost""},""phase"":""high""},{""action"":{""candidate_id"":0,""schedule_alpha"":0.0},""phase"":""select""},{""action"":{""search_k"":1,""search_strategy"":""default""},""phase"":""search""},{""action"":{""execution_action"":""conservative"",""lip_action"":""selective""},""phase"":""low""},{""action"":{""high_action"":""split"",""order_decision"":""only_cost""},""phase"":""high""},{""action"":{""candidate_id"":0,""schedule_alpha"":0.0},""phase"":""select""},{""action"":{""search_k"":1,""search_strategy"":""default""},""phase"":""search""},{""action"":{""execution_action"":""conservative"",""lip_action"":""selective""},""phase"":""low""},{""action"":{""high_action"":""stop"",""order_decision"":""only_cost""},""phase"":""high""},{""action"":{""search_k"":1,""search_strategy"":""default""},""phase"":""search""},{""action"":{""execution_action"":""none"",""lip_action"":""none""},""phase"":""low""}]"
JOB,random,c,./workloads/query_job/27b.sql,fixed_0,0.0,384.435750544071,210.602000000000,97.973756492138,ok,0,4eb4e5bb88d274fb571daa3d9537d134ac91e3971795bedfe21b63973b8a983c,1,380e0b86321941b96a043be7376e7c9219b55ed161219ec884f50c7ee0b6bd14,a5058eccc2d823c0172c6aabbbe3af2015b0e328f80281d513b7cbc2d8679048,./results/models/job/random/c/best.pt,"[{""action"":{""high_action"":""split"",""order_decision"":""only_cost""},""phase"":""high""},{""action"":{""candidate_id"":3,""schedule_alpha"":0.0},""phase"":""select""},{""action"":{""search_k"":1,""search_strategy"":""default""},""phase"":""search""},{""action"":{""execution_action"":""none"",""lip_action"":""none""},""phase"":""low""},{""action"":{""high_action"":""split"",""order_decision"":""only_cost""},""phase"":""high""},{""action"":{""candidate_id"":1,""schedule_alpha"":0.0},""phase"":""select""},{""action"":{""search_k"":1,""search_strategy"":""default""},""phase"":""search""},{""action"":{""execution_action"":""none"",""lip_action"":""none""},""phase"":""low""},{""action"":{""high_action"":""split"",""order_decision"":""only_cost""},""phase"":""high""},{""action"":{""candidate_id"":0,""schedule_alpha"":0.0},""phase"":""select""},{""action"":{""search_k"":1,""search_strategy"":""default""},""phase"":""search""},{""action"":{""execution_action"":""none"",""lip_action"":""none""},""phase"":""low""},{""action"":{""high_action"":""split"",""order_decision"":""only_cost""},""phase"":""high""},{""action"":{""candidate_id"":1,""schedule_alpha"":0.0},""phase"":""select""},{""action"":{""search_k"":1,""search_strategy"":""default""},""phase"":""search""},{""action"":{""execution_action"":""none"",""lip_action"":""none""},""phase"":""low""},{""action"":{""high_action"":""stop"",""order_decision"":""only_cost""},""phase"":""high""},{""action"":{""search_k"":1,""search_strategy"":""default""},""phase"":""search""},{""action"":{""execution_action"":""none"",""lip_action"":""none""},""phase"":""low""}]"
JOB,random,c,./workloads/query_job/28a.sql,fixed_0,0.0,1606.430254876614,349.040000000000,1045.240662992001,ok,0,9bbfa4b43836dbcd01ed830b9188456a9d9309e4cc0ef0948c1f6ff8b2c0e39c,1,b0e433f6aeed7823e3e88b9baf7c81a92489a19a4238d5239572385b528ed106,4d00d6b91441b3b0f2ec7ac4e5bf4294063fab9bfb657991a8b3febc18f62d01,./results/models/job/random/c/best.pt,"[{""action"":{""high_action"":""split"",""order_decision"":""only_cost""},""phase"":""high""},{""action"":{""candidate_id"":4,""schedule_alpha"":0.0},""phase"":""select""},{""action"":{""search_k"":1,""search_strategy"":""default""},""phase"":""search""},{""action"":{""execution_action"":""none"",""lip_action"":""none""},""phase"":""low""},{""action"":{""high_action"":""split"",""order_decision"":""only_cost""},""phase"":""high""},{""action"":{""candidate_id"":3,""schedule_alpha"":0.0},""phase"":""select""},{""action"":{""search_k"":1,""search_strategy"":""default""},""phase"":""search""},{""action"":{""execution_action"":""conservative"",""lip_action"":""selective""},""phase"":""low""},{""action"":{""high_action"":""split"",""order_decision"":""only_cost""},""phase"":""high""},{""action"":{""candidate_id"":3,""schedule_alpha"":0.0},""phase"":""select""},{""action"":{""search_k"":1,""search_strategy"":""default""},""phase"":""search""},{""action"":{""execution_action"":""conservative"",""lip_action"":""selective""},""phase"":""low""},{""action"":{""high_action"":""split"",""order_decision"":""only_cost""},""phase"":""high""},{""action"":{""candidate_id"":2,""schedule_alpha"":0.0},""phase"":""select""},{""action"":{""search_k"":1,""search_strategy"":""default""},""phase"":""search""},{""action"":{""execution_action"":""none"",""lip_action"":""none""},""phase"":""low""},{""action"":{""high_action"":""split"",""order_decision"":""only_cost""},""phase"":""high""},{""action"":{""candidate_id"":1,""schedule_alpha"":0.0},""phase"":""select""},{""action"":{""search_k"":1,""search_strategy"":""default""},""phase"":""search""},{""action"":{""execution_action"":""conservative"",""lip_action"":""selective""},""phase"":""low""},{""action"":{""high_action"":""stop"",""order_decision"":""only_cost""},""phase"":""high""},{""action"":{""search_k"":1,""search_strategy"":""default""},""phase"":""search""},{""action"":{""execution_action"":""conservative"",""lip_action"":""selective""},""phase"":""low""}]"
JOB,random,c,./workloads/query_job/29a.sql,fixed_0,0.0,612.555518746376,377.980000000000,2289.833426475525,ok,0,6931843f19cb52122ed461369626a4f45f6b0550fbb8e5608f26c0a53fbfa63e,1,1f152b53a98da6615c067e311bcde2b661af2b60e71576f6ddbf9582ecc6dc2c,3dc07e845bdb6453f6398b6e26597308debe3cb7b18f85da927b88cf37ae4a79,./results/models/job/random/c/best.pt,"[{""action"":{""high_action"":""split"",""order_decision"":""only_cost""},""phase"":""high""},{""action"":{""candidate_id"":1,""schedule_alpha"":0.0},""phase"":""select""},{""action"":{""search_k"":1,""search_strategy"":""default""},""phase"":""search""},{""action"":{""execution_action"":""none"",""lip_action"":""none""},""phase"":""low""},{""action"":{""high_action"":""split"",""order_decision"":""only_cost""},""phase"":""high""},{""action"":{""candidate_id"":1,""schedule_alpha"":0.0},""phase"":""select""},{""action"":{""search_k"":1,""search_strategy"":""default""},""phase"":""search""},{""action"":{""execution_action"":""none"",""lip_action"":""none""},""phase"":""low""},{""action"":{""high_action"":""split"",""order_decision"":""only_cost""},""phase"":""high""},{""action"":{""candidate_id"":2,""schedule_alpha"":0.0},""phase"":""select""},{""action"":{""search_k"":1,""search_strategy"":""default""},""phase"":""search""},{""action"":{""execution_action"":""none"",""lip_action"":""none""},""phase"":""low""},{""action"":{""high_action"":""split"",""order_decision"":""only_cost""},""phase"":""high""},{""action"":{""candidate_id"":2,""schedule_alpha"":0.0},""phase"":""select""},{""action"":{""search_k"":1,""search_strategy"":""default""},""phase"":""search""},{""action"":{""execution_action"":""none"",""lip_action"":""none""},""phase"":""low""},{""action"":{""high_action"":""split"",""order_decision"":""only_cost""},""phase"":""high""},{""action"":{""candidate_id"":2,""schedule_alpha"":0.0},""phase"":""select""},{""action"":{""search_k"":1,""search_strategy"":""default""},""phase"":""search""},{""action"":{""execution_action"":""none"",""lip_action"":""none""},""phase"":""low""},{""action"":{""high_action"":""split"",""order_decision"":""only_cost""},""phase"":""high""},{""action"":{""candidate_id"":1,""schedule_alpha"":0.0},""phase"":""select""},{""action"":{""search_k"":1,""search_strategy"":""default""},""phase"":""search""},{""action"":{""execution_action"":""none"",""lip_action"":""none""},""phase"":""low""},{""action"":{""high_action"":""stop"",""order_decision"":""only_cost""},""phase"":""high""},{""action"":{""search_k"":1,""search_strategy"":""default""},""phase"":""search""},{""action"":{""execution_action"":""none"",""lip_action"":""none""},""phase"":""low""}]"
JOB,random,c,./workloads/query_job/29c.sql,fixed_0,0.0,503.411315381527,267.668000000000,9935.959734022617,ok,0,77d7c0fd6a7f7c2de253fe8fc44b2b6ae848c0c1e246c513425c8f83965bf0b0,1,2cd68b7ff856956d87bdaaeabe949e706824fa4c1404e9466419357d27d3dac1,bab46fd5f059b541041f02bcb3c48e8c8b81a1b9d7b26398c0013c6a34b16fa3,./results/models/job/random/c/best.pt,"[{""action"":{""high_action"":""split"",""order_decision"":""only_cost""},""phase"":""high""},{""action"":{""candidate_id"":5,""schedule_alpha"":0.0},""phase"":""select""},{""action"":{""search_k"":1,""search_strategy"":""default""},""phase"":""search""},{""action"":{""execution_action"":""none"",""lip_action"":""none""},""phase"":""low""},{""action"":{""high_action"":""split"",""order_decision"":""only_cost""},""phase"":""high""},{""action"":{""candidate_id"":2,""schedule_alpha"":0.0},""phase"":""select""},{""action"":{""search_k"":1,""search_strategy"":""default""},""phase"":""search""},{""action"":{""execution_action"":""none"",""lip_action"":""none""},""phase"":""low""},{""action"":{""high_action"":""split"",""order_decision"":""only_cost""},""phase"":""high""},{""action"":{""candidate_id"":3,""schedule_alpha"":0.0},""phase"":""select""},{""action"":{""search_k"":1,""search_strategy"":""default""},""phase"":""search""},{""action"":{""execution_action"":""none"",""lip_action"":""none""},""phase"":""low""},{""action"":{""high_action"":""split"",""order_decision"":""only_cost""},""phase"":""high""},{""action"":{""candidate_id"":1,""schedule_alpha"":0.0},""phase"":""select""},{""action"":{""search_k"":1,""search_strategy"":""default""},""phase"":""search""},{""action"":{""execution_action"":""none"",""lip_action"":""none""},""phase"":""low""},{""action"":{""high_action"":""split"",""order_decision"":""only_cost""},""phase"":""high""},{""action"":{""candidate_id"":2,""schedule_alpha"":0.0},""phase"":""select""},{""action"":{""search_k"":1,""search_strategy"":""default""},""phase"":""search""},{""action"":{""execution_action"":""none"",""lip_action"":""none""},""phase"":""low""},{""action"":{""high_action"":""split"",""order_decision"":""only_cost""},""phase"":""high""},{""action"":{""candidate_id"":1,""schedule_alpha"":0.0},""phase"":""select""},{""action"":{""search_k"":1,""search_strategy"":""default""},""phase"":""search""},{""action"":{""execution_action"":""none"",""lip_action"":""none""},""phase"":""low""},{""action"":{""high_action"":""stop"",""order_decision"":""only_cost""},""phase"":""high""},{""action"":{""search_k"":1,""search_strategy"":""default""},""phase"":""search""},{""action"":{""execution_action"":""none"",""lip_action"":""none""},""phase"":""low""}]"
JOB,random,c,./workloads/query_job/30a.sql,fixed_0,0.0,1557.465784251690,287.434000000000,3002.848818898201,ok,0,75f27277da0bf405cd685f3341baca046a6788152a4b13a72ad743837698d0b5,1,641493213a6c912ee4e476483ab16949a596db5cdb6d569f8d0dce9cac17e866,ae9419eaeb4ec640bb58a67ce0f18dda2ece3a3b39c10b7ae54dcabb22414f54,./results/models/job/random/c/best.pt,"[{""action"":{""high_action"":""split"",""order_decision"":""only_cost""},""phase"":""high""},{""action"":{""candidate_id"":4,""schedule_alpha"":0.0},""phase"":""select""},{""action"":{""search_k"":1,""search_strategy"":""default""},""phase"":""search""},{""action"":{""execution_action"":""none"",""lip_action"":""none""},""phase"":""low""},{""action"":{""high_action"":""split"",""order_decision"":""only_cost""},""phase"":""high""},{""action"":{""candidate_id"":2,""schedule_alpha"":0.0},""phase"":""select""},{""action"":{""search_k"":1,""search_strategy"":""default""},""phase"":""search""},{""action"":{""execution_action"":""conservative"",""lip_action"":""selective""},""phase"":""low""},{""action"":{""high_action"":""split"",""order_decision"":""only_cost""},""phase"":""high""},{""action"":{""candidate_id"":2,""schedule_alpha"":0.0},""phase"":""select""},{""action"":{""search_k"":1,""search_strategy"":""default""},""phase"":""search""},{""action"":{""execution_action"":""conservative"",""lip_action"":""selective""},""phase"":""low""},{""action"":{""high_action"":""split"",""order_decision"":""only_cost""},""phase"":""high""},{""action"":{""candidate_id"":0,""schedule_alpha"":0.0},""phase"":""select""},{""action"":{""search_k"":1,""search_strategy"":""default""},""phase"":""search""},{""action"":{""execution_action"":""conservative"",""lip_action"":""selective""},""phase"":""low""},{""action"":{""high_action"":""stop"",""order_decision"":""only_cost""},""phase"":""high""},{""action"":{""search_k"":1,""search_strategy"":""default""},""phase"":""search""},{""action"":{""execution_action"":""none"",""lip_action"":""none""},""phase"":""low""}]"
JOB,random,c,./workloads/query_job/31a.sql,fixed_0,0.0,1089.335538446903,283.786000000000,5913.183256983757,ok,0,27264682db1c692f629cbc378c2d1c85c8c6d056671bebcf765b2be4f122e770,1,f7e2fc842c5b38dbfd48b05aeee5c1a006f88d44960e72c61113f5f4ff616a30,293a25394b8b1c66aa94bcb0495f61efe276a3cac3dbdba1736eebc1f0dd41ed,./results/models/job/random/c/best.pt,"[{""action"":{""high_action"":""split"",""order_decision"":""only_cost""},""phase"":""high""},{""action"":{""candidate_id"":4,""schedule_alpha"":0.0},""phase"":""select""},{""action"":{""search_k"":1,""search_strategy"":""default""},""phase"":""search""},{""action"":{""execution_action"":""none"",""lip_action"":""none""},""phase"":""low""},{""action"":{""high_action"":""split"",""order_decision"":""only_cost""},""phase"":""high""},{""action"":{""candidate_id"":1,""schedule_alpha"":0.0},""phase"":""select""},{""action"":{""search_k"":1,""search_strategy"":""default""},""phase"":""search""},{""action"":{""execution_action"":""conservative"",""lip_action"":""selective""},""phase"":""low""},{""action"":{""high_action"":""split"",""order_decision"":""only_cost""},""phase"":""high""},{""action"":{""candidate_id"":1,""schedule_alpha"":0.0},""phase"":""select""},{""action"":{""search_k"":1,""search_strategy"":""default""},""phase"":""search""},{""action"":{""execution_action"":""none"",""lip_action"":""none""},""phase"":""low""},{""action"":{""high_action"":""split"",""order_decision"":""only_cost""},""phase"":""high""},{""action"":{""candidate_id"":1,""schedule_alpha"":0.0},""phase"":""select""},{""action"":{""search_k"":1,""search_strategy"":""default""},""phase"":""search""},{""action"":{""execution_action"":""none"",""lip_action"":""none""},""phase"":""low""},{""action"":{""high_action"":""stop"",""order_decision"":""only_cost""},""phase"":""high""},{""action"":{""search_k"":1,""search_strategy"":""default""},""phase"":""search""},{""action"":{""execution_action"":""none"",""lip_action"":""none""},""phase"":""low""}]"
JOB,random,c,./workloads/query_job/31b.sql,fixed_0,0.0,338.052175939083,213.652000000000,537.854380905628,ok,0,17bebc2b6a6ef3426f94300ca4385edad88ebd34fac62fd56a0fc58c24e5b98e,1,0ca3f53b75f1f5ab35cf83209f3b011e799d646034242784f25154ba8583f965,3e42f5c03a4c42c4280f5a25e700e8db3ad0d322012267a06ad1a892438d21f1,./results/models/job/random/c/best.pt,"[{""action"":{""high_action"":""split"",""order_decision"":""only_cost""},""phase"":""high""},{""action"":{""candidate_id"":1,""schedule_alpha"":0.0},""phase"":""select""},{""action"":{""search_k"":1,""search_strategy"":""default""},""phase"":""search""},{""action"":{""execution_action"":""none"",""lip_action"":""none""},""phase"":""low""},{""action"":{""high_action"":""split"",""order_decision"":""only_cost""},""phase"":""high""},{""action"":{""candidate_id"":1,""schedule_alpha"":0.0},""phase"":""select""},{""action"":{""search_k"":1,""search_strategy"":""default""},""phase"":""search""},{""action"":{""execution_action"":""none"",""lip_action"":""none""},""phase"":""low""},{""action"":{""high_action"":""split"",""order_decision"":""only_cost""},""phase"":""high""},{""action"":{""candidate_id"":1,""schedule_alpha"":0.0},""phase"":""select""},{""action"":{""search_k"":1,""search_strategy"":""default""},""phase"":""search""},{""action"":{""execution_action"":""none"",""lip_action"":""none""},""phase"":""low""},{""action"":{""high_action"":""split"",""order_decision"":""only_cost""},""phase"":""high""},{""action"":{""candidate_id"":1,""schedule_alpha"":0.0},""phase"":""select""},{""action"":{""search_k"":1,""search_strategy"":""default""},""phase"":""search""},{""action"":{""execution_action"":""none"",""lip_action"":""none""},""phase"":""low""},{""action"":{""high_action"":""stop"",""order_decision"":""only_cost""},""phase"":""high""},{""action"":{""search_k"":1,""search_strategy"":""default""},""phase"":""search""},{""action"":{""execution_action"":""none"",""lip_action"":""none""},""phase"":""low""}]"
JOB,random,c,./workloads/query_job/32b.sql,fixed_0,0.0,465.659022331238,88.052000000000,173.895455896854,ok,1,136f26a2ebb961337e13a1b2c25ce51ab44ee67277b807b22bcb2f94ab99343c,1,2ce128d8ec3760b0782fc51484c9575bcd3555a1391031b02a2cc4f21286430f,abc13f5af52cc796eb6b9d463bb5f3526f14df0be37d0878a77e53f7cb0d9f78,./results/models/job/random/c/best.pt,"[{""action"":{""high_action"":""split"",""order_decision"":""only_cost""},""phase"":""high""},{""action"":{""candidate_id"":0,""schedule_alpha"":0.0},""phase"":""select""},{""action"":{""search_k"":1,""search_strategy"":""default""},""phase"":""search""},{""action"":{""execution_action"":""none"",""lip_action"":""none""},""phase"":""low""},{""action"":{""high_action"":""stop"",""order_decision"":""only_cost""},""phase"":""high""},{""action"":{""search_k"":1,""search_strategy"":""default""},""phase"":""search""},{""action"":{""execution_action"":""conservative"",""lip_action"":""selective""},""phase"":""low""}]"
JOB,random,c,./workloads/query_job/33c.sql,fixed_0,0.0,465.421095490456,248.795000000000,234.908789396286,ok,0,68464506f3c0aa8fd4c37209daa0d0c9c8f54c57dca6a9b2860add78f906185b,1,ed42d409b77277baaf5027e6a598466d9283be504c2ba6ec4585f1fa60430dce,a4cf1a31a9b6e0f4af3d64ffaf48780080c188049ec5a03c44443f3e30b64bcd,./results/models/job/random/c/best.pt,"[{""action"":{""high_action"":""split"",""order_decision"":""only_cost""},""phase"":""high""},{""action"":{""candidate_id"":4,""schedule_alpha"":0.0},""phase"":""select""},{""action"":{""search_k"":1,""search_strategy"":""default""},""phase"":""search""},{""action"":{""execution_action"":""none"",""lip_action"":""none""},""phase"":""low""},{""action"":{""high_action"":""split"",""order_decision"":""only_cost""},""phase"":""high""},{""action"":{""candidate_id"":4,""schedule_alpha"":0.0},""phase"":""select""},{""action"":{""search_k"":1,""search_strategy"":""default""},""phase"":""search""},{""action"":{""execution_action"":""none"",""lip_action"":""none""},""phase"":""low""},{""action"":{""high_action"":""split"",""order_decision"":""only_cost""},""phase"":""high""},{""action"":{""candidate_id"":3,""schedule_alpha"":0.0},""phase"":""select""},{""action"":{""search_k"":1,""search_strategy"":""default""},""phase"":""search""},{""action"":{""execution_action"":""none"",""lip_action"":""none""},""phase"":""low""},{""action"":{""high_action"":""split"",""order_decision"":""only_cost""},""phase"":""high""},{""action"":{""candidate_id"":0,""schedule_alpha"":0.0},""phase"":""select""},{""action"":{""search_k"":1,""search_strategy"":""default""},""phase"":""search""},{""action"":{""execution_action"":""conservative"",""lip_action"":""selective""},""phase"":""low""},{""action"":{""high_action"":""split"",""order_decision"":""only_cost""},""phase"":""high""},{""action"":{""candidate_id"":0,""schedule_alpha"":0.0},""phase"":""select""},{""action"":{""search_k"":1,""search_strategy"":""default""},""phase"":""search""},{""action"":{""execution_action"":""none"",""lip_action"":""none""},""phase"":""low""},{""action"":{""high_action"":""stop"",""order_decision"":""only_cost""},""phase"":""high""},{""action"":{""search_k"":1,""search_strategy"":""default""},""phase"":""search""},{""action"":{""execution_action"":""none"",""lip_action"":""none""},""phase"":""low""}]"
JOB,random,c,./workloads/query_job/5a.sql,fixed_0,0.0,347.434967756271,35.545000000000,229.351252317429,ok,1,4f78f1a55542d807d5eaabd4ee2244ee9ba0258958f7de1c1ef4598cd5b46ab1,1,dbf1af68749a06f1162514ce1893ad4246f4c599c49e1ddcf712acf497191f1a,43affe325b97c7e6a643a2349a9b5319bccec81ac0960c1bc59605a58e68ed49,./results/models/job/random/c/best.pt,"[{""action"":{""high_action"":""split"",""order_decision"":""only_cost""},""phase"":""high""},{""action"":{""candidate_id"":0,""schedule_alpha"":0.0},""phase"":""select""},{""action"":{""search_k"":1,""search_strategy"":""default""},""phase"":""search""},{""action"":{""execution_action"":""none"",""lip_action"":""none""},""phase"":""low""},{""action"":{""high_action"":""stop"",""order_decision"":""only_cost""},""phase"":""high""},{""action"":{""search_k"":1,""search_strategy"":""default""},""phase"":""search""},{""action"":{""execution_action"":""none"",""lip_action"":""none""},""phase"":""low""}]"
JOB,random,c,./workloads/query_job/6d.sql,fixed_0,0.0,1140.049383044243,67.064000000000,23747.168585658073,ok,1,bf8229c3af721fca42ad64803e348b47d39c54dfd46fcbc5d2ef84cd56b31b17,1,17a180c579f6bed002ad22d56631c660e7e433f06740120f045213e59fb29ea9,609b018116abd8942c71c01c662323b6bc1ad7f5b55f0487a13a9d78e23d18da,./results/models/job/random/c/best.pt,"[{""action"":{""high_action"":""split"",""order_decision"":""only_cost""},""phase"":""high""},{""action"":{""candidate_id"":1,""schedule_alpha"":0.0},""phase"":""select""},{""action"":{""search_k"":1,""search_strategy"":""default""},""phase"":""search""},{""action"":{""execution_action"":""none"",""lip_action"":""none""},""phase"":""low""},{""action"":{""high_action"":""stop"",""order_decision"":""only_cost""},""phase"":""high""},{""action"":{""search_k"":1,""search_strategy"":""default""},""phase"":""search""},{""action"":{""execution_action"":""conservative"",""lip_action"":""selective""},""phase"":""low""}]"
JOB,random,c,./workloads/query_job/6e.sql,fixed_0,0.0,174.627311527729,99.824000000000,36.193035542965,ok,1,2e45680981dcedf844899f966540a92734a6200fc0d8bd8a547ceba0d0cf631f,1,abad6f3f7e8d1998ca59baaa5f6313051984dab77489643e9780d71fe546da0b,3ee99d81d2096d289b10db98e328bcb503ff36929bdf9813339b9908161b59b3,./results/models/job/random/c/best.pt,"[{""action"":{""high_action"":""split"",""order_decision"":""only_cost""},""phase"":""high""},{""action"":{""candidate_id"":1,""schedule_alpha"":0.0},""phase"":""select""},{""action"":{""search_k"":1,""search_strategy"":""default""},""phase"":""search""},{""action"":{""execution_action"":""none"",""lip_action"":""none""},""phase"":""low""},{""action"":{""high_action"":""stop"",""order_decision"":""only_cost""},""phase"":""high""},{""action"":{""search_k"":1,""search_strategy"":""default""},""phase"":""search""},{""action"":{""execution_action"":""none"",""lip_action"":""none""},""phase"":""low""}]"
JOB,random,c,./workloads/query_job/7a.sql,fixed_0,0.0,448.894247412682,135.336000000000,2774.266779422760,ok,0,4c15deaf8c868c357c511a9b1b16153f35d0a6d69bf0cb9d733dd8855dca6cb3,1,8d8300b05c60be69ffedd9ca57cc73ba7543df10656d5a3ed320c98978d6ada2,f865d8f95488e2d57a410883bb34a0ece14b3913213972c114e418042ba866b6,./results/models/job/random/c/best.pt,"[{""action"":{""high_action"":""split"",""order_decision"":""only_cost""},""phase"":""high""},{""action"":{""candidate_id"":3,""schedule_alpha"":0.0},""phase"":""select""},{""action"":{""search_k"":1,""search_strategy"":""default""},""phase"":""search""},{""action"":{""execution_action"":""none"",""lip_action"":""none""},""phase"":""low""},{""action"":{""high_action"":""split"",""order_decision"":""only_cost""},""phase"":""high""},{""action"":{""candidate_id"":0,""schedule_alpha"":0.0},""phase"":""select""},{""action"":{""search_k"":1,""search_strategy"":""default""},""phase"":""search""},{""action"":{""execution_action"":""none"",""lip_action"":""none""},""phase"":""low""},{""action"":{""high_action"":""split"",""order_decision"":""only_cost""},""phase"":""high""},{""action"":{""candidate_id"":1,""schedule_alpha"":0.0},""phase"":""select""},{""action"":{""search_k"":1,""search_strategy"":""default""},""phase"":""search""},{""action"":{""execution_action"":""none"",""lip_action"":""none""},""phase"":""low""},{""action"":{""high_action"":""stop"",""order_decision"":""only_cost""},""phase"":""high""},{""action"":{""search_k"":1,""search_strategy"":""default""},""phase"":""search""},{""action"":{""execution_action"":""conservative"",""lip_action"":""selective""},""phase"":""low""}]"
JOB,random,c,./workloads/query_job/8d.sql,fixed_0,0.0,5384.913705289364,125.663000000000,2412.313476204872,ok,0,42e9d5875e298e1e96988f68f4ea5385d847af85ed0e315fb1c559c113c45301,1,16d0d1b0025bfb00223a5e90724ce2576a9b547254e11eb93c7f1b5a37ec9d59,15df86852c3c4054392ec80b93c3cd9e01096b67bdf6bc293dc433ff20c54eea,./results/models/job/random/c/best.pt,"[{""action"":{""high_action"":""split"",""order_decision"":""only_cost""},""phase"":""high""},{""action"":{""candidate_id"":0,""schedule_alpha"":0.0},""phase"":""select""},{""action"":{""search_k"":1,""search_strategy"":""default""},""phase"":""search""},{""action"":{""execution_action"":""conservative"",""lip_action"":""selective""},""phase"":""low""},{""action"":{""high_action"":""split"",""order_decision"":""only_cost""},""phase"":""high""},{""action"":{""candidate_id"":1,""schedule_alpha"":0.0},""phase"":""select""},{""action"":{""search_k"":1,""search_strategy"":""default""},""phase"":""search""},{""action"":{""execution_action"":""conservative"",""lip_action"":""selective""},""phase"":""low""},{""action"":{""high_action"":""stop"",""order_decision"":""only_cost""},""phase"":""high""},{""action"":{""search_k"":1,""search_strategy"":""default""},""phase"":""search""},{""action"":{""execution_action"":""conservative"",""lip_action"":""selective""},""phase"":""low""}]"
JOB,random,c,./workloads/query_job/9c.sql,fixed_0,0.0,2080.367997288704,52.937000000000,2788.395129144192,ok,1,557da082f2ed4caf79da00c7414e7dd21a43ea04df959539305598466791daec,1,b03847ea18a526426ce1adba396af26462cdbc915bfdf5fceda9f820f2c1c96f,a59f33b640d48085b4c3b45ce4e0c56f9c24515d313e700efa463d60d29ddaf7,./results/models/job/random/c/best.pt,"[{""action"":{""high_action"":""split"",""order_decision"":""only_cost""},""phase"":""high""},{""action"":{""candidate_id"":1,""schedule_alpha"":0.0},""phase"":""select""},{""action"":{""search_k"":1,""search_strategy"":""default""},""phase"":""search""},{""action"":{""execution_action"":""none"",""lip_action"":""none""},""phase"":""low""},{""action"":{""high_action"":""split"",""order_decision"":""only_cost""},""phase"":""high""},{""action"":{""candidate_id"":1,""schedule_alpha"":0.0},""phase"":""select""},{""action"":{""search_k"":1,""search_strategy"":""default""},""phase"":""search""},{""action"":{""execution_action"":""none"",""lip_action"":""none""},""phase"":""low""},{""action"":{""high_action"":""stop"",""order_decision"":""only_cost""},""phase"":""high""},{""action"":{""search_k"":1,""search_strategy"":""default""},""phase"":""search""},{""action"":{""execution_action"":""none"",""lip_action"":""none""},""phase"":""low""}]"
JOB,random,a,./workloads/query_job/10c.sql,fixed_0_5,0.5,7338.754929602146,46.871000000000,9237.700425088406,ok,1,73b0bf53e0d911a07eeb82a77e0c4d8e572b4a66464eabd6ab74eddeab66e4b6,1,5275764f2401195e6a544e22d0840536a2b4d9dbc51295d150077f21d0be35f0,7be0ed4c0418942f410676f64fb624dbfd313a5ca9b19dcc7240b853e5df589a,./results/models/job/random/a/best.pt,"[{""action"":{""high_action"":""stop"",""order_decision"":""only_cost""},""phase"":""high""},{""action"":{""search_k"":1,""search_strategy"":""default""},""phase"":""search""},{""action"":{""execution_action"":""conservative"",""lip_action"":""selective""},""phase"":""low""}]"
JOB,random,a,./workloads/query_job/11d.sql,fixed_0_5,0.5,230.543747544289,75.763000000000,138.537377119064,ok,1,de7342ed1d49ddb4af769ed803430202f4e99db6d34267ee2b58c1cbcee1f279,1,5ac4cb4ae75270882624867ac1cf2695549de7e5303c0679198919ca3f7c04ec,d5a4653df31810ede5fe552e8e52da489eb78d0b5f1d94cbc80c4ba03a3e09cf,./results/models/job/random/a/best.pt,"[{""action"":{""high_action"":""stop"",""order_decision"":""only_cost""},""phase"":""high""},{""action"":{""search_k"":1,""search_strategy"":""default""},""phase"":""search""},{""action"":{""execution_action"":""none"",""lip_action"":""none""},""phase"":""low""}]"
JOB,random,a,./workloads/query_job/13a.sql,fixed_0_5,0.5,2518.219463527203,16.506000000000,4301.647722721100,ok,1,5ee98befd3d641c6753778abf08e4c9202a00380903807997963bc6fbf2344d1,1,41b19fc481696c7748cd5c7c2871b079064f5afe898caaefc11de0c05c1a1df6,9240fac0a0e0c8a9e03c9e9f8a1daa05d4dba5f8a4d3641f869ad5579ff529a5,./results/models/job/random/a/best.pt,"[{""action"":{""high_action"":""stop"",""order_decision"":""only_cost""},""phase"":""high""},{""action"":{""search_k"":1,""search_strategy"":""default""},""phase"":""search""},{""action"":{""execution_action"":""conservative"",""lip_action"":""selective""},""phase"":""low""}]"
JOB,random,a,./workloads/query_job/13b.sql,fixed_0_5,0.5,1214.693494141102,90.474000000000,1089.247480034828,ok,1,3d96d4044fccab21095254c6b5ee60e7d430f8e3a04d0eb12bc3df93c0a121c3,1,bd5575bc2586996551abcbbe6aa53f734f17dc24991a03f35dc44a5309955189,4554399e8ce618524f4fcff267e6e5b20ae1cfa35fb8f6f917ccbd30c3d5588a,./results/models/job/random/a/best.pt,"[{""action"":{""high_action"":""stop"",""order_decision"":""only_cost""},""phase"":""high""},{""action"":{""search_k"":1,""search_strategy"":""default""},""phase"":""search""},{""action"":{""execution_action"":""none"",""lip_action"":""none""},""phase"":""low""}]"
JOB,random,a,./workloads/query_job/13d.sql,fixed_0_5,0.5,4458.047494292259,53.782000000000,5162.559963762760,ok,1,23a870573284058686cb251c6ba164baa8ae4f5ef07cfb8c562be705ab7dee88,1,3a1396031b44384677afb9d25db64eeb442401fb0a52c11ac82d4fd155436e92,20f7e545ede9a395cb9c94d320bfc957b88cbc78a7a41816b93f9131bca95c1d,./results/models/job/random/a/best.pt,"[{""action"":{""high_action"":""stop"",""order_decision"":""only_cost""},""phase"":""high""},{""action"":{""search_k"":1,""search_strategy"":""default""},""phase"":""search""},{""action"":{""execution_action"":""conservative"",""lip_action"":""selective""},""phase"":""low""}]"
JOB,random,a,./workloads/query_job/15c.sql,fixed_0_5,0.5,801.194056868553,83.216000000000,986.266545951366,ok,1,089e136e8a705182e20d1d2d2df976cada5b59fa92a88f7c18af99db6fa72368,1,6a5059fef85836b2aee4039639564405d3cd364491998d2e9502edc8a161f84d,2ec908c854406737ed6f5213d668c7fc55664f26a149b1e9ab5e9191fc96ad50,./results/models/job/random/a/best.pt,"[{""action"":{""high_action"":""stop"",""order_decision"":""only_cost""},""phase"":""high""},{""action"":{""search_k"":1,""search_strategy"":""default""},""phase"":""search""},{""action"":{""execution_action"":""none"",""lip_action"":""none""},""phase"":""low""}]"
JOB,random,a,./workloads/query_job/17d.sql,fixed_0_5,0.5,1263.202875852585,146.335000000000,7518.435984849930,ok,1,9a519542553c082aa22cad711ded801827b50f2fc8a7b5078563cb2b04a7428e,1,f5cf57ca99bc829aca937a2c7bc442096239a027dab911bf49e627f89dd9f8b2,ebabf8ea53fa21dc46114cd01e288e087a425fbb140e020f8484bac7a0ed726b,./results/models/job/random/a/best.pt,"[{""action"":{""high_action"":""split"",""order_decision"":""only_cost""},""phase"":""high""},{""action"":{""candidate_id"":2,""schedule_alpha"":0.5},""phase"":""select""},{""action"":{""search_k"":1,""search_strategy"":""default""},""phase"":""search""},{""action"":{""execution_action"":""none"",""lip_action"":""none""},""phase"":""low""},{""action"":{""high_action"":""split"",""order_decision"":""only_cost""},""phase"":""high""},{""action"":{""candidate_id"":0,""schedule_alpha"":0.5},""phase"":""select""},{""action"":{""search_k"":1,""search_strategy"":""default""},""phase"":""search""},{""action"":{""execution_action"":""none"",""lip_action"":""none""},""phase"":""low""},{""action"":{""high_action"":""stop"",""order_decision"":""only_cost""},""phase"":""high""},{""action"":{""search_k"":1,""search_strategy"":""default""},""phase"":""search""},{""action"":{""execution_action"":""none"",""lip_action"":""none""},""phase"":""low""}]"
JOB,random,a,./workloads/query_job/18b.sql,fixed_0_5,0.5,808.887258172035,156.020000000000,399.334855377674,ok,1,6635682ea66176cb4b122c8c01b41b06001993191e9889f440da443126fcee38,1,47ad672adac97e9051db2542d190ba644c17275af75a7732b190eea2f69fe122,8e60c34089ae229bfac4b60e512b09f99027cd283f45f9125afb61f273b6ca19,./results/models/job/random/a/best.pt,"[{""action"":{""high_action"":""split"",""order_decision"":""only_cost""},""phase"":""high""},{""action"":{""candidate_id"":2,""schedule_alpha"":0.5},""phase"":""select""},{""action"":{""search_k"":1,""search_strategy"":""default""},""phase"":""search""},{""action"":{""execution_action"":""none"",""lip_action"":""none""},""phase"":""low""},{""action"":{""high_action"":""split"",""order_decision"":""only_cost""},""phase"":""high""},{""action"":{""candidate_id"":1,""schedule_alpha"":0.5},""phase"":""select""},{""action"":{""search_k"":1,""search_strategy"":""default""},""phase"":""search""},{""action"":{""execution_action"":""none"",""lip_action"":""none""},""phase"":""low""},{""action"":{""high_action"":""stop"",""order_decision"":""only_cost""},""phase"":""high""},{""action"":{""search_k"":1,""search_strategy"":""default""},""phase"":""search""},{""action"":{""execution_action"":""none"",""lip_action"":""none""},""phase"":""low""}]"
JOB,random,a,./workloads/query_job/18c.sql,fixed_0_5,0.5,7493.509173393250,45.409000000000,9879.471488296986,ok,1,542307488c7a1ab1b7cc860d07b9bcba2943079fcc1b17924c4d69c8285fa274,1,3d3f01746b7fd993df525fb8aaf6d2fd54c319ffffbe56a14135173b531be8b2,2d3c0ae25a661948bb7ee9b4337b5ff7941be62accaad3721f29eb16df725c78,./results/models/job/random/a/best.pt,"[{""action"":{""high_action"":""split"",""order_decision"":""only_cost""},""phase"":""high""},{""action"":{""candidate_id"":1,""schedule_alpha"":0.5},""phase"":""select""},{""action"":{""search_k"":1,""search_strategy"":""default""},""phase"":""search""},{""action"":{""execution_action"":""none"",""lip_action"":""none""},""phase"":""low""},{""action"":{""high_action"":""split"",""order_decision"":""only_cost""},""phase"":""high""},{""action"":{""candidate_id"":1,""schedule_alpha"":0.5},""phase"":""select""},{""action"":{""search_k"":1,""search_strategy"":""default""},""phase"":""search""},{""action"":{""execution_action"":""conservative"",""lip_action"":""selective""},""phase"":""low""},{""action"":{""high_action"":""stop"",""order_decision"":""only_cost""},""phase"":""high""},{""action"":{""search_k"":1,""search_strategy"":""default""},""phase"":""search""},{""action"":{""execution_action"":""conservative"",""lip_action"":""selective""},""phase"":""low""}]"
JOB,random,a,./workloads/query_job/19b.sql,fixed_0_5,0.5,613.825887441635,74.049000000000,511.048525571823,ok,1,91275ea0a7bef7c58863c590bb17df5976280a00d3553ff0ccfd2fc85a34dfb6,1,c487f37a3c6d0b8e1c01b8618bb317bca68f06cda35b66651846cb58606cfefc,7d9cbef0e835991ac8b2ac7aeca6abefeb45dd44303cf41ce96996a812ed59ee,./results/models/job/random/a/best.pt,"[{""action"":{""high_action"":""stop"",""order_decision"":""only_cost""},""phase"":""high""},{""action"":{""search_k"":1,""search_strategy"":""default""},""phase"":""search""},{""action"":{""execution_action"":""none"",""lip_action"":""none""},""phase"":""low""}]"
JOB,random,a,./workloads/query_job/19c.sql,fixed_0_5,0.5,3029.913850128651,83.318000000000,1972.019322216511,ok,1,5bb686926c7ac803228b08a35834a98c97bfac4d34377d9f0e0143ed1c846478,1,61537ad94bf5098ffb8061a75e6007261bceac1e1f797330a7bfb531c4106b48,858d0aef8f7d56bfc54c6f685a0f3d08e877cd50146bbc11ebcd49b1c0530c69,./results/models/job/random/a/best.pt,"[{""action"":{""high_action"":""split"",""order_decision"":""only_cost""},""phase"":""high""},{""action"":{""candidate_id"":1,""schedule_alpha"":0.5},""phase"":""select""},{""action"":{""search_k"":1,""search_strategy"":""default""},""phase"":""search""},{""action"":{""execution_action"":""none"",""lip_action"":""none""},""phase"":""low""},{""action"":{""high_action"":""split"",""order_decision"":""only_cost""},""phase"":""high""},{""action"":{""candidate_id"":2,""schedule_alpha"":0.5},""phase"":""select""},{""action"":{""search_k"":1,""search_strategy"":""default""},""phase"":""search""},{""action"":{""execution_action"":""none"",""lip_action"":""none""},""phase"":""low""},{""action"":{""high_action"":""split"",""order_decision"":""only_cost""},""phase"":""high""},{""action"":{""candidate_id"":0,""schedule_alpha"":0.5},""phase"":""select""},{""action"":{""search_k"":1,""search_strategy"":""default""},""phase"":""search""},{""action"":{""execution_action"":""none"",""lip_action"":""none""},""phase"":""low""},{""action"":{""high_action"":""stop"",""order_decision"":""only_cost""},""phase"":""high""},{""action"":{""search_k"":1,""search_strategy"":""default""},""phase"":""search""},{""action"":{""execution_action"":""conservative"",""lip_action"":""selective""},""phase"":""low""}]"
JOB,random,a,./workloads/query_job/1a.sql,fixed_0_5,0.5,94.836473464966,40.285000000000,125.739857554436,ok,1,4509535bf8626cc136208e1b88afc7aa478160ccf6b340e66765b9bcf2288a38,1,1c839f0a1247f8e470bd458c0dd324f6595b8129d2e73f9a3beb0fbad274ffdc,deddc01784861663d77d45eedc92ed8d235d1bb7504213c41bb9977194fe66c2,./results/models/job/random/a/best.pt,"[{""action"":{""high_action"":""stop"",""order_decision"":""only_cost""},""phase"":""high""},{""action"":{""search_k"":1,""search_strategy"":""default""},""phase"":""search""},{""action"":{""execution_action"":""conservative"",""lip_action"":""selective""},""phase"":""low""}]"
JOB,random,a,./workloads/query_job/20a.sql,fixed_0_5,0.5,2352.661915123463,187.061000000000,4446.739353239536,ok,1,b9480e419c0d039ed6aaa9978ef27229df665cc5a98eb6295b1a8948ca1efa8c,1,fce1942c3addaa755ef56fba0c64bdfdca8f309cad317642e934b39177868a90,4d077812cb274527d6f819e152c964b8065cf6b6512855a6a0cbdde32feda834,./results/models/job/random/a/best.pt,"[{""action"":{""high_action"":""split"",""order_decision"":""only_cost""},""phase"":""high""},{""action"":{""candidate_id"":2,""schedule_alpha"":0.5},""phase"":""select""},{""action"":{""search_k"":1,""search_strategy"":""default""},""phase"":""search""},{""action"":{""execution_action"":""none"",""lip_action"":""none""},""phase"":""low""},{""action"":{""high_action"":""split"",""order_decision"":""only_cost""},""phase"":""high""},{""action"":{""candidate_id"":2,""schedule_alpha"":0.5},""phase"":""select""},{""action"":{""search_k"":1,""search_strategy"":""default""},""phase"":""search""},{""action"":{""execution_action"":""none"",""lip_action"":""none""},""phase"":""low""},{""action"":{""high_action"":""split"",""order_decision"":""only_cost""},""phase"":""high""},{""action"":{""candidate_id"":0,""schedule_alpha"":0.5},""phase"":""select""},{""action"":{""search_k"":1,""search_strategy"":""default""},""phase"":""search""},{""action"":{""execution_action"":""none"",""lip_action"":""none""},""phase"":""low""},{""action"":{""high_action"":""stop"",""order_decision"":""only_cost""},""phase"":""high""},{""action"":{""search_k"":1,""search_strategy"":""default""},""phase"":""search""},{""action"":{""execution_action"":""none"",""lip_action"":""none""},""phase"":""low""}]"
JOB,random,a,./workloads/query_job/22a.sql,fixed_0_5,0.5,629.684254527092,73.611000000000,534.385412931442,ok,1,6bee5e8659b220bbe1e6582e8e5bea8f9a97ac298b4a7f5246846c1413c5c2c3,1,fbb968bba775747b3e0b54643e893649e8f41c9257a3cb564710493d403099a8,e07ec0fe5b9bba5e9c63036cf67af2e60c8b26c77279db2bc573dd018d6f84e1,./results/models/job/random/a/best.pt,"[{""action"":{""high_action"":""stop"",""order_decision"":""only_cost""},""phase"":""high""},{""action"":{""search_k"":1,""search_strategy"":""default""},""phase"":""search""},{""action"":{""execution_action"":""none"",""lip_action"":""none""},""phase"":""low""}]"
JOB,random,a,./workloads/query_job/22c.sql,fixed_0_5,0.5,2035.862550139427,89.258000000000,2017.125643789768,ok,1,18e529eeadd28daacd2cb90fcff55d8be4573ecfaaf76cd6e1ddb1dd25ff265c,1,67c91aa92958941bff045a8d2c4da0c344edb17394eb3af91b4b543afeea2e0f,81bf82442f10392e66644157f98c9c5e731eac0bb552484e907c5840d0eacc99,./results/models/job/random/a/best.pt,"[{""action"":{""high_action"":""stop"",""order_decision"":""only_cost""},""phase"":""high""},{""action"":{""search_k"":1,""search_strategy"":""default""},""phase"":""search""},{""action"":{""execution_action"":""none"",""lip_action"":""none""},""phase"":""low""}]"
JOB,random,a,./workloads/query_job/22d.sql,fixed_0_5,0.5,1059.323564171791,79.043000000000,940.366297960281,ok,1,5469e96c680a925a1c749d9befcbc02caea70a0c986dfa8291bc858fe10392ac,1,e156dcd682c97edba243de758b0670fda555e09f3010da23cbe6a13911f7a843,034f5b395596a60dfa13fe2c3d7de2099201f7f3ccf6407b00c479fa29dd1221,./results/models/job/random/a/best.pt,"[{""action"":{""high_action"":""stop"",""order_decision"":""only_cost""},""phase"":""high""},{""action"":{""search_k"":1,""search_strategy"":""default""},""phase"":""search""},{""action"":{""execution_action"":""none"",""lip_action"":""none""},""phase"":""low""}]"
JOB,random,a,./workloads/query_job/23b.sql,fixed_0_5,0.5,209.684148430824,80.585000000000,124.304994940758,ok,1,f3a7f99f72b0caf860606e57aed9dc89d96aec3d96e1b92fd2104119ba77b59b,1,7d91588d90cf3f62d17ad7f50a9c93ff5a3e6af79c5483981cf7f8e143d2cf49,2e3ac61a4c3492025e775a219d2615ea5260a4d71f54601c108f1bfc62e3175c,./results/models/job/random/a/best.pt,"[{""action"":{""high_action"":""stop"",""order_decision"":""only_cost""},""phase"":""high""},{""action"":{""search_k"":1,""search_strategy"":""default""},""phase"":""search""},{""action"":{""execution_action"":""none"",""lip_action"":""none""},""phase"":""low""}]"
JOB,random,a,./workloads/query_job/26b.sql,fixed_0_5,0.5,550.275161862373,312.819000000000,253.062307834625,ok,1,52c5df37c8602881f0acfe405e5a4f38ddcec08893afde614bdc4c3ed35bf58f,1,fdfa3b34ec346be9eb6692af6e82f8df43e5968ed5436da1ded08ce84d31544e,a1ce98c42675782986bef81d0bf4986edd6a3abcc1eb26237ede1e9bdc380761,./results/models/job/random/a/best.pt,"[{""action"":{""high_action"":""split"",""order_decision"":""only_cost""},""phase"":""high""},{""action"":{""candidate_id"":3,""schedule_alpha"":0.5},""phase"":""select""},{""action"":{""search_k"":1,""search_strategy"":""default""},""phase"":""search""},{""action"":{""execution_action"":""none"",""lip_action"":""none""},""phase"":""low""},{""action"":{""high_action"":""split"",""order_decision"":""only_cost""},""phase"":""high""},{""action"":{""candidate_id"":2,""schedule_alpha"":0.5},""phase"":""select""},{""action"":{""search_k"":1,""search_strategy"":""default""},""phase"":""search""},{""action"":{""execution_action"":""none"",""lip_action"":""none""},""phase"":""low""},{""action"":{""high_action"":""split"",""order_decision"":""only_cost""},""phase"":""high""},{""action"":{""candidate_id"":2,""schedule_alpha"":0.5},""phase"":""select""},{""action"":{""search_k"":1,""search_strategy"":""default""},""phase"":""search""},{""action"":{""execution_action"":""none"",""lip_action"":""none""},""phase"":""low""},{""action"":{""high_action"":""split"",""order_decision"":""only_cost""},""phase"":""high""},{""action"":{""candidate_id"":0,""schedule_alpha"":0.5},""phase"":""select""},{""action"":{""search_k"":1,""search_strategy"":""default""},""phase"":""search""},{""action"":{""execution_action"":""none"",""lip_action"":""none""},""phase"":""low""},{""action"":{""high_action"":""stop"",""order_decision"":""only_cost""},""phase"":""high""},{""action"":{""search_k"":1,""search_strategy"":""default""},""phase"":""search""},{""action"":{""execution_action"":""none"",""lip_action"":""none""},""phase"":""low""}]"
JOB,random,a,./workloads/query_job/28c.sql,fixed_0_5,0.5,1462.902680039406,93.876000000000,1357.850536704063,ok,1,991e8b67081098ca2488bedc79afe1881f2df52affbd0cf95312f4fb04855bd7,1,44786839196803076f694a42ea77fe7dbf087e6d129705b727260222ad0640b9,6e0e9e34366290554801d0f64aed71fbaf36f532c2078ebf64704f208727138d,./results/models/job/random/a/best.pt,"[{""action"":{""high_action"":""stop"",""order_decision"":""only_cost""},""phase"":""high""},{""action"":{""search_k"":1,""search_strategy"":""default""},""phase"":""search""},{""action"":{""execution_action"":""none"",""lip_action"":""none""},""phase"":""low""}]"
JOB,random,a,./workloads/query_job/2a.sql,fixed_0_5,0.5,721.579730510712,60.570000000000,2242.476612329483,ok,1,fc90f3c2c15c5abce95811297c6b9a8ee98e4e03347ce9e79c8ce8e6b57b03a0,1,0995feb2bcd3f7f0309e5327fcc700850effde3e159b0c7405c2a29e9f46ba89,398c0ef785bfd21c05bc6e7a8542f94d8a4d991a6823510e5d9a1f92176a4728,./results/models/job/random/a/best.pt,"[{""action"":{""high_action"":""stop"",""order_decision"":""only_cost""},""phase"":""high""},{""action"":{""search_k"":1,""search_strategy"":""default""},""phase"":""search""},{""action"":{""execution_action"":""none"",""lip_action"":""none""},""phase"":""low""}]"
JOB,random,a,./workloads/query_job/30b.sql,fixed_0_5,0.5,812.626153230667,243.832000000000,575.853057205677,ok,1,9debd188f6a0b8138ba60e6d549daaba2133a2011cbd29d42025eebe31205230,1,cfa7d8ca041e428e1d5309dc75c76077ebac66ad9a35c608cdc98780d442e64d,aba066d4720e0dcee7b053ca0b386f387fa57cf0ab4ee41300dc406ea068ca4a,./results/models/job/random/a/best.pt,"[{""action"":{""high_action"":""split"",""order_decision"":""only_cost""},""phase"":""high""},{""action"":{""candidate_id"":4,""schedule_alpha"":0.5},""phase"":""select""},{""action"":{""search_k"":1,""search_strategy"":""default""},""phase"":""search""},{""action"":{""execution_action"":""none"",""lip_action"":""none""},""phase"":""low""},{""action"":{""high_action"":""split"",""order_decision"":""only_cost""},""phase"":""high""},{""action"":{""candidate_id"":3,""schedule_alpha"":0.5},""phase"":""select""},{""action"":{""search_k"":1,""search_strategy"":""default""},""phase"":""search""},{""action"":{""execution_action"":""none"",""lip_action"":""none""},""phase"":""low""},{""action"":{""high_action"":""split"",""order_decision"":""only_cost""},""phase"":""high""},{""action"":{""candidate_id"":0,""schedule_alpha"":0.5},""phase"":""select""},{""action"":{""search_k"":1,""search_strategy"":""default""},""phase"":""search""},{""action"":{""execution_action"":""none"",""lip_action"":""none""},""phase"":""low""},{""action"":{""high_action"":""split"",""order_decision"":""only_cost""},""phase"":""high""},{""action"":{""candidate_id"":1,""schedule_alpha"":0.5},""phase"":""select""},{""action"":{""search_k"":1,""search_strategy"":""default""},""phase"":""search""},{""action"":{""execution_action"":""none"",""lip_action"":""none""},""phase"":""low""},{""action"":{""high_action"":""stop"",""order_decision"":""only_cost""},""phase"":""high""},{""action"":{""search_k"":1,""search_strategy"":""default""},""phase"":""search""},{""action"":{""execution_action"":""none"",""lip_action"":""none""},""phase"":""low""}]"
JOB,random,a,./workloads/query_job/30c.sql,fixed_0_5,0.5,2128.015570342541,238.821000000000,2905.365847051144,ok,1,9def3478d3162492b92bb76237115759aec29176d767191b8cd5def2da2391c9,1,4490fad880a4fd6cef1717c86ec789c5032e14215261d122c4eb20a5fbfa78ab,b2f758d9c8b5f17129ee62a9e840befd299b165c8eef5cbf9788928477dc0bd1,./results/models/job/random/a/best.pt,"[{""action"":{""high_action"":""split"",""order_decision"":""only_cost""},""phase"":""high""},{""action"":{""candidate_id"":4,""schedule_alpha"":0.5},""phase"":""select""},{""action"":{""search_k"":1,""search_strategy"":""default""},""phase"":""search""},{""action"":{""execution_action"":""none"",""lip_action"":""none""},""phase"":""low""},{""action"":{""high_action"":""split"",""order_decision"":""only_cost""},""phase"":""high""},{""action"":{""candidate_id"":0,""schedule_alpha"":0.5},""phase"":""select""},{""action"":{""search_k"":1,""search_strategy"":""default""},""phase"":""search""},{""action"":{""execution_action"":""none"",""lip_action"":""none""},""phase"":""low""},{""action"":{""high_action"":""split"",""order_decision"":""only_cost""},""phase"":""high""},{""action"":{""candidate_id"":2,""schedule_alpha"":0.5},""phase"":""select""},{""action"":{""search_k"":1,""search_strategy"":""default""},""phase"":""search""},{""action"":{""execution_action"":""none"",""lip_action"":""none""},""phase"":""low""},{""action"":{""high_action"":""split"",""order_decision"":""only_cost""},""phase"":""high""},{""action"":{""candidate_id"":1,""schedule_alpha"":0.5},""phase"":""select""},{""action"":{""search_k"":1,""search_strategy"":""default""},""phase"":""search""},{""action"":{""execution_action"":""none"",""lip_action"":""none""},""phase"":""low""},{""action"":{""high_action"":""stop"",""order_decision"":""only_cost""},""phase"":""high""},{""action"":{""search_k"":1,""search_strategy"":""default""},""phase"":""search""},{""action"":{""execution_action"":""none"",""lip_action"":""none""},""phase"":""low""}]"
JOB,random,a,./workloads/query_job/31c.sql,fixed_0_5,0.5,1158.591069281101,303.754000000000,8280.486769974232,ok,1,09c5cf7e96fa8a299de4f7088731cf8e370fa7af16a3438017bcf08c6d8905ae,1,c7c137605a3a70a7886d8950383c13d4074e591f6598cf2a6171e355d8df1096,7da50b2fc8ae9a4b093b2a9f11197b867ab04e85fb5748e4eac45a3644ff4bb7,./results/models/job/random/a/best.pt,"[{""action"":{""high_action"":""split"",""order_decision"":""only_cost""},""phase"":""high""},{""action"":{""candidate_id"":4,""schedule_alpha"":0.5},""phase"":""select""},{""action"":{""search_k"":1,""search_strategy"":""default""},""phase"":""search""},{""action"":{""execution_action"":""none"",""lip_action"":""none""},""phase"":""low""},{""action"":{""high_action"":""split"",""order_decision"":""only_cost""},""phase"":""high""},{""action"":{""candidate_id"":1,""schedule_alpha"":0.5},""phase"":""select""},{""action"":{""search_k"":1,""search_strategy"":""default""},""phase"":""search""},{""action"":{""execution_action"":""none"",""lip_action"":""none""},""phase"":""low""},{""action"":{""high_action"":""split"",""order_decision"":""only_cost""},""phase"":""high""},{""action"":{""candidate_id"":2,""schedule_alpha"":0.5},""phase"":""select""},{""action"":{""search_k"":1,""search_strategy"":""default""},""phase"":""search""},{""action"":{""execution_action"":""none"",""lip_action"":""none""},""phase"":""low""},{""action"":{""high_action"":""split"",""order_decision"":""only_cost""},""phase"":""high""},{""action"":{""candidate_id"":1,""schedule_alpha"":0.5},""phase"":""select""},{""action"":{""search_k"":1,""search_strategy"":""default""},""phase"":""search""},{""action"":{""execution_action"":""none"",""lip_action"":""none""},""phase"":""low""},{""action"":{""high_action"":""stop"",""order_decision"":""only_cost""},""phase"":""high""},{""action"":{""search_k"":1,""search_strategy"":""default""},""phase"":""search""},{""action"":{""execution_action"":""none"",""lip_action"":""none""},""phase"":""low""}]"
JOB,random,a,./workloads/query_job/32a.sql,fixed_0_5,0.5,106.169357895851,61.572000000000,24.523176252842,ok,1,38cf683886cf6fdc55596ffbf14756cbedd54a4091ef744fb773fc7f37ce3139,1,8ad21930b0a8a23f5e33825167d833a61153d8cb7d5be09d4b81d3cd0617fb08,6521cf5a0b6f3b22a0ad0976142ceeb4f99e5a166efc1656f2af4246846945f6,./results/models/job/random/a/best.pt,"[{""action"":{""high_action"":""stop"",""order_decision"":""only_cost""},""phase"":""high""},{""action"":{""search_k"":1,""search_strategy"":""default""},""phase"":""search""},{""action"":{""execution_action"":""none"",""lip_action"":""none""},""phase"":""low""}]"
JOB,random,a,./workloads/query_job/33a.sql,fixed_0_5,0.5,1601.651534438135,146.803498268127,320.330306887627,timeout,1,,,6a38fb395b06f945854ef0423937019deed322f9f962b26950ed9c16f02e744d,fa594c1a4fdeab5f64d3b129587c0c0a4f712df879f10cbd6d27e8d77dd8eb52,./results/models/job/random/a/best.pt,"[{""action"":{""high_action"":""stop"",""order_decision"":""only_cost""},""phase"":""high""},{""action"":{""search_k"":1,""search_strategy"":""default""},""phase"":""search""},{""action"":{""execution_action"":""conservative"",""lip_action"":""selective""},""phase"":""low""}]"
JOB,random,a,./workloads/query_job/33b.sql,fixed_0_5,0.5,1542.342230677605,133.006915450096,308.468446135521,timeout,1,,,e14647709a68dddcaae13776734ffd6414f1e12c54e94e082601741ffb8e0629,b201c719d5a109414c888ae5bf745ad936fdb1dee0b4aa1d892016f619f72675,./results/models/job/random/a/best.pt,"[{""action"":{""high_action"":""stop"",""order_decision"":""only_cost""},""phase"":""high""},{""action"":{""search_k"":1,""search_strategy"":""default""},""phase"":""search""},{""action"":{""execution_action"":""conservative"",""lip_action"":""selective""},""phase"":""low""}]"
JOB,random,a,./workloads/query_job/3b.sql,fixed_0_5,0.5,209.415115416050,52.491000000000,109.037376940250,ok,1,f09c4919f4c92a95515be773a486d51c5e5ccd19e0f5087b7c0f0ab64cd137cf,1,ae4004cc7b799ac793b059f8e836f1f30e1c7aa97f606ea09a38a5bf3249c9b0,84d29a7505c100bf2b8246c9be5df5e592cf34845dd9f212ac76a18b80591379,./results/models/job/random/a/best.pt,"[{""action"":{""high_action"":""stop"",""order_decision"":""only_cost""},""phase"":""high""},{""action"":{""search_k"":1,""search_strategy"":""default""},""phase"":""search""},{""action"":{""execution_action"":""none"",""lip_action"":""none""},""phase"":""low""}]"
JOB,random,a,./workloads/query_job/3c.sql,fixed_0_5,0.5,434.940822422504,46.477000000000,1851.131595671177,ok,1,78dc828b7194ccb46ee35f89eb2f2152e11378ef17a14837d364bb6f73cc0769,1,53f67ff744c691ea1d11ad08bd66770e31b5d5aa38acafd34f0975631c915b0a,96e9d72d112021ea7a50ee4fa22fcb86c62c2674cad615984e03bcc5b27fb2a5,./results/models/job/random/a/best.pt,"[{""action"":{""high_action"":""stop"",""order_decision"":""only_cost""},""phase"":""high""},{""action"":{""search_k"":1,""search_strategy"":""default""},""phase"":""search""},{""action"":{""execution_action"":""none"",""lip_action"":""none""},""phase"":""low""}]"
JOB,random,a,./workloads/query_job/4a.sql,fixed_0_5,0.5,227.734640240669,61.976000000000,311.795756220818,ok,1,748155aaa114d016eb288dab57d2b91f8907ee5678c3789b9df355aec3a5f474,1,06bfce65a48f6ab1199c4a9bba913510f7b8a82566d50963a11f84c92b9f7a89,2f9a3e127c3ab3e6665cac74c39561a0b74685029816cdd480e956e204ddd92e,./results/models/job/random/a/best.pt,"[{""action"":{""high_action"":""stop"",""order_decision"":""only_cost""},""phase"":""high""},{""action"":{""search_k"":1,""search_strategy"":""default""},""phase"":""search""},{""action"":{""execution_action"":""none"",""lip_action"":""none""},""phase"":""low""}]"
JOB,random,a,./workloads/query_job/4b.sql,fixed_0_5,0.5,203.850194811821,54.375000000000,263.578563928604,ok,1,c2e5045abfc8ecfbd0b40e2ecf04f734592cd5b76e223f977e6c366b9f571679,1,dace7f2a6b2b3cb8f35621d48df5ec2f440e2897681e0d2e3c4876fb41206ea6,c21d9dceadadd56d12c23a7bf4d2f8851ef8d99b4b124434b2d5518b3a1905d4,./results/models/job/random/a/best.pt,"[{""action"":{""high_action"":""stop"",""order_decision"":""only_cost""},""phase"":""high""},{""action"":{""search_k"":1,""search_strategy"":""default""},""phase"":""search""},{""action"":{""execution_action"":""none"",""lip_action"":""none""},""phase"":""low""}]"
JOB,random,a,./workloads/query_job/5b.sql,fixed_0_5,0.5,319.519981741905,60.291000000000,213.582336902618,ok,1,4f78f1a55542d807d5eaabd4ee2244ee9ba0258958f7de1c1ef4598cd5b46ab1,1,f78fd9dcfdefdabe6ccf1417c71f47a3f55d557440d5af502154d3407164641c,1fd4a63b9958e07a71cbd3739d6400aa3d0fe2f076e8994ee47643feaec1c52d,./results/models/job/random/a/best.pt,"[{""action"":{""high_action"":""stop"",""order_decision"":""only_cost""},""phase"":""high""},{""action"":{""search_k"":1,""search_strategy"":""default""},""phase"":""search""},{""action"":{""execution_action"":""none"",""lip_action"":""none""},""phase"":""low""}]"
JOB,random,a,./workloads/query_job/6b.sql,fixed_0_5,0.5,376.647420227528,78.544000000000,784.166216850281,ok,1,2b959ee9a358222cd3f680b4de1a9c2be8556432140123daad1b20aa89815ab9,1,419e551750c0131f0e1003b4d6108970d8e55450d8864511a38ea622f1ec5b46,4b4fbdccb49613c8ac20ef24e9a4c20781da87750327cd66fca9ffb9e6be5425,./results/models/job/random/a/best.pt,"[{""action"":{""high_action"":""split"",""order_decision"":""only_cost""},""phase"":""high""},{""action"":{""candidate_id"":1,""schedule_alpha"":0.5},""phase"":""select""},{""action"":{""search_k"":1,""search_strategy"":""default""},""phase"":""search""},{""action"":{""execution_action"":""none"",""lip_action"":""none""},""phase"":""low""},{""action"":{""high_action"":""stop"",""order_decision"":""only_cost""},""phase"":""high""},{""action"":{""search_k"":1,""search_strategy"":""default""},""phase"":""search""},{""action"":{""execution_action"":""none"",""lip_action"":""none""},""phase"":""low""}]"
JOB,random,a,./workloads/query_job/6f.sql,fixed_0_5,0.5,3600.704103708267,77.684000000000,4596.369124948978,ok,1,ce75c2032883b5ebfbc1826c33aee0cbee3a05005e8a664ad50142f57e258055,1,ca81b44f1bb28270af16fc3d7fc9557d25b0370bbbf93af18424495d9360b0cf,66f345526e2d80dee471ab0a61feffc1caeec5e94355c5f2c1ebaa9e079eb2a7,./results/models/job/random/a/best.pt,"[{""action"":{""high_action"":""split"",""order_decision"":""only_cost""},""phase"":""high""},{""action"":{""candidate_id"":1,""schedule_alpha"":0.5},""phase"":""select""},{""action"":{""search_k"":1,""search_strategy"":""default""},""phase"":""search""},{""action"":{""execution_action"":""none"",""lip_action"":""none""},""phase"":""low""},{""action"":{""high_action"":""stop"",""order_decision"":""only_cost""},""phase"":""high""},{""action"":{""search_k"":1,""search_strategy"":""default""},""phase"":""search""},{""action"":{""execution_action"":""none"",""lip_action"":""none""},""phase"":""low""}]"
JOB,random,a,./workloads/query_job/8a.sql,fixed_0_5,0.5,2227.720022201538,48.031000000000,6612.681291997433,ok,1,83ca1ebec91355240bb85797c81f9f6b8a96392c57707c100978708f49ae71e9,1,73718f4b13eeaee44908b29c966eb3cd5194734f660c4b9b5321e15b934ac32c,d8dfda3b35ef2b118e1b1a0326172cba6af9863eaedc023def1943885ecc71dc,./results/models/job/random/a/best.pt,"[{""action"":{""high_action"":""stop"",""order_decision"":""only_cost""},""phase"":""high""},{""action"":{""search_k"":1,""search_strategy"":""default""},""phase"":""search""},{""action"":{""execution_action"":""conservative"",""lip_action"":""selective""},""phase"":""low""}]"
JOB,random,a,./workloads/query_job/9a.sql,fixed_0_5,0.5,881.695315241814,77.628000000000,1133.110374212265,ok,1,886c7581cf3aa969ef759925c2f5ff04f028206a5c5d8bf1705580bbaac34c47,1,5c60e0fb6187f83d8c4459e1c364362583fa03f6dd31b13217182f0d4af891c0,02a906cc3e3be3274c46029454d253473b105c9abf0ddd061cbdde580bb6b0c8,./results/models/job/random/a/best.pt,"[{""action"":{""high_action"":""stop"",""order_decision"":""only_cost""},""phase"":""high""},{""action"":{""search_k"":1,""search_strategy"":""default""},""phase"":""search""},{""action"":{""execution_action"":""none"",""lip_action"":""none""},""phase"":""low""}]"
JOB,random,a,./workloads/query_job/9b.sql,fixed_0_5,0.5,856.529012322426,75.122000000000,946.450598537922,ok,1,8078dd223231eda190e9f3cf026f80ab7e46a368b87b14254a00ad3dcf6f4f90,1,b294b8877b6b33ef1ad86f3b2674ccaceda7d1f0629658d3bb9496c492de625e,dd44dfa822a7b8222ec7c897602c2224d841b880ee19caa62f8058576e5f503f,./results/models/job/random/a/best.pt,"[{""action"":{""high_action"":""stop"",""order_decision"":""only_cost""},""phase"":""high""},{""action"":{""search_k"":1,""search_strategy"":""default""},""phase"":""search""},{""action"":{""execution_action"":""none"",""lip_action"":""none""},""phase"":""low""}]"
JOB,random,a,./workloads/query_job/9d.sql,fixed_0_5,0.5,4051.779113709927,75.075000000000,5509.525291621685,ok,1,0e289ef9aab62d7cdc6d31fb6a14d705898bc5aae64eda813c4c66eea1574c1a,1,edcb2421819dd3bd5216ca8f01ded7b51fff1f50f281715adf5dd145339f2950,d1e172d21207fd171a5c293d2e9e0ea21c80da8970a17bd585b3135e6d94f39d,./results/models/job/random/a/best.pt,"[{""action"":{""high_action"":""stop"",""order_decision"":""only_cost""},""phase"":""high""},{""action"":{""search_k"":1,""search_strategy"":""default""},""phase"":""search""},{""action"":{""execution_action"":""none"",""lip_action"":""none""},""phase"":""low""}]"
JOB,random,b,./workloads/query_job/10a.sql,fixed_0_5,0.5,1002.688966691494,94.257000000000,1062.002897262573,ok,1,929d0b936421c3cc037300fc273cb56746f39627e96a60da4dd6863044511457,1,4f7e839273e2685d2478269c637edaa5281dbe2f7d2e46a40b69ed63f97c1fc7,37056096cdce64f3e0de756e91f0795bd242c7889ff016532a7ebe7d775832c4,./results/models/job/random/b/best.pt,"[{""action"":{""high_action"":""stop"",""order_decision"":""only_cost""},""phase"":""high""},{""action"":{""search_k"":1,""search_strategy"":""default""},""phase"":""search""},{""action"":{""execution_action"":""none"",""lip_action"":""none""},""phase"":""low""}]"
JOB,random,b,./workloads/query_job/10b.sql,fixed_0_5,0.5,618.509158492088,49.673000000000,550.015948712826,ok,1,706843969f310473a0308417223dbd3b01f9c23dd72c30ca6a320928a1c6d9a0,1,31dfcfe0dcefc0d13b798aa177b2c159eae2cd8b2df4ca73b41e49f8cec79585,46f5b5c8c8601f726be430904a2a83c89bc14ad0680c46fbaafefe79eb639849,./results/models/job/random/b/best.pt,"[{""action"":{""high_action"":""stop"",""order_decision"":""only_cost""},""phase"":""high""},{""action"":{""search_k"":1,""search_strategy"":""default""},""phase"":""search""},{""action"":{""execution_action"":""none"",""lip_action"":""none""},""phase"":""low""}]"
JOB,random,b,./workloads/query_job/11b.sql,fixed_0_5,0.5,151.234090328217,59.877000000000,70.258535444736,ok,1,1140a97472e10ce6316cd6b2747dee298183b9dfeb896f858eb6598def2645fe,1,026a2923932822f165f6fd040a30c9759823e34a3db99ee5ca1cc0a48517dee7,68fb8e53f42b6ccd63bb8a2c8a303d69feaeddca6a26ecdcf57254f750cfbf28,./results/models/job/random/b/best.pt,"[{""action"":{""high_action"":""stop"",""order_decision"":""only_cost""},""phase"":""high""},{""action"":{""search_k"":1,""search_strategy"":""default""},""phase"":""search""},{""action"":{""execution_action"":""none"",""lip_action"":""none""},""phase"":""low""}]"
JOB,random,b,./workloads/query_job/11c.sql,fixed_0_5,0.5,231.095977127552,61.431000000000,159.269966185093,ok,1,e03dd6f5aa7f119762f6b549c488852bbe23e0297bd479e5946f75c06ef1bbca,1,24418b7045c0af9849674710ca42999c3805444262db5bf7797fe686d71e37c5,ae6e4fb1018295cf1d19a1a0332a31434e3b9510a1a38511fdc64432f92a3cb7,./results/models/job/random/b/best.pt,"[{""action"":{""high_action"":""stop"",""order_decision"":""only_cost""},""phase"":""high""},{""action"":{""search_k"":1,""search_strategy"":""default""},""phase"":""search""},{""action"":{""execution_action"":""none"",""lip_action"":""none""},""phase"":""low""}]"
JOB,random,b,./workloads/query_job/12b.sql,fixed_0_5,0.5,98.602868616581,72.312000000000,20.849838852882,ok,1,c6ff9ec06ce589c648d889e9e9021a68976c3ccf8550d7c147b5054bdddcb545,1,e96311daa843971c31b4777946179ee6f2fcaa606bf8a9e5a8943fece9eabc47,a8ae3fa79df451e276b6cb006aaa2be2115d6339447fee522e5e03d30058411c,./results/models/job/random/b/best.pt,"[{""action"":{""high_action"":""stop"",""order_decision"":""only_cost""},""phase"":""high""},{""action"":{""search_k"":1,""search_strategy"":""default""},""phase"":""search""},{""action"":{""execution_action"":""none"",""lip_action"":""none""},""phase"":""low""}]"
JOB,random,b,./workloads/query_job/12c.sql,fixed_0_5,0.5,1603.018276393414,64.149000000000,4895.386449992657,ok,1,fc048ce250bbfdae76cc58594ab66716a3f413669bed819d0adf4b9851bbc9c4,1,3f0dc46b469f123899b8f0afac5166360a9515b80cc119000d34b9cbbc595dcc,68ee8c3f6408ae0343d5961725fef8765955d0c9d2a9c07826613b56075b3273,./results/models/job/random/b/best.pt,"[{""action"":{""high_action"":""stop"",""order_decision"":""only_cost""},""phase"":""high""},{""action"":{""search_k"":1,""search_strategy"":""default""},""phase"":""search""},{""action"":{""execution_action"":""none"",""lip_action"":""none""},""phase"":""low""}]"
JOB,random,b,./workloads/query_job/14b.sql,fixed_0_5,0.5,279.425911605358,61.577000000000,186.990559101105,ok,1,74085e27c595ac219c6257d663e3ccccdf16299520347ac5488a715783f18a41,1,72a86d3d410bfa8934473ad17b8e7e16a21295b330a8bcd538f5852679bda3ae,b7f924adc34a99b4ec429ddf830cfbe725ab749ec67ec3c573a55542056563db,./results/models/job/random/b/best.pt,"[{""action"":{""high_action"":""stop"",""order_decision"":""only_cost""},""phase"":""high""},{""action"":{""search_k"":1,""search_strategy"":""default""},""phase"":""search""},{""action"":{""execution_action"":""none"",""lip_action"":""none""},""phase"":""low""}]"
JOB,random,b,./workloads/query_job/14c.sql,fixed_0_5,0.5,836.652174592018,78.703000000000,729.836747050285,ok,1,f13c3a0e601dd42f5abd41675e0438c06c7c79b9e0a6b2e6974fe4952b94c09e,1,2abc81e56f24824f74cc57c7f68064f7a2e09c477aec58c412dbca1e121b7bf4,52871e2475eac0fb6a8f61ee16c7d11f4f2be3a94a972dacb2c8640df25f1167,./results/models/job/random/b/best.pt,"[{""action"":{""high_action"":""stop"",""order_decision"":""only_cost""},""phase"":""high""},{""action"":{""search_k"":1,""search_strategy"":""default""},""phase"":""search""},{""action"":{""execution_action"":""none"",""lip_action"":""none""},""phase"":""low""}]"
JOB,random,b,./workloads/query_job/15d.sql,fixed_0_5,0.5,971.490591764450,61.159000000000,1081.597425043583,ok,1,df3a19f8bdca38394c1c9a01f448c4e34ce26e4cc3c938d45c9a4e59526d24d5,1,6d7374a11d420ecc60873aa972203f23aed1a5fe613031e98b60a7f58d57212b,da38c2e46953afcb2e9614d06155c81e79fe907e3e9e22093c618c3a3dad0ae5,./results/models/job/random/b/best.pt,"[{""action"":{""high_action"":""stop"",""order_decision"":""only_cost""},""phase"":""high""},{""action"":{""search_k"":1,""search_strategy"":""default""},""phase"":""search""},{""action"":{""execution_action"":""none"",""lip_action"":""none""},""phase"":""low""}]"
JOB,random,b,./workloads/query_job/16a.sql,fixed_0_5,0.5,336.930431425571,59.584000000000,247.625730931759,ok,1,bffefed9bcba1ce113c4f9365520889d2a59468ebb170e1a8e776353d8311bfb,1,6c6e8d41af5d9f6797dbe5c20921031137791808c6713cc386a35f9ba0f80590,874349158c617788232fdc0adeaade000e40cad04800ea7cc46e503db21484ed,./results/models/job/random/b/best.pt,"[{""action"":{""high_action"":""stop"",""order_decision"":""only_cost""},""phase"":""high""},{""action"":{""search_k"":1,""search_strategy"":""default""},""phase"":""search""},{""action"":{""execution_action"":""none"",""lip_action"":""none""},""phase"":""low""}]"
JOB,random,b,./workloads/query_job/16b.sql,fixed_0_5,0.5,7271.928556263447,171.600000000000,21611.640319228172,ok,1,e153889fdca6a79bf30b6f802a7d6fb574587af0fb56f36ecc25d831db945ea2,1,4f25862d77d7e55a3f0a87bd36616b3b3cb0a51ae288b628e30525661d870bad,cbf00ef6cb7c9511d9dc1fba33a6a570d66a18140bce4a8a133fff63373214a6,./results/models/job/random/b/best.pt,"[{""action"":{""high_action"":""split"",""order_decision"":""only_cost""},""phase"":""high""},{""action"":{""candidate_id"":3,""schedule_alpha"":0.5},""phase"":""select""},{""action"":{""search_k"":1,""search_strategy"":""default""},""phase"":""search""},{""action"":{""execution_action"":""none"",""lip_action"":""none""},""phase"":""low""},{""action"":{""high_action"":""split"",""order_decision"":""only_cost""},""phase"":""high""},{""action"":{""candidate_id"":2,""schedule_alpha"":0.5},""phase"":""select""},{""action"":{""search_k"":1,""search_strategy"":""default""},""phase"":""search""},{""action"":{""execution_action"":""none"",""lip_action"":""none""},""phase"":""low""},{""action"":{""high_action"":""split"",""order_decision"":""only_cost""},""phase"":""high""},{""action"":{""candidate_id"":0,""schedule_alpha"":0.5},""phase"":""select""},{""action"":{""search_k"":1,""search_strategy"":""default""},""phase"":""search""},{""action"":{""execution_action"":""none"",""lip_action"":""none""},""phase"":""low""},{""action"":{""high_action"":""stop"",""order_decision"":""only_cost""},""phase"":""high""},{""action"":{""search_k"":1,""search_strategy"":""default""},""phase"":""search""},{""action"":{""execution_action"":""none"",""lip_action"":""none""},""phase"":""low""}]"
JOB,random,b,./workloads/query_job/17f.sql,fixed_0_5,0.5,4791.866853833199,123.414000000000,8577.061973512173,ok,1,966c1a52f852284091756356c99e5f43debac4e41bc8ee9f790f5c70bff4c7c4,1,94aa6ae99e28c12452a8d1ac2c48451e8f0f40d18974a7de1e4c0831b93df320,180f886b35f3adc661340964138da9fe1356f3338ef5769efee557e8ef138374,./results/models/job/random/b/best.pt,"[{""action"":{""high_action"":""split"",""order_decision"":""only_cost""},""phase"":""high""},{""action"":{""candidate_id"":2,""schedule_alpha"":0.5},""phase"":""select""},{""action"":{""search_k"":1,""search_strategy"":""default""},""phase"":""search""},{""action"":{""execution_action"":""none"",""lip_action"":""none""},""phase"":""low""},{""action"":{""high_action"":""split"",""order_decision"":""only_cost""},""phase"":""high""},{""action"":{""candidate_id"":1,""schedule_alpha"":0.5},""phase"":""select""},{""action"":{""search_k"":1,""search_strategy"":""default""},""phase"":""search""},{""action"":{""execution_action"":""none"",""lip_action"":""none""},""phase"":""low""},{""action"":{""high_action"":""stop"",""order_decision"":""only_cost""},""phase"":""high""},{""action"":{""search_k"":1,""search_strategy"":""default""},""phase"":""search""},{""action"":{""execution_action"":""none"",""lip_action"":""none""},""phase"":""low""}]"
JOB,random,b,./workloads/query_job/18a.sql,fixed_0_5,0.5,7837.635546922684,165.383000000000,9363.223992288113,ok,1,4ea394ad5b6ff23d28102b48eef256f385144f05c176dcf273e5fc3dfc0f3ea7,1,3b5e2dc31cf37947ba4337472121eb198e5312ab3a45a9a32a459bef78dc4521,15ce75ffafa673bbf8bcbb23b097cf459010667ea2103a83cbe6ef6090eac4ef,./results/models/job/random/b/best.pt,"[{""action"":{""high_action"":""split"",""order_decision"":""only_cost""},""phase"":""high""},{""action"":{""candidate_id"":2,""schedule_alpha"":0.5},""phase"":""select""},{""action"":{""search_k"":1,""search_strategy"":""default""},""phase"":""search""},{""action"":{""execution_action"":""none"",""lip_action"":""none""},""phase"":""low""},{""action"":{""high_action"":""split"",""order_decision"":""only_cost""},""phase"":""high""},{""action"":{""candidate_id"":0,""schedule_alpha"":0.5},""phase"":""select""},{""action"":{""search_k"":1,""search_strategy"":""default""},""phase"":""search""},{""action"":{""execution_action"":""none"",""lip_action"":""none""},""phase"":""low""},{""action"":{""high_action"":""stop"",""order_decision"":""only_cost""},""phase"":""high""},{""action"":{""search_k"":1,""search_strategy"":""default""},""phase"":""search""},{""action"":{""execution_action"":""none"",""lip_action"":""none""},""phase"":""low""}]"
JOB,random,b,./workloads/query_job/19a.sql,fixed_0_5,0.5,937.321484088898,77.527000000000,981.471620500088,ok,1,1f0ca7719cfc34a43e2d3322146638f13989d450c4591afc7b3885613918e4de,1,73fb654ba5138fce33837985b29e8d2d19753acb40a005ba9c5767a9a193a2c3,c4f1ece59a091cf5be6ffc4039361962495066a499798e32b7ad2ac5e9d6210a,./results/models/job/random/b/best.pt,"[{""action"":{""high_action"":""stop"",""order_decision"":""only_cost""},""phase"":""high""},{""action"":{""search_k"":1,""search_strategy"":""default""},""phase"":""search""},{""action"":{""execution_action"":""none"",""lip_action"":""none""},""phase"":""low""}]"
JOB,random,b,./workloads/query_job/1d.sql,fixed_0_5,0.5,67.287102341652,54.830000000000,9.564861655235,ok,1,b68175a2c8e96f8bc107b1f09c2703f390d5a78ec2aa27991cd17eea2e6db1c8,1,2834e9a1b33b886e23549256c81de70a7dc044800287b5aa48ed227514aac78a,f1bd75ab077db5b12ee3c76f1da69e8a207025d4df6009717947de0f7ad2f0e1,./results/models/job/random/b/best.pt,"[{""action"":{""high_action"":""stop"",""order_decision"":""only_cost""},""phase"":""high""},{""action"":{""search_k"":1,""search_strategy"":""default""},""phase"":""search""},{""action"":{""execution_action"":""none"",""lip_action"":""none""},""phase"":""low""}]"
JOB,random,b,./workloads/query_job/20b.sql,fixed_0_5,0.5,960.087798535824,210.724000000000,2001.977518200874,ok,1,bdabdfce4c8cd4726f7228f6d5040b01cd2120ccf41064b215b2fd1b9c7cdbe3,1,907d22c1691beeb33308787d603b1fb315ecb3a776fc36b591305fad43577692,1a03a1237713835a80f884420fd92ff648945b6cc0e7e8476b56fa78370540d9,./results/models/job/random/b/best.pt,"[{""action"":{""high_action"":""split"",""order_decision"":""only_cost""},""phase"":""high""},{""action"":{""candidate_id"":1,""schedule_alpha"":0.5},""phase"":""select""},{""action"":{""search_k"":1,""search_strategy"":""default""},""phase"":""search""},{""action"":{""execution_action"":""none"",""lip_action"":""none""},""phase"":""low""},{""action"":{""high_action"":""split"",""order_decision"":""only_cost""},""phase"":""high""},{""action"":{""candidate_id"":1,""schedule_alpha"":0.5},""phase"":""select""},{""action"":{""search_k"":1,""search_strategy"":""default""},""phase"":""search""},{""action"":{""execution_action"":""none"",""lip_action"":""none""},""phase"":""low""},{""action"":{""high_action"":""split"",""order_decision"":""only_cost""},""phase"":""high""},{""action"":{""candidate_id"":0,""schedule_alpha"":0.5},""phase"":""select""},{""action"":{""search_k"":1,""search_strategy"":""default""},""phase"":""search""},{""action"":{""execution_action"":""none"",""lip_action"":""none""},""phase"":""low""},{""action"":{""high_action"":""stop"",""order_decision"":""only_cost""},""phase"":""high""},{""action"":{""search_k"":1,""search_strategy"":""default""},""phase"":""search""},{""action"":{""execution_action"":""none"",""lip_action"":""none""},""phase"":""low""}]"
JOB,random,b,./workloads/query_job/22b.sql,fixed_0_5,0.5,477.641090750694,86.801000000000,369.144991040230,ok,1,261344b3d5dbc63bbc8b73ff367b08e19136e387d0502f40684455f7a223d93f,1,ceb99b72091ec77a6ed0a7c13926a58fb8d1a9521d7a1a75dbb47afd71e00b59,5200be1f42de837c4427cc02922eb0f87fabe343e7e6591e296d2655f6cd2821,./results/models/job/random/b/best.pt,"[{""action"":{""high_action"":""stop"",""order_decision"":""only_cost""},""phase"":""high""},{""action"":{""search_k"":1,""search_strategy"":""default""},""phase"":""search""},{""action"":{""execution_action"":""none"",""lip_action"":""none""},""phase"":""low""}]"
JOB,random,b,./workloads/query_job/23c.sql,fixed_0_5,0.5,986.392810940742,271.847000000000,506.239660084248,ok,1,d6d3b9a56435f4fe61ee133589ebd35b7135f05afe08be1125990d58b250e9f9,1,5694758f952f595fbada3139d577c8d69395d2332968f4a59bb626471d7c69da,b3574af437424ff79aeaff559013714dc6a198b786f108feea5a45144f314d8d,./results/models/job/random/b/best.pt,"[{""action"":{""high_action"":""split"",""order_decision"":""only_cost""},""phase"":""high""},{""action"":{""candidate_id"":2,""schedule_alpha"":0.5},""phase"":""select""},{""action"":{""search_k"":1,""search_strategy"":""default""},""phase"":""search""},{""action"":{""execution_action"":""none"",""lip_action"":""none""},""phase"":""low""},{""action"":{""high_action"":""split"",""order_decision"":""only_cost""},""phase"":""high""},{""action"":{""candidate_id"":1,""schedule_alpha"":0.5},""phase"":""select""},{""action"":{""search_k"":1,""search_strategy"":""default""},""phase"":""search""},{""action"":{""execution_action"":""none"",""lip_action"":""none""},""phase"":""low""},{""action"":{""high_action"":""split"",""order_decision"":""only_cost""},""phase"":""high""},{""action"":{""candidate_id"":0,""schedule_alpha"":0.5},""phase"":""select""},{""action"":{""search_k"":1,""search_strategy"":""default""},""phase"":""search""},{""action"":{""execution_action"":""none"",""lip_action"":""none""},""phase"":""low""},{""action"":{""high_action"":""split"",""order_decision"":""only_cost""},""phase"":""high""},{""action"":{""candidate_id"":0,""schedule_alpha"":0.5},""phase"":""select""},{""action"":{""search_k"":1,""search_strategy"":""default""},""phase"":""search""},{""action"":{""execution_action"":""none"",""lip_action"":""none""},""phase"":""low""},{""action"":{""high_action"":""stop"",""order_decision"":""only_cost""},""phase"":""high""},{""action"":{""search_k"":1,""search_strategy"":""default""},""phase"":""search""},{""action"":{""execution_action"":""none"",""lip_action"":""none""},""phase"":""low""}]"
JOB,random,b,./workloads/query_job/24a.sql,fixed_0_5,0.5,499.328680336475,97.932000000000,396.160408854485,ok,1,f456596f387e349a6006b7f95149e83820f1855cb47322cf82c324c7abf10133,1,33cd030d49a496ef3514703d7d90def9e2769ec6410b1318c043bacfd156c83e,9499a463d9fe776e28c76556828e7bba0ef9c48321eefd967d0623a07a0d5da9,./results/models/job/random/b/best.pt,"[{""action"":{""high_action"":""stop"",""order_decision"":""only_cost""},""phase"":""high""},{""action"":{""search_k"":1,""search_strategy"":""default""},""phase"":""search""},{""action"":{""execution_action"":""none"",""lip_action"":""none""},""phase"":""low""}]"
JOB,random,b,./workloads/query_job/25c.sql,fixed_0_5,0.5,3918.007560074329,227.922000000000,6725.454218685627,ok,1,67a630b3c65d3bcaa414c0e78677ad348267d0f04c2fa18b570f5906a0599ac5,1,cff42ea3308e20bce248627b95af9e0a4eb75f0ac6d924d28cad216bb59817d6,de0dcc87d091b3f08d6df57d89ec36b0ea4fc4fc1cbed428a947e6dd914d6a21,./results/models/job/random/b/best.pt,"[{""action"":{""high_action"":""split"",""order_decision"":""only_cost""},""phase"":""high""},{""action"":{""candidate_id"":3,""schedule_alpha"":0.5},""phase"":""select""},{""action"":{""search_k"":1,""search_strategy"":""default""},""phase"":""search""},{""action"":{""execution_action"":""none"",""lip_action"":""none""},""phase"":""low""},{""action"":{""high_action"":""split"",""order_decision"":""only_cost""},""phase"":""high""},{""action"":{""candidate_id"":2,""schedule_alpha"":0.5},""phase"":""select""},{""action"":{""search_k"":1,""search_strategy"":""default""},""phase"":""search""},{""action"":{""execution_action"":""none"",""lip_action"":""none""},""phase"":""low""},{""action"":{""high_action"":""split"",""order_decision"":""only_cost""},""phase"":""high""},{""action"":{""candidate_id"":1,""schedule_alpha"":0.5},""phase"":""select""},{""action"":{""search_k"":1,""search_strategy"":""default""},""phase"":""search""},{""action"":{""execution_action"":""none"",""lip_action"":""none""},""phase"":""low""},{""action"":{""high_action"":""stop"",""order_decision"":""only_cost""},""phase"":""high""},{""action"":{""search_k"":1,""search_strategy"":""default""},""phase"":""search""},{""action"":{""execution_action"":""none"",""lip_action"":""none""},""phase"":""low""}]"
JOB,random,b,./workloads/query_job/26a.sql,fixed_0_5,0.5,1006.324194371700,246.526000000000,1567.826792597771,ok,1,2c7cebb1807f0b225f4f97c680278aa0ec35039ff7dbf43518e7a09bd026684a,1,0652e024cd3442f4fa9adb5c0607dc44d1b1fffe76e7340516f5221c0a495a2f,c706b618ba9f1e23d741a022d7a623f468b9b8d5fc75fb794a9fdf26e6de2345,./results/models/job/random/b/best.pt,"[{""action"":{""high_action"":""split"",""order_decision"":""only_cost""},""phase"":""high""},{""action"":{""candidate_id"":3,""schedule_alpha"":0.5},""phase"":""select""},{""action"":{""search_k"":1,""search_strategy"":""default""},""phase"":""search""},{""action"":{""execution_action"":""none"",""lip_action"":""none""},""phase"":""low""},{""action"":{""high_action"":""split"",""order_decision"":""only_cost""},""phase"":""high""},{""action"":{""candidate_id"":2,""schedule_alpha"":0.5},""phase"":""select""},{""action"":{""search_k"":1,""search_strategy"":""default""},""phase"":""search""},{""action"":{""execution_action"":""none"",""lip_action"":""none""},""phase"":""low""},{""action"":{""high_action"":""split"",""order_decision"":""only_cost""},""phase"":""high""},{""action"":{""candidate_id"":2,""schedule_alpha"":0.5},""phase"":""select""},{""action"":{""search_k"":1,""search_strategy"":""default""},""phase"":""search""},{""action"":{""execution_action"":""none"",""lip_action"":""none""},""phase"":""low""},{""action"":{""high_action"":""split"",""order_decision"":""only_cost""},""phase"":""high""},{""action"":{""candidate_id"":0,""schedule_alpha"":0.5},""phase"":""select""},{""action"":{""search_k"":1,""search_strategy"":""default""},""phase"":""search""},{""action"":{""execution_action"":""none"",""lip_action"":""none""},""phase"":""low""},{""action"":{""high_action"":""stop"",""order_decision"":""only_cost""},""phase"":""high""},{""action"":{""search_k"":1,""search_strategy"":""default""},""phase"":""search""},{""action"":{""execution_action"":""none"",""lip_action"":""none""},""phase"":""low""}]"
JOB,random,b,./workloads/query_job/27a.sql,fixed_0_5,0.5,428.581804037094,247.467000000000,121.552340686321,ok,1,17da2f55cbda32682db3bc710c4a0f0048b6fb05111deffe244b8be90c1e4968,1,473eb22278bd3f2e154d88c56a9ce3dbf349e1dc52665ecdb69e3dcc742ebfc3,33f1a4c79fd1412e77dbe1f6b312cfb9dd247a3e30dd014a1a3c83b6e89d1015,./results/models/job/random/b/best.pt,"[{""action"":{""high_action"":""split"",""order_decision"":""only_cost""},""phase"":""high""},{""action"":{""candidate_id"":3,""schedule_alpha"":0.5},""phase"":""select""},{""action"":{""search_k"":1,""search_strategy"":""default""},""phase"":""search""},{""action"":{""execution_action"":""none"",""lip_action"":""none""},""phase"":""low""},{""action"":{""high_action"":""split"",""order_decision"":""only_cost""},""phase"":""high""},{""action"":{""candidate_id"":3,""schedule_alpha"":0.5},""phase"":""select""},{""action"":{""search_k"":1,""search_strategy"":""default""},""phase"":""search""},{""action"":{""execution_action"":""none"",""lip_action"":""none""},""phase"":""low""},{""action"":{""high_action"":""split"",""order_decision"":""only_cost""},""phase"":""high""},{""action"":{""candidate_id"":0,""schedule_alpha"":0.5},""phase"":""select""},{""action"":{""search_k"":1,""search_strategy"":""default""},""phase"":""search""},{""action"":{""execution_action"":""none"",""lip_action"":""none""},""phase"":""low""},{""action"":{""high_action"":""split"",""order_decision"":""only_cost""},""phase"":""high""},{""action"":{""candidate_id"":0,""schedule_alpha"":0.5},""phase"":""select""},{""action"":{""search_k"":1,""search_strategy"":""default""},""phase"":""search""},{""action"":{""execution_action"":""none"",""lip_action"":""none""},""phase"":""low""},{""action"":{""high_action"":""stop"",""order_decision"":""only_cost""},""phase"":""high""},{""action"":{""search_k"":1,""search_strategy"":""default""},""phase"":""search""},{""action"":{""execution_action"":""none"",""lip_action"":""none""},""phase"":""low""}]"
JOB,random,b,./workloads/query_job/27c.sql,fixed_0_5,0.5,457.901597023010,262.654000000000,122.231170535088,ok,1,17da2f55cbda32682db3bc710c4a0f0048b6fb05111deffe244b8be90c1e4968,1,1ee83c64339721de5968596d91da971503a7554eea42edc7c88c3471632d6789,b999c5220dbac88564e5b33be6757d360b37f50af7bd2c846cfdba3f0350dc52,./results/models/job/random/b/best.pt,"[{""action"":{""high_action"":""split"",""order_decision"":""only_cost""},""phase"":""high""},{""action"":{""candidate_id"":3,""schedule_alpha"":0.5},""phase"":""select""},{""action"":{""search_k"":1,""search_strategy"":""default""},""phase"":""search""},{""action"":{""execution_action"":""none"",""lip_action"":""none""},""phase"":""low""},{""action"":{""high_action"":""split"",""order_decision"":""only_cost""},""phase"":""high""},{""action"":{""candidate_id"":3,""schedule_alpha"":0.5},""phase"":""select""},{""action"":{""search_k"":1,""search_strategy"":""default""},""phase"":""search""},{""action"":{""execution_action"":""none"",""lip_action"":""none""},""phase"":""low""},{""action"":{""high_action"":""split"",""order_decision"":""only_cost""},""phase"":""high""},{""action"":{""candidate_id"":0,""schedule_alpha"":0.5},""phase"":""select""},{""action"":{""search_k"":1,""search_strategy"":""default""},""phase"":""search""},{""action"":{""execution_action"":""none"",""lip_action"":""none""},""phase"":""low""},{""action"":{""high_action"":""split"",""order_decision"":""only_cost""},""phase"":""high""},{""action"":{""candidate_id"":0,""schedule_alpha"":0.5},""phase"":""select""},{""action"":{""search_k"":1,""search_strategy"":""default""},""phase"":""search""},{""action"":{""execution_action"":""none"",""lip_action"":""none""},""phase"":""low""},{""action"":{""high_action"":""stop"",""order_decision"":""only_cost""},""phase"":""high""},{""action"":{""search_k"":1,""search_strategy"":""default""},""phase"":""search""},{""action"":{""execution_action"":""none"",""lip_action"":""none""},""phase"":""low""}]"
JOB,random,b,./workloads/query_job/28b.sql,fixed_0_5,0.5,1214.617520570755,381.602000000000,681.756019592285,ok,1,1504c5fe4b85e0649828523441b52c0f8b7c17598529646d3d732ab63db821f5,1,857c6f1bcdd87c0d44d3774938144af8a97f70828ba0bf9dae71b041e890cd23,7042cc6dc724712c7efc2bd38988193f2a68efa7ff1af835b2b0295dd665a477,./results/models/job/random/b/best.pt,"[{""action"":{""high_action"":""split"",""order_decision"":""only_cost""},""phase"":""high""},{""action"":{""candidate_id"":4,""schedule_alpha"":0.5},""phase"":""select""},{""action"":{""search_k"":1,""search_strategy"":""default""},""phase"":""search""},{""action"":{""execution_action"":""none"",""lip_action"":""none""},""phase"":""low""},{""action"":{""high_action"":""split"",""order_decision"":""only_cost""},""phase"":""high""},{""action"":{""candidate_id"":1,""schedule_alpha"":0.5},""phase"":""select""},{""action"":{""search_k"":1,""search_strategy"":""default""},""phase"":""search""},{""action"":{""execution_action"":""none"",""lip_action"":""none""},""phase"":""low""},{""action"":{""high_action"":""split"",""order_decision"":""only_cost""},""phase"":""high""},{""action"":{""candidate_id"":3,""schedule_alpha"":0.5},""phase"":""select""},{""action"":{""search_k"":1,""search_strategy"":""default""},""phase"":""search""},{""action"":{""execution_action"":""none"",""lip_action"":""none""},""phase"":""low""},{""action"":{""high_action"":""split"",""order_decision"":""only_cost""},""phase"":""high""},{""action"":{""candidate_id"":2,""schedule_alpha"":0.5},""phase"":""select""},{""action"":{""search_k"":1,""search_strategy"":""default""},""phase"":""search""},{""action"":{""execution_action"":""none"",""lip_action"":""none""},""phase"":""low""},{""action"":{""high_action"":""split"",""order_decision"":""only_cost""},""phase"":""high""},{""action"":{""candidate_id"":0,""schedule_alpha"":0.5},""phase"":""select""},{""action"":{""search_k"":1,""search_strategy"":""default""},""phase"":""search""},{""action"":{""execution_action"":""none"",""lip_action"":""none""},""phase"":""low""},{""action"":{""high_action"":""stop"",""order_decision"":""only_cost""},""phase"":""high""},{""action"":{""search_k"":1,""search_strategy"":""default""},""phase"":""search""},{""action"":{""execution_action"":""none"",""lip_action"":""none""},""phase"":""low""}]"
JOB,random,b,./workloads/query_job/29b.sql,fixed_0_5,0.5,415.637522935867,318.222000000000,2185.845553874969,ok,1,6931843f19cb52122ed461369626a4f45f6b0550fbb8e5608f26c0a53fbfa63e,1,2a1f6454476c885d9c0f402273d42a5482f8715ee17a24627a7f091747824ad9,cee63f1da402bb5f55816ca3b80a8794eea225b8b5f13e8cc7854a6ee69fb7f2,./results/models/job/random/b/best.pt,"[{""action"":{""high_action"":""split"",""order_decision"":""only_cost""},""phase"":""high""},{""action"":{""candidate_id"":5,""schedule_alpha"":0.5},""phase"":""select""},{""action"":{""search_k"":1,""search_strategy"":""default""},""phase"":""search""},{""action"":{""execution_action"":""none"",""lip_action"":""none""},""phase"":""low""},{""action"":{""high_action"":""split"",""order_decision"":""only_cost""},""phase"":""high""},{""action"":{""candidate_id"":1,""schedule_alpha"":0.5},""phase"":""select""},{""action"":{""search_k"":1,""search_strategy"":""default""},""phase"":""search""},{""action"":{""execution_action"":""none"",""lip_action"":""none""},""phase"":""low""},{""action"":{""high_action"":""split"",""order_decision"":""only_cost""},""phase"":""high""},{""action"":{""candidate_id"":2,""schedule_alpha"":0.5},""phase"":""select""},{""action"":{""search_k"":1,""search_strategy"":""default""},""phase"":""search""},{""action"":{""execution_action"":""none"",""lip_action"":""none""},""phase"":""low""},{""action"":{""high_action"":""split"",""order_decision"":""only_cost""},""phase"":""high""},{""action"":{""candidate_id"":1,""schedule_alpha"":0.5},""phase"":""select""},{""action"":{""search_k"":1,""search_strategy"":""default""},""phase"":""search""},{""action"":{""execution_action"":""none"",""lip_action"":""none""},""phase"":""low""},{""action"":{""high_action"":""split"",""order_decision"":""only_cost""},""phase"":""high""},{""action"":{""candidate_id"":2,""schedule_alpha"":0.5},""phase"":""select""},{""action"":{""search_k"":1,""search_strategy"":""default""},""phase"":""search""},{""action"":{""execution_action"":""none"",""lip_action"":""none""},""phase"":""low""},{""action"":{""high_action"":""split"",""order_decision"":""only_cost""},""phase"":""high""},{""action"":{""candidate_id"":0,""schedule_alpha"":0.5},""phase"":""select""},{""action"":{""search_k"":1,""search_strategy"":""default""},""phase"":""search""},{""action"":{""execution_action"":""none"",""lip_action"":""none""},""phase"":""low""},{""action"":{""high_action"":""stop"",""order_decision"":""only_cost""},""phase"":""high""},{""action"":{""search_k"":1,""search_strategy"":""default""},""phase"":""search""},{""action"":{""execution_action"":""none"",""lip_action"":""none""},""phase"":""low""}]"
JOB,random,b,./workloads/query_job/2b.sql,fixed_0_5,0.5,618.683539330959,55.383000000000,542.424827814102,ok,1,fc90f3c2c15c5abce95811297c6b9a8ee98e4e03347ce9e79c8ce8e6b57b03a0,1,c7796dd8d0c1b7da7366a26897fbaf263ac0036a91454a7a2372141809d4304a,935178064c20ae7a8eb8e005db9be28c65a789bc27bd81f2ac38a248288b55f0,./results/models/job/random/b/best.pt,"[{""action"":{""high_action"":""stop"",""order_decision"":""only_cost""},""phase"":""high""},{""action"":{""search_k"":1,""search_strategy"":""default""},""phase"":""search""},{""action"":{""execution_action"":""none"",""lip_action"":""none""},""phase"":""low""}]"
JOB,random,b,./workloads/query_job/2c.sql,fixed_0_5,0.5,597.391553223133,47.560000000000,408.168464899063,ok,1,4f78f1a55542d807d5eaabd4ee2244ee9ba0258958f7de1c1ef4598cd5b46ab1,1,9b4c6fb85dd789ddb97c5c464a0975b8a17cf09d861774c6ead11dcfc8136572,0a17444a4bf345a176b3d2ca55f85fe2aeb23dbdeb1e6fb8c85f60cfca79e280,./results/models/job/random/b/best.pt,"[{""action"":{""high_action"":""stop"",""order_decision"":""only_cost""},""phase"":""high""},{""action"":{""search_k"":1,""search_strategy"":""default""},""phase"":""search""},{""action"":{""execution_action"":""none"",""lip_action"":""none""},""phase"":""low""}]"
JOB,random,b,./workloads/query_job/2d.sql,fixed_0_5,0.5,778.993569314480,58.310000000000,2104.353629052639,ok,1,d55d5656333bd757f053124d39c4d7de4605203e41f67c025f0cc73ff2c7b9bb,1,13e746f7a57d1a4a0c3b24f9cb84351b705ed1220a0e462dca8fb16d1429131e,11a94416bb91c0c913b808b4d7d8a043c72e515abc5e477d3602e480c716f97f,./results/models/job/random/b/best.pt,"[{""action"":{""high_action"":""stop"",""order_decision"":""only_cost""},""phase"":""high""},{""action"":{""search_k"":1,""search_strategy"":""default""},""phase"":""search""},{""action"":{""execution_action"":""none"",""lip_action"":""none""},""phase"":""low""}]"
JOB,random,b,./workloads/query_job/3a.sql,fixed_0_5,0.5,274.317331612110,58.998000000000,1450.624108314514,ok,1,4446b454452e8db43636d58c5e3a7f9041b179149913a47dfd28d049a31e3f4d,1,335652cf37d3466bee7ea3d4104f27b128c7fedc64266ce0dd0534b41858a028,4f3798f0f8d732cdbf1314fbb1152c4b79ef7f55428e7c694ea76ad7edc80aad,./results/models/job/random/b/best.pt,"[{""action"":{""high_action"":""stop"",""order_decision"":""only_cost""},""phase"":""high""},{""action"":{""search_k"":1,""search_strategy"":""default""},""phase"":""search""},{""action"":{""execution_action"":""none"",""lip_action"":""none""},""phase"":""low""}]"
JOB,random,b,./workloads/query_job/4c.sql,fixed_0_5,0.5,229.137405753136,45.013000000000,117.703966796398,ok,1,5c9364f684db0004720ec4e9642a958681b071ff992dadc090178e95cc52235a,1,8b326a722c93f49b0cdf8ee1d34a78b074c4796c733f602c0db24dd4ea9bb50d,1075f94d0954585dbc49d1b18917efe3f39e4935bb6c095d5711431370ba1169,./results/models/job/random/b/best.pt,"[{""action"":{""high_action"":""stop"",""order_decision"":""only_cost""},""phase"":""high""},{""action"":{""search_k"":1,""search_strategy"":""default""},""phase"":""search""},{""action"":{""execution_action"":""none"",""lip_action"":""none""},""phase"":""low""}]"
JOB,random,b,./workloads/query_job/5c.sql,fixed_0_5,0.5,357.079841196537,60.305000000000,616.215929389000,ok,1,c63c0f430af977fe1bf0c51442b833d536b07965c22254d5a737a187719cc641,1,4919f7ec00f2be5db8cc1650c33fccf19c4eb04ac3e3fed6b50be9979a79943e,e99595d3ea9aeef0d2c5ed83e577e7fa66223973fd4f4bb94f58b7f3910012e7,./results/models/job/random/b/best.pt,"[{""action"":{""high_action"":""stop"",""order_decision"":""only_cost""},""phase"":""high""},{""action"":{""search_k"":1,""search_strategy"":""default""},""phase"":""search""},{""action"":{""execution_action"":""none"",""lip_action"":""none""},""phase"":""low""}]"
JOB,random,b,./workloads/query_job/6a.sql,fixed_0_5,0.5,157.468132674694,82.447000000000,304.985016584396,ok,1,2e45680981dcedf844899f966540a92734a6200fc0d8bd8a547ceba0d0cf631f,1,fa6f2455fb0c74c76ee0c6b9367a45d18db3532a1645d1164af3e13f3d16e32e,1e89331db7ee44115e7bd07df029d4382d93167221e4945b90cf9eae7014423f,./results/models/job/random/b/best.pt,"[{""action"":{""high_action"":""split"",""order_decision"":""only_cost""},""phase"":""high""},{""action"":{""candidate_id"":1,""schedule_alpha"":0.5},""phase"":""select""},{""action"":{""search_k"":1,""search_strategy"":""default""},""phase"":""search""},{""action"":{""execution_action"":""none"",""lip_action"":""none""},""phase"":""low""},{""action"":{""high_action"":""stop"",""order_decision"":""only_cost""},""phase"":""high""},{""action"":{""search_k"":1,""search_strategy"":""default""},""phase"":""search""},{""action"":{""execution_action"":""none"",""lip_action"":""none""},""phase"":""low""}]"
JOB,random,b,./workloads/query_job/6c.sql,fixed_0_5,0.5,121.407404541969,77.954000000000,31.306013464928,ok,1,eb15d11fcc635c0f71eefa80cad2069e9f06841887450ba39d0be7466e8da9dd,1,48e82ec4c07b02ff829e023f9f3dcf18912f73a01e8209846ea389f2177dc404,909fba8a8b5b3701fe42c653e32c0278c0555f6ceb2c5e2319df9dc41d26c8f7,./results/models/job/random/b/best.pt,"[{""action"":{""high_action"":""split"",""order_decision"":""only_cost""},""phase"":""high""},{""action"":{""candidate_id"":1,""schedule_alpha"":0.5},""phase"":""select""},{""action"":{""search_k"":1,""search_strategy"":""default""},""phase"":""search""},{""action"":{""execution_action"":""none"",""lip_action"":""none""},""phase"":""low""},{""action"":{""high_action"":""stop"",""order_decision"":""only_cost""},""phase"":""high""},{""action"":{""search_k"":1,""search_strategy"":""default""},""phase"":""search""},{""action"":{""execution_action"":""none"",""lip_action"":""none""},""phase"":""low""}]"
JOB,random,b,./workloads/query_job/7b.sql,fixed_0_5,0.5,517.522908747196,236.920000000000,320.623517036438,ok,1,9d6ae68bd583de41667a4cae160a3da2b5ea5d39fe8dcce1e8fd3d20a5278abe,1,edf156dac38d68cbd8a06f991b58edd55987fefeeac08f3fef3d76463ff44819,bae9cc200376200c33a6c3e1915859be2c3a389e73d9bdceb99dda6228a66db3,./results/models/job/random/b/best.pt,"[{""action"":{""high_action"":""split"",""order_decision"":""only_cost""},""phase"":""high""},{""action"":{""candidate_id"":3,""schedule_alpha"":0.5},""phase"":""select""},{""action"":{""search_k"":1,""search_strategy"":""default""},""phase"":""search""},{""action"":{""execution_action"":""none"",""lip_action"":""none""},""phase"":""low""},{""action"":{""high_action"":""split"",""order_decision"":""only_cost""},""phase"":""high""},{""action"":{""candidate_id"":0,""schedule_alpha"":0.5},""phase"":""select""},{""action"":{""search_k"":1,""search_strategy"":""default""},""phase"":""search""},{""action"":{""execution_action"":""none"",""lip_action"":""none""},""phase"":""low""},{""action"":{""high_action"":""split"",""order_decision"":""only_cost""},""phase"":""high""},{""action"":{""candidate_id"":0,""schedule_alpha"":0.5},""phase"":""select""},{""action"":{""search_k"":1,""search_strategy"":""default""},""phase"":""search""},{""action"":{""execution_action"":""none"",""lip_action"":""none""},""phase"":""low""},{""action"":{""high_action"":""stop"",""order_decision"":""only_cost""},""phase"":""high""},{""action"":{""search_k"":1,""search_strategy"":""default""},""phase"":""search""},{""action"":{""execution_action"":""none"",""lip_action"":""none""},""phase"":""low""}]"
JOB,random,b,./workloads/query_job/7c.sql,fixed_0_5,0.5,3019.600093364716,167.982000000000,6670.190609991550,ok,1,7cdabf89c2c21f17ae631979c9e8405f2f72c7561fa51440c4ebafa4ab13790d,1,5da17c5174c53bcc45725fa32280f11197a58dabd66d49be402d84702a1373d7,24aef44197ac301b4f80364a8dab1579e700a9b69e7999befd1933311220fdd5,./results/models/job/random/b/best.pt,"[{""action"":{""high_action"":""split"",""order_decision"":""only_cost""},""phase"":""high""},{""action"":{""candidate_id"":3,""schedule_alpha"":0.5},""phase"":""select""},{""action"":{""search_k"":1,""search_strategy"":""default""},""phase"":""search""},{""action"":{""execution_action"":""none"",""lip_action"":""none""},""phase"":""low""},{""action"":{""high_action"":""split"",""order_decision"":""only_cost""},""phase"":""high""},{""action"":{""candidate_id"":2,""schedule_alpha"":0.5},""phase"":""select""},{""action"":{""search_k"":1,""search_strategy"":""default""},""phase"":""search""},{""action"":{""execution_action"":""none"",""lip_action"":""none""},""phase"":""low""},{""action"":{""high_action"":""split"",""order_decision"":""only_cost""},""phase"":""high""},{""action"":{""candidate_id"":0,""schedule_alpha"":0.5},""phase"":""select""},{""action"":{""search_k"":1,""search_strategy"":""default""},""phase"":""search""},{""action"":{""execution_action"":""none"",""lip_action"":""none""},""phase"":""low""},{""action"":{""high_action"":""stop"",""order_decision"":""only_cost""},""phase"":""high""},{""action"":{""search_k"":1,""search_strategy"":""default""},""phase"":""search""},{""action"":{""execution_action"":""none"",""lip_action"":""none""},""phase"":""low""}]"
JOB,random,b,./workloads/query_job/8b.sql,fixed_0_5,0.5,593.742758035660,76.814000000000,467.543959617615,ok,1,e5b0fc3c68184c62fd7ca88151a039904e2fc3708d4c2773297d07ecda52eef1,1,88ffaa85f9f7a0e48366e3c169118cc5babe2754f4e18ca1bcfb91b14b9843f0,3c736318ed112301271e3717df58be7a11335a0cca2f92964eeec70810aa78ab,./results/models/job/random/b/best.pt,"[{""action"":{""high_action"":""stop"",""order_decision"":""only_cost""},""phase"":""high""},{""action"":{""search_k"":1,""search_strategy"":""default""},""phase"":""search""},{""action"":{""execution_action"":""none"",""lip_action"":""none""},""phase"":""low""}]"
JOB,random,b,./workloads/query_job/8c.sql,fixed_0_5,0.5,5010.342836380005,59.285000000000,5690.254107117653,ok,1,ca648dbd161cd660e79b73f4d2feac37247f699997bfceb70abcc975adab600b,1,e88e75d64722f698374b46c6a3792f5b0a7d7e1dc85d43580d6204e35dd046c2,20e3062e7125b94c5ba5a167eaf1a149464c09080553e5e1c130d3b3a36819ec,./results/models/job/random/b/best.pt,"[{""action"":{""high_action"":""stop"",""order_decision"":""only_cost""},""phase"":""high""},{""action"":{""search_k"":1,""search_strategy"":""default""},""phase"":""search""},{""action"":{""execution_action"":""none"",""lip_action"":""none""},""phase"":""low""}]"
JOB,random,c,./workloads/query_job/11a.sql,fixed_0_5,0.5,315.558537840843,159.389000000000,97.215741872787,ok,1,83811c5c01e3bdbafff3ac6671360f1cb19c1452dd9ec0b095bcd21856c36865,1,bebe00cd8355d15fab0408281be717a2ed24ef3cbe2542d1e232f8ad5bdd3d6c,331643e91a55a474a59f19145f64b588870cf6d0f46dbba02b10dec806f57041,./results/models/job/random/c/best.pt,"[{""action"":{""high_action"":""split"",""order_decision"":""only_cost""},""phase"":""high""},{""action"":{""candidate_id"":1,""schedule_alpha"":0.5},""phase"":""select""},{""action"":{""search_k"":1,""search_strategy"":""default""},""phase"":""search""},{""action"":{""execution_action"":""none"",""lip_action"":""none""},""phase"":""low""},{""action"":{""high_action"":""split"",""order_decision"":""only_cost""},""phase"":""high""},{""action"":{""candidate_id"":1,""schedule_alpha"":0.5},""phase"":""select""},{""action"":{""search_k"":1,""search_strategy"":""default""},""phase"":""search""},{""action"":{""execution_action"":""none"",""lip_action"":""none""},""phase"":""low""},{""action"":{""high_action"":""stop"",""order_decision"":""only_cost""},""phase"":""high""},{""action"":{""search_k"":1,""search_strategy"":""default""},""phase"":""search""},{""action"":{""execution_action"":""none"",""lip_action"":""none""},""phase"":""low""}]"
JOB,random,c,./workloads/query_job/12a.sql,fixed_0_5,0.5,766.239300370216,160.009000000000,1140.036240220070,ok,1,859e14caaec80c8e1bdf8043bc9dbcdc6810582adf44e5ae0ea485fc5cb8ed01,1,3f468388c8bfa0ca74690321ae1d6dc69338d1ed8efbb39f7c3a3817855e8598,5b38b6ceeb323cfb20b07f84abd589ad688b1c3d14912c191ee807f85554255a,./results/models/job/random/c/best.pt,"[{""action"":{""high_action"":""split"",""order_decision"":""only_cost""},""phase"":""high""},{""action"":{""candidate_id"":2,""schedule_alpha"":0.5},""phase"":""select""},{""action"":{""search_k"":1,""search_strategy"":""default""},""phase"":""search""},{""action"":{""execution_action"":""none"",""lip_action"":""none""},""phase"":""low""},{""action"":{""high_action"":""split"",""order_decision"":""only_cost""},""phase"":""high""},{""action"":{""candidate_id"":1,""schedule_alpha"":0.5},""phase"":""select""},{""action"":{""search_k"":1,""search_strategy"":""default""},""phase"":""search""},{""action"":{""execution_action"":""none"",""lip_action"":""none""},""phase"":""low""},{""action"":{""high_action"":""stop"",""order_decision"":""only_cost""},""phase"":""high""},{""action"":{""search_k"":1,""search_strategy"":""default""},""phase"":""search""},{""action"":{""execution_action"":""none"",""lip_action"":""none""},""phase"":""low""}]"
JOB,random,c,./workloads/query_job/13c.sql,fixed_0_5,0.5,1329.354077577591,98.324000000000,1062.294617295265,ok,1,62d718231272d8795fb939428fb8d114fb4735e7ff7ba5aa1c8431e0dd880cb9,1,e9e930cd9c090581246bfa44b93e4094eaeea664b0477618fe26a49737edc31e,1d64ae2a5542107b8cb20131d9e02e889595e36d84a79384b40825916af174dd,./results/models/job/random/c/best.pt,"[{""action"":{""high_action"":""split"",""order_decision"":""only_cost""},""phase"":""high""},{""action"":{""candidate_id"":2,""schedule_alpha"":0.5},""phase"":""select""},{""action"":{""search_k"":1,""search_strategy"":""default""},""phase"":""search""},{""action"":{""execution_action"":""none"",""lip_action"":""none""},""phase"":""low""},{""action"":{""high_action"":""split"",""order_decision"":""only_cost""},""phase"":""high""},{""action"":{""candidate_id"":0,""schedule_alpha"":0.5},""phase"":""select""},{""action"":{""search_k"":1,""search_strategy"":""default""},""phase"":""search""},{""action"":{""execution_action"":""conservative"",""lip_action"":""selective""},""phase"":""low""},{""action"":{""high_action"":""split"",""order_decision"":""only_cost""},""phase"":""high""},{""action"":{""candidate_id"":0,""schedule_alpha"":0.5},""phase"":""select""},{""action"":{""search_k"":1,""search_strategy"":""default""},""phase"":""search""},{""action"":{""execution_action"":""none"",""lip_action"":""none""},""phase"":""low""},{""action"":{""high_action"":""stop"",""order_decision"":""only_cost""},""phase"":""high""},{""action"":{""search_k"":1,""search_strategy"":""default""},""phase"":""search""},{""action"":{""execution_action"":""none"",""lip_action"":""none""},""phase"":""low""}]"
JOB,random,c,./workloads/query_job/14a.sql,fixed_0_5,0.5,514.985896646976,59.398000000000,624.498143792152,ok,1,f13c3a0e601dd42f5abd41675e0438c06c7c79b9e0a6b2e6974fe4952b94c09e,1,6487e56609d3d9319a0a333d132a980b6a32c9f5ddb3fe861f5b8adc7d1a9971,8184d503379849fe36d73ac3a194012a5eeaf0ecd723bdd44ebe8c961f9099ef,./results/models/job/random/c/best.pt,"[{""action"":{""high_action"":""split"",""order_decision"":""only_cost""},""phase"":""high""},{""action"":{""candidate_id"":2,""schedule_alpha"":0.5},""phase"":""select""},{""action"":{""search_k"":1,""search_strategy"":""default""},""phase"":""search""},{""action"":{""execution_action"":""none"",""lip_action"":""none""},""phase"":""low""},{""action"":{""high_action"":""split"",""order_decision"":""only_cost""},""phase"":""high""},{""action"":{""candidate_id"":0,""schedule_alpha"":0.5},""phase"":""select""},{""action"":{""search_k"":1,""search_strategy"":""default""},""phase"":""search""},{""action"":{""execution_action"":""conservative"",""lip_action"":""selective""},""phase"":""low""},{""action"":{""high_action"":""split"",""order_decision"":""only_cost""},""phase"":""high""},{""action"":{""candidate_id"":1,""schedule_alpha"":0.5},""phase"":""select""},{""action"":{""search_k"":1,""search_strategy"":""default""},""phase"":""search""},{""action"":{""execution_action"":""none"",""lip_action"":""none""},""phase"":""low""},{""action"":{""high_action"":""stop"",""order_decision"":""only_cost""},""phase"":""high""},{""action"":{""search_k"":1,""search_strategy"":""default""},""phase"":""search""},{""action"":{""execution_action"":""none"",""lip_action"":""none""},""phase"":""low""}]"
JOB,random,c,./workloads/query_job/15a.sql,fixed_0_5,0.5,860.909581184387,193.800000000000,934.111781418324,ok,1,0bf74f571c854c91dada16e78f6a511682855e8364304c1e74a2715a468ad523,1,9e2eebd9091956d24d63ec84a5691ff08bfda0fc4e2a4592bce4eccb1fccf71c,4171d901cd294ee8d082dda5230178794c76dd76f36d30dd4862e578475cb518,./results/models/job/random/c/best.pt,"[{""action"":{""high_action"":""split"",""order_decision"":""only_cost""},""phase"":""high""},{""action"":{""candidate_id"":2,""schedule_alpha"":0.5},""phase"":""select""},{""action"":{""search_k"":1,""search_strategy"":""default""},""phase"":""search""},{""action"":{""execution_action"":""none"",""lip_action"":""none""},""phase"":""low""},{""action"":{""high_action"":""split"",""order_decision"":""only_cost""},""phase"":""high""},{""action"":{""candidate_id"":1,""schedule_alpha"":0.5},""phase"":""select""},{""action"":{""search_k"":1,""search_strategy"":""default""},""phase"":""search""},{""action"":{""execution_action"":""none"",""lip_action"":""none""},""phase"":""low""},{""action"":{""high_action"":""split"",""order_decision"":""only_cost""},""phase"":""high""},{""action"":{""candidate_id"":0,""schedule_alpha"":0.5},""phase"":""select""},{""action"":{""search_k"":1,""search_strategy"":""default""},""phase"":""search""},{""action"":{""execution_action"":""none"",""lip_action"":""none""},""phase"":""low""},{""action"":{""high_action"":""stop"",""order_decision"":""only_cost""},""phase"":""high""},{""action"":{""search_k"":1,""search_strategy"":""default""},""phase"":""search""},{""action"":{""execution_action"":""none"",""lip_action"":""none""},""phase"":""low""}]"
JOB,random,c,./workloads/query_job/15b.sql,fixed_0_5,0.5,326.998539268970,207.043000000000,96.578747034073,ok,1,b25c3f018dd147bf4abce160072d7f8ba5b0f3abbe07bec34bc2e8b72eefff81,1,3f55302c01f440a8ed2bead85f5ca08a7ec51d75caa549ce98d56cef32a16282,cd81f23bd129bde1fd841246f69c2eea31079cc33c2241588dc250f84c6475c7,./results/models/job/random/c/best.pt,"[{""action"":{""high_action"":""split"",""order_decision"":""only_cost""},""phase"":""high""},{""action"":{""candidate_id"":1,""schedule_alpha"":0.5},""phase"":""select""},{""action"":{""search_k"":1,""search_strategy"":""default""},""phase"":""search""},{""action"":{""execution_action"":""none"",""lip_action"":""none""},""phase"":""low""},{""action"":{""high_action"":""split"",""order_decision"":""only_cost""},""phase"":""high""},{""action"":{""candidate_id"":1,""schedule_alpha"":0.5},""phase"":""select""},{""action"":{""search_k"":1,""search_strategy"":""default""},""phase"":""search""},{""action"":{""execution_action"":""none"",""lip_action"":""none""},""phase"":""low""},{""action"":{""high_action"":""split"",""order_decision"":""only_cost""},""phase"":""high""},{""action"":{""candidate_id"":0,""schedule_alpha"":0.5},""phase"":""select""},{""action"":{""search_k"":1,""search_strategy"":""default""},""phase"":""search""},{""action"":{""execution_action"":""none"",""lip_action"":""none""},""phase"":""low""},{""action"":{""high_action"":""stop"",""order_decision"":""only_cost""},""phase"":""high""},{""action"":{""search_k"":1,""search_strategy"":""default""},""phase"":""search""},{""action"":{""execution_action"":""none"",""lip_action"":""none""},""phase"":""low""}]"
JOB,random,c,./workloads/query_job/16c.sql,fixed_0_5,0.5,1672.325283288956,102.263000000000,1735.685698688030,ok,1,1318f60bc0ac9eb3ca4ac578870bec99e9ac05ece5a440ba30e253efb9ea5aeb,1,d8de59bd1a95c7e471e0d164674163a80b66ebc76e6d68e82b902a5da988173f,455cadd99b396a086ee10aaf254cb7537b99962b7da955a40a21845286a32c38,./results/models/job/random/c/best.pt,"[{""action"":{""high_action"":""split"",""order_decision"":""only_cost""},""phase"":""high""},{""action"":{""candidate_id"":3,""schedule_alpha"":0.5},""phase"":""select""},{""action"":{""search_k"":1,""search_strategy"":""default""},""phase"":""search""},{""action"":{""execution_action"":""none"",""lip_action"":""none""},""phase"":""low""},{""action"":{""high_action"":""split"",""order_decision"":""only_cost""},""phase"":""high""},{""action"":{""candidate_id"":2,""schedule_alpha"":0.5},""phase"":""select""},{""action"":{""search_k"":1,""search_strategy"":""default""},""phase"":""search""},{""action"":{""execution_action"":""conservative"",""lip_action"":""selective""},""phase"":""low""},{""action"":{""high_action"":""split"",""order_decision"":""only_cost""},""phase"":""high""},{""action"":{""candidate_id"":1,""schedule_alpha"":0.5},""phase"":""select""},{""action"":{""search_k"":1,""search_strategy"":""default""},""phase"":""search""},{""action"":{""execution_action"":""none"",""lip_action"":""none""},""phase"":""low""},{""action"":{""high_action"":""stop"",""order_decision"":""only_cost""},""phase"":""high""},{""action"":{""search_k"":1,""search_strategy"":""default""},""phase"":""search""},{""action"":{""execution_action"":""none"",""lip_action"":""none""},""phase"":""low""}]"
JOB,random,c,./workloads/query_job/16d.sql,fixed_0_5,0.5,1364.527523517609,63.577000000000,1408.553376793861,ok,1,1318f60bc0ac9eb3ca4ac578870bec99e9ac05ece5a440ba30e253efb9ea5aeb,1,15fd3f31f5fff9aa8e4a23529343029f1403a157ab8e9855d174d4ff260e0e83,cf24d8b8f8954a13ee7451082ae5fc5f4e842e48955d490bf1aed51853529b24,./results/models/job/random/c/best.pt,"[{""action"":{""high_action"":""split"",""order_decision"":""only_cost""},""phase"":""high""},{""action"":{""candidate_id"":3,""schedule_alpha"":0.5},""phase"":""select""},{""action"":{""search_k"":1,""search_strategy"":""default""},""phase"":""search""},{""action"":{""execution_action"":""none"",""lip_action"":""none""},""phase"":""low""},{""action"":{""high_action"":""split"",""order_decision"":""only_cost""},""phase"":""high""},{""action"":{""candidate_id"":2,""schedule_alpha"":0.5},""phase"":""select""},{""action"":{""search_k"":1,""search_strategy"":""default""},""phase"":""search""},{""action"":{""execution_action"":""conservative"",""lip_action"":""selective""},""phase"":""low""},{""action"":{""high_action"":""split"",""order_decision"":""only_cost""},""phase"":""high""},{""action"":{""candidate_id"":1,""schedule_alpha"":0.5},""phase"":""select""},{""action"":{""search_k"":1,""search_strategy"":""default""},""phase"":""search""},{""action"":{""execution_action"":""none"",""lip_action"":""none""},""phase"":""low""},{""action"":{""high_action"":""stop"",""order_decision"":""only_cost""},""phase"":""high""},{""action"":{""search_k"":1,""search_strategy"":""default""},""phase"":""search""},{""action"":{""execution_action"":""none"",""lip_action"":""none""},""phase"":""low""}]"
JOB,random,c,./workloads/query_job/17a.sql,fixed_0_5,0.5,5447.128929197788,73.457000000000,11863.254874944687,ok,1,12f3484b478e4f8b8c8fb87fad1c71c58c270dfee71990c3ecc25050d8a36b0f,1,a5305dea2bab99b38242cbbf144a934d8b07ad8fef4280258e0f9fcf6792c4f7,8870b00e12cda7308205a2f4c3252113d63b05c81b69fd858a0dd6648a71f6f2,./results/models/job/random/c/best.pt,"[{""action"":{""high_action"":""split"",""order_decision"":""only_cost""},""phase"":""high""},{""action"":{""candidate_id"":2,""schedule_alpha"":0.5},""phase"":""select""},{""action"":{""search_k"":1,""search_strategy"":""default""},""phase"":""search""},{""action"":{""execution_action"":""none"",""lip_action"":""none""},""phase"":""low""},{""action"":{""high_action"":""split"",""order_decision"":""only_cost""},""phase"":""high""},{""action"":{""candidate_id"":1,""schedule_alpha"":0.5},""phase"":""select""},{""action"":{""search_k"":1,""search_strategy"":""default""},""phase"":""search""},{""action"":{""execution_action"":""conservative"",""lip_action"":""selective""},""phase"":""low""},{""action"":{""high_action"":""stop"",""order_decision"":""only_cost""},""phase"":""high""},{""action"":{""search_k"":1,""search_strategy"":""default""},""phase"":""search""},{""action"":{""execution_action"":""none"",""lip_action"":""none""},""phase"":""low""}]"
JOB,random,c,./workloads/query_job/17b.sql,fixed_0_5,0.5,5676.744230091572,43.529000000000,7820.629060268402,ok,1,de642ce5a04416b5f5d58162138ce38932542abd6a7a7a08d538f1a6fc288f85,1,8d8821e2e9c29e48b220ba38af21acd584bc089c1835ece7c9769c3712734145,dc80626d4af679911b34dea67d1a328d62a0140673a9720b1319650d3ecc6573,./results/models/job/random/c/best.pt,"[{""action"":{""high_action"":""split"",""order_decision"":""only_cost""},""phase"":""high""},{""action"":{""candidate_id"":2,""schedule_alpha"":0.5},""phase"":""select""},{""action"":{""search_k"":1,""search_strategy"":""default""},""phase"":""search""},{""action"":{""execution_action"":""none"",""lip_action"":""none""},""phase"":""low""},{""action"":{""high_action"":""split"",""order_decision"":""only_cost""},""phase"":""high""},{""action"":{""candidate_id"":0,""schedule_alpha"":0.5},""phase"":""select""},{""action"":{""search_k"":1,""search_strategy"":""default""},""phase"":""search""},{""action"":{""execution_action"":""conservative"",""lip_action"":""selective""},""phase"":""low""},{""action"":{""high_action"":""stop"",""order_decision"":""only_cost""},""phase"":""high""},{""action"":{""search_k"":1,""search_strategy"":""default""},""phase"":""search""},{""action"":{""execution_action"":""conservative"",""lip_action"":""selective""},""phase"":""low""}]"
JOB,random,c,./workloads/query_job/17c.sql,fixed_0_5,0.5,1005.763761699200,135.030000000000,7307.303510606289,ok,1,89318885181be4671a585035246d501b4eb546101d7a71035ac9eaf20c99bdff,1,4f83e84a06dfa5a876edceea62f3e0ce4f41327675bad39b4f489d0fe1235d5d,885182f330f14d68fa7721b6032e2d78083078b8a2d83e186b0c48214387186e,./results/models/job/random/c/best.pt,"[{""action"":{""high_action"":""split"",""order_decision"":""only_cost""},""phase"":""high""},{""action"":{""candidate_id"":2,""schedule_alpha"":0.5},""phase"":""select""},{""action"":{""search_k"":1,""search_strategy"":""default""},""phase"":""search""},{""action"":{""execution_action"":""none"",""lip_action"":""none""},""phase"":""low""},{""action"":{""high_action"":""split"",""order_decision"":""only_cost""},""phase"":""high""},{""action"":{""candidate_id"":0,""schedule_alpha"":0.5},""phase"":""select""},{""action"":{""search_k"":1,""search_strategy"":""default""},""phase"":""search""},{""action"":{""execution_action"":""none"",""lip_action"":""none""},""phase"":""low""},{""action"":{""high_action"":""stop"",""order_decision"":""only_cost""},""phase"":""high""},{""action"":{""search_k"":1,""search_strategy"":""default""},""phase"":""search""},{""action"":{""execution_action"":""none"",""lip_action"":""none""},""phase"":""low""}]"
JOB,random,c,./workloads/query_job/17e.sql,fixed_0_5,0.5,5596.808619797230,142.569000000000,10082.962311804295,ok,1,f737f87f1aee3edfa2a8464fe8782aa3d0139b69867ac6bfd244eb890fff19b5,1,82d046613835b39702f8fab98496fc219de0c93a710e6c1e91cd19691848cd5f,4bcf8513e4f1136d0a304bf1ca3dc7e1525e4dcd581a703ed3612f5e43d67c71,./results/models/job/random/c/best.pt,"[{""action"":{""high_action"":""split"",""order_decision"":""only_cost""},""phase"":""high""},{""action"":{""candidate_id"":2,""schedule_alpha"":0.5},""phase"":""select""},{""action"":{""search_k"":1,""search_strategy"":""default""},""phase"":""search""},{""action"":{""execution_action"":""none"",""lip_action"":""none""},""phase"":""low""},{""action"":{""high_action"":""split"",""order_decision"":""only_cost""},""phase"":""high""},{""action"":{""candidate_id"":1,""schedule_alpha"":0.5},""phase"":""select""},{""action"":{""search_k"":1,""search_strategy"":""default""},""phase"":""search""},{""action"":{""execution_action"":""conservative"",""lip_action"":""selective""},""phase"":""low""},{""action"":{""high_action"":""stop"",""order_decision"":""only_cost""},""phase"":""high""},{""action"":{""search_k"":1,""search_strategy"":""default""},""phase"":""search""},{""action"":{""execution_action"":""none"",""lip_action"":""none""},""phase"":""low""}]"
JOB,random,c,./workloads/query_job/19d.sql,fixed_0_5,0.5,6838.759347796440,66.826000000000,12959.958776831627,ok,1,a4539f795d93860062d39d330febb9a7e2eba327a0dde36ea917ef25d81da7fb,1,27d02916331b6466cc645ed9c3f672b0e833ca53fe1e31c853c85e190b7d73f1,c4f43517acf27807b16285f8039349bea8e35de1ab1e7e720732a453411a0744,./results/models/job/random/c/best.pt,"[{""action"":{""high_action"":""split"",""order_decision"":""only_cost""},""phase"":""high""},{""action"":{""candidate_id"":1,""schedule_alpha"":0.5},""phase"":""select""},{""action"":{""search_k"":1,""search_strategy"":""default""},""phase"":""search""},{""action"":{""execution_action"":""none"",""lip_action"":""none""},""phase"":""low""},{""action"":{""high_action"":""split"",""order_decision"":""only_cost""},""phase"":""high""},{""action"":{""candidate_id"":0,""schedule_alpha"":0.5},""phase"":""select""},{""action"":{""search_k"":1,""search_strategy"":""default""},""phase"":""search""},{""action"":{""execution_action"":""none"",""lip_action"":""none""},""phase"":""low""},{""action"":{""high_action"":""split"",""order_decision"":""only_cost""},""phase"":""high""},{""action"":{""candidate_id"":1,""schedule_alpha"":0.5},""phase"":""select""},{""action"":{""search_k"":1,""search_strategy"":""default""},""phase"":""search""},{""action"":{""execution_action"":""conservative"",""lip_action"":""selective""},""phase"":""low""},{""action"":{""high_action"":""stop"",""order_decision"":""only_cost""},""phase"":""high""},{""action"":{""search_k"":1,""search_strategy"":""default""},""phase"":""search""},{""action"":{""execution_action"":""conservative"",""lip_action"":""selective""},""phase"":""low""}]"
JOB,random,c,./workloads/query_job/1b.sql,fixed_0_5,0.5,138.006806373596,117.613000000000,11.884637176991,ok,1,be1d6ac40c20f262e1328dfd04b2021cc535502e6b32eff765a057282a5df4f7,1,c6e0cf18128bdbce9601e3358198f681c10d5862471045cd724113048e9b2060,d5516c82035194f811cc74720aff44a464bf74ab0fc4c3adfa088560b1a844fc,./results/models/job/random/c/best.pt,"[{""action"":{""high_action"":""split"",""order_decision"":""only_cost""},""phase"":""high""},{""action"":{""candidate_id"":1,""schedule_alpha"":0.5},""phase"":""select""},{""action"":{""search_k"":1,""search_strategy"":""default""},""phase"":""search""},{""action"":{""execution_action"":""none"",""lip_action"":""none""},""phase"":""low""},{""action"":{""high_action"":""stop"",""order_decision"":""only_cost""},""phase"":""high""},{""action"":{""search_k"":1,""search_strategy"":""default""},""phase"":""search""},{""action"":{""execution_action"":""none"",""lip_action"":""none""},""phase"":""low""}]"
JOB,random,c,./workloads/query_job/1c.sql,fixed_0_5,0.5,480.357319116592,98.135000000000,19.848696887493,ok,1,c9cfeb2c53a9c7d56ba455c5c333a8fac5db32559ebd94b17f2dbd68a69e1122,1,cd8271cf84fca4685d4374bf1e427a43d29013d55cba14421f2e6e0cf7304815,47a1beaec78491807c82a3ce9bce31926c23dbb626131f17b170c4c3d9944c7b,./results/models/job/random/c/best.pt,"[{""action"":{""high_action"":""split"",""order_decision"":""only_cost""},""phase"":""high""},{""action"":{""candidate_id"":0,""schedule_alpha"":0.5},""phase"":""select""},{""action"":{""search_k"":1,""search_strategy"":""default""},""phase"":""search""},{""action"":{""execution_action"":""none"",""lip_action"":""none""},""phase"":""low""},{""action"":{""high_action"":""stop"",""order_decision"":""only_cost""},""phase"":""high""},{""action"":{""search_k"":1,""search_strategy"":""default""},""phase"":""search""},{""action"":{""execution_action"":""none"",""lip_action"":""none""},""phase"":""low""}]"
JOB,random,c,./workloads/query_job/20c.sql,fixed_0_5,0.5,1157.084196805954,58.894000000000,1157.161042094231,ok,1,568e7928022d673040c12df4a67123a0784853e4f2fd144a3c3ad416f6a0ff39,1,95a5b01ef813acd242535f3b073b36c4bb1bdda45b95ece0d5084b4b0c8bafd6,39ba1422e34d8fa29ba279637a44139433d997d57c4887565e8219fe2a177b1c,./results/models/job/random/c/best.pt,"[{""action"":{""high_action"":""split"",""order_decision"":""only_cost""},""phase"":""high""},{""action"":{""candidate_id"":2,""schedule_alpha"":0.5},""phase"":""select""},{""action"":{""search_k"":1,""search_strategy"":""default""},""phase"":""search""},{""action"":{""execution_action"":""none"",""lip_action"":""none""},""phase"":""low""},{""action"":{""high_action"":""split"",""order_decision"":""only_cost""},""phase"":""high""},{""action"":{""candidate_id"":2,""schedule_alpha"":0.5},""phase"":""select""},{""action"":{""search_k"":1,""search_strategy"":""default""},""phase"":""search""},{""action"":{""execution_action"":""conservative"",""lip_action"":""selective""},""phase"":""low""},{""action"":{""high_action"":""split"",""order_decision"":""only_cost""},""phase"":""high""},{""action"":{""candidate_id"":0,""schedule_alpha"":0.5},""phase"":""select""},{""action"":{""search_k"":1,""search_strategy"":""default""},""phase"":""search""},{""action"":{""execution_action"":""conservative"",""lip_action"":""selective""},""phase"":""low""},{""action"":{""high_action"":""stop"",""order_decision"":""only_cost""},""phase"":""high""},{""action"":{""search_k"":1,""search_strategy"":""default""},""phase"":""search""},{""action"":{""execution_action"":""none"",""lip_action"":""none""},""phase"":""low""}]"
JOB,random,c,./workloads/query_job/21a.sql,fixed_0_5,0.5,368.382677435875,197.111000000000,115.173719823360,ok,1,6114bcae99606cbd64c86c8dd7da67c69f8e545ea60c5213503552460a7306d0,1,707ba6d41e3b4350ecf28ee210653cec2d7c9e1e9b74773592ae4a13f30dcccd,68099d88a205dc7d9adfd1835d517dbc455c33f99e5ae8c7d5afb16dd7406fed,./results/models/job/random/c/best.pt,"[{""action"":{""high_action"":""split"",""order_decision"":""only_cost""},""phase"":""high""},{""action"":{""candidate_id"":2,""schedule_alpha"":0.5},""phase"":""select""},{""action"":{""search_k"":1,""search_strategy"":""default""},""phase"":""search""},{""action"":{""execution_action"":""none"",""lip_action"":""none""},""phase"":""low""},{""action"":{""high_action"":""split"",""order_decision"":""only_cost""},""phase"":""high""},{""action"":{""candidate_id"":2,""schedule_alpha"":0.5},""phase"":""select""},{""action"":{""search_k"":1,""search_strategy"":""default""},""phase"":""search""},{""action"":{""execution_action"":""none"",""lip_action"":""none""},""phase"":""low""},{""action"":{""high_action"":""split"",""order_decision"":""only_cost""},""phase"":""high""},{""action"":{""candidate_id"":0,""schedule_alpha"":0.5},""phase"":""select""},{""action"":{""search_k"":1,""search_strategy"":""default""},""phase"":""search""},{""action"":{""execution_action"":""none"",""lip_action"":""none""},""phase"":""low""},{""action"":{""high_action"":""stop"",""order_decision"":""only_cost""},""phase"":""high""},{""action"":{""search_k"":1,""search_strategy"":""default""},""phase"":""search""},{""action"":{""execution_action"":""none"",""lip_action"":""none""},""phase"":""low""}]"
JOB,random,c,./workloads/query_job/21b.sql,fixed_0_5,0.5,339.379049837589,179.466000000000,113.432332873344,ok,1,1da28682b56bf46849a42e55ba2b328e656ccb98f2f56a02e22549b0a2dec397,1,d10c951b1fe7c3cee3507404f958fb6a03650b7473aa028c6c5704695b11eaf4,9d212f0391a985d9c678ea07ea4cd9f04dea5554cf0b965a76cec0b197a5573d,./results/models/job/random/c/best.pt,"[{""action"":{""high_action"":""split"",""order_decision"":""only_cost""},""phase"":""high""},{""action"":{""candidate_id"":2,""schedule_alpha"":0.5},""phase"":""select""},{""action"":{""search_k"":1,""search_strategy"":""default""},""phase"":""search""},{""action"":{""execution_action"":""none"",""lip_action"":""none""},""phase"":""low""},{""action"":{""high_action"":""split"",""order_decision"":""only_cost""},""phase"":""high""},{""action"":{""candidate_id"":2,""schedule_alpha"":0.5},""phase"":""select""},{""action"":{""search_k"":1,""search_strategy"":""default""},""phase"":""search""},{""action"":{""execution_action"":""none"",""lip_action"":""none""},""phase"":""low""},{""action"":{""high_action"":""split"",""order_decision"":""only_cost""},""phase"":""high""},{""action"":{""candidate_id"":0,""schedule_alpha"":0.5},""phase"":""select""},{""action"":{""search_k"":1,""search_strategy"":""default""},""phase"":""search""},{""action"":{""execution_action"":""none"",""lip_action"":""none""},""phase"":""low""},{""action"":{""high_action"":""stop"",""order_decision"":""only_cost""},""phase"":""high""},{""action"":{""search_k"":1,""search_strategy"":""default""},""phase"":""search""},{""action"":{""execution_action"":""none"",""lip_action"":""none""},""phase"":""low""}]"
JOB,random,c,./workloads/query_job/21c.sql,fixed_0_5,0.5,495.996654033661,304.103000000000,125.217385590076,ok,1,83811c5c01e3bdbafff3ac6671360f1cb19c1452dd9ec0b095bcd21856c36865,1,28b2462492b064d70e1bacc811eb1f69b1e786641c8ca29eaf7854859a6d2b68,4af239a5dc4d0d5686c058d5941b6f7abf5da2a5fc610d01c300523aa595a179,./results/models/job/random/c/best.pt,"[{""action"":{""high_action"":""split"",""order_decision"":""only_cost""},""phase"":""high""},{""action"":{""candidate_id"":2,""schedule_alpha"":0.5},""phase"":""select""},{""action"":{""search_k"":1,""search_strategy"":""default""},""phase"":""search""},{""action"":{""execution_action"":""none"",""lip_action"":""none""},""phase"":""low""},{""action"":{""high_action"":""split"",""order_decision"":""only_cost""},""phase"":""high""},{""action"":{""candidate_id"":2,""schedule_alpha"":0.5},""phase"":""select""},{""action"":{""search_k"":1,""search_strategy"":""default""},""phase"":""search""},{""action"":{""execution_action"":""none"",""lip_action"":""none""},""phase"":""low""},{""action"":{""high_action"":""split"",""order_decision"":""only_cost""},""phase"":""high""},{""action"":{""candidate_id"":0,""schedule_alpha"":0.5},""phase"":""select""},{""action"":{""search_k"":1,""search_strategy"":""default""},""phase"":""search""},{""action"":{""execution_action"":""none"",""lip_action"":""none""},""phase"":""low""},{""action"":{""high_action"":""stop"",""order_decision"":""only_cost""},""phase"":""high""},{""action"":{""search_k"":1,""search_strategy"":""default""},""phase"":""search""},{""action"":{""execution_action"":""none"",""lip_action"":""none""},""phase"":""low""}]"
JOB,random,c,./workloads/query_job/23a.sql,fixed_0_5,0.5,811.920553445816,99.980000000000,412.200421094894,ok,1,e33290c8b8a911bae419941260d0bb2e09cceab157ff21cbd4088e50c3a1cc9b,1,619023cf2a31b273e95982b97cc9a8631c332571f656328053af79c8bf84c9d9,fef89d22d3d0657d9f80a18454d078ece1e6c96930a348623a3923cd80eccb58,./results/models/job/random/c/best.pt,"[{""action"":{""high_action"":""split"",""order_decision"":""only_cost""},""phase"":""high""},{""action"":{""candidate_id"":2,""schedule_alpha"":0.5},""phase"":""select""},{""action"":{""search_k"":1,""search_strategy"":""default""},""phase"":""search""},{""action"":{""execution_action"":""none"",""lip_action"":""none""},""phase"":""low""},{""action"":{""high_action"":""split"",""order_decision"":""only_cost""},""phase"":""high""},{""action"":{""candidate_id"":1,""schedule_alpha"":0.5},""phase"":""select""},{""action"":{""search_k"":1,""search_strategy"":""default""},""phase"":""search""},{""action"":{""execution_action"":""conservative"",""lip_action"":""selective""},""phase"":""low""},{""action"":{""high_action"":""split"",""order_decision"":""only_cost""},""phase"":""high""},{""action"":{""candidate_id"":0,""schedule_alpha"":0.5},""phase"":""select""},{""action"":{""search_k"":1,""search_strategy"":""default""},""phase"":""search""},{""action"":{""execution_action"":""conservative"",""lip_action"":""selective""},""phase"":""low""},{""action"":{""high_action"":""split"",""order_decision"":""only_cost""},""phase"":""high""},{""action"":{""candidate_id"":0,""schedule_alpha"":0.5},""phase"":""select""},{""action"":{""search_k"":1,""search_strategy"":""default""},""phase"":""search""},{""action"":{""execution_action"":""none"",""lip_action"":""none""},""phase"":""low""},{""action"":{""high_action"":""stop"",""order_decision"":""only_cost""},""phase"":""high""},{""action"":{""search_k"":1,""search_strategy"":""default""},""phase"":""search""},{""action"":{""execution_action"":""none"",""lip_action"":""none""},""phase"":""low""}]"
JOB,random,c,./workloads/query_job/24b.sql,fixed_0_5,0.5,404.829621315002,285.748000000000,434.322066605091,ok,1,c6a12dd8a9651eef2928671373921d7e677edea1ec96df6544103293106311ef,1,a0105c0c9d70eabe35f60231ae0e06ff11722212bb1687c82490406f9c98927a,2ca8feb974a734617b8cccc5a5253c2be6ce8af5f2779d65ecce5c9b03ee5de2,./results/models/job/random/c/best.pt,"[{""action"":{""high_action"":""split"",""order_decision"":""only_cost""},""phase"":""high""},{""action"":{""candidate_id"":2,""schedule_alpha"":0.5},""phase"":""select""},{""action"":{""search_k"":1,""search_strategy"":""default""},""phase"":""search""},{""action"":{""execution_action"":""none"",""lip_action"":""none""},""phase"":""low""},{""action"":{""high_action"":""split"",""order_decision"":""only_cost""},""phase"":""high""},{""action"":{""candidate_id"":3,""schedule_alpha"":0.5},""phase"":""select""},{""action"":{""search_k"":1,""search_strategy"":""default""},""phase"":""search""},{""action"":{""execution_action"":""none"",""lip_action"":""none""},""phase"":""low""},{""action"":{""high_action"":""split"",""order_decision"":""only_cost""},""phase"":""high""},{""action"":{""candidate_id"":1,""schedule_alpha"":0.5},""phase"":""select""},{""action"":{""search_k"":1,""search_strategy"":""default""},""phase"":""search""},{""action"":{""execution_action"":""none"",""lip_action"":""none""},""phase"":""low""},{""action"":{""high_action"":""split"",""order_decision"":""only_cost""},""phase"":""high""},{""action"":{""candidate_id"":0,""schedule_alpha"":0.5},""phase"":""select""},{""action"":{""search_k"":1,""search_strategy"":""default""},""phase"":""search""},{""action"":{""execution_action"":""none"",""lip_action"":""none""},""phase"":""low""},{""action"":{""high_action"":""stop"",""order_decision"":""only_cost""},""phase"":""high""},{""action"":{""search_k"":1,""search_strategy"":""default""},""phase"":""search""},{""action"":{""execution_action"":""none"",""lip_action"":""none""},""phase"":""low""}]"
JOB,random,c,./workloads/query_job/25a.sql,fixed_0_5,0.5,1947.491347789764,60.470000000000,3026.886664330959,ok,1,3f61bc3b5b8945716ddc701b2a0b19f860043a01c2e6df0e838c90693f07dd20,1,febfc463fe77d5bf4f15173a5ed05b9619832bca3585d61055c4f2bf9f94f2b8,0ac15ebb89087b03ab7d86f0b2e393cd3df669806f066cf788c7310cee2992cd,./results/models/job/random/c/best.pt,"[{""action"":{""high_action"":""split"",""order_decision"":""only_cost""},""phase"":""high""},{""action"":{""candidate_id"":3,""schedule_alpha"":0.5},""phase"":""select""},{""action"":{""search_k"":1,""search_strategy"":""default""},""phase"":""search""},{""action"":{""execution_action"":""none"",""lip_action"":""none""},""phase"":""low""},{""action"":{""high_action"":""split"",""order_decision"":""only_cost""},""phase"":""high""},{""action"":{""candidate_id"":1,""schedule_alpha"":0.5},""phase"":""select""},{""action"":{""search_k"":1,""search_strategy"":""default""},""phase"":""search""},{""action"":{""execution_action"":""conservative"",""lip_action"":""selective""},""phase"":""low""},{""action"":{""high_action"":""split"",""order_decision"":""only_cost""},""phase"":""high""},{""action"":{""candidate_id"":1,""schedule_alpha"":0.5},""phase"":""select""},{""action"":{""search_k"":1,""search_strategy"":""default""},""phase"":""search""},{""action"":{""execution_action"":""conservative"",""lip_action"":""selective""},""phase"":""low""},{""action"":{""high_action"":""stop"",""order_decision"":""only_cost""},""phase"":""high""},{""action"":{""search_k"":1,""search_strategy"":""default""},""phase"":""search""},{""action"":{""execution_action"":""none"",""lip_action"":""none""},""phase"":""low""}]"
JOB,random,c,./workloads/query_job/25b.sql,fixed_0_5,0.5,623.305521905422,184.094000000000,415.515519678593,ok,1,a6dff347cc4e2c49ccacd365b50a365a6fabbfadf92d2cdfddeb9d790e3bbb17,1,281a9e85a78698c1d0f6c2d2068817ccdcdf7237bad1be460d828da654b0cb02,069737e86b588b2ae40b0289582ca1bf597d9c6255ddfe48c10a10aa943ed7e7,./results/models/job/random/c/best.pt,"[{""action"":{""high_action"":""split"",""order_decision"":""only_cost""},""phase"":""high""},{""action"":{""candidate_id"":3,""schedule_alpha"":0.5},""phase"":""select""},{""action"":{""search_k"":1,""search_strategy"":""default""},""phase"":""search""},{""action"":{""execution_action"":""none"",""lip_action"":""none""},""phase"":""low""},{""action"":{""high_action"":""split"",""order_decision"":""only_cost""},""phase"":""high""},{""action"":{""candidate_id"":2,""schedule_alpha"":0.5},""phase"":""select""},{""action"":{""search_k"":1,""search_strategy"":""default""},""phase"":""search""},{""action"":{""execution_action"":""none"",""lip_action"":""none""},""phase"":""low""},{""action"":{""high_action"":""split"",""order_decision"":""only_cost""},""phase"":""high""},{""action"":{""candidate_id"":1,""schedule_alpha"":0.5},""phase"":""select""},{""action"":{""search_k"":1,""search_strategy"":""default""},""phase"":""search""},{""action"":{""execution_action"":""none"",""lip_action"":""none""},""phase"":""low""},{""action"":{""high_action"":""stop"",""order_decision"":""only_cost""},""phase"":""high""},{""action"":{""search_k"":1,""search_strategy"":""default""},""phase"":""search""},{""action"":{""execution_action"":""none"",""lip_action"":""none""},""phase"":""low""}]"
JOB,random,c,./workloads/query_job/26c.sql,fixed_0_5,0.5,1107.311099767685,78.296000000000,4432.994611561298,ok,1,028fa66983476fd11ebe0fc3fe75f01f243fb077ff18202487babf6b5905aae1,1,f3b7e4d426337bb138b2be9649a7a13eb49600a4c897ae5efe09aa0e98adc425,db5e074af52dc156b68749d8078320954e9c83cd1aa9dd7319fc722d8ca877b2,./results/models/job/random/c/best.pt,"[{""action"":{""high_action"":""split"",""order_decision"":""only_cost""},""phase"":""high""},{""action"":{""candidate_id"":3,""schedule_alpha"":0.5},""phase"":""select""},{""action"":{""search_k"":1,""search_strategy"":""default""},""phase"":""search""},{""action"":{""execution_action"":""none"",""lip_action"":""none""},""phase"":""low""},{""action"":{""high_action"":""split"",""order_decision"":""only_cost""},""phase"":""high""},{""action"":{""candidate_id"":2,""schedule_alpha"":0.5},""phase"":""select""},{""action"":{""search_k"":1,""search_strategy"":""default""},""phase"":""search""},{""action"":{""execution_action"":""conservative"",""lip_action"":""selective""},""phase"":""low""},{""action"":{""high_action"":""split"",""order_decision"":""only_cost""},""phase"":""high""},{""action"":{""candidate_id"":0,""schedule_alpha"":0.5},""phase"":""select""},{""action"":{""search_k"":1,""search_strategy"":""default""},""phase"":""search""},{""action"":{""execution_action"":""conservative"",""lip_action"":""selective""},""phase"":""low""},{""action"":{""high_action"":""split"",""order_decision"":""only_cost""},""phase"":""high""},{""action"":{""candidate_id"":1,""schedule_alpha"":0.5},""phase"":""select""},{""action"":{""search_k"":1,""search_strategy"":""default""},""phase"":""search""},{""action"":{""execution_action"":""none"",""lip_action"":""none""},""phase"":""low""},{""action"":{""high_action"":""stop"",""order_decision"":""only_cost""},""phase"":""high""},{""action"":{""search_k"":1,""search_strategy"":""default""},""phase"":""search""},{""action"":{""execution_action"":""none"",""lip_action"":""none""},""phase"":""low""}]"
JOB,random,c,./workloads/query_job/27b.sql,fixed_0_5,0.5,263.864330947399,90.946000000000,97.973756492138,ok,1,4eb4e5bb88d274fb571daa3d9537d134ac91e3971795bedfe21b63973b8a983c,1,d13e9c3ac11f225830039de2901a56fb70a7f87e3dc16b413dfa2223b08db80b,a107c4a214cf69f0938e346f32f83215870f3845dcf233bc4de45f85f388e744,./results/models/job/random/c/best.pt,"[{""action"":{""high_action"":""split"",""order_decision"":""only_cost""},""phase"":""high""},{""action"":{""candidate_id"":3,""schedule_alpha"":0.5},""phase"":""select""},{""action"":{""search_k"":1,""search_strategy"":""default""},""phase"":""search""},{""action"":{""execution_action"":""none"",""lip_action"":""none""},""phase"":""low""},{""action"":{""high_action"":""split"",""order_decision"":""only_cost""},""phase"":""high""},{""action"":{""candidate_id"":3,""schedule_alpha"":0.5},""phase"":""select""},{""action"":{""search_k"":1,""search_strategy"":""default""},""phase"":""search""},{""action"":{""execution_action"":""none"",""lip_action"":""none""},""phase"":""low""},{""action"":{""high_action"":""split"",""order_decision"":""only_cost""},""phase"":""high""},{""action"":{""candidate_id"":0,""schedule_alpha"":0.5},""phase"":""select""},{""action"":{""search_k"":1,""search_strategy"":""default""},""phase"":""search""},{""action"":{""execution_action"":""conservative"",""lip_action"":""selective""},""phase"":""low""},{""action"":{""high_action"":""split"",""order_decision"":""only_cost""},""phase"":""high""},{""action"":{""candidate_id"":0,""schedule_alpha"":0.5},""phase"":""select""},{""action"":{""search_k"":1,""search_strategy"":""default""},""phase"":""search""},{""action"":{""execution_action"":""none"",""lip_action"":""none""},""phase"":""low""},{""action"":{""high_action"":""stop"",""order_decision"":""only_cost""},""phase"":""high""},{""action"":{""search_k"":1,""search_strategy"":""default""},""phase"":""search""},{""action"":{""execution_action"":""none"",""lip_action"":""none""},""phase"":""low""}]"
JOB,random,c,./workloads/query_job/28a.sql,fixed_0_5,0.5,687.775783240795,86.152000000000,1045.240662992001,ok,1,9bbfa4b43836dbcd01ed830b9188456a9d9309e4cc0ef0948c1f6ff8b2c0e39c,1,3e4770eb989047c56f457913fcdc918edda9e450bb637f0bb558c8d4337b357c,021ee502827b7d19257bfabb023fc62416407c807814c90ccc25891d1e88e670,./results/models/job/random/c/best.pt,"[{""action"":{""high_action"":""split"",""order_decision"":""only_cost""},""phase"":""high""},{""action"":{""candidate_id"":4,""schedule_alpha"":0.5},""phase"":""select""},{""action"":{""search_k"":1,""search_strategy"":""default""},""phase"":""search""},{""action"":{""execution_action"":""none"",""lip_action"":""none""},""phase"":""low""},{""action"":{""high_action"":""split"",""order_decision"":""only_cost""},""phase"":""high""},{""action"":{""candidate_id"":1,""schedule_alpha"":0.5},""phase"":""select""},{""action"":{""search_k"":1,""search_strategy"":""default""},""phase"":""search""},{""action"":{""execution_action"":""conservative"",""lip_action"":""selective""},""phase"":""low""},{""action"":{""high_action"":""split"",""order_decision"":""only_cost""},""phase"":""high""},{""action"":{""candidate_id"":3,""schedule_alpha"":0.5},""phase"":""select""},{""action"":{""search_k"":1,""search_strategy"":""default""},""phase"":""search""},{""action"":{""execution_action"":""conservative"",""lip_action"":""selective""},""phase"":""low""},{""action"":{""high_action"":""split"",""order_decision"":""only_cost""},""phase"":""high""},{""action"":{""candidate_id"":0,""schedule_alpha"":0.5},""phase"":""select""},{""action"":{""search_k"":1,""search_strategy"":""default""},""phase"":""search""},{""action"":{""execution_action"":""conservative"",""lip_action"":""selective""},""phase"":""low""},{""action"":{""high_action"":""split"",""order_decision"":""only_cost""},""phase"":""high""},{""action"":{""candidate_id"":1,""schedule_alpha"":0.5},""phase"":""select""},{""action"":{""search_k"":1,""search_strategy"":""default""},""phase"":""search""},{""action"":{""execution_action"":""none"",""lip_action"":""none""},""phase"":""low""},{""action"":{""high_action"":""stop"",""order_decision"":""only_cost""},""phase"":""high""},{""action"":{""search_k"":1,""search_strategy"":""default""},""phase"":""search""},{""action"":{""execution_action"":""none"",""lip_action"":""none""},""phase"":""low""}]"
JOB,random,c,./workloads/query_job/29a.sql,fixed_0_5,0.5,449.789114296436,341.868000000000,2289.833426475525,ok,1,6931843f19cb52122ed461369626a4f45f6b0550fbb8e5608f26c0a53fbfa63e,1,8449905c675eb3ca264e1f1e5568fa03002e0a7bc486d54c71ffe8dbbe276332,adec67fecb9efcefc6f0dcd0e41f85e047b75e6ee4ec93c2b0f291ef93b51a92,./results/models/job/random/c/best.pt,"[{""action"":{""high_action"":""split"",""order_decision"":""only_cost""},""phase"":""high""},{""action"":{""candidate_id"":5,""schedule_alpha"":0.5},""phase"":""select""},{""action"":{""search_k"":1,""search_strategy"":""default""},""phase"":""search""},{""action"":{""execution_action"":""none"",""lip_action"":""none""},""phase"":""low""},{""action"":{""high_action"":""split"",""order_decision"":""only_cost""},""phase"":""high""},{""action"":{""candidate_id"":1,""schedule_alpha"":0.5},""phase"":""select""},{""action"":{""search_k"":1,""search_strategy"":""default""},""phase"":""search""},{""action"":{""execution_action"":""none"",""lip_action"":""none""},""phase"":""low""},{""action"":{""high_action"":""split"",""order_decision"":""only_cost""},""phase"":""high""},{""action"":{""candidate_id"":2,""schedule_alpha"":0.5},""phase"":""select""},{""action"":{""search_k"":1,""search_strategy"":""default""},""phase"":""search""},{""action"":{""execution_action"":""none"",""lip_action"":""none""},""phase"":""low""},{""action"":{""high_action"":""split"",""order_decision"":""only_cost""},""phase"":""high""},{""action"":{""candidate_id"":1,""schedule_alpha"":0.5},""phase"":""select""},{""action"":{""search_k"":1,""search_strategy"":""default""},""phase"":""search""},{""action"":{""execution_action"":""none"",""lip_action"":""none""},""phase"":""low""},{""action"":{""high_action"":""split"",""order_decision"":""only_cost""},""phase"":""high""},{""action"":{""candidate_id"":2,""schedule_alpha"":0.5},""phase"":""select""},{""action"":{""search_k"":1,""search_strategy"":""default""},""phase"":""search""},{""action"":{""execution_action"":""none"",""lip_action"":""none""},""phase"":""low""},{""action"":{""high_action"":""split"",""order_decision"":""only_cost""},""phase"":""high""},{""action"":{""candidate_id"":1,""schedule_alpha"":0.5},""phase"":""select""},{""action"":{""search_k"":1,""search_strategy"":""default""},""phase"":""search""},{""action"":{""execution_action"":""none"",""lip_action"":""none""},""phase"":""low""},{""action"":{""high_action"":""stop"",""order_decision"":""only_cost""},""phase"":""high""},{""action"":{""search_k"":1,""search_strategy"":""default""},""phase"":""search""},{""action"":{""execution_action"":""none"",""lip_action"":""none""},""phase"":""low""}]"
JOB,random,c,./workloads/query_job/29c.sql,fixed_0_5,0.5,654.435910284519,343.147000000000,9935.959734022617,ok,1,77d7c0fd6a7f7c2de253fe8fc44b2b6ae848c0c1e246c513425c8f83965bf0b0,1,e9e0d24e272e9773a669bab098699b80c9b39ef0dff5bc1127a3ac6d3084dd4e,22aac18c21047a4485b6988d6ae0eb3a5bced5dc122090a0f88ed63088d0b009,./results/models/job/random/c/best.pt,"[{""action"":{""high_action"":""split"",""order_decision"":""only_cost""},""phase"":""high""},{""action"":{""candidate_id"":5,""schedule_alpha"":0.5},""phase"":""select""},{""action"":{""search_k"":1,""search_strategy"":""default""},""phase"":""search""},{""action"":{""execution_action"":""none"",""lip_action"":""none""},""phase"":""low""},{""action"":{""high_action"":""split"",""order_decision"":""only_cost""},""phase"":""high""},{""action"":{""candidate_id"":2,""schedule_alpha"":0.5},""phase"":""select""},{""action"":{""search_k"":1,""search_strategy"":""default""},""phase"":""search""},{""action"":{""execution_action"":""none"",""lip_action"":""none""},""phase"":""low""},{""action"":{""high_action"":""split"",""order_decision"":""only_cost""},""phase"":""high""},{""action"":{""candidate_id"":1,""schedule_alpha"":0.5},""phase"":""select""},{""action"":{""search_k"":1,""search_strategy"":""default""},""phase"":""search""},{""action"":{""execution_action"":""none"",""lip_action"":""none""},""phase"":""low""},{""action"":{""high_action"":""split"",""order_decision"":""only_cost""},""phase"":""high""},{""action"":{""candidate_id"":0,""schedule_alpha"":0.5},""phase"":""select""},{""action"":{""search_k"":1,""search_strategy"":""default""},""phase"":""search""},{""action"":{""execution_action"":""none"",""lip_action"":""none""},""phase"":""low""},{""action"":{""high_action"":""split"",""order_decision"":""only_cost""},""phase"":""high""},{""action"":{""candidate_id"":1,""schedule_alpha"":0.5},""phase"":""select""},{""action"":{""search_k"":1,""search_strategy"":""default""},""phase"":""search""},{""action"":{""execution_action"":""none"",""lip_action"":""none""},""phase"":""low""},{""action"":{""high_action"":""split"",""order_decision"":""only_cost""},""phase"":""high""},{""action"":{""candidate_id"":1,""schedule_alpha"":0.5},""phase"":""select""},{""action"":{""search_k"":1,""search_strategy"":""default""},""phase"":""search""},{""action"":{""execution_action"":""none"",""lip_action"":""none""},""phase"":""low""},{""action"":{""high_action"":""stop"",""order_decision"":""only_cost""},""phase"":""high""},{""action"":{""search_k"":1,""search_strategy"":""default""},""phase"":""search""},{""action"":{""execution_action"":""none"",""lip_action"":""none""},""phase"":""low""}]"
JOB,random,c,./workloads/query_job/30a.sql,fixed_0_5,0.5,1656.165726482868,77.360000000000,3002.848818898201,ok,1,75f27277da0bf405cd685f3341baca046a6788152a4b13a72ad743837698d0b5,1,cfadf7297bd43e86160385879523daf17346659a22a33acbf3786166e9163927,a1ccfc78f532787477fdd2fb51a6bc7abc1ed7fb12501a317ebde55ca0701279,./results/models/job/random/c/best.pt,"[{""action"":{""high_action"":""split"",""order_decision"":""only_cost""},""phase"":""high""},{""action"":{""candidate_id"":4,""schedule_alpha"":0.5},""phase"":""select""},{""action"":{""search_k"":1,""search_strategy"":""default""},""phase"":""search""},{""action"":{""execution_action"":""none"",""lip_action"":""none""},""phase"":""low""},{""action"":{""high_action"":""split"",""order_decision"":""only_cost""},""phase"":""high""},{""action"":{""candidate_id"":2,""schedule_alpha"":0.5},""phase"":""select""},{""action"":{""search_k"":1,""search_strategy"":""default""},""phase"":""search""},{""action"":{""execution_action"":""conservative"",""lip_action"":""selective""},""phase"":""low""},{""action"":{""high_action"":""split"",""order_decision"":""only_cost""},""phase"":""high""},{""action"":{""candidate_id"":2,""schedule_alpha"":0.5},""phase"":""select""},{""action"":{""search_k"":1,""search_strategy"":""default""},""phase"":""search""},{""action"":{""execution_action"":""conservative"",""lip_action"":""selective""},""phase"":""low""},{""action"":{""high_action"":""split"",""order_decision"":""only_cost""},""phase"":""high""},{""action"":{""candidate_id"":0,""schedule_alpha"":0.5},""phase"":""select""},{""action"":{""search_k"":1,""search_strategy"":""default""},""phase"":""search""},{""action"":{""execution_action"":""conservative"",""lip_action"":""selective""},""phase"":""low""},{""action"":{""high_action"":""stop"",""order_decision"":""only_cost""},""phase"":""high""},{""action"":{""search_k"":1,""search_strategy"":""default""},""phase"":""search""},{""action"":{""execution_action"":""none"",""lip_action"":""none""},""phase"":""low""}]"
JOB,random,c,./workloads/query_job/31a.sql,fixed_0_5,0.5,958.119630813599,89.477000000000,5913.183256983757,ok,1,27264682db1c692f629cbc378c2d1c85c8c6d056671bebcf765b2be4f122e770,1,6be2bd1cbc431d36718a9a438bbb239593042b0567c6c3bcda89dccee47c7102,802e6807d677eb182057935eaf0079a809ce95b9e9eeb2a10b1cc20091eca26e,./results/models/job/random/c/best.pt,"[{""action"":{""high_action"":""split"",""order_decision"":""only_cost""},""phase"":""high""},{""action"":{""candidate_id"":4,""schedule_alpha"":0.5},""phase"":""select""},{""action"":{""search_k"":1,""search_strategy"":""default""},""phase"":""search""},{""action"":{""execution_action"":""none"",""lip_action"":""none""},""phase"":""low""},{""action"":{""high_action"":""split"",""order_decision"":""only_cost""},""phase"":""high""},{""action"":{""candidate_id"":1,""schedule_alpha"":0.5},""phase"":""select""},{""action"":{""search_k"":1,""search_strategy"":""default""},""phase"":""search""},{""action"":{""execution_action"":""conservative"",""lip_action"":""selective""},""phase"":""low""},{""action"":{""high_action"":""split"",""order_decision"":""only_cost""},""phase"":""high""},{""action"":{""candidate_id"":2,""schedule_alpha"":0.5},""phase"":""select""},{""action"":{""search_k"":1,""search_strategy"":""default""},""phase"":""search""},{""action"":{""execution_action"":""none"",""lip_action"":""none""},""phase"":""low""},{""action"":{""high_action"":""split"",""order_decision"":""only_cost""},""phase"":""high""},{""action"":{""candidate_id"":1,""schedule_alpha"":0.5},""phase"":""select""},{""action"":{""search_k"":1,""search_strategy"":""default""},""phase"":""search""},{""action"":{""execution_action"":""none"",""lip_action"":""none""},""phase"":""low""},{""action"":{""high_action"":""stop"",""order_decision"":""only_cost""},""phase"":""high""},{""action"":{""search_k"":1,""search_strategy"":""default""},""phase"":""search""},{""action"":{""execution_action"":""none"",""lip_action"":""none""},""phase"":""low""}]"
JOB,random,c,./workloads/query_job/31b.sql,fixed_0_5,0.5,855.623781681061,270.752000000000,537.854380905628,ok,1,17bebc2b6a6ef3426f94300ca4385edad88ebd34fac62fd56a0fc58c24e5b98e,1,11e154b81196595c9f6586af705e2a15a4467a7ea65eb6fc4c6953fad900ea03,942bbf6a4bc8460791e267b26a1ca6d4b6b0b72524f0db793a16352e5d2fc5e7,./results/models/job/random/c/best.pt,"[{""action"":{""high_action"":""split"",""order_decision"":""only_cost""},""phase"":""high""},{""action"":{""candidate_id"":4,""schedule_alpha"":0.5},""phase"":""select""},{""action"":{""search_k"":1,""search_strategy"":""default""},""phase"":""search""},{""action"":{""execution_action"":""none"",""lip_action"":""none""},""phase"":""low""},{""action"":{""high_action"":""split"",""order_decision"":""only_cost""},""phase"":""high""},{""action"":{""candidate_id"":3,""schedule_alpha"":0.5},""phase"":""select""},{""action"":{""search_k"":1,""search_strategy"":""default""},""phase"":""search""},{""action"":{""execution_action"":""none"",""lip_action"":""none""},""phase"":""low""},{""action"":{""high_action"":""split"",""order_decision"":""only_cost""},""phase"":""high""},{""action"":{""candidate_id"":1,""schedule_alpha"":0.5},""phase"":""select""},{""action"":{""search_k"":1,""search_strategy"":""default""},""phase"":""search""},{""action"":{""execution_action"":""none"",""lip_action"":""none""},""phase"":""low""},{""action"":{""high_action"":""split"",""order_decision"":""only_cost""},""phase"":""high""},{""action"":{""candidate_id"":1,""schedule_alpha"":0.5},""phase"":""select""},{""action"":{""search_k"":1,""search_strategy"":""default""},""phase"":""search""},{""action"":{""execution_action"":""none"",""lip_action"":""none""},""phase"":""low""},{""action"":{""high_action"":""stop"",""order_decision"":""only_cost""},""phase"":""high""},{""action"":{""search_k"":1,""search_strategy"":""default""},""phase"":""search""},{""action"":{""execution_action"":""none"",""lip_action"":""none""},""phase"":""low""}]"
JOB,random,c,./workloads/query_job/32b.sql,fixed_0_5,0.5,502.774856984615,37.281000000000,173.895455896854,ok,1,136f26a2ebb961337e13a1b2c25ce51ab44ee67277b807b22bcb2f94ab99343c,1,9e0161e89dca75570b644a4ebf463b97d80361e29a4f2263d045bea5d1e34866,13ba2c5569607b1e77ed26861bf3e3870f3a749823aca4c2318a355ef2141c61,./results/models/job/random/c/best.pt,"[{""action"":{""high_action"":""split"",""order_decision"":""only_cost""},""phase"":""high""},{""action"":{""candidate_id"":0,""schedule_alpha"":0.5},""phase"":""select""},{""action"":{""search_k"":1,""search_strategy"":""default""},""phase"":""search""},{""action"":{""execution_action"":""none"",""lip_action"":""none""},""phase"":""low""},{""action"":{""high_action"":""stop"",""order_decision"":""only_cost""},""phase"":""high""},{""action"":{""search_k"":1,""search_strategy"":""default""},""phase"":""search""},{""action"":{""execution_action"":""conservative"",""lip_action"":""selective""},""phase"":""low""}]"
JOB,random,c,./workloads/query_job/33c.sql,fixed_0_5,0.5,670.634925365448,108.469000000000,234.908789396286,ok,1,68464506f3c0aa8fd4c37209daa0d0c9c8f54c57dca6a9b2860add78f906185b,1,777c6e9019cd9a5e756d6d9283a31fae57af6c4e7a0e99ab0fc7dccf72082f7b,11b20db1443aa4f1bf306c9a08b8e9b60a0232cc513a8fd9fdd5d53c7d972dc5,./results/models/job/random/c/best.pt,"[{""action"":{""high_action"":""split"",""order_decision"":""only_cost""},""phase"":""high""},{""action"":{""candidate_id"":3,""schedule_alpha"":0.5},""phase"":""select""},{""action"":{""search_k"":1,""search_strategy"":""default""},""phase"":""search""},{""action"":{""execution_action"":""none"",""lip_action"":""none""},""phase"":""low""},{""action"":{""high_action"":""split"",""order_decision"":""only_cost""},""phase"":""high""},{""action"":{""candidate_id"":0,""schedule_alpha"":0.5},""phase"":""select""},{""action"":{""search_k"":1,""search_strategy"":""default""},""phase"":""search""},{""action"":{""execution_action"":""conservative"",""lip_action"":""selective""},""phase"":""low""},{""action"":{""high_action"":""split"",""order_decision"":""only_cost""},""phase"":""high""},{""action"":{""candidate_id"":3,""schedule_alpha"":0.5},""phase"":""select""},{""action"":{""search_k"":1,""search_strategy"":""default""},""phase"":""search""},{""action"":{""execution_action"":""none"",""lip_action"":""none""},""phase"":""low""},{""action"":{""high_action"":""split"",""order_decision"":""only_cost""},""phase"":""high""},{""action"":{""candidate_id"":0,""schedule_alpha"":0.5},""phase"":""select""},{""action"":{""search_k"":1,""search_strategy"":""default""},""phase"":""search""},{""action"":{""execution_action"":""conservative"",""lip_action"":""selective""},""phase"":""low""},{""action"":{""high_action"":""split"",""order_decision"":""only_cost""},""phase"":""high""},{""action"":{""candidate_id"":2,""schedule_alpha"":0.5},""phase"":""select""},{""action"":{""search_k"":1,""search_strategy"":""default""},""phase"":""search""},{""action"":{""execution_action"":""none"",""lip_action"":""none""},""phase"":""low""},{""action"":{""high_action"":""split"",""order_decision"":""only_cost""},""phase"":""high""},{""action"":{""candidate_id"":0,""schedule_alpha"":0.5},""phase"":""select""},{""action"":{""search_k"":1,""search_strategy"":""default""},""phase"":""search""},{""action"":{""execution_action"":""none"",""lip_action"":""none""},""phase"":""low""},{""action"":{""high_action"":""stop"",""order_decision"":""only_cost""},""phase"":""high""},{""action"":{""search_k"":1,""search_strategy"":""default""},""phase"":""search""},{""action"":{""execution_action"":""none"",""lip_action"":""none""},""phase"":""low""}]"
JOB,random,c,./workloads/query_job/5a.sql,fixed_0_5,0.5,354.243405163288,77.623000000000,229.351252317429,ok,1,4f78f1a55542d807d5eaabd4ee2244ee9ba0258958f7de1c1ef4598cd5b46ab1,1,52dbfa82b51632d0afaea3008e5bf81143b5f266778029af739022a4a49f9fd0,853de6f68bc3cfd0a25809bee68edb558e7b75905d3559410ff673ce25f8f759,./results/models/job/random/c/best.pt,"[{""action"":{""high_action"":""split"",""order_decision"":""only_cost""},""phase"":""high""},{""action"":{""candidate_id"":0,""schedule_alpha"":0.5},""phase"":""select""},{""action"":{""search_k"":1,""search_strategy"":""default""},""phase"":""search""},{""action"":{""execution_action"":""none"",""lip_action"":""none""},""phase"":""low""},{""action"":{""high_action"":""stop"",""order_decision"":""only_cost""},""phase"":""high""},{""action"":{""search_k"":1,""search_strategy"":""default""},""phase"":""search""},{""action"":{""execution_action"":""none"",""lip_action"":""none""},""phase"":""low""}]"
JOB,random,c,./workloads/query_job/6d.sql,fixed_0_5,0.5,1203.599609434605,118.076000000000,23747.168585658073,ok,1,bf8229c3af721fca42ad64803e348b47d39c54dfd46fcbc5d2ef84cd56b31b17,1,e3eb1dc9750b44b2a66842b0352130234def7218ac43f2e5979e12eeed9c72e5,fae0129ba5edbf3d4e8c51d1f8fc4be554d37c7bf7cea809fcf1cab30e65865f,./results/models/job/random/c/best.pt,"[{""action"":{""high_action"":""split"",""order_decision"":""only_cost""},""phase"":""high""},{""action"":{""candidate_id"":1,""schedule_alpha"":0.5},""phase"":""select""},{""action"":{""search_k"":1,""search_strategy"":""default""},""phase"":""search""},{""action"":{""execution_action"":""none"",""lip_action"":""none""},""phase"":""low""},{""action"":{""high_action"":""stop"",""order_decision"":""only_cost""},""phase"":""high""},{""action"":{""search_k"":1,""search_strategy"":""default""},""phase"":""search""},{""action"":{""execution_action"":""conservative"",""lip_action"":""selective""},""phase"":""low""}]"
JOB,random,c,./workloads/query_job/6e.sql,fixed_0_5,0.5,150.249570608139,75.645000000000,36.193035542965,ok,1,2e45680981dcedf844899f966540a92734a6200fc0d8bd8a547ceba0d0cf631f,1,ca34e6fc9f6dc5ff6c01c27b9604adc6300edc81f6dab3252e53f7d836f6c1f7,529257d3305b7fabb901d883841f36bd3a93fe5bc9f635970caf59b41661363a,./results/models/job/random/c/best.pt,"[{""action"":{""high_action"":""split"",""order_decision"":""only_cost""},""phase"":""high""},{""action"":{""candidate_id"":1,""schedule_alpha"":0.5},""phase"":""select""},{""action"":{""search_k"":1,""search_strategy"":""default""},""phase"":""search""},{""action"":{""execution_action"":""none"",""lip_action"":""none""},""phase"":""low""},{""action"":{""high_action"":""stop"",""order_decision"":""only_cost""},""phase"":""high""},{""action"":{""search_k"":1,""search_strategy"":""default""},""phase"":""search""},{""action"":{""execution_action"":""none"",""lip_action"":""none""},""phase"":""low""}]"
JOB,random,c,./workloads/query_job/7a.sql,fixed_0_5,0.5,335.975743830204,59.686000000000,2774.266779422760,ok,1,4c15deaf8c868c357c511a9b1b16153f35d0a6d69bf0cb9d733dd8855dca6cb3,1,ba77f29a80063f1f49ae553e844d5862a97199b3d3d5f9368ac4a5bcc0baa3d6,06fadabaa75bcf122ee151fd33e33a414947cd4600a58392f40905099d787b80,./results/models/job/random/c/best.pt,"[{""action"":{""high_action"":""split"",""order_decision"":""only_cost""},""phase"":""high""},{""action"":{""candidate_id"":3,""schedule_alpha"":0.5},""phase"":""select""},{""action"":{""search_k"":1,""search_strategy"":""default""},""phase"":""search""},{""action"":{""execution_action"":""none"",""lip_action"":""none""},""phase"":""low""},{""action"":{""high_action"":""split"",""order_decision"":""only_cost""},""phase"":""high""},{""action"":{""candidate_id"":0,""schedule_alpha"":0.5},""phase"":""select""},{""action"":{""search_k"":1,""search_strategy"":""default""},""phase"":""search""},{""action"":{""execution_action"":""none"",""lip_action"":""none""},""phase"":""low""},{""action"":{""high_action"":""split"",""order_decision"":""only_cost""},""phase"":""high""},{""action"":{""candidate_id"":1,""schedule_alpha"":0.5},""phase"":""select""},{""action"":{""search_k"":1,""search_strategy"":""default""},""phase"":""search""},{""action"":{""execution_action"":""none"",""lip_action"":""none""},""phase"":""low""},{""action"":{""high_action"":""stop"",""order_decision"":""only_cost""},""phase"":""high""},{""action"":{""search_k"":1,""search_strategy"":""default""},""phase"":""search""},{""action"":{""execution_action"":""conservative"",""lip_action"":""selective""},""phase"":""low""}]"
JOB,random,c,./workloads/query_job/8d.sql,fixed_0_5,0.5,5230.511106550694,70.189000000000,2412.313476204872,ok,1,42e9d5875e298e1e96988f68f4ea5385d847af85ed0e315fb1c559c113c45301,1,d75e8430f6364d7661b2dd52087975bce4d91380c56111358f3c9d3692f3dc16,a1f1734fdbecab5697c827fd21f452398572911aadc7d32a3108d4e0dcc7e96c,./results/models/job/random/c/best.pt,"[{""action"":{""high_action"":""split"",""order_decision"":""only_cost""},""phase"":""high""},{""action"":{""candidate_id"":2,""schedule_alpha"":0.5},""phase"":""select""},{""action"":{""search_k"":1,""search_strategy"":""default""},""phase"":""search""},{""action"":{""execution_action"":""conservative"",""lip_action"":""selective""},""phase"":""low""},{""action"":{""high_action"":""split"",""order_decision"":""only_cost""},""phase"":""high""},{""action"":{""candidate_id"":0,""schedule_alpha"":0.5},""phase"":""select""},{""action"":{""search_k"":1,""search_strategy"":""default""},""phase"":""search""},{""action"":{""execution_action"":""conservative"",""lip_action"":""selective""},""phase"":""low""},{""action"":{""high_action"":""stop"",""order_decision"":""only_cost""},""phase"":""high""},{""action"":{""search_k"":1,""search_strategy"":""default""},""phase"":""search""},{""action"":{""execution_action"":""conservative"",""lip_action"":""selective""},""phase"":""low""}]"
JOB,random,c,./workloads/query_job/9c.sql,fixed_0_5,0.5,2280.582569539547,82.428000000000,2788.395129144192,ok,1,557da082f2ed4caf79da00c7414e7dd21a43ea04df959539305598466791daec,1,675d29193ccba9b272afb2c92e52d28cb1e04e7e6a36afc6f7529d106a738e21,3fb4221c29056cab5708cb1a87142587a4b3f7a91bff8701703314bd66b8821e,./results/models/job/random/c/best.pt,"[{""action"":{""high_action"":""split"",""order_decision"":""only_cost""},""phase"":""high""},{""action"":{""candidate_id"":1,""schedule_alpha"":0.5},""phase"":""select""},{""action"":{""search_k"":1,""search_strategy"":""default""},""phase"":""search""},{""action"":{""execution_action"":""none"",""lip_action"":""none""},""phase"":""low""},{""action"":{""high_action"":""split"",""order_decision"":""only_cost""},""phase"":""high""},{""action"":{""candidate_id"":0,""schedule_alpha"":0.5},""phase"":""select""},{""action"":{""search_k"":1,""search_strategy"":""default""},""phase"":""search""},{""action"":{""execution_action"":""none"",""lip_action"":""none""},""phase"":""low""},{""action"":{""high_action"":""stop"",""order_decision"":""only_cost""},""phase"":""high""},{""action"":{""search_k"":1,""search_strategy"":""default""},""phase"":""search""},{""action"":{""execution_action"":""conservative"",""lip_action"":""selective""},""phase"":""low""}]"
JOB,random,a,./workloads/query_job/10c.sql,fixed_1,1.0,7338.754929602146,46.871000000000,9237.700425088406,ok,1,73b0bf53e0d911a07eeb82a77e0c4d8e572b4a66464eabd6ab74eddeab66e4b6,1,5275764f2401195e6a544e22d0840536a2b4d9dbc51295d150077f21d0be35f0,7be0ed4c0418942f410676f64fb624dbfd313a5ca9b19dcc7240b853e5df589a,./results/models/job/random/a/best.pt,"[{""action"":{""high_action"":""stop"",""order_decision"":""only_cost""},""phase"":""high""},{""action"":{""search_k"":1,""search_strategy"":""default""},""phase"":""search""},{""action"":{""execution_action"":""conservative"",""lip_action"":""selective""},""phase"":""low""}]"
JOB,random,a,./workloads/query_job/11d.sql,fixed_1,1.0,230.543747544289,75.763000000000,138.537377119064,ok,1,de7342ed1d49ddb4af769ed803430202f4e99db6d34267ee2b58c1cbcee1f279,1,5ac4cb4ae75270882624867ac1cf2695549de7e5303c0679198919ca3f7c04ec,d5a4653df31810ede5fe552e8e52da489eb78d0b5f1d94cbc80c4ba03a3e09cf,./results/models/job/random/a/best.pt,"[{""action"":{""high_action"":""stop"",""order_decision"":""only_cost""},""phase"":""high""},{""action"":{""search_k"":1,""search_strategy"":""default""},""phase"":""search""},{""action"":{""execution_action"":""none"",""lip_action"":""none""},""phase"":""low""}]"
JOB,random,a,./workloads/query_job/13a.sql,fixed_1,1.0,2518.219463527203,16.506000000000,4301.647722721100,ok,1,5ee98befd3d641c6753778abf08e4c9202a00380903807997963bc6fbf2344d1,1,41b19fc481696c7748cd5c7c2871b079064f5afe898caaefc11de0c05c1a1df6,9240fac0a0e0c8a9e03c9e9f8a1daa05d4dba5f8a4d3641f869ad5579ff529a5,./results/models/job/random/a/best.pt,"[{""action"":{""high_action"":""stop"",""order_decision"":""only_cost""},""phase"":""high""},{""action"":{""search_k"":1,""search_strategy"":""default""},""phase"":""search""},{""action"":{""execution_action"":""conservative"",""lip_action"":""selective""},""phase"":""low""}]"
JOB,random,a,./workloads/query_job/13b.sql,fixed_1,1.0,1214.693494141102,90.474000000000,1089.247480034828,ok,1,3d96d4044fccab21095254c6b5ee60e7d430f8e3a04d0eb12bc3df93c0a121c3,1,bd5575bc2586996551abcbbe6aa53f734f17dc24991a03f35dc44a5309955189,4554399e8ce618524f4fcff267e6e5b20ae1cfa35fb8f6f917ccbd30c3d5588a,./results/models/job/random/a/best.pt,"[{""action"":{""high_action"":""stop"",""order_decision"":""only_cost""},""phase"":""high""},{""action"":{""search_k"":1,""search_strategy"":""default""},""phase"":""search""},{""action"":{""execution_action"":""none"",""lip_action"":""none""},""phase"":""low""}]"
JOB,random,a,./workloads/query_job/13d.sql,fixed_1,1.0,4458.047494292259,53.782000000000,5162.559963762760,ok,1,23a870573284058686cb251c6ba164baa8ae4f5ef07cfb8c562be705ab7dee88,1,3a1396031b44384677afb9d25db64eeb442401fb0a52c11ac82d4fd155436e92,20f7e545ede9a395cb9c94d320bfc957b88cbc78a7a41816b93f9131bca95c1d,./results/models/job/random/a/best.pt,"[{""action"":{""high_action"":""stop"",""order_decision"":""only_cost""},""phase"":""high""},{""action"":{""search_k"":1,""search_strategy"":""default""},""phase"":""search""},{""action"":{""execution_action"":""conservative"",""lip_action"":""selective""},""phase"":""low""}]"
JOB,random,a,./workloads/query_job/15c.sql,fixed_1,1.0,801.194056868553,83.216000000000,986.266545951366,ok,1,089e136e8a705182e20d1d2d2df976cada5b59fa92a88f7c18af99db6fa72368,1,6a5059fef85836b2aee4039639564405d3cd364491998d2e9502edc8a161f84d,2ec908c854406737ed6f5213d668c7fc55664f26a149b1e9ab5e9191fc96ad50,./results/models/job/random/a/best.pt,"[{""action"":{""high_action"":""stop"",""order_decision"":""only_cost""},""phase"":""high""},{""action"":{""search_k"":1,""search_strategy"":""default""},""phase"":""search""},{""action"":{""execution_action"":""none"",""lip_action"":""none""},""phase"":""low""}]"
JOB,random,a,./workloads/query_job/17d.sql,fixed_1,1.0,4509.220421314240,76.497000000000,7518.435984849930,ok,0,9a519542553c082aa22cad711ded801827b50f2fc8a7b5078563cb2b04a7428e,1,6fc911d8d6139e4faaba458b907ee0d806d46f620067f1414f2d91b5f35c4cac,46594f71039f936823669a272ef1889d2f1ca000afd92253da5c825b29bc1cfb,./results/models/job/random/a/best.pt,"[{""action"":{""high_action"":""split"",""order_decision"":""only_cost""},""phase"":""high""},{""action"":{""candidate_id"":2,""schedule_alpha"":1.0},""phase"":""select""},{""action"":{""search_k"":1,""search_strategy"":""default""},""phase"":""search""},{""action"":{""execution_action"":""none"",""lip_action"":""none""},""phase"":""low""},{""action"":{""high_action"":""split"",""order_decision"":""only_cost""},""phase"":""high""},{""action"":{""candidate_id"":1,""schedule_alpha"":1.0},""phase"":""select""},{""action"":{""search_k"":1,""search_strategy"":""default""},""phase"":""search""},{""action"":{""execution_action"":""none"",""lip_action"":""none""},""phase"":""low""},{""action"":{""high_action"":""stop"",""order_decision"":""only_cost""},""phase"":""high""},{""action"":{""search_k"":1,""search_strategy"":""default""},""phase"":""search""},{""action"":{""execution_action"":""conservative"",""lip_action"":""selective""},""phase"":""low""}]"
JOB,random,a,./workloads/query_job/18b.sql,fixed_1,1.0,775.514788925648,63.950000000000,399.334855377674,ok,0,6635682ea66176cb4b122c8c01b41b06001993191e9889f440da443126fcee38,1,8b6971bf16e75b724f0c06dab29b834697aa66da04d2025cf29ffe783d4a7ca5,212bfa2f728f1cf7391914dc30eb2933b17ce5ae7664a95d0118ce4b8004a74b,./results/models/job/random/a/best.pt,"[{""action"":{""high_action"":""split"",""order_decision"":""only_cost""},""phase"":""high""},{""action"":{""candidate_id"":2,""schedule_alpha"":1.0},""phase"":""select""},{""action"":{""search_k"":1,""search_strategy"":""default""},""phase"":""search""},{""action"":{""execution_action"":""none"",""lip_action"":""none""},""phase"":""low""},{""action"":{""high_action"":""split"",""order_decision"":""only_cost""},""phase"":""high""},{""action"":{""candidate_id"":1,""schedule_alpha"":1.0},""phase"":""select""},{""action"":{""search_k"":1,""search_strategy"":""default""},""phase"":""search""},{""action"":{""execution_action"":""none"",""lip_action"":""none""},""phase"":""low""},{""action"":{""high_action"":""stop"",""order_decision"":""only_cost""},""phase"":""high""},{""action"":{""search_k"":1,""search_strategy"":""default""},""phase"":""search""},{""action"":{""execution_action"":""none"",""lip_action"":""none""},""phase"":""low""}]"
JOB,random,a,./workloads/query_job/18c.sql,fixed_1,1.0,8266.417697072029,71.347000000000,9879.471488296986,ok,0,542307488c7a1ab1b7cc860d07b9bcba2943079fcc1b17924c4d69c8285fa274,1,219b6609e8245f862cd254b4be0622f851bc884792626f57fadf0a8219d7268c,1958b7b091fdca4bd2389d62100fc43a5f75a909c06e4efd5543d4af555418fe,./results/models/job/random/a/best.pt,"[{""action"":{""high_action"":""split"",""order_decision"":""only_cost""},""phase"":""high""},{""action"":{""candidate_id"":2,""schedule_alpha"":1.0},""phase"":""select""},{""action"":{""search_k"":1,""search_strategy"":""default""},""phase"":""search""},{""action"":{""execution_action"":""none"",""lip_action"":""none""},""phase"":""low""},{""action"":{""high_action"":""split"",""order_decision"":""only_cost""},""phase"":""high""},{""action"":{""candidate_id"":1,""schedule_alpha"":1.0},""phase"":""select""},{""action"":{""search_k"":1,""search_strategy"":""default""},""phase"":""search""},{""action"":{""execution_action"":""none"",""lip_action"":""none""},""phase"":""low""},{""action"":{""high_action"":""stop"",""order_decision"":""only_cost""},""phase"":""high""},{""action"":{""search_k"":1,""search_strategy"":""default""},""phase"":""search""},{""action"":{""execution_action"":""conservative"",""lip_action"":""selective""},""phase"":""low""}]"
JOB,random,a,./workloads/query_job/19b.sql,fixed_1,1.0,613.825887441635,74.049000000000,511.048525571823,ok,1,91275ea0a7bef7c58863c590bb17df5976280a00d3553ff0ccfd2fc85a34dfb6,1,c487f37a3c6d0b8e1c01b8618bb317bca68f06cda35b66651846cb58606cfefc,7d9cbef0e835991ac8b2ac7aeca6abefeb45dd44303cf41ce96996a812ed59ee,./results/models/job/random/a/best.pt,"[{""action"":{""high_action"":""stop"",""order_decision"":""only_cost""},""phase"":""high""},{""action"":{""search_k"":1,""search_strategy"":""default""},""phase"":""search""},{""action"":{""execution_action"":""none"",""lip_action"":""none""},""phase"":""low""}]"
JOB,random,a,./workloads/query_job/19c.sql,fixed_1,1.0,3212.834931910038,40.048000000000,1972.019322216511,ok,1,5bb686926c7ac803228b08a35834a98c97bfac4d34377d9f0e0143ed1c846478,1,d0acd4d6cfe137c21a2554bcdefbf07e4cda9b9ea04ef9be255084694ec38da7,c491224415be12a649a68d992efcb80991ac4fa3ed6aa679fd2bcc92f961c0fc,./results/models/job/random/a/best.pt,"[{""action"":{""high_action"":""split"",""order_decision"":""only_cost""},""phase"":""high""},{""action"":{""candidate_id"":0,""schedule_alpha"":1.0},""phase"":""select""},{""action"":{""search_k"":1,""search_strategy"":""default""},""phase"":""search""},{""action"":{""execution_action"":""none"",""lip_action"":""none""},""phase"":""low""},{""action"":{""high_action"":""stop"",""order_decision"":""only_cost""},""phase"":""high""},{""action"":{""search_k"":1,""search_strategy"":""default""},""phase"":""search""},{""action"":{""execution_action"":""conservative"",""lip_action"":""selective""},""phase"":""low""}]"
JOB,random,a,./workloads/query_job/1a.sql,fixed_1,1.0,94.836473464966,40.285000000000,125.739857554436,ok,1,4509535bf8626cc136208e1b88afc7aa478160ccf6b340e66765b9bcf2288a38,1,1c839f0a1247f8e470bd458c0dd324f6595b8129d2e73f9a3beb0fbad274ffdc,deddc01784861663d77d45eedc92ed8d235d1bb7504213c41bb9977194fe66c2,./results/models/job/random/a/best.pt,"[{""action"":{""high_action"":""stop"",""order_decision"":""only_cost""},""phase"":""high""},{""action"":{""search_k"":1,""search_strategy"":""default""},""phase"":""search""},{""action"":{""execution_action"":""conservative"",""lip_action"":""selective""},""phase"":""low""}]"
JOB,random,a,./workloads/query_job/20a.sql,fixed_1,1.0,2846.469499170780,242.094000000000,4446.739353239536,ok,0,b9480e419c0d039ed6aaa9978ef27229df665cc5a98eb6295b1a8948ca1efa8c,1,b75b3e897169ae6aa8caf577bd67debacbabba85b04000d4fc3e13bd086d508d,132dc2dee8198af3f29c740325b527ceb4801df6ba930ec61825776d26f3702a,./results/models/job/random/a/best.pt,"[{""action"":{""high_action"":""split"",""order_decision"":""only_cost""},""phase"":""high""},{""action"":{""candidate_id"":2,""schedule_alpha"":1.0},""phase"":""select""},{""action"":{""search_k"":1,""search_strategy"":""default""},""phase"":""search""},{""action"":{""execution_action"":""none"",""lip_action"":""none""},""phase"":""low""},{""action"":{""high_action"":""split"",""order_decision"":""only_cost""},""phase"":""high""},{""action"":{""candidate_id"":2,""schedule_alpha"":1.0},""phase"":""select""},{""action"":{""search_k"":1,""search_strategy"":""default""},""phase"":""search""},{""action"":{""execution_action"":""none"",""lip_action"":""none""},""phase"":""low""},{""action"":{""high_action"":""split"",""order_decision"":""only_cost""},""phase"":""high""},{""action"":{""candidate_id"":0,""schedule_alpha"":1.0},""phase"":""select""},{""action"":{""search_k"":1,""search_strategy"":""default""},""phase"":""search""},{""action"":{""execution_action"":""none"",""lip_action"":""none""},""phase"":""low""},{""action"":{""high_action"":""stop"",""order_decision"":""only_cost""},""phase"":""high""},{""action"":{""search_k"":1,""search_strategy"":""default""},""phase"":""search""},{""action"":{""execution_action"":""none"",""lip_action"":""none""},""phase"":""low""}]"
JOB,random,a,./workloads/query_job/22a.sql,fixed_1,1.0,629.684254527092,73.611000000000,534.385412931442,ok,1,6bee5e8659b220bbe1e6582e8e5bea8f9a97ac298b4a7f5246846c1413c5c2c3,1,fbb968bba775747b3e0b54643e893649e8f41c9257a3cb564710493d403099a8,e07ec0fe5b9bba5e9c63036cf67af2e60c8b26c77279db2bc573dd018d6f84e1,./results/models/job/random/a/best.pt,"[{""action"":{""high_action"":""stop"",""order_decision"":""only_cost""},""phase"":""high""},{""action"":{""search_k"":1,""search_strategy"":""default""},""phase"":""search""},{""action"":{""execution_action"":""none"",""lip_action"":""none""},""phase"":""low""}]"
JOB,random,a,./workloads/query_job/22c.sql,fixed_1,1.0,2035.862550139427,89.258000000000,2017.125643789768,ok,1,18e529eeadd28daacd2cb90fcff55d8be4573ecfaaf76cd6e1ddb1dd25ff265c,1,67c91aa92958941bff045a8d2c4da0c344edb17394eb3af91b4b543afeea2e0f,81bf82442f10392e66644157f98c9c5e731eac0bb552484e907c5840d0eacc99,./results/models/job/random/a/best.pt,"[{""action"":{""high_action"":""stop"",""order_decision"":""only_cost""},""phase"":""high""},{""action"":{""search_k"":1,""search_strategy"":""default""},""phase"":""search""},{""action"":{""execution_action"":""none"",""lip_action"":""none""},""phase"":""low""}]"
JOB,random,a,./workloads/query_job/22d.sql,fixed_1,1.0,1059.323564171791,79.043000000000,940.366297960281,ok,1,5469e96c680a925a1c749d9befcbc02caea70a0c986dfa8291bc858fe10392ac,1,e156dcd682c97edba243de758b0670fda555e09f3010da23cbe6a13911f7a843,034f5b395596a60dfa13fe2c3d7de2099201f7f3ccf6407b00c479fa29dd1221,./results/models/job/random/a/best.pt,"[{""action"":{""high_action"":""stop"",""order_decision"":""only_cost""},""phase"":""high""},{""action"":{""search_k"":1,""search_strategy"":""default""},""phase"":""search""},{""action"":{""execution_action"":""none"",""lip_action"":""none""},""phase"":""low""}]"
JOB,random,a,./workloads/query_job/23b.sql,fixed_1,1.0,209.684148430824,80.585000000000,124.304994940758,ok,1,f3a7f99f72b0caf860606e57aed9dc89d96aec3d96e1b92fd2104119ba77b59b,1,7d91588d90cf3f62d17ad7f50a9c93ff5a3e6af79c5483981cf7f8e143d2cf49,2e3ac61a4c3492025e775a219d2615ea5260a4d71f54601c108f1bfc62e3175c,./results/models/job/random/a/best.pt,"[{""action"":{""high_action"":""stop"",""order_decision"":""only_cost""},""phase"":""high""},{""action"":{""search_k"":1,""search_strategy"":""default""},""phase"":""search""},{""action"":{""execution_action"":""none"",""lip_action"":""none""},""phase"":""low""}]"
JOB,random,a,./workloads/query_job/26b.sql,fixed_1,1.0,594.021506607533,288.445000000000,253.062307834625,ok,0,52c5df37c8602881f0acfe405e5a4f38ddcec08893afde614bdc4c3ed35bf58f,1,cf4a1d5bc7182dcc863820434c421391a6c132c056f33ccfa7d70c136840d6e2,b28c806499ac4651087ba76e85932b1809cb977677ca5e0433e643bdfab9b24f,./results/models/job/random/a/best.pt,"[{""action"":{""high_action"":""split"",""order_decision"":""only_cost""},""phase"":""high""},{""action"":{""candidate_id"":3,""schedule_alpha"":1.0},""phase"":""select""},{""action"":{""search_k"":1,""search_strategy"":""default""},""phase"":""search""},{""action"":{""execution_action"":""none"",""lip_action"":""none""},""phase"":""low""},{""action"":{""high_action"":""split"",""order_decision"":""only_cost""},""phase"":""high""},{""action"":{""candidate_id"":2,""schedule_alpha"":1.0},""phase"":""select""},{""action"":{""search_k"":1,""search_strategy"":""default""},""phase"":""search""},{""action"":{""execution_action"":""none"",""lip_action"":""none""},""phase"":""low""},{""action"":{""high_action"":""split"",""order_decision"":""only_cost""},""phase"":""high""},{""action"":{""candidate_id"":0,""schedule_alpha"":1.0},""phase"":""select""},{""action"":{""search_k"":1,""search_strategy"":""default""},""phase"":""search""},{""action"":{""execution_action"":""none"",""lip_action"":""none""},""phase"":""low""},{""action"":{""high_action"":""split"",""order_decision"":""only_cost""},""phase"":""high""},{""action"":{""candidate_id"":1,""schedule_alpha"":1.0},""phase"":""select""},{""action"":{""search_k"":1,""search_strategy"":""default""},""phase"":""search""},{""action"":{""execution_action"":""none"",""lip_action"":""none""},""phase"":""low""},{""action"":{""high_action"":""stop"",""order_decision"":""only_cost""},""phase"":""high""},{""action"":{""search_k"":1,""search_strategy"":""default""},""phase"":""search""},{""action"":{""execution_action"":""none"",""lip_action"":""none""},""phase"":""low""}]"
JOB,random,a,./workloads/query_job/28c.sql,fixed_1,1.0,1462.902680039406,93.876000000000,1357.850536704063,ok,1,991e8b67081098ca2488bedc79afe1881f2df52affbd0cf95312f4fb04855bd7,1,44786839196803076f694a42ea77fe7dbf087e6d129705b727260222ad0640b9,6e0e9e34366290554801d0f64aed71fbaf36f532c2078ebf64704f208727138d,./results/models/job/random/a/best.pt,"[{""action"":{""high_action"":""stop"",""order_decision"":""only_cost""},""phase"":""high""},{""action"":{""search_k"":1,""search_strategy"":""default""},""phase"":""search""},{""action"":{""execution_action"":""none"",""lip_action"":""none""},""phase"":""low""}]"
JOB,random,a,./workloads/query_job/2a.sql,fixed_1,1.0,721.579730510712,60.570000000000,2242.476612329483,ok,1,fc90f3c2c15c5abce95811297c6b9a8ee98e4e03347ce9e79c8ce8e6b57b03a0,1,0995feb2bcd3f7f0309e5327fcc700850effde3e159b0c7405c2a29e9f46ba89,398c0ef785bfd21c05bc6e7a8542f94d8a4d991a6823510e5d9a1f92176a4728,./results/models/job/random/a/best.pt,"[{""action"":{""high_action"":""stop"",""order_decision"":""only_cost""},""phase"":""high""},{""action"":{""search_k"":1,""search_strategy"":""default""},""phase"":""search""},{""action"":{""execution_action"":""none"",""lip_action"":""none""},""phase"":""low""}]"
JOB,random,a,./workloads/query_job/30b.sql,fixed_1,1.0,928.804658353329,284.467000000000,575.853057205677,ok,0,9debd188f6a0b8138ba60e6d549daaba2133a2011cbd29d42025eebe31205230,1,e11b805635dfc18e67067d1e488815c9f40a2542fcfc971b1467ce4a8f3e2d97,82379e4c938938060c578171d9f7bc262e805aa4369c039533cdcf85b9991a1b,./results/models/job/random/a/best.pt,"[{""action"":{""high_action"":""split"",""order_decision"":""only_cost""},""phase"":""high""},{""action"":{""candidate_id"":4,""schedule_alpha"":1.0},""phase"":""select""},{""action"":{""search_k"":1,""search_strategy"":""default""},""phase"":""search""},{""action"":{""execution_action"":""none"",""lip_action"":""none""},""phase"":""low""},{""action"":{""high_action"":""split"",""order_decision"":""only_cost""},""phase"":""high""},{""action"":{""candidate_id"":3,""schedule_alpha"":1.0},""phase"":""select""},{""action"":{""search_k"":1,""search_strategy"":""default""},""phase"":""search""},{""action"":{""execution_action"":""none"",""lip_action"":""none""},""phase"":""low""},{""action"":{""high_action"":""split"",""order_decision"":""only_cost""},""phase"":""high""},{""action"":{""candidate_id"":0,""schedule_alpha"":1.0},""phase"":""select""},{""action"":{""search_k"":1,""search_strategy"":""default""},""phase"":""search""},{""action"":{""execution_action"":""none"",""lip_action"":""none""},""phase"":""low""},{""action"":{""high_action"":""split"",""order_decision"":""only_cost""},""phase"":""high""},{""action"":{""candidate_id"":0,""schedule_alpha"":1.0},""phase"":""select""},{""action"":{""search_k"":1,""search_strategy"":""default""},""phase"":""search""},{""action"":{""execution_action"":""none"",""lip_action"":""none""},""phase"":""low""},{""action"":{""high_action"":""stop"",""order_decision"":""only_cost""},""phase"":""high""},{""action"":{""search_k"":1,""search_strategy"":""default""},""phase"":""search""},{""action"":{""execution_action"":""none"",""lip_action"":""none""},""phase"":""low""}]"
JOB,random,a,./workloads/query_job/30c.sql,fixed_1,1.0,2470.164626836777,264.520000000000,2905.365847051144,ok,0,9def3478d3162492b92bb76237115759aec29176d767191b8cd5def2da2391c9,1,558470b8491fd69998319c447229c6a13f554745c32b517a79d4cb370b581270,c961d6195493dbce9d79ac43db7aee763274ad89ddca5af3c65318008979f9b8,./results/models/job/random/a/best.pt,"[{""action"":{""high_action"":""split"",""order_decision"":""only_cost""},""phase"":""high""},{""action"":{""candidate_id"":4,""schedule_alpha"":1.0},""phase"":""select""},{""action"":{""search_k"":1,""search_strategy"":""default""},""phase"":""search""},{""action"":{""execution_action"":""none"",""lip_action"":""none""},""phase"":""low""},{""action"":{""high_action"":""split"",""order_decision"":""only_cost""},""phase"":""high""},{""action"":{""candidate_id"":0,""schedule_alpha"":1.0},""phase"":""select""},{""action"":{""search_k"":1,""search_strategy"":""default""},""phase"":""search""},{""action"":{""execution_action"":""none"",""lip_action"":""none""},""phase"":""low""},{""action"":{""high_action"":""split"",""order_decision"":""only_cost""},""phase"":""high""},{""action"":{""candidate_id"":2,""schedule_alpha"":1.0},""phase"":""select""},{""action"":{""search_k"":1,""search_strategy"":""default""},""phase"":""search""},{""action"":{""execution_action"":""none"",""lip_action"":""none""},""phase"":""low""},{""action"":{""high_action"":""split"",""order_decision"":""only_cost""},""phase"":""high""},{""action"":{""candidate_id"":1,""schedule_alpha"":1.0},""phase"":""select""},{""action"":{""search_k"":1,""search_strategy"":""default""},""phase"":""search""},{""action"":{""execution_action"":""none"",""lip_action"":""none""},""phase"":""low""},{""action"":{""high_action"":""stop"",""order_decision"":""only_cost""},""phase"":""high""},{""action"":{""search_k"":1,""search_strategy"":""default""},""phase"":""search""},{""action"":{""execution_action"":""none"",""lip_action"":""none""},""phase"":""low""}]"
JOB,random,a,./workloads/query_job/31c.sql,fixed_1,1.0,1227.880388498306,248.994000000000,8280.486769974232,ok,0,09c5cf7e96fa8a299de4f7088731cf8e370fa7af16a3438017bcf08c6d8905ae,1,31cb7c5fcf93adca2360fa3ba91e258611b894df042d17bcba78929e1f3fa36f,9439a8343aaea7f7171177e2d74725067c5fceb8fe4627c3a68c90ff9bf071a9,./results/models/job/random/a/best.pt,"[{""action"":{""high_action"":""split"",""order_decision"":""only_cost""},""phase"":""high""},{""action"":{""candidate_id"":4,""schedule_alpha"":1.0},""phase"":""select""},{""action"":{""search_k"":1,""search_strategy"":""default""},""phase"":""search""},{""action"":{""execution_action"":""none"",""lip_action"":""none""},""phase"":""low""},{""action"":{""high_action"":""split"",""order_decision"":""only_cost""},""phase"":""high""},{""action"":{""candidate_id"":1,""schedule_alpha"":1.0},""phase"":""select""},{""action"":{""search_k"":1,""search_strategy"":""default""},""phase"":""search""},{""action"":{""execution_action"":""none"",""lip_action"":""none""},""phase"":""low""},{""action"":{""high_action"":""split"",""order_decision"":""only_cost""},""phase"":""high""},{""action"":{""candidate_id"":2,""schedule_alpha"":1.0},""phase"":""select""},{""action"":{""search_k"":1,""search_strategy"":""default""},""phase"":""search""},{""action"":{""execution_action"":""none"",""lip_action"":""none""},""phase"":""low""},{""action"":{""high_action"":""split"",""order_decision"":""only_cost""},""phase"":""high""},{""action"":{""candidate_id"":0,""schedule_alpha"":1.0},""phase"":""select""},{""action"":{""search_k"":1,""search_strategy"":""default""},""phase"":""search""},{""action"":{""execution_action"":""none"",""lip_action"":""none""},""phase"":""low""},{""action"":{""high_action"":""stop"",""order_decision"":""only_cost""},""phase"":""high""},{""action"":{""search_k"":1,""search_strategy"":""default""},""phase"":""search""},{""action"":{""execution_action"":""none"",""lip_action"":""none""},""phase"":""low""}]"
JOB,random,a,./workloads/query_job/32a.sql,fixed_1,1.0,106.169357895851,61.572000000000,24.523176252842,ok,1,38cf683886cf6fdc55596ffbf14756cbedd54a4091ef744fb773fc7f37ce3139,1,8ad21930b0a8a23f5e33825167d833a61153d8cb7d5be09d4b81d3cd0617fb08,6521cf5a0b6f3b22a0ad0976142ceeb4f99e5a166efc1656f2af4246846945f6,./results/models/job/random/a/best.pt,"[{""action"":{""high_action"":""stop"",""order_decision"":""only_cost""},""phase"":""high""},{""action"":{""search_k"":1,""search_strategy"":""default""},""phase"":""search""},{""action"":{""execution_action"":""none"",""lip_action"":""none""},""phase"":""low""}]"
JOB,random,a,./workloads/query_job/33a.sql,fixed_1,1.0,1601.651534438135,141.746640205383,320.330306887627,timeout,1,,,6a38fb395b06f945854ef0423937019deed322f9f962b26950ed9c16f02e744d,fa594c1a4fdeab5f64d3b129587c0c0a4f712df879f10cbd6d27e8d77dd8eb52,./results/models/job/random/a/best.pt,"[{""action"":{""high_action"":""stop"",""order_decision"":""only_cost""},""phase"":""high""},{""action"":{""search_k"":1,""search_strategy"":""default""},""phase"":""search""},{""action"":{""execution_action"":""conservative"",""lip_action"":""selective""},""phase"":""low""}]"
JOB,random,a,./workloads/query_job/33b.sql,fixed_1,1.0,1542.342230677605,133.640445768833,308.468446135521,timeout,1,,,e14647709a68dddcaae13776734ffd6414f1e12c54e94e082601741ffb8e0629,b201c719d5a109414c888ae5bf745ad936fdb1dee0b4aa1d892016f619f72675,./results/models/job/random/a/best.pt,"[{""action"":{""high_action"":""stop"",""order_decision"":""only_cost""},""phase"":""high""},{""action"":{""search_k"":1,""search_strategy"":""default""},""phase"":""search""},{""action"":{""execution_action"":""conservative"",""lip_action"":""selective""},""phase"":""low""}]"
JOB,random,a,./workloads/query_job/3b.sql,fixed_1,1.0,209.415115416050,52.491000000000,109.037376940250,ok,1,f09c4919f4c92a95515be773a486d51c5e5ccd19e0f5087b7c0f0ab64cd137cf,1,ae4004cc7b799ac793b059f8e836f1f30e1c7aa97f606ea09a38a5bf3249c9b0,84d29a7505c100bf2b8246c9be5df5e592cf34845dd9f212ac76a18b80591379,./results/models/job/random/a/best.pt,"[{""action"":{""high_action"":""stop"",""order_decision"":""only_cost""},""phase"":""high""},{""action"":{""search_k"":1,""search_strategy"":""default""},""phase"":""search""},{""action"":{""execution_action"":""none"",""lip_action"":""none""},""phase"":""low""}]"
JOB,random,a,./workloads/query_job/3c.sql,fixed_1,1.0,434.940822422504,46.477000000000,1851.131595671177,ok,1,78dc828b7194ccb46ee35f89eb2f2152e11378ef17a14837d364bb6f73cc0769,1,53f67ff744c691ea1d11ad08bd66770e31b5d5aa38acafd34f0975631c915b0a,96e9d72d112021ea7a50ee4fa22fcb86c62c2674cad615984e03bcc5b27fb2a5,./results/models/job/random/a/best.pt,"[{""action"":{""high_action"":""stop"",""order_decision"":""only_cost""},""phase"":""high""},{""action"":{""search_k"":1,""search_strategy"":""default""},""phase"":""search""},{""action"":{""execution_action"":""none"",""lip_action"":""none""},""phase"":""low""}]"
JOB,random,a,./workloads/query_job/4a.sql,fixed_1,1.0,227.734640240669,61.976000000000,311.795756220818,ok,1,748155aaa114d016eb288dab57d2b91f8907ee5678c3789b9df355aec3a5f474,1,06bfce65a48f6ab1199c4a9bba913510f7b8a82566d50963a11f84c92b9f7a89,2f9a3e127c3ab3e6665cac74c39561a0b74685029816cdd480e956e204ddd92e,./results/models/job/random/a/best.pt,"[{""action"":{""high_action"":""stop"",""order_decision"":""only_cost""},""phase"":""high""},{""action"":{""search_k"":1,""search_strategy"":""default""},""phase"":""search""},{""action"":{""execution_action"":""none"",""lip_action"":""none""},""phase"":""low""}]"
JOB,random,a,./workloads/query_job/4b.sql,fixed_1,1.0,203.850194811821,54.375000000000,263.578563928604,ok,1,c2e5045abfc8ecfbd0b40e2ecf04f734592cd5b76e223f977e6c366b9f571679,1,dace7f2a6b2b3cb8f35621d48df5ec2f440e2897681e0d2e3c4876fb41206ea6,c21d9dceadadd56d12c23a7bf4d2f8851ef8d99b4b124434b2d5518b3a1905d4,./results/models/job/random/a/best.pt,"[{""action"":{""high_action"":""stop"",""order_decision"":""only_cost""},""phase"":""high""},{""action"":{""search_k"":1,""search_strategy"":""default""},""phase"":""search""},{""action"":{""execution_action"":""none"",""lip_action"":""none""},""phase"":""low""}]"
JOB,random,a,./workloads/query_job/5b.sql,fixed_1,1.0,319.519981741905,60.291000000000,213.582336902618,ok,1,4f78f1a55542d807d5eaabd4ee2244ee9ba0258958f7de1c1ef4598cd5b46ab1,1,f78fd9dcfdefdabe6ccf1417c71f47a3f55d557440d5af502154d3407164641c,1fd4a63b9958e07a71cbd3739d6400aa3d0fe2f076e8994ee47643feaec1c52d,./results/models/job/random/a/best.pt,"[{""action"":{""high_action"":""stop"",""order_decision"":""only_cost""},""phase"":""high""},{""action"":{""search_k"":1,""search_strategy"":""default""},""phase"":""search""},{""action"":{""execution_action"":""none"",""lip_action"":""none""},""phase"":""low""}]"
JOB,random,a,./workloads/query_job/6b.sql,fixed_1,1.0,451.904609799385,106.579000000000,784.166216850281,ok,1,2b959ee9a358222cd3f680b4de1a9c2be8556432140123daad1b20aa89815ab9,1,3ef76449e94615d0c077723bb74a756a40949aab229c0753607ed74a833d2780,18610db5030560c5217c7e10676316a950db13b393aef187bffd35f27ba611cf,./results/models/job/random/a/best.pt,"[{""action"":{""high_action"":""split"",""order_decision"":""only_cost""},""phase"":""high""},{""action"":{""candidate_id"":1,""schedule_alpha"":1.0},""phase"":""select""},{""action"":{""search_k"":1,""search_strategy"":""default""},""phase"":""search""},{""action"":{""execution_action"":""none"",""lip_action"":""none""},""phase"":""low""},{""action"":{""high_action"":""stop"",""order_decision"":""only_cost""},""phase"":""high""},{""action"":{""search_k"":1,""search_strategy"":""default""},""phase"":""search""},{""action"":{""execution_action"":""none"",""lip_action"":""none""},""phase"":""low""}]"
JOB,random,a,./workloads/query_job/6f.sql,fixed_1,1.0,3548.110783100128,75.754000000000,4596.369124948978,ok,1,ce75c2032883b5ebfbc1826c33aee0cbee3a05005e8a664ad50142f57e258055,1,f74d1621e7838a9198665016ce5b57d2226ba495ae20b8448fd1ead4ee02bd03,507f337f49ce574fabc22f1fc60541a4d87129471bf46845c9d29a6f2e239e92,./results/models/job/random/a/best.pt,"[{""action"":{""high_action"":""split"",""order_decision"":""only_cost""},""phase"":""high""},{""action"":{""candidate_id"":1,""schedule_alpha"":1.0},""phase"":""select""},{""action"":{""search_k"":1,""search_strategy"":""default""},""phase"":""search""},{""action"":{""execution_action"":""none"",""lip_action"":""none""},""phase"":""low""},{""action"":{""high_action"":""stop"",""order_decision"":""only_cost""},""phase"":""high""},{""action"":{""search_k"":1,""search_strategy"":""default""},""phase"":""search""},{""action"":{""execution_action"":""none"",""lip_action"":""none""},""phase"":""low""}]"
JOB,random,a,./workloads/query_job/8a.sql,fixed_1,1.0,2227.720022201538,48.031000000000,6612.681291997433,ok,1,83ca1ebec91355240bb85797c81f9f6b8a96392c57707c100978708f49ae71e9,1,73718f4b13eeaee44908b29c966eb3cd5194734f660c4b9b5321e15b934ac32c,d8dfda3b35ef2b118e1b1a0326172cba6af9863eaedc023def1943885ecc71dc,./results/models/job/random/a/best.pt,"[{""action"":{""high_action"":""stop"",""order_decision"":""only_cost""},""phase"":""high""},{""action"":{""search_k"":1,""search_strategy"":""default""},""phase"":""search""},{""action"":{""execution_action"":""conservative"",""lip_action"":""selective""},""phase"":""low""}]"
JOB,random,a,./workloads/query_job/9a.sql,fixed_1,1.0,881.695315241814,77.628000000000,1133.110374212265,ok,1,886c7581cf3aa969ef759925c2f5ff04f028206a5c5d8bf1705580bbaac34c47,1,5c60e0fb6187f83d8c4459e1c364362583fa03f6dd31b13217182f0d4af891c0,02a906cc3e3be3274c46029454d253473b105c9abf0ddd061cbdde580bb6b0c8,./results/models/job/random/a/best.pt,"[{""action"":{""high_action"":""stop"",""order_decision"":""only_cost""},""phase"":""high""},{""action"":{""search_k"":1,""search_strategy"":""default""},""phase"":""search""},{""action"":{""execution_action"":""none"",""lip_action"":""none""},""phase"":""low""}]"
JOB,random,a,./workloads/query_job/9b.sql,fixed_1,1.0,856.529012322426,75.122000000000,946.450598537922,ok,1,8078dd223231eda190e9f3cf026f80ab7e46a368b87b14254a00ad3dcf6f4f90,1,b294b8877b6b33ef1ad86f3b2674ccaceda7d1f0629658d3bb9496c492de625e,dd44dfa822a7b8222ec7c897602c2224d841b880ee19caa62f8058576e5f503f,./results/models/job/random/a/best.pt,"[{""action"":{""high_action"":""stop"",""order_decision"":""only_cost""},""phase"":""high""},{""action"":{""search_k"":1,""search_strategy"":""default""},""phase"":""search""},{""action"":{""execution_action"":""none"",""lip_action"":""none""},""phase"":""low""}]"
JOB,random,a,./workloads/query_job/9d.sql,fixed_1,1.0,4051.779113709927,75.075000000000,5509.525291621685,ok,1,0e289ef9aab62d7cdc6d31fb6a14d705898bc5aae64eda813c4c66eea1574c1a,1,edcb2421819dd3bd5216ca8f01ded7b51fff1f50f281715adf5dd145339f2950,d1e172d21207fd171a5c293d2e9e0ea21c80da8970a17bd585b3135e6d94f39d,./results/models/job/random/a/best.pt,"[{""action"":{""high_action"":""stop"",""order_decision"":""only_cost""},""phase"":""high""},{""action"":{""search_k"":1,""search_strategy"":""default""},""phase"":""search""},{""action"":{""execution_action"":""none"",""lip_action"":""none""},""phase"":""low""}]"
JOB,random,b,./workloads/query_job/10a.sql,fixed_1,1.0,1002.688966691494,94.257000000000,1062.002897262573,ok,1,929d0b936421c3cc037300fc273cb56746f39627e96a60da4dd6863044511457,1,4f7e839273e2685d2478269c637edaa5281dbe2f7d2e46a40b69ed63f97c1fc7,37056096cdce64f3e0de756e91f0795bd242c7889ff016532a7ebe7d775832c4,./results/models/job/random/b/best.pt,"[{""action"":{""high_action"":""stop"",""order_decision"":""only_cost""},""phase"":""high""},{""action"":{""search_k"":1,""search_strategy"":""default""},""phase"":""search""},{""action"":{""execution_action"":""none"",""lip_action"":""none""},""phase"":""low""}]"
JOB,random,b,./workloads/query_job/10b.sql,fixed_1,1.0,618.509158492088,49.673000000000,550.015948712826,ok,1,706843969f310473a0308417223dbd3b01f9c23dd72c30ca6a320928a1c6d9a0,1,31dfcfe0dcefc0d13b798aa177b2c159eae2cd8b2df4ca73b41e49f8cec79585,46f5b5c8c8601f726be430904a2a83c89bc14ad0680c46fbaafefe79eb639849,./results/models/job/random/b/best.pt,"[{""action"":{""high_action"":""stop"",""order_decision"":""only_cost""},""phase"":""high""},{""action"":{""search_k"":1,""search_strategy"":""default""},""phase"":""search""},{""action"":{""execution_action"":""none"",""lip_action"":""none""},""phase"":""low""}]"
JOB,random,b,./workloads/query_job/11b.sql,fixed_1,1.0,151.234090328217,59.877000000000,70.258535444736,ok,1,1140a97472e10ce6316cd6b2747dee298183b9dfeb896f858eb6598def2645fe,1,026a2923932822f165f6fd040a30c9759823e34a3db99ee5ca1cc0a48517dee7,68fb8e53f42b6ccd63bb8a2c8a303d69feaeddca6a26ecdcf57254f750cfbf28,./results/models/job/random/b/best.pt,"[{""action"":{""high_action"":""stop"",""order_decision"":""only_cost""},""phase"":""high""},{""action"":{""search_k"":1,""search_strategy"":""default""},""phase"":""search""},{""action"":{""execution_action"":""none"",""lip_action"":""none""},""phase"":""low""}]"
JOB,random,b,./workloads/query_job/11c.sql,fixed_1,1.0,231.095977127552,61.431000000000,159.269966185093,ok,1,e03dd6f5aa7f119762f6b549c488852bbe23e0297bd479e5946f75c06ef1bbca,1,24418b7045c0af9849674710ca42999c3805444262db5bf7797fe686d71e37c5,ae6e4fb1018295cf1d19a1a0332a31434e3b9510a1a38511fdc64432f92a3cb7,./results/models/job/random/b/best.pt,"[{""action"":{""high_action"":""stop"",""order_decision"":""only_cost""},""phase"":""high""},{""action"":{""search_k"":1,""search_strategy"":""default""},""phase"":""search""},{""action"":{""execution_action"":""none"",""lip_action"":""none""},""phase"":""low""}]"
JOB,random,b,./workloads/query_job/12b.sql,fixed_1,1.0,98.602868616581,72.312000000000,20.849838852882,ok,1,c6ff9ec06ce589c648d889e9e9021a68976c3ccf8550d7c147b5054bdddcb545,1,e96311daa843971c31b4777946179ee6f2fcaa606bf8a9e5a8943fece9eabc47,a8ae3fa79df451e276b6cb006aaa2be2115d6339447fee522e5e03d30058411c,./results/models/job/random/b/best.pt,"[{""action"":{""high_action"":""stop"",""order_decision"":""only_cost""},""phase"":""high""},{""action"":{""search_k"":1,""search_strategy"":""default""},""phase"":""search""},{""action"":{""execution_action"":""none"",""lip_action"":""none""},""phase"":""low""}]"
JOB,random,b,./workloads/query_job/12c.sql,fixed_1,1.0,1603.018276393414,64.149000000000,4895.386449992657,ok,1,fc048ce250bbfdae76cc58594ab66716a3f413669bed819d0adf4b9851bbc9c4,1,3f0dc46b469f123899b8f0afac5166360a9515b80cc119000d34b9cbbc595dcc,68ee8c3f6408ae0343d5961725fef8765955d0c9d2a9c07826613b56075b3273,./results/models/job/random/b/best.pt,"[{""action"":{""high_action"":""stop"",""order_decision"":""only_cost""},""phase"":""high""},{""action"":{""search_k"":1,""search_strategy"":""default""},""phase"":""search""},{""action"":{""execution_action"":""none"",""lip_action"":""none""},""phase"":""low""}]"
JOB,random,b,./workloads/query_job/14b.sql,fixed_1,1.0,279.425911605358,61.577000000000,186.990559101105,ok,1,74085e27c595ac219c6257d663e3ccccdf16299520347ac5488a715783f18a41,1,72a86d3d410bfa8934473ad17b8e7e16a21295b330a8bcd538f5852679bda3ae,b7f924adc34a99b4ec429ddf830cfbe725ab749ec67ec3c573a55542056563db,./results/models/job/random/b/best.pt,"[{""action"":{""high_action"":""stop"",""order_decision"":""only_cost""},""phase"":""high""},{""action"":{""search_k"":1,""search_strategy"":""default""},""phase"":""search""},{""action"":{""execution_action"":""none"",""lip_action"":""none""},""phase"":""low""}]"
JOB,random,b,./workloads/query_job/14c.sql,fixed_1,1.0,836.652174592018,78.703000000000,729.836747050285,ok,1,f13c3a0e601dd42f5abd41675e0438c06c7c79b9e0a6b2e6974fe4952b94c09e,1,2abc81e56f24824f74cc57c7f68064f7a2e09c477aec58c412dbca1e121b7bf4,52871e2475eac0fb6a8f61ee16c7d11f4f2be3a94a972dacb2c8640df25f1167,./results/models/job/random/b/best.pt,"[{""action"":{""high_action"":""stop"",""order_decision"":""only_cost""},""phase"":""high""},{""action"":{""search_k"":1,""search_strategy"":""default""},""phase"":""search""},{""action"":{""execution_action"":""none"",""lip_action"":""none""},""phase"":""low""}]"
JOB,random,b,./workloads/query_job/15d.sql,fixed_1,1.0,971.490591764450,61.159000000000,1081.597425043583,ok,1,df3a19f8bdca38394c1c9a01f448c4e34ce26e4cc3c938d45c9a4e59526d24d5,1,6d7374a11d420ecc60873aa972203f23aed1a5fe613031e98b60a7f58d57212b,da38c2e46953afcb2e9614d06155c81e79fe907e3e9e22093c618c3a3dad0ae5,./results/models/job/random/b/best.pt,"[{""action"":{""high_action"":""stop"",""order_decision"":""only_cost""},""phase"":""high""},{""action"":{""search_k"":1,""search_strategy"":""default""},""phase"":""search""},{""action"":{""execution_action"":""none"",""lip_action"":""none""},""phase"":""low""}]"
JOB,random,b,./workloads/query_job/16a.sql,fixed_1,1.0,336.930431425571,59.584000000000,247.625730931759,ok,1,bffefed9bcba1ce113c4f9365520889d2a59468ebb170e1a8e776353d8311bfb,1,6c6e8d41af5d9f6797dbe5c20921031137791808c6713cc386a35f9ba0f80590,874349158c617788232fdc0adeaade000e40cad04800ea7cc46e503db21484ed,./results/models/job/random/b/best.pt,"[{""action"":{""high_action"":""stop"",""order_decision"":""only_cost""},""phase"":""high""},{""action"":{""search_k"":1,""search_strategy"":""default""},""phase"":""search""},{""action"":{""execution_action"":""none"",""lip_action"":""none""},""phase"":""low""}]"
JOB,random,b,./workloads/query_job/16b.sql,fixed_1,1.0,6137.469880282879,100.474000000000,21611.640319228172,ok,1,e153889fdca6a79bf30b6f802a7d6fb574587af0fb56f36ecc25d831db945ea2,1,6be531f8658751caca247b9352f7eb4bd34e57c0c7f8539ec476a7112a715a48,905261b33608561119264f943aabbd4697640b0cbef17832fb0e438ac991bff2,./results/models/job/random/b/best.pt,"[{""action"":{""high_action"":""split"",""order_decision"":""only_cost""},""phase"":""high""},{""action"":{""candidate_id"":3,""schedule_alpha"":1.0},""phase"":""select""},{""action"":{""search_k"":1,""search_strategy"":""default""},""phase"":""search""},{""action"":{""execution_action"":""none"",""lip_action"":""none""},""phase"":""low""},{""action"":{""high_action"":""split"",""order_decision"":""only_cost""},""phase"":""high""},{""action"":{""candidate_id"":2,""schedule_alpha"":1.0},""phase"":""select""},{""action"":{""search_k"":1,""search_strategy"":""default""},""phase"":""search""},{""action"":{""execution_action"":""none"",""lip_action"":""none""},""phase"":""low""},{""action"":{""high_action"":""split"",""order_decision"":""only_cost""},""phase"":""high""},{""action"":{""candidate_id"":0,""schedule_alpha"":1.0},""phase"":""select""},{""action"":{""search_k"":1,""search_strategy"":""default""},""phase"":""search""},{""action"":{""execution_action"":""none"",""lip_action"":""none""},""phase"":""low""},{""action"":{""high_action"":""stop"",""order_decision"":""only_cost""},""phase"":""high""},{""action"":{""search_k"":1,""search_strategy"":""default""},""phase"":""search""},{""action"":{""execution_action"":""none"",""lip_action"":""none""},""phase"":""low""}]"
JOB,random,b,./workloads/query_job/17f.sql,fixed_1,1.0,5102.881304919720,73.142000000000,8577.061973512173,ok,1,966c1a52f852284091756356c99e5f43debac4e41bc8ee9f790f5c70bff4c7c4,1,713a97a2c637845ee48e35cedf2f7576c5f5bff0cbe6fce41ae65ec2547e7e52,d6600965619fd5ca92bf307fc5acae5df903a246d0bd637d596c550485e84e37,./results/models/job/random/b/best.pt,"[{""action"":{""high_action"":""split"",""order_decision"":""only_cost""},""phase"":""high""},{""action"":{""candidate_id"":2,""schedule_alpha"":1.0},""phase"":""select""},{""action"":{""search_k"":1,""search_strategy"":""default""},""phase"":""search""},{""action"":{""execution_action"":""none"",""lip_action"":""none""},""phase"":""low""},{""action"":{""high_action"":""split"",""order_decision"":""only_cost""},""phase"":""high""},{""action"":{""candidate_id"":1,""schedule_alpha"":1.0},""phase"":""select""},{""action"":{""search_k"":1,""search_strategy"":""default""},""phase"":""search""},{""action"":{""execution_action"":""none"",""lip_action"":""none""},""phase"":""low""},{""action"":{""high_action"":""stop"",""order_decision"":""only_cost""},""phase"":""high""},{""action"":{""search_k"":1,""search_strategy"":""default""},""phase"":""search""},{""action"":{""execution_action"":""none"",""lip_action"":""none""},""phase"":""low""}]"
JOB,random,b,./workloads/query_job/18a.sql,fixed_1,1.0,6644.601531326771,172.795000000000,9363.223992288113,ok,1,4ea394ad5b6ff23d28102b48eef256f385144f05c176dcf273e5fc3dfc0f3ea7,1,b430134a2bf9f63dbd68d997eb925a24c42bf4fe4f19b7615d1c18b8800758d6,957df57f3e1d4ae0e63f037a57ca228a9c3bc29a166b79f0da978da64fad0c7f,./results/models/job/random/b/best.pt,"[{""action"":{""high_action"":""split"",""order_decision"":""only_cost""},""phase"":""high""},{""action"":{""candidate_id"":2,""schedule_alpha"":1.0},""phase"":""select""},{""action"":{""search_k"":1,""search_strategy"":""default""},""phase"":""search""},{""action"":{""execution_action"":""none"",""lip_action"":""none""},""phase"":""low""},{""action"":{""high_action"":""split"",""order_decision"":""only_cost""},""phase"":""high""},{""action"":{""candidate_id"":1,""schedule_alpha"":1.0},""phase"":""select""},{""action"":{""search_k"":1,""search_strategy"":""default""},""phase"":""search""},{""action"":{""execution_action"":""none"",""lip_action"":""none""},""phase"":""low""},{""action"":{""high_action"":""stop"",""order_decision"":""only_cost""},""phase"":""high""},{""action"":{""search_k"":1,""search_strategy"":""default""},""phase"":""search""},{""action"":{""execution_action"":""none"",""lip_action"":""none""},""phase"":""low""}]"
JOB,random,b,./workloads/query_job/19a.sql,fixed_1,1.0,937.321484088898,77.527000000000,981.471620500088,ok,1,1f0ca7719cfc34a43e2d3322146638f13989d450c4591afc7b3885613918e4de,1,73fb654ba5138fce33837985b29e8d2d19753acb40a005ba9c5767a9a193a2c3,c4f1ece59a091cf5be6ffc4039361962495066a499798e32b7ad2ac5e9d6210a,./results/models/job/random/b/best.pt,"[{""action"":{""high_action"":""stop"",""order_decision"":""only_cost""},""phase"":""high""},{""action"":{""search_k"":1,""search_strategy"":""default""},""phase"":""search""},{""action"":{""execution_action"":""none"",""lip_action"":""none""},""phase"":""low""}]"
JOB,random,b,./workloads/query_job/1d.sql,fixed_1,1.0,67.287102341652,54.830000000000,9.564861655235,ok,1,b68175a2c8e96f8bc107b1f09c2703f390d5a78ec2aa27991cd17eea2e6db1c8,1,2834e9a1b33b886e23549256c81de70a7dc044800287b5aa48ed227514aac78a,f1bd75ab077db5b12ee3c76f1da69e8a207025d4df6009717947de0f7ad2f0e1,./results/models/job/random/b/best.pt,"[{""action"":{""high_action"":""stop"",""order_decision"":""only_cost""},""phase"":""high""},{""action"":{""search_k"":1,""search_strategy"":""default""},""phase"":""search""},{""action"":{""execution_action"":""none"",""lip_action"":""none""},""phase"":""low""}]"
JOB,random,b,./workloads/query_job/20b.sql,fixed_1,1.0,1438.206449151039,62.196000000000,2001.977518200874,ok,1,bdabdfce4c8cd4726f7228f6d5040b01cd2120ccf41064b215b2fd1b9c7cdbe3,1,862b487b3ef99f1d59c2c8271466688c45e9631f61cbc7d6e28bb0c29ea29a61,beaef2f0d8e3d23d8e5503db238f2b05b4b592c1b1e9fbceee4f253b3f3a9578,./results/models/job/random/b/best.pt,"[{""action"":{""high_action"":""split"",""order_decision"":""only_cost""},""phase"":""high""},{""action"":{""candidate_id"":2,""schedule_alpha"":1.0},""phase"":""select""},{""action"":{""search_k"":1,""search_strategy"":""default""},""phase"":""search""},{""action"":{""execution_action"":""none"",""lip_action"":""none""},""phase"":""low""},{""action"":{""high_action"":""split"",""order_decision"":""only_cost""},""phase"":""high""},{""action"":{""candidate_id"":2,""schedule_alpha"":1.0},""phase"":""select""},{""action"":{""search_k"":1,""search_strategy"":""default""},""phase"":""search""},{""action"":{""execution_action"":""none"",""lip_action"":""none""},""phase"":""low""},{""action"":{""high_action"":""split"",""order_decision"":""only_cost""},""phase"":""high""},{""action"":{""candidate_id"":0,""schedule_alpha"":1.0},""phase"":""select""},{""action"":{""search_k"":1,""search_strategy"":""default""},""phase"":""search""},{""action"":{""execution_action"":""none"",""lip_action"":""none""},""phase"":""low""},{""action"":{""high_action"":""stop"",""order_decision"":""only_cost""},""phase"":""high""},{""action"":{""search_k"":1,""search_strategy"":""default""},""phase"":""search""},{""action"":{""execution_action"":""none"",""lip_action"":""none""},""phase"":""low""}]"
JOB,random,b,./workloads/query_job/22b.sql,fixed_1,1.0,477.641090750694,86.801000000000,369.144991040230,ok,1,261344b3d5dbc63bbc8b73ff367b08e19136e387d0502f40684455f7a223d93f,1,ceb99b72091ec77a6ed0a7c13926a58fb8d1a9521d7a1a75dbb47afd71e00b59,5200be1f42de837c4427cc02922eb0f87fabe343e7e6591e296d2655f6cd2821,./results/models/job/random/b/best.pt,"[{""action"":{""high_action"":""stop"",""order_decision"":""only_cost""},""phase"":""high""},{""action"":{""search_k"":1,""search_strategy"":""default""},""phase"":""search""},{""action"":{""execution_action"":""none"",""lip_action"":""none""},""phase"":""low""}]"
JOB,random,b,./workloads/query_job/23c.sql,fixed_1,1.0,1491.392172873020,83.139000000000,506.239660084248,ok,1,d6d3b9a56435f4fe61ee133589ebd35b7135f05afe08be1125990d58b250e9f9,1,e5a4a24e6e59e0697e3f4e4a100bbab5e00da84be1d6ac0769a2e610d2e8b2ce,585a3e6670f4789876bea6e75b328a76f33109811dc32c7c52fc1992ac1c723e,./results/models/job/random/b/best.pt,"[{""action"":{""high_action"":""split"",""order_decision"":""only_cost""},""phase"":""high""},{""action"":{""candidate_id"":0,""schedule_alpha"":1.0},""phase"":""select""},{""action"":{""search_k"":1,""search_strategy"":""default""},""phase"":""search""},{""action"":{""execution_action"":""none"",""lip_action"":""none""},""phase"":""low""},{""action"":{""high_action"":""split"",""order_decision"":""only_cost""},""phase"":""high""},{""action"":{""candidate_id"":0,""schedule_alpha"":1.0},""phase"":""select""},{""action"":{""search_k"":1,""search_strategy"":""default""},""phase"":""search""},{""action"":{""execution_action"":""none"",""lip_action"":""none""},""phase"":""low""},{""action"":{""high_action"":""split"",""order_decision"":""only_cost""},""phase"":""high""},{""action"":{""candidate_id"":2,""schedule_alpha"":1.0},""phase"":""select""},{""action"":{""search_k"":1,""search_strategy"":""default""},""phase"":""search""},{""action"":{""execution_action"":""none"",""lip_action"":""none""},""phase"":""low""},{""action"":{""high_action"":""split"",""order_decision"":""only_cost""},""phase"":""high""},{""action"":{""candidate_id"":1,""schedule_alpha"":1.0},""phase"":""select""},{""action"":{""search_k"":1,""search_strategy"":""default""},""phase"":""search""},{""action"":{""execution_action"":""none"",""lip_action"":""none""},""phase"":""low""},{""action"":{""high_action"":""stop"",""order_decision"":""only_cost""},""phase"":""high""},{""action"":{""search_k"":1,""search_strategy"":""default""},""phase"":""search""},{""action"":{""execution_action"":""none"",""lip_action"":""none""},""phase"":""low""}]"
JOB,random,b,./workloads/query_job/24a.sql,fixed_1,1.0,499.328680336475,97.932000000000,396.160408854485,ok,1,f456596f387e349a6006b7f95149e83820f1855cb47322cf82c324c7abf10133,1,33cd030d49a496ef3514703d7d90def9e2769ec6410b1318c043bacfd156c83e,9499a463d9fe776e28c76556828e7bba0ef9c48321eefd967d0623a07a0d5da9,./results/models/job/random/b/best.pt,"[{""action"":{""high_action"":""stop"",""order_decision"":""only_cost""},""phase"":""high""},{""action"":{""search_k"":1,""search_strategy"":""default""},""phase"":""search""},{""action"":{""execution_action"":""none"",""lip_action"":""none""},""phase"":""low""}]"
JOB,random,b,./workloads/query_job/25c.sql,fixed_1,1.0,3765.770480036736,64.913000000000,6725.454218685627,ok,1,67a630b3c65d3bcaa414c0e78677ad348267d0f04c2fa18b570f5906a0599ac5,1,e6ca2c5303b374e09183036c21fca182c1012b69a54fafb4be6fc65eb6158add,1bd130465a350c2936d1a092e95a48aa7be8163fdc350777da41feccc9d135be,./results/models/job/random/b/best.pt,"[{""action"":{""high_action"":""split"",""order_decision"":""only_cost""},""phase"":""high""},{""action"":{""candidate_id"":3,""schedule_alpha"":1.0},""phase"":""select""},{""action"":{""search_k"":1,""search_strategy"":""default""},""phase"":""search""},{""action"":{""execution_action"":""none"",""lip_action"":""none""},""phase"":""low""},{""action"":{""high_action"":""split"",""order_decision"":""only_cost""},""phase"":""high""},{""action"":{""candidate_id"":2,""schedule_alpha"":1.0},""phase"":""select""},{""action"":{""search_k"":1,""search_strategy"":""default""},""phase"":""search""},{""action"":{""execution_action"":""none"",""lip_action"":""none""},""phase"":""low""},{""action"":{""high_action"":""split"",""order_decision"":""only_cost""},""phase"":""high""},{""action"":{""candidate_id"":1,""schedule_alpha"":1.0},""phase"":""select""},{""action"":{""search_k"":1,""search_strategy"":""default""},""phase"":""search""},{""action"":{""execution_action"":""none"",""lip_action"":""none""},""phase"":""low""},{""action"":{""high_action"":""stop"",""order_decision"":""only_cost""},""phase"":""high""},{""action"":{""search_k"":1,""search_strategy"":""default""},""phase"":""search""},{""action"":{""execution_action"":""none"",""lip_action"":""none""},""phase"":""low""}]"
JOB,random,b,./workloads/query_job/26a.sql,fixed_1,1.0,866.349697113037,125.164000000000,1567.826792597771,ok,1,2c7cebb1807f0b225f4f97c680278aa0ec35039ff7dbf43518e7a09bd026684a,1,492f3d548bb05124c170103f1ee33f23f5c320df28f4e00088e25a977bdc9f78,ed04e3b7f896578f252b8ab32f2ea259e9ac2f7f682734bdd0fd5e8aaeb95635,./results/models/job/random/b/best.pt,"[{""action"":{""high_action"":""split"",""order_decision"":""only_cost""},""phase"":""high""},{""action"":{""candidate_id"":3,""schedule_alpha"":1.0},""phase"":""select""},{""action"":{""search_k"":1,""search_strategy"":""default""},""phase"":""search""},{""action"":{""execution_action"":""none"",""lip_action"":""none""},""phase"":""low""},{""action"":{""high_action"":""split"",""order_decision"":""only_cost""},""phase"":""high""},{""action"":{""candidate_id"":2,""schedule_alpha"":1.0},""phase"":""select""},{""action"":{""search_k"":1,""search_strategy"":""default""},""phase"":""search""},{""action"":{""execution_action"":""none"",""lip_action"":""none""},""phase"":""low""},{""action"":{""high_action"":""split"",""order_decision"":""only_cost""},""phase"":""high""},{""action"":{""candidate_id"":0,""schedule_alpha"":1.0},""phase"":""select""},{""action"":{""search_k"":1,""search_strategy"":""default""},""phase"":""search""},{""action"":{""execution_action"":""none"",""lip_action"":""none""},""phase"":""low""},{""action"":{""high_action"":""split"",""order_decision"":""only_cost""},""phase"":""high""},{""action"":{""candidate_id"":1,""schedule_alpha"":1.0},""phase"":""select""},{""action"":{""search_k"":1,""search_strategy"":""default""},""phase"":""search""},{""action"":{""execution_action"":""none"",""lip_action"":""none""},""phase"":""low""},{""action"":{""high_action"":""stop"",""order_decision"":""only_cost""},""phase"":""high""},{""action"":{""search_k"":1,""search_strategy"":""default""},""phase"":""search""},{""action"":{""execution_action"":""none"",""lip_action"":""none""},""phase"":""low""}]"
JOB,random,b,./workloads/query_job/27a.sql,fixed_1,1.0,217.827439308167,63.448000000000,121.552340686321,ok,1,17da2f55cbda32682db3bc710c4a0f0048b6fb05111deffe244b8be90c1e4968,1,0ae475751e8ac7b987b8bf7986c5b29a7b48aa5b77a3de96bf7e5eee3cae0709,27dd184fb8cfd856ffed7737940e629174e8afc74149d2e5ed08e54617bbd76a,./results/models/job/random/b/best.pt,"[{""action"":{""high_action"":""split"",""order_decision"":""only_cost""},""phase"":""high""},{""action"":{""candidate_id"":3,""schedule_alpha"":1.0},""phase"":""select""},{""action"":{""search_k"":1,""search_strategy"":""default""},""phase"":""search""},{""action"":{""execution_action"":""none"",""lip_action"":""none""},""phase"":""low""},{""action"":{""high_action"":""split"",""order_decision"":""only_cost""},""phase"":""high""},{""action"":{""candidate_id"":3,""schedule_alpha"":1.0},""phase"":""select""},{""action"":{""search_k"":1,""search_strategy"":""default""},""phase"":""search""},{""action"":{""execution_action"":""none"",""lip_action"":""none""},""phase"":""low""},{""action"":{""high_action"":""split"",""order_decision"":""only_cost""},""phase"":""high""},{""action"":{""candidate_id"":0,""schedule_alpha"":1.0},""phase"":""select""},{""action"":{""search_k"":1,""search_strategy"":""default""},""phase"":""search""},{""action"":{""execution_action"":""none"",""lip_action"":""none""},""phase"":""low""},{""action"":{""high_action"":""split"",""order_decision"":""only_cost""},""phase"":""high""},{""action"":{""candidate_id"":0,""schedule_alpha"":1.0},""phase"":""select""},{""action"":{""search_k"":1,""search_strategy"":""default""},""phase"":""search""},{""action"":{""execution_action"":""none"",""lip_action"":""none""},""phase"":""low""},{""action"":{""high_action"":""stop"",""order_decision"":""only_cost""},""phase"":""high""},{""action"":{""search_k"":1,""search_strategy"":""default""},""phase"":""search""},{""action"":{""execution_action"":""none"",""lip_action"":""none""},""phase"":""low""}]"
JOB,random,b,./workloads/query_job/27c.sql,fixed_1,1.0,318.119287490845,127.208000000000,122.231170535088,ok,1,17da2f55cbda32682db3bc710c4a0f0048b6fb05111deffe244b8be90c1e4968,1,59bda41b88b7862a4126ed05981cb7e29281181b98934b47a11cbcbe54ce0c92,1354c3e353cbf0e57c265909847115e37ccebea2ec53e2876fc886ba2ac51fb6,./results/models/job/random/b/best.pt,"[{""action"":{""high_action"":""split"",""order_decision"":""only_cost""},""phase"":""high""},{""action"":{""candidate_id"":3,""schedule_alpha"":1.0},""phase"":""select""},{""action"":{""search_k"":1,""search_strategy"":""default""},""phase"":""search""},{""action"":{""execution_action"":""none"",""lip_action"":""none""},""phase"":""low""},{""action"":{""high_action"":""split"",""order_decision"":""only_cost""},""phase"":""high""},{""action"":{""candidate_id"":3,""schedule_alpha"":1.0},""phase"":""select""},{""action"":{""search_k"":1,""search_strategy"":""default""},""phase"":""search""},{""action"":{""execution_action"":""none"",""lip_action"":""none""},""phase"":""low""},{""action"":{""high_action"":""split"",""order_decision"":""only_cost""},""phase"":""high""},{""action"":{""candidate_id"":0,""schedule_alpha"":1.0},""phase"":""select""},{""action"":{""search_k"":1,""search_strategy"":""default""},""phase"":""search""},{""action"":{""execution_action"":""none"",""lip_action"":""none""},""phase"":""low""},{""action"":{""high_action"":""split"",""order_decision"":""only_cost""},""phase"":""high""},{""action"":{""candidate_id"":0,""schedule_alpha"":1.0},""phase"":""select""},{""action"":{""search_k"":1,""search_strategy"":""default""},""phase"":""search""},{""action"":{""execution_action"":""none"",""lip_action"":""none""},""phase"":""low""},{""action"":{""high_action"":""stop"",""order_decision"":""only_cost""},""phase"":""high""},{""action"":{""search_k"":1,""search_strategy"":""default""},""phase"":""search""},{""action"":{""execution_action"":""none"",""lip_action"":""none""},""phase"":""low""}]"
JOB,random,b,./workloads/query_job/28b.sql,fixed_1,1.0,543.285697698593,106.801000000000,681.756019592285,ok,1,1504c5fe4b85e0649828523441b52c0f8b7c17598529646d3d732ab63db821f5,1,023b09d8b7169d1cf53f505f194d5403260133c6554d0c5a65c844ac2b0736b2,dd6c2e1c0770d04b0c3a59c132d182c6a095e1c176adf5f074651f0c2d6ea3ea,./results/models/job/random/b/best.pt,"[{""action"":{""high_action"":""split"",""order_decision"":""only_cost""},""phase"":""high""},{""action"":{""candidate_id"":4,""schedule_alpha"":1.0},""phase"":""select""},{""action"":{""search_k"":1,""search_strategy"":""default""},""phase"":""search""},{""action"":{""execution_action"":""none"",""lip_action"":""none""},""phase"":""low""},{""action"":{""high_action"":""split"",""order_decision"":""only_cost""},""phase"":""high""},{""action"":{""candidate_id"":1,""schedule_alpha"":1.0},""phase"":""select""},{""action"":{""search_k"":1,""search_strategy"":""default""},""phase"":""search""},{""action"":{""execution_action"":""none"",""lip_action"":""none""},""phase"":""low""},{""action"":{""high_action"":""split"",""order_decision"":""only_cost""},""phase"":""high""},{""action"":{""candidate_id"":0,""schedule_alpha"":1.0},""phase"":""select""},{""action"":{""search_k"":1,""search_strategy"":""default""},""phase"":""search""},{""action"":{""execution_action"":""none"",""lip_action"":""none""},""phase"":""low""},{""action"":{""high_action"":""split"",""order_decision"":""only_cost""},""phase"":""high""},{""action"":{""candidate_id"":2,""schedule_alpha"":1.0},""phase"":""select""},{""action"":{""search_k"":1,""search_strategy"":""default""},""phase"":""search""},{""action"":{""execution_action"":""none"",""lip_action"":""none""},""phase"":""low""},{""action"":{""high_action"":""split"",""order_decision"":""only_cost""},""phase"":""high""},{""action"":{""candidate_id"":0,""schedule_alpha"":1.0},""phase"":""select""},{""action"":{""search_k"":1,""search_strategy"":""default""},""phase"":""search""},{""action"":{""execution_action"":""none"",""lip_action"":""none""},""phase"":""low""},{""action"":{""high_action"":""stop"",""order_decision"":""only_cost""},""phase"":""high""},{""action"":{""search_k"":1,""search_strategy"":""default""},""phase"":""search""},{""action"":{""execution_action"":""none"",""lip_action"":""none""},""phase"":""low""}]"
JOB,random,b,./workloads/query_job/29b.sql,fixed_1,1.0,245.965108275414,130.033000000000,2185.845553874969,ok,1,6931843f19cb52122ed461369626a4f45f6b0550fbb8e5608f26c0a53fbfa63e,1,238173bc5bdc20c3d2a9937214cfbc05941ac48bd96ce07241899a1c966d23af,adb022095098e0758c94bfb5860c56f2a104ca88634e1159f98157f9dd6ec7e0,./results/models/job/random/b/best.pt,"[{""action"":{""high_action"":""split"",""order_decision"":""only_cost""},""phase"":""high""},{""action"":{""candidate_id"":5,""schedule_alpha"":1.0},""phase"":""select""},{""action"":{""search_k"":1,""search_strategy"":""default""},""phase"":""search""},{""action"":{""execution_action"":""none"",""lip_action"":""none""},""phase"":""low""},{""action"":{""high_action"":""split"",""order_decision"":""only_cost""},""phase"":""high""},{""action"":{""candidate_id"":1,""schedule_alpha"":1.0},""phase"":""select""},{""action"":{""search_k"":1,""search_strategy"":""default""},""phase"":""search""},{""action"":{""execution_action"":""none"",""lip_action"":""none""},""phase"":""low""},{""action"":{""high_action"":""split"",""order_decision"":""only_cost""},""phase"":""high""},{""action"":{""candidate_id"":2,""schedule_alpha"":1.0},""phase"":""select""},{""action"":{""search_k"":1,""search_strategy"":""default""},""phase"":""search""},{""action"":{""execution_action"":""none"",""lip_action"":""none""},""phase"":""low""},{""action"":{""high_action"":""split"",""order_decision"":""only_cost""},""phase"":""high""},{""action"":{""candidate_id"":1,""schedule_alpha"":1.0},""phase"":""select""},{""action"":{""search_k"":1,""search_strategy"":""default""},""phase"":""search""},{""action"":{""execution_action"":""none"",""lip_action"":""none""},""phase"":""low""},{""action"":{""high_action"":""split"",""order_decision"":""only_cost""},""phase"":""high""},{""action"":{""candidate_id"":0,""schedule_alpha"":1.0},""phase"":""select""},{""action"":{""search_k"":1,""search_strategy"":""default""},""phase"":""search""},{""action"":{""execution_action"":""none"",""lip_action"":""none""},""phase"":""low""},{""action"":{""high_action"":""split"",""order_decision"":""only_cost""},""phase"":""high""},{""action"":{""candidate_id"":1,""schedule_alpha"":1.0},""phase"":""select""},{""action"":{""search_k"":1,""search_strategy"":""default""},""phase"":""search""},{""action"":{""execution_action"":""none"",""lip_action"":""none""},""phase"":""low""},{""action"":{""high_action"":""stop"",""order_decision"":""only_cost""},""phase"":""high""},{""action"":{""search_k"":1,""search_strategy"":""default""},""phase"":""search""},{""action"":{""execution_action"":""none"",""lip_action"":""none""},""phase"":""low""}]"
JOB,random,b,./workloads/query_job/2b.sql,fixed_1,1.0,618.683539330959,55.383000000000,542.424827814102,ok,1,fc90f3c2c15c5abce95811297c6b9a8ee98e4e03347ce9e79c8ce8e6b57b03a0,1,c7796dd8d0c1b7da7366a26897fbaf263ac0036a91454a7a2372141809d4304a,935178064c20ae7a8eb8e005db9be28c65a789bc27bd81f2ac38a248288b55f0,./results/models/job/random/b/best.pt,"[{""action"":{""high_action"":""stop"",""order_decision"":""only_cost""},""phase"":""high""},{""action"":{""search_k"":1,""search_strategy"":""default""},""phase"":""search""},{""action"":{""execution_action"":""none"",""lip_action"":""none""},""phase"":""low""}]"
JOB,random,b,./workloads/query_job/2c.sql,fixed_1,1.0,597.391553223133,47.560000000000,408.168464899063,ok,1,4f78f1a55542d807d5eaabd4ee2244ee9ba0258958f7de1c1ef4598cd5b46ab1,1,9b4c6fb85dd789ddb97c5c464a0975b8a17cf09d861774c6ead11dcfc8136572,0a17444a4bf345a176b3d2ca55f85fe2aeb23dbdeb1e6fb8c85f60cfca79e280,./results/models/job/random/b/best.pt,"[{""action"":{""high_action"":""stop"",""order_decision"":""only_cost""},""phase"":""high""},{""action"":{""search_k"":1,""search_strategy"":""default""},""phase"":""search""},{""action"":{""execution_action"":""none"",""lip_action"":""none""},""phase"":""low""}]"
JOB,random,b,./workloads/query_job/2d.sql,fixed_1,1.0,778.993569314480,58.310000000000,2104.353629052639,ok,1,d55d5656333bd757f053124d39c4d7de4605203e41f67c025f0cc73ff2c7b9bb,1,13e746f7a57d1a4a0c3b24f9cb84351b705ed1220a0e462dca8fb16d1429131e,11a94416bb91c0c913b808b4d7d8a043c72e515abc5e477d3602e480c716f97f,./results/models/job/random/b/best.pt,"[{""action"":{""high_action"":""stop"",""order_decision"":""only_cost""},""phase"":""high""},{""action"":{""search_k"":1,""search_strategy"":""default""},""phase"":""search""},{""action"":{""execution_action"":""none"",""lip_action"":""none""},""phase"":""low""}]"
JOB,random,b,./workloads/query_job/3a.sql,fixed_1,1.0,274.317331612110,58.998000000000,1450.624108314514,ok,1,4446b454452e8db43636d58c5e3a7f9041b179149913a47dfd28d049a31e3f4d,1,335652cf37d3466bee7ea3d4104f27b128c7fedc64266ce0dd0534b41858a028,4f3798f0f8d732cdbf1314fbb1152c4b79ef7f55428e7c694ea76ad7edc80aad,./results/models/job/random/b/best.pt,"[{""action"":{""high_action"":""stop"",""order_decision"":""only_cost""},""phase"":""high""},{""action"":{""search_k"":1,""search_strategy"":""default""},""phase"":""search""},{""action"":{""execution_action"":""none"",""lip_action"":""none""},""phase"":""low""}]"
JOB,random,b,./workloads/query_job/4c.sql,fixed_1,1.0,229.137405753136,45.013000000000,117.703966796398,ok,1,5c9364f684db0004720ec4e9642a958681b071ff992dadc090178e95cc52235a,1,8b326a722c93f49b0cdf8ee1d34a78b074c4796c733f602c0db24dd4ea9bb50d,1075f94d0954585dbc49d1b18917efe3f39e4935bb6c095d5711431370ba1169,./results/models/job/random/b/best.pt,"[{""action"":{""high_action"":""stop"",""order_decision"":""only_cost""},""phase"":""high""},{""action"":{""search_k"":1,""search_strategy"":""default""},""phase"":""search""},{""action"":{""execution_action"":""none"",""lip_action"":""none""},""phase"":""low""}]"
JOB,random,b,./workloads/query_job/5c.sql,fixed_1,1.0,357.079841196537,60.305000000000,616.215929389000,ok,1,c63c0f430af977fe1bf0c51442b833d536b07965c22254d5a737a187719cc641,1,4919f7ec00f2be5db8cc1650c33fccf19c4eb04ac3e3fed6b50be9979a79943e,e99595d3ea9aeef0d2c5ed83e577e7fa66223973fd4f4bb94f58b7f3910012e7,./results/models/job/random/b/best.pt,"[{""action"":{""high_action"":""stop"",""order_decision"":""only_cost""},""phase"":""high""},{""action"":{""search_k"":1,""search_strategy"":""default""},""phase"":""search""},{""action"":{""execution_action"":""none"",""lip_action"":""none""},""phase"":""low""}]"
JOB,random,b,./workloads/query_job/6a.sql,fixed_1,1.0,168.421506881714,80.448000000000,304.985016584396,ok,1,2e45680981dcedf844899f966540a92734a6200fc0d8bd8a547ceba0d0cf631f,1,dba491c605c900208bbe1fa664017eec7807afa9cf2e1cd542636cd5b3ef87e3,322e538e1250175a917b247946faab3ec7ed38d82a7fb8b53763dc01a0a9d64a,./results/models/job/random/b/best.pt,"[{""action"":{""high_action"":""split"",""order_decision"":""only_cost""},""phase"":""high""},{""action"":{""candidate_id"":1,""schedule_alpha"":1.0},""phase"":""select""},{""action"":{""search_k"":1,""search_strategy"":""default""},""phase"":""search""},{""action"":{""execution_action"":""none"",""lip_action"":""none""},""phase"":""low""},{""action"":{""high_action"":""stop"",""order_decision"":""only_cost""},""phase"":""high""},{""action"":{""search_k"":1,""search_strategy"":""default""},""phase"":""search""},{""action"":{""execution_action"":""none"",""lip_action"":""none""},""phase"":""low""}]"
JOB,random,b,./workloads/query_job/6c.sql,fixed_1,1.0,154.869809746742,105.569000000000,31.306013464928,ok,1,eb15d11fcc635c0f71eefa80cad2069e9f06841887450ba39d0be7466e8da9dd,1,b5ab2b861b58a4eb062c1f60d7908fc14b6e6f4a1279b3e34550e4f6e75cc8f6,1482ff093bbdf1cca9f551142ad34e1a13545852ba0bfc1ba61c1a2fe9abae48,./results/models/job/random/b/best.pt,"[{""action"":{""high_action"":""split"",""order_decision"":""only_cost""},""phase"":""high""},{""action"":{""candidate_id"":1,""schedule_alpha"":1.0},""phase"":""select""},{""action"":{""search_k"":1,""search_strategy"":""default""},""phase"":""search""},{""action"":{""execution_action"":""none"",""lip_action"":""none""},""phase"":""low""},{""action"":{""high_action"":""stop"",""order_decision"":""only_cost""},""phase"":""high""},{""action"":{""search_k"":1,""search_strategy"":""default""},""phase"":""search""},{""action"":{""execution_action"":""none"",""lip_action"":""none""},""phase"":""low""}]"
JOB,random,b,./workloads/query_job/7b.sql,fixed_1,1.0,498.131476342678,79.179000000000,320.623517036438,ok,1,9d6ae68bd583de41667a4cae160a3da2b5ea5d39fe8dcce1e8fd3d20a5278abe,1,a4af70c8ddc7aefb80d5af5fc2c6c6f015c889e7e9749ff733f02ecf52614e39,88d7af433f6ed21817ea4db96eaac0f0c8366c42d56cf1a215228b6804ddbf27,./results/models/job/random/b/best.pt,"[{""action"":{""high_action"":""split"",""order_decision"":""only_cost""},""phase"":""high""},{""action"":{""candidate_id"":2,""schedule_alpha"":1.0},""phase"":""select""},{""action"":{""search_k"":1,""search_strategy"":""default""},""phase"":""search""},{""action"":{""execution_action"":""none"",""lip_action"":""none""},""phase"":""low""},{""action"":{""high_action"":""split"",""order_decision"":""only_cost""},""phase"":""high""},{""action"":{""candidate_id"":1,""schedule_alpha"":1.0},""phase"":""select""},{""action"":{""search_k"":1,""search_strategy"":""default""},""phase"":""search""},{""action"":{""execution_action"":""none"",""lip_action"":""none""},""phase"":""low""},{""action"":{""high_action"":""split"",""order_decision"":""only_cost""},""phase"":""high""},{""action"":{""candidate_id"":0,""schedule_alpha"":1.0},""phase"":""select""},{""action"":{""search_k"":1,""search_strategy"":""default""},""phase"":""search""},{""action"":{""execution_action"":""none"",""lip_action"":""none""},""phase"":""low""},{""action"":{""high_action"":""stop"",""order_decision"":""only_cost""},""phase"":""high""},{""action"":{""search_k"":1,""search_strategy"":""default""},""phase"":""search""},{""action"":{""execution_action"":""none"",""lip_action"":""none""},""phase"":""low""}]"
JOB,random,b,./workloads/query_job/7c.sql,fixed_1,1.0,5009.968586266041,121.685000000000,6670.190609991550,ok,1,7cdabf89c2c21f17ae631979c9e8405f2f72c7561fa51440c4ebafa4ab13790d,1,65b68abd58163b2223b12e2c9a95bd874670c6a467cda9a77607d5965b80e7d8,4a34051306ee2f8c4b96e552d9e9b23110da7da18bba6009446c2b7576275848,./results/models/job/random/b/best.pt,"[{""action"":{""high_action"":""split"",""order_decision"":""only_cost""},""phase"":""high""},{""action"":{""candidate_id"":2,""schedule_alpha"":1.0},""phase"":""select""},{""action"":{""search_k"":1,""search_strategy"":""default""},""phase"":""search""},{""action"":{""execution_action"":""none"",""lip_action"":""none""},""phase"":""low""},{""action"":{""high_action"":""split"",""order_decision"":""only_cost""},""phase"":""high""},{""action"":{""candidate_id"":2,""schedule_alpha"":1.0},""phase"":""select""},{""action"":{""search_k"":1,""search_strategy"":""default""},""phase"":""search""},{""action"":{""execution_action"":""none"",""lip_action"":""none""},""phase"":""low""},{""action"":{""high_action"":""split"",""order_decision"":""only_cost""},""phase"":""high""},{""action"":{""candidate_id"":0,""schedule_alpha"":1.0},""phase"":""select""},{""action"":{""search_k"":1,""search_strategy"":""default""},""phase"":""search""},{""action"":{""execution_action"":""none"",""lip_action"":""none""},""phase"":""low""},{""action"":{""high_action"":""stop"",""order_decision"":""only_cost""},""phase"":""high""},{""action"":{""search_k"":1,""search_strategy"":""default""},""phase"":""search""},{""action"":{""execution_action"":""none"",""lip_action"":""none""},""phase"":""low""}]"
JOB,random,b,./workloads/query_job/8b.sql,fixed_1,1.0,593.742758035660,76.814000000000,467.543959617615,ok,1,e5b0fc3c68184c62fd7ca88151a039904e2fc3708d4c2773297d07ecda52eef1,1,88ffaa85f9f7a0e48366e3c169118cc5babe2754f4e18ca1bcfb91b14b9843f0,3c736318ed112301271e3717df58be7a11335a0cca2f92964eeec70810aa78ab,./results/models/job/random/b/best.pt,"[{""action"":{""high_action"":""stop"",""order_decision"":""only_cost""},""phase"":""high""},{""action"":{""search_k"":1,""search_strategy"":""default""},""phase"":""search""},{""action"":{""execution_action"":""none"",""lip_action"":""none""},""phase"":""low""}]"
JOB,random,b,./workloads/query_job/8c.sql,fixed_1,1.0,5010.342836380005,59.285000000000,5690.254107117653,ok,1,ca648dbd161cd660e79b73f4d2feac37247f699997bfceb70abcc975adab600b,1,e88e75d64722f698374b46c6a3792f5b0a7d7e1dc85d43580d6204e35dd046c2,20e3062e7125b94c5ba5a167eaf1a149464c09080553e5e1c130d3b3a36819ec,./results/models/job/random/b/best.pt,"[{""action"":{""high_action"":""stop"",""order_decision"":""only_cost""},""phase"":""high""},{""action"":{""search_k"":1,""search_strategy"":""default""},""phase"":""search""},{""action"":{""execution_action"":""none"",""lip_action"":""none""},""phase"":""low""}]"
JOB,random,c,./workloads/query_job/11a.sql,fixed_1,1.0,288.057364523411,123.124000000000,97.215741872787,ok,0,83811c5c01e3bdbafff3ac6671360f1cb19c1452dd9ec0b095bcd21856c36865,1,5dad19010a81319a20a09bfc712c21c980b993ccf216769dc179c91ef7d5cfb6,cdaf235e93edba250d2b2c229b998d8115862a13f34ffcf814e50297d9133f6c,./results/models/job/random/c/best.pt,"[{""action"":{""high_action"":""split"",""order_decision"":""only_cost""},""phase"":""high""},{""action"":{""candidate_id"":1,""schedule_alpha"":1.0},""phase"":""select""},{""action"":{""search_k"":1,""search_strategy"":""default""},""phase"":""search""},{""action"":{""execution_action"":""none"",""lip_action"":""none""},""phase"":""low""},{""action"":{""high_action"":""split"",""order_decision"":""only_cost""},""phase"":""high""},{""action"":{""candidate_id"":1,""schedule_alpha"":1.0},""phase"":""select""},{""action"":{""search_k"":1,""search_strategy"":""default""},""phase"":""search""},{""action"":{""execution_action"":""none"",""lip_action"":""none""},""phase"":""low""},{""action"":{""high_action"":""stop"",""order_decision"":""only_cost""},""phase"":""high""},{""action"":{""search_k"":1,""search_strategy"":""default""},""phase"":""search""},{""action"":{""execution_action"":""none"",""lip_action"":""none""},""phase"":""low""}]"
JOB,random,c,./workloads/query_job/12a.sql,fixed_1,1.0,1032.904729247093,115.805000000000,1140.036240220070,ok,0,859e14caaec80c8e1bdf8043bc9dbcdc6810582adf44e5ae0ea485fc5cb8ed01,1,2f7efbb6a73d97599e445af588122b494972ce8c0f12dac7fe72ef7427826830,4138a91dd9a32e3f573b7332d7c33e1f1dc13b04217e116626e4fa883208acea,./results/models/job/random/c/best.pt,"[{""action"":{""high_action"":""split"",""order_decision"":""only_cost""},""phase"":""high""},{""action"":{""candidate_id"":2,""schedule_alpha"":1.0},""phase"":""select""},{""action"":{""search_k"":1,""search_strategy"":""default""},""phase"":""search""},{""action"":{""execution_action"":""none"",""lip_action"":""none""},""phase"":""low""},{""action"":{""high_action"":""split"",""order_decision"":""only_cost""},""phase"":""high""},{""action"":{""candidate_id"":0,""schedule_alpha"":1.0},""phase"":""select""},{""action"":{""search_k"":1,""search_strategy"":""default""},""phase"":""search""},{""action"":{""execution_action"":""none"",""lip_action"":""none""},""phase"":""low""},{""action"":{""high_action"":""stop"",""order_decision"":""only_cost""},""phase"":""high""},{""action"":{""search_k"":1,""search_strategy"":""default""},""phase"":""search""},{""action"":{""execution_action"":""none"",""lip_action"":""none""},""phase"":""low""}]"
JOB,random,c,./workloads/query_job/13c.sql,fixed_1,1.0,1391.707345843315,207.062000000000,1062.294617295265,ok,0,62d718231272d8795fb939428fb8d114fb4735e7ff7ba5aa1c8431e0dd880cb9,1,6996ece0e1d4628233c397acc4eb17a8f0ef5256b49b811fc9859cb2af3ee4b7,5e98e311e8fa89a445a2d735be9ef4f21ce7aa32452a3dbe19fc55a5404f3d2f,./results/models/job/random/c/best.pt,"[{""action"":{""high_action"":""split"",""order_decision"":""only_cost""},""phase"":""high""},{""action"":{""candidate_id"":2,""schedule_alpha"":1.0},""phase"":""select""},{""action"":{""search_k"":1,""search_strategy"":""default""},""phase"":""search""},{""action"":{""execution_action"":""none"",""lip_action"":""none""},""phase"":""low""},{""action"":{""high_action"":""split"",""order_decision"":""only_cost""},""phase"":""high""},{""action"":{""candidate_id"":0,""schedule_alpha"":1.0},""phase"":""select""},{""action"":{""search_k"":1,""search_strategy"":""default""},""phase"":""search""},{""action"":{""execution_action"":""conservative"",""lip_action"":""selective""},""phase"":""low""},{""action"":{""high_action"":""split"",""order_decision"":""only_cost""},""phase"":""high""},{""action"":{""candidate_id"":0,""schedule_alpha"":1.0},""phase"":""select""},{""action"":{""search_k"":1,""search_strategy"":""default""},""phase"":""search""},{""action"":{""execution_action"":""none"",""lip_action"":""none""},""phase"":""low""},{""action"":{""high_action"":""stop"",""order_decision"":""only_cost""},""phase"":""high""},{""action"":{""search_k"":1,""search_strategy"":""default""},""phase"":""search""},{""action"":{""execution_action"":""none"",""lip_action"":""none""},""phase"":""low""}]"
JOB,random,c,./workloads/query_job/14a.sql,fixed_1,1.0,829.153954982758,194.974000000000,624.498143792152,ok,0,f13c3a0e601dd42f5abd41675e0438c06c7c79b9e0a6b2e6974fe4952b94c09e,1,51249208a31202d467ee357b365fb68ed8268c59fbaaa20e0c37a2422ed755ee,f4e529eed12d0bdb44fd3cd0cda42fc537b4880c650fcc3553dbb64f6b3af196,./results/models/job/random/c/best.pt,"[{""action"":{""high_action"":""split"",""order_decision"":""only_cost""},""phase"":""high""},{""action"":{""candidate_id"":2,""schedule_alpha"":1.0},""phase"":""select""},{""action"":{""search_k"":1,""search_strategy"":""default""},""phase"":""search""},{""action"":{""execution_action"":""none"",""lip_action"":""none""},""phase"":""low""},{""action"":{""high_action"":""split"",""order_decision"":""only_cost""},""phase"":""high""},{""action"":{""candidate_id"":0,""schedule_alpha"":1.0},""phase"":""select""},{""action"":{""search_k"":1,""search_strategy"":""default""},""phase"":""search""},{""action"":{""execution_action"":""conservative"",""lip_action"":""selective""},""phase"":""low""},{""action"":{""high_action"":""split"",""order_decision"":""only_cost""},""phase"":""high""},{""action"":{""candidate_id"":1,""schedule_alpha"":1.0},""phase"":""select""},{""action"":{""search_k"":1,""search_strategy"":""default""},""phase"":""search""},{""action"":{""execution_action"":""none"",""lip_action"":""none""},""phase"":""low""},{""action"":{""high_action"":""stop"",""order_decision"":""only_cost""},""phase"":""high""},{""action"":{""search_k"":1,""search_strategy"":""default""},""phase"":""search""},{""action"":{""execution_action"":""none"",""lip_action"":""none""},""phase"":""low""}]"
JOB,random,c,./workloads/query_job/15a.sql,fixed_1,1.0,3893.123120069504,163.697000000000,934.111781418324,ok,0,0bf74f571c854c91dada16e78f6a511682855e8364304c1e74a2715a468ad523,1,7f86eaf6eae20b39d28149718b29b318d49b156a23e5a943233b61417f6f203b,891e5ff5bf7568e5cc8797e34e4f0371fb168fc62b2eb7bc74f186058412625f,./results/models/job/random/c/best.pt,"[{""action"":{""high_action"":""split"",""order_decision"":""only_cost""},""phase"":""high""},{""action"":{""candidate_id"":0,""schedule_alpha"":1.0},""phase"":""select""},{""action"":{""search_k"":1,""search_strategy"":""default""},""phase"":""search""},{""action"":{""execution_action"":""conservative"",""lip_action"":""selective""},""phase"":""low""},{""action"":{""high_action"":""split"",""order_decision"":""only_cost""},""phase"":""high""},{""action"":{""candidate_id"":0,""schedule_alpha"":1.0},""phase"":""select""},{""action"":{""search_k"":1,""search_strategy"":""default""},""phase"":""search""},{""action"":{""execution_action"":""conservative"",""lip_action"":""selective""},""phase"":""low""},{""action"":{""high_action"":""split"",""order_decision"":""only_cost""},""phase"":""high""},{""action"":{""candidate_id"":1,""schedule_alpha"":1.0},""phase"":""select""},{""action"":{""search_k"":1,""search_strategy"":""default""},""phase"":""search""},{""action"":{""execution_action"":""conservative"",""lip_action"":""selective""},""phase"":""low""},{""action"":{""high_action"":""stop"",""order_decision"":""only_cost""},""phase"":""high""},{""action"":{""search_k"":1,""search_strategy"":""default""},""phase"":""search""},{""action"":{""execution_action"":""none"",""lip_action"":""none""},""phase"":""low""}]"
JOB,random,c,./workloads/query_job/15b.sql,fixed_1,1.0,298.826895654202,179.026000000000,96.578747034073,ok,0,b25c3f018dd147bf4abce160072d7f8ba5b0f3abbe07bec34bc2e8b72eefff81,1,d4cc0ab0950eb90e3906338353f4cb49b5bb75e8110638d01a20316b6893fbc3,f3fa1f7519aedbc3068fafbcd4f402682cbbc80fbec37c1ddb23f25ef2c1f37a,./results/models/job/random/c/best.pt,"[{""action"":{""high_action"":""split"",""order_decision"":""only_cost""},""phase"":""high""},{""action"":{""candidate_id"":1,""schedule_alpha"":1.0},""phase"":""select""},{""action"":{""search_k"":1,""search_strategy"":""default""},""phase"":""search""},{""action"":{""execution_action"":""none"",""lip_action"":""none""},""phase"":""low""},{""action"":{""high_action"":""split"",""order_decision"":""only_cost""},""phase"":""high""},{""action"":{""candidate_id"":0,""schedule_alpha"":1.0},""phase"":""select""},{""action"":{""search_k"":1,""search_strategy"":""default""},""phase"":""search""},{""action"":{""execution_action"":""none"",""lip_action"":""none""},""phase"":""low""},{""action"":{""high_action"":""split"",""order_decision"":""only_cost""},""phase"":""high""},{""action"":{""candidate_id"":1,""schedule_alpha"":1.0},""phase"":""select""},{""action"":{""search_k"":1,""search_strategy"":""default""},""phase"":""search""},{""action"":{""execution_action"":""none"",""lip_action"":""none""},""phase"":""low""},{""action"":{""high_action"":""stop"",""order_decision"":""only_cost""},""phase"":""high""},{""action"":{""search_k"":1,""search_strategy"":""default""},""phase"":""search""},{""action"":{""execution_action"":""none"",""lip_action"":""none""},""phase"":""low""}]"
JOB,random,c,./workloads/query_job/16c.sql,fixed_1,1.0,3340.273775160313,131.039000000000,1735.685698688030,ok,0,1318f60bc0ac9eb3ca4ac578870bec99e9ac05ece5a440ba30e253efb9ea5aeb,1,09867b514abb3db0682c7790b493e935cd5ebc6ea38c026edd7d3d957b7f8346,9f7d453bce3d46ff76fb97505f4af3dfbe4d7617fcd98b73f3db1ea75c03abc9,./results/models/job/random/c/best.pt,"[{""action"":{""high_action"":""split"",""order_decision"":""only_cost""},""phase"":""high""},{""action"":{""candidate_id"":3,""schedule_alpha"":1.0},""phase"":""select""},{""action"":{""search_k"":1,""search_strategy"":""default""},""phase"":""search""},{""action"":{""execution_action"":""none"",""lip_action"":""none""},""phase"":""low""},{""action"":{""high_action"":""split"",""order_decision"":""only_cost""},""phase"":""high""},{""action"":{""candidate_id"":2,""schedule_alpha"":1.0},""phase"":""select""},{""action"":{""search_k"":1,""search_strategy"":""default""},""phase"":""search""},{""action"":{""execution_action"":""conservative"",""lip_action"":""selective""},""phase"":""low""},{""action"":{""high_action"":""split"",""order_decision"":""only_cost""},""phase"":""high""},{""action"":{""candidate_id"":0,""schedule_alpha"":1.0},""phase"":""select""},{""action"":{""search_k"":1,""search_strategy"":""default""},""phase"":""search""},{""action"":{""execution_action"":""conservative"",""lip_action"":""selective""},""phase"":""low""},{""action"":{""high_action"":""stop"",""order_decision"":""only_cost""},""phase"":""high""},{""action"":{""search_k"":1,""search_strategy"":""default""},""phase"":""search""},{""action"":{""execution_action"":""conservative"",""lip_action"":""selective""},""phase"":""low""}]"
JOB,random,c,./workloads/query_job/16d.sql,fixed_1,1.0,3422.924071550369,157.064000000000,1408.553376793861,ok,0,1318f60bc0ac9eb3ca4ac578870bec99e9ac05ece5a440ba30e253efb9ea5aeb,1,af37117f9a54b66659dc28c2b999c21a9b98812b0041e7ff63ffece9ba6a9332,329f4f23743e185eb2e39750a41e4aa664e122aa110646ac704c844964d31c7f,./results/models/job/random/c/best.pt,"[{""action"":{""high_action"":""split"",""order_decision"":""only_cost""},""phase"":""high""},{""action"":{""candidate_id"":3,""schedule_alpha"":1.0},""phase"":""select""},{""action"":{""search_k"":1,""search_strategy"":""default""},""phase"":""search""},{""action"":{""execution_action"":""none"",""lip_action"":""none""},""phase"":""low""},{""action"":{""high_action"":""split"",""order_decision"":""only_cost""},""phase"":""high""},{""action"":{""candidate_id"":2,""schedule_alpha"":1.0},""phase"":""select""},{""action"":{""search_k"":1,""search_strategy"":""default""},""phase"":""search""},{""action"":{""execution_action"":""conservative"",""lip_action"":""selective""},""phase"":""low""},{""action"":{""high_action"":""split"",""order_decision"":""only_cost""},""phase"":""high""},{""action"":{""candidate_id"":0,""schedule_alpha"":1.0},""phase"":""select""},{""action"":{""search_k"":1,""search_strategy"":""default""},""phase"":""search""},{""action"":{""execution_action"":""conservative"",""lip_action"":""selective""},""phase"":""low""},{""action"":{""high_action"":""stop"",""order_decision"":""only_cost""},""phase"":""high""},{""action"":{""search_k"":1,""search_strategy"":""default""},""phase"":""search""},{""action"":{""execution_action"":""conservative"",""lip_action"":""selective""},""phase"":""low""}]"
JOB,random,c,./workloads/query_job/17a.sql,fixed_1,1.0,5854.511149227619,110.840000000000,11863.254874944687,ok,0,12f3484b478e4f8b8c8fb87fad1c71c58c270dfee71990c3ecc25050d8a36b0f,1,5aad107eef2cf606307515cf8ffebce0e6b104525b34b3e4d2fc25b54e0c32be,fccd902ee301aeb0ed70ec1b337dd989444da757f8672c20b996d22226e72145,./results/models/job/random/c/best.pt,"[{""action"":{""high_action"":""split"",""order_decision"":""only_cost""},""phase"":""high""},{""action"":{""candidate_id"":2,""schedule_alpha"":1.0},""phase"":""select""},{""action"":{""search_k"":1,""search_strategy"":""default""},""phase"":""search""},{""action"":{""execution_action"":""none"",""lip_action"":""none""},""phase"":""low""},{""action"":{""high_action"":""split"",""order_decision"":""only_cost""},""phase"":""high""},{""action"":{""candidate_id"":1,""schedule_alpha"":1.0},""phase"":""select""},{""action"":{""search_k"":1,""search_strategy"":""default""},""phase"":""search""},{""action"":{""execution_action"":""conservative"",""lip_action"":""selective""},""phase"":""low""},{""action"":{""high_action"":""stop"",""order_decision"":""only_cost""},""phase"":""high""},{""action"":{""search_k"":1,""search_strategy"":""default""},""phase"":""search""},{""action"":{""execution_action"":""none"",""lip_action"":""none""},""phase"":""low""}]"
JOB,random,c,./workloads/query_job/17b.sql,fixed_1,1.0,3880.731664597988,146.749000000000,7820.629060268402,ok,1,de642ce5a04416b5f5d58162138ce38932542abd6a7a7a08d538f1a6fc288f85,1,1563ccd07632c90eccb156fe6c39502bd9e7a52ffa6593eb156e8f5ffa1f22a6,ab8ed59fbc064a0faab59d74c27ae120e10980c4da217c6145888faff0699814,./results/models/job/random/c/best.pt,"[{""action"":{""high_action"":""split"",""order_decision"":""only_cost""},""phase"":""high""},{""action"":{""candidate_id"":2,""schedule_alpha"":1.0},""phase"":""select""},{""action"":{""search_k"":1,""search_strategy"":""default""},""phase"":""search""},{""action"":{""execution_action"":""none"",""lip_action"":""none""},""phase"":""low""},{""action"":{""high_action"":""split"",""order_decision"":""only_cost""},""phase"":""high""},{""action"":{""candidate_id"":1,""schedule_alpha"":1.0},""phase"":""select""},{""action"":{""search_k"":1,""search_strategy"":""default""},""phase"":""search""},{""action"":{""execution_action"":""conservative"",""lip_action"":""selective""},""phase"":""low""},{""action"":{""high_action"":""stop"",""order_decision"":""only_cost""},""phase"":""high""},{""action"":{""search_k"":1,""search_strategy"":""default""},""phase"":""search""},{""action"":{""execution_action"":""conservative"",""lip_action"":""selective""},""phase"":""low""}]"
JOB,random,c,./workloads/query_job/17c.sql,fixed_1,1.0,4630.759797990322,74.664000000000,7307.303510606289,ok,0,89318885181be4671a585035246d501b4eb546101d7a71035ac9eaf20c99bdff,1,4f6d1d93d87b52689aaafd5c3e42710c4609524dd4deafcb68346ead5c1cd115,6d6ce3c3b9ae075e5d22a4a3ad37e68870298da0c248834a2c749b12391063a4,./results/models/job/random/c/best.pt,"[{""action"":{""high_action"":""split"",""order_decision"":""only_cost""},""phase"":""high""},{""action"":{""candidate_id"":2,""schedule_alpha"":1.0},""phase"":""select""},{""action"":{""search_k"":1,""search_strategy"":""default""},""phase"":""search""},{""action"":{""execution_action"":""none"",""lip_action"":""none""},""phase"":""low""},{""action"":{""high_action"":""split"",""order_decision"":""only_cost""},""phase"":""high""},{""action"":{""candidate_id"":1,""schedule_alpha"":1.0},""phase"":""select""},{""action"":{""search_k"":1,""search_strategy"":""default""},""phase"":""search""},{""action"":{""execution_action"":""conservative"",""lip_action"":""selective""},""phase"":""low""},{""action"":{""high_action"":""stop"",""order_decision"":""only_cost""},""phase"":""high""},{""action"":{""search_k"":1,""search_strategy"":""default""},""phase"":""search""},{""action"":{""execution_action"":""conservative"",""lip_action"":""selective""},""phase"":""low""}]"
JOB,random,c,./workloads/query_job/17e.sql,fixed_1,1.0,5533.834002912045,58.980000000000,10082.962311804295,ok,1,f737f87f1aee3edfa2a8464fe8782aa3d0139b69867ac6bfd244eb890fff19b5,1,c2ba80251af5de31ebe0373fa49192e2d56809438a57016f1dcc642d96232cc4,31052daa2e7c89a44331c969bc2a52d5b2f91403c8e20d2e53150f798c599c9d,./results/models/job/random/c/best.pt,"[{""action"":{""high_action"":""split"",""order_decision"":""only_cost""},""phase"":""high""},{""action"":{""candidate_id"":2,""schedule_alpha"":1.0},""phase"":""select""},{""action"":{""search_k"":1,""search_strategy"":""default""},""phase"":""search""},{""action"":{""execution_action"":""none"",""lip_action"":""none""},""phase"":""low""},{""action"":{""high_action"":""split"",""order_decision"":""only_cost""},""phase"":""high""},{""action"":{""candidate_id"":1,""schedule_alpha"":1.0},""phase"":""select""},{""action"":{""search_k"":1,""search_strategy"":""default""},""phase"":""search""},{""action"":{""execution_action"":""conservative"",""lip_action"":""selective""},""phase"":""low""},{""action"":{""high_action"":""stop"",""order_decision"":""only_cost""},""phase"":""high""},{""action"":{""search_k"":1,""search_strategy"":""default""},""phase"":""search""},{""action"":{""execution_action"":""none"",""lip_action"":""none""},""phase"":""low""}]"
JOB,random,c,./workloads/query_job/19d.sql,fixed_1,1.0,7234.446927905083,255.667000000000,12959.958776831627,ok,0,a4539f795d93860062d39d330febb9a7e2eba327a0dde36ea917ef25d81da7fb,1,d37767283e2ef1ba077117ef7827c2edf11ca2b0af0870b6e01bc84494675abc,8526fc5a295807b85bb17ce792ba69d529058d9022bb2334ad7845aa849d5b4e,./results/models/job/random/c/best.pt,"[{""action"":{""high_action"":""split"",""order_decision"":""only_cost""},""phase"":""high""},{""action"":{""candidate_id"":0,""schedule_alpha"":1.0},""phase"":""select""},{""action"":{""search_k"":1,""search_strategy"":""default""},""phase"":""search""},{""action"":{""execution_action"":""conservative"",""lip_action"":""selective""},""phase"":""low""},{""action"":{""high_action"":""split"",""order_decision"":""only_cost""},""phase"":""high""},{""action"":{""candidate_id"":1,""schedule_alpha"":1.0},""phase"":""select""},{""action"":{""search_k"":1,""search_strategy"":""default""},""phase"":""search""},{""action"":{""execution_action"":""conservative"",""lip_action"":""selective""},""phase"":""low""},{""action"":{""high_action"":""split"",""order_decision"":""only_cost""},""phase"":""high""},{""action"":{""candidate_id"":0,""schedule_alpha"":1.0},""phase"":""select""},{""action"":{""search_k"":1,""search_strategy"":""default""},""phase"":""search""},{""action"":{""execution_action"":""conservative"",""lip_action"":""selective""},""phase"":""low""},{""action"":{""high_action"":""stop"",""order_decision"":""only_cost""},""phase"":""high""},{""action"":{""search_k"":1,""search_strategy"":""default""},""phase"":""search""},{""action"":{""execution_action"":""none"",""lip_action"":""none""},""phase"":""low""}]"
JOB,random,c,./workloads/query_job/1b.sql,fixed_1,1.0,52.768386900425,31.975000000000,11.884637176991,ok,1,be1d6ac40c20f262e1328dfd04b2021cc535502e6b32eff765a057282a5df4f7,1,2ff624d3319731a3a8e0bcd9b6b4465b8274c522746e2e5c0465f669bc3a0731,6dec74c626bdf111186f33bd5c40823e0f649d4592188cf3f77daf58f45e9031,./results/models/job/random/c/best.pt,"[{""action"":{""high_action"":""split"",""order_decision"":""only_cost""},""phase"":""high""},{""action"":{""candidate_id"":1,""schedule_alpha"":1.0},""phase"":""select""},{""action"":{""search_k"":1,""search_strategy"":""default""},""phase"":""search""},{""action"":{""execution_action"":""none"",""lip_action"":""none""},""phase"":""low""},{""action"":{""high_action"":""stop"",""order_decision"":""only_cost""},""phase"":""high""},{""action"":{""search_k"":1,""search_strategy"":""default""},""phase"":""search""},{""action"":{""execution_action"":""none"",""lip_action"":""none""},""phase"":""low""}]"
JOB,random,c,./workloads/query_job/1c.sql,fixed_1,1.0,101.569153368473,78.591000000000,19.848696887493,ok,1,c9cfeb2c53a9c7d56ba455c5c333a8fac5db32559ebd94b17f2dbd68a69e1122,1,c1ddd16b03c62678f67c4aa2dbadd090a6301a3effac1a7ea468bb070ff2457d,e07ad5ad5e3d49528a3ecf97fb40064b90abb460b7afe8a2686a91344aafdc4b,./results/models/job/random/c/best.pt,"[{""action"":{""high_action"":""split"",""order_decision"":""only_cost""},""phase"":""high""},{""action"":{""candidate_id"":1,""schedule_alpha"":1.0},""phase"":""select""},{""action"":{""search_k"":1,""search_strategy"":""default""},""phase"":""search""},{""action"":{""execution_action"":""none"",""lip_action"":""none""},""phase"":""low""},{""action"":{""high_action"":""stop"",""order_decision"":""only_cost""},""phase"":""high""},{""action"":{""search_k"":1,""search_strategy"":""default""},""phase"":""search""},{""action"":{""execution_action"":""none"",""lip_action"":""none""},""phase"":""low""}]"
JOB,random,c,./workloads/query_job/20c.sql,fixed_1,1.0,1474.004670977592,270.513000000000,1157.161042094231,ok,0,568e7928022d673040c12df4a67123a0784853e4f2fd144a3c3ad416f6a0ff39,1,be99d3f9b16440ddcc81de4255d250136190ab0dd0910d9017c6c6d8ec4df391,796726c0520ba6c4ea06878643043acb8a1e7f1da3eceed7af59c1bf864f8211,./results/models/job/random/c/best.pt,"[{""action"":{""high_action"":""split"",""order_decision"":""only_cost""},""phase"":""high""},{""action"":{""candidate_id"":2,""schedule_alpha"":1.0},""phase"":""select""},{""action"":{""search_k"":1,""search_strategy"":""default""},""phase"":""search""},{""action"":{""execution_action"":""none"",""lip_action"":""none""},""phase"":""low""},{""action"":{""high_action"":""split"",""order_decision"":""only_cost""},""phase"":""high""},{""action"":{""candidate_id"":2,""schedule_alpha"":1.0},""phase"":""select""},{""action"":{""search_k"":1,""search_strategy"":""default""},""phase"":""search""},{""action"":{""execution_action"":""conservative"",""lip_action"":""selective""},""phase"":""low""},{""action"":{""high_action"":""split"",""order_decision"":""only_cost""},""phase"":""high""},{""action"":{""candidate_id"":0,""schedule_alpha"":1.0},""phase"":""select""},{""action"":{""search_k"":1,""search_strategy"":""default""},""phase"":""search""},{""action"":{""execution_action"":""conservative"",""lip_action"":""selective""},""phase"":""low""},{""action"":{""high_action"":""stop"",""order_decision"":""only_cost""},""phase"":""high""},{""action"":{""search_k"":1,""search_strategy"":""default""},""phase"":""search""},{""action"":{""execution_action"":""none"",""lip_action"":""none""},""phase"":""low""}]"
JOB,random,c,./workloads/query_job/21a.sql,fixed_1,1.0,367.646567523479,177.796000000000,115.173719823360,ok,0,6114bcae99606cbd64c86c8dd7da67c69f8e545ea60c5213503552460a7306d0,1,a08e13cb5e57b36ba003a211955233cc8de32e2614e8cdd7fd807eb62790b6c0,c39255582a3a54085f6f34b6cfb3f7b63436ad20197ead7436883a394ca476b7,./results/models/job/random/c/best.pt,"[{""action"":{""high_action"":""split"",""order_decision"":""only_cost""},""phase"":""high""},{""action"":{""candidate_id"":2,""schedule_alpha"":1.0},""phase"":""select""},{""action"":{""search_k"":1,""search_strategy"":""default""},""phase"":""search""},{""action"":{""execution_action"":""none"",""lip_action"":""none""},""phase"":""low""},{""action"":{""high_action"":""split"",""order_decision"":""only_cost""},""phase"":""high""},{""action"":{""candidate_id"":2,""schedule_alpha"":1.0},""phase"":""select""},{""action"":{""search_k"":1,""search_strategy"":""default""},""phase"":""search""},{""action"":{""execution_action"":""none"",""lip_action"":""none""},""phase"":""low""},{""action"":{""high_action"":""split"",""order_decision"":""only_cost""},""phase"":""high""},{""action"":{""candidate_id"":0,""schedule_alpha"":1.0},""phase"":""select""},{""action"":{""search_k"":1,""search_strategy"":""default""},""phase"":""search""},{""action"":{""execution_action"":""none"",""lip_action"":""none""},""phase"":""low""},{""action"":{""high_action"":""stop"",""order_decision"":""only_cost""},""phase"":""high""},{""action"":{""search_k"":1,""search_strategy"":""default""},""phase"":""search""},{""action"":{""execution_action"":""none"",""lip_action"":""none""},""phase"":""low""}]"
JOB,random,c,./workloads/query_job/21b.sql,fixed_1,1.0,370.082058012486,186.692000000000,113.432332873344,ok,0,1da28682b56bf46849a42e55ba2b328e656ccb98f2f56a02e22549b0a2dec397,1,99505a3681c5951fbabc3022d3094080e2bc736418061dfee021479c779db193,b6c97555280f98ec052a0924ed78367301e3517b35da98920a3f37667e4982b2,./results/models/job/random/c/best.pt,"[{""action"":{""high_action"":""split"",""order_decision"":""only_cost""},""phase"":""high""},{""action"":{""candidate_id"":2,""schedule_alpha"":1.0},""phase"":""select""},{""action"":{""search_k"":1,""search_strategy"":""default""},""phase"":""search""},{""action"":{""execution_action"":""none"",""lip_action"":""none""},""phase"":""low""},{""action"":{""high_action"":""split"",""order_decision"":""only_cost""},""phase"":""high""},{""action"":{""candidate_id"":2,""schedule_alpha"":1.0},""phase"":""select""},{""action"":{""search_k"":1,""search_strategy"":""default""},""phase"":""search""},{""action"":{""execution_action"":""none"",""lip_action"":""none""},""phase"":""low""},{""action"":{""high_action"":""split"",""order_decision"":""only_cost""},""phase"":""high""},{""action"":{""candidate_id"":0,""schedule_alpha"":1.0},""phase"":""select""},{""action"":{""search_k"":1,""search_strategy"":""default""},""phase"":""search""},{""action"":{""execution_action"":""none"",""lip_action"":""none""},""phase"":""low""},{""action"":{""high_action"":""stop"",""order_decision"":""only_cost""},""phase"":""high""},{""action"":{""search_k"":1,""search_strategy"":""default""},""phase"":""search""},{""action"":{""execution_action"":""none"",""lip_action"":""none""},""phase"":""low""}]"
JOB,random,c,./workloads/query_job/21c.sql,fixed_1,1.0,356.514573097229,170.526000000000,125.217385590076,ok,0,83811c5c01e3bdbafff3ac6671360f1cb19c1452dd9ec0b095bcd21856c36865,1,802f543ff15f24d787e97aa823da0e568cfd260140249114928ac0b19d0e23b6,a3d2edf131eeb32d5f7c9bbb80e96eac57e05742898cef53439acb7da120f7f8,./results/models/job/random/c/best.pt,"[{""action"":{""high_action"":""split"",""order_decision"":""only_cost""},""phase"":""high""},{""action"":{""candidate_id"":2,""schedule_alpha"":1.0},""phase"":""select""},{""action"":{""search_k"":1,""search_strategy"":""default""},""phase"":""search""},{""action"":{""execution_action"":""none"",""lip_action"":""none""},""phase"":""low""},{""action"":{""high_action"":""split"",""order_decision"":""only_cost""},""phase"":""high""},{""action"":{""candidate_id"":2,""schedule_alpha"":1.0},""phase"":""select""},{""action"":{""search_k"":1,""search_strategy"":""default""},""phase"":""search""},{""action"":{""execution_action"":""none"",""lip_action"":""none""},""phase"":""low""},{""action"":{""high_action"":""split"",""order_decision"":""only_cost""},""phase"":""high""},{""action"":{""candidate_id"":0,""schedule_alpha"":1.0},""phase"":""select""},{""action"":{""search_k"":1,""search_strategy"":""default""},""phase"":""search""},{""action"":{""execution_action"":""none"",""lip_action"":""none""},""phase"":""low""},{""action"":{""high_action"":""stop"",""order_decision"":""only_cost""},""phase"":""high""},{""action"":{""search_k"":1,""search_strategy"":""default""},""phase"":""search""},{""action"":{""execution_action"":""none"",""lip_action"":""none""},""phase"":""low""}]"
JOB,random,c,./workloads/query_job/23a.sql,fixed_1,1.0,1180.619597434998,262.264000000000,412.200421094894,ok,0,e33290c8b8a911bae419941260d0bb2e09cceab157ff21cbd4088e50c3a1cc9b,1,e4d6b826afc507fc4fbaa37e58cf808319d328ecfd4148cf52c4ec93373524f4,949f815eb00a6e968b0a9ba9bc55f650f6be187c4c1e0bf8b6950d89dc48ed84,./results/models/job/random/c/best.pt,"[{""action"":{""high_action"":""split"",""order_decision"":""only_cost""},""phase"":""high""},{""action"":{""candidate_id"":4,""schedule_alpha"":1.0},""phase"":""select""},{""action"":{""search_k"":1,""search_strategy"":""default""},""phase"":""search""},{""action"":{""execution_action"":""none"",""lip_action"":""none""},""phase"":""low""},{""action"":{""high_action"":""split"",""order_decision"":""only_cost""},""phase"":""high""},{""action"":{""candidate_id"":0,""schedule_alpha"":1.0},""phase"":""select""},{""action"":{""search_k"":1,""search_strategy"":""default""},""phase"":""search""},{""action"":{""execution_action"":""conservative"",""lip_action"":""selective""},""phase"":""low""},{""action"":{""high_action"":""split"",""order_decision"":""only_cost""},""phase"":""high""},{""action"":{""candidate_id"":2,""schedule_alpha"":1.0},""phase"":""select""},{""action"":{""search_k"":1,""search_strategy"":""default""},""phase"":""search""},{""action"":{""execution_action"":""conservative"",""lip_action"":""selective""},""phase"":""low""},{""action"":{""high_action"":""split"",""order_decision"":""only_cost""},""phase"":""high""},{""action"":{""candidate_id"":1,""schedule_alpha"":1.0},""phase"":""select""},{""action"":{""search_k"":1,""search_strategy"":""default""},""phase"":""search""},{""action"":{""execution_action"":""none"",""lip_action"":""none""},""phase"":""low""},{""action"":{""high_action"":""stop"",""order_decision"":""only_cost""},""phase"":""high""},{""action"":{""search_k"":1,""search_strategy"":""default""},""phase"":""search""},{""action"":{""execution_action"":""none"",""lip_action"":""none""},""phase"":""low""}]"
JOB,random,c,./workloads/query_job/24b.sql,fixed_1,1.0,380.141980946064,265.347000000000,434.322066605091,ok,0,c6a12dd8a9651eef2928671373921d7e677edea1ec96df6544103293106311ef,1,e9f9358c4c6c3be755cc838319d6abe8b50f2eef716ac719b3ee4625b8791d25,bdd610ef657f3667c7dd2ac6b2ea250037cd9804763a319766f37a9bead54cf0,./results/models/job/random/c/best.pt,"[{""action"":{""high_action"":""split"",""order_decision"":""only_cost""},""phase"":""high""},{""action"":{""candidate_id"":2,""schedule_alpha"":1.0},""phase"":""select""},{""action"":{""search_k"":1,""search_strategy"":""default""},""phase"":""search""},{""action"":{""execution_action"":""none"",""lip_action"":""none""},""phase"":""low""},{""action"":{""high_action"":""split"",""order_decision"":""only_cost""},""phase"":""high""},{""action"":{""candidate_id"":3,""schedule_alpha"":1.0},""phase"":""select""},{""action"":{""search_k"":1,""search_strategy"":""default""},""phase"":""search""},{""action"":{""execution_action"":""none"",""lip_action"":""none""},""phase"":""low""},{""action"":{""high_action"":""split"",""order_decision"":""only_cost""},""phase"":""high""},{""action"":{""candidate_id"":1,""schedule_alpha"":1.0},""phase"":""select""},{""action"":{""search_k"":1,""search_strategy"":""default""},""phase"":""search""},{""action"":{""execution_action"":""none"",""lip_action"":""none""},""phase"":""low""},{""action"":{""high_action"":""split"",""order_decision"":""only_cost""},""phase"":""high""},{""action"":{""candidate_id"":0,""schedule_alpha"":1.0},""phase"":""select""},{""action"":{""search_k"":1,""search_strategy"":""default""},""phase"":""search""},{""action"":{""execution_action"":""none"",""lip_action"":""none""},""phase"":""low""},{""action"":{""high_action"":""stop"",""order_decision"":""only_cost""},""phase"":""high""},{""action"":{""search_k"":1,""search_strategy"":""default""},""phase"":""search""},{""action"":{""execution_action"":""none"",""lip_action"":""none""},""phase"":""low""}]"
JOB,random,c,./workloads/query_job/25a.sql,fixed_1,1.0,1928.402304649353,176.812000000000,3026.886664330959,ok,0,3f61bc3b5b8945716ddc701b2a0b19f860043a01c2e6df0e838c90693f07dd20,1,0b342f6aa7cccc2d1c0752b9370e3746698502f9d2401aa5ebf589cfb73c814e,5b44f7f6267a2e87749e5aa7d58999eeae93d90339e5ef427c3f8a9f03ec7615,./results/models/job/random/c/best.pt,"[{""action"":{""high_action"":""split"",""order_decision"":""only_cost""},""phase"":""high""},{""action"":{""candidate_id"":3,""schedule_alpha"":1.0},""phase"":""select""},{""action"":{""search_k"":1,""search_strategy"":""default""},""phase"":""search""},{""action"":{""execution_action"":""none"",""lip_action"":""none""},""phase"":""low""},{""action"":{""high_action"":""split"",""order_decision"":""only_cost""},""phase"":""high""},{""action"":{""candidate_id"":2,""schedule_alpha"":1.0},""phase"":""select""},{""action"":{""search_k"":1,""search_strategy"":""default""},""phase"":""search""},{""action"":{""execution_action"":""conservative"",""lip_action"":""selective""},""phase"":""low""},{""action"":{""high_action"":""split"",""order_decision"":""only_cost""},""phase"":""high""},{""action"":{""candidate_id"":1,""schedule_alpha"":1.0},""phase"":""select""},{""action"":{""search_k"":1,""search_strategy"":""default""},""phase"":""search""},{""action"":{""execution_action"":""conservative"",""lip_action"":""selective""},""phase"":""low""},{""action"":{""high_action"":""stop"",""order_decision"":""only_cost""},""phase"":""high""},{""action"":{""search_k"":1,""search_strategy"":""default""},""phase"":""search""},{""action"":{""execution_action"":""none"",""lip_action"":""none""},""phase"":""low""}]"
JOB,random,c,./workloads/query_job/25b.sql,fixed_1,1.0,572.460569441319,150.466000000000,415.515519678593,ok,0,a6dff347cc4e2c49ccacd365b50a365a6fabbfadf92d2cdfddeb9d790e3bbb17,1,dfd8b1f095c4c825529f4f52ad8033a195d4f8491357bfe0297ac917e34fd689,8a21cecbb9953ea54ef6f13c5baee8bde672eaa55dd93de25c6cd4f907c224dd,./results/models/job/random/c/best.pt,"[{""action"":{""high_action"":""split"",""order_decision"":""only_cost""},""phase"":""high""},{""action"":{""candidate_id"":3,""schedule_alpha"":1.0},""phase"":""select""},{""action"":{""search_k"":1,""search_strategy"":""default""},""phase"":""search""},{""action"":{""execution_action"":""none"",""lip_action"":""none""},""phase"":""low""},{""action"":{""high_action"":""split"",""order_decision"":""only_cost""},""phase"":""high""},{""action"":{""candidate_id"":2,""schedule_alpha"":1.0},""phase"":""select""},{""action"":{""search_k"":1,""search_strategy"":""default""},""phase"":""search""},{""action"":{""execution_action"":""none"",""lip_action"":""none""},""phase"":""low""},{""action"":{""high_action"":""split"",""order_decision"":""only_cost""},""phase"":""high""},{""action"":{""candidate_id"":0,""schedule_alpha"":1.0},""phase"":""select""},{""action"":{""search_k"":1,""search_strategy"":""default""},""phase"":""search""},{""action"":{""execution_action"":""none"",""lip_action"":""none""},""phase"":""low""},{""action"":{""high_action"":""stop"",""order_decision"":""only_cost""},""phase"":""high""},{""action"":{""search_k"":1,""search_strategy"":""default""},""phase"":""search""},{""action"":{""execution_action"":""none"",""lip_action"":""none""},""phase"":""low""}]"
JOB,random,c,./workloads/query_job/26c.sql,fixed_1,1.0,1248.494416475296,205.886000000000,4432.994611561298,ok,0,028fa66983476fd11ebe0fc3fe75f01f243fb077ff18202487babf6b5905aae1,1,01c870a88448bc294704d6ee152056706879a00b3ab0fbd8e5a93d40f2231d4d,836e350ca207d341ef3782ebca0f131020a8c465d07eae52d41f268744ffff4f,./results/models/job/random/c/best.pt,"[{""action"":{""high_action"":""split"",""order_decision"":""only_cost""},""phase"":""high""},{""action"":{""candidate_id"":3,""schedule_alpha"":1.0},""phase"":""select""},{""action"":{""search_k"":1,""search_strategy"":""default""},""phase"":""search""},{""action"":{""execution_action"":""none"",""lip_action"":""none""},""phase"":""low""},{""action"":{""high_action"":""split"",""order_decision"":""only_cost""},""phase"":""high""},{""action"":{""candidate_id"":2,""schedule_alpha"":1.0},""phase"":""select""},{""action"":{""search_k"":1,""search_strategy"":""default""},""phase"":""search""},{""action"":{""execution_action"":""conservative"",""lip_action"":""selective""},""phase"":""low""},{""action"":{""high_action"":""split"",""order_decision"":""only_cost""},""phase"":""high""},{""action"":{""candidate_id"":0,""schedule_alpha"":1.0},""phase"":""select""},{""action"":{""search_k"":1,""search_strategy"":""default""},""phase"":""search""},{""action"":{""execution_action"":""conservative"",""lip_action"":""selective""},""phase"":""low""},{""action"":{""high_action"":""split"",""order_decision"":""only_cost""},""phase"":""high""},{""action"":{""candidate_id"":1,""schedule_alpha"":1.0},""phase"":""select""},{""action"":{""search_k"":1,""search_strategy"":""default""},""phase"":""search""},{""action"":{""execution_action"":""none"",""lip_action"":""none""},""phase"":""low""},{""action"":{""high_action"":""stop"",""order_decision"":""only_cost""},""phase"":""high""},{""action"":{""search_k"":1,""search_strategy"":""default""},""phase"":""search""},{""action"":{""execution_action"":""none"",""lip_action"":""none""},""phase"":""low""}]"
JOB,random,c,./workloads/query_job/27b.sql,fixed_1,1.0,409.207455813885,228.036000000000,97.973756492138,ok,0,4eb4e5bb88d274fb571daa3d9537d134ac91e3971795bedfe21b63973b8a983c,1,12f831a888cbfeb7537e246cbef6e6a1fb290bcdbe457643a143aaa634cdd871,ec835180b816e7dd7e64639415bfaee3244bd28cf2b92ef99b8d456899233da5,./results/models/job/random/c/best.pt,"[{""action"":{""high_action"":""split"",""order_decision"":""only_cost""},""phase"":""high""},{""action"":{""candidate_id"":3,""schedule_alpha"":1.0},""phase"":""select""},{""action"":{""search_k"":1,""search_strategy"":""default""},""phase"":""search""},{""action"":{""execution_action"":""none"",""lip_action"":""none""},""phase"":""low""},{""action"":{""high_action"":""split"",""order_decision"":""only_cost""},""phase"":""high""},{""action"":{""candidate_id"":3,""schedule_alpha"":1.0},""phase"":""select""},{""action"":{""search_k"":1,""search_strategy"":""default""},""phase"":""search""},{""action"":{""execution_action"":""none"",""lip_action"":""none""},""phase"":""low""},{""action"":{""high_action"":""split"",""order_decision"":""only_cost""},""phase"":""high""},{""action"":{""candidate_id"":0,""schedule_alpha"":1.0},""phase"":""select""},{""action"":{""search_k"":1,""search_strategy"":""default""},""phase"":""search""},{""action"":{""execution_action"":""conservative"",""lip_action"":""selective""},""phase"":""low""},{""action"":{""high_action"":""split"",""order_decision"":""only_cost""},""phase"":""high""},{""action"":{""candidate_id"":0,""schedule_alpha"":1.0},""phase"":""select""},{""action"":{""search_k"":1,""search_strategy"":""default""},""phase"":""search""},{""action"":{""execution_action"":""none"",""lip_action"":""none""},""phase"":""low""},{""action"":{""high_action"":""stop"",""order_decision"":""only_cost""},""phase"":""high""},{""action"":{""search_k"":1,""search_strategy"":""default""},""phase"":""search""},{""action"":{""execution_action"":""none"",""lip_action"":""none""},""phase"":""low""}]"
JOB,random,c,./workloads/query_job/28a.sql,fixed_1,1.0,848.728269338608,347.596000000000,1045.240662992001,ok,0,9bbfa4b43836dbcd01ed830b9188456a9d9309e4cc0ef0948c1f6ff8b2c0e39c,1,3036c04f40a3f242ff48c812202b4f7a19a904016bd002cebeb238ab02644d86,111663707f53ef0fcf6aecea211094d0ff1570d2cd6c73165c1c0d25dbd0f92d,./results/models/job/random/c/best.pt,"[{""action"":{""high_action"":""split"",""order_decision"":""only_cost""},""phase"":""high""},{""action"":{""candidate_id"":4,""schedule_alpha"":1.0},""phase"":""select""},{""action"":{""search_k"":1,""search_strategy"":""default""},""phase"":""search""},{""action"":{""execution_action"":""none"",""lip_action"":""none""},""phase"":""low""},{""action"":{""high_action"":""split"",""order_decision"":""only_cost""},""phase"":""high""},{""action"":{""candidate_id"":1,""schedule_alpha"":1.0},""phase"":""select""},{""action"":{""search_k"":1,""search_strategy"":""default""},""phase"":""search""},{""action"":{""execution_action"":""conservative"",""lip_action"":""selective""},""phase"":""low""},{""action"":{""high_action"":""split"",""order_decision"":""only_cost""},""phase"":""high""},{""action"":{""candidate_id"":0,""schedule_alpha"":1.0},""phase"":""select""},{""action"":{""search_k"":1,""search_strategy"":""default""},""phase"":""search""},{""action"":{""execution_action"":""conservative"",""lip_action"":""selective""},""phase"":""low""},{""action"":{""high_action"":""split"",""order_decision"":""only_cost""},""phase"":""high""},{""action"":{""candidate_id"":2,""schedule_alpha"":1.0},""phase"":""select""},{""action"":{""search_k"":1,""search_strategy"":""default""},""phase"":""search""},{""action"":{""execution_action"":""none"",""lip_action"":""none""},""phase"":""low""},{""action"":{""high_action"":""split"",""order_decision"":""only_cost""},""phase"":""high""},{""action"":{""candidate_id"":0,""schedule_alpha"":1.0},""phase"":""select""},{""action"":{""search_k"":1,""search_strategy"":""default""},""phase"":""search""},{""action"":{""execution_action"":""none"",""lip_action"":""none""},""phase"":""low""},{""action"":{""high_action"":""stop"",""order_decision"":""only_cost""},""phase"":""high""},{""action"":{""search_k"":1,""search_strategy"":""default""},""phase"":""search""},{""action"":{""execution_action"":""none"",""lip_action"":""none""},""phase"":""low""}]"
JOB,random,c,./workloads/query_job/29a.sql,fixed_1,1.0,510.691195726395,389.160000000000,2289.833426475525,ok,0,6931843f19cb52122ed461369626a4f45f6b0550fbb8e5608f26c0a53fbfa63e,1,58d198c7dde5bbb641561307505d47615b380fb0268b814e0b6292ac299ebbf0,c5e09fced5b278505389bb66142527b76a01cc3663599503f1fe69628a2340fc,./results/models/job/random/c/best.pt,"[{""action"":{""high_action"":""split"",""order_decision"":""only_cost""},""phase"":""high""},{""action"":{""candidate_id"":5,""schedule_alpha"":1.0},""phase"":""select""},{""action"":{""search_k"":1,""search_strategy"":""default""},""phase"":""search""},{""action"":{""execution_action"":""none"",""lip_action"":""none""},""phase"":""low""},{""action"":{""high_action"":""split"",""order_decision"":""only_cost""},""phase"":""high""},{""action"":{""candidate_id"":1,""schedule_alpha"":1.0},""phase"":""select""},{""action"":{""search_k"":1,""search_strategy"":""default""},""phase"":""search""},{""action"":{""execution_action"":""none"",""lip_action"":""none""},""phase"":""low""},{""action"":{""high_action"":""split"",""order_decision"":""only_cost""},""phase"":""high""},{""action"":{""candidate_id"":2,""schedule_alpha"":1.0},""phase"":""select""},{""action"":{""search_k"":1,""search_strategy"":""default""},""phase"":""search""},{""action"":{""execution_action"":""none"",""lip_action"":""none""},""phase"":""low""},{""action"":{""high_action"":""split"",""order_decision"":""only_cost""},""phase"":""high""},{""action"":{""candidate_id"":1,""schedule_alpha"":1.0},""phase"":""select""},{""action"":{""search_k"":1,""search_strategy"":""default""},""phase"":""search""},{""action"":{""execution_action"":""none"",""lip_action"":""none""},""phase"":""low""},{""action"":{""high_action"":""split"",""order_decision"":""only_cost""},""phase"":""high""},{""action"":{""candidate_id"":0,""schedule_alpha"":1.0},""phase"":""select""},{""action"":{""search_k"":1,""search_strategy"":""default""},""phase"":""search""},{""action"":{""execution_action"":""none"",""lip_action"":""none""},""phase"":""low""},{""action"":{""high_action"":""split"",""order_decision"":""only_cost""},""phase"":""high""},{""action"":{""candidate_id"":1,""schedule_alpha"":1.0},""phase"":""select""},{""action"":{""search_k"":1,""search_strategy"":""default""},""phase"":""search""},{""action"":{""execution_action"":""none"",""lip_action"":""none""},""phase"":""low""},{""action"":{""high_action"":""stop"",""order_decision"":""only_cost""},""phase"":""high""},{""action"":{""search_k"":1,""search_strategy"":""default""},""phase"":""search""},{""action"":{""execution_action"":""none"",""lip_action"":""none""},""phase"":""low""}]"
JOB,random,c,./workloads/query_job/29c.sql,fixed_1,1.0,335.225105285645,151.916000000000,9935.959734022617,ok,0,77d7c0fd6a7f7c2de253fe8fc44b2b6ae848c0c1e246c513425c8f83965bf0b0,1,d81975f908848cf5637b7f8741f682a1602bd87fd14b758390a4fd295084b542,00fccf5ed3ee88226e8a2569d92a0a1277a09b86095894bc640fa2e199912aac,./results/models/job/random/c/best.pt,"[{""action"":{""high_action"":""split"",""order_decision"":""only_cost""},""phase"":""high""},{""action"":{""candidate_id"":5,""schedule_alpha"":1.0},""phase"":""select""},{""action"":{""search_k"":1,""search_strategy"":""default""},""phase"":""search""},{""action"":{""execution_action"":""none"",""lip_action"":""none""},""phase"":""low""},{""action"":{""high_action"":""split"",""order_decision"":""only_cost""},""phase"":""high""},{""action"":{""candidate_id"":1,""schedule_alpha"":1.0},""phase"":""select""},{""action"":{""search_k"":1,""search_strategy"":""default""},""phase"":""search""},{""action"":{""execution_action"":""none"",""lip_action"":""none""},""phase"":""low""},{""action"":{""high_action"":""split"",""order_decision"":""only_cost""},""phase"":""high""},{""action"":{""candidate_id"":2,""schedule_alpha"":1.0},""phase"":""select""},{""action"":{""search_k"":1,""search_strategy"":""default""},""phase"":""search""},{""action"":{""execution_action"":""none"",""lip_action"":""none""},""phase"":""low""},{""action"":{""high_action"":""split"",""order_decision"":""only_cost""},""phase"":""high""},{""action"":{""candidate_id"":1,""schedule_alpha"":1.0},""phase"":""select""},{""action"":{""search_k"":1,""search_strategy"":""default""},""phase"":""search""},{""action"":{""execution_action"":""none"",""lip_action"":""none""},""phase"":""low""},{""action"":{""high_action"":""split"",""order_decision"":""only_cost""},""phase"":""high""},{""action"":{""candidate_id"":0,""schedule_alpha"":1.0},""phase"":""select""},{""action"":{""search_k"":1,""search_strategy"":""default""},""phase"":""search""},{""action"":{""execution_action"":""none"",""lip_action"":""none""},""phase"":""low""},{""action"":{""high_action"":""split"",""order_decision"":""only_cost""},""phase"":""high""},{""action"":{""candidate_id"":1,""schedule_alpha"":1.0},""phase"":""select""},{""action"":{""search_k"":1,""search_strategy"":""default""},""phase"":""search""},{""action"":{""execution_action"":""none"",""lip_action"":""none""},""phase"":""low""},{""action"":{""high_action"":""stop"",""order_decision"":""only_cost""},""phase"":""high""},{""action"":{""search_k"":1,""search_strategy"":""default""},""phase"":""search""},{""action"":{""execution_action"":""none"",""lip_action"":""none""},""phase"":""low""}]"
JOB,random,c,./workloads/query_job/30a.sql,fixed_1,1.0,1190.362937748432,243.900000000000,3002.848818898201,ok,0,75f27277da0bf405cd685f3341baca046a6788152a4b13a72ad743837698d0b5,1,532fccd46cb625488a6f7863378829db25c0bba9ccb36678e7980ecda68dd68a,8136bb756c2cc7e732161c267a49a9aaa98170c91df691ab77c37b499ae4e55e,./results/models/job/random/c/best.pt,"[{""action"":{""high_action"":""split"",""order_decision"":""only_cost""},""phase"":""high""},{""action"":{""candidate_id"":4,""schedule_alpha"":1.0},""phase"":""select""},{""action"":{""search_k"":1,""search_strategy"":""default""},""phase"":""search""},{""action"":{""execution_action"":""none"",""lip_action"":""none""},""phase"":""low""},{""action"":{""high_action"":""split"",""order_decision"":""only_cost""},""phase"":""high""},{""action"":{""candidate_id"":0,""schedule_alpha"":1.0},""phase"":""select""},{""action"":{""search_k"":1,""search_strategy"":""default""},""phase"":""search""},{""action"":{""execution_action"":""conservative"",""lip_action"":""selective""},""phase"":""low""},{""action"":{""high_action"":""split"",""order_decision"":""only_cost""},""phase"":""high""},{""action"":{""candidate_id"":2,""schedule_alpha"":1.0},""phase"":""select""},{""action"":{""search_k"":1,""search_strategy"":""default""},""phase"":""search""},{""action"":{""execution_action"":""none"",""lip_action"":""none""},""phase"":""low""},{""action"":{""high_action"":""split"",""order_decision"":""only_cost""},""phase"":""high""},{""action"":{""candidate_id"":0,""schedule_alpha"":1.0},""phase"":""select""},{""action"":{""search_k"":1,""search_strategy"":""default""},""phase"":""search""},{""action"":{""execution_action"":""none"",""lip_action"":""none""},""phase"":""low""},{""action"":{""high_action"":""stop"",""order_decision"":""only_cost""},""phase"":""high""},{""action"":{""search_k"":1,""search_strategy"":""default""},""phase"":""search""},{""action"":{""execution_action"":""none"",""lip_action"":""none""},""phase"":""low""}]"
JOB,random,c,./workloads/query_job/31a.sql,fixed_1,1.0,1075.182229280472,249.686000000000,5913.183256983757,ok,0,27264682db1c692f629cbc378c2d1c85c8c6d056671bebcf765b2be4f122e770,1,7365a5477b2058f359f347b7f9bd31f27da6eee4977b803d8ec1031f8f57e2e0,f4d80476c4af650ef105aaaf0276f33ff2cf53d8881ce14899416a9dc348b80a,./results/models/job/random/c/best.pt,"[{""action"":{""high_action"":""split"",""order_decision"":""only_cost""},""phase"":""high""},{""action"":{""candidate_id"":4,""schedule_alpha"":1.0},""phase"":""select""},{""action"":{""search_k"":1,""search_strategy"":""default""},""phase"":""search""},{""action"":{""execution_action"":""none"",""lip_action"":""none""},""phase"":""low""},{""action"":{""high_action"":""split"",""order_decision"":""only_cost""},""phase"":""high""},{""action"":{""candidate_id"":1,""schedule_alpha"":1.0},""phase"":""select""},{""action"":{""search_k"":1,""search_strategy"":""default""},""phase"":""search""},{""action"":{""execution_action"":""conservative"",""lip_action"":""selective""},""phase"":""low""},{""action"":{""high_action"":""split"",""order_decision"":""only_cost""},""phase"":""high""},{""action"":{""candidate_id"":2,""schedule_alpha"":1.0},""phase"":""select""},{""action"":{""search_k"":1,""search_strategy"":""default""},""phase"":""search""},{""action"":{""execution_action"":""none"",""lip_action"":""none""},""phase"":""low""},{""action"":{""high_action"":""split"",""order_decision"":""only_cost""},""phase"":""high""},{""action"":{""candidate_id"":0,""schedule_alpha"":1.0},""phase"":""select""},{""action"":{""search_k"":1,""search_strategy"":""default""},""phase"":""search""},{""action"":{""execution_action"":""none"",""lip_action"":""none""},""phase"":""low""},{""action"":{""high_action"":""stop"",""order_decision"":""only_cost""},""phase"":""high""},{""action"":{""search_k"":1,""search_strategy"":""default""},""phase"":""search""},{""action"":{""execution_action"":""none"",""lip_action"":""none""},""phase"":""low""}]"
JOB,random,c,./workloads/query_job/31b.sql,fixed_1,1.0,677.428610622883,165.419000000000,537.854380905628,ok,0,17bebc2b6a6ef3426f94300ca4385edad88ebd34fac62fd56a0fc58c24e5b98e,1,3324e3d2466695aab016d88a89fbe1c5de6bc0ab5eed5c9e028308d2185dedbf,90c57a73536b8c2520b800177c4492861af0f6bc1480236165b2c4d5d8e08c7d,./results/models/job/random/c/best.pt,"[{""action"":{""high_action"":""split"",""order_decision"":""only_cost""},""phase"":""high""},{""action"":{""candidate_id"":4,""schedule_alpha"":1.0},""phase"":""select""},{""action"":{""search_k"":1,""search_strategy"":""default""},""phase"":""search""},{""action"":{""execution_action"":""none"",""lip_action"":""none""},""phase"":""low""},{""action"":{""high_action"":""split"",""order_decision"":""only_cost""},""phase"":""high""},{""action"":{""candidate_id"":3,""schedule_alpha"":1.0},""phase"":""select""},{""action"":{""search_k"":1,""search_strategy"":""default""},""phase"":""search""},{""action"":{""execution_action"":""none"",""lip_action"":""none""},""phase"":""low""},{""action"":{""high_action"":""split"",""order_decision"":""only_cost""},""phase"":""high""},{""action"":{""candidate_id"":1,""schedule_alpha"":1.0},""phase"":""select""},{""action"":{""search_k"":1,""search_strategy"":""default""},""phase"":""search""},{""action"":{""execution_action"":""none"",""lip_action"":""none""},""phase"":""low""},{""action"":{""high_action"":""split"",""order_decision"":""only_cost""},""phase"":""high""},{""action"":{""candidate_id"":0,""schedule_alpha"":1.0},""phase"":""select""},{""action"":{""search_k"":1,""search_strategy"":""default""},""phase"":""search""},{""action"":{""execution_action"":""none"",""lip_action"":""none""},""phase"":""low""},{""action"":{""high_action"":""stop"",""order_decision"":""only_cost""},""phase"":""high""},{""action"":{""search_k"":1,""search_strategy"":""default""},""phase"":""search""},{""action"":{""execution_action"":""none"",""lip_action"":""none""},""phase"":""low""}]"
JOB,random,c,./workloads/query_job/32b.sql,fixed_1,1.0,470.014914870262,43.803000000000,173.895455896854,ok,0,136f26a2ebb961337e13a1b2c25ce51ab44ee67277b807b22bcb2f94ab99343c,1,86aeab650b1198522792eb2e1137308ab9c1935b3e7a21ffdf4ffdf1f3b80561,9b60111544c67d3a5690b07bb7f6cf3a5db400aa3d713383680de9b343610375,./results/models/job/random/c/best.pt,"[{""action"":{""high_action"":""split"",""order_decision"":""only_cost""},""phase"":""high""},{""action"":{""candidate_id"":0,""schedule_alpha"":1.0},""phase"":""select""},{""action"":{""search_k"":1,""search_strategy"":""default""},""phase"":""search""},{""action"":{""execution_action"":""none"",""lip_action"":""none""},""phase"":""low""},{""action"":{""high_action"":""stop"",""order_decision"":""only_cost""},""phase"":""high""},{""action"":{""search_k"":1,""search_strategy"":""default""},""phase"":""search""},{""action"":{""execution_action"":""conservative"",""lip_action"":""selective""},""phase"":""low""}]"
JOB,random,c,./workloads/query_job/33c.sql,fixed_1,1.0,919.028833508492,398.893000000000,234.908789396286,ok,0,68464506f3c0aa8fd4c37209daa0d0c9c8f54c57dca6a9b2860add78f906185b,1,4e44187a28d27a976fc523631778ac8ba1ae585d608940cb112ea28140e5c800,cce214fd9f442554da1317f9639a1d5f92bf7028b01e0aa6d7887d059e156d4e,./results/models/job/random/c/best.pt,"[{""action"":{""high_action"":""split"",""order_decision"":""only_cost""},""phase"":""high""},{""action"":{""candidate_id"":3,""schedule_alpha"":1.0},""phase"":""select""},{""action"":{""search_k"":1,""search_strategy"":""default""},""phase"":""search""},{""action"":{""execution_action"":""none"",""lip_action"":""none""},""phase"":""low""},{""action"":{""high_action"":""split"",""order_decision"":""only_cost""},""phase"":""high""},{""action"":{""candidate_id"":0,""schedule_alpha"":1.0},""phase"":""select""},{""action"":{""search_k"":1,""search_strategy"":""default""},""phase"":""search""},{""action"":{""execution_action"":""conservative"",""lip_action"":""selective""},""phase"":""low""},{""action"":{""high_action"":""split"",""order_decision"":""only_cost""},""phase"":""high""},{""action"":{""candidate_id"":3,""schedule_alpha"":1.0},""phase"":""select""},{""action"":{""search_k"":1,""search_strategy"":""default""},""phase"":""search""},{""action"":{""execution_action"":""none"",""lip_action"":""none""},""phase"":""low""},{""action"":{""high_action"":""split"",""order_decision"":""only_cost""},""phase"":""high""},{""action"":{""candidate_id"":0,""schedule_alpha"":1.0},""phase"":""select""},{""action"":{""search_k"":1,""search_strategy"":""default""},""phase"":""search""},{""action"":{""execution_action"":""conservative"",""lip_action"":""selective""},""phase"":""low""},{""action"":{""high_action"":""split"",""order_decision"":""only_cost""},""phase"":""high""},{""action"":{""candidate_id"":2,""schedule_alpha"":1.0},""phase"":""select""},{""action"":{""search_k"":1,""search_strategy"":""default""},""phase"":""search""},{""action"":{""execution_action"":""none"",""lip_action"":""none""},""phase"":""low""},{""action"":{""high_action"":""split"",""order_decision"":""only_cost""},""phase"":""high""},{""action"":{""candidate_id"":1,""schedule_alpha"":1.0},""phase"":""select""},{""action"":{""search_k"":1,""search_strategy"":""default""},""phase"":""search""},{""action"":{""execution_action"":""none"",""lip_action"":""none""},""phase"":""low""},{""action"":{""high_action"":""stop"",""order_decision"":""only_cost""},""phase"":""high""},{""action"":{""search_k"":1,""search_strategy"":""default""},""phase"":""search""},{""action"":{""execution_action"":""none"",""lip_action"":""none""},""phase"":""low""}]"
JOB,random,c,./workloads/query_job/5a.sql,fixed_1,1.0,346.720658242702,79.636000000000,229.351252317429,ok,1,4f78f1a55542d807d5eaabd4ee2244ee9ba0258958f7de1c1ef4598cd5b46ab1,1,a36825711f2cbf077a2dda77f711158f416681447f4545ba4fee612c254289f5,d1dc1e9e0ce0c6cba263ab6f2c55c3920374ef4ebdec064d7c085f4828054f89,./results/models/job/random/c/best.pt,"[{""action"":{""high_action"":""split"",""order_decision"":""only_cost""},""phase"":""high""},{""action"":{""candidate_id"":0,""schedule_alpha"":1.0},""phase"":""select""},{""action"":{""search_k"":1,""search_strategy"":""default""},""phase"":""search""},{""action"":{""execution_action"":""none"",""lip_action"":""none""},""phase"":""low""},{""action"":{""high_action"":""stop"",""order_decision"":""only_cost""},""phase"":""high""},{""action"":{""search_k"":1,""search_strategy"":""default""},""phase"":""search""},{""action"":{""execution_action"":""none"",""lip_action"":""none""},""phase"":""low""}]"
JOB,random,c,./workloads/query_job/6d.sql,fixed_1,1.0,1270.515821874142,33.762000000000,23747.168585658073,ok,1,bf8229c3af721fca42ad64803e348b47d39c54dfd46fcbc5d2ef84cd56b31b17,1,251b12fbfc6ed78a6803f30902400382826a61e73e3c719c1607508b3fc56057,d51d96ad64d71cbfff645dda9c473ebe47254d64f3fe031aba8befa666508ff3,./results/models/job/random/c/best.pt,"[{""action"":{""high_action"":""split"",""order_decision"":""only_cost""},""phase"":""high""},{""action"":{""candidate_id"":1,""schedule_alpha"":1.0},""phase"":""select""},{""action"":{""search_k"":1,""search_strategy"":""default""},""phase"":""search""},{""action"":{""execution_action"":""none"",""lip_action"":""none""},""phase"":""low""},{""action"":{""high_action"":""stop"",""order_decision"":""only_cost""},""phase"":""high""},{""action"":{""search_k"":1,""search_strategy"":""default""},""phase"":""search""},{""action"":{""execution_action"":""conservative"",""lip_action"":""selective""},""phase"":""low""}]"
JOB,random,c,./workloads/query_job/6e.sql,fixed_1,1.0,118.364110589027,34.376000000000,36.193035542965,ok,1,2e45680981dcedf844899f966540a92734a6200fc0d8bd8a547ceba0d0cf631f,1,7e451fed2bbe38fee47fbc970476e1157f0da432cb8c04dcafe74de82a54c165,b3a08db7ab3cbbda6090403ac25e8854880363854b9090a213b6b1474f4737e1,./results/models/job/random/c/best.pt,"[{""action"":{""high_action"":""split"",""order_decision"":""only_cost""},""phase"":""high""},{""action"":{""candidate_id"":1,""schedule_alpha"":1.0},""phase"":""select""},{""action"":{""search_k"":1,""search_strategy"":""default""},""phase"":""search""},{""action"":{""execution_action"":""none"",""lip_action"":""none""},""phase"":""low""},{""action"":{""high_action"":""stop"",""order_decision"":""only_cost""},""phase"":""high""},{""action"":{""search_k"":1,""search_strategy"":""default""},""phase"":""search""},{""action"":{""execution_action"":""none"",""lip_action"":""none""},""phase"":""low""}]"
JOB,random,c,./workloads/query_job/7a.sql,fixed_1,1.0,350.221216678619,83.717000000000,2774.266779422760,ok,0,4c15deaf8c868c357c511a9b1b16153f35d0a6d69bf0cb9d733dd8855dca6cb3,1,b3b654845c2b4a6bf9dcc4e7b94757adc5b59a6fc158972215d08f3e63f55d02,7b96c8463d0e6a7724b02bafeae0b5e503d01380da173c8859ed1d91c97e976c,./results/models/job/random/c/best.pt,"[{""action"":{""high_action"":""split"",""order_decision"":""only_cost""},""phase"":""high""},{""action"":{""candidate_id"":2,""schedule_alpha"":1.0},""phase"":""select""},{""action"":{""search_k"":1,""search_strategy"":""default""},""phase"":""search""},{""action"":{""execution_action"":""none"",""lip_action"":""none""},""phase"":""low""},{""action"":{""high_action"":""split"",""order_decision"":""only_cost""},""phase"":""high""},{""action"":{""candidate_id"":2,""schedule_alpha"":1.0},""phase"":""select""},{""action"":{""search_k"":1,""search_strategy"":""default""},""phase"":""search""},{""action"":{""execution_action"":""none"",""lip_action"":""none""},""phase"":""low""},{""action"":{""high_action"":""split"",""order_decision"":""only_cost""},""phase"":""high""},{""action"":{""candidate_id"":0,""schedule_alpha"":1.0},""phase"":""select""},{""action"":{""search_k"":1,""search_strategy"":""default""},""phase"":""search""},{""action"":{""execution_action"":""none"",""lip_action"":""none""},""phase"":""low""},{""action"":{""high_action"":""stop"",""order_decision"":""only_cost""},""phase"":""high""},{""action"":{""search_k"":1,""search_strategy"":""default""},""phase"":""search""},{""action"":{""execution_action"":""conservative"",""lip_action"":""selective""},""phase"":""low""}]"
JOB,random,c,./workloads/query_job/8d.sql,fixed_1,1.0,4772.308550775051,111.779000000000,2412.313476204872,ok,0,42e9d5875e298e1e96988f68f4ea5385d847af85ed0e315fb1c559c113c45301,1,9e838251dbc427f36a26d1297618dd78c969e592f602d4d3150a042ba19d64da,5472c9c7885c2b8ac46ef87c9c5f3caeba7c4657b9aec7a1f7d2a23da76b3539,./results/models/job/random/c/best.pt,"[{""action"":{""high_action"":""split"",""order_decision"":""only_cost""},""phase"":""high""},{""action"":{""candidate_id"":2,""schedule_alpha"":1.0},""phase"":""select""},{""action"":{""search_k"":1,""search_strategy"":""default""},""phase"":""search""},{""action"":{""execution_action"":""conservative"",""lip_action"":""selective""},""phase"":""low""},{""action"":{""high_action"":""split"",""order_decision"":""only_cost""},""phase"":""high""},{""action"":{""candidate_id"":0,""schedule_alpha"":1.0},""phase"":""select""},{""action"":{""search_k"":1,""search_strategy"":""default""},""phase"":""search""},{""action"":{""execution_action"":""conservative"",""lip_action"":""selective""},""phase"":""low""},{""action"":{""high_action"":""stop"",""order_decision"":""only_cost""},""phase"":""high""},{""action"":{""search_k"":1,""search_strategy"":""default""},""phase"":""search""},{""action"":{""execution_action"":""conservative"",""lip_action"":""selective""},""phase"":""low""}]"
JOB,random,c,./workloads/query_job/9c.sql,fixed_1,1.0,3012.120112776756,137.976000000000,2788.395129144192,ok,0,557da082f2ed4caf79da00c7414e7dd21a43ea04df959539305598466791daec,1,b759af54225e567fae832dc0c83cd0bc9ee460d47ad50cb332326baed74a9027,ef57d4702f7609f22af58a4e1beb87d76d2f31a7a20580ecc5efdf28488ca413,./results/models/job/random/c/best.pt,"[{""action"":{""high_action"":""split"",""order_decision"":""only_cost""},""phase"":""high""},{""action"":{""candidate_id"":0,""schedule_alpha"":1.0},""phase"":""select""},{""action"":{""search_k"":1,""search_strategy"":""default""},""phase"":""search""},{""action"":{""execution_action"":""conservative"",""lip_action"":""selective""},""phase"":""low""},{""action"":{""high_action"":""split"",""order_decision"":""only_cost""},""phase"":""high""},{""action"":{""candidate_id"":0,""schedule_alpha"":1.0},""phase"":""select""},{""action"":{""search_k"":1,""search_strategy"":""default""},""phase"":""search""},{""action"":{""execution_action"":""none"",""lip_action"":""none""},""phase"":""low""},{""action"":{""high_action"":""stop"",""order_decision"":""only_cost""},""phase"":""high""},{""action"":{""search_k"":1,""search_strategy"":""default""},""phase"":""search""},{""action"":{""execution_action"":""conservative"",""lip_action"":""selective""},""phase"":""low""}]"
JOB,random,a,./workloads/query_job/10c.sql,learned,,7338.754929602146,46.871000000000,9237.700425088406,ok,1,73b0bf53e0d911a07eeb82a77e0c4d8e572b4a66464eabd6ab74eddeab66e4b6,1,5275764f2401195e6a544e22d0840536a2b4d9dbc51295d150077f21d0be35f0,7be0ed4c0418942f410676f64fb624dbfd313a5ca9b19dcc7240b853e5df589a,./results/models/job/random/a/best.pt,"[{""action"":{""high_action"":""stop"",""order_decision"":""only_cost""},""phase"":""high""},{""action"":{""search_k"":1,""search_strategy"":""default""},""phase"":""search""},{""action"":{""execution_action"":""conservative"",""lip_action"":""selective""},""phase"":""low""}]"
JOB,random,a,./workloads/query_job/11d.sql,learned,,230.543747544289,75.763000000000,138.537377119064,ok,1,de7342ed1d49ddb4af769ed803430202f4e99db6d34267ee2b58c1cbcee1f279,1,5ac4cb4ae75270882624867ac1cf2695549de7e5303c0679198919ca3f7c04ec,d5a4653df31810ede5fe552e8e52da489eb78d0b5f1d94cbc80c4ba03a3e09cf,./results/models/job/random/a/best.pt,"[{""action"":{""high_action"":""stop"",""order_decision"":""only_cost""},""phase"":""high""},{""action"":{""search_k"":1,""search_strategy"":""default""},""phase"":""search""},{""action"":{""execution_action"":""none"",""lip_action"":""none""},""phase"":""low""}]"
JOB,random,a,./workloads/query_job/13a.sql,learned,,2518.219463527203,16.506000000000,4301.647722721100,ok,1,5ee98befd3d641c6753778abf08e4c9202a00380903807997963bc6fbf2344d1,1,41b19fc481696c7748cd5c7c2871b079064f5afe898caaefc11de0c05c1a1df6,9240fac0a0e0c8a9e03c9e9f8a1daa05d4dba5f8a4d3641f869ad5579ff529a5,./results/models/job/random/a/best.pt,"[{""action"":{""high_action"":""stop"",""order_decision"":""only_cost""},""phase"":""high""},{""action"":{""search_k"":1,""search_strategy"":""default""},""phase"":""search""},{""action"":{""execution_action"":""conservative"",""lip_action"":""selective""},""phase"":""low""}]"
JOB,random,a,./workloads/query_job/13b.sql,learned,,1214.693494141102,90.474000000000,1089.247480034828,ok,1,3d96d4044fccab21095254c6b5ee60e7d430f8e3a04d0eb12bc3df93c0a121c3,1,bd5575bc2586996551abcbbe6aa53f734f17dc24991a03f35dc44a5309955189,4554399e8ce618524f4fcff267e6e5b20ae1cfa35fb8f6f917ccbd30c3d5588a,./results/models/job/random/a/best.pt,"[{""action"":{""high_action"":""stop"",""order_decision"":""only_cost""},""phase"":""high""},{""action"":{""search_k"":1,""search_strategy"":""default""},""phase"":""search""},{""action"":{""execution_action"":""none"",""lip_action"":""none""},""phase"":""low""}]"
JOB,random,a,./workloads/query_job/13d.sql,learned,,4458.047494292259,53.782000000000,5162.559963762760,ok,1,23a870573284058686cb251c6ba164baa8ae4f5ef07cfb8c562be705ab7dee88,1,3a1396031b44384677afb9d25db64eeb442401fb0a52c11ac82d4fd155436e92,20f7e545ede9a395cb9c94d320bfc957b88cbc78a7a41816b93f9131bca95c1d,./results/models/job/random/a/best.pt,"[{""action"":{""high_action"":""stop"",""order_decision"":""only_cost""},""phase"":""high""},{""action"":{""search_k"":1,""search_strategy"":""default""},""phase"":""search""},{""action"":{""execution_action"":""conservative"",""lip_action"":""selective""},""phase"":""low""}]"
JOB,random,a,./workloads/query_job/15c.sql,learned,,801.194056868553,83.216000000000,986.266545951366,ok,1,089e136e8a705182e20d1d2d2df976cada5b59fa92a88f7c18af99db6fa72368,1,6a5059fef85836b2aee4039639564405d3cd364491998d2e9502edc8a161f84d,2ec908c854406737ed6f5213d668c7fc55664f26a149b1e9ab5e9191fc96ad50,./results/models/job/random/a/best.pt,"[{""action"":{""high_action"":""stop"",""order_decision"":""only_cost""},""phase"":""high""},{""action"":{""search_k"":1,""search_strategy"":""default""},""phase"":""search""},{""action"":{""execution_action"":""none"",""lip_action"":""none""},""phase"":""low""}]"
JOB,random,a,./workloads/query_job/17d.sql,learned,,1263.202875852585,146.335000000000,7518.435984849930,ok,1,9a519542553c082aa22cad711ded801827b50f2fc8a7b5078563cb2b04a7428e,1,f5cf57ca99bc829aca937a2c7bc442096239a027dab911bf49e627f89dd9f8b2,ebabf8ea53fa21dc46114cd01e288e087a425fbb140e020f8484bac7a0ed726b,./results/models/job/random/a/best.pt,"[{""action"":{""high_action"":""split"",""order_decision"":""only_cost""},""phase"":""high""},{""action"":{""candidate_id"":2,""schedule_alpha"":0.5},""phase"":""select""},{""action"":{""search_k"":1,""search_strategy"":""default""},""phase"":""search""},{""action"":{""execution_action"":""none"",""lip_action"":""none""},""phase"":""low""},{""action"":{""high_action"":""split"",""order_decision"":""only_cost""},""phase"":""high""},{""action"":{""candidate_id"":0,""schedule_alpha"":0.5},""phase"":""select""},{""action"":{""search_k"":1,""search_strategy"":""default""},""phase"":""search""},{""action"":{""execution_action"":""none"",""lip_action"":""none""},""phase"":""low""},{""action"":{""high_action"":""stop"",""order_decision"":""only_cost""},""phase"":""high""},{""action"":{""search_k"":1,""search_strategy"":""default""},""phase"":""search""},{""action"":{""execution_action"":""none"",""lip_action"":""none""},""phase"":""low""}]"
JOB,random,a,./workloads/query_job/18b.sql,learned,,808.887258172035,156.020000000000,399.334855377674,ok,1,6635682ea66176cb4b122c8c01b41b06001993191e9889f440da443126fcee38,1,47ad672adac97e9051db2542d190ba644c17275af75a7732b190eea2f69fe122,8e60c34089ae229bfac4b60e512b09f99027cd283f45f9125afb61f273b6ca19,./results/models/job/random/a/best.pt,"[{""action"":{""high_action"":""split"",""order_decision"":""only_cost""},""phase"":""high""},{""action"":{""candidate_id"":2,""schedule_alpha"":0.5},""phase"":""select""},{""action"":{""search_k"":1,""search_strategy"":""default""},""phase"":""search""},{""action"":{""execution_action"":""none"",""lip_action"":""none""},""phase"":""low""},{""action"":{""high_action"":""split"",""order_decision"":""only_cost""},""phase"":""high""},{""action"":{""candidate_id"":1,""schedule_alpha"":0.5},""phase"":""select""},{""action"":{""search_k"":1,""search_strategy"":""default""},""phase"":""search""},{""action"":{""execution_action"":""none"",""lip_action"":""none""},""phase"":""low""},{""action"":{""high_action"":""stop"",""order_decision"":""only_cost""},""phase"":""high""},{""action"":{""search_k"":1,""search_strategy"":""default""},""phase"":""search""},{""action"":{""execution_action"":""none"",""lip_action"":""none""},""phase"":""low""}]"
JOB,random,a,./workloads/query_job/18c.sql,learned,,7493.509173393250,45.409000000000,9879.471488296986,ok,1,542307488c7a1ab1b7cc860d07b9bcba2943079fcc1b17924c4d69c8285fa274,1,3d3f01746b7fd993df525fb8aaf6d2fd54c319ffffbe56a14135173b531be8b2,2d3c0ae25a661948bb7ee9b4337b5ff7941be62accaad3721f29eb16df725c78,./results/models/job/random/a/best.pt,"[{""action"":{""high_action"":""split"",""order_decision"":""only_cost""},""phase"":""high""},{""action"":{""candidate_id"":1,""schedule_alpha"":0.5},""phase"":""select""},{""action"":{""search_k"":1,""search_strategy"":""default""},""phase"":""search""},{""action"":{""execution_action"":""none"",""lip_action"":""none""},""phase"":""low""},{""action"":{""high_action"":""split"",""order_decision"":""only_cost""},""phase"":""high""},{""action"":{""candidate_id"":1,""schedule_alpha"":0.5},""phase"":""select""},{""action"":{""search_k"":1,""search_strategy"":""default""},""phase"":""search""},{""action"":{""execution_action"":""conservative"",""lip_action"":""selective""},""phase"":""low""},{""action"":{""high_action"":""stop"",""order_decision"":""only_cost""},""phase"":""high""},{""action"":{""search_k"":1,""search_strategy"":""default""},""phase"":""search""},{""action"":{""execution_action"":""conservative"",""lip_action"":""selective""},""phase"":""low""}]"
JOB,random,a,./workloads/query_job/19b.sql,learned,,613.825887441635,74.049000000000,511.048525571823,ok,1,91275ea0a7bef7c58863c590bb17df5976280a00d3553ff0ccfd2fc85a34dfb6,1,c487f37a3c6d0b8e1c01b8618bb317bca68f06cda35b66651846cb58606cfefc,7d9cbef0e835991ac8b2ac7aeca6abefeb45dd44303cf41ce96996a812ed59ee,./results/models/job/random/a/best.pt,"[{""action"":{""high_action"":""stop"",""order_decision"":""only_cost""},""phase"":""high""},{""action"":{""search_k"":1,""search_strategy"":""default""},""phase"":""search""},{""action"":{""execution_action"":""none"",""lip_action"":""none""},""phase"":""low""}]"
JOB,random,a,./workloads/query_job/19c.sql,learned,,3029.913850128651,83.318000000000,1972.019322216511,ok,1,5bb686926c7ac803228b08a35834a98c97bfac4d34377d9f0e0143ed1c846478,1,61537ad94bf5098ffb8061a75e6007261bceac1e1f797330a7bfb531c4106b48,858d0aef8f7d56bfc54c6f685a0f3d08e877cd50146bbc11ebcd49b1c0530c69,./results/models/job/random/a/best.pt,"[{""action"":{""high_action"":""split"",""order_decision"":""only_cost""},""phase"":""high""},{""action"":{""candidate_id"":1,""schedule_alpha"":0.5},""phase"":""select""},{""action"":{""search_k"":1,""search_strategy"":""default""},""phase"":""search""},{""action"":{""execution_action"":""none"",""lip_action"":""none""},""phase"":""low""},{""action"":{""high_action"":""split"",""order_decision"":""only_cost""},""phase"":""high""},{""action"":{""candidate_id"":2,""schedule_alpha"":0.5},""phase"":""select""},{""action"":{""search_k"":1,""search_strategy"":""default""},""phase"":""search""},{""action"":{""execution_action"":""none"",""lip_action"":""none""},""phase"":""low""},{""action"":{""high_action"":""split"",""order_decision"":""only_cost""},""phase"":""high""},{""action"":{""candidate_id"":0,""schedule_alpha"":0.5},""phase"":""select""},{""action"":{""search_k"":1,""search_strategy"":""default""},""phase"":""search""},{""action"":{""execution_action"":""none"",""lip_action"":""none""},""phase"":""low""},{""action"":{""high_action"":""stop"",""order_decision"":""only_cost""},""phase"":""high""},{""action"":{""search_k"":1,""search_strategy"":""default""},""phase"":""search""},{""action"":{""execution_action"":""conservative"",""lip_action"":""selective""},""phase"":""low""}]"
JOB,random,a,./workloads/query_job/1a.sql,learned,,94.836473464966,40.285000000000,125.739857554436,ok,1,4509535bf8626cc136208e1b88afc7aa478160ccf6b340e66765b9bcf2288a38,1,1c839f0a1247f8e470bd458c0dd324f6595b8129d2e73f9a3beb0fbad274ffdc,deddc01784861663d77d45eedc92ed8d235d1bb7504213c41bb9977194fe66c2,./results/models/job/random/a/best.pt,"[{""action"":{""high_action"":""stop"",""order_decision"":""only_cost""},""phase"":""high""},{""action"":{""search_k"":1,""search_strategy"":""default""},""phase"":""search""},{""action"":{""execution_action"":""conservative"",""lip_action"":""selective""},""phase"":""low""}]"
JOB,random,a,./workloads/query_job/20a.sql,learned,,2352.661915123463,187.061000000000,4446.739353239536,ok,1,b9480e419c0d039ed6aaa9978ef27229df665cc5a98eb6295b1a8948ca1efa8c,1,fce1942c3addaa755ef56fba0c64bdfdca8f309cad317642e934b39177868a90,4d077812cb274527d6f819e152c964b8065cf6b6512855a6a0cbdde32feda834,./results/models/job/random/a/best.pt,"[{""action"":{""high_action"":""split"",""order_decision"":""only_cost""},""phase"":""high""},{""action"":{""candidate_id"":2,""schedule_alpha"":0.5},""phase"":""select""},{""action"":{""search_k"":1,""search_strategy"":""default""},""phase"":""search""},{""action"":{""execution_action"":""none"",""lip_action"":""none""},""phase"":""low""},{""action"":{""high_action"":""split"",""order_decision"":""only_cost""},""phase"":""high""},{""action"":{""candidate_id"":2,""schedule_alpha"":0.5},""phase"":""select""},{""action"":{""search_k"":1,""search_strategy"":""default""},""phase"":""search""},{""action"":{""execution_action"":""none"",""lip_action"":""none""},""phase"":""low""},{""action"":{""high_action"":""split"",""order_decision"":""only_cost""},""phase"":""high""},{""action"":{""candidate_id"":0,""schedule_alpha"":0.5},""phase"":""select""},{""action"":{""search_k"":1,""search_strategy"":""default""},""phase"":""search""},{""action"":{""execution_action"":""none"",""lip_action"":""none""},""phase"":""low""},{""action"":{""high_action"":""stop"",""order_decision"":""only_cost""},""phase"":""high""},{""action"":{""search_k"":1,""search_strategy"":""default""},""phase"":""search""},{""action"":{""execution_action"":""none"",""lip_action"":""none""},""phase"":""low""}]"
JOB,random,a,./workloads/query_job/22a.sql,learned,,629.684254527092,73.611000000000,534.385412931442,ok,1,6bee5e8659b220bbe1e6582e8e5bea8f9a97ac298b4a7f5246846c1413c5c2c3,1,fbb968bba775747b3e0b54643e893649e8f41c9257a3cb564710493d403099a8,e07ec0fe5b9bba5e9c63036cf67af2e60c8b26c77279db2bc573dd018d6f84e1,./results/models/job/random/a/best.pt,"[{""action"":{""high_action"":""stop"",""order_decision"":""only_cost""},""phase"":""high""},{""action"":{""search_k"":1,""search_strategy"":""default""},""phase"":""search""},{""action"":{""execution_action"":""none"",""lip_action"":""none""},""phase"":""low""}]"
JOB,random,a,./workloads/query_job/22c.sql,learned,,2035.862550139427,89.258000000000,2017.125643789768,ok,1,18e529eeadd28daacd2cb90fcff55d8be4573ecfaaf76cd6e1ddb1dd25ff265c,1,67c91aa92958941bff045a8d2c4da0c344edb17394eb3af91b4b543afeea2e0f,81bf82442f10392e66644157f98c9c5e731eac0bb552484e907c5840d0eacc99,./results/models/job/random/a/best.pt,"[{""action"":{""high_action"":""stop"",""order_decision"":""only_cost""},""phase"":""high""},{""action"":{""search_k"":1,""search_strategy"":""default""},""phase"":""search""},{""action"":{""execution_action"":""none"",""lip_action"":""none""},""phase"":""low""}]"
JOB,random,a,./workloads/query_job/22d.sql,learned,,1059.323564171791,79.043000000000,940.366297960281,ok,1,5469e96c680a925a1c749d9befcbc02caea70a0c986dfa8291bc858fe10392ac,1,e156dcd682c97edba243de758b0670fda555e09f3010da23cbe6a13911f7a843,034f5b395596a60dfa13fe2c3d7de2099201f7f3ccf6407b00c479fa29dd1221,./results/models/job/random/a/best.pt,"[{""action"":{""high_action"":""stop"",""order_decision"":""only_cost""},""phase"":""high""},{""action"":{""search_k"":1,""search_strategy"":""default""},""phase"":""search""},{""action"":{""execution_action"":""none"",""lip_action"":""none""},""phase"":""low""}]"
JOB,random,a,./workloads/query_job/23b.sql,learned,,209.684148430824,80.585000000000,124.304994940758,ok,1,f3a7f99f72b0caf860606e57aed9dc89d96aec3d96e1b92fd2104119ba77b59b,1,7d91588d90cf3f62d17ad7f50a9c93ff5a3e6af79c5483981cf7f8e143d2cf49,2e3ac61a4c3492025e775a219d2615ea5260a4d71f54601c108f1bfc62e3175c,./results/models/job/random/a/best.pt,"[{""action"":{""high_action"":""stop"",""order_decision"":""only_cost""},""phase"":""high""},{""action"":{""search_k"":1,""search_strategy"":""default""},""phase"":""search""},{""action"":{""execution_action"":""none"",""lip_action"":""none""},""phase"":""low""}]"
JOB,random,a,./workloads/query_job/26b.sql,learned,,550.275161862373,312.819000000000,253.062307834625,ok,1,52c5df37c8602881f0acfe405e5a4f38ddcec08893afde614bdc4c3ed35bf58f,1,fdfa3b34ec346be9eb6692af6e82f8df43e5968ed5436da1ded08ce84d31544e,a1ce98c42675782986bef81d0bf4986edd6a3abcc1eb26237ede1e9bdc380761,./results/models/job/random/a/best.pt,"[{""action"":{""high_action"":""split"",""order_decision"":""only_cost""},""phase"":""high""},{""action"":{""candidate_id"":3,""schedule_alpha"":0.5},""phase"":""select""},{""action"":{""search_k"":1,""search_strategy"":""default""},""phase"":""search""},{""action"":{""execution_action"":""none"",""lip_action"":""none""},""phase"":""low""},{""action"":{""high_action"":""split"",""order_decision"":""only_cost""},""phase"":""high""},{""action"":{""candidate_id"":2,""schedule_alpha"":0.5},""phase"":""select""},{""action"":{""search_k"":1,""search_strategy"":""default""},""phase"":""search""},{""action"":{""execution_action"":""none"",""lip_action"":""none""},""phase"":""low""},{""action"":{""high_action"":""split"",""order_decision"":""only_cost""},""phase"":""high""},{""action"":{""candidate_id"":2,""schedule_alpha"":0.5},""phase"":""select""},{""action"":{""search_k"":1,""search_strategy"":""default""},""phase"":""search""},{""action"":{""execution_action"":""none"",""lip_action"":""none""},""phase"":""low""},{""action"":{""high_action"":""split"",""order_decision"":""only_cost""},""phase"":""high""},{""action"":{""candidate_id"":0,""schedule_alpha"":0.5},""phase"":""select""},{""action"":{""search_k"":1,""search_strategy"":""default""},""phase"":""search""},{""action"":{""execution_action"":""none"",""lip_action"":""none""},""phase"":""low""},{""action"":{""high_action"":""stop"",""order_decision"":""only_cost""},""phase"":""high""},{""action"":{""search_k"":1,""search_strategy"":""default""},""phase"":""search""},{""action"":{""execution_action"":""none"",""lip_action"":""none""},""phase"":""low""}]"
JOB,random,a,./workloads/query_job/28c.sql,learned,,1462.902680039406,93.876000000000,1357.850536704063,ok,1,991e8b67081098ca2488bedc79afe1881f2df52affbd0cf95312f4fb04855bd7,1,44786839196803076f694a42ea77fe7dbf087e6d129705b727260222ad0640b9,6e0e9e34366290554801d0f64aed71fbaf36f532c2078ebf64704f208727138d,./results/models/job/random/a/best.pt,"[{""action"":{""high_action"":""stop"",""order_decision"":""only_cost""},""phase"":""high""},{""action"":{""search_k"":1,""search_strategy"":""default""},""phase"":""search""},{""action"":{""execution_action"":""none"",""lip_action"":""none""},""phase"":""low""}]"
JOB,random,a,./workloads/query_job/2a.sql,learned,,721.579730510712,60.570000000000,2242.476612329483,ok,1,fc90f3c2c15c5abce95811297c6b9a8ee98e4e03347ce9e79c8ce8e6b57b03a0,1,0995feb2bcd3f7f0309e5327fcc700850effde3e159b0c7405c2a29e9f46ba89,398c0ef785bfd21c05bc6e7a8542f94d8a4d991a6823510e5d9a1f92176a4728,./results/models/job/random/a/best.pt,"[{""action"":{""high_action"":""stop"",""order_decision"":""only_cost""},""phase"":""high""},{""action"":{""search_k"":1,""search_strategy"":""default""},""phase"":""search""},{""action"":{""execution_action"":""none"",""lip_action"":""none""},""phase"":""low""}]"
JOB,random,a,./workloads/query_job/30b.sql,learned,,812.626153230667,243.832000000000,575.853057205677,ok,1,9debd188f6a0b8138ba60e6d549daaba2133a2011cbd29d42025eebe31205230,1,cfa7d8ca041e428e1d5309dc75c76077ebac66ad9a35c608cdc98780d442e64d,aba066d4720e0dcee7b053ca0b386f387fa57cf0ab4ee41300dc406ea068ca4a,./results/models/job/random/a/best.pt,"[{""action"":{""high_action"":""split"",""order_decision"":""only_cost""},""phase"":""high""},{""action"":{""candidate_id"":4,""schedule_alpha"":0.5},""phase"":""select""},{""action"":{""search_k"":1,""search_strategy"":""default""},""phase"":""search""},{""action"":{""execution_action"":""none"",""lip_action"":""none""},""phase"":""low""},{""action"":{""high_action"":""split"",""order_decision"":""only_cost""},""phase"":""high""},{""action"":{""candidate_id"":3,""schedule_alpha"":0.5},""phase"":""select""},{""action"":{""search_k"":1,""search_strategy"":""default""},""phase"":""search""},{""action"":{""execution_action"":""none"",""lip_action"":""none""},""phase"":""low""},{""action"":{""high_action"":""split"",""order_decision"":""only_cost""},""phase"":""high""},{""action"":{""candidate_id"":0,""schedule_alpha"":0.5},""phase"":""select""},{""action"":{""search_k"":1,""search_strategy"":""default""},""phase"":""search""},{""action"":{""execution_action"":""none"",""lip_action"":""none""},""phase"":""low""},{""action"":{""high_action"":""split"",""order_decision"":""only_cost""},""phase"":""high""},{""action"":{""candidate_id"":1,""schedule_alpha"":0.5},""phase"":""select""},{""action"":{""search_k"":1,""search_strategy"":""default""},""phase"":""search""},{""action"":{""execution_action"":""none"",""lip_action"":""none""},""phase"":""low""},{""action"":{""high_action"":""stop"",""order_decision"":""only_cost""},""phase"":""high""},{""action"":{""search_k"":1,""search_strategy"":""default""},""phase"":""search""},{""action"":{""execution_action"":""none"",""lip_action"":""none""},""phase"":""low""}]"
JOB,random,a,./workloads/query_job/30c.sql,learned,,2128.015570342541,238.821000000000,2905.365847051144,ok,1,9def3478d3162492b92bb76237115759aec29176d767191b8cd5def2da2391c9,1,4490fad880a4fd6cef1717c86ec789c5032e14215261d122c4eb20a5fbfa78ab,b2f758d9c8b5f17129ee62a9e840befd299b165c8eef5cbf9788928477dc0bd1,./results/models/job/random/a/best.pt,"[{""action"":{""high_action"":""split"",""order_decision"":""only_cost""},""phase"":""high""},{""action"":{""candidate_id"":4,""schedule_alpha"":0.5},""phase"":""select""},{""action"":{""search_k"":1,""search_strategy"":""default""},""phase"":""search""},{""action"":{""execution_action"":""none"",""lip_action"":""none""},""phase"":""low""},{""action"":{""high_action"":""split"",""order_decision"":""only_cost""},""phase"":""high""},{""action"":{""candidate_id"":0,""schedule_alpha"":0.5},""phase"":""select""},{""action"":{""search_k"":1,""search_strategy"":""default""},""phase"":""search""},{""action"":{""execution_action"":""none"",""lip_action"":""none""},""phase"":""low""},{""action"":{""high_action"":""split"",""order_decision"":""only_cost""},""phase"":""high""},{""action"":{""candidate_id"":2,""schedule_alpha"":0.5},""phase"":""select""},{""action"":{""search_k"":1,""search_strategy"":""default""},""phase"":""search""},{""action"":{""execution_action"":""none"",""lip_action"":""none""},""phase"":""low""},{""action"":{""high_action"":""split"",""order_decision"":""only_cost""},""phase"":""high""},{""action"":{""candidate_id"":1,""schedule_alpha"":0.5},""phase"":""select""},{""action"":{""search_k"":1,""search_strategy"":""default""},""phase"":""search""},{""action"":{""execution_action"":""none"",""lip_action"":""none""},""phase"":""low""},{""action"":{""high_action"":""stop"",""order_decision"":""only_cost""},""phase"":""high""},{""action"":{""search_k"":1,""search_strategy"":""default""},""phase"":""search""},{""action"":{""execution_action"":""none"",""lip_action"":""none""},""phase"":""low""}]"
JOB,random,a,./workloads/query_job/31c.sql,learned,,1158.591069281101,303.754000000000,8280.486769974232,ok,1,09c5cf7e96fa8a299de4f7088731cf8e370fa7af16a3438017bcf08c6d8905ae,1,c7c137605a3a70a7886d8950383c13d4074e591f6598cf2a6171e355d8df1096,7da50b2fc8ae9a4b093b2a9f11197b867ab04e85fb5748e4eac45a3644ff4bb7,./results/models/job/random/a/best.pt,"[{""action"":{""high_action"":""split"",""order_decision"":""only_cost""},""phase"":""high""},{""action"":{""candidate_id"":4,""schedule_alpha"":0.5},""phase"":""select""},{""action"":{""search_k"":1,""search_strategy"":""default""},""phase"":""search""},{""action"":{""execution_action"":""none"",""lip_action"":""none""},""phase"":""low""},{""action"":{""high_action"":""split"",""order_decision"":""only_cost""},""phase"":""high""},{""action"":{""candidate_id"":1,""schedule_alpha"":0.5},""phase"":""select""},{""action"":{""search_k"":1,""search_strategy"":""default""},""phase"":""search""},{""action"":{""execution_action"":""none"",""lip_action"":""none""},""phase"":""low""},{""action"":{""high_action"":""split"",""order_decision"":""only_cost""},""phase"":""high""},{""action"":{""candidate_id"":2,""schedule_alpha"":0.5},""phase"":""select""},{""action"":{""search_k"":1,""search_strategy"":""default""},""phase"":""search""},{""action"":{""execution_action"":""none"",""lip_action"":""none""},""phase"":""low""},{""action"":{""high_action"":""split"",""order_decision"":""only_cost""},""phase"":""high""},{""action"":{""candidate_id"":1,""schedule_alpha"":0.5},""phase"":""select""},{""action"":{""search_k"":1,""search_strategy"":""default""},""phase"":""search""},{""action"":{""execution_action"":""none"",""lip_action"":""none""},""phase"":""low""},{""action"":{""high_action"":""stop"",""order_decision"":""only_cost""},""phase"":""high""},{""action"":{""search_k"":1,""search_strategy"":""default""},""phase"":""search""},{""action"":{""execution_action"":""none"",""lip_action"":""none""},""phase"":""low""}]"
JOB,random,a,./workloads/query_job/32a.sql,learned,,106.169357895851,61.572000000000,24.523176252842,ok,1,38cf683886cf6fdc55596ffbf14756cbedd54a4091ef744fb773fc7f37ce3139,1,8ad21930b0a8a23f5e33825167d833a61153d8cb7d5be09d4b81d3cd0617fb08,6521cf5a0b6f3b22a0ad0976142ceeb4f99e5a166efc1656f2af4246846945f6,./results/models/job/random/a/best.pt,"[{""action"":{""high_action"":""stop"",""order_decision"":""only_cost""},""phase"":""high""},{""action"":{""search_k"":1,""search_strategy"":""default""},""phase"":""search""},{""action"":{""execution_action"":""none"",""lip_action"":""none""},""phase"":""low""}]"
JOB,random,a,./workloads/query_job/33a.sql,learned,,1601.651534438135,108.393751084805,320.330306887627,timeout,1,,,6a38fb395b06f945854ef0423937019deed322f9f962b26950ed9c16f02e744d,fa594c1a4fdeab5f64d3b129587c0c0a4f712df879f10cbd6d27e8d77dd8eb52,./results/models/job/random/a/best.pt,"[{""action"":{""high_action"":""stop"",""order_decision"":""only_cost""},""phase"":""high""},{""action"":{""search_k"":1,""search_strategy"":""default""},""phase"":""search""},{""action"":{""execution_action"":""conservative"",""lip_action"":""selective""},""phase"":""low""}]"
JOB,random,a,./workloads/query_job/33b.sql,learned,,1542.342230677605,81.994108855724,308.468446135521,timeout,1,,,e14647709a68dddcaae13776734ffd6414f1e12c54e94e082601741ffb8e0629,b201c719d5a109414c888ae5bf745ad936fdb1dee0b4aa1d892016f619f72675,./results/models/job/random/a/best.pt,"[{""action"":{""high_action"":""stop"",""order_decision"":""only_cost""},""phase"":""high""},{""action"":{""search_k"":1,""search_strategy"":""default""},""phase"":""search""},{""action"":{""execution_action"":""conservative"",""lip_action"":""selective""},""phase"":""low""}]"
JOB,random,a,./workloads/query_job/3b.sql,learned,,209.415115416050,52.491000000000,109.037376940250,ok,1,f09c4919f4c92a95515be773a486d51c5e5ccd19e0f5087b7c0f0ab64cd137cf,1,ae4004cc7b799ac793b059f8e836f1f30e1c7aa97f606ea09a38a5bf3249c9b0,84d29a7505c100bf2b8246c9be5df5e592cf34845dd9f212ac76a18b80591379,./results/models/job/random/a/best.pt,"[{""action"":{""high_action"":""stop"",""order_decision"":""only_cost""},""phase"":""high""},{""action"":{""search_k"":1,""search_strategy"":""default""},""phase"":""search""},{""action"":{""execution_action"":""none"",""lip_action"":""none""},""phase"":""low""}]"
JOB,random,a,./workloads/query_job/3c.sql,learned,,434.940822422504,46.477000000000,1851.131595671177,ok,1,78dc828b7194ccb46ee35f89eb2f2152e11378ef17a14837d364bb6f73cc0769,1,53f67ff744c691ea1d11ad08bd66770e31b5d5aa38acafd34f0975631c915b0a,96e9d72d112021ea7a50ee4fa22fcb86c62c2674cad615984e03bcc5b27fb2a5,./results/models/job/random/a/best.pt,"[{""action"":{""high_action"":""stop"",""order_decision"":""only_cost""},""phase"":""high""},{""action"":{""search_k"":1,""search_strategy"":""default""},""phase"":""search""},{""action"":{""execution_action"":""none"",""lip_action"":""none""},""phase"":""low""}]"
JOB,random,a,./workloads/query_job/4a.sql,learned,,227.734640240669,61.976000000000,311.795756220818,ok,1,748155aaa114d016eb288dab57d2b91f8907ee5678c3789b9df355aec3a5f474,1,06bfce65a48f6ab1199c4a9bba913510f7b8a82566d50963a11f84c92b9f7a89,2f9a3e127c3ab3e6665cac74c39561a0b74685029816cdd480e956e204ddd92e,./results/models/job/random/a/best.pt,"[{""action"":{""high_action"":""stop"",""order_decision"":""only_cost""},""phase"":""high""},{""action"":{""search_k"":1,""search_strategy"":""default""},""phase"":""search""},{""action"":{""execution_action"":""none"",""lip_action"":""none""},""phase"":""low""}]"
JOB,random,a,./workloads/query_job/4b.sql,learned,,203.850194811821,54.375000000000,263.578563928604,ok,1,c2e5045abfc8ecfbd0b40e2ecf04f734592cd5b76e223f977e6c366b9f571679,1,dace7f2a6b2b3cb8f35621d48df5ec2f440e2897681e0d2e3c4876fb41206ea6,c21d9dceadadd56d12c23a7bf4d2f8851ef8d99b4b124434b2d5518b3a1905d4,./results/models/job/random/a/best.pt,"[{""action"":{""high_action"":""stop"",""order_decision"":""only_cost""},""phase"":""high""},{""action"":{""search_k"":1,""search_strategy"":""default""},""phase"":""search""},{""action"":{""execution_action"":""none"",""lip_action"":""none""},""phase"":""low""}]"
JOB,random,a,./workloads/query_job/5b.sql,learned,,319.519981741905,60.291000000000,213.582336902618,ok,1,4f78f1a55542d807d5eaabd4ee2244ee9ba0258958f7de1c1ef4598cd5b46ab1,1,f78fd9dcfdefdabe6ccf1417c71f47a3f55d557440d5af502154d3407164641c,1fd4a63b9958e07a71cbd3739d6400aa3d0fe2f076e8994ee47643feaec1c52d,./results/models/job/random/a/best.pt,"[{""action"":{""high_action"":""stop"",""order_decision"":""only_cost""},""phase"":""high""},{""action"":{""search_k"":1,""search_strategy"":""default""},""phase"":""search""},{""action"":{""execution_action"":""none"",""lip_action"":""none""},""phase"":""low""}]"
JOB,random,a,./workloads/query_job/6b.sql,learned,,376.647420227528,78.544000000000,784.166216850281,ok,1,2b959ee9a358222cd3f680b4de1a9c2be8556432140123daad1b20aa89815ab9,1,419e551750c0131f0e1003b4d6108970d8e55450d8864511a38ea622f1ec5b46,4b4fbdccb49613c8ac20ef24e9a4c20781da87750327cd66fca9ffb9e6be5425,./results/models/job/random/a/best.pt,"[{""action"":{""high_action"":""split"",""order_decision"":""only_cost""},""phase"":""high""},{""action"":{""candidate_id"":1,""schedule_alpha"":0.5},""phase"":""select""},{""action"":{""search_k"":1,""search_strategy"":""default""},""phase"":""search""},{""action"":{""execution_action"":""none"",""lip_action"":""none""},""phase"":""low""},{""action"":{""high_action"":""stop"",""order_decision"":""only_cost""},""phase"":""high""},{""action"":{""search_k"":1,""search_strategy"":""default""},""phase"":""search""},{""action"":{""execution_action"":""none"",""lip_action"":""none""},""phase"":""low""}]"
JOB,random,a,./workloads/query_job/6f.sql,learned,,3600.704103708267,77.684000000000,4596.369124948978,ok,1,ce75c2032883b5ebfbc1826c33aee0cbee3a05005e8a664ad50142f57e258055,1,ca81b44f1bb28270af16fc3d7fc9557d25b0370bbbf93af18424495d9360b0cf,66f345526e2d80dee471ab0a61feffc1caeec5e94355c5f2c1ebaa9e079eb2a7,./results/models/job/random/a/best.pt,"[{""action"":{""high_action"":""split"",""order_decision"":""only_cost""},""phase"":""high""},{""action"":{""candidate_id"":1,""schedule_alpha"":0.5},""phase"":""select""},{""action"":{""search_k"":1,""search_strategy"":""default""},""phase"":""search""},{""action"":{""execution_action"":""none"",""lip_action"":""none""},""phase"":""low""},{""action"":{""high_action"":""stop"",""order_decision"":""only_cost""},""phase"":""high""},{""action"":{""search_k"":1,""search_strategy"":""default""},""phase"":""search""},{""action"":{""execution_action"":""none"",""lip_action"":""none""},""phase"":""low""}]"
JOB,random,a,./workloads/query_job/8a.sql,learned,,2227.720022201538,48.031000000000,6612.681291997433,ok,1,83ca1ebec91355240bb85797c81f9f6b8a96392c57707c100978708f49ae71e9,1,73718f4b13eeaee44908b29c966eb3cd5194734f660c4b9b5321e15b934ac32c,d8dfda3b35ef2b118e1b1a0326172cba6af9863eaedc023def1943885ecc71dc,./results/models/job/random/a/best.pt,"[{""action"":{""high_action"":""stop"",""order_decision"":""only_cost""},""phase"":""high""},{""action"":{""search_k"":1,""search_strategy"":""default""},""phase"":""search""},{""action"":{""execution_action"":""conservative"",""lip_action"":""selective""},""phase"":""low""}]"
JOB,random,a,./workloads/query_job/9a.sql,learned,,881.695315241814,77.628000000000,1133.110374212265,ok,1,886c7581cf3aa969ef759925c2f5ff04f028206a5c5d8bf1705580bbaac34c47,1,5c60e0fb6187f83d8c4459e1c364362583fa03f6dd31b13217182f0d4af891c0,02a906cc3e3be3274c46029454d253473b105c9abf0ddd061cbdde580bb6b0c8,./results/models/job/random/a/best.pt,"[{""action"":{""high_action"":""stop"",""order_decision"":""only_cost""},""phase"":""high""},{""action"":{""search_k"":1,""search_strategy"":""default""},""phase"":""search""},{""action"":{""execution_action"":""none"",""lip_action"":""none""},""phase"":""low""}]"
JOB,random,a,./workloads/query_job/9b.sql,learned,,856.529012322426,75.122000000000,946.450598537922,ok,1,8078dd223231eda190e9f3cf026f80ab7e46a368b87b14254a00ad3dcf6f4f90,1,b294b8877b6b33ef1ad86f3b2674ccaceda7d1f0629658d3bb9496c492de625e,dd44dfa822a7b8222ec7c897602c2224d841b880ee19caa62f8058576e5f503f,./results/models/job/random/a/best.pt,"[{""action"":{""high_action"":""stop"",""order_decision"":""only_cost""},""phase"":""high""},{""action"":{""search_k"":1,""search_strategy"":""default""},""phase"":""search""},{""action"":{""execution_action"":""none"",""lip_action"":""none""},""phase"":""low""}]"
JOB,random,a,./workloads/query_job/9d.sql,learned,,4051.779113709927,75.075000000000,5509.525291621685,ok,1,0e289ef9aab62d7cdc6d31fb6a14d705898bc5aae64eda813c4c66eea1574c1a,1,edcb2421819dd3bd5216ca8f01ded7b51fff1f50f281715adf5dd145339f2950,d1e172d21207fd171a5c293d2e9e0ea21c80da8970a17bd585b3135e6d94f39d,./results/models/job/random/a/best.pt,"[{""action"":{""high_action"":""stop"",""order_decision"":""only_cost""},""phase"":""high""},{""action"":{""search_k"":1,""search_strategy"":""default""},""phase"":""search""},{""action"":{""execution_action"":""none"",""lip_action"":""none""},""phase"":""low""}]"
JOB,random,b,./workloads/query_job/10a.sql,learned,,1002.688966691494,94.257000000000,1062.002897262573,ok,1,929d0b936421c3cc037300fc273cb56746f39627e96a60da4dd6863044511457,1,4f7e839273e2685d2478269c637edaa5281dbe2f7d2e46a40b69ed63f97c1fc7,37056096cdce64f3e0de756e91f0795bd242c7889ff016532a7ebe7d775832c4,./results/models/job/random/b/best.pt,"[{""action"":{""high_action"":""stop"",""order_decision"":""only_cost""},""phase"":""high""},{""action"":{""search_k"":1,""search_strategy"":""default""},""phase"":""search""},{""action"":{""execution_action"":""none"",""lip_action"":""none""},""phase"":""low""}]"
JOB,random,b,./workloads/query_job/10b.sql,learned,,618.509158492088,49.673000000000,550.015948712826,ok,1,706843969f310473a0308417223dbd3b01f9c23dd72c30ca6a320928a1c6d9a0,1,31dfcfe0dcefc0d13b798aa177b2c159eae2cd8b2df4ca73b41e49f8cec79585,46f5b5c8c8601f726be430904a2a83c89bc14ad0680c46fbaafefe79eb639849,./results/models/job/random/b/best.pt,"[{""action"":{""high_action"":""stop"",""order_decision"":""only_cost""},""phase"":""high""},{""action"":{""search_k"":1,""search_strategy"":""default""},""phase"":""search""},{""action"":{""execution_action"":""none"",""lip_action"":""none""},""phase"":""low""}]"
JOB,random,b,./workloads/query_job/11b.sql,learned,,151.234090328217,59.877000000000,70.258535444736,ok,1,1140a97472e10ce6316cd6b2747dee298183b9dfeb896f858eb6598def2645fe,1,026a2923932822f165f6fd040a30c9759823e34a3db99ee5ca1cc0a48517dee7,68fb8e53f42b6ccd63bb8a2c8a303d69feaeddca6a26ecdcf57254f750cfbf28,./results/models/job/random/b/best.pt,"[{""action"":{""high_action"":""stop"",""order_decision"":""only_cost""},""phase"":""high""},{""action"":{""search_k"":1,""search_strategy"":""default""},""phase"":""search""},{""action"":{""execution_action"":""none"",""lip_action"":""none""},""phase"":""low""}]"
JOB,random,b,./workloads/query_job/11c.sql,learned,,231.095977127552,61.431000000000,159.269966185093,ok,1,e03dd6f5aa7f119762f6b549c488852bbe23e0297bd479e5946f75c06ef1bbca,1,24418b7045c0af9849674710ca42999c3805444262db5bf7797fe686d71e37c5,ae6e4fb1018295cf1d19a1a0332a31434e3b9510a1a38511fdc64432f92a3cb7,./results/models/job/random/b/best.pt,"[{""action"":{""high_action"":""stop"",""order_decision"":""only_cost""},""phase"":""high""},{""action"":{""search_k"":1,""search_strategy"":""default""},""phase"":""search""},{""action"":{""execution_action"":""none"",""lip_action"":""none""},""phase"":""low""}]"
JOB,random,b,./workloads/query_job/12b.sql,learned,,98.602868616581,72.312000000000,20.849838852882,ok,1,c6ff9ec06ce589c648d889e9e9021a68976c3ccf8550d7c147b5054bdddcb545,1,e96311daa843971c31b4777946179ee6f2fcaa606bf8a9e5a8943fece9eabc47,a8ae3fa79df451e276b6cb006aaa2be2115d6339447fee522e5e03d30058411c,./results/models/job/random/b/best.pt,"[{""action"":{""high_action"":""stop"",""order_decision"":""only_cost""},""phase"":""high""},{""action"":{""search_k"":1,""search_strategy"":""default""},""phase"":""search""},{""action"":{""execution_action"":""none"",""lip_action"":""none""},""phase"":""low""}]"
JOB,random,b,./workloads/query_job/12c.sql,learned,,1603.018276393414,64.149000000000,4895.386449992657,ok,1,fc048ce250bbfdae76cc58594ab66716a3f413669bed819d0adf4b9851bbc9c4,1,3f0dc46b469f123899b8f0afac5166360a9515b80cc119000d34b9cbbc595dcc,68ee8c3f6408ae0343d5961725fef8765955d0c9d2a9c07826613b56075b3273,./results/models/job/random/b/best.pt,"[{""action"":{""high_action"":""stop"",""order_decision"":""only_cost""},""phase"":""high""},{""action"":{""search_k"":1,""search_strategy"":""default""},""phase"":""search""},{""action"":{""execution_action"":""none"",""lip_action"":""none""},""phase"":""low""}]"
JOB,random,b,./workloads/query_job/14b.sql,learned,,279.425911605358,61.577000000000,186.990559101105,ok,1,74085e27c595ac219c6257d663e3ccccdf16299520347ac5488a715783f18a41,1,72a86d3d410bfa8934473ad17b8e7e16a21295b330a8bcd538f5852679bda3ae,b7f924adc34a99b4ec429ddf830cfbe725ab749ec67ec3c573a55542056563db,./results/models/job/random/b/best.pt,"[{""action"":{""high_action"":""stop"",""order_decision"":""only_cost""},""phase"":""high""},{""action"":{""search_k"":1,""search_strategy"":""default""},""phase"":""search""},{""action"":{""execution_action"":""none"",""lip_action"":""none""},""phase"":""low""}]"
JOB,random,b,./workloads/query_job/14c.sql,learned,,836.652174592018,78.703000000000,729.836747050285,ok,1,f13c3a0e601dd42f5abd41675e0438c06c7c79b9e0a6b2e6974fe4952b94c09e,1,2abc81e56f24824f74cc57c7f68064f7a2e09c477aec58c412dbca1e121b7bf4,52871e2475eac0fb6a8f61ee16c7d11f4f2be3a94a972dacb2c8640df25f1167,./results/models/job/random/b/best.pt,"[{""action"":{""high_action"":""stop"",""order_decision"":""only_cost""},""phase"":""high""},{""action"":{""search_k"":1,""search_strategy"":""default""},""phase"":""search""},{""action"":{""execution_action"":""none"",""lip_action"":""none""},""phase"":""low""}]"
JOB,random,b,./workloads/query_job/15d.sql,learned,,971.490591764450,61.159000000000,1081.597425043583,ok,1,df3a19f8bdca38394c1c9a01f448c4e34ce26e4cc3c938d45c9a4e59526d24d5,1,6d7374a11d420ecc60873aa972203f23aed1a5fe613031e98b60a7f58d57212b,da38c2e46953afcb2e9614d06155c81e79fe907e3e9e22093c618c3a3dad0ae5,./results/models/job/random/b/best.pt,"[{""action"":{""high_action"":""stop"",""order_decision"":""only_cost""},""phase"":""high""},{""action"":{""search_k"":1,""search_strategy"":""default""},""phase"":""search""},{""action"":{""execution_action"":""none"",""lip_action"":""none""},""phase"":""low""}]"
JOB,random,b,./workloads/query_job/16a.sql,learned,,336.930431425571,59.584000000000,247.625730931759,ok,1,bffefed9bcba1ce113c4f9365520889d2a59468ebb170e1a8e776353d8311bfb,1,6c6e8d41af5d9f6797dbe5c20921031137791808c6713cc386a35f9ba0f80590,874349158c617788232fdc0adeaade000e40cad04800ea7cc46e503db21484ed,./results/models/job/random/b/best.pt,"[{""action"":{""high_action"":""stop"",""order_decision"":""only_cost""},""phase"":""high""},{""action"":{""search_k"":1,""search_strategy"":""default""},""phase"":""search""},{""action"":{""execution_action"":""none"",""lip_action"":""none""},""phase"":""low""}]"
JOB,random,b,./workloads/query_job/16b.sql,learned,,6137.469880282879,100.474000000000,21611.640319228172,ok,1,e153889fdca6a79bf30b6f802a7d6fb574587af0fb56f36ecc25d831db945ea2,1,6be531f8658751caca247b9352f7eb4bd34e57c0c7f8539ec476a7112a715a48,905261b33608561119264f943aabbd4697640b0cbef17832fb0e438ac991bff2,./results/models/job/random/b/best.pt,"[{""action"":{""high_action"":""split"",""order_decision"":""only_cost""},""phase"":""high""},{""action"":{""candidate_id"":3,""schedule_alpha"":1.0},""phase"":""select""},{""action"":{""search_k"":1,""search_strategy"":""default""},""phase"":""search""},{""action"":{""execution_action"":""none"",""lip_action"":""none""},""phase"":""low""},{""action"":{""high_action"":""split"",""order_decision"":""only_cost""},""phase"":""high""},{""action"":{""candidate_id"":2,""schedule_alpha"":1.0},""phase"":""select""},{""action"":{""search_k"":1,""search_strategy"":""default""},""phase"":""search""},{""action"":{""execution_action"":""none"",""lip_action"":""none""},""phase"":""low""},{""action"":{""high_action"":""split"",""order_decision"":""only_cost""},""phase"":""high""},{""action"":{""candidate_id"":0,""schedule_alpha"":1.0},""phase"":""select""},{""action"":{""search_k"":1,""search_strategy"":""default""},""phase"":""search""},{""action"":{""execution_action"":""none"",""lip_action"":""none""},""phase"":""low""},{""action"":{""high_action"":""stop"",""order_decision"":""only_cost""},""phase"":""high""},{""action"":{""search_k"":1,""search_strategy"":""default""},""phase"":""search""},{""action"":{""execution_action"":""none"",""lip_action"":""none""},""phase"":""low""}]"
JOB,random,b,./workloads/query_job/17f.sql,learned,,5102.881304919720,73.142000000000,8577.061973512173,ok,1,966c1a52f852284091756356c99e5f43debac4e41bc8ee9f790f5c70bff4c7c4,1,713a97a2c637845ee48e35cedf2f7576c5f5bff0cbe6fce41ae65ec2547e7e52,d6600965619fd5ca92bf307fc5acae5df903a246d0bd637d596c550485e84e37,./results/models/job/random/b/best.pt,"[{""action"":{""high_action"":""split"",""order_decision"":""only_cost""},""phase"":""high""},{""action"":{""candidate_id"":2,""schedule_alpha"":1.0},""phase"":""select""},{""action"":{""search_k"":1,""search_strategy"":""default""},""phase"":""search""},{""action"":{""execution_action"":""none"",""lip_action"":""none""},""phase"":""low""},{""action"":{""high_action"":""split"",""order_decision"":""only_cost""},""phase"":""high""},{""action"":{""candidate_id"":1,""schedule_alpha"":1.0},""phase"":""select""},{""action"":{""search_k"":1,""search_strategy"":""default""},""phase"":""search""},{""action"":{""execution_action"":""none"",""lip_action"":""none""},""phase"":""low""},{""action"":{""high_action"":""stop"",""order_decision"":""only_cost""},""phase"":""high""},{""action"":{""search_k"":1,""search_strategy"":""default""},""phase"":""search""},{""action"":{""execution_action"":""none"",""lip_action"":""none""},""phase"":""low""}]"
JOB,random,b,./workloads/query_job/18a.sql,learned,,6644.601531326771,172.795000000000,9363.223992288113,ok,1,4ea394ad5b6ff23d28102b48eef256f385144f05c176dcf273e5fc3dfc0f3ea7,1,b430134a2bf9f63dbd68d997eb925a24c42bf4fe4f19b7615d1c18b8800758d6,957df57f3e1d4ae0e63f037a57ca228a9c3bc29a166b79f0da978da64fad0c7f,./results/models/job/random/b/best.pt,"[{""action"":{""high_action"":""split"",""order_decision"":""only_cost""},""phase"":""high""},{""action"":{""candidate_id"":2,""schedule_alpha"":1.0},""phase"":""select""},{""action"":{""search_k"":1,""search_strategy"":""default""},""phase"":""search""},{""action"":{""execution_action"":""none"",""lip_action"":""none""},""phase"":""low""},{""action"":{""high_action"":""split"",""order_decision"":""only_cost""},""phase"":""high""},{""action"":{""candidate_id"":1,""schedule_alpha"":1.0},""phase"":""select""},{""action"":{""search_k"":1,""search_strategy"":""default""},""phase"":""search""},{""action"":{""execution_action"":""none"",""lip_action"":""none""},""phase"":""low""},{""action"":{""high_action"":""stop"",""order_decision"":""only_cost""},""phase"":""high""},{""action"":{""search_k"":1,""search_strategy"":""default""},""phase"":""search""},{""action"":{""execution_action"":""none"",""lip_action"":""none""},""phase"":""low""}]"
JOB,random,b,./workloads/query_job/19a.sql,learned,,937.321484088898,77.527000000000,981.471620500088,ok,1,1f0ca7719cfc34a43e2d3322146638f13989d450c4591afc7b3885613918e4de,1,73fb654ba5138fce33837985b29e8d2d19753acb40a005ba9c5767a9a193a2c3,c4f1ece59a091cf5be6ffc4039361962495066a499798e32b7ad2ac5e9d6210a,./results/models/job/random/b/best.pt,"[{""action"":{""high_action"":""stop"",""order_decision"":""only_cost""},""phase"":""high""},{""action"":{""search_k"":1,""search_strategy"":""default""},""phase"":""search""},{""action"":{""execution_action"":""none"",""lip_action"":""none""},""phase"":""low""}]"
JOB,random,b,./workloads/query_job/1d.sql,learned,,67.287102341652,54.830000000000,9.564861655235,ok,1,b68175a2c8e96f8bc107b1f09c2703f390d5a78ec2aa27991cd17eea2e6db1c8,1,2834e9a1b33b886e23549256c81de70a7dc044800287b5aa48ed227514aac78a,f1bd75ab077db5b12ee3c76f1da69e8a207025d4df6009717947de0f7ad2f0e1,./results/models/job/random/b/best.pt,"[{""action"":{""high_action"":""stop"",""order_decision"":""only_cost""},""phase"":""high""},{""action"":{""search_k"":1,""search_strategy"":""default""},""phase"":""search""},{""action"":{""execution_action"":""none"",""lip_action"":""none""},""phase"":""low""}]"
JOB,random,b,./workloads/query_job/20b.sql,learned,,1438.206449151039,62.196000000000,2001.977518200874,ok,1,bdabdfce4c8cd4726f7228f6d5040b01cd2120ccf41064b215b2fd1b9c7cdbe3,1,862b487b3ef99f1d59c2c8271466688c45e9631f61cbc7d6e28bb0c29ea29a61,beaef2f0d8e3d23d8e5503db238f2b05b4b592c1b1e9fbceee4f253b3f3a9578,./results/models/job/random/b/best.pt,"[{""action"":{""high_action"":""split"",""order_decision"":""only_cost""},""phase"":""high""},{""action"":{""candidate_id"":2,""schedule_alpha"":1.0},""phase"":""select""},{""action"":{""search_k"":1,""search_strategy"":""default""},""phase"":""search""},{""action"":{""execution_action"":""none"",""lip_action"":""none""},""phase"":""low""},{""action"":{""high_action"":""split"",""order_decision"":""only_cost""},""phase"":""high""},{""action"":{""candidate_id"":2,""schedule_alpha"":1.0},""phase"":""select""},{""action"":{""search_k"":1,""search_strategy"":""default""},""phase"":""search""},{""action"":{""execution_action"":""none"",""lip_action"":""none""},""phase"":""low""},{""action"":{""high_action"":""split"",""order_decision"":""only_cost""},""phase"":""high""},{""action"":{""candidate_id"":0,""schedule_alpha"":1.0},""phase"":""select""},{""action"":{""search_k"":1,""search_strategy"":""default""},""phase"":""search""},{""action"":{""execution_action"":""none"",""lip_action"":""none""},""phase"":""low""},{""action"":{""high_action"":""stop"",""order_decision"":""only_cost""},""phase"":""high""},{""action"":{""search_k"":1,""search_strategy"":""default""},""phase"":""search""},{""action"":{""execution_action"":""none"",""lip_action"":""none""},""phase"":""low""}]"
JOB,random,b,./workloads/query_job/22b.sql,learned,,477.641090750694,86.801000000000,369.144991040230,ok,1,261344b3d5dbc63bbc8b73ff367b08e19136e387d0502f40684455f7a223d93f,1,ceb99b72091ec77a6ed0a7c13926a58fb8d1a9521d7a1a75dbb47afd71e00b59,5200be1f42de837c4427cc02922eb0f87fabe343e7e6591e296d2655f6cd2821,./results/models/job/random/b/best.pt,"[{""action"":{""high_action"":""stop"",""order_decision"":""only_cost""},""phase"":""high""},{""action"":{""search_k"":1,""search_strategy"":""default""},""phase"":""search""},{""action"":{""execution_action"":""none"",""lip_action"":""none""},""phase"":""low""}]"
JOB,random,b,./workloads/query_job/23c.sql,learned,,860.630460083485,68.719000000000,506.239660084248,ok,1,d6d3b9a56435f4fe61ee133589ebd35b7135f05afe08be1125990d58b250e9f9,1,624cd7d2ee0588dd1f3732a1ab7cd8881cd8bae4c385e5ee1a68777f0399c4b6,e739279f53983ff41718753c3b9852a4c225ee2e4cb5a67a125b1c0e9bd9ddba,./results/models/job/random/b/best.pt,"[{""action"":{""high_action"":""split"",""order_decision"":""only_cost""},""phase"":""high""},{""action"":{""candidate_id"":2,""schedule_alpha"":0.5},""phase"":""select""},{""action"":{""search_k"":1,""search_strategy"":""default""},""phase"":""search""},{""action"":{""execution_action"":""none"",""lip_action"":""none""},""phase"":""low""},{""action"":{""high_action"":""split"",""order_decision"":""only_cost""},""phase"":""high""},{""action"":{""candidate_id"":1,""schedule_alpha"":1.0},""phase"":""select""},{""action"":{""search_k"":1,""search_strategy"":""default""},""phase"":""search""},{""action"":{""execution_action"":""none"",""lip_action"":""none""},""phase"":""low""},{""action"":{""high_action"":""split"",""order_decision"":""only_cost""},""phase"":""high""},{""action"":{""candidate_id"":0,""schedule_alpha"":1.0},""phase"":""select""},{""action"":{""search_k"":1,""search_strategy"":""default""},""phase"":""search""},{""action"":{""execution_action"":""none"",""lip_action"":""none""},""phase"":""low""},{""action"":{""high_action"":""split"",""order_decision"":""only_cost""},""phase"":""high""},{""action"":{""candidate_id"":0,""schedule_alpha"":1.0},""phase"":""select""},{""action"":{""search_k"":1,""search_strategy"":""default""},""phase"":""search""},{""action"":{""execution_action"":""none"",""lip_action"":""none""},""phase"":""low""},{""action"":{""high_action"":""stop"",""order_decision"":""only_cost""},""phase"":""high""},{""action"":{""search_k"":1,""search_strategy"":""default""},""phase"":""search""},{""action"":{""execution_action"":""none"",""lip_action"":""none""},""phase"":""low""}]"
JOB,random,b,./workloads/query_job/24a.sql,learned,,499.328680336475,97.932000000000,396.160408854485,ok,1,f456596f387e349a6006b7f95149e83820f1855cb47322cf82c324c7abf10133,1,33cd030d49a496ef3514703d7d90def9e2769ec6410b1318c043bacfd156c83e,9499a463d9fe776e28c76556828e7bba0ef9c48321eefd967d0623a07a0d5da9,./results/models/job/random/b/best.pt,"[{""action"":{""high_action"":""stop"",""order_decision"":""only_cost""},""phase"":""high""},{""action"":{""search_k"":1,""search_strategy"":""default""},""phase"":""search""},{""action"":{""execution_action"":""none"",""lip_action"":""none""},""phase"":""low""}]"
JOB,random,b,./workloads/query_job/25c.sql,learned,,3765.770480036736,64.913000000000,6725.454218685627,ok,1,67a630b3c65d3bcaa414c0e78677ad348267d0f04c2fa18b570f5906a0599ac5,1,e6ca2c5303b374e09183036c21fca182c1012b69a54fafb4be6fc65eb6158add,1bd130465a350c2936d1a092e95a48aa7be8163fdc350777da41feccc9d135be,./results/models/job/random/b/best.pt,"[{""action"":{""high_action"":""split"",""order_decision"":""only_cost""},""phase"":""high""},{""action"":{""candidate_id"":3,""schedule_alpha"":1.0},""phase"":""select""},{""action"":{""search_k"":1,""search_strategy"":""default""},""phase"":""search""},{""action"":{""execution_action"":""none"",""lip_action"":""none""},""phase"":""low""},{""action"":{""high_action"":""split"",""order_decision"":""only_cost""},""phase"":""high""},{""action"":{""candidate_id"":2,""schedule_alpha"":1.0},""phase"":""select""},{""action"":{""search_k"":1,""search_strategy"":""default""},""phase"":""search""},{""action"":{""execution_action"":""none"",""lip_action"":""none""},""phase"":""low""},{""action"":{""high_action"":""split"",""order_decision"":""only_cost""},""phase"":""high""},{""action"":{""candidate_id"":1,""schedule_alpha"":1.0},""phase"":""select""},{""action"":{""search_k"":1,""search_strategy"":""default""},""phase"":""search""},{""action"":{""execution_action"":""none"",""lip_action"":""none""},""phase"":""low""},{""action"":{""high_action"":""stop"",""order_decision"":""only_cost""},""phase"":""high""},{""action"":{""search_k"":1,""search_strategy"":""default""},""phase"":""search""},{""action"":{""execution_action"":""none"",""lip_action"":""none""},""phase"":""low""}]"
JOB,random,b,./workloads/query_job/26a.sql,learned,,866.349697113037,125.164000000000,1567.826792597771,ok,1,2c7cebb1807f0b225f4f97c680278aa0ec35039ff7dbf43518e7a09bd026684a,1,492f3d548bb05124c170103f1ee33f23f5c320df28f4e00088e25a977bdc9f78,ed04e3b7f896578f252b8ab32f2ea259e9ac2f7f682734bdd0fd5e8aaeb95635,./results/models/job/random/b/best.pt,"[{""action"":{""high_action"":""split"",""order_decision"":""only_cost""},""phase"":""high""},{""action"":{""candidate_id"":3,""schedule_alpha"":1.0},""phase"":""select""},{""action"":{""search_k"":1,""search_strategy"":""default""},""phase"":""search""},{""action"":{""execution_action"":""none"",""lip_action"":""none""},""phase"":""low""},{""action"":{""high_action"":""split"",""order_decision"":""only_cost""},""phase"":""high""},{""action"":{""candidate_id"":2,""schedule_alpha"":1.0},""phase"":""select""},{""action"":{""search_k"":1,""search_strategy"":""default""},""phase"":""search""},{""action"":{""execution_action"":""none"",""lip_action"":""none""},""phase"":""low""},{""action"":{""high_action"":""split"",""order_decision"":""only_cost""},""phase"":""high""},{""action"":{""candidate_id"":0,""schedule_alpha"":1.0},""phase"":""select""},{""action"":{""search_k"":1,""search_strategy"":""default""},""phase"":""search""},{""action"":{""execution_action"":""none"",""lip_action"":""none""},""phase"":""low""},{""action"":{""high_action"":""split"",""order_decision"":""only_cost""},""phase"":""high""},{""action"":{""candidate_id"":1,""schedule_alpha"":1.0},""phase"":""select""},{""action"":{""search_k"":1,""search_strategy"":""default""},""phase"":""search""},{""action"":{""execution_action"":""none"",""lip_action"":""none""},""phase"":""low""},{""action"":{""high_action"":""stop"",""order_decision"":""only_cost""},""phase"":""high""},{""action"":{""search_k"":1,""search_strategy"":""default""},""phase"":""search""},{""action"":{""execution_action"":""none"",""lip_action"":""none""},""phase"":""low""}]"
JOB,random,b,./workloads/query_job/27a.sql,learned,,217.827439308167,63.448000000000,121.552340686321,ok,1,17da2f55cbda32682db3bc710c4a0f0048b6fb05111deffe244b8be90c1e4968,1,0ae475751e8ac7b987b8bf7986c5b29a7b48aa5b77a3de96bf7e5eee3cae0709,27dd184fb8cfd856ffed7737940e629174e8afc74149d2e5ed08e54617bbd76a,./results/models/job/random/b/best.pt,"[{""action"":{""high_action"":""split"",""order_decision"":""only_cost""},""phase"":""high""},{""action"":{""candidate_id"":3,""schedule_alpha"":1.0},""phase"":""select""},{""action"":{""search_k"":1,""search_strategy"":""default""},""phase"":""search""},{""action"":{""execution_action"":""none"",""lip_action"":""none""},""phase"":""low""},{""action"":{""high_action"":""split"",""order_decision"":""only_cost""},""phase"":""high""},{""action"":{""candidate_id"":3,""schedule_alpha"":1.0},""phase"":""select""},{""action"":{""search_k"":1,""search_strategy"":""default""},""phase"":""search""},{""action"":{""execution_action"":""none"",""lip_action"":""none""},""phase"":""low""},{""action"":{""high_action"":""split"",""order_decision"":""only_cost""},""phase"":""high""},{""action"":{""candidate_id"":0,""schedule_alpha"":1.0},""phase"":""select""},{""action"":{""search_k"":1,""search_strategy"":""default""},""phase"":""search""},{""action"":{""execution_action"":""none"",""lip_action"":""none""},""phase"":""low""},{""action"":{""high_action"":""split"",""order_decision"":""only_cost""},""phase"":""high""},{""action"":{""candidate_id"":0,""schedule_alpha"":1.0},""phase"":""select""},{""action"":{""search_k"":1,""search_strategy"":""default""},""phase"":""search""},{""action"":{""execution_action"":""none"",""lip_action"":""none""},""phase"":""low""},{""action"":{""high_action"":""stop"",""order_decision"":""only_cost""},""phase"":""high""},{""action"":{""search_k"":1,""search_strategy"":""default""},""phase"":""search""},{""action"":{""execution_action"":""none"",""lip_action"":""none""},""phase"":""low""}]"
JOB,random,b,./workloads/query_job/27c.sql,learned,,318.119287490845,127.208000000000,122.231170535088,ok,1,17da2f55cbda32682db3bc710c4a0f0048b6fb05111deffe244b8be90c1e4968,1,59bda41b88b7862a4126ed05981cb7e29281181b98934b47a11cbcbe54ce0c92,1354c3e353cbf0e57c265909847115e37ccebea2ec53e2876fc886ba2ac51fb6,./results/models/job/random/b/best.pt,"[{""action"":{""high_action"":""split"",""order_decision"":""only_cost""},""phase"":""high""},{""action"":{""candidate_id"":3,""schedule_alpha"":1.0},""phase"":""select""},{""action"":{""search_k"":1,""search_strategy"":""default""},""phase"":""search""},{""action"":{""execution_action"":""none"",""lip_action"":""none""},""phase"":""low""},{""action"":{""high_action"":""split"",""order_decision"":""only_cost""},""phase"":""high""},{""action"":{""candidate_id"":3,""schedule_alpha"":1.0},""phase"":""select""},{""action"":{""search_k"":1,""search_strategy"":""default""},""phase"":""search""},{""action"":{""execution_action"":""none"",""lip_action"":""none""},""phase"":""low""},{""action"":{""high_action"":""split"",""order_decision"":""only_cost""},""phase"":""high""},{""action"":{""candidate_id"":0,""schedule_alpha"":1.0},""phase"":""select""},{""action"":{""search_k"":1,""search_strategy"":""default""},""phase"":""search""},{""action"":{""execution_action"":""none"",""lip_action"":""none""},""phase"":""low""},{""action"":{""high_action"":""split"",""order_decision"":""only_cost""},""phase"":""high""},{""action"":{""candidate_id"":0,""schedule_alpha"":1.0},""phase"":""select""},{""action"":{""search_k"":1,""search_strategy"":""default""},""phase"":""search""},{""action"":{""execution_action"":""none"",""lip_action"":""none""},""phase"":""low""},{""action"":{""high_action"":""stop"",""order_decision"":""only_cost""},""phase"":""high""},{""action"":{""search_k"":1,""search_strategy"":""default""},""phase"":""search""},{""action"":{""execution_action"":""none"",""lip_action"":""none""},""phase"":""low""}]"
JOB,random,b,./workloads/query_job/28b.sql,learned,,543.285697698593,106.801000000000,681.756019592285,ok,1,1504c5fe4b85e0649828523441b52c0f8b7c17598529646d3d732ab63db821f5,1,023b09d8b7169d1cf53f505f194d5403260133c6554d0c5a65c844ac2b0736b2,dd6c2e1c0770d04b0c3a59c132d182c6a095e1c176adf5f074651f0c2d6ea3ea,./results/models/job/random/b/best.pt,"[{""action"":{""high_action"":""split"",""order_decision"":""only_cost""},""phase"":""high""},{""action"":{""candidate_id"":4,""schedule_alpha"":1.0},""phase"":""select""},{""action"":{""search_k"":1,""search_strategy"":""default""},""phase"":""search""},{""action"":{""execution_action"":""none"",""lip_action"":""none""},""phase"":""low""},{""action"":{""high_action"":""split"",""order_decision"":""only_cost""},""phase"":""high""},{""action"":{""candidate_id"":1,""schedule_alpha"":1.0},""phase"":""select""},{""action"":{""search_k"":1,""search_strategy"":""default""},""phase"":""search""},{""action"":{""execution_action"":""none"",""lip_action"":""none""},""phase"":""low""},{""action"":{""high_action"":""split"",""order_decision"":""only_cost""},""phase"":""high""},{""action"":{""candidate_id"":0,""schedule_alpha"":1.0},""phase"":""select""},{""action"":{""search_k"":1,""search_strategy"":""default""},""phase"":""search""},{""action"":{""execution_action"":""none"",""lip_action"":""none""},""phase"":""low""},{""action"":{""high_action"":""split"",""order_decision"":""only_cost""},""phase"":""high""},{""action"":{""candidate_id"":2,""schedule_alpha"":1.0},""phase"":""select""},{""action"":{""search_k"":1,""search_strategy"":""default""},""phase"":""search""},{""action"":{""execution_action"":""none"",""lip_action"":""none""},""phase"":""low""},{""action"":{""high_action"":""split"",""order_decision"":""only_cost""},""phase"":""high""},{""action"":{""candidate_id"":0,""schedule_alpha"":1.0},""phase"":""select""},{""action"":{""search_k"":1,""search_strategy"":""default""},""phase"":""search""},{""action"":{""execution_action"":""none"",""lip_action"":""none""},""phase"":""low""},{""action"":{""high_action"":""stop"",""order_decision"":""only_cost""},""phase"":""high""},{""action"":{""search_k"":1,""search_strategy"":""default""},""phase"":""search""},{""action"":{""execution_action"":""none"",""lip_action"":""none""},""phase"":""low""}]"
JOB,random,b,./workloads/query_job/29b.sql,learned,,245.965108275414,130.033000000000,2185.845553874969,ok,1,6931843f19cb52122ed461369626a4f45f6b0550fbb8e5608f26c0a53fbfa63e,1,238173bc5bdc20c3d2a9937214cfbc05941ac48bd96ce07241899a1c966d23af,adb022095098e0758c94bfb5860c56f2a104ca88634e1159f98157f9dd6ec7e0,./results/models/job/random/b/best.pt,"[{""action"":{""high_action"":""split"",""order_decision"":""only_cost""},""phase"":""high""},{""action"":{""candidate_id"":5,""schedule_alpha"":1.0},""phase"":""select""},{""action"":{""search_k"":1,""search_strategy"":""default""},""phase"":""search""},{""action"":{""execution_action"":""none"",""lip_action"":""none""},""phase"":""low""},{""action"":{""high_action"":""split"",""order_decision"":""only_cost""},""phase"":""high""},{""action"":{""candidate_id"":1,""schedule_alpha"":1.0},""phase"":""select""},{""action"":{""search_k"":1,""search_strategy"":""default""},""phase"":""search""},{""action"":{""execution_action"":""none"",""lip_action"":""none""},""phase"":""low""},{""action"":{""high_action"":""split"",""order_decision"":""only_cost""},""phase"":""high""},{""action"":{""candidate_id"":2,""schedule_alpha"":1.0},""phase"":""select""},{""action"":{""search_k"":1,""search_strategy"":""default""},""phase"":""search""},{""action"":{""execution_action"":""none"",""lip_action"":""none""},""phase"":""low""},{""action"":{""high_action"":""split"",""order_decision"":""only_cost""},""phase"":""high""},{""action"":{""candidate_id"":1,""schedule_alpha"":1.0},""phase"":""select""},{""action"":{""search_k"":1,""search_strategy"":""default""},""phase"":""search""},{""action"":{""execution_action"":""none"",""lip_action"":""none""},""phase"":""low""},{""action"":{""high_action"":""split"",""order_decision"":""only_cost""},""phase"":""high""},{""action"":{""candidate_id"":0,""schedule_alpha"":1.0},""phase"":""select""},{""action"":{""search_k"":1,""search_strategy"":""default""},""phase"":""search""},{""action"":{""execution_action"":""none"",""lip_action"":""none""},""phase"":""low""},{""action"":{""high_action"":""split"",""order_decision"":""only_cost""},""phase"":""high""},{""action"":{""candidate_id"":1,""schedule_alpha"":1.0},""phase"":""select""},{""action"":{""search_k"":1,""search_strategy"":""default""},""phase"":""search""},{""action"":{""execution_action"":""none"",""lip_action"":""none""},""phase"":""low""},{""action"":{""high_action"":""stop"",""order_decision"":""only_cost""},""phase"":""high""},{""action"":{""search_k"":1,""search_strategy"":""default""},""phase"":""search""},{""action"":{""execution_action"":""none"",""lip_action"":""none""},""phase"":""low""}]"
JOB,random,b,./workloads/query_job/2b.sql,learned,,618.683539330959,55.383000000000,542.424827814102,ok,1,fc90f3c2c15c5abce95811297c6b9a8ee98e4e03347ce9e79c8ce8e6b57b03a0,1,c7796dd8d0c1b7da7366a26897fbaf263ac0036a91454a7a2372141809d4304a,935178064c20ae7a8eb8e005db9be28c65a789bc27bd81f2ac38a248288b55f0,./results/models/job/random/b/best.pt,"[{""action"":{""high_action"":""stop"",""order_decision"":""only_cost""},""phase"":""high""},{""action"":{""search_k"":1,""search_strategy"":""default""},""phase"":""search""},{""action"":{""execution_action"":""none"",""lip_action"":""none""},""phase"":""low""}]"
JOB,random,b,./workloads/query_job/2c.sql,learned,,597.391553223133,47.560000000000,408.168464899063,ok,1,4f78f1a55542d807d5eaabd4ee2244ee9ba0258958f7de1c1ef4598cd5b46ab1,1,9b4c6fb85dd789ddb97c5c464a0975b8a17cf09d861774c6ead11dcfc8136572,0a17444a4bf345a176b3d2ca55f85fe2aeb23dbdeb1e6fb8c85f60cfca79e280,./results/models/job/random/b/best.pt,"[{""action"":{""high_action"":""stop"",""order_decision"":""only_cost""},""phase"":""high""},{""action"":{""search_k"":1,""search_strategy"":""default""},""phase"":""search""},{""action"":{""execution_action"":""none"",""lip_action"":""none""},""phase"":""low""}]"
JOB,random,b,./workloads/query_job/2d.sql,learned,,778.993569314480,58.310000000000,2104.353629052639,ok,1,d55d5656333bd757f053124d39c4d7de4605203e41f67c025f0cc73ff2c7b9bb,1,13e746f7a57d1a4a0c3b24f9cb84351b705ed1220a0e462dca8fb16d1429131e,11a94416bb91c0c913b808b4d7d8a043c72e515abc5e477d3602e480c716f97f,./results/models/job/random/b/best.pt,"[{""action"":{""high_action"":""stop"",""order_decision"":""only_cost""},""phase"":""high""},{""action"":{""search_k"":1,""search_strategy"":""default""},""phase"":""search""},{""action"":{""execution_action"":""none"",""lip_action"":""none""},""phase"":""low""}]"
JOB,random,b,./workloads/query_job/3a.sql,learned,,274.317331612110,58.998000000000,1450.624108314514,ok,1,4446b454452e8db43636d58c5e3a7f9041b179149913a47dfd28d049a31e3f4d,1,335652cf37d3466bee7ea3d4104f27b128c7fedc64266ce0dd0534b41858a028,4f3798f0f8d732cdbf1314fbb1152c4b79ef7f55428e7c694ea76ad7edc80aad,./results/models/job/random/b/best.pt,"[{""action"":{""high_action"":""stop"",""order_decision"":""only_cost""},""phase"":""high""},{""action"":{""search_k"":1,""search_strategy"":""default""},""phase"":""search""},{""action"":{""execution_action"":""none"",""lip_action"":""none""},""phase"":""low""}]"
JOB,random,b,./workloads/query_job/4c.sql,learned,,229.137405753136,45.013000000000,117.703966796398,ok,1,5c9364f684db0004720ec4e9642a958681b071ff992dadc090178e95cc52235a,1,8b326a722c93f49b0cdf8ee1d34a78b074c4796c733f602c0db24dd4ea9bb50d,1075f94d0954585dbc49d1b18917efe3f39e4935bb6c095d5711431370ba1169,./results/models/job/random/b/best.pt,"[{""action"":{""high_action"":""stop"",""order_decision"":""only_cost""},""phase"":""high""},{""action"":{""search_k"":1,""search_strategy"":""default""},""phase"":""search""},{""action"":{""execution_action"":""none"",""lip_action"":""none""},""phase"":""low""}]"
JOB,random,b,./workloads/query_job/5c.sql,learned,,357.079841196537,60.305000000000,616.215929389000,ok,1,c63c0f430af977fe1bf0c51442b833d536b07965c22254d5a737a187719cc641,1,4919f7ec00f2be5db8cc1650c33fccf19c4eb04ac3e3fed6b50be9979a79943e,e99595d3ea9aeef0d2c5ed83e577e7fa66223973fd4f4bb94f58b7f3910012e7,./results/models/job/random/b/best.pt,"[{""action"":{""high_action"":""stop"",""order_decision"":""only_cost""},""phase"":""high""},{""action"":{""search_k"":1,""search_strategy"":""default""},""phase"":""search""},{""action"":{""execution_action"":""none"",""lip_action"":""none""},""phase"":""low""}]"
JOB,random,b,./workloads/query_job/6a.sql,learned,,168.421506881714,80.448000000000,304.985016584396,ok,1,2e45680981dcedf844899f966540a92734a6200fc0d8bd8a547ceba0d0cf631f,1,dba491c605c900208bbe1fa664017eec7807afa9cf2e1cd542636cd5b3ef87e3,322e538e1250175a917b247946faab3ec7ed38d82a7fb8b53763dc01a0a9d64a,./results/models/job/random/b/best.pt,"[{""action"":{""high_action"":""split"",""order_decision"":""only_cost""},""phase"":""high""},{""action"":{""candidate_id"":1,""schedule_alpha"":1.0},""phase"":""select""},{""action"":{""search_k"":1,""search_strategy"":""default""},""phase"":""search""},{""action"":{""execution_action"":""none"",""lip_action"":""none""},""phase"":""low""},{""action"":{""high_action"":""stop"",""order_decision"":""only_cost""},""phase"":""high""},{""action"":{""search_k"":1,""search_strategy"":""default""},""phase"":""search""},{""action"":{""execution_action"":""none"",""lip_action"":""none""},""phase"":""low""}]"
JOB,random,b,./workloads/query_job/6c.sql,learned,,154.869809746742,105.569000000000,31.306013464928,ok,1,eb15d11fcc635c0f71eefa80cad2069e9f06841887450ba39d0be7466e8da9dd,1,b5ab2b861b58a4eb062c1f60d7908fc14b6e6f4a1279b3e34550e4f6e75cc8f6,1482ff093bbdf1cca9f551142ad34e1a13545852ba0bfc1ba61c1a2fe9abae48,./results/models/job/random/b/best.pt,"[{""action"":{""high_action"":""split"",""order_decision"":""only_cost""},""phase"":""high""},{""action"":{""candidate_id"":1,""schedule_alpha"":1.0},""phase"":""select""},{""action"":{""search_k"":1,""search_strategy"":""default""},""phase"":""search""},{""action"":{""execution_action"":""none"",""lip_action"":""none""},""phase"":""low""},{""action"":{""high_action"":""stop"",""order_decision"":""only_cost""},""phase"":""high""},{""action"":{""search_k"":1,""search_strategy"":""default""},""phase"":""search""},{""action"":{""execution_action"":""none"",""lip_action"":""none""},""phase"":""low""}]"
JOB,random,b,./workloads/query_job/7b.sql,learned,,498.131476342678,79.179000000000,320.623517036438,ok,1,9d6ae68bd583de41667a4cae160a3da2b5ea5d39fe8dcce1e8fd3d20a5278abe,1,a4af70c8ddc7aefb80d5af5fc2c6c6f015c889e7e9749ff733f02ecf52614e39,88d7af433f6ed21817ea4db96eaac0f0c8366c42d56cf1a215228b6804ddbf27,./results/models/job/random/b/best.pt,"[{""action"":{""high_action"":""split"",""order_decision"":""only_cost""},""phase"":""high""},{""action"":{""candidate_id"":2,""schedule_alpha"":1.0},""phase"":""select""},{""action"":{""search_k"":1,""search_strategy"":""default""},""phase"":""search""},{""action"":{""execution_action"":""none"",""lip_action"":""none""},""phase"":""low""},{""action"":{""high_action"":""split"",""order_decision"":""only_cost""},""phase"":""high""},{""action"":{""candidate_id"":1,""schedule_alpha"":1.0},""phase"":""select""},{""action"":{""search_k"":1,""search_strategy"":""default""},""phase"":""search""},{""action"":{""execution_action"":""none"",""lip_action"":""none""},""phase"":""low""},{""action"":{""high_action"":""split"",""order_decision"":""only_cost""},""phase"":""high""},{""action"":{""candidate_id"":0,""schedule_alpha"":1.0},""phase"":""select""},{""action"":{""search_k"":1,""search_strategy"":""default""},""phase"":""search""},{""action"":{""execution_action"":""none"",""lip_action"":""none""},""phase"":""low""},{""action"":{""high_action"":""stop"",""order_decision"":""only_cost""},""phase"":""high""},{""action"":{""search_k"":1,""search_strategy"":""default""},""phase"":""search""},{""action"":{""execution_action"":""none"",""lip_action"":""none""},""phase"":""low""}]"
JOB,random,b,./workloads/query_job/7c.sql,learned,,5009.968586266041,121.685000000000,6670.190609991550,ok,1,7cdabf89c2c21f17ae631979c9e8405f2f72c7561fa51440c4ebafa4ab13790d,1,65b68abd58163b2223b12e2c9a95bd874670c6a467cda9a77607d5965b80e7d8,4a34051306ee2f8c4b96e552d9e9b23110da7da18bba6009446c2b7576275848,./results/models/job/random/b/best.pt,"[{""action"":{""high_action"":""split"",""order_decision"":""only_cost""},""phase"":""high""},{""action"":{""candidate_id"":2,""schedule_alpha"":1.0},""phase"":""select""},{""action"":{""search_k"":1,""search_strategy"":""default""},""phase"":""search""},{""action"":{""execution_action"":""none"",""lip_action"":""none""},""phase"":""low""},{""action"":{""high_action"":""split"",""order_decision"":""only_cost""},""phase"":""high""},{""action"":{""candidate_id"":2,""schedule_alpha"":1.0},""phase"":""select""},{""action"":{""search_k"":1,""search_strategy"":""default""},""phase"":""search""},{""action"":{""execution_action"":""none"",""lip_action"":""none""},""phase"":""low""},{""action"":{""high_action"":""split"",""order_decision"":""only_cost""},""phase"":""high""},{""action"":{""candidate_id"":0,""schedule_alpha"":1.0},""phase"":""select""},{""action"":{""search_k"":1,""search_strategy"":""default""},""phase"":""search""},{""action"":{""execution_action"":""none"",""lip_action"":""none""},""phase"":""low""},{""action"":{""high_action"":""stop"",""order_decision"":""only_cost""},""phase"":""high""},{""action"":{""search_k"":1,""search_strategy"":""default""},""phase"":""search""},{""action"":{""execution_action"":""none"",""lip_action"":""none""},""phase"":""low""}]"
JOB,random,b,./workloads/query_job/8b.sql,learned,,593.742758035660,76.814000000000,467.543959617615,ok,1,e5b0fc3c68184c62fd7ca88151a039904e2fc3708d4c2773297d07ecda52eef1,1,88ffaa85f9f7a0e48366e3c169118cc5babe2754f4e18ca1bcfb91b14b9843f0,3c736318ed112301271e3717df58be7a11335a0cca2f92964eeec70810aa78ab,./results/models/job/random/b/best.pt,"[{""action"":{""high_action"":""stop"",""order_decision"":""only_cost""},""phase"":""high""},{""action"":{""search_k"":1,""search_strategy"":""default""},""phase"":""search""},{""action"":{""execution_action"":""none"",""lip_action"":""none""},""phase"":""low""}]"
JOB,random,b,./workloads/query_job/8c.sql,learned,,5010.342836380005,59.285000000000,5690.254107117653,ok,1,ca648dbd161cd660e79b73f4d2feac37247f699997bfceb70abcc975adab600b,1,e88e75d64722f698374b46c6a3792f5b0a7d7e1dc85d43580d6204e35dd046c2,20e3062e7125b94c5ba5a167eaf1a149464c09080553e5e1c130d3b3a36819ec,./results/models/job/random/b/best.pt,"[{""action"":{""high_action"":""stop"",""order_decision"":""only_cost""},""phase"":""high""},{""action"":{""search_k"":1,""search_strategy"":""default""},""phase"":""search""},{""action"":{""execution_action"":""none"",""lip_action"":""none""},""phase"":""low""}]"
JOB,random,c,./workloads/query_job/11a.sql,learned,,315.558537840843,159.389000000000,97.215741872787,ok,1,83811c5c01e3bdbafff3ac6671360f1cb19c1452dd9ec0b095bcd21856c36865,1,bebe00cd8355d15fab0408281be717a2ed24ef3cbe2542d1e232f8ad5bdd3d6c,331643e91a55a474a59f19145f64b588870cf6d0f46dbba02b10dec806f57041,./results/models/job/random/c/best.pt,"[{""action"":{""high_action"":""split"",""order_decision"":""only_cost""},""phase"":""high""},{""action"":{""candidate_id"":1,""schedule_alpha"":0.5},""phase"":""select""},{""action"":{""search_k"":1,""search_strategy"":""default""},""phase"":""search""},{""action"":{""execution_action"":""none"",""lip_action"":""none""},""phase"":""low""},{""action"":{""high_action"":""split"",""order_decision"":""only_cost""},""phase"":""high""},{""action"":{""candidate_id"":1,""schedule_alpha"":0.5},""phase"":""select""},{""action"":{""search_k"":1,""search_strategy"":""default""},""phase"":""search""},{""action"":{""execution_action"":""none"",""lip_action"":""none""},""phase"":""low""},{""action"":{""high_action"":""stop"",""order_decision"":""only_cost""},""phase"":""high""},{""action"":{""search_k"":1,""search_strategy"":""default""},""phase"":""search""},{""action"":{""execution_action"":""none"",""lip_action"":""none""},""phase"":""low""}]"
JOB,random,c,./workloads/query_job/12a.sql,learned,,766.239300370216,160.009000000000,1140.036240220070,ok,1,859e14caaec80c8e1bdf8043bc9dbcdc6810582adf44e5ae0ea485fc5cb8ed01,1,3f468388c8bfa0ca74690321ae1d6dc69338d1ed8efbb39f7c3a3817855e8598,5b38b6ceeb323cfb20b07f84abd589ad688b1c3d14912c191ee807f85554255a,./results/models/job/random/c/best.pt,"[{""action"":{""high_action"":""split"",""order_decision"":""only_cost""},""phase"":""high""},{""action"":{""candidate_id"":2,""schedule_alpha"":0.5},""phase"":""select""},{""action"":{""search_k"":1,""search_strategy"":""default""},""phase"":""search""},{""action"":{""execution_action"":""none"",""lip_action"":""none""},""phase"":""low""},{""action"":{""high_action"":""split"",""order_decision"":""only_cost""},""phase"":""high""},{""action"":{""candidate_id"":1,""schedule_alpha"":0.5},""phase"":""select""},{""action"":{""search_k"":1,""search_strategy"":""default""},""phase"":""search""},{""action"":{""execution_action"":""none"",""lip_action"":""none""},""phase"":""low""},{""action"":{""high_action"":""stop"",""order_decision"":""only_cost""},""phase"":""high""},{""action"":{""search_k"":1,""search_strategy"":""default""},""phase"":""search""},{""action"":{""execution_action"":""none"",""lip_action"":""none""},""phase"":""low""}]"
JOB,random,c,./workloads/query_job/13c.sql,learned,,1329.354077577591,98.324000000000,1062.294617295265,ok,1,62d718231272d8795fb939428fb8d114fb4735e7ff7ba5aa1c8431e0dd880cb9,1,e9e930cd9c090581246bfa44b93e4094eaeea664b0477618fe26a49737edc31e,1d64ae2a5542107b8cb20131d9e02e889595e36d84a79384b40825916af174dd,./results/models/job/random/c/best.pt,"[{""action"":{""high_action"":""split"",""order_decision"":""only_cost""},""phase"":""high""},{""action"":{""candidate_id"":2,""schedule_alpha"":0.5},""phase"":""select""},{""action"":{""search_k"":1,""search_strategy"":""default""},""phase"":""search""},{""action"":{""execution_action"":""none"",""lip_action"":""none""},""phase"":""low""},{""action"":{""high_action"":""split"",""order_decision"":""only_cost""},""phase"":""high""},{""action"":{""candidate_id"":0,""schedule_alpha"":0.5},""phase"":""select""},{""action"":{""search_k"":1,""search_strategy"":""default""},""phase"":""search""},{""action"":{""execution_action"":""conservative"",""lip_action"":""selective""},""phase"":""low""},{""action"":{""high_action"":""split"",""order_decision"":""only_cost""},""phase"":""high""},{""action"":{""candidate_id"":0,""schedule_alpha"":0.5},""phase"":""select""},{""action"":{""search_k"":1,""search_strategy"":""default""},""phase"":""search""},{""action"":{""execution_action"":""none"",""lip_action"":""none""},""phase"":""low""},{""action"":{""high_action"":""stop"",""order_decision"":""only_cost""},""phase"":""high""},{""action"":{""search_k"":1,""search_strategy"":""default""},""phase"":""search""},{""action"":{""execution_action"":""none"",""lip_action"":""none""},""phase"":""low""}]"
JOB,random,c,./workloads/query_job/14a.sql,learned,,514.985896646976,59.398000000000,624.498143792152,ok,1,f13c3a0e601dd42f5abd41675e0438c06c7c79b9e0a6b2e6974fe4952b94c09e,1,6487e56609d3d9319a0a333d132a980b6a32c9f5ddb3fe861f5b8adc7d1a9971,8184d503379849fe36d73ac3a194012a5eeaf0ecd723bdd44ebe8c961f9099ef,./results/models/job/random/c/best.pt,"[{""action"":{""high_action"":""split"",""order_decision"":""only_cost""},""phase"":""high""},{""action"":{""candidate_id"":2,""schedule_alpha"":0.5},""phase"":""select""},{""action"":{""search_k"":1,""search_strategy"":""default""},""phase"":""search""},{""action"":{""execution_action"":""none"",""lip_action"":""none""},""phase"":""low""},{""action"":{""high_action"":""split"",""order_decision"":""only_cost""},""phase"":""high""},{""action"":{""candidate_id"":0,""schedule_alpha"":0.5},""phase"":""select""},{""action"":{""search_k"":1,""search_strategy"":""default""},""phase"":""search""},{""action"":{""execution_action"":""conservative"",""lip_action"":""selective""},""phase"":""low""},{""action"":{""high_action"":""split"",""order_decision"":""only_cost""},""phase"":""high""},{""action"":{""candidate_id"":1,""schedule_alpha"":0.5},""phase"":""select""},{""action"":{""search_k"":1,""search_strategy"":""default""},""phase"":""search""},{""action"":{""execution_action"":""none"",""lip_action"":""none""},""phase"":""low""},{""action"":{""high_action"":""stop"",""order_decision"":""only_cost""},""phase"":""high""},{""action"":{""search_k"":1,""search_strategy"":""default""},""phase"":""search""},{""action"":{""execution_action"":""none"",""lip_action"":""none""},""phase"":""low""}]"
JOB,random,c,./workloads/query_job/15a.sql,learned,,860.909581184387,193.800000000000,934.111781418324,ok,1,0bf74f571c854c91dada16e78f6a511682855e8364304c1e74a2715a468ad523,1,9e2eebd9091956d24d63ec84a5691ff08bfda0fc4e2a4592bce4eccb1fccf71c,4171d901cd294ee8d082dda5230178794c76dd76f36d30dd4862e578475cb518,./results/models/job/random/c/best.pt,"[{""action"":{""high_action"":""split"",""order_decision"":""only_cost""},""phase"":""high""},{""action"":{""candidate_id"":2,""schedule_alpha"":0.5},""phase"":""select""},{""action"":{""search_k"":1,""search_strategy"":""default""},""phase"":""search""},{""action"":{""execution_action"":""none"",""lip_action"":""none""},""phase"":""low""},{""action"":{""high_action"":""split"",""order_decision"":""only_cost""},""phase"":""high""},{""action"":{""candidate_id"":1,""schedule_alpha"":0.5},""phase"":""select""},{""action"":{""search_k"":1,""search_strategy"":""default""},""phase"":""search""},{""action"":{""execution_action"":""none"",""lip_action"":""none""},""phase"":""low""},{""action"":{""high_action"":""split"",""order_decision"":""only_cost""},""phase"":""high""},{""action"":{""candidate_id"":0,""schedule_alpha"":0.5},""phase"":""select""},{""action"":{""search_k"":1,""search_strategy"":""default""},""phase"":""search""},{""action"":{""execution_action"":""none"",""lip_action"":""none""},""phase"":""low""},{""action"":{""high_action"":""stop"",""order_decision"":""only_cost""},""phase"":""high""},{""action"":{""search_k"":1,""search_strategy"":""default""},""phase"":""search""},{""action"":{""execution_action"":""none"",""lip_action"":""none""},""phase"":""low""}]"
JOB,random,c,./workloads/query_job/15b.sql,learned,,326.998539268970,207.043000000000,96.578747034073,ok,1,b25c3f018dd147bf4abce160072d7f8ba5b0f3abbe07bec34bc2e8b72eefff81,1,3f55302c01f440a8ed2bead85f5ca08a7ec51d75caa549ce98d56cef32a16282,cd81f23bd129bde1fd841246f69c2eea31079cc33c2241588dc250f84c6475c7,./results/models/job/random/c/best.pt,"[{""action"":{""high_action"":""split"",""order_decision"":""only_cost""},""phase"":""high""},{""action"":{""candidate_id"":1,""schedule_alpha"":0.5},""phase"":""select""},{""action"":{""search_k"":1,""search_strategy"":""default""},""phase"":""search""},{""action"":{""execution_action"":""none"",""lip_action"":""none""},""phase"":""low""},{""action"":{""high_action"":""split"",""order_decision"":""only_cost""},""phase"":""high""},{""action"":{""candidate_id"":1,""schedule_alpha"":0.5},""phase"":""select""},{""action"":{""search_k"":1,""search_strategy"":""default""},""phase"":""search""},{""action"":{""execution_action"":""none"",""lip_action"":""none""},""phase"":""low""},{""action"":{""high_action"":""split"",""order_decision"":""only_cost""},""phase"":""high""},{""action"":{""candidate_id"":0,""schedule_alpha"":0.5},""phase"":""select""},{""action"":{""search_k"":1,""search_strategy"":""default""},""phase"":""search""},{""action"":{""execution_action"":""none"",""lip_action"":""none""},""phase"":""low""},{""action"":{""high_action"":""stop"",""order_decision"":""only_cost""},""phase"":""high""},{""action"":{""search_k"":1,""search_strategy"":""default""},""phase"":""search""},{""action"":{""execution_action"":""none"",""lip_action"":""none""},""phase"":""low""}]"
JOB,random,c,./workloads/query_job/16c.sql,learned,,1672.325283288956,102.263000000000,1735.685698688030,ok,1,1318f60bc0ac9eb3ca4ac578870bec99e9ac05ece5a440ba30e253efb9ea5aeb,1,d8de59bd1a95c7e471e0d164674163a80b66ebc76e6d68e82b902a5da988173f,455cadd99b396a086ee10aaf254cb7537b99962b7da955a40a21845286a32c38,./results/models/job/random/c/best.pt,"[{""action"":{""high_action"":""split"",""order_decision"":""only_cost""},""phase"":""high""},{""action"":{""candidate_id"":3,""schedule_alpha"":0.5},""phase"":""select""},{""action"":{""search_k"":1,""search_strategy"":""default""},""phase"":""search""},{""action"":{""execution_action"":""none"",""lip_action"":""none""},""phase"":""low""},{""action"":{""high_action"":""split"",""order_decision"":""only_cost""},""phase"":""high""},{""action"":{""candidate_id"":2,""schedule_alpha"":0.5},""phase"":""select""},{""action"":{""search_k"":1,""search_strategy"":""default""},""phase"":""search""},{""action"":{""execution_action"":""conservative"",""lip_action"":""selective""},""phase"":""low""},{""action"":{""high_action"":""split"",""order_decision"":""only_cost""},""phase"":""high""},{""action"":{""candidate_id"":1,""schedule_alpha"":0.5},""phase"":""select""},{""action"":{""search_k"":1,""search_strategy"":""default""},""phase"":""search""},{""action"":{""execution_action"":""none"",""lip_action"":""none""},""phase"":""low""},{""action"":{""high_action"":""stop"",""order_decision"":""only_cost""},""phase"":""high""},{""action"":{""search_k"":1,""search_strategy"":""default""},""phase"":""search""},{""action"":{""execution_action"":""none"",""lip_action"":""none""},""phase"":""low""}]"
JOB,random,c,./workloads/query_job/16d.sql,learned,,1364.527523517609,63.577000000000,1408.553376793861,ok,1,1318f60bc0ac9eb3ca4ac578870bec99e9ac05ece5a440ba30e253efb9ea5aeb,1,15fd3f31f5fff9aa8e4a23529343029f1403a157ab8e9855d174d4ff260e0e83,cf24d8b8f8954a13ee7451082ae5fc5f4e842e48955d490bf1aed51853529b24,./results/models/job/random/c/best.pt,"[{""action"":{""high_action"":""split"",""order_decision"":""only_cost""},""phase"":""high""},{""action"":{""candidate_id"":3,""schedule_alpha"":0.5},""phase"":""select""},{""action"":{""search_k"":1,""search_strategy"":""default""},""phase"":""search""},{""action"":{""execution_action"":""none"",""lip_action"":""none""},""phase"":""low""},{""action"":{""high_action"":""split"",""order_decision"":""only_cost""},""phase"":""high""},{""action"":{""candidate_id"":2,""schedule_alpha"":0.5},""phase"":""select""},{""action"":{""search_k"":1,""search_strategy"":""default""},""phase"":""search""},{""action"":{""execution_action"":""conservative"",""lip_action"":""selective""},""phase"":""low""},{""action"":{""high_action"":""split"",""order_decision"":""only_cost""},""phase"":""high""},{""action"":{""candidate_id"":1,""schedule_alpha"":0.5},""phase"":""select""},{""action"":{""search_k"":1,""search_strategy"":""default""},""phase"":""search""},{""action"":{""execution_action"":""none"",""lip_action"":""none""},""phase"":""low""},{""action"":{""high_action"":""stop"",""order_decision"":""only_cost""},""phase"":""high""},{""action"":{""search_k"":1,""search_strategy"":""default""},""phase"":""search""},{""action"":{""execution_action"":""none"",""lip_action"":""none""},""phase"":""low""}]"
JOB,random,c,./workloads/query_job/17a.sql,learned,,5447.128929197788,73.457000000000,11863.254874944687,ok,1,12f3484b478e4f8b8c8fb87fad1c71c58c270dfee71990c3ecc25050d8a36b0f,1,a5305dea2bab99b38242cbbf144a934d8b07ad8fef4280258e0f9fcf6792c4f7,8870b00e12cda7308205a2f4c3252113d63b05c81b69fd858a0dd6648a71f6f2,./results/models/job/random/c/best.pt,"[{""action"":{""high_action"":""split"",""order_decision"":""only_cost""},""phase"":""high""},{""action"":{""candidate_id"":2,""schedule_alpha"":0.5},""phase"":""select""},{""action"":{""search_k"":1,""search_strategy"":""default""},""phase"":""search""},{""action"":{""execution_action"":""none"",""lip_action"":""none""},""phase"":""low""},{""action"":{""high_action"":""split"",""order_decision"":""only_cost""},""phase"":""high""},{""action"":{""candidate_id"":1,""schedule_alpha"":0.5},""phase"":""select""},{""action"":{""search_k"":1,""search_strategy"":""default""},""phase"":""search""},{""action"":{""execution_action"":""conservative"",""lip_action"":""selective""},""phase"":""low""},{""action"":{""high_action"":""stop"",""order_decision"":""only_cost""},""phase"":""high""},{""action"":{""search_k"":1,""search_strategy"":""default""},""phase"":""search""},{""action"":{""execution_action"":""none"",""lip_action"":""none""},""phase"":""low""}]"
JOB,random,c,./workloads/query_job/17b.sql,learned,,5676.744230091572,43.529000000000,7820.629060268402,ok,1,de642ce5a04416b5f5d58162138ce38932542abd6a7a7a08d538f1a6fc288f85,1,8d8821e2e9c29e48b220ba38af21acd584bc089c1835ece7c9769c3712734145,dc80626d4af679911b34dea67d1a328d62a0140673a9720b1319650d3ecc6573,./results/models/job/random/c/best.pt,"[{""action"":{""high_action"":""split"",""order_decision"":""only_cost""},""phase"":""high""},{""action"":{""candidate_id"":2,""schedule_alpha"":0.5},""phase"":""select""},{""action"":{""search_k"":1,""search_strategy"":""default""},""phase"":""search""},{""action"":{""execution_action"":""none"",""lip_action"":""none""},""phase"":""low""},{""action"":{""high_action"":""split"",""order_decision"":""only_cost""},""phase"":""high""},{""action"":{""candidate_id"":0,""schedule_alpha"":0.5},""phase"":""select""},{""action"":{""search_k"":1,""search_strategy"":""default""},""phase"":""search""},{""action"":{""execution_action"":""conservative"",""lip_action"":""selective""},""phase"":""low""},{""action"":{""high_action"":""stop"",""order_decision"":""only_cost""},""phase"":""high""},{""action"":{""search_k"":1,""search_strategy"":""default""},""phase"":""search""},{""action"":{""execution_action"":""conservative"",""lip_action"":""selective""},""phase"":""low""}]"
JOB,random,c,./workloads/query_job/17c.sql,learned,,1005.763761699200,135.030000000000,7307.303510606289,ok,1,89318885181be4671a585035246d501b4eb546101d7a71035ac9eaf20c99bdff,1,4f83e84a06dfa5a876edceea62f3e0ce4f41327675bad39b4f489d0fe1235d5d,885182f330f14d68fa7721b6032e2d78083078b8a2d83e186b0c48214387186e,./results/models/job/random/c/best.pt,"[{""action"":{""high_action"":""split"",""order_decision"":""only_cost""},""phase"":""high""},{""action"":{""candidate_id"":2,""schedule_alpha"":0.5},""phase"":""select""},{""action"":{""search_k"":1,""search_strategy"":""default""},""phase"":""search""},{""action"":{""execution_action"":""none"",""lip_action"":""none""},""phase"":""low""},{""action"":{""high_action"":""split"",""order_decision"":""only_cost""},""phase"":""high""},{""action"":{""candidate_id"":0,""schedule_alpha"":0.5},""phase"":""select""},{""action"":{""search_k"":1,""search_strategy"":""default""},""phase"":""search""},{""action"":{""execution_action"":""none"",""lip_action"":""none""},""phase"":""low""},{""action"":{""high_action"":""stop"",""order_decision"":""only_cost""},""phase"":""high""},{""action"":{""search_k"":1,""search_strategy"":""default""},""phase"":""search""},{""action"":{""execution_action"":""none"",""lip_action"":""none""},""phase"":""low""}]"
JOB,random,c,./workloads/query_job/17e.sql,learned,,5596.808619797230,142.569000000000,10082.962311804295,ok,1,f737f87f1aee3edfa2a8464fe8782aa3d0139b69867ac6bfd244eb890fff19b5,1,82d046613835b39702f8fab98496fc219de0c93a710e6c1e91cd19691848cd5f,4bcf8513e4f1136d0a304bf1ca3dc7e1525e4dcd581a703ed3612f5e43d67c71,./results/models/job/random/c/best.pt,"[{""action"":{""high_action"":""split"",""order_decision"":""only_cost""},""phase"":""high""},{""action"":{""candidate_id"":2,""schedule_alpha"":0.5},""phase"":""select""},{""action"":{""search_k"":1,""search_strategy"":""default""},""phase"":""search""},{""action"":{""execution_action"":""none"",""lip_action"":""none""},""phase"":""low""},{""action"":{""high_action"":""split"",""order_decision"":""only_cost""},""phase"":""high""},{""action"":{""candidate_id"":1,""schedule_alpha"":0.5},""phase"":""select""},{""action"":{""search_k"":1,""search_strategy"":""default""},""phase"":""search""},{""action"":{""execution_action"":""conservative"",""lip_action"":""selective""},""phase"":""low""},{""action"":{""high_action"":""stop"",""order_decision"":""only_cost""},""phase"":""high""},{""action"":{""search_k"":1,""search_strategy"":""default""},""phase"":""search""},{""action"":{""execution_action"":""none"",""lip_action"":""none""},""phase"":""low""}]"
JOB,random,c,./workloads/query_job/19d.sql,learned,,6838.759347796440,66.826000000000,12959.958776831627,ok,1,a4539f795d93860062d39d330febb9a7e2eba327a0dde36ea917ef25d81da7fb,1,27d02916331b6466cc645ed9c3f672b0e833ca53fe1e31c853c85e190b7d73f1,c4f43517acf27807b16285f8039349bea8e35de1ab1e7e720732a453411a0744,./results/models/job/random/c/best.pt,"[{""action"":{""high_action"":""split"",""order_decision"":""only_cost""},""phase"":""high""},{""action"":{""candidate_id"":1,""schedule_alpha"":0.5},""phase"":""select""},{""action"":{""search_k"":1,""search_strategy"":""default""},""phase"":""search""},{""action"":{""execution_action"":""none"",""lip_action"":""none""},""phase"":""low""},{""action"":{""high_action"":""split"",""order_decision"":""only_cost""},""phase"":""high""},{""action"":{""candidate_id"":0,""schedule_alpha"":0.5},""phase"":""select""},{""action"":{""search_k"":1,""search_strategy"":""default""},""phase"":""search""},{""action"":{""execution_action"":""none"",""lip_action"":""none""},""phase"":""low""},{""action"":{""high_action"":""split"",""order_decision"":""only_cost""},""phase"":""high""},{""action"":{""candidate_id"":1,""schedule_alpha"":0.5},""phase"":""select""},{""action"":{""search_k"":1,""search_strategy"":""default""},""phase"":""search""},{""action"":{""execution_action"":""conservative"",""lip_action"":""selective""},""phase"":""low""},{""action"":{""high_action"":""stop"",""order_decision"":""only_cost""},""phase"":""high""},{""action"":{""search_k"":1,""search_strategy"":""default""},""phase"":""search""},{""action"":{""execution_action"":""conservative"",""lip_action"":""selective""},""phase"":""low""}]"
JOB,random,c,./workloads/query_job/1b.sql,learned,,138.006806373596,117.613000000000,11.884637176991,ok,1,be1d6ac40c20f262e1328dfd04b2021cc535502e6b32eff765a057282a5df4f7,1,c6e0cf18128bdbce9601e3358198f681c10d5862471045cd724113048e9b2060,d5516c82035194f811cc74720aff44a464bf74ab0fc4c3adfa088560b1a844fc,./results/models/job/random/c/best.pt,"[{""action"":{""high_action"":""split"",""order_decision"":""only_cost""},""phase"":""high""},{""action"":{""candidate_id"":1,""schedule_alpha"":0.5},""phase"":""select""},{""action"":{""search_k"":1,""search_strategy"":""default""},""phase"":""search""},{""action"":{""execution_action"":""none"",""lip_action"":""none""},""phase"":""low""},{""action"":{""high_action"":""stop"",""order_decision"":""only_cost""},""phase"":""high""},{""action"":{""search_k"":1,""search_strategy"":""default""},""phase"":""search""},{""action"":{""execution_action"":""none"",""lip_action"":""none""},""phase"":""low""}]"
JOB,random,c,./workloads/query_job/1c.sql,learned,,480.357319116592,98.135000000000,19.848696887493,ok,1,c9cfeb2c53a9c7d56ba455c5c333a8fac5db32559ebd94b17f2dbd68a69e1122,1,cd8271cf84fca4685d4374bf1e427a43d29013d55cba14421f2e6e0cf7304815,47a1beaec78491807c82a3ce9bce31926c23dbb626131f17b170c4c3d9944c7b,./results/models/job/random/c/best.pt,"[{""action"":{""high_action"":""split"",""order_decision"":""only_cost""},""phase"":""high""},{""action"":{""candidate_id"":0,""schedule_alpha"":0.5},""phase"":""select""},{""action"":{""search_k"":1,""search_strategy"":""default""},""phase"":""search""},{""action"":{""execution_action"":""none"",""lip_action"":""none""},""phase"":""low""},{""action"":{""high_action"":""stop"",""order_decision"":""only_cost""},""phase"":""high""},{""action"":{""search_k"":1,""search_strategy"":""default""},""phase"":""search""},{""action"":{""execution_action"":""none"",""lip_action"":""none""},""phase"":""low""}]"
JOB,random,c,./workloads/query_job/20c.sql,learned,,1157.084196805954,58.894000000000,1157.161042094231,ok,1,568e7928022d673040c12df4a67123a0784853e4f2fd144a3c3ad416f6a0ff39,1,95a5b01ef813acd242535f3b073b36c4bb1bdda45b95ece0d5084b4b0c8bafd6,39ba1422e34d8fa29ba279637a44139433d997d57c4887565e8219fe2a177b1c,./results/models/job/random/c/best.pt,"[{""action"":{""high_action"":""split"",""order_decision"":""only_cost""},""phase"":""high""},{""action"":{""candidate_id"":2,""schedule_alpha"":0.5},""phase"":""select""},{""action"":{""search_k"":1,""search_strategy"":""default""},""phase"":""search""},{""action"":{""execution_action"":""none"",""lip_action"":""none""},""phase"":""low""},{""action"":{""high_action"":""split"",""order_decision"":""only_cost""},""phase"":""high""},{""action"":{""candidate_id"":2,""schedule_alpha"":0.5},""phase"":""select""},{""action"":{""search_k"":1,""search_strategy"":""default""},""phase"":""search""},{""action"":{""execution_action"":""conservative"",""lip_action"":""selective""},""phase"":""low""},{""action"":{""high_action"":""split"",""order_decision"":""only_cost""},""phase"":""high""},{""action"":{""candidate_id"":0,""schedule_alpha"":0.5},""phase"":""select""},{""action"":{""search_k"":1,""search_strategy"":""default""},""phase"":""search""},{""action"":{""execution_action"":""conservative"",""lip_action"":""selective""},""phase"":""low""},{""action"":{""high_action"":""stop"",""order_decision"":""only_cost""},""phase"":""high""},{""action"":{""search_k"":1,""search_strategy"":""default""},""phase"":""search""},{""action"":{""execution_action"":""none"",""lip_action"":""none""},""phase"":""low""}]"
JOB,random,c,./workloads/query_job/21a.sql,learned,,368.382677435875,197.111000000000,115.173719823360,ok,1,6114bcae99606cbd64c86c8dd7da67c69f8e545ea60c5213503552460a7306d0,1,707ba6d41e3b4350ecf28ee210653cec2d7c9e1e9b74773592ae4a13f30dcccd,68099d88a205dc7d9adfd1835d517dbc455c33f99e5ae8c7d5afb16dd7406fed,./results/models/job/random/c/best.pt,"[{""action"":{""high_action"":""split"",""order_decision"":""only_cost""},""phase"":""high""},{""action"":{""candidate_id"":2,""schedule_alpha"":0.5},""phase"":""select""},{""action"":{""search_k"":1,""search_strategy"":""default""},""phase"":""search""},{""action"":{""execution_action"":""none"",""lip_action"":""none""},""phase"":""low""},{""action"":{""high_action"":""split"",""order_decision"":""only_cost""},""phase"":""high""},{""action"":{""candidate_id"":2,""schedule_alpha"":0.5},""phase"":""select""},{""action"":{""search_k"":1,""search_strategy"":""default""},""phase"":""search""},{""action"":{""execution_action"":""none"",""lip_action"":""none""},""phase"":""low""},{""action"":{""high_action"":""split"",""order_decision"":""only_cost""},""phase"":""high""},{""action"":{""candidate_id"":0,""schedule_alpha"":0.5},""phase"":""select""},{""action"":{""search_k"":1,""search_strategy"":""default""},""phase"":""search""},{""action"":{""execution_action"":""none"",""lip_action"":""none""},""phase"":""low""},{""action"":{""high_action"":""stop"",""order_decision"":""only_cost""},""phase"":""high""},{""action"":{""search_k"":1,""search_strategy"":""default""},""phase"":""search""},{""action"":{""execution_action"":""none"",""lip_action"":""none""},""phase"":""low""}]"
JOB,random,c,./workloads/query_job/21b.sql,learned,,339.379049837589,179.466000000000,113.432332873344,ok,1,1da28682b56bf46849a42e55ba2b328e656ccb98f2f56a02e22549b0a2dec397,1,d10c951b1fe7c3cee3507404f958fb6a03650b7473aa028c6c5704695b11eaf4,9d212f0391a985d9c678ea07ea4cd9f04dea5554cf0b965a76cec0b197a5573d,./results/models/job/random/c/best.pt,"[{""action"":{""high_action"":""split"",""order_decision"":""only_cost""},""phase"":""high""},{""action"":{""candidate_id"":2,""schedule_alpha"":0.5},""phase"":""select""},{""action"":{""search_k"":1,""search_strategy"":""default""},""phase"":""search""},{""action"":{""execution_action"":""none"",""lip_action"":""none""},""phase"":""low""},{""action"":{""high_action"":""split"",""order_decision"":""only_cost""},""phase"":""high""},{""action"":{""candidate_id"":2,""schedule_alpha"":0.5},""phase"":""select""},{""action"":{""search_k"":1,""search_strategy"":""default""},""phase"":""search""},{""action"":{""execution_action"":""none"",""lip_action"":""none""},""phase"":""low""},{""action"":{""high_action"":""split"",""order_decision"":""only_cost""},""phase"":""high""},{""action"":{""candidate_id"":0,""schedule_alpha"":0.5},""phase"":""select""},{""action"":{""search_k"":1,""search_strategy"":""default""},""phase"":""search""},{""action"":{""execution_action"":""none"",""lip_action"":""none""},""phase"":""low""},{""action"":{""high_action"":""stop"",""order_decision"":""only_cost""},""phase"":""high""},{""action"":{""search_k"":1,""search_strategy"":""default""},""phase"":""search""},{""action"":{""execution_action"":""none"",""lip_action"":""none""},""phase"":""low""}]"
JOB,random,c,./workloads/query_job/21c.sql,learned,,495.996654033661,304.103000000000,125.217385590076,ok,1,83811c5c01e3bdbafff3ac6671360f1cb19c1452dd9ec0b095bcd21856c36865,1,28b2462492b064d70e1bacc811eb1f69b1e786641c8ca29eaf7854859a6d2b68,4af239a5dc4d0d5686c058d5941b6f7abf5da2a5fc610d01c300523aa595a179,./results/models/job/random/c/best.pt,"[{""action"":{""high_action"":""split"",""order_decision"":""only_cost""},""phase"":""high""},{""action"":{""candidate_id"":2,""schedule_alpha"":0.5},""phase"":""select""},{""action"":{""search_k"":1,""search_strategy"":""default""},""phase"":""search""},{""action"":{""execution_action"":""none"",""lip_action"":""none""},""phase"":""low""},{""action"":{""high_action"":""split"",""order_decision"":""only_cost""},""phase"":""high""},{""action"":{""candidate_id"":2,""schedule_alpha"":0.5},""phase"":""select""},{""action"":{""search_k"":1,""search_strategy"":""default""},""phase"":""search""},{""action"":{""execution_action"":""none"",""lip_action"":""none""},""phase"":""low""},{""action"":{""high_action"":""split"",""order_decision"":""only_cost""},""phase"":""high""},{""action"":{""candidate_id"":0,""schedule_alpha"":0.5},""phase"":""select""},{""action"":{""search_k"":1,""search_strategy"":""default""},""phase"":""search""},{""action"":{""execution_action"":""none"",""lip_action"":""none""},""phase"":""low""},{""action"":{""high_action"":""stop"",""order_decision"":""only_cost""},""phase"":""high""},{""action"":{""search_k"":1,""search_strategy"":""default""},""phase"":""search""},{""action"":{""execution_action"":""none"",""lip_action"":""none""},""phase"":""low""}]"
JOB,random,c,./workloads/query_job/23a.sql,learned,,811.920553445816,99.980000000000,412.200421094894,ok,1,e33290c8b8a911bae419941260d0bb2e09cceab157ff21cbd4088e50c3a1cc9b,1,619023cf2a31b273e95982b97cc9a8631c332571f656328053af79c8bf84c9d9,fef89d22d3d0657d9f80a18454d078ece1e6c96930a348623a3923cd80eccb58,./results/models/job/random/c/best.pt,"[{""action"":{""high_action"":""split"",""order_decision"":""only_cost""},""phase"":""high""},{""action"":{""candidate_id"":2,""schedule_alpha"":0.5},""phase"":""select""},{""action"":{""search_k"":1,""search_strategy"":""default""},""phase"":""search""},{""action"":{""execution_action"":""none"",""lip_action"":""none""},""phase"":""low""},{""action"":{""high_action"":""split"",""order_decision"":""only_cost""},""phase"":""high""},{""action"":{""candidate_id"":1,""schedule_alpha"":0.5},""phase"":""select""},{""action"":{""search_k"":1,""search_strategy"":""default""},""phase"":""search""},{""action"":{""execution_action"":""conservative"",""lip_action"":""selective""},""phase"":""low""},{""action"":{""high_action"":""split"",""order_decision"":""only_cost""},""phase"":""high""},{""action"":{""candidate_id"":0,""schedule_alpha"":0.5},""phase"":""select""},{""action"":{""search_k"":1,""search_strategy"":""default""},""phase"":""search""},{""action"":{""execution_action"":""conservative"",""lip_action"":""selective""},""phase"":""low""},{""action"":{""high_action"":""split"",""order_decision"":""only_cost""},""phase"":""high""},{""action"":{""candidate_id"":0,""schedule_alpha"":0.5},""phase"":""select""},{""action"":{""search_k"":1,""search_strategy"":""default""},""phase"":""search""},{""action"":{""execution_action"":""none"",""lip_action"":""none""},""phase"":""low""},{""action"":{""high_action"":""stop"",""order_decision"":""only_cost""},""phase"":""high""},{""action"":{""search_k"":1,""search_strategy"":""default""},""phase"":""search""},{""action"":{""execution_action"":""none"",""lip_action"":""none""},""phase"":""low""}]"
JOB,random,c,./workloads/query_job/24b.sql,learned,,404.829621315002,285.748000000000,434.322066605091,ok,1,c6a12dd8a9651eef2928671373921d7e677edea1ec96df6544103293106311ef,1,a0105c0c9d70eabe35f60231ae0e06ff11722212bb1687c82490406f9c98927a,2ca8feb974a734617b8cccc5a5253c2be6ce8af5f2779d65ecce5c9b03ee5de2,./results/models/job/random/c/best.pt,"[{""action"":{""high_action"":""split"",""order_decision"":""only_cost""},""phase"":""high""},{""action"":{""candidate_id"":2,""schedule_alpha"":0.5},""phase"":""select""},{""action"":{""search_k"":1,""search_strategy"":""default""},""phase"":""search""},{""action"":{""execution_action"":""none"",""lip_action"":""none""},""phase"":""low""},{""action"":{""high_action"":""split"",""order_decision"":""only_cost""},""phase"":""high""},{""action"":{""candidate_id"":3,""schedule_alpha"":0.5},""phase"":""select""},{""action"":{""search_k"":1,""search_strategy"":""default""},""phase"":""search""},{""action"":{""execution_action"":""none"",""lip_action"":""none""},""phase"":""low""},{""action"":{""high_action"":""split"",""order_decision"":""only_cost""},""phase"":""high""},{""action"":{""candidate_id"":1,""schedule_alpha"":0.5},""phase"":""select""},{""action"":{""search_k"":1,""search_strategy"":""default""},""phase"":""search""},{""action"":{""execution_action"":""none"",""lip_action"":""none""},""phase"":""low""},{""action"":{""high_action"":""split"",""order_decision"":""only_cost""},""phase"":""high""},{""action"":{""candidate_id"":0,""schedule_alpha"":0.5},""phase"":""select""},{""action"":{""search_k"":1,""search_strategy"":""default""},""phase"":""search""},{""action"":{""execution_action"":""none"",""lip_action"":""none""},""phase"":""low""},{""action"":{""high_action"":""stop"",""order_decision"":""only_cost""},""phase"":""high""},{""action"":{""search_k"":1,""search_strategy"":""default""},""phase"":""search""},{""action"":{""execution_action"":""none"",""lip_action"":""none""},""phase"":""low""}]"
JOB,random,c,./workloads/query_job/25a.sql,learned,,1947.491347789764,60.470000000000,3026.886664330959,ok,1,3f61bc3b5b8945716ddc701b2a0b19f860043a01c2e6df0e838c90693f07dd20,1,febfc463fe77d5bf4f15173a5ed05b9619832bca3585d61055c4f2bf9f94f2b8,0ac15ebb89087b03ab7d86f0b2e393cd3df669806f066cf788c7310cee2992cd,./results/models/job/random/c/best.pt,"[{""action"":{""high_action"":""split"",""order_decision"":""only_cost""},""phase"":""high""},{""action"":{""candidate_id"":3,""schedule_alpha"":0.5},""phase"":""select""},{""action"":{""search_k"":1,""search_strategy"":""default""},""phase"":""search""},{""action"":{""execution_action"":""none"",""lip_action"":""none""},""phase"":""low""},{""action"":{""high_action"":""split"",""order_decision"":""only_cost""},""phase"":""high""},{""action"":{""candidate_id"":1,""schedule_alpha"":0.5},""phase"":""select""},{""action"":{""search_k"":1,""search_strategy"":""default""},""phase"":""search""},{""action"":{""execution_action"":""conservative"",""lip_action"":""selective""},""phase"":""low""},{""action"":{""high_action"":""split"",""order_decision"":""only_cost""},""phase"":""high""},{""action"":{""candidate_id"":1,""schedule_alpha"":0.5},""phase"":""select""},{""action"":{""search_k"":1,""search_strategy"":""default""},""phase"":""search""},{""action"":{""execution_action"":""conservative"",""lip_action"":""selective""},""phase"":""low""},{""action"":{""high_action"":""stop"",""order_decision"":""only_cost""},""phase"":""high""},{""action"":{""search_k"":1,""search_strategy"":""default""},""phase"":""search""},{""action"":{""execution_action"":""none"",""lip_action"":""none""},""phase"":""low""}]"
JOB,random,c,./workloads/query_job/25b.sql,learned,,623.305521905422,184.094000000000,415.515519678593,ok,1,a6dff347cc4e2c49ccacd365b50a365a6fabbfadf92d2cdfddeb9d790e3bbb17,1,281a9e85a78698c1d0f6c2d2068817ccdcdf7237bad1be460d828da654b0cb02,069737e86b588b2ae40b0289582ca1bf597d9c6255ddfe48c10a10aa943ed7e7,./results/models/job/random/c/best.pt,"[{""action"":{""high_action"":""split"",""order_decision"":""only_cost""},""phase"":""high""},{""action"":{""candidate_id"":3,""schedule_alpha"":0.5},""phase"":""select""},{""action"":{""search_k"":1,""search_strategy"":""default""},""phase"":""search""},{""action"":{""execution_action"":""none"",""lip_action"":""none""},""phase"":""low""},{""action"":{""high_action"":""split"",""order_decision"":""only_cost""},""phase"":""high""},{""action"":{""candidate_id"":2,""schedule_alpha"":0.5},""phase"":""select""},{""action"":{""search_k"":1,""search_strategy"":""default""},""phase"":""search""},{""action"":{""execution_action"":""none"",""lip_action"":""none""},""phase"":""low""},{""action"":{""high_action"":""split"",""order_decision"":""only_cost""},""phase"":""high""},{""action"":{""candidate_id"":1,""schedule_alpha"":0.5},""phase"":""select""},{""action"":{""search_k"":1,""search_strategy"":""default""},""phase"":""search""},{""action"":{""execution_action"":""none"",""lip_action"":""none""},""phase"":""low""},{""action"":{""high_action"":""stop"",""order_decision"":""only_cost""},""phase"":""high""},{""action"":{""search_k"":1,""search_strategy"":""default""},""phase"":""search""},{""action"":{""execution_action"":""none"",""lip_action"":""none""},""phase"":""low""}]"
JOB,random,c,./workloads/query_job/26c.sql,learned,,1107.311099767685,78.296000000000,4432.994611561298,ok,1,028fa66983476fd11ebe0fc3fe75f01f243fb077ff18202487babf6b5905aae1,1,f3b7e4d426337bb138b2be9649a7a13eb49600a4c897ae5efe09aa0e98adc425,db5e074af52dc156b68749d8078320954e9c83cd1aa9dd7319fc722d8ca877b2,./results/models/job/random/c/best.pt,"[{""action"":{""high_action"":""split"",""order_decision"":""only_cost""},""phase"":""high""},{""action"":{""candidate_id"":3,""schedule_alpha"":0.5},""phase"":""select""},{""action"":{""search_k"":1,""search_strategy"":""default""},""phase"":""search""},{""action"":{""execution_action"":""none"",""lip_action"":""none""},""phase"":""low""},{""action"":{""high_action"":""split"",""order_decision"":""only_cost""},""phase"":""high""},{""action"":{""candidate_id"":2,""schedule_alpha"":0.5},""phase"":""select""},{""action"":{""search_k"":1,""search_strategy"":""default""},""phase"":""search""},{""action"":{""execution_action"":""conservative"",""lip_action"":""selective""},""phase"":""low""},{""action"":{""high_action"":""split"",""order_decision"":""only_cost""},""phase"":""high""},{""action"":{""candidate_id"":0,""schedule_alpha"":0.5},""phase"":""select""},{""action"":{""search_k"":1,""search_strategy"":""default""},""phase"":""search""},{""action"":{""execution_action"":""conservative"",""lip_action"":""selective""},""phase"":""low""},{""action"":{""high_action"":""split"",""order_decision"":""only_cost""},""phase"":""high""},{""action"":{""candidate_id"":1,""schedule_alpha"":0.5},""phase"":""select""},{""action"":{""search_k"":1,""search_strategy"":""default""},""phase"":""search""},{""action"":{""execution_action"":""none"",""lip_action"":""none""},""phase"":""low""},{""action"":{""high_action"":""stop"",""order_decision"":""only_cost""},""phase"":""high""},{""action"":{""search_k"":1,""search_strategy"":""default""},""phase"":""search""},{""action"":{""execution_action"":""none"",""lip_action"":""none""},""phase"":""low""}]"
JOB,random,c,./workloads/query_job/27b.sql,learned,,263.864330947399,90.946000000000,97.973756492138,ok,1,4eb4e5bb88d274fb571daa3d9537d134ac91e3971795bedfe21b63973b8a983c,1,d13e9c3ac11f225830039de2901a56fb70a7f87e3dc16b413dfa2223b08db80b,a107c4a214cf69f0938e346f32f83215870f3845dcf233bc4de45f85f388e744,./results/models/job/random/c/best.pt,"[{""action"":{""high_action"":""split"",""order_decision"":""only_cost""},""phase"":""high""},{""action"":{""candidate_id"":3,""schedule_alpha"":0.5},""phase"":""select""},{""action"":{""search_k"":1,""search_strategy"":""default""},""phase"":""search""},{""action"":{""execution_action"":""none"",""lip_action"":""none""},""phase"":""low""},{""action"":{""high_action"":""split"",""order_decision"":""only_cost""},""phase"":""high""},{""action"":{""candidate_id"":3,""schedule_alpha"":0.5},""phase"":""select""},{""action"":{""search_k"":1,""search_strategy"":""default""},""phase"":""search""},{""action"":{""execution_action"":""none"",""lip_action"":""none""},""phase"":""low""},{""action"":{""high_action"":""split"",""order_decision"":""only_cost""},""phase"":""high""},{""action"":{""candidate_id"":0,""schedule_alpha"":0.5},""phase"":""select""},{""action"":{""search_k"":1,""search_strategy"":""default""},""phase"":""search""},{""action"":{""execution_action"":""conservative"",""lip_action"":""selective""},""phase"":""low""},{""action"":{""high_action"":""split"",""order_decision"":""only_cost""},""phase"":""high""},{""action"":{""candidate_id"":0,""schedule_alpha"":0.5},""phase"":""select""},{""action"":{""search_k"":1,""search_strategy"":""default""},""phase"":""search""},{""action"":{""execution_action"":""none"",""lip_action"":""none""},""phase"":""low""},{""action"":{""high_action"":""stop"",""order_decision"":""only_cost""},""phase"":""high""},{""action"":{""search_k"":1,""search_strategy"":""default""},""phase"":""search""},{""action"":{""execution_action"":""none"",""lip_action"":""none""},""phase"":""low""}]"
JOB,random,c,./workloads/query_job/28a.sql,learned,,687.775783240795,86.152000000000,1045.240662992001,ok,1,9bbfa4b43836dbcd01ed830b9188456a9d9309e4cc0ef0948c1f6ff8b2c0e39c,1,3e4770eb989047c56f457913fcdc918edda9e450bb637f0bb558c8d4337b357c,021ee502827b7d19257bfabb023fc62416407c807814c90ccc25891d1e88e670,./results/models/job/random/c/best.pt,"[{""action"":{""high_action"":""split"",""order_decision"":""only_cost""},""phase"":""high""},{""action"":{""candidate_id"":4,""schedule_alpha"":0.5},""phase"":""select""},{""action"":{""search_k"":1,""search_strategy"":""default""},""phase"":""search""},{""action"":{""execution_action"":""none"",""lip_action"":""none""},""phase"":""low""},{""action"":{""high_action"":""split"",""order_decision"":""only_cost""},""phase"":""high""},{""action"":{""candidate_id"":1,""schedule_alpha"":0.5},""phase"":""select""},{""action"":{""search_k"":1,""search_strategy"":""default""},""phase"":""search""},{""action"":{""execution_action"":""conservative"",""lip_action"":""selective""},""phase"":""low""},{""action"":{""high_action"":""split"",""order_decision"":""only_cost""},""phase"":""high""},{""action"":{""candidate_id"":3,""schedule_alpha"":0.5},""phase"":""select""},{""action"":{""search_k"":1,""search_strategy"":""default""},""phase"":""search""},{""action"":{""execution_action"":""conservative"",""lip_action"":""selective""},""phase"":""low""},{""action"":{""high_action"":""split"",""order_decision"":""only_cost""},""phase"":""high""},{""action"":{""candidate_id"":0,""schedule_alpha"":0.5},""phase"":""select""},{""action"":{""search_k"":1,""search_strategy"":""default""},""phase"":""search""},{""action"":{""execution_action"":""conservative"",""lip_action"":""selective""},""phase"":""low""},{""action"":{""high_action"":""split"",""order_decision"":""only_cost""},""phase"":""high""},{""action"":{""candidate_id"":1,""schedule_alpha"":0.5},""phase"":""select""},{""action"":{""search_k"":1,""search_strategy"":""default""},""phase"":""search""},{""action"":{""execution_action"":""none"",""lip_action"":""none""},""phase"":""low""},{""action"":{""high_action"":""stop"",""order_decision"":""only_cost""},""phase"":""high""},{""action"":{""search_k"":1,""search_strategy"":""default""},""phase"":""search""},{""action"":{""execution_action"":""none"",""lip_action"":""none""},""phase"":""low""}]"
JOB,random,c,./workloads/query_job/29a.sql,learned,,449.789114296436,341.868000000000,2289.833426475525,ok,1,6931843f19cb52122ed461369626a4f45f6b0550fbb8e5608f26c0a53fbfa63e,1,8449905c675eb3ca264e1f1e5568fa03002e0a7bc486d54c71ffe8dbbe276332,adec67fecb9efcefc6f0dcd0e41f85e047b75e6ee4ec93c2b0f291ef93b51a92,./results/models/job/random/c/best.pt,"[{""action"":{""high_action"":""split"",""order_decision"":""only_cost""},""phase"":""high""},{""action"":{""candidate_id"":5,""schedule_alpha"":0.5},""phase"":""select""},{""action"":{""search_k"":1,""search_strategy"":""default""},""phase"":""search""},{""action"":{""execution_action"":""none"",""lip_action"":""none""},""phase"":""low""},{""action"":{""high_action"":""split"",""order_decision"":""only_cost""},""phase"":""high""},{""action"":{""candidate_id"":1,""schedule_alpha"":0.5},""phase"":""select""},{""action"":{""search_k"":1,""search_strategy"":""default""},""phase"":""search""},{""action"":{""execution_action"":""none"",""lip_action"":""none""},""phase"":""low""},{""action"":{""high_action"":""split"",""order_decision"":""only_cost""},""phase"":""high""},{""action"":{""candidate_id"":2,""schedule_alpha"":0.5},""phase"":""select""},{""action"":{""search_k"":1,""search_strategy"":""default""},""phase"":""search""},{""action"":{""execution_action"":""none"",""lip_action"":""none""},""phase"":""low""},{""action"":{""high_action"":""split"",""order_decision"":""only_cost""},""phase"":""high""},{""action"":{""candidate_id"":1,""schedule_alpha"":0.5},""phase"":""select""},{""action"":{""search_k"":1,""search_strategy"":""default""},""phase"":""search""},{""action"":{""execution_action"":""none"",""lip_action"":""none""},""phase"":""low""},{""action"":{""high_action"":""split"",""order_decision"":""only_cost""},""phase"":""high""},{""action"":{""candidate_id"":2,""schedule_alpha"":0.5},""phase"":""select""},{""action"":{""search_k"":1,""search_strategy"":""default""},""phase"":""search""},{""action"":{""execution_action"":""none"",""lip_action"":""none""},""phase"":""low""},{""action"":{""high_action"":""split"",""order_decision"":""only_cost""},""phase"":""high""},{""action"":{""candidate_id"":1,""schedule_alpha"":0.5},""phase"":""select""},{""action"":{""search_k"":1,""search_strategy"":""default""},""phase"":""search""},{""action"":{""execution_action"":""none"",""lip_action"":""none""},""phase"":""low""},{""action"":{""high_action"":""stop"",""order_decision"":""only_cost""},""phase"":""high""},{""action"":{""search_k"":1,""search_strategy"":""default""},""phase"":""search""},{""action"":{""execution_action"":""none"",""lip_action"":""none""},""phase"":""low""}]"
JOB,random,c,./workloads/query_job/29c.sql,learned,,654.435910284519,343.147000000000,9935.959734022617,ok,1,77d7c0fd6a7f7c2de253fe8fc44b2b6ae848c0c1e246c513425c8f83965bf0b0,1,e9e0d24e272e9773a669bab098699b80c9b39ef0dff5bc1127a3ac6d3084dd4e,22aac18c21047a4485b6988d6ae0eb3a5bced5dc122090a0f88ed63088d0b009,./results/models/job/random/c/best.pt,"[{""action"":{""high_action"":""split"",""order_decision"":""only_cost""},""phase"":""high""},{""action"":{""candidate_id"":5,""schedule_alpha"":0.5},""phase"":""select""},{""action"":{""search_k"":1,""search_strategy"":""default""},""phase"":""search""},{""action"":{""execution_action"":""none"",""lip_action"":""none""},""phase"":""low""},{""action"":{""high_action"":""split"",""order_decision"":""only_cost""},""phase"":""high""},{""action"":{""candidate_id"":2,""schedule_alpha"":0.5},""phase"":""select""},{""action"":{""search_k"":1,""search_strategy"":""default""},""phase"":""search""},{""action"":{""execution_action"":""none"",""lip_action"":""none""},""phase"":""low""},{""action"":{""high_action"":""split"",""order_decision"":""only_cost""},""phase"":""high""},{""action"":{""candidate_id"":1,""schedule_alpha"":0.5},""phase"":""select""},{""action"":{""search_k"":1,""search_strategy"":""default""},""phase"":""search""},{""action"":{""execution_action"":""none"",""lip_action"":""none""},""phase"":""low""},{""action"":{""high_action"":""split"",""order_decision"":""only_cost""},""phase"":""high""},{""action"":{""candidate_id"":0,""schedule_alpha"":0.5},""phase"":""select""},{""action"":{""search_k"":1,""search_strategy"":""default""},""phase"":""search""},{""action"":{""execution_action"":""none"",""lip_action"":""none""},""phase"":""low""},{""action"":{""high_action"":""split"",""order_decision"":""only_cost""},""phase"":""high""},{""action"":{""candidate_id"":1,""schedule_alpha"":0.5},""phase"":""select""},{""action"":{""search_k"":1,""search_strategy"":""default""},""phase"":""search""},{""action"":{""execution_action"":""none"",""lip_action"":""none""},""phase"":""low""},{""action"":{""high_action"":""split"",""order_decision"":""only_cost""},""phase"":""high""},{""action"":{""candidate_id"":1,""schedule_alpha"":0.5},""phase"":""select""},{""action"":{""search_k"":1,""search_strategy"":""default""},""phase"":""search""},{""action"":{""execution_action"":""none"",""lip_action"":""none""},""phase"":""low""},{""action"":{""high_action"":""stop"",""order_decision"":""only_cost""},""phase"":""high""},{""action"":{""search_k"":1,""search_strategy"":""default""},""phase"":""search""},{""action"":{""execution_action"":""none"",""lip_action"":""none""},""phase"":""low""}]"
JOB,random,c,./workloads/query_job/30a.sql,learned,,1656.165726482868,77.360000000000,3002.848818898201,ok,1,75f27277da0bf405cd685f3341baca046a6788152a4b13a72ad743837698d0b5,1,cfadf7297bd43e86160385879523daf17346659a22a33acbf3786166e9163927,a1ccfc78f532787477fdd2fb51a6bc7abc1ed7fb12501a317ebde55ca0701279,./results/models/job/random/c/best.pt,"[{""action"":{""high_action"":""split"",""order_decision"":""only_cost""},""phase"":""high""},{""action"":{""candidate_id"":4,""schedule_alpha"":0.5},""phase"":""select""},{""action"":{""search_k"":1,""search_strategy"":""default""},""phase"":""search""},{""action"":{""execution_action"":""none"",""lip_action"":""none""},""phase"":""low""},{""action"":{""high_action"":""split"",""order_decision"":""only_cost""},""phase"":""high""},{""action"":{""candidate_id"":2,""schedule_alpha"":0.5},""phase"":""select""},{""action"":{""search_k"":1,""search_strategy"":""default""},""phase"":""search""},{""action"":{""execution_action"":""conservative"",""lip_action"":""selective""},""phase"":""low""},{""action"":{""high_action"":""split"",""order_decision"":""only_cost""},""phase"":""high""},{""action"":{""candidate_id"":2,""schedule_alpha"":0.5},""phase"":""select""},{""action"":{""search_k"":1,""search_strategy"":""default""},""phase"":""search""},{""action"":{""execution_action"":""conservative"",""lip_action"":""selective""},""phase"":""low""},{""action"":{""high_action"":""split"",""order_decision"":""only_cost""},""phase"":""high""},{""action"":{""candidate_id"":0,""schedule_alpha"":0.5},""phase"":""select""},{""action"":{""search_k"":1,""search_strategy"":""default""},""phase"":""search""},{""action"":{""execution_action"":""conservative"",""lip_action"":""selective""},""phase"":""low""},{""action"":{""high_action"":""stop"",""order_decision"":""only_cost""},""phase"":""high""},{""action"":{""search_k"":1,""search_strategy"":""default""},""phase"":""search""},{""action"":{""execution_action"":""none"",""lip_action"":""none""},""phase"":""low""}]"
JOB,random,c,./workloads/query_job/31a.sql,learned,,958.119630813599,89.477000000000,5913.183256983757,ok,1,27264682db1c692f629cbc378c2d1c85c8c6d056671bebcf765b2be4f122e770,1,6be2bd1cbc431d36718a9a438bbb239593042b0567c6c3bcda89dccee47c7102,802e6807d677eb182057935eaf0079a809ce95b9e9eeb2a10b1cc20091eca26e,./results/models/job/random/c/best.pt,"[{""action"":{""high_action"":""split"",""order_decision"":""only_cost""},""phase"":""high""},{""action"":{""candidate_id"":4,""schedule_alpha"":0.5},""phase"":""select""},{""action"":{""search_k"":1,""search_strategy"":""default""},""phase"":""search""},{""action"":{""execution_action"":""none"",""lip_action"":""none""},""phase"":""low""},{""action"":{""high_action"":""split"",""order_decision"":""only_cost""},""phase"":""high""},{""action"":{""candidate_id"":1,""schedule_alpha"":0.5},""phase"":""select""},{""action"":{""search_k"":1,""search_strategy"":""default""},""phase"":""search""},{""action"":{""execution_action"":""conservative"",""lip_action"":""selective""},""phase"":""low""},{""action"":{""high_action"":""split"",""order_decision"":""only_cost""},""phase"":""high""},{""action"":{""candidate_id"":2,""schedule_alpha"":0.5},""phase"":""select""},{""action"":{""search_k"":1,""search_strategy"":""default""},""phase"":""search""},{""action"":{""execution_action"":""none"",""lip_action"":""none""},""phase"":""low""},{""action"":{""high_action"":""split"",""order_decision"":""only_cost""},""phase"":""high""},{""action"":{""candidate_id"":1,""schedule_alpha"":0.5},""phase"":""select""},{""action"":{""search_k"":1,""search_strategy"":""default""},""phase"":""search""},{""action"":{""execution_action"":""none"",""lip_action"":""none""},""phase"":""low""},{""action"":{""high_action"":""stop"",""order_decision"":""only_cost""},""phase"":""high""},{""action"":{""search_k"":1,""search_strategy"":""default""},""phase"":""search""},{""action"":{""execution_action"":""none"",""lip_action"":""none""},""phase"":""low""}]"
JOB,random,c,./workloads/query_job/31b.sql,learned,,855.623781681061,270.752000000000,537.854380905628,ok,1,17bebc2b6a6ef3426f94300ca4385edad88ebd34fac62fd56a0fc58c24e5b98e,1,11e154b81196595c9f6586af705e2a15a4467a7ea65eb6fc4c6953fad900ea03,942bbf6a4bc8460791e267b26a1ca6d4b6b0b72524f0db793a16352e5d2fc5e7,./results/models/job/random/c/best.pt,"[{""action"":{""high_action"":""split"",""order_decision"":""only_cost""},""phase"":""high""},{""action"":{""candidate_id"":4,""schedule_alpha"":0.5},""phase"":""select""},{""action"":{""search_k"":1,""search_strategy"":""default""},""phase"":""search""},{""action"":{""execution_action"":""none"",""lip_action"":""none""},""phase"":""low""},{""action"":{""high_action"":""split"",""order_decision"":""only_cost""},""phase"":""high""},{""action"":{""candidate_id"":3,""schedule_alpha"":0.5},""phase"":""select""},{""action"":{""search_k"":1,""search_strategy"":""default""},""phase"":""search""},{""action"":{""execution_action"":""none"",""lip_action"":""none""},""phase"":""low""},{""action"":{""high_action"":""split"",""order_decision"":""only_cost""},""phase"":""high""},{""action"":{""candidate_id"":1,""schedule_alpha"":0.5},""phase"":""select""},{""action"":{""search_k"":1,""search_strategy"":""default""},""phase"":""search""},{""action"":{""execution_action"":""none"",""lip_action"":""none""},""phase"":""low""},{""action"":{""high_action"":""split"",""order_decision"":""only_cost""},""phase"":""high""},{""action"":{""candidate_id"":1,""schedule_alpha"":0.5},""phase"":""select""},{""action"":{""search_k"":1,""search_strategy"":""default""},""phase"":""search""},{""action"":{""execution_action"":""none"",""lip_action"":""none""},""phase"":""low""},{""action"":{""high_action"":""stop"",""order_decision"":""only_cost""},""phase"":""high""},{""action"":{""search_k"":1,""search_strategy"":""default""},""phase"":""search""},{""action"":{""execution_action"":""none"",""lip_action"":""none""},""phase"":""low""}]"
JOB,random,c,./workloads/query_job/32b.sql,learned,,502.774856984615,37.281000000000,173.895455896854,ok,1,136f26a2ebb961337e13a1b2c25ce51ab44ee67277b807b22bcb2f94ab99343c,1,9e0161e89dca75570b644a4ebf463b97d80361e29a4f2263d045bea5d1e34866,13ba2c5569607b1e77ed26861bf3e3870f3a749823aca4c2318a355ef2141c61,./results/models/job/random/c/best.pt,"[{""action"":{""high_action"":""split"",""order_decision"":""only_cost""},""phase"":""high""},{""action"":{""candidate_id"":0,""schedule_alpha"":0.5},""phase"":""select""},{""action"":{""search_k"":1,""search_strategy"":""default""},""phase"":""search""},{""action"":{""execution_action"":""none"",""lip_action"":""none""},""phase"":""low""},{""action"":{""high_action"":""stop"",""order_decision"":""only_cost""},""phase"":""high""},{""action"":{""search_k"":1,""search_strategy"":""default""},""phase"":""search""},{""action"":{""execution_action"":""conservative"",""lip_action"":""selective""},""phase"":""low""}]"
JOB,random,c,./workloads/query_job/33c.sql,learned,,670.634925365448,108.469000000000,234.908789396286,ok,1,68464506f3c0aa8fd4c37209daa0d0c9c8f54c57dca6a9b2860add78f906185b,1,777c6e9019cd9a5e756d6d9283a31fae57af6c4e7a0e99ab0fc7dccf72082f7b,11b20db1443aa4f1bf306c9a08b8e9b60a0232cc513a8fd9fdd5d53c7d972dc5,./results/models/job/random/c/best.pt,"[{""action"":{""high_action"":""split"",""order_decision"":""only_cost""},""phase"":""high""},{""action"":{""candidate_id"":3,""schedule_alpha"":0.5},""phase"":""select""},{""action"":{""search_k"":1,""search_strategy"":""default""},""phase"":""search""},{""action"":{""execution_action"":""none"",""lip_action"":""none""},""phase"":""low""},{""action"":{""high_action"":""split"",""order_decision"":""only_cost""},""phase"":""high""},{""action"":{""candidate_id"":0,""schedule_alpha"":0.5},""phase"":""select""},{""action"":{""search_k"":1,""search_strategy"":""default""},""phase"":""search""},{""action"":{""execution_action"":""conservative"",""lip_action"":""selective""},""phase"":""low""},{""action"":{""high_action"":""split"",""order_decision"":""only_cost""},""phase"":""high""},{""action"":{""candidate_id"":3,""schedule_alpha"":0.5},""phase"":""select""},{""action"":{""search_k"":1,""search_strategy"":""default""},""phase"":""search""},{""action"":{""execution_action"":""none"",""lip_action"":""none""},""phase"":""low""},{""action"":{""high_action"":""split"",""order_decision"":""only_cost""},""phase"":""high""},{""action"":{""candidate_id"":0,""schedule_alpha"":0.5},""phase"":""select""},{""action"":{""search_k"":1,""search_strategy"":""default""},""phase"":""search""},{""action"":{""execution_action"":""conservative"",""lip_action"":""selective""},""phase"":""low""},{""action"":{""high_action"":""split"",""order_decision"":""only_cost""},""phase"":""high""},{""action"":{""candidate_id"":2,""schedule_alpha"":0.5},""phase"":""select""},{""action"":{""search_k"":1,""search_strategy"":""default""},""phase"":""search""},{""action"":{""execution_action"":""none"",""lip_action"":""none""},""phase"":""low""},{""action"":{""high_action"":""split"",""order_decision"":""only_cost""},""phase"":""high""},{""action"":{""candidate_id"":0,""schedule_alpha"":0.5},""phase"":""select""},{""action"":{""search_k"":1,""search_strategy"":""default""},""phase"":""search""},{""action"":{""execution_action"":""none"",""lip_action"":""none""},""phase"":""low""},{""action"":{""high_action"":""stop"",""order_decision"":""only_cost""},""phase"":""high""},{""action"":{""search_k"":1,""search_strategy"":""default""},""phase"":""search""},{""action"":{""execution_action"":""none"",""lip_action"":""none""},""phase"":""low""}]"
JOB,random,c,./workloads/query_job/5a.sql,learned,,354.243405163288,77.623000000000,229.351252317429,ok,1,4f78f1a55542d807d5eaabd4ee2244ee9ba0258958f7de1c1ef4598cd5b46ab1,1,52dbfa82b51632d0afaea3008e5bf81143b5f266778029af739022a4a49f9fd0,853de6f68bc3cfd0a25809bee68edb558e7b75905d3559410ff673ce25f8f759,./results/models/job/random/c/best.pt,"[{""action"":{""high_action"":""split"",""order_decision"":""only_cost""},""phase"":""high""},{""action"":{""candidate_id"":0,""schedule_alpha"":0.5},""phase"":""select""},{""action"":{""search_k"":1,""search_strategy"":""default""},""phase"":""search""},{""action"":{""execution_action"":""none"",""lip_action"":""none""},""phase"":""low""},{""action"":{""high_action"":""stop"",""order_decision"":""only_cost""},""phase"":""high""},{""action"":{""search_k"":1,""search_strategy"":""default""},""phase"":""search""},{""action"":{""execution_action"":""none"",""lip_action"":""none""},""phase"":""low""}]"
JOB,random,c,./workloads/query_job/6d.sql,learned,,1203.599609434605,118.076000000000,23747.168585658073,ok,1,bf8229c3af721fca42ad64803e348b47d39c54dfd46fcbc5d2ef84cd56b31b17,1,e3eb1dc9750b44b2a66842b0352130234def7218ac43f2e5979e12eeed9c72e5,fae0129ba5edbf3d4e8c51d1f8fc4be554d37c7bf7cea809fcf1cab30e65865f,./results/models/job/random/c/best.pt,"[{""action"":{""high_action"":""split"",""order_decision"":""only_cost""},""phase"":""high""},{""action"":{""candidate_id"":1,""schedule_alpha"":0.5},""phase"":""select""},{""action"":{""search_k"":1,""search_strategy"":""default""},""phase"":""search""},{""action"":{""execution_action"":""none"",""lip_action"":""none""},""phase"":""low""},{""action"":{""high_action"":""stop"",""order_decision"":""only_cost""},""phase"":""high""},{""action"":{""search_k"":1,""search_strategy"":""default""},""phase"":""search""},{""action"":{""execution_action"":""conservative"",""lip_action"":""selective""},""phase"":""low""}]"
JOB,random,c,./workloads/query_job/6e.sql,learned,,150.249570608139,75.645000000000,36.193035542965,ok,1,2e45680981dcedf844899f966540a92734a6200fc0d8bd8a547ceba0d0cf631f,1,ca34e6fc9f6dc5ff6c01c27b9604adc6300edc81f6dab3252e53f7d836f6c1f7,529257d3305b7fabb901d883841f36bd3a93fe5bc9f635970caf59b41661363a,./results/models/job/random/c/best.pt,"[{""action"":{""high_action"":""split"",""order_decision"":""only_cost""},""phase"":""high""},{""action"":{""candidate_id"":1,""schedule_alpha"":0.5},""phase"":""select""},{""action"":{""search_k"":1,""search_strategy"":""default""},""phase"":""search""},{""action"":{""execution_action"":""none"",""lip_action"":""none""},""phase"":""low""},{""action"":{""high_action"":""stop"",""order_decision"":""only_cost""},""phase"":""high""},{""action"":{""search_k"":1,""search_strategy"":""default""},""phase"":""search""},{""action"":{""execution_action"":""none"",""lip_action"":""none""},""phase"":""low""}]"
JOB,random,c,./workloads/query_job/7a.sql,learned,,335.975743830204,59.686000000000,2774.266779422760,ok,1,4c15deaf8c868c357c511a9b1b16153f35d0a6d69bf0cb9d733dd8855dca6cb3,1,ba77f29a80063f1f49ae553e844d5862a97199b3d3d5f9368ac4a5bcc0baa3d6,06fadabaa75bcf122ee151fd33e33a414947cd4600a58392f40905099d787b80,./results/models/job/random/c/best.pt,"[{""action"":{""high_action"":""split"",""order_decision"":""only_cost""},""phase"":""high""},{""action"":{""candidate_id"":3,""schedule_alpha"":0.5},""phase"":""select""},{""action"":{""search_k"":1,""search_strategy"":""default""},""phase"":""search""},{""action"":{""execution_action"":""none"",""lip_action"":""none""},""phase"":""low""},{""action"":{""high_action"":""split"",""order_decision"":""only_cost""},""phase"":""high""},{""action"":{""candidate_id"":0,""schedule_alpha"":0.5},""phase"":""select""},{""action"":{""search_k"":1,""search_strategy"":""default""},""phase"":""search""},{""action"":{""execution_action"":""none"",""lip_action"":""none""},""phase"":""low""},{""action"":{""high_action"":""split"",""order_decision"":""only_cost""},""phase"":""high""},{""action"":{""candidate_id"":1,""schedule_alpha"":0.5},""phase"":""select""},{""action"":{""search_k"":1,""search_strategy"":""default""},""phase"":""search""},{""action"":{""execution_action"":""none"",""lip_action"":""none""},""phase"":""low""},{""action"":{""high_action"":""stop"",""order_decision"":""only_cost""},""phase"":""high""},{""action"":{""search_k"":1,""search_strategy"":""default""},""phase"":""search""},{""action"":{""execution_action"":""conservative"",""lip_action"":""selective""},""phase"":""low""}]"
JOB,random,c,./workloads/query_job/8d.sql,learned,,5230.511106550694,70.189000000000,2412.313476204872,ok,1,42e9d5875e298e1e96988f68f4ea5385d847af85ed0e315fb1c559c113c45301,1,d75e8430f6364d7661b2dd52087975bce4d91380c56111358f3c9d3692f3dc16,a1f1734fdbecab5697c827fd21f452398572911aadc7d32a3108d4e0dcc7e96c,./results/models/job/random/c/best.pt,"[{""action"":{""high_action"":""split"",""order_decision"":""only_cost""},""phase"":""high""},{""action"":{""candidate_id"":2,""schedule_alpha"":0.5},""phase"":""select""},{""action"":{""search_k"":1,""search_strategy"":""default""},""phase"":""search""},{""action"":{""execution_action"":""conservative"",""lip_action"":""selective""},""phase"":""low""},{""action"":{""high_action"":""split"",""order_decision"":""only_cost""},""phase"":""high""},{""action"":{""candidate_id"":0,""schedule_alpha"":0.5},""phase"":""select""},{""action"":{""search_k"":1,""search_strategy"":""default""},""phase"":""search""},{""action"":{""execution_action"":""conservative"",""lip_action"":""selective""},""phase"":""low""},{""action"":{""high_action"":""stop"",""order_decision"":""only_cost""},""phase"":""high""},{""action"":{""search_k"":1,""search_strategy"":""default""},""phase"":""search""},{""action"":{""execution_action"":""conservative"",""lip_action"":""selective""},""phase"":""low""}]"
JOB,random,c,./workloads/query_job/9c.sql,learned,,2280.582569539547,82.428000000000,2788.395129144192,ok,1,557da082f2ed4caf79da00c7414e7dd21a43ea04df959539305598466791daec,1,675d29193ccba9b272afb2c92e52d28cb1e04e7e6a36afc6f7529d106a738e21,3fb4221c29056cab5708cb1a87142587a4b3f7a91bff8701703314bd66b8821e,./results/models/job/random/c/best.pt,"[{""action"":{""high_action"":""split"",""order_decision"":""only_cost""},""phase"":""high""},{""action"":{""candidate_id"":1,""schedule_alpha"":0.5},""phase"":""select""},{""action"":{""search_k"":1,""search_strategy"":""default""},""phase"":""search""},{""action"":{""execution_action"":""none"",""lip_action"":""none""},""phase"":""low""},{""action"":{""high_action"":""split"",""order_decision"":""only_cost""},""phase"":""high""},{""action"":{""candidate_id"":0,""schedule_alpha"":0.5},""phase"":""select""},{""action"":{""search_k"":1,""search_strategy"":""default""},""phase"":""search""},{""action"":{""execution_action"":""none"",""lip_action"":""none""},""phase"":""low""},{""action"":{""high_action"":""stop"",""order_decision"":""only_cost""},""phase"":""high""},{""action"":{""search_k"":1,""search_strategy"":""default""},""phase"":""search""},{""action"":{""execution_action"":""conservative"",""lip_action"":""selective""},""phase"":""low""}]"
