dataset,fold,sql_path,method,runtime_ms,inference_ms,status,result_hash,result_rows,cache_hit,cache_id,trajectory_hash,checkpoint,actions_json
JOB,a,./workloads/query_job/10c.sql,Full NQO,7338.754929602146,46.871000000000,ok,73b0bf53e0d911a07eeb82a77e0c4d8e572b4a66464eabd6ab74eddeab66e4b6,1,,5275764f2401195e6a544e22d0840536a2b4d9dbc51295d150077f21d0be35f0,7be0ed4c0418942f410676f64fb624dbfd313a5ca9b19dcc7240b853e5df589a,./results/models/job/random/a/best.pt,"[{""action"":{""high_action"":""stop"",""order_decision"":""only_cost""},""phase"":""high""},{""action"":{""search_k"":1,""search_strategy"":""default""},""phase"":""search""},{""action"":{""execution_action"":""conservative"",""lip_action"":""selective""},""phase"":""low""}]"
JOB,a,./workloads/query_job/11d.sql,Full NQO,230.543747544289,75.763000000000,ok,de7342ed1d49ddb4af769ed803430202f4e99db6d34267ee2b58c1cbcee1f279,1,,5ac4cb4ae75270882624867ac1cf2695549de7e5303c0679198919ca3f7c04ec,d5a4653df31810ede5fe552e8e52da489eb78d0b5f1d94cbc80c4ba03a3e09cf,./results/models/job/random/a/best.pt,"[{""action"":{""high_action"":""stop"",""order_decision"":""only_cost""},""phase"":""high""},{""action"":{""search_k"":1,""search_strategy"":""default""},""phase"":""search""},{""action"":{""execution_action"":""none"",""lip_action"":""none""},""phase"":""low""}]"
JOB,a,./workloads/query_job/13a.sql,Full NQO,2518.219463527203,16.506000000000,ok,5ee98befd3d641c6753778abf08e4c9202a00380903807997963bc6fbf2344d1,1,,41b19fc481696c7748cd5c7c2871b079064f5afe898caaefc11de0c05c1a1df6,9240fac0a0e0c8a9e03c9e9f8a1daa05d4dba5f8a4d3641f869ad5579ff529a5,./results/models/job/random/a/best.pt,"[{""action"":{""high_action"":""stop"",""order_decision"":""only_cost""},""phase"":""high""},{""action"":{""search_k"":1,""search_strategy"":""default""},""phase"":""search""},{""action"":{""execution_action"":""conservative"",""lip_action"":""selective""},""phase"":""low""}]"
JOB,a,./workloads/query_job/13b.sql,Full NQO,1214.693494141102,90.474000000000,ok,3d96d4044fccab21095254c6b5ee60e7d430f8e3a04d0eb12bc3df93c0a121c3,1,,bd5575bc2586996551abcbbe6aa53f734f17dc24991a03f35dc44a5309955189,4554399e8ce618524f4fcff267e6e5b20ae1cfa35fb8f6f917ccbd30c3d5588a,./results/models/job/random/a/best.pt,"[{""action"":{""high_action"":""stop"",""order_decision"":""only_cost""},""phase"":""high""},{""action"":{""search_k"":1,""search_strategy"":""default""},""phase"":""search""},{""action"":{""execution_action"":""none"",""lip_action"":""none""},""phase"":""low""}]"
JOB,a,./workloads/query_job/13d.sql,Full NQO,4458.047494292259,53.782000000000,ok,23a870573284058686cb251c6ba164baa8ae4f5ef07cfb8c562be705ab7dee88,1,,3a1396031b44384677afb9d25db64eeb442401fb0a52c11ac82d4fd155436e92,20f7e545ede9a395cb9c94d320bfc957b88cbc78a7a41816b93f9131bca95c1d,./results/models/job/random/a/best.pt,"[{""action"":{""high_action"":""stop"",""order_decision"":""only_cost""},""phase"":""high""},{""action"":{""search_k"":1,""search_strategy"":""default""},""phase"":""search""},{""action"":{""execution_action"":""conservative"",""lip_action"":""selective""},""phase"":""low""}]"
JOB,a,./workloads/query_job/15c.sql,Full NQO,801.194056868553,83.216000000000,ok,089e136e8a705182e20d1d2d2df976cada5b59fa92a88f7c18af99db6fa72368,1,,6a5059fef85836b2aee4039639564405d3cd364491998d2e9502edc8a161f84d,2ec908c854406737ed6f5213d668c7fc55664f26a149b1e9ab5e9191fc96ad50,./results/models/job/random/a/best.pt,"[{""action"":{""high_action"":""stop"",""order_decision"":""only_cost""},""phase"":""high""},{""action"":{""search_k"":1,""search_strategy"":""default""},""phase"":""search""},{""action"":{""execution_action"":""none"",""lip_action"":""none""},""phase"":""low""}]"
JOB,a,./workloads/query_job/17d.sql,Full NQO,1263.202875852585,146.335000000000,ok,9a519542553c082aa22cad711ded801827b50f2fc8a7b5078563cb2b04a7428e,1,,f5cf57ca99bc829aca937a2c7bc442096239a027dab911bf49e627f89dd9f8b2,ebabf8ea53fa21dc46114cd01e288e087a425fbb140e020f8484bac7a0ed726b,./results/models/job/random/a/best.pt,"[{""action"":{""high_action"":""split"",""order_decision"":""only_cost""},""phase"":""high""},{""action"":{""candidate_id"":2,""schedule_alpha"":0.5},""phase"":""select""},{""action"":{""search_k"":1,""search_strategy"":""default""},""phase"":""search""},{""action"":{""execution_action"":""none"",""lip_action"":""none""},""phase"":""low""},{""action"":{""high_action"":""split"",""order_decision"":""only_cost""},""phase"":""high""},{""action"":{""candidate_id"":0,""schedule_alpha"":0.5},""phase"":""select""},{""action"":{""search_k"":1,""search_strategy"":""default""},""phase"":""search""},{""action"":{""execution_action"":""none"",""lip_action"":""none""},""phase"":""low""},{""action"":{""high_action"":""stop"",""order_decision"":""only_cost""},""phase"":""high""},{""action"":{""search_k"":1,""search_strategy"":""default""},""phase"":""search""},{""action"":{""execution_action"":""none"",""lip_action"":""none""},""phase"":""low""}]"
JOB,a,./workloads/query_job/18b.sql,Full NQO,808.887258172035,156.020000000000,ok,6635682ea66176cb4b122c8c01b41b06001993191e9889f440da443126fcee38,1,,47ad672adac97e9051db2542d190ba644c17275af75a7732b190eea2f69fe122,8e60c34089ae229bfac4b60e512b09f99027cd283f45f9125afb61f273b6ca19,./results/models/job/random/a/best.pt,"[{""action"":{""high_action"":""split"",""order_decision"":""only_cost""},""phase"":""high""},{""action"":{""candidate_id"":2,""schedule_alpha"":0.5},""phase"":""select""},{""action"":{""search_k"":1,""search_strategy"":""default""},""phase"":""search""},{""action"":{""execution_action"":""none"",""lip_action"":""none""},""phase"":""low""},{""action"":{""high_action"":""split"",""order_decision"":""only_cost""},""phase"":""high""},{""action"":{""candidate_id"":1,""schedule_alpha"":0.5},""phase"":""select""},{""action"":{""search_k"":1,""search_strategy"":""default""},""phase"":""search""},{""action"":{""execution_action"":""none"",""lip_action"":""none""},""phase"":""low""},{""action"":{""high_action"":""stop"",""order_decision"":""only_cost""},""phase"":""high""},{""action"":{""search_k"":1,""search_strategy"":""default""},""phase"":""search""},{""action"":{""execution_action"":""none"",""lip_action"":""none""},""phase"":""low""}]"
JOB,a,./workloads/query_job/18c.sql,Full NQO,7493.509173393250,45.409000000000,ok,542307488c7a1ab1b7cc860d07b9bcba2943079fcc1b17924c4d69c8285fa274,1,,3d3f01746b7fd993df525fb8aaf6d2fd54c319ffffbe56a14135173b531be8b2,2d3c0ae25a661948bb7ee9b4337b5ff7941be62accaad3721f29eb16df725c78,./results/models/job/random/a/best.pt,"[{""action"":{""high_action"":""split"",""order_decision"":""only_cost""},""phase"":""high""},{""action"":{""candidate_id"":1,""schedule_alpha"":0.5},""phase"":""select""},{""action"":{""search_k"":1,""search_strategy"":""default""},""phase"":""search""},{""action"":{""execution_action"":""none"",""lip_action"":""none""},""phase"":""low""},{""action"":{""high_action"":""split"",""order_decision"":""only_cost""},""phase"":""high""},{""action"":{""candidate_id"":1,""schedule_alpha"":0.5},""phase"":""select""},{""action"":{""search_k"":1,""search_strategy"":""default""},""phase"":""search""},{""action"":{""execution_action"":""conservative"",""lip_action"":""selective""},""phase"":""low""},{""action"":{""high_action"":""stop"",""order_decision"":""only_cost""},""phase"":""high""},{""action"":{""search_k"":1,""search_strategy"":""default""},""phase"":""search""},{""action"":{""execution_action"":""conservative"",""lip_action"":""selective""},""phase"":""low""}]"
JOB,a,./workloads/query_job/19b.sql,Full NQO,613.825887441635,74.049000000000,ok,91275ea0a7bef7c58863c590bb17df5976280a00d3553ff0ccfd2fc85a34dfb6,1,,c487f37a3c6d0b8e1c01b8618bb317bca68f06cda35b66651846cb58606cfefc,7d9cbef0e835991ac8b2ac7aeca6abefeb45dd44303cf41ce96996a812ed59ee,./results/models/job/random/a/best.pt,"[{""action"":{""high_action"":""stop"",""order_decision"":""only_cost""},""phase"":""high""},{""action"":{""search_k"":1,""search_strategy"":""default""},""phase"":""search""},{""action"":{""execution_action"":""none"",""lip_action"":""none""},""phase"":""low""}]"
JOB,a,./workloads/query_job/19c.sql,Full NQO,3029.913850128651,83.318000000000,ok,5bb686926c7ac803228b08a35834a98c97bfac4d34377d9f0e0143ed1c846478,1,,61537ad94bf5098ffb8061a75e6007261bceac1e1f797330a7bfb531c4106b48,858d0aef8f7d56bfc54c6f685a0f3d08e877cd50146bbc11ebcd49b1c0530c69,./results/models/job/random/a/best.pt,"[{""action"":{""high_action"":""split"",""order_decision"":""only_cost""},""phase"":""high""},{""action"":{""candidate_id"":1,""schedule_alpha"":0.5},""phase"":""select""},{""action"":{""search_k"":1,""search_strategy"":""default""},""phase"":""search""},{""action"":{""execution_action"":""none"",""lip_action"":""none""},""phase"":""low""},{""action"":{""high_action"":""split"",""order_decision"":""only_cost""},""phase"":""high""},{""action"":{""candidate_id"":2,""schedule_alpha"":0.5},""phase"":""select""},{""action"":{""search_k"":1,""search_strategy"":""default""},""phase"":""search""},{""action"":{""execution_action"":""none"",""lip_action"":""none""},""phase"":""low""},{""action"":{""high_action"":""split"",""order_decision"":""only_cost""},""phase"":""high""},{""action"":{""candidate_id"":0,""schedule_alpha"":0.5},""phase"":""select""},{""action"":{""search_k"":1,""search_strategy"":""default""},""phase"":""search""},{""action"":{""execution_action"":""none"",""lip_action"":""none""},""phase"":""low""},{""action"":{""high_action"":""stop"",""order_decision"":""only_cost""},""phase"":""high""},{""action"":{""search_k"":1,""search_strategy"":""default""},""phase"":""search""},{""action"":{""execution_action"":""conservative"",""lip_action"":""selective""},""phase"":""low""}]"
JOB,a,./workloads/query_job/1a.sql,Full NQO,94.836473464966,40.285000000000,ok,4509535bf8626cc136208e1b88afc7aa478160ccf6b340e66765b9bcf2288a38,1,,1c839f0a1247f8e470bd458c0dd324f6595b8129d2e73f9a3beb0fbad274ffdc,deddc01784861663d77d45eedc92ed8d235d1bb7504213c41bb9977194fe66c2,./results/models/job/random/a/best.pt,"[{""action"":{""high_action"":""stop"",""order_decision"":""only_cost""},""phase"":""high""},{""action"":{""search_k"":1,""search_strategy"":""default""},""phase"":""search""},{""action"":{""execution_action"":""conservative"",""lip_action"":""selective""},""phase"":""low""}]"
JOB,a,./workloads/query_job/20a.sql,Full NQO,2352.661915123463,187.061000000000,ok,b9480e419c0d039ed6aaa9978ef27229df665cc5a98eb6295b1a8948ca1efa8c,1,,fce1942c3addaa755ef56fba0c64bdfdca8f309cad317642e934b39177868a90,4d077812cb274527d6f819e152c964b8065cf6b6512855a6a0cbdde32feda834,./results/models/job/random/a/best.pt,"[{""action"":{""high_action"":""split"",""order_decision"":""only_cost""},""phase"":""high""},{""action"":{""candidate_id"":2,""schedule_alpha"":0.5},""phase"":""select""},{""action"":{""search_k"":1,""search_strategy"":""default""},""phase"":""search""},{""action"":{""execution_action"":""none"",""lip_action"":""none""},""phase"":""low""},{""action"":{""high_action"":""split"",""order_decision"":""only_cost""},""phase"":""high""},{""action"":{""candidate_id"":2,""schedule_alpha"":0.5},""phase"":""select""},{""action"":{""search_k"":1,""search_strategy"":""default""},""phase"":""search""},{""action"":{""execution_action"":""none"",""lip_action"":""none""},""phase"":""low""},{""action"":{""high_action"":""split"",""order_decision"":""only_cost""},""phase"":""high""},{""action"":{""candidate_id"":0,""schedule_alpha"":0.5},""phase"":""select""},{""action"":{""search_k"":1,""search_strategy"":""default""},""phase"":""search""},{""action"":{""execution_action"":""none"",""lip_action"":""none""},""phase"":""low""},{""action"":{""high_action"":""stop"",""order_decision"":""only_cost""},""phase"":""high""},{""action"":{""search_k"":1,""search_strategy"":""default""},""phase"":""search""},{""action"":{""execution_action"":""none"",""lip_action"":""none""},""phase"":""low""}]"
JOB,a,./workloads/query_job/22a.sql,Full NQO,629.684254527092,73.611000000000,ok,6bee5e8659b220bbe1e6582e8e5bea8f9a97ac298b4a7f5246846c1413c5c2c3,1,,fbb968bba775747b3e0b54643e893649e8f41c9257a3cb564710493d403099a8,e07ec0fe5b9bba5e9c63036cf67af2e60c8b26c77279db2bc573dd018d6f84e1,./results/models/job/random/a/best.pt,"[{""action"":{""high_action"":""stop"",""order_decision"":""only_cost""},""phase"":""high""},{""action"":{""search_k"":1,""search_strategy"":""default""},""phase"":""search""},{""action"":{""execution_action"":""none"",""lip_action"":""none""},""phase"":""low""}]"
JOB,a,./workloads/query_job/22c.sql,Full NQO,2035.862550139427,89.258000000000,ok,18e529eeadd28daacd2cb90fcff55d8be4573ecfaaf76cd6e1ddb1dd25ff265c,1,,67c91aa92958941bff045a8d2c4da0c344edb17394eb3af91b4b543afeea2e0f,81bf82442f10392e66644157f98c9c5e731eac0bb552484e907c5840d0eacc99,./results/models/job/random/a/best.pt,"[{""action"":{""high_action"":""stop"",""order_decision"":""only_cost""},""phase"":""high""},{""action"":{""search_k"":1,""search_strategy"":""default""},""phase"":""search""},{""action"":{""execution_action"":""none"",""lip_action"":""none""},""phase"":""low""}]"
JOB,a,./workloads/query_job/22d.sql,Full NQO,1059.323564171791,79.043000000000,ok,5469e96c680a925a1c749d9befcbc02caea70a0c986dfa8291bc858fe10392ac,1,,e156dcd682c97edba243de758b0670fda555e09f3010da23cbe6a13911f7a843,034f5b395596a60dfa13fe2c3d7de2099201f7f3ccf6407b00c479fa29dd1221,./results/models/job/random/a/best.pt,"[{""action"":{""high_action"":""stop"",""order_decision"":""only_cost""},""phase"":""high""},{""action"":{""search_k"":1,""search_strategy"":""default""},""phase"":""search""},{""action"":{""execution_action"":""none"",""lip_action"":""none""},""phase"":""low""}]"
JOB,a,./workloads/query_job/23b.sql,Full NQO,209.684148430824,80.585000000000,ok,f3a7f99f72b0caf860606e57aed9dc89d96aec3d96e1b92fd2104119ba77b59b,1,,7d91588d90cf3f62d17ad7f50a9c93ff5a3e6af79c5483981cf7f8e143d2cf49,2e3ac61a4c3492025e775a219d2615ea5260a4d71f54601c108f1bfc62e3175c,./results/models/job/random/a/best.pt,"[{""action"":{""high_action"":""stop"",""order_decision"":""only_cost""},""phase"":""high""},{""action"":{""search_k"":1,""search_strategy"":""default""},""phase"":""search""},{""action"":{""execution_action"":""none"",""lip_action"":""none""},""phase"":""low""}]"
JOB,a,./workloads/query_job/26b.sql,Full NQO,550.275161862373,312.819000000000,ok,52c5df37c8602881f0acfe405e5a4f38ddcec08893afde614bdc4c3ed35bf58f,1,,fdfa3b34ec346be9eb6692af6e82f8df43e5968ed5436da1ded08ce84d31544e,a1ce98c42675782986bef81d0bf4986edd6a3abcc1eb26237ede1e9bdc380761,./results/models/job/random/a/best.pt,"[{""action"":{""high_action"":""split"",""order_decision"":""only_cost""},""phase"":""high""},{""action"":{""candidate_id"":3,""schedule_alpha"":0.5},""phase"":""select""},{""action"":{""search_k"":1,""search_strategy"":""default""},""phase"":""search""},{""action"":{""execution_action"":""none"",""lip_action"":""none""},""phase"":""low""},{""action"":{""high_action"":""split"",""order_decision"":""only_cost""},""phase"":""high""},{""action"":{""candidate_id"":2,""schedule_alpha"":0.5},""phase"":""select""},{""action"":{""search_k"":1,""search_strategy"":""default""},""phase"":""search""},{""action"":{""execution_action"":""none"",""lip_action"":""none""},""phase"":""low""},{""action"":{""high_action"":""split"",""order_decision"":""only_cost""},""phase"":""high""},{""action"":{""candidate_id"":2,""schedule_alpha"":0.5},""phase"":""select""},{""action"":{""search_k"":1,""search_strategy"":""default""},""phase"":""search""},{""action"":{""execution_action"":""none"",""lip_action"":""none""},""phase"":""low""},{""action"":{""high_action"":""split"",""order_decision"":""only_cost""},""phase"":""high""},{""action"":{""candidate_id"":0,""schedule_alpha"":0.5},""phase"":""select""},{""action"":{""search_k"":1,""search_strategy"":""default""},""phase"":""search""},{""action"":{""execution_action"":""none"",""lip_action"":""none""},""phase"":""low""},{""action"":{""high_action"":""stop"",""order_decision"":""only_cost""},""phase"":""high""},{""action"":{""search_k"":1,""search_strategy"":""default""},""phase"":""search""},{""action"":{""execution_action"":""none"",""lip_action"":""none""},""phase"":""low""}]"
JOB,a,./workloads/query_job/28c.sql,Full NQO,1462.902680039406,93.876000000000,ok,991e8b67081098ca2488bedc79afe1881f2df52affbd0cf95312f4fb04855bd7,1,,44786839196803076f694a42ea77fe7dbf087e6d129705b727260222ad0640b9,6e0e9e34366290554801d0f64aed71fbaf36f532c2078ebf64704f208727138d,./results/models/job/random/a/best.pt,"[{""action"":{""high_action"":""stop"",""order_decision"":""only_cost""},""phase"":""high""},{""action"":{""search_k"":1,""search_strategy"":""default""},""phase"":""search""},{""action"":{""execution_action"":""none"",""lip_action"":""none""},""phase"":""low""}]"
JOB,a,./workloads/query_job/2a.sql,Full NQO,721.579730510712,60.570000000000,ok,fc90f3c2c15c5abce95811297c6b9a8ee98e4e03347ce9e79c8ce8e6b57b03a0,1,,0995feb2bcd3f7f0309e5327fcc700850effde3e159b0c7405c2a29e9f46ba89,398c0ef785bfd21c05bc6e7a8542f94d8a4d991a6823510e5d9a1f92176a4728,./results/models/job/random/a/best.pt,"[{""action"":{""high_action"":""stop"",""order_decision"":""only_cost""},""phase"":""high""},{""action"":{""search_k"":1,""search_strategy"":""default""},""phase"":""search""},{""action"":{""execution_action"":""none"",""lip_action"":""none""},""phase"":""low""}]"
JOB,a,./workloads/query_job/30b.sql,Full NQO,812.626153230667,243.832000000000,ok,9debd188f6a0b8138ba60e6d549daaba2133a2011cbd29d42025eebe31205230,1,,cfa7d8ca041e428e1d5309dc75c76077ebac66ad9a35c608cdc98780d442e64d,aba066d4720e0dcee7b053ca0b386f387fa57cf0ab4ee41300dc406ea068ca4a,./results/models/job/random/a/best.pt,"[{""action"":{""high_action"":""split"",""order_decision"":""only_cost""},""phase"":""high""},{""action"":{""candidate_id"":4,""schedule_alpha"":0.5},""phase"":""select""},{""action"":{""search_k"":1,""search_strategy"":""default""},""phase"":""search""},{""action"":{""execution_action"":""none"",""lip_action"":""none""},""phase"":""low""},{""action"":{""high_action"":""split"",""order_decision"":""only_cost""},""phase"":""high""},{""action"":{""candidate_id"":3,""schedule_alpha"":0.5},""phase"":""select""},{""action"":{""search_k"":1,""search_strategy"":""default""},""phase"":""search""},{""action"":{""execution_action"":""none"",""lip_action"":""none""},""phase"":""low""},{""action"":{""high_action"":""split"",""order_decision"":""only_cost""},""phase"":""high""},{""action"":{""candidate_id"":0,""schedule_alpha"":0.5},""phase"":""select""},{""action"":{""search_k"":1,""search_strategy"":""default""},""phase"":""search""},{""action"":{""execution_action"":""none"",""lip_action"":""none""},""phase"":""low""},{""action"":{""high_action"":""split"",""order_decision"":""only_cost""},""phase"":""high""},{""action"":{""candidate_id"":1,""schedule_alpha"":0.5},""phase"":""select""},{""action"":{""search_k"":1,""search_strategy"":""default""},""phase"":""search""},{""action"":{""execution_action"":""none"",""lip_action"":""none""},""phase"":""low""},{""action"":{""high_action"":""stop"",""order_decision"":""only_cost""},""phase"":""high""},{""action"":{""search_k"":1,""search_strategy"":""default""},""phase"":""search""},{""action"":{""execution_action"":""none"",""lip_action"":""none""},""phase"":""low""}]"
JOB,a,./workloads/query_job/30c.sql,Full NQO,2128.015570342541,238.821000000000,ok,9def3478d3162492b92bb76237115759aec29176d767191b8cd5def2da2391c9,1,,4490fad880a4fd6cef1717c86ec789c5032e14215261d122c4eb20a5fbfa78ab,b2f758d9c8b5f17129ee62a9e840befd299b165c8eef5cbf9788928477dc0bd1,./results/models/job/random/a/best.pt,"[{""action"":{""high_action"":""split"",""order_decision"":""only_cost""},""phase"":""high""},{""action"":{""candidate_id"":4,""schedule_alpha"":0.5},""phase"":""select""},{""action"":{""search_k"":1,""search_strategy"":""default""},""phase"":""search""},{""action"":{""execution_action"":""none"",""lip_action"":""none""},""phase"":""low""},{""action"":{""high_action"":""split"",""order_decision"":""only_cost""},""phase"":""high""},{""action"":{""candidate_id"":0,""schedule_alpha"":0.5},""phase"":""select""},{""action"":{""search_k"":1,""search_strategy"":""default""},""phase"":""search""},{""action"":{""execution_action"":""none"",""lip_action"":""none""},""phase"":""low""},{""action"":{""high_action"":""split"",""order_decision"":""only_cost""},""phase"":""high""},{""action"":{""candidate_id"":2,""schedule_alpha"":0.5},""phase"":""select""},{""action"":{""search_k"":1,""search_strategy"":""default""},""phase"":""search""},{""action"":{""execution_action"":""none"",""lip_action"":""none""},""phase"":""low""},{""action"":{""high_action"":""split"",""order_decision"":""only_cost""},""phase"":""high""},{""action"":{""candidate_id"":1,""schedule_alpha"":0.5},""phase"":""select""},{""action"":{""search_k"":1,""search_strategy"":""default""},""phase"":""search""},{""action"":{""execution_action"":""none"",""lip_action"":""none""},""phase"":""low""},{""action"":{""high_action"":""stop"",""order_decision"":""only_cost""},""phase"":""high""},{""action"":{""search_k"":1,""search_strategy"":""default""},""phase"":""search""},{""action"":{""execution_action"":""none"",""lip_action"":""none""},""phase"":""low""}]"
JOB,a,./workloads/query_job/31c.sql,Full NQO,1158.591069281101,303.754000000000,ok,09c5cf7e96fa8a299de4f7088731cf8e370fa7af16a3438017bcf08c6d8905ae,1,,c7c137605a3a70a7886d8950383c13d4074e591f6598cf2a6171e355d8df1096,7da50b2fc8ae9a4b093b2a9f11197b867ab04e85fb5748e4eac45a3644ff4bb7,./results/models/job/random/a/best.pt,"[{""action"":{""high_action"":""split"",""order_decision"":""only_cost""},""phase"":""high""},{""action"":{""candidate_id"":4,""schedule_alpha"":0.5},""phase"":""select""},{""action"":{""search_k"":1,""search_strategy"":""default""},""phase"":""search""},{""action"":{""execution_action"":""none"",""lip_action"":""none""},""phase"":""low""},{""action"":{""high_action"":""split"",""order_decision"":""only_cost""},""phase"":""high""},{""action"":{""candidate_id"":1,""schedule_alpha"":0.5},""phase"":""select""},{""action"":{""search_k"":1,""search_strategy"":""default""},""phase"":""search""},{""action"":{""execution_action"":""none"",""lip_action"":""none""},""phase"":""low""},{""action"":{""high_action"":""split"",""order_decision"":""only_cost""},""phase"":""high""},{""action"":{""candidate_id"":2,""schedule_alpha"":0.5},""phase"":""select""},{""action"":{""search_k"":1,""search_strategy"":""default""},""phase"":""search""},{""action"":{""execution_action"":""none"",""lip_action"":""none""},""phase"":""low""},{""action"":{""high_action"":""split"",""order_decision"":""only_cost""},""phase"":""high""},{""action"":{""candidate_id"":1,""schedule_alpha"":0.5},""phase"":""select""},{""action"":{""search_k"":1,""search_strategy"":""default""},""phase"":""search""},{""action"":{""execution_action"":""none"",""lip_action"":""none""},""phase"":""low""},{""action"":{""high_action"":""stop"",""order_decision"":""only_cost""},""phase"":""high""},{""action"":{""search_k"":1,""search_strategy"":""default""},""phase"":""search""},{""action"":{""execution_action"":""none"",""lip_action"":""none""},""phase"":""low""}]"
JOB,a,./workloads/query_job/32a.sql,Full NQO,106.169357895851,61.572000000000,ok,38cf683886cf6fdc55596ffbf14756cbedd54a4091ef744fb773fc7f37ce3139,1,,8ad21930b0a8a23f5e33825167d833a61153d8cb7d5be09d4b81d3cd0617fb08,6521cf5a0b6f3b22a0ad0976142ceeb4f99e5a166efc1656f2af4246846945f6,./results/models/job/random/a/best.pt,"[{""action"":{""high_action"":""stop"",""order_decision"":""only_cost""},""phase"":""high""},{""action"":{""search_k"":1,""search_strategy"":""default""},""phase"":""search""},{""action"":{""execution_action"":""none"",""lip_action"":""none""},""phase"":""low""}]"
JOB,a,./workloads/query_job/33a.sql,Full NQO,1601.651534438135,108.393751084805,timeout,,,,6a38fb395b06f945854ef0423937019deed322f9f962b26950ed9c16f02e744d,fa594c1a4fdeab5f64d3b129587c0c0a4f712df879f10cbd6d27e8d77dd8eb52,./results/models/job/random/a/best.pt,"[{""action"":{""high_action"":""stop"",""order_decision"":""only_cost""},""phase"":""high""},{""action"":{""search_k"":1,""search_strategy"":""default""},""phase"":""search""},{""action"":{""execution_action"":""conservative"",""lip_action"":""selective""},""phase"":""low""}]"
JOB,a,./workloads/query_job/33b.sql,Full NQO,1542.342230677605,81.994108855724,timeout,,,,e14647709a68dddcaae13776734ffd6414f1e12c54e94e082601741ffb8e0629,b201c719d5a109414c888ae5bf745ad936fdb1dee0b4aa1d892016f619f72675,./results/models/job/random/a/best.pt,"[{""action"":{""high_action"":""stop"",""order_decision"":""only_cost""},""phase"":""high""},{""action"":{""search_k"":1,""search_strategy"":""default""},""phase"":""search""},{""action"":{""execution_action"":""conservative"",""lip_action"":""selective""},""phase"":""low""}]"
JOB,a,./workloads/query_job/3b.sql,Full NQO,209.415115416050,52.491000000000,ok,f09c4919f4c92a95515be773a486d51c5e5ccd19e0f5087b7c0f0ab64cd137cf,1,,ae4004cc7b799ac793b059f8e836f1f30e1c7aa97f606ea09a38a5bf3249c9b0,84d29a7505c100bf2b8246c9be5df5e592cf34845dd9f212ac76a18b80591379,./results/models/job/random/a/best.pt,"[{""action"":{""high_action"":""stop"",""order_decision"":""only_cost""},""phase"":""high""},{""action"":{""search_k"":1,""search_strategy"":""default""},""phase"":""search""},{""action"":{""execution_action"":""none"",""lip_action"":""none""},""phase"":""low""}]"
JOB,a,./workloads/query_job/3c.sql,Full NQO,434.940822422504,46.477000000000,ok,78dc828b7194ccb46ee35f89eb2f2152e11378ef17a14837d364bb6f73cc0769,1,,53f67ff744c691ea1d11ad08bd66770e31b5d5aa38acafd34f0975631c915b0a,96e9d72d112021ea7a50ee4fa22fcb86c62c2674cad615984e03bcc5b27fb2a5,./results/models/job/random/a/best.pt,"[{""action"":{""high_action"":""stop"",""order_decision"":""only_cost""},""phase"":""high""},{""action"":{""search_k"":1,""search_strategy"":""default""},""phase"":""search""},{""action"":{""execution_action"":""none"",""lip_action"":""none""},""phase"":""low""}]"
JOB,a,./workloads/query_job/4a.sql,Full NQO,227.734640240669,61.976000000000,ok,748155aaa114d016eb288dab57d2b91f8907ee5678c3789b9df355aec3a5f474,1,,06bfce65a48f6ab1199c4a9bba913510f7b8a82566d50963a11f84c92b9f7a89,2f9a3e127c3ab3e6665cac74c39561a0b74685029816cdd480e956e204ddd92e,./results/models/job/random/a/best.pt,"[{""action"":{""high_action"":""stop"",""order_decision"":""only_cost""},""phase"":""high""},{""action"":{""search_k"":1,""search_strategy"":""default""},""phase"":""search""},{""action"":{""execution_action"":""none"",""lip_action"":""none""},""phase"":""low""}]"
JOB,a,./workloads/query_job/4b.sql,Full NQO,203.850194811821,54.375000000000,ok,c2e5045abfc8ecfbd0b40e2ecf04f734592cd5b76e223f977e6c366b9f571679,1,,dace7f2a6b2b3cb8f35621d48df5ec2f440e2897681e0d2e3c4876fb41206ea6,c21d9dceadadd56d12c23a7bf4d2f8851ef8d99b4b124434b2d5518b3a1905d4,./results/models/job/random/a/best.pt,"[{""action"":{""high_action"":""stop"",""order_decision"":""only_cost""},""phase"":""high""},{""action"":{""search_k"":1,""search_strategy"":""default""},""phase"":""search""},{""action"":{""execution_action"":""none"",""lip_action"":""none""},""phase"":""low""}]"
JOB,a,./workloads/query_job/5b.sql,Full NQO,319.519981741905,60.291000000000,ok,4f78f1a55542d807d5eaabd4ee2244ee9ba0258958f7de1c1ef4598cd5b46ab1,1,,f78fd9dcfdefdabe6ccf1417c71f47a3f55d557440d5af502154d3407164641c,1fd4a63b9958e07a71cbd3739d6400aa3d0fe2f076e8994ee47643feaec1c52d,./results/models/job/random/a/best.pt,"[{""action"":{""high_action"":""stop"",""order_decision"":""only_cost""},""phase"":""high""},{""action"":{""search_k"":1,""search_strategy"":""default""},""phase"":""search""},{""action"":{""execution_action"":""none"",""lip_action"":""none""},""phase"":""low""}]"
JOB,a,./workloads/query_job/6b.sql,Full NQO,376.647420227528,78.544000000000,ok,2b959ee9a358222cd3f680b4de1a9c2be8556432140123daad1b20aa89815ab9,1,,419e551750c0131f0e1003b4d6108970d8e55450d8864511a38ea622f1ec5b46,4b4fbdccb49613c8ac20ef24e9a4c20781da87750327cd66fca9ffb9e6be5425,./results/models/job/random/a/best.pt,"[{""action"":{""high_action"":""split"",""order_decision"":""only_cost""},""phase"":""high""},{""action"":{""candidate_id"":1,""schedule_alpha"":0.5},""phase"":""select""},{""action"":{""search_k"":1,""search_strategy"":""default""},""phase"":""search""},{""action"":{""execution_action"":""none"",""lip_action"":""none""},""phase"":""low""},{""action"":{""high_action"":""stop"",""order_decision"":""only_cost""},""phase"":""high""},{""action"":{""search_k"":1,""search_strategy"":""default""},""phase"":""search""},{""action"":{""execution_action"":""none"",""lip_action"":""none""},""phase"":""low""}]"
JOB,a,./workloads/query_job/6f.sql,Full NQO,3600.704103708267,77.684000000000,ok,ce75c2032883b5ebfbc1826c33aee0cbee3a05005e8a664ad50142f57e258055,1,,ca81b44f1bb28270af16fc3d7fc9557d25b0370bbbf93af18424495d9360b0cf,66f345526e2d80dee471ab0a61feffc1caeec5e94355c5f2c1ebaa9e079eb2a7,./results/models/job/random/a/best.pt,"[{""action"":{""high_action"":""split"",""order_decision"":""only_cost""},""phase"":""high""},{""action"":{""candidate_id"":1,""schedule_alpha"":0.5},""phase"":""select""},{""action"":{""search_k"":1,""search_strategy"":""default""},""phase"":""search""},{""action"":{""execution_action"":""none"",""lip_action"":""none""},""phase"":""low""},{""action"":{""high_action"":""stop"",""order_decision"":""only_cost""},""phase"":""high""},{""action"":{""search_k"":1,""search_strategy"":""default""},""phase"":""search""},{""action"":{""execution_action"":""none"",""lip_action"":""none""},""phase"":""low""}]"
JOB,a,./workloads/query_job/8a.sql,Full NQO,2227.720022201538,48.031000000000,ok,83ca1ebec91355240bb85797c81f9f6b8a96392c57707c100978708f49ae71e9,1,,73718f4b13eeaee44908b29c966eb3cd5194734f660c4b9b5321e15b934ac32c,d8dfda3b35ef2b118e1b1a0326172cba6af9863eaedc023def1943885ecc71dc,./results/models/job/random/a/best.pt,"[{""action"":{""high_action"":""stop"",""order_decision"":""only_cost""},""phase"":""high""},{""action"":{""search_k"":1,""search_strategy"":""default""},""phase"":""search""},{""action"":{""execution_action"":""conservative"",""lip_action"":""selective""},""phase"":""low""}]"
JOB,a,./workloads/query_job/9a.sql,Full NQO,881.695315241814,77.628000000000,ok,886c7581cf3aa969ef759925c2f5ff04f028206a5c5d8bf1705580bbaac34c47,1,,5c60e0fb6187f83d8c4459e1c364362583fa03f6dd31b13217182f0d4af891c0,02a906cc3e3be3274c46029454d253473b105c9abf0ddd061cbdde580bb6b0c8,./results/models/job/random/a/best.pt,"[{""action"":{""high_action"":""stop"",""order_decision"":""only_cost""},""phase"":""high""},{""action"":{""search_k"":1,""search_strategy"":""default""},""phase"":""search""},{""action"":{""execution_action"":""none"",""lip_action"":""none""},""phase"":""low""}]"
JOB,a,./workloads/query_job/9b.sql,Full NQO,856.529012322426,75.122000000000,ok,8078dd223231eda190e9f3cf026f80ab7e46a368b87b14254a00ad3dcf6f4f90,1,,b294b8877b6b33ef1ad86f3b2674ccaceda7d1f0629658d3bb9496c492de625e,dd44dfa822a7b8222ec7c897602c2224d841b880ee19caa62f8058576e5f503f,./results/models/job/random/a/best.pt,"[{""action"":{""high_action"":""stop"",""order_decision"":""only_cost""},""phase"":""high""},{""action"":{""search_k"":1,""search_strategy"":""default""},""phase"":""search""},{""action"":{""execution_action"":""none"",""lip_action"":""none""},""phase"":""low""}]"
JOB,a,./workloads/query_job/9d.sql,Full NQO,4051.779113709927,75.075000000000,ok,0e289ef9aab62d7cdc6d31fb6a14d705898bc5aae64eda813c4c66eea1574c1a,1,,edcb2421819dd3bd5216ca8f01ded7b51fff1f50f281715adf5dd145339f2950,d1e172d21207fd171a5c293d2e9e0ea21c80da8970a17bd585b3135e6d94f39d,./results/models/job/random/a/best.pt,"[{""action"":{""high_action"":""stop"",""order_decision"":""only_cost""},""phase"":""high""},{""action"":{""search_k"":1,""search_strategy"":""default""},""phase"":""search""},{""action"":{""execution_action"":""none"",""lip_action"":""none""},""phase"":""low""}]"
JOB,b,./workloads/query_job/10a.sql,Full NQO,1002.688966691494,94.257000000000,ok,929d0b936421c3cc037300fc273cb56746f39627e96a60da4dd6863044511457,1,,4f7e839273e2685d2478269c637edaa5281dbe2f7d2e46a40b69ed63f97c1fc7,37056096cdce64f3e0de756e91f0795bd242c7889ff016532a7ebe7d775832c4,./results/models/job/random/b/best.pt,"[{""action"":{""high_action"":""stop"",""order_decision"":""only_cost""},""phase"":""high""},{""action"":{""search_k"":1,""search_strategy"":""default""},""phase"":""search""},{""action"":{""execution_action"":""none"",""lip_action"":""none""},""phase"":""low""}]"
JOB,b,./workloads/query_job/10b.sql,Full NQO,618.509158492088,49.673000000000,ok,706843969f310473a0308417223dbd3b01f9c23dd72c30ca6a320928a1c6d9a0,1,,31dfcfe0dcefc0d13b798aa177b2c159eae2cd8b2df4ca73b41e49f8cec79585,46f5b5c8c8601f726be430904a2a83c89bc14ad0680c46fbaafefe79eb639849,./results/models/job/random/b/best.pt,"[{""action"":{""high_action"":""stop"",""order_decision"":""only_cost""},""phase"":""high""},{""action"":{""search_k"":1,""search_strategy"":""default""},""phase"":""search""},{""action"":{""execution_action"":""none"",""lip_action"":""none""},""phase"":""low""}]"
JOB,b,./workloads/query_job/11b.sql,Full NQO,151.234090328217,59.877000000000,ok,1140a97472e10ce6316cd6b2747dee298183b9dfeb896f858eb6598def2645fe,1,,026a2923932822f165f6fd040a30c9759823e34a3db99ee5ca1cc0a48517dee7,68fb8e53f42b6ccd63bb8a2c8a303d69feaeddca6a26ecdcf57254f750cfbf28,./results/models/job/random/b/best.pt,"[{""action"":{""high_action"":""stop"",""order_decision"":""only_cost""},""phase"":""high""},{""action"":{""search_k"":1,""search_strategy"":""default""},""phase"":""search""},{""action"":{""execution_action"":""none"",""lip_action"":""none""},""phase"":""low""}]"
JOB,b,./workloads/query_job/11c.sql,Full NQO,231.095977127552,61.431000000000,ok,e03dd6f5aa7f119762f6b549c488852bbe23e0297bd479e5946f75c06ef1bbca,1,,24418b7045c0af9849674710ca42999c3805444262db5bf7797fe686d71e37c5,ae6e4fb1018295cf1d19a1a0332a31434e3b9510a1a38511fdc64432f92a3cb7,./results/models/job/random/b/best.pt,"[{""action"":{""high_action"":""stop"",""order_decision"":""only_cost""},""phase"":""high""},{""action"":{""search_k"":1,""search_strategy"":""default""},""phase"":""search""},{""action"":{""execution_action"":""none"",""lip_action"":""none""},""phase"":""low""}]"
JOB,b,./workloads/query_job/12b.sql,Full NQO,98.602868616581,72.312000000000,ok,c6ff9ec06ce589c648d889e9e9021a68976c3ccf8550d7c147b5054bdddcb545,1,,e96311daa843971c31b4777946179ee6f2fcaa606bf8a9e5a8943fece9eabc47,a8ae3fa79df451e276b6cb006aaa2be2115d6339447fee522e5e03d30058411c,./results/models/job/random/b/best.pt,"[{""action"":{""high_action"":""stop"",""order_decision"":""only_cost""},""phase"":""high""},{""action"":{""search_k"":1,""search_strategy"":""default""},""phase"":""search""},{""action"":{""execution_action"":""none"",""lip_action"":""none""},""phase"":""low""}]"
JOB,b,./workloads/query_job/12c.sql,Full NQO,1603.018276393414,64.149000000000,ok,fc048ce250bbfdae76cc58594ab66716a3f413669bed819d0adf4b9851bbc9c4,1,,3f0dc46b469f123899b8f0afac5166360a9515b80cc119000d34b9cbbc595dcc,68ee8c3f6408ae0343d5961725fef8765955d0c9d2a9c07826613b56075b3273,./results/models/job/random/b/best.pt,"[{""action"":{""high_action"":""stop"",""order_decision"":""only_cost""},""phase"":""high""},{""action"":{""search_k"":1,""search_strategy"":""default""},""phase"":""search""},{""action"":{""execution_action"":""none"",""lip_action"":""none""},""phase"":""low""}]"
JOB,b,./workloads/query_job/14b.sql,Full NQO,279.425911605358,61.577000000000,ok,74085e27c595ac219c6257d663e3ccccdf16299520347ac5488a715783f18a41,1,,72a86d3d410bfa8934473ad17b8e7e16a21295b330a8bcd538f5852679bda3ae,b7f924adc34a99b4ec429ddf830cfbe725ab749ec67ec3c573a55542056563db,./results/models/job/random/b/best.pt,"[{""action"":{""high_action"":""stop"",""order_decision"":""only_cost""},""phase"":""high""},{""action"":{""search_k"":1,""search_strategy"":""default""},""phase"":""search""},{""action"":{""execution_action"":""none"",""lip_action"":""none""},""phase"":""low""}]"
JOB,b,./workloads/query_job/14c.sql,Full NQO,836.652174592018,78.703000000000,ok,f13c3a0e601dd42f5abd41675e0438c06c7c79b9e0a6b2e6974fe4952b94c09e,1,,2abc81e56f24824f74cc57c7f68064f7a2e09c477aec58c412dbca1e121b7bf4,52871e2475eac0fb6a8f61ee16c7d11f4f2be3a94a972dacb2c8640df25f1167,./results/models/job/random/b/best.pt,"[{""action"":{""high_action"":""stop"",""order_decision"":""only_cost""},""phase"":""high""},{""action"":{""search_k"":1,""search_strategy"":""default""},""phase"":""search""},{""action"":{""execution_action"":""none"",""lip_action"":""none""},""phase"":""low""}]"
JOB,b,./workloads/query_job/15d.sql,Full NQO,971.490591764450,61.159000000000,ok,df3a19f8bdca38394c1c9a01f448c4e34ce26e4cc3c938d45c9a4e59526d24d5,1,,6d7374a11d420ecc60873aa972203f23aed1a5fe613031e98b60a7f58d57212b,da38c2e46953afcb2e9614d06155c81e79fe907e3e9e22093c618c3a3dad0ae5,./results/models/job/random/b/best.pt,"[{""action"":{""high_action"":""stop"",""order_decision"":""only_cost""},""phase"":""high""},{""action"":{""search_k"":1,""search_strategy"":""default""},""phase"":""search""},{""action"":{""execution_action"":""none"",""lip_action"":""none""},""phase"":""low""}]"
JOB,b,./workloads/query_job/16a.sql,Full NQO,336.930431425571,59.584000000000,ok,bffefed9bcba1ce113c4f9365520889d2a59468ebb170e1a8e776353d8311bfb,1,,6c6e8d41af5d9f6797dbe5c20921031137791808c6713cc386a35f9ba0f80590,874349158c617788232fdc0adeaade000e40cad04800ea7cc46e503db21484ed,./results/models/job/random/b/best.pt,"[{""action"":{""high_action"":""stop"",""order_decision"":""only_cost""},""phase"":""high""},{""action"":{""search_k"":1,""search_strategy"":""default""},""phase"":""search""},{""action"":{""execution_action"":""none"",""lip_action"":""none""},""phase"":""low""}]"
JOB,b,./workloads/query_job/16b.sql,Full NQO,6137.469880282879,100.474000000000,ok,e153889fdca6a79bf30b6f802a7d6fb574587af0fb56f36ecc25d831db945ea2,1,,6be531f8658751caca247b9352f7eb4bd34e57c0c7f8539ec476a7112a715a48,905261b33608561119264f943aabbd4697640b0cbef17832fb0e438ac991bff2,./results/models/job/random/b/best.pt,"[{""action"":{""high_action"":""split"",""order_decision"":""only_cost""},""phase"":""high""},{""action"":{""candidate_id"":3,""schedule_alpha"":1.0},""phase"":""select""},{""action"":{""search_k"":1,""search_strategy"":""default""},""phase"":""search""},{""action"":{""execution_action"":""none"",""lip_action"":""none""},""phase"":""low""},{""action"":{""high_action"":""split"",""order_decision"":""only_cost""},""phase"":""high""},{""action"":{""candidate_id"":2,""schedule_alpha"":1.0},""phase"":""select""},{""action"":{""search_k"":1,""search_strategy"":""default""},""phase"":""search""},{""action"":{""execution_action"":""none"",""lip_action"":""none""},""phase"":""low""},{""action"":{""high_action"":""split"",""order_decision"":""only_cost""},""phase"":""high""},{""action"":{""candidate_id"":0,""schedule_alpha"":1.0},""phase"":""select""},{""action"":{""search_k"":1,""search_strategy"":""default""},""phase"":""search""},{""action"":{""execution_action"":""none"",""lip_action"":""none""},""phase"":""low""},{""action"":{""high_action"":""stop"",""order_decision"":""only_cost""},""phase"":""high""},{""action"":{""search_k"":1,""search_strategy"":""default""},""phase"":""search""},{""action"":{""execution_action"":""none"",""lip_action"":""none""},""phase"":""low""}]"
JOB,b,./workloads/query_job/17f.sql,Full NQO,5102.881304919720,73.142000000000,ok,966c1a52f852284091756356c99e5f43debac4e41bc8ee9f790f5c70bff4c7c4,1,,713a97a2c637845ee48e35cedf2f7576c5f5bff0cbe6fce41ae65ec2547e7e52,d6600965619fd5ca92bf307fc5acae5df903a246d0bd637d596c550485e84e37,./results/models/job/random/b/best.pt,"[{""action"":{""high_action"":""split"",""order_decision"":""only_cost""},""phase"":""high""},{""action"":{""candidate_id"":2,""schedule_alpha"":1.0},""phase"":""select""},{""action"":{""search_k"":1,""search_strategy"":""default""},""phase"":""search""},{""action"":{""execution_action"":""none"",""lip_action"":""none""},""phase"":""low""},{""action"":{""high_action"":""split"",""order_decision"":""only_cost""},""phase"":""high""},{""action"":{""candidate_id"":1,""schedule_alpha"":1.0},""phase"":""select""},{""action"":{""search_k"":1,""search_strategy"":""default""},""phase"":""search""},{""action"":{""execution_action"":""none"",""lip_action"":""none""},""phase"":""low""},{""action"":{""high_action"":""stop"",""order_decision"":""only_cost""},""phase"":""high""},{""action"":{""search_k"":1,""search_strategy"":""default""},""phase"":""search""},{""action"":{""execution_action"":""none"",""lip_action"":""none""},""phase"":""low""}]"
JOB,b,./workloads/query_job/18a.sql,Full NQO,6644.601531326771,172.795000000000,ok,4ea394ad5b6ff23d28102b48eef256f385144f05c176dcf273e5fc3dfc0f3ea7,1,,b430134a2bf9f63dbd68d997eb925a24c42bf4fe4f19b7615d1c18b8800758d6,957df57f3e1d4ae0e63f037a57ca228a9c3bc29a166b79f0da978da64fad0c7f,./results/models/job/random/b/best.pt,"[{""action"":{""high_action"":""split"",""order_decision"":""only_cost""},""phase"":""high""},{""action"":{""candidate_id"":2,""schedule_alpha"":1.0},""phase"":""select""},{""action"":{""search_k"":1,""search_strategy"":""default""},""phase"":""search""},{""action"":{""execution_action"":""none"",""lip_action"":""none""},""phase"":""low""},{""action"":{""high_action"":""split"",""order_decision"":""only_cost""},""phase"":""high""},{""action"":{""candidate_id"":1,""schedule_alpha"":1.0},""phase"":""select""},{""action"":{""search_k"":1,""search_strategy"":""default""},""phase"":""search""},{""action"":{""execution_action"":""none"",""lip_action"":""none""},""phase"":""low""},{""action"":{""high_action"":""stop"",""order_decision"":""only_cost""},""phase"":""high""},{""action"":{""search_k"":1,""search_strategy"":""default""},""phase"":""search""},{""action"":{""execution_action"":""none"",""lip_action"":""none""},""phase"":""low""}]"
JOB,b,./workloads/query_job/19a.sql,Full NQO,937.321484088898,77.527000000000,ok,1f0ca7719cfc34a43e2d3322146638f13989d450c4591afc7b3885613918e4de,1,,73fb654ba5138fce33837985b29e8d2d19753acb40a005ba9c5767a9a193a2c3,c4f1ece59a091cf5be6ffc4039361962495066a499798e32b7ad2ac5e9d6210a,./results/models/job/random/b/best.pt,"[{""action"":{""high_action"":""stop"",""order_decision"":""only_cost""},""phase"":""high""},{""action"":{""search_k"":1,""search_strategy"":""default""},""phase"":""search""},{""action"":{""execution_action"":""none"",""lip_action"":""none""},""phase"":""low""}]"
JOB,b,./workloads/query_job/1d.sql,Full NQO,67.287102341652,54.830000000000,ok,b68175a2c8e96f8bc107b1f09c2703f390d5a78ec2aa27991cd17eea2e6db1c8,1,,2834e9a1b33b886e23549256c81de70a7dc044800287b5aa48ed227514aac78a,f1bd75ab077db5b12ee3c76f1da69e8a207025d4df6009717947de0f7ad2f0e1,./results/models/job/random/b/best.pt,"[{""action"":{""high_action"":""stop"",""order_decision"":""only_cost""},""phase"":""high""},{""action"":{""search_k"":1,""search_strategy"":""default""},""phase"":""search""},{""action"":{""execution_action"":""none"",""lip_action"":""none""},""phase"":""low""}]"
JOB,b,./workloads/query_job/20b.sql,Full NQO,1438.206449151039,62.196000000000,ok,bdabdfce4c8cd4726f7228f6d5040b01cd2120ccf41064b215b2fd1b9c7cdbe3,1,,862b487b3ef99f1d59c2c8271466688c45e9631f61cbc7d6e28bb0c29ea29a61,beaef2f0d8e3d23d8e5503db238f2b05b4b592c1b1e9fbceee4f253b3f3a9578,./results/models/job/random/b/best.pt,"[{""action"":{""high_action"":""split"",""order_decision"":""only_cost""},""phase"":""high""},{""action"":{""candidate_id"":2,""schedule_alpha"":1.0},""phase"":""select""},{""action"":{""search_k"":1,""search_strategy"":""default""},""phase"":""search""},{""action"":{""execution_action"":""none"",""lip_action"":""none""},""phase"":""low""},{""action"":{""high_action"":""split"",""order_decision"":""only_cost""},""phase"":""high""},{""action"":{""candidate_id"":2,""schedule_alpha"":1.0},""phase"":""select""},{""action"":{""search_k"":1,""search_strategy"":""default""},""phase"":""search""},{""action"":{""execution_action"":""none"",""lip_action"":""none""},""phase"":""low""},{""action"":{""high_action"":""split"",""order_decision"":""only_cost""},""phase"":""high""},{""action"":{""candidate_id"":0,""schedule_alpha"":1.0},""phase"":""select""},{""action"":{""search_k"":1,""search_strategy"":""default""},""phase"":""search""},{""action"":{""execution_action"":""none"",""lip_action"":""none""},""phase"":""low""},{""action"":{""high_action"":""stop"",""order_decision"":""only_cost""},""phase"":""high""},{""action"":{""search_k"":1,""search_strategy"":""default""},""phase"":""search""},{""action"":{""execution_action"":""none"",""lip_action"":""none""},""phase"":""low""}]"
JOB,b,./workloads/query_job/22b.sql,Full NQO,477.641090750694,86.801000000000,ok,261344b3d5dbc63bbc8b73ff367b08e19136e387d0502f40684455f7a223d93f,1,,ceb99b72091ec77a6ed0a7c13926a58fb8d1a9521d7a1a75dbb47afd71e00b59,5200be1f42de837c4427cc02922eb0f87fabe343e7e6591e296d2655f6cd2821,./results/models/job/random/b/best.pt,"[{""action"":{""high_action"":""stop"",""order_decision"":""only_cost""},""phase"":""high""},{""action"":{""search_k"":1,""search_strategy"":""default""},""phase"":""search""},{""action"":{""execution_action"":""none"",""lip_action"":""none""},""phase"":""low""}]"
JOB,b,./workloads/query_job/23c.sql,Full NQO,860.630460083485,68.719000000000,ok,d6d3b9a56435f4fe61ee133589ebd35b7135f05afe08be1125990d58b250e9f9,1,,624cd7d2ee0588dd1f3732a1ab7cd8881cd8bae4c385e5ee1a68777f0399c4b6,e739279f53983ff41718753c3b9852a4c225ee2e4cb5a67a125b1c0e9bd9ddba,./results/models/job/random/b/best.pt,"[{""action"":{""high_action"":""split"",""order_decision"":""only_cost""},""phase"":""high""},{""action"":{""candidate_id"":2,""schedule_alpha"":0.5},""phase"":""select""},{""action"":{""search_k"":1,""search_strategy"":""default""},""phase"":""search""},{""action"":{""execution_action"":""none"",""lip_action"":""none""},""phase"":""low""},{""action"":{""high_action"":""split"",""order_decision"":""only_cost""},""phase"":""high""},{""action"":{""candidate_id"":1,""schedule_alpha"":1.0},""phase"":""select""},{""action"":{""search_k"":1,""search_strategy"":""default""},""phase"":""search""},{""action"":{""execution_action"":""none"",""lip_action"":""none""},""phase"":""low""},{""action"":{""high_action"":""split"",""order_decision"":""only_cost""},""phase"":""high""},{""action"":{""candidate_id"":0,""schedule_alpha"":1.0},""phase"":""select""},{""action"":{""search_k"":1,""search_strategy"":""default""},""phase"":""search""},{""action"":{""execution_action"":""none"",""lip_action"":""none""},""phase"":""low""},{""action"":{""high_action"":""split"",""order_decision"":""only_cost""},""phase"":""high""},{""action"":{""candidate_id"":0,""schedule_alpha"":1.0},""phase"":""select""},{""action"":{""search_k"":1,""search_strategy"":""default""},""phase"":""search""},{""action"":{""execution_action"":""none"",""lip_action"":""none""},""phase"":""low""},{""action"":{""high_action"":""stop"",""order_decision"":""only_cost""},""phase"":""high""},{""action"":{""search_k"":1,""search_strategy"":""default""},""phase"":""search""},{""action"":{""execution_action"":""none"",""lip_action"":""none""},""phase"":""low""}]"
JOB,b,./workloads/query_job/24a.sql,Full NQO,499.328680336475,97.932000000000,ok,f456596f387e349a6006b7f95149e83820f1855cb47322cf82c324c7abf10133,1,,33cd030d49a496ef3514703d7d90def9e2769ec6410b1318c043bacfd156c83e,9499a463d9fe776e28c76556828e7bba0ef9c48321eefd967d0623a07a0d5da9,./results/models/job/random/b/best.pt,"[{""action"":{""high_action"":""stop"",""order_decision"":""only_cost""},""phase"":""high""},{""action"":{""search_k"":1,""search_strategy"":""default""},""phase"":""search""},{""action"":{""execution_action"":""none"",""lip_action"":""none""},""phase"":""low""}]"
JOB,b,./workloads/query_job/25c.sql,Full NQO,3765.770480036736,64.913000000000,ok,67a630b3c65d3bcaa414c0e78677ad348267d0f04c2fa18b570f5906a0599ac5,1,,e6ca2c5303b374e09183036c21fca182c1012b69a54fafb4be6fc65eb6158add,1bd130465a350c2936d1a092e95a48aa7be8163fdc350777da41feccc9d135be,./results/models/job/random/b/best.pt,"[{""action"":{""high_action"":""split"",""order_decision"":""only_cost""},""phase"":""high""},{""action"":{""candidate_id"":3,""schedule_alpha"":1.0},""phase"":""select""},{""action"":{""search_k"":1,""search_strategy"":""default""},""phase"":""search""},{""action"":{""execution_action"":""none"",""lip_action"":""none""},""phase"":""low""},{""action"":{""high_action"":""split"",""order_decision"":""only_cost""},""phase"":""high""},{""action"":{""candidate_id"":2,""schedule_alpha"":1.0},""phase"":""select""},{""action"":{""search_k"":1,""search_strategy"":""default""},""phase"":""search""},{""action"":{""execution_action"":""none"",""lip_action"":""none""},""phase"":""low""},{""action"":{""high_action"":""split"",""order_decision"":""only_cost""},""phase"":""high""},{""action"":{""candidate_id"":1,""schedule_alpha"":1.0},""phase"":""select""},{""action"":{""search_k"":1,""search_strategy"":""default""},""phase"":""search""},{""action"":{""execution_action"":""none"",""lip_action"":""none""},""phase"":""low""},{""action"":{""high_action"":""stop"",""order_decision"":""only_cost""},""phase"":""high""},{""action"":{""search_k"":1,""search_strategy"":""default""},""phase"":""search""},{""action"":{""execution_action"":""none"",""lip_action"":""none""},""phase"":""low""}]"
JOB,b,./workloads/query_job/26a.sql,Full NQO,866.349697113037,125.164000000000,ok,2c7cebb1807f0b225f4f97c680278aa0ec35039ff7dbf43518e7a09bd026684a,1,,492f3d548bb05124c170103f1ee33f23f5c320df28f4e00088e25a977bdc9f78,ed04e3b7f896578f252b8ab32f2ea259e9ac2f7f682734bdd0fd5e8aaeb95635,./results/models/job/random/b/best.pt,"[{""action"":{""high_action"":""split"",""order_decision"":""only_cost""},""phase"":""high""},{""action"":{""candidate_id"":3,""schedule_alpha"":1.0},""phase"":""select""},{""action"":{""search_k"":1,""search_strategy"":""default""},""phase"":""search""},{""action"":{""execution_action"":""none"",""lip_action"":""none""},""phase"":""low""},{""action"":{""high_action"":""split"",""order_decision"":""only_cost""},""phase"":""high""},{""action"":{""candidate_id"":2,""schedule_alpha"":1.0},""phase"":""select""},{""action"":{""search_k"":1,""search_strategy"":""default""},""phase"":""search""},{""action"":{""execution_action"":""none"",""lip_action"":""none""},""phase"":""low""},{""action"":{""high_action"":""split"",""order_decision"":""only_cost""},""phase"":""high""},{""action"":{""candidate_id"":0,""schedule_alpha"":1.0},""phase"":""select""},{""action"":{""search_k"":1,""search_strategy"":""default""},""phase"":""search""},{""action"":{""execution_action"":""none"",""lip_action"":""none""},""phase"":""low""},{""action"":{""high_action"":""split"",""order_decision"":""only_cost""},""phase"":""high""},{""action"":{""candidate_id"":1,""schedule_alpha"":1.0},""phase"":""select""},{""action"":{""search_k"":1,""search_strategy"":""default""},""phase"":""search""},{""action"":{""execution_action"":""none"",""lip_action"":""none""},""phase"":""low""},{""action"":{""high_action"":""stop"",""order_decision"":""only_cost""},""phase"":""high""},{""action"":{""search_k"":1,""search_strategy"":""default""},""phase"":""search""},{""action"":{""execution_action"":""none"",""lip_action"":""none""},""phase"":""low""}]"
JOB,b,./workloads/query_job/27a.sql,Full NQO,217.827439308167,63.448000000000,ok,17da2f55cbda32682db3bc710c4a0f0048b6fb05111deffe244b8be90c1e4968,1,,0ae475751e8ac7b987b8bf7986c5b29a7b48aa5b77a3de96bf7e5eee3cae0709,27dd184fb8cfd856ffed7737940e629174e8afc74149d2e5ed08e54617bbd76a,./results/models/job/random/b/best.pt,"[{""action"":{""high_action"":""split"",""order_decision"":""only_cost""},""phase"":""high""},{""action"":{""candidate_id"":3,""schedule_alpha"":1.0},""phase"":""select""},{""action"":{""search_k"":1,""search_strategy"":""default""},""phase"":""search""},{""action"":{""execution_action"":""none"",""lip_action"":""none""},""phase"":""low""},{""action"":{""high_action"":""split"",""order_decision"":""only_cost""},""phase"":""high""},{""action"":{""candidate_id"":3,""schedule_alpha"":1.0},""phase"":""select""},{""action"":{""search_k"":1,""search_strategy"":""default""},""phase"":""search""},{""action"":{""execution_action"":""none"",""lip_action"":""none""},""phase"":""low""},{""action"":{""high_action"":""split"",""order_decision"":""only_cost""},""phase"":""high""},{""action"":{""candidate_id"":0,""schedule_alpha"":1.0},""phase"":""select""},{""action"":{""search_k"":1,""search_strategy"":""default""},""phase"":""search""},{""action"":{""execution_action"":""none"",""lip_action"":""none""},""phase"":""low""},{""action"":{""high_action"":""split"",""order_decision"":""only_cost""},""phase"":""high""},{""action"":{""candidate_id"":0,""schedule_alpha"":1.0},""phase"":""select""},{""action"":{""search_k"":1,""search_strategy"":""default""},""phase"":""search""},{""action"":{""execution_action"":""none"",""lip_action"":""none""},""phase"":""low""},{""action"":{""high_action"":""stop"",""order_decision"":""only_cost""},""phase"":""high""},{""action"":{""search_k"":1,""search_strategy"":""default""},""phase"":""search""},{""action"":{""execution_action"":""none"",""lip_action"":""none""},""phase"":""low""}]"
JOB,b,./workloads/query_job/27c.sql,Full NQO,318.119287490845,127.208000000000,ok,17da2f55cbda32682db3bc710c4a0f0048b6fb05111deffe244b8be90c1e4968,1,,59bda41b88b7862a4126ed05981cb7e29281181b98934b47a11cbcbe54ce0c92,1354c3e353cbf0e57c265909847115e37ccebea2ec53e2876fc886ba2ac51fb6,./results/models/job/random/b/best.pt,"[{""action"":{""high_action"":""split"",""order_decision"":""only_cost""},""phase"":""high""},{""action"":{""candidate_id"":3,""schedule_alpha"":1.0},""phase"":""select""},{""action"":{""search_k"":1,""search_strategy"":""default""},""phase"":""search""},{""action"":{""execution_action"":""none"",""lip_action"":""none""},""phase"":""low""},{""action"":{""high_action"":""split"",""order_decision"":""only_cost""},""phase"":""high""},{""action"":{""candidate_id"":3,""schedule_alpha"":1.0},""phase"":""select""},{""action"":{""search_k"":1,""search_strategy"":""default""},""phase"":""search""},{""action"":{""execution_action"":""none"",""lip_action"":""none""},""phase"":""low""},{""action"":{""high_action"":""split"",""order_decision"":""only_cost""},""phase"":""high""},{""action"":{""candidate_id"":0,""schedule_alpha"":1.0},""phase"":""select""},{""action"":{""search_k"":1,""search_strategy"":""default""},""phase"":""search""},{""action"":{""execution_action"":""none"",""lip_action"":""none""},""phase"":""low""},{""action"":{""high_action"":""split"",""order_decision"":""only_cost""},""phase"":""high""},{""action"":{""candidate_id"":0,""schedule_alpha"":1.0},""phase"":""select""},{""action"":{""search_k"":1,""search_strategy"":""default""},""phase"":""search""},{""action"":{""execution_action"":""none"",""lip_action"":""none""},""phase"":""low""},{""action"":{""high_action"":""stop"",""order_decision"":""only_cost""},""phase"":""high""},{""action"":{""search_k"":1,""search_strategy"":""default""},""phase"":""search""},{""action"":{""execution_action"":""none"",""lip_action"":""none""},""phase"":""low""}]"
JOB,b,./workloads/query_job/28b.sql,Full NQO,543.285697698593,106.801000000000,ok,1504c5fe4b85e0649828523441b52c0f8b7c17598529646d3d732ab63db821f5,1,,023b09d8b7169d1cf53f505f194d5403260133c6554d0c5a65c844ac2b0736b2,dd6c2e1c0770d04b0c3a59c132d182c6a095e1c176adf5f074651f0c2d6ea3ea,./results/models/job/random/b/best.pt,"[{""action"":{""high_action"":""split"",""order_decision"":""only_cost""},""phase"":""high""},{""action"":{""candidate_id"":4,""schedule_alpha"":1.0},""phase"":""select""},{""action"":{""search_k"":1,""search_strategy"":""default""},""phase"":""search""},{""action"":{""execution_action"":""none"",""lip_action"":""none""},""phase"":""low""},{""action"":{""high_action"":""split"",""order_decision"":""only_cost""},""phase"":""high""},{""action"":{""candidate_id"":1,""schedule_alpha"":1.0},""phase"":""select""},{""action"":{""search_k"":1,""search_strategy"":""default""},""phase"":""search""},{""action"":{""execution_action"":""none"",""lip_action"":""none""},""phase"":""low""},{""action"":{""high_action"":""split"",""order_decision"":""only_cost""},""phase"":""high""},{""action"":{""candidate_id"":0,""schedule_alpha"":1.0},""phase"":""select""},{""action"":{""search_k"":1,""search_strategy"":""default""},""phase"":""search""},{""action"":{""execution_action"":""none"",""lip_action"":""none""},""phase"":""low""},{""action"":{""high_action"":""split"",""order_decision"":""only_cost""},""phase"":""high""},{""action"":{""candidate_id"":2,""schedule_alpha"":1.0},""phase"":""select""},{""action"":{""search_k"":1,""search_strategy"":""default""},""phase"":""search""},{""action"":{""execution_action"":""none"",""lip_action"":""none""},""phase"":""low""},{""action"":{""high_action"":""split"",""order_decision"":""only_cost""},""phase"":""high""},{""action"":{""candidate_id"":0,""schedule_alpha"":1.0},""phase"":""select""},{""action"":{""search_k"":1,""search_strategy"":""default""},""phase"":""search""},{""action"":{""execution_action"":""none"",""lip_action"":""none""},""phase"":""low""},{""action"":{""high_action"":""stop"",""order_decision"":""only_cost""},""phase"":""high""},{""action"":{""search_k"":1,""search_strategy"":""default""},""phase"":""search""},{""action"":{""execution_action"":""none"",""lip_action"":""none""},""phase"":""low""}]"
JOB,b,./workloads/query_job/29b.sql,Full NQO,245.965108275414,130.033000000000,ok,6931843f19cb52122ed461369626a4f45f6b0550fbb8e5608f26c0a53fbfa63e,1,,238173bc5bdc20c3d2a9937214cfbc05941ac48bd96ce07241899a1c966d23af,adb022095098e0758c94bfb5860c56f2a104ca88634e1159f98157f9dd6ec7e0,./results/models/job/random/b/best.pt,"[{""action"":{""high_action"":""split"",""order_decision"":""only_cost""},""phase"":""high""},{""action"":{""candidate_id"":5,""schedule_alpha"":1.0},""phase"":""select""},{""action"":{""search_k"":1,""search_strategy"":""default""},""phase"":""search""},{""action"":{""execution_action"":""none"",""lip_action"":""none""},""phase"":""low""},{""action"":{""high_action"":""split"",""order_decision"":""only_cost""},""phase"":""high""},{""action"":{""candidate_id"":1,""schedule_alpha"":1.0},""phase"":""select""},{""action"":{""search_k"":1,""search_strategy"":""default""},""phase"":""search""},{""action"":{""execution_action"":""none"",""lip_action"":""none""},""phase"":""low""},{""action"":{""high_action"":""split"",""order_decision"":""only_cost""},""phase"":""high""},{""action"":{""candidate_id"":2,""schedule_alpha"":1.0},""phase"":""select""},{""action"":{""search_k"":1,""search_strategy"":""default""},""phase"":""search""},{""action"":{""execution_action"":""none"",""lip_action"":""none""},""phase"":""low""},{""action"":{""high_action"":""split"",""order_decision"":""only_cost""},""phase"":""high""},{""action"":{""candidate_id"":1,""schedule_alpha"":1.0},""phase"":""select""},{""action"":{""search_k"":1,""search_strategy"":""default""},""phase"":""search""},{""action"":{""execution_action"":""none"",""lip_action"":""none""},""phase"":""low""},{""action"":{""high_action"":""split"",""order_decision"":""only_cost""},""phase"":""high""},{""action"":{""candidate_id"":0,""schedule_alpha"":1.0},""phase"":""select""},{""action"":{""search_k"":1,""search_strategy"":""default""},""phase"":""search""},{""action"":{""execution_action"":""none"",""lip_action"":""none""},""phase"":""low""},{""action"":{""high_action"":""split"",""order_decision"":""only_cost""},""phase"":""high""},{""action"":{""candidate_id"":1,""schedule_alpha"":1.0},""phase"":""select""},{""action"":{""search_k"":1,""search_strategy"":""default""},""phase"":""search""},{""action"":{""execution_action"":""none"",""lip_action"":""none""},""phase"":""low""},{""action"":{""high_action"":""stop"",""order_decision"":""only_cost""},""phase"":""high""},{""action"":{""search_k"":1,""search_strategy"":""default""},""phase"":""search""},{""action"":{""execution_action"":""none"",""lip_action"":""none""},""phase"":""low""}]"
JOB,b,./workloads/query_job/2b.sql,Full NQO,618.683539330959,55.383000000000,ok,fc90f3c2c15c5abce95811297c6b9a8ee98e4e03347ce9e79c8ce8e6b57b03a0,1,,c7796dd8d0c1b7da7366a26897fbaf263ac0036a91454a7a2372141809d4304a,935178064c20ae7a8eb8e005db9be28c65a789bc27bd81f2ac38a248288b55f0,./results/models/job/random/b/best.pt,"[{""action"":{""high_action"":""stop"",""order_decision"":""only_cost""},""phase"":""high""},{""action"":{""search_k"":1,""search_strategy"":""default""},""phase"":""search""},{""action"":{""execution_action"":""none"",""lip_action"":""none""},""phase"":""low""}]"
JOB,b,./workloads/query_job/2c.sql,Full NQO,597.391553223133,47.560000000000,ok,4f78f1a55542d807d5eaabd4ee2244ee9ba0258958f7de1c1ef4598cd5b46ab1,1,,9b4c6fb85dd789ddb97c5c464a0975b8a17cf09d861774c6ead11dcfc8136572,0a17444a4bf345a176b3d2ca55f85fe2aeb23dbdeb1e6fb8c85f60cfca79e280,./results/models/job/random/b/best.pt,"[{""action"":{""high_action"":""stop"",""order_decision"":""only_cost""},""phase"":""high""},{""action"":{""search_k"":1,""search_strategy"":""default""},""phase"":""search""},{""action"":{""execution_action"":""none"",""lip_action"":""none""},""phase"":""low""}]"
JOB,b,./workloads/query_job/2d.sql,Full NQO,778.993569314480,58.310000000000,ok,d55d5656333bd757f053124d39c4d7de4605203e41f67c025f0cc73ff2c7b9bb,1,,13e746f7a57d1a4a0c3b24f9cb84351b705ed1220a0e462dca8fb16d1429131e,11a94416bb91c0c913b808b4d7d8a043c72e515abc5e477d3602e480c716f97f,./results/models/job/random/b/best.pt,"[{""action"":{""high_action"":""stop"",""order_decision"":""only_cost""},""phase"":""high""},{""action"":{""search_k"":1,""search_strategy"":""default""},""phase"":""search""},{""action"":{""execution_action"":""none"",""lip_action"":""none""},""phase"":""low""}]"
JOB,b,./workloads/query_job/3a.sql,Full NQO,274.317331612110,58.998000000000,ok,4446b454452e8db43636d58c5e3a7f9041b179149913a47dfd28d049a31e3f4d,1,,335652cf37d3466bee7ea3d4104f27b128c7fedc64266ce0dd0534b41858a028,4f3798f0f8d732cdbf1314fbb1152c4b79ef7f55428e7c694ea76ad7edc80aad,./results/models/job/random/b/best.pt,"[{""action"":{""high_action"":""stop"",""order_decision"":""only_cost""},""phase"":""high""},{""action"":{""search_k"":1,""search_strategy"":""default""},""phase"":""search""},{""action"":{""execution_action"":""none"",""lip_action"":""none""},""phase"":""low""}]"
JOB,b,./workloads/query_job/4c.sql,Full NQO,229.137405753136,45.013000000000,ok,5c9364f684db0004720ec4e9642a958681b071ff992dadc090178e95cc52235a,1,,8b326a722c93f49b0cdf8ee1d34a78b074c4796c733f602c0db24dd4ea9bb50d,1075f94d0954585dbc49d1b18917efe3f39e4935bb6c095d5711431370ba1169,./results/models/job/random/b/best.pt,"[{""action"":{""high_action"":""stop"",""order_decision"":""only_cost""},""phase"":""high""},{""action"":{""search_k"":1,""search_strategy"":""default""},""phase"":""search""},{""action"":{""execution_action"":""none"",""lip_action"":""none""},""phase"":""low""}]"
JOB,b,./workloads/query_job/5c.sql,Full NQO,357.079841196537,60.305000000000,ok,c63c0f430af977fe1bf0c51442b833d536b07965c22254d5a737a187719cc641,1,,4919f7ec00f2be5db8cc1650c33fccf19c4eb04ac3e3fed6b50be9979a79943e,e99595d3ea9aeef0d2c5ed83e577e7fa66223973fd4f4bb94f58b7f3910012e7,./results/models/job/random/b/best.pt,"[{""action"":{""high_action"":""stop"",""order_decision"":""only_cost""},""phase"":""high""},{""action"":{""search_k"":1,""search_strategy"":""default""},""phase"":""search""},{""action"":{""execution_action"":""none"",""lip_action"":""none""},""phase"":""low""}]"
JOB,b,./workloads/query_job/6a.sql,Full NQO,168.421506881714,80.448000000000,ok,2e45680981dcedf844899f966540a92734a6200fc0d8bd8a547ceba0d0cf631f,1,,dba491c605c900208bbe1fa664017eec7807afa9cf2e1cd542636cd5b3ef87e3,322e538e1250175a917b247946faab3ec7ed38d82a7fb8b53763dc01a0a9d64a,./results/models/job/random/b/best.pt,"[{""action"":{""high_action"":""split"",""order_decision"":""only_cost""},""phase"":""high""},{""action"":{""candidate_id"":1,""schedule_alpha"":1.0},""phase"":""select""},{""action"":{""search_k"":1,""search_strategy"":""default""},""phase"":""search""},{""action"":{""execution_action"":""none"",""lip_action"":""none""},""phase"":""low""},{""action"":{""high_action"":""stop"",""order_decision"":""only_cost""},""phase"":""high""},{""action"":{""search_k"":1,""search_strategy"":""default""},""phase"":""search""},{""action"":{""execution_action"":""none"",""lip_action"":""none""},""phase"":""low""}]"
JOB,b,./workloads/query_job/6c.sql,Full NQO,154.869809746742,105.569000000000,ok,eb15d11fcc635c0f71eefa80cad2069e9f06841887450ba39d0be7466e8da9dd,1,,b5ab2b861b58a4eb062c1f60d7908fc14b6e6f4a1279b3e34550e4f6e75cc8f6,1482ff093bbdf1cca9f551142ad34e1a13545852ba0bfc1ba61c1a2fe9abae48,./results/models/job/random/b/best.pt,"[{""action"":{""high_action"":""split"",""order_decision"":""only_cost""},""phase"":""high""},{""action"":{""candidate_id"":1,""schedule_alpha"":1.0},""phase"":""select""},{""action"":{""search_k"":1,""search_strategy"":""default""},""phase"":""search""},{""action"":{""execution_action"":""none"",""lip_action"":""none""},""phase"":""low""},{""action"":{""high_action"":""stop"",""order_decision"":""only_cost""},""phase"":""high""},{""action"":{""search_k"":1,""search_strategy"":""default""},""phase"":""search""},{""action"":{""execution_action"":""none"",""lip_action"":""none""},""phase"":""low""}]"
JOB,b,./workloads/query_job/7b.sql,Full NQO,498.131476342678,79.179000000000,ok,9d6ae68bd583de41667a4cae160a3da2b5ea5d39fe8dcce1e8fd3d20a5278abe,1,,a4af70c8ddc7aefb80d5af5fc2c6c6f015c889e7e9749ff733f02ecf52614e39,88d7af433f6ed21817ea4db96eaac0f0c8366c42d56cf1a215228b6804ddbf27,./results/models/job/random/b/best.pt,"[{""action"":{""high_action"":""split"",""order_decision"":""only_cost""},""phase"":""high""},{""action"":{""candidate_id"":2,""schedule_alpha"":1.0},""phase"":""select""},{""action"":{""search_k"":1,""search_strategy"":""default""},""phase"":""search""},{""action"":{""execution_action"":""none"",""lip_action"":""none""},""phase"":""low""},{""action"":{""high_action"":""split"",""order_decision"":""only_cost""},""phase"":""high""},{""action"":{""candidate_id"":1,""schedule_alpha"":1.0},""phase"":""select""},{""action"":{""search_k"":1,""search_strategy"":""default""},""phase"":""search""},{""action"":{""execution_action"":""none"",""lip_action"":""none""},""phase"":""low""},{""action"":{""high_action"":""split"",""order_decision"":""only_cost""},""phase"":""high""},{""action"":{""candidate_id"":0,""schedule_alpha"":1.0},""phase"":""select""},{""action"":{""search_k"":1,""search_strategy"":""default""},""phase"":""search""},{""action"":{""execution_action"":""none"",""lip_action"":""none""},""phase"":""low""},{""action"":{""high_action"":""stop"",""order_decision"":""only_cost""},""phase"":""high""},{""action"":{""search_k"":1,""search_strategy"":""default""},""phase"":""search""},{""action"":{""execution_action"":""none"",""lip_action"":""none""},""phase"":""low""}]"
JOB,b,./workloads/query_job/7c.sql,Full NQO,5009.968586266041,121.685000000000,ok,7cdabf89c2c21f17ae631979c9e8405f2f72c7561fa51440c4ebafa4ab13790d,1,,65b68abd58163b2223b12e2c9a95bd874670c6a467cda9a77607d5965b80e7d8,4a34051306ee2f8c4b96e552d9e9b23110da7da18bba6009446c2b7576275848,./results/models/job/random/b/best.pt,"[{""action"":{""high_action"":""split"",""order_decision"":""only_cost""},""phase"":""high""},{""action"":{""candidate_id"":2,""schedule_alpha"":1.0},""phase"":""select""},{""action"":{""search_k"":1,""search_strategy"":""default""},""phase"":""search""},{""action"":{""execution_action"":""none"",""lip_action"":""none""},""phase"":""low""},{""action"":{""high_action"":""split"",""order_decision"":""only_cost""},""phase"":""high""},{""action"":{""candidate_id"":2,""schedule_alpha"":1.0},""phase"":""select""},{""action"":{""search_k"":1,""search_strategy"":""default""},""phase"":""search""},{""action"":{""execution_action"":""none"",""lip_action"":""none""},""phase"":""low""},{""action"":{""high_action"":""split"",""order_decision"":""only_cost""},""phase"":""high""},{""action"":{""candidate_id"":0,""schedule_alpha"":1.0},""phase"":""select""},{""action"":{""search_k"":1,""search_strategy"":""default""},""phase"":""search""},{""action"":{""execution_action"":""none"",""lip_action"":""none""},""phase"":""low""},{""action"":{""high_action"":""stop"",""order_decision"":""only_cost""},""phase"":""high""},{""action"":{""search_k"":1,""search_strategy"":""default""},""phase"":""search""},{""action"":{""execution_action"":""none"",""lip_action"":""none""},""phase"":""low""}]"
JOB,b,./workloads/query_job/8b.sql,Full NQO,593.742758035660,76.814000000000,ok,e5b0fc3c68184c62fd7ca88151a039904e2fc3708d4c2773297d07ecda52eef1,1,,88ffaa85f9f7a0e48366e3c169118cc5babe2754f4e18ca1bcfb91b14b9843f0,3c736318ed112301271e3717df58be7a11335a0cca2f92964eeec70810aa78ab,./results/models/job/random/b/best.pt,"[{""action"":{""high_action"":""stop"",""order_decision"":""only_cost""},""phase"":""high""},{""action"":{""search_k"":1,""search_strategy"":""default""},""phase"":""search""},{""action"":{""execution_action"":""none"",""lip_action"":""none""},""phase"":""low""}]"
JOB,b,./workloads/query_job/8c.sql,Full NQO,5010.342836380005,59.285000000000,ok,ca648dbd161cd660e79b73f4d2feac37247f699997bfceb70abcc975adab600b,1,,e88e75d64722f698374b46c6a3792f5b0a7d7e1dc85d43580d6204e35dd046c2,20e3062e7125b94c5ba5a167eaf1a149464c09080553e5e1c130d3b3a36819ec,./results/models/job/random/b/best.pt,"[{""action"":{""high_action"":""stop"",""order_decision"":""only_cost""},""phase"":""high""},{""action"":{""search_k"":1,""search_strategy"":""default""},""phase"":""search""},{""action"":{""execution_action"":""none"",""lip_action"":""none""},""phase"":""low""}]"
JOB,c,./workloads/query_job/11a.sql,Full NQO,315.558537840843,159.389000000000,ok,83811c5c01e3bdbafff3ac6671360f1cb19c1452dd9ec0b095bcd21856c36865,1,,bebe00cd8355d15fab0408281be717a2ed24ef3cbe2542d1e232f8ad5bdd3d6c,331643e91a55a474a59f19145f64b588870cf6d0f46dbba02b10dec806f57041,./results/models/job/random/c/best.pt,"[{""action"":{""high_action"":""split"",""order_decision"":""only_cost""},""phase"":""high""},{""action"":{""candidate_id"":1,""schedule_alpha"":0.5},""phase"":""select""},{""action"":{""search_k"":1,""search_strategy"":""default""},""phase"":""search""},{""action"":{""execution_action"":""none"",""lip_action"":""none""},""phase"":""low""},{""action"":{""high_action"":""split"",""order_decision"":""only_cost""},""phase"":""high""},{""action"":{""candidate_id"":1,""schedule_alpha"":0.5},""phase"":""select""},{""action"":{""search_k"":1,""search_strategy"":""default""},""phase"":""search""},{""action"":{""execution_action"":""none"",""lip_action"":""none""},""phase"":""low""},{""action"":{""high_action"":""stop"",""order_decision"":""only_cost""},""phase"":""high""},{""action"":{""search_k"":1,""search_strategy"":""default""},""phase"":""search""},{""action"":{""execution_action"":""none"",""lip_action"":""none""},""phase"":""low""}]"
JOB,c,./workloads/query_job/12a.sql,Full NQO,766.239300370216,160.009000000000,ok,859e14caaec80c8e1bdf8043bc9dbcdc6810582adf44e5ae0ea485fc5cb8ed01,1,,3f468388c8bfa0ca74690321ae1d6dc69338d1ed8efbb39f7c3a3817855e8598,5b38b6ceeb323cfb20b07f84abd589ad688b1c3d14912c191ee807f85554255a,./results/models/job/random/c/best.pt,"[{""action"":{""high_action"":""split"",""order_decision"":""only_cost""},""phase"":""high""},{""action"":{""candidate_id"":2,""schedule_alpha"":0.5},""phase"":""select""},{""action"":{""search_k"":1,""search_strategy"":""default""},""phase"":""search""},{""action"":{""execution_action"":""none"",""lip_action"":""none""},""phase"":""low""},{""action"":{""high_action"":""split"",""order_decision"":""only_cost""},""phase"":""high""},{""action"":{""candidate_id"":1,""schedule_alpha"":0.5},""phase"":""select""},{""action"":{""search_k"":1,""search_strategy"":""default""},""phase"":""search""},{""action"":{""execution_action"":""none"",""lip_action"":""none""},""phase"":""low""},{""action"":{""high_action"":""stop"",""order_decision"":""only_cost""},""phase"":""high""},{""action"":{""search_k"":1,""search_strategy"":""default""},""phase"":""search""},{""action"":{""execution_action"":""none"",""lip_action"":""none""},""phase"":""low""}]"
JOB,c,./workloads/query_job/13c.sql,Full NQO,1329.354077577591,98.324000000000,ok,62d718231272d8795fb939428fb8d114fb4735e7ff7ba5aa1c8431e0dd880cb9,1,,e9e930cd9c090581246bfa44b93e4094eaeea664b0477618fe26a49737edc31e,1d64ae2a5542107b8cb20131d9e02e889595e36d84a79384b40825916af174dd,./results/models/job/random/c/best.pt,"[{""action"":{""high_action"":""split"",""order_decision"":""only_cost""},""phase"":""high""},{""action"":{""candidate_id"":2,""schedule_alpha"":0.5},""phase"":""select""},{""action"":{""search_k"":1,""search_strategy"":""default""},""phase"":""search""},{""action"":{""execution_action"":""none"",""lip_action"":""none""},""phase"":""low""},{""action"":{""high_action"":""split"",""order_decision"":""only_cost""},""phase"":""high""},{""action"":{""candidate_id"":0,""schedule_alpha"":0.5},""phase"":""select""},{""action"":{""search_k"":1,""search_strategy"":""default""},""phase"":""search""},{""action"":{""execution_action"":""conservative"",""lip_action"":""selective""},""phase"":""low""},{""action"":{""high_action"":""split"",""order_decision"":""only_cost""},""phase"":""high""},{""action"":{""candidate_id"":0,""schedule_alpha"":0.5},""phase"":""select""},{""action"":{""search_k"":1,""search_strategy"":""default""},""phase"":""search""},{""action"":{""execution_action"":""none"",""lip_action"":""none""},""phase"":""low""},{""action"":{""high_action"":""stop"",""order_decision"":""only_cost""},""phase"":""high""},{""action"":{""search_k"":1,""search_strategy"":""default""},""phase"":""search""},{""action"":{""execution_action"":""none"",""lip_action"":""none""},""phase"":""low""}]"
JOB,c,./workloads/query_job/14a.sql,Full NQO,514.985896646976,59.398000000000,ok,f13c3a0e601dd42f5abd41675e0438c06c7c79b9e0a6b2e6974fe4952b94c09e,1,,6487e56609d3d9319a0a333d132a980b6a32c9f5ddb3fe861f5b8adc7d1a9971,8184d503379849fe36d73ac3a194012a5eeaf0ecd723bdd44ebe8c961f9099ef,./results/models/job/random/c/best.pt,"[{""action"":{""high_action"":""split"",""order_decision"":""only_cost""},""phase"":""high""},{""action"":{""candidate_id"":2,""schedule_alpha"":0.5},""phase"":""select""},{""action"":{""search_k"":1,""search_strategy"":""default""},""phase"":""search""},{""action"":{""execution_action"":""none"",""lip_action"":""none""},""phase"":""low""},{""action"":{""high_action"":""split"",""order_decision"":""only_cost""},""phase"":""high""},{""action"":{""candidate_id"":0,""schedule_alpha"":0.5},""phase"":""select""},{""action"":{""search_k"":1,""search_strategy"":""default""},""phase"":""search""},{""action"":{""execution_action"":""conservative"",""lip_action"":""selective""},""phase"":""low""},{""action"":{""high_action"":""split"",""order_decision"":""only_cost""},""phase"":""high""},{""action"":{""candidate_id"":1,""schedule_alpha"":0.5},""phase"":""select""},{""action"":{""search_k"":1,""search_strategy"":""default""},""phase"":""search""},{""action"":{""execution_action"":""none"",""lip_action"":""none""},""phase"":""low""},{""action"":{""high_action"":""stop"",""order_decision"":""only_cost""},""phase"":""high""},{""action"":{""search_k"":1,""search_strategy"":""default""},""phase"":""search""},{""action"":{""execution_action"":""none"",""lip_action"":""none""},""phase"":""low""}]"
JOB,c,./workloads/query_job/15a.sql,Full NQO,860.909581184387,193.800000000000,ok,0bf74f571c854c91dada16e78f6a511682855e8364304c1e74a2715a468ad523,1,,9e2eebd9091956d24d63ec84a5691ff08bfda0fc4e2a4592bce4eccb1fccf71c,4171d901cd294ee8d082dda5230178794c76dd76f36d30dd4862e578475cb518,./results/models/job/random/c/best.pt,"[{""action"":{""high_action"":""split"",""order_decision"":""only_cost""},""phase"":""high""},{""action"":{""candidate_id"":2,""schedule_alpha"":0.5},""phase"":""select""},{""action"":{""search_k"":1,""search_strategy"":""default""},""phase"":""search""},{""action"":{""execution_action"":""none"",""lip_action"":""none""},""phase"":""low""},{""action"":{""high_action"":""split"",""order_decision"":""only_cost""},""phase"":""high""},{""action"":{""candidate_id"":1,""schedule_alpha"":0.5},""phase"":""select""},{""action"":{""search_k"":1,""search_strategy"":""default""},""phase"":""search""},{""action"":{""execution_action"":""none"",""lip_action"":""none""},""phase"":""low""},{""action"":{""high_action"":""split"",""order_decision"":""only_cost""},""phase"":""high""},{""action"":{""candidate_id"":0,""schedule_alpha"":0.5},""phase"":""select""},{""action"":{""search_k"":1,""search_strategy"":""default""},""phase"":""search""},{""action"":{""execution_action"":""none"",""lip_action"":""none""},""phase"":""low""},{""action"":{""high_action"":""stop"",""order_decision"":""only_cost""},""phase"":""high""},{""action"":{""search_k"":1,""search_strategy"":""default""},""phase"":""search""},{""action"":{""execution_action"":""none"",""lip_action"":""none""},""phase"":""low""}]"
JOB,c,./workloads/query_job/15b.sql,Full NQO,326.998539268970,207.043000000000,ok,b25c3f018dd147bf4abce160072d7f8ba5b0f3abbe07bec34bc2e8b72eefff81,1,,3f55302c01f440a8ed2bead85f5ca08a7ec51d75caa549ce98d56cef32a16282,cd81f23bd129bde1fd841246f69c2eea31079cc33c2241588dc250f84c6475c7,./results/models/job/random/c/best.pt,"[{""action"":{""high_action"":""split"",""order_decision"":""only_cost""},""phase"":""high""},{""action"":{""candidate_id"":1,""schedule_alpha"":0.5},""phase"":""select""},{""action"":{""search_k"":1,""search_strategy"":""default""},""phase"":""search""},{""action"":{""execution_action"":""none"",""lip_action"":""none""},""phase"":""low""},{""action"":{""high_action"":""split"",""order_decision"":""only_cost""},""phase"":""high""},{""action"":{""candidate_id"":1,""schedule_alpha"":0.5},""phase"":""select""},{""action"":{""search_k"":1,""search_strategy"":""default""},""phase"":""search""},{""action"":{""execution_action"":""none"",""lip_action"":""none""},""phase"":""low""},{""action"":{""high_action"":""split"",""order_decision"":""only_cost""},""phase"":""high""},{""action"":{""candidate_id"":0,""schedule_alpha"":0.5},""phase"":""select""},{""action"":{""search_k"":1,""search_strategy"":""default""},""phase"":""search""},{""action"":{""execution_action"":""none"",""lip_action"":""none""},""phase"":""low""},{""action"":{""high_action"":""stop"",""order_decision"":""only_cost""},""phase"":""high""},{""action"":{""search_k"":1,""search_strategy"":""default""},""phase"":""search""},{""action"":{""execution_action"":""none"",""lip_action"":""none""},""phase"":""low""}]"
JOB,c,./workloads/query_job/16c.sql,Full NQO,1672.325283288956,102.263000000000,ok,1318f60bc0ac9eb3ca4ac578870bec99e9ac05ece5a440ba30e253efb9ea5aeb,1,,d8de59bd1a95c7e471e0d164674163a80b66ebc76e6d68e82b902a5da988173f,455cadd99b396a086ee10aaf254cb7537b99962b7da955a40a21845286a32c38,./results/models/job/random/c/best.pt,"[{""action"":{""high_action"":""split"",""order_decision"":""only_cost""},""phase"":""high""},{""action"":{""candidate_id"":3,""schedule_alpha"":0.5},""phase"":""select""},{""action"":{""search_k"":1,""search_strategy"":""default""},""phase"":""search""},{""action"":{""execution_action"":""none"",""lip_action"":""none""},""phase"":""low""},{""action"":{""high_action"":""split"",""order_decision"":""only_cost""},""phase"":""high""},{""action"":{""candidate_id"":2,""schedule_alpha"":0.5},""phase"":""select""},{""action"":{""search_k"":1,""search_strategy"":""default""},""phase"":""search""},{""action"":{""execution_action"":""conservative"",""lip_action"":""selective""},""phase"":""low""},{""action"":{""high_action"":""split"",""order_decision"":""only_cost""},""phase"":""high""},{""action"":{""candidate_id"":1,""schedule_alpha"":0.5},""phase"":""select""},{""action"":{""search_k"":1,""search_strategy"":""default""},""phase"":""search""},{""action"":{""execution_action"":""none"",""lip_action"":""none""},""phase"":""low""},{""action"":{""high_action"":""stop"",""order_decision"":""only_cost""},""phase"":""high""},{""action"":{""search_k"":1,""search_strategy"":""default""},""phase"":""search""},{""action"":{""execution_action"":""none"",""lip_action"":""none""},""phase"":""low""}]"
JOB,c,./workloads/query_job/16d.sql,Full NQO,1364.527523517609,63.577000000000,ok,1318f60bc0ac9eb3ca4ac578870bec99e9ac05ece5a440ba30e253efb9ea5aeb,1,,15fd3f31f5fff9aa8e4a23529343029f1403a157ab8e9855d174d4ff260e0e83,cf24d8b8f8954a13ee7451082ae5fc5f4e842e48955d490bf1aed51853529b24,./results/models/job/random/c/best.pt,"[{""action"":{""high_action"":""split"",""order_decision"":""only_cost""},""phase"":""high""},{""action"":{""candidate_id"":3,""schedule_alpha"":0.5},""phase"":""select""},{""action"":{""search_k"":1,""search_strategy"":""default""},""phase"":""search""},{""action"":{""execution_action"":""none"",""lip_action"":""none""},""phase"":""low""},{""action"":{""high_action"":""split"",""order_decision"":""only_cost""},""phase"":""high""},{""action"":{""candidate_id"":2,""schedule_alpha"":0.5},""phase"":""select""},{""action"":{""search_k"":1,""search_strategy"":""default""},""phase"":""search""},{""action"":{""execution_action"":""conservative"",""lip_action"":""selective""},""phase"":""low""},{""action"":{""high_action"":""split"",""order_decision"":""only_cost""},""phase"":""high""},{""action"":{""candidate_id"":1,""schedule_alpha"":0.5},""phase"":""select""},{""action"":{""search_k"":1,""search_strategy"":""default""},""phase"":""search""},{""action"":{""execution_action"":""none"",""lip_action"":""none""},""phase"":""low""},{""action"":{""high_action"":""stop"",""order_decision"":""only_cost""},""phase"":""high""},{""action"":{""search_k"":1,""search_strategy"":""default""},""phase"":""search""},{""action"":{""execution_action"":""none"",""lip_action"":""none""},""phase"":""low""}]"
JOB,c,./workloads/query_job/17a.sql,Full NQO,5447.128929197788,73.457000000000,ok,12f3484b478e4f8b8c8fb87fad1c71c58c270dfee71990c3ecc25050d8a36b0f,1,,a5305dea2bab99b38242cbbf144a934d8b07ad8fef4280258e0f9fcf6792c4f7,8870b00e12cda7308205a2f4c3252113d63b05c81b69fd858a0dd6648a71f6f2,./results/models/job/random/c/best.pt,"[{""action"":{""high_action"":""split"",""order_decision"":""only_cost""},""phase"":""high""},{""action"":{""candidate_id"":2,""schedule_alpha"":0.5},""phase"":""select""},{""action"":{""search_k"":1,""search_strategy"":""default""},""phase"":""search""},{""action"":{""execution_action"":""none"",""lip_action"":""none""},""phase"":""low""},{""action"":{""high_action"":""split"",""order_decision"":""only_cost""},""phase"":""high""},{""action"":{""candidate_id"":1,""schedule_alpha"":0.5},""phase"":""select""},{""action"":{""search_k"":1,""search_strategy"":""default""},""phase"":""search""},{""action"":{""execution_action"":""conservative"",""lip_action"":""selective""},""phase"":""low""},{""action"":{""high_action"":""stop"",""order_decision"":""only_cost""},""phase"":""high""},{""action"":{""search_k"":1,""search_strategy"":""default""},""phase"":""search""},{""action"":{""execution_action"":""none"",""lip_action"":""none""},""phase"":""low""}]"
JOB,c,./workloads/query_job/17b.sql,Full NQO,5676.744230091572,43.529000000000,ok,de642ce5a04416b5f5d58162138ce38932542abd6a7a7a08d538f1a6fc288f85,1,,8d8821e2e9c29e48b220ba38af21acd584bc089c1835ece7c9769c3712734145,dc80626d4af679911b34dea67d1a328d62a0140673a9720b1319650d3ecc6573,./results/models/job/random/c/best.pt,"[{""action"":{""high_action"":""split"",""order_decision"":""only_cost""},""phase"":""high""},{""action"":{""candidate_id"":2,""schedule_alpha"":0.5},""phase"":""select""},{""action"":{""search_k"":1,""search_strategy"":""default""},""phase"":""search""},{""action"":{""execution_action"":""none"",""lip_action"":""none""},""phase"":""low""},{""action"":{""high_action"":""split"",""order_decision"":""only_cost""},""phase"":""high""},{""action"":{""candidate_id"":0,""schedule_alpha"":0.5},""phase"":""select""},{""action"":{""search_k"":1,""search_strategy"":""default""},""phase"":""search""},{""action"":{""execution_action"":""conservative"",""lip_action"":""selective""},""phase"":""low""},{""action"":{""high_action"":""stop"",""order_decision"":""only_cost""},""phase"":""high""},{""action"":{""search_k"":1,""search_strategy"":""default""},""phase"":""search""},{""action"":{""execution_action"":""conservative"",""lip_action"":""selective""},""phase"":""low""}]"
JOB,c,./workloads/query_job/17c.sql,Full NQO,1005.763761699200,135.030000000000,ok,89318885181be4671a585035246d501b4eb546101d7a71035ac9eaf20c99bdff,1,,4f83e84a06dfa5a876edceea62f3e0ce4f41327675bad39b4f489d0fe1235d5d,885182f330f14d68fa7721b6032e2d78083078b8a2d83e186b0c48214387186e,./results/models/job/random/c/best.pt,"[{""action"":{""high_action"":""split"",""order_decision"":""only_cost""},""phase"":""high""},{""action"":{""candidate_id"":2,""schedule_alpha"":0.5},""phase"":""select""},{""action"":{""search_k"":1,""search_strategy"":""default""},""phase"":""search""},{""action"":{""execution_action"":""none"",""lip_action"":""none""},""phase"":""low""},{""action"":{""high_action"":""split"",""order_decision"":""only_cost""},""phase"":""high""},{""action"":{""candidate_id"":0,""schedule_alpha"":0.5},""phase"":""select""},{""action"":{""search_k"":1,""search_strategy"":""default""},""phase"":""search""},{""action"":{""execution_action"":""none"",""lip_action"":""none""},""phase"":""low""},{""action"":{""high_action"":""stop"",""order_decision"":""only_cost""},""phase"":""high""},{""action"":{""search_k"":1,""search_strategy"":""default""},""phase"":""search""},{""action"":{""execution_action"":""none"",""lip_action"":""none""},""phase"":""low""}]"
JOB,c,./workloads/query_job/17e.sql,Full NQO,5596.808619797230,142.569000000000,ok,f737f87f1aee3edfa2a8464fe8782aa3d0139b69867ac6bfd244eb890fff19b5,1,,82d046613835b39702f8fab98496fc219de0c93a710e6c1e91cd19691848cd5f,4bcf8513e4f1136d0a304bf1ca3dc7e1525e4dcd581a703ed3612f5e43d67c71,./results/models/job/random/c/best.pt,"[{""action"":{""high_action"":""split"",""order_decision"":""only_cost""},""phase"":""high""},{""action"":{""candidate_id"":2,""schedule_alpha"":0.5},""phase"":""select""},{""action"":{""search_k"":1,""search_strategy"":""default""},""phase"":""search""},{""action"":{""execution_action"":""none"",""lip_action"":""none""},""phase"":""low""},{""action"":{""high_action"":""split"",""order_decision"":""only_cost""},""phase"":""high""},{""action"":{""candidate_id"":1,""schedule_alpha"":0.5},""phase"":""select""},{""action"":{""search_k"":1,""search_strategy"":""default""},""phase"":""search""},{""action"":{""execution_action"":""conservative"",""lip_action"":""selective""},""phase"":""low""},{""action"":{""high_action"":""stop"",""order_decision"":""only_cost""},""phase"":""high""},{""action"":{""search_k"":1,""search_strategy"":""default""},""phase"":""search""},{""action"":{""execution_action"":""none"",""lip_action"":""none""},""phase"":""low""}]"
JOB,c,./workloads/query_job/19d.sql,Full NQO,6838.759347796440,66.826000000000,ok,a4539f795d93860062d39d330febb9a7e2eba327a0dde36ea917ef25d81da7fb,1,,27d02916331b6466cc645ed9c3f672b0e833ca53fe1e31c853c85e190b7d73f1,c4f43517acf27807b16285f8039349bea8e35de1ab1e7e720732a453411a0744,./results/models/job/random/c/best.pt,"[{""action"":{""high_action"":""split"",""order_decision"":""only_cost""},""phase"":""high""},{""action"":{""candidate_id"":1,""schedule_alpha"":0.5},""phase"":""select""},{""action"":{""search_k"":1,""search_strategy"":""default""},""phase"":""search""},{""action"":{""execution_action"":""none"",""lip_action"":""none""},""phase"":""low""},{""action"":{""high_action"":""split"",""order_decision"":""only_cost""},""phase"":""high""},{""action"":{""candidate_id"":0,""schedule_alpha"":0.5},""phase"":""select""},{""action"":{""search_k"":1,""search_strategy"":""default""},""phase"":""search""},{""action"":{""execution_action"":""none"",""lip_action"":""none""},""phase"":""low""},{""action"":{""high_action"":""split"",""order_decision"":""only_cost""},""phase"":""high""},{""action"":{""candidate_id"":1,""schedule_alpha"":0.5},""phase"":""select""},{""action"":{""search_k"":1,""search_strategy"":""default""},""phase"":""search""},{""action"":{""execution_action"":""conservative"",""lip_action"":""selective""},""phase"":""low""},{""action"":{""high_action"":""stop"",""order_decision"":""only_cost""},""phase"":""high""},{""action"":{""search_k"":1,""search_strategy"":""default""},""phase"":""search""},{""action"":{""execution_action"":""conservative"",""lip_action"":""selective""},""phase"":""low""}]"
JOB,c,./workloads/query_job/1b.sql,Full NQO,138.006806373596,117.613000000000,ok,be1d6ac40c20f262e1328dfd04b2021cc535502e6b32eff765a057282a5df4f7,1,,c6e0cf18128bdbce9601e3358198f681c10d5862471045cd724113048e9b2060,d5516c82035194f811cc74720aff44a464bf74ab0fc4c3adfa088560b1a844fc,./results/models/job/random/c/best.pt,"[{""action"":{""high_action"":""split"",""order_decision"":""only_cost""},""phase"":""high""},{""action"":{""candidate_id"":1,""schedule_alpha"":0.5},""phase"":""select""},{""action"":{""search_k"":1,""search_strategy"":""default""},""phase"":""search""},{""action"":{""execution_action"":""none"",""lip_action"":""none""},""phase"":""low""},{""action"":{""high_action"":""stop"",""order_decision"":""only_cost""},""phase"":""high""},{""action"":{""search_k"":1,""search_strategy"":""default""},""phase"":""search""},{""action"":{""execution_action"":""none"",""lip_action"":""none""},""phase"":""low""}]"
JOB,c,./workloads/query_job/1c.sql,Full NQO,480.357319116592,98.135000000000,ok,c9cfeb2c53a9c7d56ba455c5c333a8fac5db32559ebd94b17f2dbd68a69e1122,1,,cd8271cf84fca4685d4374bf1e427a43d29013d55cba14421f2e6e0cf7304815,47a1beaec78491807c82a3ce9bce31926c23dbb626131f17b170c4c3d9944c7b,./results/models/job/random/c/best.pt,"[{""action"":{""high_action"":""split"",""order_decision"":""only_cost""},""phase"":""high""},{""action"":{""candidate_id"":0,""schedule_alpha"":0.5},""phase"":""select""},{""action"":{""search_k"":1,""search_strategy"":""default""},""phase"":""search""},{""action"":{""execution_action"":""none"",""lip_action"":""none""},""phase"":""low""},{""action"":{""high_action"":""stop"",""order_decision"":""only_cost""},""phase"":""high""},{""action"":{""search_k"":1,""search_strategy"":""default""},""phase"":""search""},{""action"":{""execution_action"":""none"",""lip_action"":""none""},""phase"":""low""}]"
JOB,c,./workloads/query_job/20c.sql,Full NQO,1157.084196805954,58.894000000000,ok,568e7928022d673040c12df4a67123a0784853e4f2fd144a3c3ad416f6a0ff39,1,,95a5b01ef813acd242535f3b073b36c4bb1bdda45b95ece0d5084b4b0c8bafd6,39ba1422e34d8fa29ba279637a44139433d997d57c4887565e8219fe2a177b1c,./results/models/job/random/c/best.pt,"[{""action"":{""high_action"":""split"",""order_decision"":""only_cost""},""phase"":""high""},{""action"":{""candidate_id"":2,""schedule_alpha"":0.5},""phase"":""select""},{""action"":{""search_k"":1,""search_strategy"":""default""},""phase"":""search""},{""action"":{""execution_action"":""none"",""lip_action"":""none""},""phase"":""low""},{""action"":{""high_action"":""split"",""order_decision"":""only_cost""},""phase"":""high""},{""action"":{""candidate_id"":2,""schedule_alpha"":0.5},""phase"":""select""},{""action"":{""search_k"":1,""search_strategy"":""default""},""phase"":""search""},{""action"":{""execution_action"":""conservative"",""lip_action"":""selective""},""phase"":""low""},{""action"":{""high_action"":""split"",""order_decision"":""only_cost""},""phase"":""high""},{""action"":{""candidate_id"":0,""schedule_alpha"":0.5},""phase"":""select""},{""action"":{""search_k"":1,""search_strategy"":""default""},""phase"":""search""},{""action"":{""execution_action"":""conservative"",""lip_action"":""selective""},""phase"":""low""},{""action"":{""high_action"":""stop"",""order_decision"":""only_cost""},""phase"":""high""},{""action"":{""search_k"":1,""search_strategy"":""default""},""phase"":""search""},{""action"":{""execution_action"":""none"",""lip_action"":""none""},""phase"":""low""}]"
JOB,c,./workloads/query_job/21a.sql,Full NQO,368.382677435875,197.111000000000,ok,6114bcae99606cbd64c86c8dd7da67c69f8e545ea60c5213503552460a7306d0,1,,707ba6d41e3b4350ecf28ee210653cec2d7c9e1e9b74773592ae4a13f30dcccd,68099d88a205dc7d9adfd1835d517dbc455c33f99e5ae8c7d5afb16dd7406fed,./results/models/job/random/c/best.pt,"[{""action"":{""high_action"":""split"",""order_decision"":""only_cost""},""phase"":""high""},{""action"":{""candidate_id"":2,""schedule_alpha"":0.5},""phase"":""select""},{""action"":{""search_k"":1,""search_strategy"":""default""},""phase"":""search""},{""action"":{""execution_action"":""none"",""lip_action"":""none""},""phase"":""low""},{""action"":{""high_action"":""split"",""order_decision"":""only_cost""},""phase"":""high""},{""action"":{""candidate_id"":2,""schedule_alpha"":0.5},""phase"":""select""},{""action"":{""search_k"":1,""search_strategy"":""default""},""phase"":""search""},{""action"":{""execution_action"":""none"",""lip_action"":""none""},""phase"":""low""},{""action"":{""high_action"":""split"",""order_decision"":""only_cost""},""phase"":""high""},{""action"":{""candidate_id"":0,""schedule_alpha"":0.5},""phase"":""select""},{""action"":{""search_k"":1,""search_strategy"":""default""},""phase"":""search""},{""action"":{""execution_action"":""none"",""lip_action"":""none""},""phase"":""low""},{""action"":{""high_action"":""stop"",""order_decision"":""only_cost""},""phase"":""high""},{""action"":{""search_k"":1,""search_strategy"":""default""},""phase"":""search""},{""action"":{""execution_action"":""none"",""lip_action"":""none""},""phase"":""low""}]"
JOB,c,./workloads/query_job/21b.sql,Full NQO,339.379049837589,179.466000000000,ok,1da28682b56bf46849a42e55ba2b328e656ccb98f2f56a02e22549b0a2dec397,1,,d10c951b1fe7c3cee3507404f958fb6a03650b7473aa028c6c5704695b11eaf4,9d212f0391a985d9c678ea07ea4cd9f04dea5554cf0b965a76cec0b197a5573d,./results/models/job/random/c/best.pt,"[{""action"":{""high_action"":""split"",""order_decision"":""only_cost""},""phase"":""high""},{""action"":{""candidate_id"":2,""schedule_alpha"":0.5},""phase"":""select""},{""action"":{""search_k"":1,""search_strategy"":""default""},""phase"":""search""},{""action"":{""execution_action"":""none"",""lip_action"":""none""},""phase"":""low""},{""action"":{""high_action"":""split"",""order_decision"":""only_cost""},""phase"":""high""},{""action"":{""candidate_id"":2,""schedule_alpha"":0.5},""phase"":""select""},{""action"":{""search_k"":1,""search_strategy"":""default""},""phase"":""search""},{""action"":{""execution_action"":""none"",""lip_action"":""none""},""phase"":""low""},{""action"":{""high_action"":""split"",""order_decision"":""only_cost""},""phase"":""high""},{""action"":{""candidate_id"":0,""schedule_alpha"":0.5},""phase"":""select""},{""action"":{""search_k"":1,""search_strategy"":""default""},""phase"":""search""},{""action"":{""execution_action"":""none"",""lip_action"":""none""},""phase"":""low""},{""action"":{""high_action"":""stop"",""order_decision"":""only_cost""},""phase"":""high""},{""action"":{""search_k"":1,""search_strategy"":""default""},""phase"":""search""},{""action"":{""execution_action"":""none"",""lip_action"":""none""},""phase"":""low""}]"
JOB,c,./workloads/query_job/21c.sql,Full NQO,495.996654033661,304.103000000000,ok,83811c5c01e3bdbafff3ac6671360f1cb19c1452dd9ec0b095bcd21856c36865,1,,28b2462492b064d70e1bacc811eb1f69b1e786641c8ca29eaf7854859a6d2b68,4af239a5dc4d0d5686c058d5941b6f7abf5da2a5fc610d01c300523aa595a179,./results/models/job/random/c/best.pt,"[{""action"":{""high_action"":""split"",""order_decision"":""only_cost""},""phase"":""high""},{""action"":{""candidate_id"":2,""schedule_alpha"":0.5},""phase"":""select""},{""action"":{""search_k"":1,""search_strategy"":""default""},""phase"":""search""},{""action"":{""execution_action"":""none"",""lip_action"":""none""},""phase"":""low""},{""action"":{""high_action"":""split"",""order_decision"":""only_cost""},""phase"":""high""},{""action"":{""candidate_id"":2,""schedule_alpha"":0.5},""phase"":""select""},{""action"":{""search_k"":1,""search_strategy"":""default""},""phase"":""search""},{""action"":{""execution_action"":""none"",""lip_action"":""none""},""phase"":""low""},{""action"":{""high_action"":""split"",""order_decision"":""only_cost""},""phase"":""high""},{""action"":{""candidate_id"":0,""schedule_alpha"":0.5},""phase"":""select""},{""action"":{""search_k"":1,""search_strategy"":""default""},""phase"":""search""},{""action"":{""execution_action"":""none"",""lip_action"":""none""},""phase"":""low""},{""action"":{""high_action"":""stop"",""order_decision"":""only_cost""},""phase"":""high""},{""action"":{""search_k"":1,""search_strategy"":""default""},""phase"":""search""},{""action"":{""execution_action"":""none"",""lip_action"":""none""},""phase"":""low""}]"
JOB,c,./workloads/query_job/23a.sql,Full NQO,811.920553445816,99.980000000000,ok,e33290c8b8a911bae419941260d0bb2e09cceab157ff21cbd4088e50c3a1cc9b,1,,619023cf2a31b273e95982b97cc9a8631c332571f656328053af79c8bf84c9d9,fef89d22d3d0657d9f80a18454d078ece1e6c96930a348623a3923cd80eccb58,./results/models/job/random/c/best.pt,"[{""action"":{""high_action"":""split"",""order_decision"":""only_cost""},""phase"":""high""},{""action"":{""candidate_id"":2,""schedule_alpha"":0.5},""phase"":""select""},{""action"":{""search_k"":1,""search_strategy"":""default""},""phase"":""search""},{""action"":{""execution_action"":""none"",""lip_action"":""none""},""phase"":""low""},{""action"":{""high_action"":""split"",""order_decision"":""only_cost""},""phase"":""high""},{""action"":{""candidate_id"":1,""schedule_alpha"":0.5},""phase"":""select""},{""action"":{""search_k"":1,""search_strategy"":""default""},""phase"":""search""},{""action"":{""execution_action"":""conservative"",""lip_action"":""selective""},""phase"":""low""},{""action"":{""high_action"":""split"",""order_decision"":""only_cost""},""phase"":""high""},{""action"":{""candidate_id"":0,""schedule_alpha"":0.5},""phase"":""select""},{""action"":{""search_k"":1,""search_strategy"":""default""},""phase"":""search""},{""action"":{""execution_action"":""conservative"",""lip_action"":""selective""},""phase"":""low""},{""action"":{""high_action"":""split"",""order_decision"":""only_cost""},""phase"":""high""},{""action"":{""candidate_id"":0,""schedule_alpha"":0.5},""phase"":""select""},{""action"":{""search_k"":1,""search_strategy"":""default""},""phase"":""search""},{""action"":{""execution_action"":""none"",""lip_action"":""none""},""phase"":""low""},{""action"":{""high_action"":""stop"",""order_decision"":""only_cost""},""phase"":""high""},{""action"":{""search_k"":1,""search_strategy"":""default""},""phase"":""search""},{""action"":{""execution_action"":""none"",""lip_action"":""none""},""phase"":""low""}]"
JOB,c,./workloads/query_job/24b.sql,Full NQO,404.829621315002,285.748000000000,ok,c6a12dd8a9651eef2928671373921d7e677edea1ec96df6544103293106311ef,1,,a0105c0c9d70eabe35f60231ae0e06ff11722212bb1687c82490406f9c98927a,2ca8feb974a734617b8cccc5a5253c2be6ce8af5f2779d65ecce5c9b03ee5de2,./results/models/job/random/c/best.pt,"[{""action"":{""high_action"":""split"",""order_decision"":""only_cost""},""phase"":""high""},{""action"":{""candidate_id"":2,""schedule_alpha"":0.5},""phase"":""select""},{""action"":{""search_k"":1,""search_strategy"":""default""},""phase"":""search""},{""action"":{""execution_action"":""none"",""lip_action"":""none""},""phase"":""low""},{""action"":{""high_action"":""split"",""order_decision"":""only_cost""},""phase"":""high""},{""action"":{""candidate_id"":3,""schedule_alpha"":0.5},""phase"":""select""},{""action"":{""search_k"":1,""search_strategy"":""default""},""phase"":""search""},{""action"":{""execution_action"":""none"",""lip_action"":""none""},""phase"":""low""},{""action"":{""high_action"":""split"",""order_decision"":""only_cost""},""phase"":""high""},{""action"":{""candidate_id"":1,""schedule_alpha"":0.5},""phase"":""select""},{""action"":{""search_k"":1,""search_strategy"":""default""},""phase"":""search""},{""action"":{""execution_action"":""none"",""lip_action"":""none""},""phase"":""low""},{""action"":{""high_action"":""split"",""order_decision"":""only_cost""},""phase"":""high""},{""action"":{""candidate_id"":0,""schedule_alpha"":0.5},""phase"":""select""},{""action"":{""search_k"":1,""search_strategy"":""default""},""phase"":""search""},{""action"":{""execution_action"":""none"",""lip_action"":""none""},""phase"":""low""},{""action"":{""high_action"":""stop"",""order_decision"":""only_cost""},""phase"":""high""},{""action"":{""search_k"":1,""search_strategy"":""default""},""phase"":""search""},{""action"":{""execution_action"":""none"",""lip_action"":""none""},""phase"":""low""}]"
JOB,c,./workloads/query_job/25a.sql,Full NQO,1947.491347789764,60.470000000000,ok,3f61bc3b5b8945716ddc701b2a0b19f860043a01c2e6df0e838c90693f07dd20,1,,febfc463fe77d5bf4f15173a5ed05b9619832bca3585d61055c4f2bf9f94f2b8,0ac15ebb89087b03ab7d86f0b2e393cd3df669806f066cf788c7310cee2992cd,./results/models/job/random/c/best.pt,"[{""action"":{""high_action"":""split"",""order_decision"":""only_cost""},""phase"":""high""},{""action"":{""candidate_id"":3,""schedule_alpha"":0.5},""phase"":""select""},{""action"":{""search_k"":1,""search_strategy"":""default""},""phase"":""search""},{""action"":{""execution_action"":""none"",""lip_action"":""none""},""phase"":""low""},{""action"":{""high_action"":""split"",""order_decision"":""only_cost""},""phase"":""high""},{""action"":{""candidate_id"":1,""schedule_alpha"":0.5},""phase"":""select""},{""action"":{""search_k"":1,""search_strategy"":""default""},""phase"":""search""},{""action"":{""execution_action"":""conservative"",""lip_action"":""selective""},""phase"":""low""},{""action"":{""high_action"":""split"",""order_decision"":""only_cost""},""phase"":""high""},{""action"":{""candidate_id"":1,""schedule_alpha"":0.5},""phase"":""select""},{""action"":{""search_k"":1,""search_strategy"":""default""},""phase"":""search""},{""action"":{""execution_action"":""conservative"",""lip_action"":""selective""},""phase"":""low""},{""action"":{""high_action"":""stop"",""order_decision"":""only_cost""},""phase"":""high""},{""action"":{""search_k"":1,""search_strategy"":""default""},""phase"":""search""},{""action"":{""execution_action"":""none"",""lip_action"":""none""},""phase"":""low""}]"
JOB,c,./workloads/query_job/25b.sql,Full NQO,623.305521905422,184.094000000000,ok,a6dff347cc4e2c49ccacd365b50a365a6fabbfadf92d2cdfddeb9d790e3bbb17,1,,281a9e85a78698c1d0f6c2d2068817ccdcdf7237bad1be460d828da654b0cb02,069737e86b588b2ae40b0289582ca1bf597d9c6255ddfe48c10a10aa943ed7e7,./results/models/job/random/c/best.pt,"[{""action"":{""high_action"":""split"",""order_decision"":""only_cost""},""phase"":""high""},{""action"":{""candidate_id"":3,""schedule_alpha"":0.5},""phase"":""select""},{""action"":{""search_k"":1,""search_strategy"":""default""},""phase"":""search""},{""action"":{""execution_action"":""none"",""lip_action"":""none""},""phase"":""low""},{""action"":{""high_action"":""split"",""order_decision"":""only_cost""},""phase"":""high""},{""action"":{""candidate_id"":2,""schedule_alpha"":0.5},""phase"":""select""},{""action"":{""search_k"":1,""search_strategy"":""default""},""phase"":""search""},{""action"":{""execution_action"":""none"",""lip_action"":""none""},""phase"":""low""},{""action"":{""high_action"":""split"",""order_decision"":""only_cost""},""phase"":""high""},{""action"":{""candidate_id"":1,""schedule_alpha"":0.5},""phase"":""select""},{""action"":{""search_k"":1,""search_strategy"":""default""},""phase"":""search""},{""action"":{""execution_action"":""none"",""lip_action"":""none""},""phase"":""low""},{""action"":{""high_action"":""stop"",""order_decision"":""only_cost""},""phase"":""high""},{""action"":{""search_k"":1,""search_strategy"":""default""},""phase"":""search""},{""action"":{""execution_action"":""none"",""lip_action"":""none""},""phase"":""low""}]"
JOB,c,./workloads/query_job/26c.sql,Full NQO,1107.311099767685,78.296000000000,ok,028fa66983476fd11ebe0fc3fe75f01f243fb077ff18202487babf6b5905aae1,1,,f3b7e4d426337bb138b2be9649a7a13eb49600a4c897ae5efe09aa0e98adc425,db5e074af52dc156b68749d8078320954e9c83cd1aa9dd7319fc722d8ca877b2,./results/models/job/random/c/best.pt,"[{""action"":{""high_action"":""split"",""order_decision"":""only_cost""},""phase"":""high""},{""action"":{""candidate_id"":3,""schedule_alpha"":0.5},""phase"":""select""},{""action"":{""search_k"":1,""search_strategy"":""default""},""phase"":""search""},{""action"":{""execution_action"":""none"",""lip_action"":""none""},""phase"":""low""},{""action"":{""high_action"":""split"",""order_decision"":""only_cost""},""phase"":""high""},{""action"":{""candidate_id"":2,""schedule_alpha"":0.5},""phase"":""select""},{""action"":{""search_k"":1,""search_strategy"":""default""},""phase"":""search""},{""action"":{""execution_action"":""conservative"",""lip_action"":""selective""},""phase"":""low""},{""action"":{""high_action"":""split"",""order_decision"":""only_cost""},""phase"":""high""},{""action"":{""candidate_id"":0,""schedule_alpha"":0.5},""phase"":""select""},{""action"":{""search_k"":1,""search_strategy"":""default""},""phase"":""search""},{""action"":{""execution_action"":""conservative"",""lip_action"":""selective""},""phase"":""low""},{""action"":{""high_action"":""split"",""order_decision"":""only_cost""},""phase"":""high""},{""action"":{""candidate_id"":1,""schedule_alpha"":0.5},""phase"":""select""},{""action"":{""search_k"":1,""search_strategy"":""default""},""phase"":""search""},{""action"":{""execution_action"":""none"",""lip_action"":""none""},""phase"":""low""},{""action"":{""high_action"":""stop"",""order_decision"":""only_cost""},""phase"":""high""},{""action"":{""search_k"":1,""search_strategy"":""default""},""phase"":""search""},{""action"":{""execution_action"":""none"",""lip_action"":""none""},""phase"":""low""}]"
JOB,c,./workloads/query_job/27b.sql,Full NQO,263.864330947399,90.946000000000,ok,4eb4e5bb88d274fb571daa3d9537d134ac91e3971795bedfe21b63973b8a983c,1,,d13e9c3ac11f225830039de2901a56fb70a7f87e3dc16b413dfa2223b08db80b,a107c4a214cf69f0938e346f32f83215870f3845dcf233bc4de45f85f388e744,./results/models/job/random/c/best.pt,"[{""action"":{""high_action"":""split"",""order_decision"":""only_cost""},""phase"":""high""},{""action"":{""candidate_id"":3,""schedule_alpha"":0.5},""phase"":""select""},{""action"":{""search_k"":1,""search_strategy"":""default""},""phase"":""search""},{""action"":{""execution_action"":""none"",""lip_action"":""none""},""phase"":""low""},{""action"":{""high_action"":""split"",""order_decision"":""only_cost""},""phase"":""high""},{""action"":{""candidate_id"":3,""schedule_alpha"":0.5},""phase"":""select""},{""action"":{""search_k"":1,""search_strategy"":""default""},""phase"":""search""},{""action"":{""execution_action"":""none"",""lip_action"":""none""},""phase"":""low""},{""action"":{""high_action"":""split"",""order_decision"":""only_cost""},""phase"":""high""},{""action"":{""candidate_id"":0,""schedule_alpha"":0.5},""phase"":""select""},{""action"":{""search_k"":1,""search_strategy"":""default""},""phase"":""search""},{""action"":{""execution_action"":""conservative"",""lip_action"":""selective""},""phase"":""low""},{""action"":{""high_action"":""split"",""order_decision"":""only_cost""},""phase"":""high""},{""action"":{""candidate_id"":0,""schedule_alpha"":0.5},""phase"":""select""},{""action"":{""search_k"":1,""search_strategy"":""default""},""phase"":""search""},{""action"":{""execution_action"":""none"",""lip_action"":""none""},""phase"":""low""},{""action"":{""high_action"":""stop"",""order_decision"":""only_cost""},""phase"":""high""},{""action"":{""search_k"":1,""search_strategy"":""default""},""phase"":""search""},{""action"":{""execution_action"":""none"",""lip_action"":""none""},""phase"":""low""}]"
JOB,c,./workloads/query_job/28a.sql,Full NQO,687.775783240795,86.152000000000,ok,9bbfa4b43836dbcd01ed830b9188456a9d9309e4cc0ef0948c1f6ff8b2c0e39c,1,,3e4770eb989047c56f457913fcdc918edda9e450bb637f0bb558c8d4337b357c,021ee502827b7d19257bfabb023fc62416407c807814c90ccc25891d1e88e670,./results/models/job/random/c/best.pt,"[{""action"":{""high_action"":""split"",""order_decision"":""only_cost""},""phase"":""high""},{""action"":{""candidate_id"":4,""schedule_alpha"":0.5},""phase"":""select""},{""action"":{""search_k"":1,""search_strategy"":""default""},""phase"":""search""},{""action"":{""execution_action"":""none"",""lip_action"":""none""},""phase"":""low""},{""action"":{""high_action"":""split"",""order_decision"":""only_cost""},""phase"":""high""},{""action"":{""candidate_id"":1,""schedule_alpha"":0.5},""phase"":""select""},{""action"":{""search_k"":1,""search_strategy"":""default""},""phase"":""search""},{""action"":{""execution_action"":""conservative"",""lip_action"":""selective""},""phase"":""low""},{""action"":{""high_action"":""split"",""order_decision"":""only_cost""},""phase"":""high""},{""action"":{""candidate_id"":3,""schedule_alpha"":0.5},""phase"":""select""},{""action"":{""search_k"":1,""search_strategy"":""default""},""phase"":""search""},{""action"":{""execution_action"":""conservative"",""lip_action"":""selective""},""phase"":""low""},{""action"":{""high_action"":""split"",""order_decision"":""only_cost""},""phase"":""high""},{""action"":{""candidate_id"":0,""schedule_alpha"":0.5},""phase"":""select""},{""action"":{""search_k"":1,""search_strategy"":""default""},""phase"":""search""},{""action"":{""execution_action"":""conservative"",""lip_action"":""selective""},""phase"":""low""},{""action"":{""high_action"":""split"",""order_decision"":""only_cost""},""phase"":""high""},{""action"":{""candidate_id"":1,""schedule_alpha"":0.5},""phase"":""select""},{""action"":{""search_k"":1,""search_strategy"":""default""},""phase"":""search""},{""action"":{""execution_action"":""none"",""lip_action"":""none""},""phase"":""low""},{""action"":{""high_action"":""stop"",""order_decision"":""only_cost""},""phase"":""high""},{""action"":{""search_k"":1,""search_strategy"":""default""},""phase"":""search""},{""action"":{""execution_action"":""none"",""lip_action"":""none""},""phase"":""low""}]"
JOB,c,./workloads/query_job/29a.sql,Full NQO,449.789114296436,341.868000000000,ok,6931843f19cb52122ed461369626a4f45f6b0550fbb8e5608f26c0a53fbfa63e,1,,8449905c675eb3ca264e1f1e5568fa03002e0a7bc486d54c71ffe8dbbe276332,adec67fecb9efcefc6f0dcd0e41f85e047b75e6ee4ec93c2b0f291ef93b51a92,./results/models/job/random/c/best.pt,"[{""action"":{""high_action"":""split"",""order_decision"":""only_cost""},""phase"":""high""},{""action"":{""candidate_id"":5,""schedule_alpha"":0.5},""phase"":""select""},{""action"":{""search_k"":1,""search_strategy"":""default""},""phase"":""search""},{""action"":{""execution_action"":""none"",""lip_action"":""none""},""phase"":""low""},{""action"":{""high_action"":""split"",""order_decision"":""only_cost""},""phase"":""high""},{""action"":{""candidate_id"":1,""schedule_alpha"":0.5},""phase"":""select""},{""action"":{""search_k"":1,""search_strategy"":""default""},""phase"":""search""},{""action"":{""execution_action"":""none"",""lip_action"":""none""},""phase"":""low""},{""action"":{""high_action"":""split"",""order_decision"":""only_cost""},""phase"":""high""},{""action"":{""candidate_id"":2,""schedule_alpha"":0.5},""phase"":""select""},{""action"":{""search_k"":1,""search_strategy"":""default""},""phase"":""search""},{""action"":{""execution_action"":""none"",""lip_action"":""none""},""phase"":""low""},{""action"":{""high_action"":""split"",""order_decision"":""only_cost""},""phase"":""high""},{""action"":{""candidate_id"":1,""schedule_alpha"":0.5},""phase"":""select""},{""action"":{""search_k"":1,""search_strategy"":""default""},""phase"":""search""},{""action"":{""execution_action"":""none"",""lip_action"":""none""},""phase"":""low""},{""action"":{""high_action"":""split"",""order_decision"":""only_cost""},""phase"":""high""},{""action"":{""candidate_id"":2,""schedule_alpha"":0.5},""phase"":""select""},{""action"":{""search_k"":1,""search_strategy"":""default""},""phase"":""search""},{""action"":{""execution_action"":""none"",""lip_action"":""none""},""phase"":""low""},{""action"":{""high_action"":""split"",""order_decision"":""only_cost""},""phase"":""high""},{""action"":{""candidate_id"":1,""schedule_alpha"":0.5},""phase"":""select""},{""action"":{""search_k"":1,""search_strategy"":""default""},""phase"":""search""},{""action"":{""execution_action"":""none"",""lip_action"":""none""},""phase"":""low""},{""action"":{""high_action"":""stop"",""order_decision"":""only_cost""},""phase"":""high""},{""action"":{""search_k"":1,""search_strategy"":""default""},""phase"":""search""},{""action"":{""execution_action"":""none"",""lip_action"":""none""},""phase"":""low""}]"
JOB,c,./workloads/query_job/29c.sql,Full NQO,654.435910284519,343.147000000000,ok,77d7c0fd6a7f7c2de253fe8fc44b2b6ae848c0c1e246c513425c8f83965bf0b0,1,,e9e0d24e272e9773a669bab098699b80c9b39ef0dff5bc1127a3ac6d3084dd4e,22aac18c21047a4485b6988d6ae0eb3a5bced5dc122090a0f88ed63088d0b009,./results/models/job/random/c/best.pt,"[{""action"":{""high_action"":""split"",""order_decision"":""only_cost""},""phase"":""high""},{""action"":{""candidate_id"":5,""schedule_alpha"":0.5},""phase"":""select""},{""action"":{""search_k"":1,""search_strategy"":""default""},""phase"":""search""},{""action"":{""execution_action"":""none"",""lip_action"":""none""},""phase"":""low""},{""action"":{""high_action"":""split"",""order_decision"":""only_cost""},""phase"":""high""},{""action"":{""candidate_id"":2,""schedule_alpha"":0.5},""phase"":""select""},{""action"":{""search_k"":1,""search_strategy"":""default""},""phase"":""search""},{""action"":{""execution_action"":""none"",""lip_action"":""none""},""phase"":""low""},{""action"":{""high_action"":""split"",""order_decision"":""only_cost""},""phase"":""high""},{""action"":{""candidate_id"":1,""schedule_alpha"":0.5},""phase"":""select""},{""action"":{""search_k"":1,""search_strategy"":""default""},""phase"":""search""},{""action"":{""execution_action"":""none"",""lip_action"":""none""},""phase"":""low""},{""action"":{""high_action"":""split"",""order_decision"":""only_cost""},""phase"":""high""},{""action"":{""candidate_id"":0,""schedule_alpha"":0.5},""phase"":""select""},{""action"":{""search_k"":1,""search_strategy"":""default""},""phase"":""search""},{""action"":{""execution_action"":""none"",""lip_action"":""none""},""phase"":""low""},{""action"":{""high_action"":""split"",""order_decision"":""only_cost""},""phase"":""high""},{""action"":{""candidate_id"":1,""schedule_alpha"":0.5},""phase"":""select""},{""action"":{""search_k"":1,""search_strategy"":""default""},""phase"":""search""},{""action"":{""execution_action"":""none"",""lip_action"":""none""},""phase"":""low""},{""action"":{""high_action"":""split"",""order_decision"":""only_cost""},""phase"":""high""},{""action"":{""candidate_id"":1,""schedule_alpha"":0.5},""phase"":""select""},{""action"":{""search_k"":1,""search_strategy"":""default""},""phase"":""search""},{""action"":{""execution_action"":""none"",""lip_action"":""none""},""phase"":""low""},{""action"":{""high_action"":""stop"",""order_decision"":""only_cost""},""phase"":""high""},{""action"":{""search_k"":1,""search_strategy"":""default""},""phase"":""search""},{""action"":{""execution_action"":""none"",""lip_action"":""none""},""phase"":""low""}]"
JOB,c,./workloads/query_job/30a.sql,Full NQO,1656.165726482868,77.360000000000,ok,75f27277da0bf405cd685f3341baca046a6788152a4b13a72ad743837698d0b5,1,,cfadf7297bd43e86160385879523daf17346659a22a33acbf3786166e9163927,a1ccfc78f532787477fdd2fb51a6bc7abc1ed7fb12501a317ebde55ca0701279,./results/models/job/random/c/best.pt,"[{""action"":{""high_action"":""split"",""order_decision"":""only_cost""},""phase"":""high""},{""action"":{""candidate_id"":4,""schedule_alpha"":0.5},""phase"":""select""},{""action"":{""search_k"":1,""search_strategy"":""default""},""phase"":""search""},{""action"":{""execution_action"":""none"",""lip_action"":""none""},""phase"":""low""},{""action"":{""high_action"":""split"",""order_decision"":""only_cost""},""phase"":""high""},{""action"":{""candidate_id"":2,""schedule_alpha"":0.5},""phase"":""select""},{""action"":{""search_k"":1,""search_strategy"":""default""},""phase"":""search""},{""action"":{""execution_action"":""conservative"",""lip_action"":""selective""},""phase"":""low""},{""action"":{""high_action"":""split"",""order_decision"":""only_cost""},""phase"":""high""},{""action"":{""candidate_id"":2,""schedule_alpha"":0.5},""phase"":""select""},{""action"":{""search_k"":1,""search_strategy"":""default""},""phase"":""search""},{""action"":{""execution_action"":""conservative"",""lip_action"":""selective""},""phase"":""low""},{""action"":{""high_action"":""split"",""order_decision"":""only_cost""},""phase"":""high""},{""action"":{""candidate_id"":0,""schedule_alpha"":0.5},""phase"":""select""},{""action"":{""search_k"":1,""search_strategy"":""default""},""phase"":""search""},{""action"":{""execution_action"":""conservative"",""lip_action"":""selective""},""phase"":""low""},{""action"":{""high_action"":""stop"",""order_decision"":""only_cost""},""phase"":""high""},{""action"":{""search_k"":1,""search_strategy"":""default""},""phase"":""search""},{""action"":{""execution_action"":""none"",""lip_action"":""none""},""phase"":""low""}]"
JOB,c,./workloads/query_job/31a.sql,Full NQO,958.119630813599,89.477000000000,ok,27264682db1c692f629cbc378c2d1c85c8c6d056671bebcf765b2be4f122e770,1,,6be2bd1cbc431d36718a9a438bbb239593042b0567c6c3bcda89dccee47c7102,802e6807d677eb182057935eaf0079a809ce95b9e9eeb2a10b1cc20091eca26e,./results/models/job/random/c/best.pt,"[{""action"":{""high_action"":""split"",""order_decision"":""only_cost""},""phase"":""high""},{""action"":{""candidate_id"":4,""schedule_alpha"":0.5},""phase"":""select""},{""action"":{""search_k"":1,""search_strategy"":""default""},""phase"":""search""},{""action"":{""execution_action"":""none"",""lip_action"":""none""},""phase"":""low""},{""action"":{""high_action"":""split"",""order_decision"":""only_cost""},""phase"":""high""},{""action"":{""candidate_id"":1,""schedule_alpha"":0.5},""phase"":""select""},{""action"":{""search_k"":1,""search_strategy"":""default""},""phase"":""search""},{""action"":{""execution_action"":""conservative"",""lip_action"":""selective""},""phase"":""low""},{""action"":{""high_action"":""split"",""order_decision"":""only_cost""},""phase"":""high""},{""action"":{""candidate_id"":2,""schedule_alpha"":0.5},""phase"":""select""},{""action"":{""search_k"":1,""search_strategy"":""default""},""phase"":""search""},{""action"":{""execution_action"":""none"",""lip_action"":""none""},""phase"":""low""},{""action"":{""high_action"":""split"",""order_decision"":""only_cost""},""phase"":""high""},{""action"":{""candidate_id"":1,""schedule_alpha"":0.5},""phase"":""select""},{""action"":{""search_k"":1,""search_strategy"":""default""},""phase"":""search""},{""action"":{""execution_action"":""none"",""lip_action"":""none""},""phase"":""low""},{""action"":{""high_action"":""stop"",""order_decision"":""only_cost""},""phase"":""high""},{""action"":{""search_k"":1,""search_strategy"":""default""},""phase"":""search""},{""action"":{""execution_action"":""none"",""lip_action"":""none""},""phase"":""low""}]"
JOB,c,./workloads/query_job/31b.sql,Full NQO,855.623781681061,270.752000000000,ok,17bebc2b6a6ef3426f94300ca4385edad88ebd34fac62fd56a0fc58c24e5b98e,1,,11e154b81196595c9f6586af705e2a15a4467a7ea65eb6fc4c6953fad900ea03,942bbf6a4bc8460791e267b26a1ca6d4b6b0b72524f0db793a16352e5d2fc5e7,./results/models/job/random/c/best.pt,"[{""action"":{""high_action"":""split"",""order_decision"":""only_cost""},""phase"":""high""},{""action"":{""candidate_id"":4,""schedule_alpha"":0.5},""phase"":""select""},{""action"":{""search_k"":1,""search_strategy"":""default""},""phase"":""search""},{""action"":{""execution_action"":""none"",""lip_action"":""none""},""phase"":""low""},{""action"":{""high_action"":""split"",""order_decision"":""only_cost""},""phase"":""high""},{""action"":{""candidate_id"":3,""schedule_alpha"":0.5},""phase"":""select""},{""action"":{""search_k"":1,""search_strategy"":""default""},""phase"":""search""},{""action"":{""execution_action"":""none"",""lip_action"":""none""},""phase"":""low""},{""action"":{""high_action"":""split"",""order_decision"":""only_cost""},""phase"":""high""},{""action"":{""candidate_id"":1,""schedule_alpha"":0.5},""phase"":""select""},{""action"":{""search_k"":1,""search_strategy"":""default""},""phase"":""search""},{""action"":{""execution_action"":""none"",""lip_action"":""none""},""phase"":""low""},{""action"":{""high_action"":""split"",""order_decision"":""only_cost""},""phase"":""high""},{""action"":{""candidate_id"":1,""schedule_alpha"":0.5},""phase"":""select""},{""action"":{""search_k"":1,""search_strategy"":""default""},""phase"":""search""},{""action"":{""execution_action"":""none"",""lip_action"":""none""},""phase"":""low""},{""action"":{""high_action"":""stop"",""order_decision"":""only_cost""},""phase"":""high""},{""action"":{""search_k"":1,""search_strategy"":""default""},""phase"":""search""},{""action"":{""execution_action"":""none"",""lip_action"":""none""},""phase"":""low""}]"
JOB,c,./workloads/query_job/32b.sql,Full NQO,502.774856984615,37.281000000000,ok,136f26a2ebb961337e13a1b2c25ce51ab44ee67277b807b22bcb2f94ab99343c,1,,9e0161e89dca75570b644a4ebf463b97d80361e29a4f2263d045bea5d1e34866,13ba2c5569607b1e77ed26861bf3e3870f3a749823aca4c2318a355ef2141c61,./results/models/job/random/c/best.pt,"[{""action"":{""high_action"":""split"",""order_decision"":""only_cost""},""phase"":""high""},{""action"":{""candidate_id"":0,""schedule_alpha"":0.5},""phase"":""select""},{""action"":{""search_k"":1,""search_strategy"":""default""},""phase"":""search""},{""action"":{""execution_action"":""none"",""lip_action"":""none""},""phase"":""low""},{""action"":{""high_action"":""stop"",""order_decision"":""only_cost""},""phase"":""high""},{""action"":{""search_k"":1,""search_strategy"":""default""},""phase"":""search""},{""action"":{""execution_action"":""conservative"",""lip_action"":""selective""},""phase"":""low""}]"
JOB,c,./workloads/query_job/33c.sql,Full NQO,670.634925365448,108.469000000000,ok,68464506f3c0aa8fd4c37209daa0d0c9c8f54c57dca6a9b2860add78f906185b,1,,777c6e9019cd9a5e756d6d9283a31fae57af6c4e7a0e99ab0fc7dccf72082f7b,11b20db1443aa4f1bf306c9a08b8e9b60a0232cc513a8fd9fdd5d53c7d972dc5,./results/models/job/random/c/best.pt,"[{""action"":{""high_action"":""split"",""order_decision"":""only_cost""},""phase"":""high""},{""action"":{""candidate_id"":3,""schedule_alpha"":0.5},""phase"":""select""},{""action"":{""search_k"":1,""search_strategy"":""default""},""phase"":""search""},{""action"":{""execution_action"":""none"",""lip_action"":""none""},""phase"":""low""},{""action"":{""high_action"":""split"",""order_decision"":""only_cost""},""phase"":""high""},{""action"":{""candidate_id"":0,""schedule_alpha"":0.5},""phase"":""select""},{""action"":{""search_k"":1,""search_strategy"":""default""},""phase"":""search""},{""action"":{""execution_action"":""conservative"",""lip_action"":""selective""},""phase"":""low""},{""action"":{""high_action"":""split"",""order_decision"":""only_cost""},""phase"":""high""},{""action"":{""candidate_id"":3,""schedule_alpha"":0.5},""phase"":""select""},{""action"":{""search_k"":1,""search_strategy"":""default""},""phase"":""search""},{""action"":{""execution_action"":""none"",""lip_action"":""none""},""phase"":""low""},{""action"":{""high_action"":""split"",""order_decision"":""only_cost""},""phase"":""high""},{""action"":{""candidate_id"":0,""schedule_alpha"":0.5},""phase"":""select""},{""action"":{""search_k"":1,""search_strategy"":""default""},""phase"":""search""},{""action"":{""execution_action"":""conservative"",""lip_action"":""selective""},""phase"":""low""},{""action"":{""high_action"":""split"",""order_decision"":""only_cost""},""phase"":""high""},{""action"":{""candidate_id"":2,""schedule_alpha"":0.5},""phase"":""select""},{""action"":{""search_k"":1,""search_strategy"":""default""},""phase"":""search""},{""action"":{""execution_action"":""none"",""lip_action"":""none""},""phase"":""low""},{""action"":{""high_action"":""split"",""order_decision"":""only_cost""},""phase"":""high""},{""action"":{""candidate_id"":0,""schedule_alpha"":0.5},""phase"":""select""},{""action"":{""search_k"":1,""search_strategy"":""default""},""phase"":""search""},{""action"":{""execution_action"":""none"",""lip_action"":""none""},""phase"":""low""},{""action"":{""high_action"":""stop"",""order_decision"":""only_cost""},""phase"":""high""},{""action"":{""search_k"":1,""search_strategy"":""default""},""phase"":""search""},{""action"":{""execution_action"":""none"",""lip_action"":""none""},""phase"":""low""}]"
JOB,c,./workloads/query_job/5a.sql,Full NQO,354.243405163288,77.623000000000,ok,4f78f1a55542d807d5eaabd4ee2244ee9ba0258958f7de1c1ef4598cd5b46ab1,1,,52dbfa82b51632d0afaea3008e5bf81143b5f266778029af739022a4a49f9fd0,853de6f68bc3cfd0a25809bee68edb558e7b75905d3559410ff673ce25f8f759,./results/models/job/random/c/best.pt,"[{""action"":{""high_action"":""split"",""order_decision"":""only_cost""},""phase"":""high""},{""action"":{""candidate_id"":0,""schedule_alpha"":0.5},""phase"":""select""},{""action"":{""search_k"":1,""search_strategy"":""default""},""phase"":""search""},{""action"":{""execution_action"":""none"",""lip_action"":""none""},""phase"":""low""},{""action"":{""high_action"":""stop"",""order_decision"":""only_cost""},""phase"":""high""},{""action"":{""search_k"":1,""search_strategy"":""default""},""phase"":""search""},{""action"":{""execution_action"":""none"",""lip_action"":""none""},""phase"":""low""}]"
JOB,c,./workloads/query_job/6d.sql,Full NQO,1203.599609434605,118.076000000000,ok,bf8229c3af721fca42ad64803e348b47d39c54dfd46fcbc5d2ef84cd56b31b17,1,,e3eb1dc9750b44b2a66842b0352130234def7218ac43f2e5979e12eeed9c72e5,fae0129ba5edbf3d4e8c51d1f8fc4be554d37c7bf7cea809fcf1cab30e65865f,./results/models/job/random/c/best.pt,"[{""action"":{""high_action"":""split"",""order_decision"":""only_cost""},""phase"":""high""},{""action"":{""candidate_id"":1,""schedule_alpha"":0.5},""phase"":""select""},{""action"":{""search_k"":1,""search_strategy"":""default""},""phase"":""search""},{""action"":{""execution_action"":""none"",""lip_action"":""none""},""phase"":""low""},{""action"":{""high_action"":""stop"",""order_decision"":""only_cost""},""phase"":""high""},{""action"":{""search_k"":1,""search_strategy"":""default""},""phase"":""search""},{""action"":{""execution_action"":""conservative"",""lip_action"":""selective""},""phase"":""low""}]"
JOB,c,./workloads/query_job/6e.sql,Full NQO,150.249570608139,75.645000000000,ok,2e45680981dcedf844899f966540a92734a6200fc0d8bd8a547ceba0d0cf631f,1,,ca34e6fc9f6dc5ff6c01c27b9604adc6300edc81f6dab3252e53f7d836f6c1f7,529257d3305b7fabb901d883841f36bd3a93fe5bc9f635970caf59b41661363a,./results/models/job/random/c/best.pt,"[{""action"":{""high_action"":""split"",""order_decision"":""only_cost""},""phase"":""high""},{""action"":{""candidate_id"":1,""schedule_alpha"":0.5},""phase"":""select""},{""action"":{""search_k"":1,""search_strategy"":""default""},""phase"":""search""},{""action"":{""execution_action"":""none"",""lip_action"":""none""},""phase"":""low""},{""action"":{""high_action"":""stop"",""order_decision"":""only_cost""},""phase"":""high""},{""action"":{""search_k"":1,""search_strategy"":""default""},""phase"":""search""},{""action"":{""execution_action"":""none"",""lip_action"":""none""},""phase"":""low""}]"
JOB,c,./workloads/query_job/7a.sql,Full NQO,335.975743830204,59.686000000000,ok,4c15deaf8c868c357c511a9b1b16153f35d0a6d69bf0cb9d733dd8855dca6cb3,1,,ba77f29a80063f1f49ae553e844d5862a97199b3d3d5f9368ac4a5bcc0baa3d6,06fadabaa75bcf122ee151fd33e33a414947cd4600a58392f40905099d787b80,./results/models/job/random/c/best.pt,"[{""action"":{""high_action"":""split"",""order_decision"":""only_cost""},""phase"":""high""},{""action"":{""candidate_id"":3,""schedule_alpha"":0.5},""phase"":""select""},{""action"":{""search_k"":1,""search_strategy"":""default""},""phase"":""search""},{""action"":{""execution_action"":""none"",""lip_action"":""none""},""phase"":""low""},{""action"":{""high_action"":""split"",""order_decision"":""only_cost""},""phase"":""high""},{""action"":{""candidate_id"":0,""schedule_alpha"":0.5},""phase"":""select""},{""action"":{""search_k"":1,""search_strategy"":""default""},""phase"":""search""},{""action"":{""execution_action"":""none"",""lip_action"":""none""},""phase"":""low""},{""action"":{""high_action"":""split"",""order_decision"":""only_cost""},""phase"":""high""},{""action"":{""candidate_id"":1,""schedule_alpha"":0.5},""phase"":""select""},{""action"":{""search_k"":1,""search_strategy"":""default""},""phase"":""search""},{""action"":{""execution_action"":""none"",""lip_action"":""none""},""phase"":""low""},{""action"":{""high_action"":""stop"",""order_decision"":""only_cost""},""phase"":""high""},{""action"":{""search_k"":1,""search_strategy"":""default""},""phase"":""search""},{""action"":{""execution_action"":""conservative"",""lip_action"":""selective""},""phase"":""low""}]"
JOB,c,./workloads/query_job/8d.sql,Full NQO,5230.511106550694,70.189000000000,ok,42e9d5875e298e1e96988f68f4ea5385d847af85ed0e315fb1c559c113c45301,1,,d75e8430f6364d7661b2dd52087975bce4d91380c56111358f3c9d3692f3dc16,a1f1734fdbecab5697c827fd21f452398572911aadc7d32a3108d4e0dcc7e96c,./results/models/job/random/c/best.pt,"[{""action"":{""high_action"":""split"",""order_decision"":""only_cost""},""phase"":""high""},{""action"":{""candidate_id"":2,""schedule_alpha"":0.5},""phase"":""select""},{""action"":{""search_k"":1,""search_strategy"":""default""},""phase"":""search""},{""action"":{""execution_action"":""conservative"",""lip_action"":""selective""},""phase"":""low""},{""action"":{""high_action"":""split"",""order_decision"":""only_cost""},""phase"":""high""},{""action"":{""candidate_id"":0,""schedule_alpha"":0.5},""phase"":""select""},{""action"":{""search_k"":1,""search_strategy"":""default""},""phase"":""search""},{""action"":{""execution_action"":""conservative"",""lip_action"":""selective""},""phase"":""low""},{""action"":{""high_action"":""stop"",""order_decision"":""only_cost""},""phase"":""high""},{""action"":{""search_k"":1,""search_strategy"":""default""},""phase"":""search""},{""action"":{""execution_action"":""conservative"",""lip_action"":""selective""},""phase"":""low""}]"
JOB,c,./workloads/query_job/9c.sql,Full NQO,2280.582569539547,82.428000000000,ok,557da082f2ed4caf79da00c7414e7dd21a43ea04df959539305598466791daec,1,,675d29193ccba9b272afb2c92e52d28cb1e04e7e6a36afc6f7529d106a738e21,3fb4221c29056cab5708cb1a87142587a4b3f7a91bff8701703314bd66b8821e,./results/models/job/random/c/best.pt,"[{""action"":{""high_action"":""split"",""order_decision"":""only_cost""},""phase"":""high""},{""action"":{""candidate_id"":1,""schedule_alpha"":0.5},""phase"":""select""},{""action"":{""search_k"":1,""search_strategy"":""default""},""phase"":""search""},{""action"":{""execution_action"":""none"",""lip_action"":""none""},""phase"":""low""},{""action"":{""high_action"":""split"",""order_decision"":""only_cost""},""phase"":""high""},{""action"":{""candidate_id"":0,""schedule_alpha"":0.5},""phase"":""select""},{""action"":{""search_k"":1,""search_strategy"":""default""},""phase"":""search""},{""action"":{""execution_action"":""none"",""lip_action"":""none""},""phase"":""low""},{""action"":{""high_action"":""stop"",""order_decision"":""only_cost""},""phase"":""high""},{""action"":{""search_k"":1,""search_strategy"":""default""},""phase"":""search""},{""action"":{""execution_action"":""conservative"",""lip_action"":""selective""},""phase"":""low""}]"
JOB,a,./workloads/query_job/10c.sql,One-step RL,7338.754929602146,46.871000000000,ok,73b0bf53e0d911a07eeb82a77e0c4d8e572b4a66464eabd6ab74eddeab66e4b6,1,True,5275764f2401195e6a544e22d0840536a2b4d9dbc51295d150077f21d0be35f0,7be0ed4c0418942f410676f64fb624dbfd313a5ca9b19dcc7240b853e5df589a,./results/models/ablation/rl/one_step/job/random_a/best.pt,"[{""action"":{""high_action"":""stop"",""order_decision"":""only_cost""},""phase"":""high""},{""action"":{""search_k"":1,""search_strategy"":""default""},""phase"":""search""},{""action"":{""execution_action"":""conservative"",""lip_action"":""selective""},""phase"":""low""}]"
JOB,a,./workloads/query_job/11d.sql,One-step RL,230.543747544289,75.763000000000,ok,de7342ed1d49ddb4af769ed803430202f4e99db6d34267ee2b58c1cbcee1f279,1,True,5ac4cb4ae75270882624867ac1cf2695549de7e5303c0679198919ca3f7c04ec,d5a4653df31810ede5fe552e8e52da489eb78d0b5f1d94cbc80c4ba03a3e09cf,./results/models/ablation/rl/one_step/job/random_a/best.pt,"[{""action"":{""high_action"":""stop"",""order_decision"":""only_cost""},""phase"":""high""},{""action"":{""search_k"":1,""search_strategy"":""default""},""phase"":""search""},{""action"":{""execution_action"":""none"",""lip_action"":""none""},""phase"":""low""}]"
JOB,a,./workloads/query_job/13a.sql,One-step RL,2518.219463527203,16.506000000000,ok,5ee98befd3d641c6753778abf08e4c9202a00380903807997963bc6fbf2344d1,1,True,41b19fc481696c7748cd5c7c2871b079064f5afe898caaefc11de0c05c1a1df6,9240fac0a0e0c8a9e03c9e9f8a1daa05d4dba5f8a4d3641f869ad5579ff529a5,./results/models/ablation/rl/one_step/job/random_a/best.pt,"[{""action"":{""high_action"":""stop"",""order_decision"":""only_cost""},""phase"":""high""},{""action"":{""search_k"":1,""search_strategy"":""default""},""phase"":""search""},{""action"":{""execution_action"":""conservative"",""lip_action"":""selective""},""phase"":""low""}]"
JOB,a,./workloads/query_job/13b.sql,One-step RL,1214.693494141102,90.474000000000,ok,3d96d4044fccab21095254c6b5ee60e7d430f8e3a04d0eb12bc3df93c0a121c3,1,True,bd5575bc2586996551abcbbe6aa53f734f17dc24991a03f35dc44a5309955189,4554399e8ce618524f4fcff267e6e5b20ae1cfa35fb8f6f917ccbd30c3d5588a,./results/models/ablation/rl/one_step/job/random_a/best.pt,"[{""action"":{""high_action"":""stop"",""order_decision"":""only_cost""},""phase"":""high""},{""action"":{""search_k"":1,""search_strategy"":""default""},""phase"":""search""},{""action"":{""execution_action"":""none"",""lip_action"":""none""},""phase"":""low""}]"
JOB,a,./workloads/query_job/13d.sql,One-step RL,4458.047494292259,53.782000000000,ok,23a870573284058686cb251c6ba164baa8ae4f5ef07cfb8c562be705ab7dee88,1,True,3a1396031b44384677afb9d25db64eeb442401fb0a52c11ac82d4fd155436e92,20f7e545ede9a395cb9c94d320bfc957b88cbc78a7a41816b93f9131bca95c1d,./results/models/ablation/rl/one_step/job/random_a/best.pt,"[{""action"":{""high_action"":""stop"",""order_decision"":""only_cost""},""phase"":""high""},{""action"":{""search_k"":1,""search_strategy"":""default""},""phase"":""search""},{""action"":{""execution_action"":""conservative"",""lip_action"":""selective""},""phase"":""low""}]"
JOB,a,./workloads/query_job/15c.sql,One-step RL,1010.202057659626,193.561000000000,ok,089e136e8a705182e20d1d2d2df976cada5b59fa92a88f7c18af99db6fa72368,1,True,d83edf8bdef918f527c36f1725e09d8a062412eaecd6fd73a82af50a8c88df05,1f892d4bebba9473458c7b1ca31aff5fd8e47edf39e49f5fbbdb8e95425a5732,./results/models/ablation/rl/one_step/job/random_a/best.pt,"[{""action"":{""high_action"":""split"",""order_decision"":""only_cost""},""phase"":""high""},{""action"":{""candidate_id"":2,""schedule_alpha"":0.5},""phase"":""select""},{""action"":{""search_k"":1,""search_strategy"":""default""},""phase"":""search""},{""action"":{""execution_action"":""none"",""lip_action"":""none""},""phase"":""low""},{""action"":{""high_action"":""split"",""order_decision"":""only_cost""},""phase"":""high""},{""action"":{""candidate_id"":0,""schedule_alpha"":0.5},""phase"":""select""},{""action"":{""search_k"":1,""search_strategy"":""default""},""phase"":""search""},{""action"":{""execution_action"":""conservative"",""lip_action"":""selective""},""phase"":""low""},{""action"":{""high_action"":""split"",""order_decision"":""only_cost""},""phase"":""high""},{""action"":{""candidate_id"":0,""schedule_alpha"":0.5},""phase"":""select""},{""action"":{""search_k"":1,""search_strategy"":""default""},""phase"":""search""},{""action"":{""execution_action"":""none"",""lip_action"":""none""},""phase"":""low""},{""action"":{""high_action"":""stop"",""order_decision"":""only_cost""},""phase"":""high""},{""action"":{""search_k"":1,""search_strategy"":""default""},""phase"":""search""},{""action"":{""execution_action"":""conservative"",""lip_action"":""none""},""phase"":""low""}]"
JOB,a,./workloads/query_job/17d.sql,One-step RL,1422.983378171921,78.878000000000,ok,9a519542553c082aa22cad711ded801827b50f2fc8a7b5078563cb2b04a7428e,1,True,f07023fe1f4b051c0561479fae1a5935caf5472328254d62b8b5b60d66d4b710,632281a5b0c90690a8045bbd61bc80c3b4e8b3d351c40ef95987b43ddb508582,./results/models/ablation/rl/one_step/job/random_a/best.pt,"[{""action"":{""high_action"":""split"",""order_decision"":""only_cost""},""phase"":""high""},{""action"":{""candidate_id"":2,""schedule_alpha"":0.5},""phase"":""select""},{""action"":{""search_k"":1,""search_strategy"":""default""},""phase"":""search""},{""action"":{""execution_action"":""none"",""lip_action"":""none""},""phase"":""low""},{""action"":{""high_action"":""split"",""order_decision"":""only_cost""},""phase"":""high""},{""action"":{""candidate_id"":0,""schedule_alpha"":0.5},""phase"":""select""},{""action"":{""search_k"":1,""search_strategy"":""default""},""phase"":""search""},{""action"":{""execution_action"":""conservative"",""lip_action"":""selective""},""phase"":""low""},{""action"":{""high_action"":""stop"",""order_decision"":""only_cost""},""phase"":""high""},{""action"":{""search_k"":1,""search_strategy"":""default""},""phase"":""search""},{""action"":{""execution_action"":""none"",""lip_action"":""none""},""phase"":""low""}]"
JOB,a,./workloads/query_job/18b.sql,One-step RL,1996.674276888370,111.392170190811,timeout,,,True,984de27ca52dfa500ec86d86b37320efd6cbec08d2d1af3cb3cc610113805c16,f220f488e0c1e54886ebaa388b9b23ca586ad9302da61670c4f72883398e561f,./results/models/ablation/rl/one_step/job/random_a/best.pt,"[{""action"":{""high_action"":""stop"",""order_decision"":""only_cost""},""phase"":""high""},{""action"":{""search_k"":1,""search_strategy"":""default""},""phase"":""search""},{""action"":{""execution_action"":""conservative"",""lip_action"":""selective""},""phase"":""low""}]"
JOB,a,./workloads/query_job/18c.sql,One-step RL,6894.888520240784,43.024000000000,ok,542307488c7a1ab1b7cc860d07b9bcba2943079fcc1b17924c4d69c8285fa274,1,True,c3b965077b7361a455c162c98ed8095f09ab958fe44e2aa88b3931d5160e0019,5e9762a432bf2184a6e6880aeba51f8d629ba73b9993bb036f431e7324723350,./results/models/ablation/rl/one_step/job/random_a/best.pt,"[{""action"":{""high_action"":""split"",""order_decision"":""only_cost""},""phase"":""high""},{""action"":{""candidate_id"":1,""schedule_alpha"":0.5},""phase"":""select""},{""action"":{""search_k"":1,""search_strategy"":""default""},""phase"":""search""},{""action"":{""execution_action"":""none"",""lip_action"":""none""},""phase"":""low""},{""action"":{""high_action"":""split"",""order_decision"":""only_cost""},""phase"":""high""},{""action"":{""candidate_id"":1,""schedule_alpha"":0.5},""phase"":""select""},{""action"":{""search_k"":1,""search_strategy"":""default""},""phase"":""search""},{""action"":{""execution_action"":""conservative"",""lip_action"":""none""},""phase"":""low""},{""action"":{""high_action"":""stop"",""order_decision"":""only_cost""},""phase"":""high""},{""action"":{""search_k"":1,""search_strategy"":""default""},""phase"":""search""},{""action"":{""execution_action"":""conservative"",""lip_action"":""none""},""phase"":""low""}]"
JOB,a,./workloads/query_job/19b.sql,One-step RL,751.467823982239,198.622000000000,ok,91275ea0a7bef7c58863c590bb17df5976280a00d3553ff0ccfd2fc85a34dfb6,1,True,64c17522b2d15703dc49092dc409d5721bdcf288de0dff5d42aee7517fd54a63,21f3066e2bde34336187e56d574eeccaf5b8c862681ad43724e8aeb9290e4c57,./results/models/ablation/rl/one_step/job/random_a/best.pt,"[{""action"":{""high_action"":""split"",""order_decision"":""only_cost""},""phase"":""high""},{""action"":{""candidate_id"":2,""schedule_alpha"":0.5},""phase"":""select""},{""action"":{""search_k"":1,""search_strategy"":""default""},""phase"":""search""},{""action"":{""execution_action"":""none"",""lip_action"":""none""},""phase"":""low""},{""action"":{""high_action"":""split"",""order_decision"":""only_cost""},""phase"":""high""},{""action"":{""candidate_id"":1,""schedule_alpha"":0.5},""phase"":""select""},{""action"":{""search_k"":1,""search_strategy"":""default""},""phase"":""search""},{""action"":{""execution_action"":""none"",""lip_action"":""none""},""phase"":""low""},{""action"":{""high_action"":""split"",""order_decision"":""only_cost""},""phase"":""high""},{""action"":{""candidate_id"":0,""schedule_alpha"":0.5},""phase"":""select""},{""action"":{""search_k"":1,""search_strategy"":""default""},""phase"":""search""},{""action"":{""execution_action"":""none"",""lip_action"":""none""},""phase"":""low""},{""action"":{""high_action"":""stop"",""order_decision"":""only_cost""},""phase"":""high""},{""action"":{""search_k"":1,""search_strategy"":""default""},""phase"":""search""},{""action"":{""execution_action"":""none"",""lip_action"":""none""},""phase"":""low""}]"
JOB,a,./workloads/query_job/19c.sql,One-step RL,3047.520875930786,62.607000000000,ok,5bb686926c7ac803228b08a35834a98c97bfac4d34377d9f0e0143ed1c846478,1,True,7561ac8f7f22d1fc472f0fe8f8fe02813bcbc72c58152548249fc0eb24dcd509,0e005e61fbe67a18c88b27f8c2119c335fbd5e7b7d7c5f6a489f68b9bdef1572,./results/models/ablation/rl/one_step/job/random_a/best.pt,"[{""action"":{""high_action"":""split"",""order_decision"":""only_cost""},""phase"":""high""},{""action"":{""candidate_id"":1,""schedule_alpha"":0.5},""phase"":""select""},{""action"":{""search_k"":1,""search_strategy"":""default""},""phase"":""search""},{""action"":{""execution_action"":""none"",""lip_action"":""selective""},""phase"":""low""},{""action"":{""high_action"":""split"",""order_decision"":""only_cost""},""phase"":""high""},{""action"":{""candidate_id"":2,""schedule_alpha"":0.5},""phase"":""select""},{""action"":{""search_k"":1,""search_strategy"":""default""},""phase"":""search""},{""action"":{""execution_action"":""conservative"",""lip_action"":""selective""},""phase"":""low""},{""action"":{""high_action"":""split"",""order_decision"":""only_cost""},""phase"":""high""},{""action"":{""candidate_id"":0,""schedule_alpha"":0.5},""phase"":""select""},{""action"":{""search_k"":1,""search_strategy"":""default""},""phase"":""search""},{""action"":{""execution_action"":""none"",""lip_action"":""none""},""phase"":""low""},{""action"":{""high_action"":""stop"",""order_decision"":""only_cost""},""phase"":""high""},{""action"":{""search_k"":1,""search_strategy"":""default""},""phase"":""search""},{""action"":{""execution_action"":""conservative"",""lip_action"":""none""},""phase"":""low""}]"
JOB,a,./workloads/query_job/1a.sql,One-step RL,94.836473464966,40.285000000000,ok,4509535bf8626cc136208e1b88afc7aa478160ccf6b340e66765b9bcf2288a38,1,True,1c839f0a1247f8e470bd458c0dd324f6595b8129d2e73f9a3beb0fbad274ffdc,deddc01784861663d77d45eedc92ed8d235d1bb7504213c41bb9977194fe66c2,./results/models/ablation/rl/one_step/job/random_a/best.pt,"[{""action"":{""high_action"":""stop"",""order_decision"":""only_cost""},""phase"":""high""},{""action"":{""search_k"":1,""search_strategy"":""default""},""phase"":""search""},{""action"":{""execution_action"":""conservative"",""lip_action"":""selective""},""phase"":""low""}]"
JOB,a,./workloads/query_job/20a.sql,One-step RL,2336.044758558273,52.043000000000,ok,b9480e419c0d039ed6aaa9978ef27229df665cc5a98eb6295b1a8948ca1efa8c,1,True,ddf4599c955b926884a0317e8fbf34ef0dc4ee04d767ebe75c5ba3e1d5b18d27,cc51832351fac1ede1b7e442460bb5a1e33a2a1722a4ba250a2f9fdd00c695a2,./results/models/ablation/rl/one_step/job/random_a/best.pt,"[{""action"":{""high_action"":""split"",""order_decision"":""only_cost""},""phase"":""high""},{""action"":{""candidate_id"":2,""schedule_alpha"":0.5},""phase"":""select""},{""action"":{""search_k"":1,""search_strategy"":""default""},""phase"":""search""},{""action"":{""execution_action"":""none"",""lip_action"":""none""},""phase"":""low""},{""action"":{""high_action"":""split"",""order_decision"":""only_cost""},""phase"":""high""},{""action"":{""candidate_id"":2,""schedule_alpha"":0.5},""phase"":""select""},{""action"":{""search_k"":1,""search_strategy"":""default""},""phase"":""search""},{""action"":{""execution_action"":""conservative"",""lip_action"":""selective""},""phase"":""low""},{""action"":{""high_action"":""split"",""order_decision"":""only_cost""},""phase"":""high""},{""action"":{""candidate_id"":0,""schedule_alpha"":0.5},""phase"":""select""},{""action"":{""search_k"":1,""search_strategy"":""default""},""phase"":""search""},{""action"":{""execution_action"":""conservative"",""lip_action"":""none""},""phase"":""low""},{""action"":{""high_action"":""stop"",""order_decision"":""only_cost""},""phase"":""high""},{""action"":{""search_k"":1,""search_strategy"":""default""},""phase"":""search""},{""action"":{""execution_action"":""none"",""lip_action"":""none""},""phase"":""low""}]"
JOB,a,./workloads/query_job/22a.sql,One-step RL,629.684254527092,73.611000000000,ok,6bee5e8659b220bbe1e6582e8e5bea8f9a97ac298b4a7f5246846c1413c5c2c3,1,True,fbb968bba775747b3e0b54643e893649e8f41c9257a3cb564710493d403099a8,e07ec0fe5b9bba5e9c63036cf67af2e60c8b26c77279db2bc573dd018d6f84e1,./results/models/ablation/rl/one_step/job/random_a/best.pt,"[{""action"":{""high_action"":""stop"",""order_decision"":""only_cost""},""phase"":""high""},{""action"":{""search_k"":1,""search_strategy"":""default""},""phase"":""search""},{""action"":{""execution_action"":""none"",""lip_action"":""none""},""phase"":""low""}]"
JOB,a,./workloads/query_job/22c.sql,One-step RL,2035.862550139427,89.258000000000,ok,18e529eeadd28daacd2cb90fcff55d8be4573ecfaaf76cd6e1ddb1dd25ff265c,1,True,67c91aa92958941bff045a8d2c4da0c344edb17394eb3af91b4b543afeea2e0f,81bf82442f10392e66644157f98c9c5e731eac0bb552484e907c5840d0eacc99,./results/models/ablation/rl/one_step/job/random_a/best.pt,"[{""action"":{""high_action"":""stop"",""order_decision"":""only_cost""},""phase"":""high""},{""action"":{""search_k"":1,""search_strategy"":""default""},""phase"":""search""},{""action"":{""execution_action"":""none"",""lip_action"":""none""},""phase"":""low""}]"
JOB,a,./workloads/query_job/22d.sql,One-step RL,1059.323564171791,79.043000000000,ok,5469e96c680a925a1c749d9befcbc02caea70a0c986dfa8291bc858fe10392ac,1,True,e156dcd682c97edba243de758b0670fda555e09f3010da23cbe6a13911f7a843,034f5b395596a60dfa13fe2c3d7de2099201f7f3ccf6407b00c479fa29dd1221,./results/models/ablation/rl/one_step/job/random_a/best.pt,"[{""action"":{""high_action"":""stop"",""order_decision"":""only_cost""},""phase"":""high""},{""action"":{""search_k"":1,""search_strategy"":""default""},""phase"":""search""},{""action"":{""execution_action"":""none"",""lip_action"":""none""},""phase"":""low""}]"
JOB,a,./workloads/query_job/23b.sql,One-step RL,822.952784597874,69.828000000000,ok,f3a7f99f72b0caf860606e57aed9dc89d96aec3d96e1b92fd2104119ba77b59b,1,True,2c727d4d6d349b8993f208625ce3ebc9287a42afe11d3fe6321c4eef2e9af926,2172d40e4ec2e74f62bd864b045c81d6f86cc83bb4ca887f4a58a69e2b4b6f99,./results/models/ablation/rl/one_step/job/random_a/best.pt,"[{""action"":{""high_action"":""split"",""order_decision"":""only_cost""},""phase"":""high""},{""action"":{""candidate_id"":2,""schedule_alpha"":0.5},""phase"":""select""},{""action"":{""search_k"":1,""search_strategy"":""default""},""phase"":""search""},{""action"":{""execution_action"":""none"",""lip_action"":""none""},""phase"":""low""},{""action"":{""high_action"":""split"",""order_decision"":""only_cost""},""phase"":""high""},{""action"":{""candidate_id"":1,""schedule_alpha"":0.5},""phase"":""select""},{""action"":{""search_k"":1,""search_strategy"":""default""},""phase"":""search""},{""action"":{""execution_action"":""conservative"",""lip_action"":""selective""},""phase"":""low""},{""action"":{""high_action"":""split"",""order_decision"":""only_cost""},""phase"":""high""},{""action"":{""candidate_id"":2,""schedule_alpha"":0.5},""phase"":""select""},{""action"":{""search_k"":1,""search_strategy"":""default""},""phase"":""search""},{""action"":{""execution_action"":""conservative"",""lip_action"":""selective""},""phase"":""low""},{""action"":{""high_action"":""split"",""order_decision"":""only_cost""},""phase"":""high""},{""action"":{""candidate_id"":0,""schedule_alpha"":0.5},""phase"":""select""},{""action"":{""search_k"":1,""search_strategy"":""default""},""phase"":""search""},{""action"":{""execution_action"":""none"",""lip_action"":""none""},""phase"":""low""},{""action"":{""high_action"":""stop"",""order_decision"":""only_cost""},""phase"":""high""},{""action"":{""search_k"":1,""search_strategy"":""default""},""phase"":""search""},{""action"":{""execution_action"":""none"",""lip_action"":""none""},""phase"":""low""}]"
JOB,a,./workloads/query_job/26b.sql,One-step RL,729.634985327721,73.972000000000,ok,52c5df37c8602881f0acfe405e5a4f38ddcec08893afde614bdc4c3ed35bf58f,1,True,269b00a88371f1ce4be90647caf2daaa43587ff2ab478663cc77b83e0e264cbd,0834e1a5eeca1dfa7a90c0e245455dda1c906e2c3449eaa1749e390ebd088787,./results/models/ablation/rl/one_step/job/random_a/best.pt,"[{""action"":{""high_action"":""split"",""order_decision"":""only_cost""},""phase"":""high""},{""action"":{""candidate_id"":3,""schedule_alpha"":0.5},""phase"":""select""},{""action"":{""search_k"":1,""search_strategy"":""default""},""phase"":""search""},{""action"":{""execution_action"":""none"",""lip_action"":""none""},""phase"":""low""},{""action"":{""high_action"":""split"",""order_decision"":""only_cost""},""phase"":""high""},{""action"":{""candidate_id"":2,""schedule_alpha"":0.5},""phase"":""select""},{""action"":{""search_k"":1,""search_strategy"":""default""},""phase"":""search""},{""action"":{""execution_action"":""conservative"",""lip_action"":""selective""},""phase"":""low""},{""action"":{""high_action"":""split"",""order_decision"":""only_cost""},""phase"":""high""},{""action"":{""candidate_id"":2,""schedule_alpha"":0.5},""phase"":""select""},{""action"":{""search_k"":1,""search_strategy"":""default""},""phase"":""search""},{""action"":{""execution_action"":""none"",""lip_action"":""none""},""phase"":""low""},{""action"":{""high_action"":""split"",""order_decision"":""only_cost""},""phase"":""high""},{""action"":{""candidate_id"":0,""schedule_alpha"":0.5},""phase"":""select""},{""action"":{""search_k"":1,""search_strategy"":""default""},""phase"":""search""},{""action"":{""execution_action"":""none"",""lip_action"":""none""},""phase"":""low""},{""action"":{""high_action"":""stop"",""order_decision"":""only_cost""},""phase"":""high""},{""action"":{""search_k"":1,""search_strategy"":""default""},""phase"":""search""},{""action"":{""execution_action"":""none"",""lip_action"":""none""},""phase"":""low""}]"
JOB,a,./workloads/query_job/28c.sql,One-step RL,1462.902680039406,93.876000000000,ok,991e8b67081098ca2488bedc79afe1881f2df52affbd0cf95312f4fb04855bd7,1,True,44786839196803076f694a42ea77fe7dbf087e6d129705b727260222ad0640b9,6e0e9e34366290554801d0f64aed71fbaf36f532c2078ebf64704f208727138d,./results/models/ablation/rl/one_step/job/random_a/best.pt,"[{""action"":{""high_action"":""stop"",""order_decision"":""only_cost""},""phase"":""high""},{""action"":{""search_k"":1,""search_strategy"":""default""},""phase"":""search""},{""action"":{""execution_action"":""none"",""lip_action"":""none""},""phase"":""low""}]"
JOB,a,./workloads/query_job/2a.sql,One-step RL,721.579730510712,60.570000000000,ok,fc90f3c2c15c5abce95811297c6b9a8ee98e4e03347ce9e79c8ce8e6b57b03a0,1,True,0995feb2bcd3f7f0309e5327fcc700850effde3e159b0c7405c2a29e9f46ba89,398c0ef785bfd21c05bc6e7a8542f94d8a4d991a6823510e5d9a1f92176a4728,./results/models/ablation/rl/one_step/job/random_a/best.pt,"[{""action"":{""high_action"":""stop"",""order_decision"":""only_cost""},""phase"":""high""},{""action"":{""search_k"":1,""search_strategy"":""default""},""phase"":""search""},{""action"":{""execution_action"":""none"",""lip_action"":""none""},""phase"":""low""}]"
JOB,a,./workloads/query_job/30b.sql,One-step RL,812.626153230667,243.832000000000,ok,9debd188f6a0b8138ba60e6d549daaba2133a2011cbd29d42025eebe31205230,1,True,cfa7d8ca041e428e1d5309dc75c76077ebac66ad9a35c608cdc98780d442e64d,aba066d4720e0dcee7b053ca0b386f387fa57cf0ab4ee41300dc406ea068ca4a,./results/models/ablation/rl/one_step/job/random_a/best.pt,"[{""action"":{""high_action"":""split"",""order_decision"":""only_cost""},""phase"":""high""},{""action"":{""candidate_id"":4,""schedule_alpha"":0.5},""phase"":""select""},{""action"":{""search_k"":1,""search_strategy"":""default""},""phase"":""search""},{""action"":{""execution_action"":""none"",""lip_action"":""none""},""phase"":""low""},{""action"":{""high_action"":""split"",""order_decision"":""only_cost""},""phase"":""high""},{""action"":{""candidate_id"":3,""schedule_alpha"":0.5},""phase"":""select""},{""action"":{""search_k"":1,""search_strategy"":""default""},""phase"":""search""},{""action"":{""execution_action"":""none"",""lip_action"":""none""},""phase"":""low""},{""action"":{""high_action"":""split"",""order_decision"":""only_cost""},""phase"":""high""},{""action"":{""candidate_id"":0,""schedule_alpha"":0.5},""phase"":""select""},{""action"":{""search_k"":1,""search_strategy"":""default""},""phase"":""search""},{""action"":{""execution_action"":""none"",""lip_action"":""none""},""phase"":""low""},{""action"":{""high_action"":""split"",""order_decision"":""only_cost""},""phase"":""high""},{""action"":{""candidate_id"":1,""schedule_alpha"":0.5},""phase"":""select""},{""action"":{""search_k"":1,""search_strategy"":""default""},""phase"":""search""},{""action"":{""execution_action"":""none"",""lip_action"":""none""},""phase"":""low""},{""action"":{""high_action"":""stop"",""order_decision"":""only_cost""},""phase"":""high""},{""action"":{""search_k"":1,""search_strategy"":""default""},""phase"":""search""},{""action"":{""execution_action"":""none"",""lip_action"":""none""},""phase"":""low""}]"
JOB,a,./workloads/query_job/30c.sql,One-step RL,2145.872041583061,77.344000000000,ok,9def3478d3162492b92bb76237115759aec29176d767191b8cd5def2da2391c9,1,True,e800b06c4e6bdfbf28efc10edd3decdb83076b64c8d69eabff56cc99190f3c59,faf215e0592cd96e71cd6da87d6fe4f263762df6bcc1b48a28a7a899f51ea166,./results/models/ablation/rl/one_step/job/random_a/best.pt,"[{""action"":{""high_action"":""split"",""order_decision"":""only_cost""},""phase"":""high""},{""action"":{""candidate_id"":4,""schedule_alpha"":0.5},""phase"":""select""},{""action"":{""search_k"":1,""search_strategy"":""default""},""phase"":""search""},{""action"":{""execution_action"":""none"",""lip_action"":""none""},""phase"":""low""},{""action"":{""high_action"":""split"",""order_decision"":""only_cost""},""phase"":""high""},{""action"":{""candidate_id"":0,""schedule_alpha"":0.5},""phase"":""select""},{""action"":{""search_k"":1,""search_strategy"":""default""},""phase"":""search""},{""action"":{""execution_action"":""conservative"",""lip_action"":""none""},""phase"":""low""},{""action"":{""high_action"":""split"",""order_decision"":""only_cost""},""phase"":""high""},{""action"":{""candidate_id"":2,""schedule_alpha"":0.5},""phase"":""select""},{""action"":{""search_k"":1,""search_strategy"":""default""},""phase"":""search""},{""action"":{""execution_action"":""conservative"",""lip_action"":""selective""},""phase"":""low""},{""action"":{""high_action"":""split"",""order_decision"":""only_cost""},""phase"":""high""},{""action"":{""candidate_id"":1,""schedule_alpha"":0.5},""phase"":""select""},{""action"":{""search_k"":1,""search_strategy"":""default""},""phase"":""search""},{""action"":{""execution_action"":""conservative"",""lip_action"":""selective""},""phase"":""low""},{""action"":{""high_action"":""stop"",""order_decision"":""only_cost""},""phase"":""high""},{""action"":{""search_k"":1,""search_strategy"":""default""},""phase"":""search""},{""action"":{""execution_action"":""none"",""lip_action"":""none""},""phase"":""low""}]"
JOB,a,./workloads/query_job/31c.sql,One-step RL,1253.246098756790,112.687000000000,ok,09c5cf7e96fa8a299de4f7088731cf8e370fa7af16a3438017bcf08c6d8905ae,1,True,ac8fa5e7426016d4f9ef8358c4edecb03693a9f73e638ce0e44b32e5f1a14ccc,fa37c50fe7a722acecccffee76e47266d448236df298f2de4d609078b59fdd9f,./results/models/ablation/rl/one_step/job/random_a/best.pt,"[{""action"":{""high_action"":""split"",""order_decision"":""only_cost""},""phase"":""high""},{""action"":{""candidate_id"":4,""schedule_alpha"":0.5},""phase"":""select""},{""action"":{""search_k"":1,""search_strategy"":""default""},""phase"":""search""},{""action"":{""execution_action"":""none"",""lip_action"":""none""},""phase"":""low""},{""action"":{""high_action"":""split"",""order_decision"":""only_cost""},""phase"":""high""},{""action"":{""candidate_id"":1,""schedule_alpha"":0.5},""phase"":""select""},{""action"":{""search_k"":1,""search_strategy"":""default""},""phase"":""search""},{""action"":{""execution_action"":""conservative"",""lip_action"":""selective""},""phase"":""low""},{""action"":{""high_action"":""split"",""order_decision"":""only_cost""},""phase"":""high""},{""action"":{""candidate_id"":2,""schedule_alpha"":0.5},""phase"":""select""},{""action"":{""search_k"":1,""search_strategy"":""default""},""phase"":""search""},{""action"":{""execution_action"":""conservative"",""lip_action"":""selective""},""phase"":""low""},{""action"":{""high_action"":""split"",""order_decision"":""only_cost""},""phase"":""high""},{""action"":{""candidate_id"":1,""schedule_alpha"":0.5},""phase"":""select""},{""action"":{""search_k"":1,""search_strategy"":""default""},""phase"":""search""},{""action"":{""execution_action"":""none"",""lip_action"":""none""},""phase"":""low""},{""action"":{""high_action"":""stop"",""order_decision"":""only_cost""},""phase"":""high""},{""action"":{""search_k"":1,""search_strategy"":""default""},""phase"":""search""},{""action"":{""execution_action"":""none"",""lip_action"":""none""},""phase"":""low""}]"
JOB,a,./workloads/query_job/32a.sql,One-step RL,106.169357895851,61.572000000000,ok,38cf683886cf6fdc55596ffbf14756cbedd54a4091ef744fb773fc7f37ce3139,1,True,8ad21930b0a8a23f5e33825167d833a61153d8cb7d5be09d4b81d3cd0617fb08,6521cf5a0b6f3b22a0ad0976142ceeb4f99e5a166efc1656f2af4246846945f6,./results/models/ablation/rl/one_step/job/random_a/best.pt,"[{""action"":{""high_action"":""stop"",""order_decision"":""only_cost""},""phase"":""high""},{""action"":{""search_k"":1,""search_strategy"":""default""},""phase"":""search""},{""action"":{""execution_action"":""none"",""lip_action"":""none""},""phase"":""low""}]"
JOB,a,./workloads/query_job/33a.sql,One-step RL,399.193234741688,84.376000000000,ok,0be421d7b97248226c3a33bad501b9e85187231d54df0c0f0c9791d8b2286ad9,1,True,e1e2fb7d864aafac0a2610c0d0fe5ffa0f1f3c9d3e5c046fcc39e91fb5962139,67776aaef17fe64425e545a268026d938f35187e5a5104ce43f45988b22d807f,./results/models/ablation/rl/one_step/job/random_a/best.pt,"[{""action"":{""high_action"":""stop"",""order_decision"":""only_cost""},""phase"":""high""},{""action"":{""search_k"":1,""search_strategy"":""default""},""phase"":""search""},{""action"":{""execution_action"":""none"",""lip_action"":""none""},""phase"":""low""}]"
JOB,a,./workloads/query_job/33b.sql,One-step RL,393.882185220718,85.261000000000,ok,735a1be7f41a7bbb115cbeefc5bfe74994300c66a9ed18e92575e0a5028550ab,1,True,6aff3e83ea518bbb720b504f25b2a0914a67ed815fd7345db3498af16fb35585,e4b004783baa25e3ef369d6316d5da59e37f6454438e61fedde78c38d60698cd,./results/models/ablation/rl/one_step/job/random_a/best.pt,"[{""action"":{""high_action"":""stop"",""order_decision"":""only_cost""},""phase"":""high""},{""action"":{""search_k"":1,""search_strategy"":""default""},""phase"":""search""},{""action"":{""execution_action"":""none"",""lip_action"":""none""},""phase"":""low""}]"
JOB,a,./workloads/query_job/3b.sql,One-step RL,209.415115416050,52.491000000000,ok,f09c4919f4c92a95515be773a486d51c5e5ccd19e0f5087b7c0f0ab64cd137cf,1,True,ae4004cc7b799ac793b059f8e836f1f30e1c7aa97f606ea09a38a5bf3249c9b0,84d29a7505c100bf2b8246c9be5df5e592cf34845dd9f212ac76a18b80591379,./results/models/ablation/rl/one_step/job/random_a/best.pt,"[{""action"":{""high_action"":""stop"",""order_decision"":""only_cost""},""phase"":""high""},{""action"":{""search_k"":1,""search_strategy"":""default""},""phase"":""search""},{""action"":{""execution_action"":""none"",""lip_action"":""none""},""phase"":""low""}]"
JOB,a,./workloads/query_job/3c.sql,One-step RL,434.940822422504,46.477000000000,ok,78dc828b7194ccb46ee35f89eb2f2152e11378ef17a14837d364bb6f73cc0769,1,True,53f67ff744c691ea1d11ad08bd66770e31b5d5aa38acafd34f0975631c915b0a,96e9d72d112021ea7a50ee4fa22fcb86c62c2674cad615984e03bcc5b27fb2a5,./results/models/ablation/rl/one_step/job/random_a/best.pt,"[{""action"":{""high_action"":""stop"",""order_decision"":""only_cost""},""phase"":""high""},{""action"":{""search_k"":1,""search_strategy"":""default""},""phase"":""search""},{""action"":{""execution_action"":""none"",""lip_action"":""none""},""phase"":""low""}]"
JOB,a,./workloads/query_job/4a.sql,One-step RL,227.734640240669,61.976000000000,ok,748155aaa114d016eb288dab57d2b91f8907ee5678c3789b9df355aec3a5f474,1,True,06bfce65a48f6ab1199c4a9bba913510f7b8a82566d50963a11f84c92b9f7a89,2f9a3e127c3ab3e6665cac74c39561a0b74685029816cdd480e956e204ddd92e,./results/models/ablation/rl/one_step/job/random_a/best.pt,"[{""action"":{""high_action"":""stop"",""order_decision"":""only_cost""},""phase"":""high""},{""action"":{""search_k"":1,""search_strategy"":""default""},""phase"":""search""},{""action"":{""execution_action"":""none"",""lip_action"":""none""},""phase"":""low""}]"
JOB,a,./workloads/query_job/4b.sql,One-step RL,203.850194811821,54.375000000000,ok,c2e5045abfc8ecfbd0b40e2ecf04f734592cd5b76e223f977e6c366b9f571679,1,True,dace7f2a6b2b3cb8f35621d48df5ec2f440e2897681e0d2e3c4876fb41206ea6,c21d9dceadadd56d12c23a7bf4d2f8851ef8d99b4b124434b2d5518b3a1905d4,./results/models/ablation/rl/one_step/job/random_a/best.pt,"[{""action"":{""high_action"":""stop"",""order_decision"":""only_cost""},""phase"":""high""},{""action"":{""search_k"":1,""search_strategy"":""default""},""phase"":""search""},{""action"":{""execution_action"":""none"",""lip_action"":""none""},""phase"":""low""}]"
JOB,a,./workloads/query_job/5b.sql,One-step RL,319.519981741905,60.291000000000,ok,4f78f1a55542d807d5eaabd4ee2244ee9ba0258958f7de1c1ef4598cd5b46ab1,1,True,f78fd9dcfdefdabe6ccf1417c71f47a3f55d557440d5af502154d3407164641c,1fd4a63b9958e07a71cbd3739d6400aa3d0fe2f076e8994ee47643feaec1c52d,./results/models/ablation/rl/one_step/job/random_a/best.pt,"[{""action"":{""high_action"":""stop"",""order_decision"":""only_cost""},""phase"":""high""},{""action"":{""search_k"":1,""search_strategy"":""default""},""phase"":""search""},{""action"":{""execution_action"":""none"",""lip_action"":""none""},""phase"":""low""}]"
JOB,a,./workloads/query_job/6b.sql,One-step RL,376.647420227528,78.544000000000,ok,2b959ee9a358222cd3f680b4de1a9c2be8556432140123daad1b20aa89815ab9,1,True,419e551750c0131f0e1003b4d6108970d8e55450d8864511a38ea622f1ec5b46,4b4fbdccb49613c8ac20ef24e9a4c20781da87750327cd66fca9ffb9e6be5425,./results/models/ablation/rl/one_step/job/random_a/best.pt,"[{""action"":{""high_action"":""split"",""order_decision"":""only_cost""},""phase"":""high""},{""action"":{""candidate_id"":1,""schedule_alpha"":0.5},""phase"":""select""},{""action"":{""search_k"":1,""search_strategy"":""default""},""phase"":""search""},{""action"":{""execution_action"":""none"",""lip_action"":""none""},""phase"":""low""},{""action"":{""high_action"":""stop"",""order_decision"":""only_cost""},""phase"":""high""},{""action"":{""search_k"":1,""search_strategy"":""default""},""phase"":""search""},{""action"":{""execution_action"":""none"",""lip_action"":""none""},""phase"":""low""}]"
JOB,a,./workloads/query_job/6f.sql,One-step RL,3600.704103708267,77.684000000000,ok,ce75c2032883b5ebfbc1826c33aee0cbee3a05005e8a664ad50142f57e258055,1,True,ca81b44f1bb28270af16fc3d7fc9557d25b0370bbbf93af18424495d9360b0cf,66f345526e2d80dee471ab0a61feffc1caeec5e94355c5f2c1ebaa9e079eb2a7,./results/models/ablation/rl/one_step/job/random_a/best.pt,"[{""action"":{""high_action"":""split"",""order_decision"":""only_cost""},""phase"":""high""},{""action"":{""candidate_id"":1,""schedule_alpha"":0.5},""phase"":""select""},{""action"":{""search_k"":1,""search_strategy"":""default""},""phase"":""search""},{""action"":{""execution_action"":""none"",""lip_action"":""none""},""phase"":""low""},{""action"":{""high_action"":""stop"",""order_decision"":""only_cost""},""phase"":""high""},{""action"":{""search_k"":1,""search_strategy"":""default""},""phase"":""search""},{""action"":{""execution_action"":""none"",""lip_action"":""none""},""phase"":""low""}]"
JOB,a,./workloads/query_job/8a.sql,One-step RL,2227.720022201538,48.031000000000,ok,83ca1ebec91355240bb85797c81f9f6b8a96392c57707c100978708f49ae71e9,1,True,73718f4b13eeaee44908b29c966eb3cd5194734f660c4b9b5321e15b934ac32c,d8dfda3b35ef2b118e1b1a0326172cba6af9863eaedc023def1943885ecc71dc,./results/models/ablation/rl/one_step/job/random_a/best.pt,"[{""action"":{""high_action"":""stop"",""order_decision"":""only_cost""},""phase"":""high""},{""action"":{""search_k"":1,""search_strategy"":""default""},""phase"":""search""},{""action"":{""execution_action"":""conservative"",""lip_action"":""selective""},""phase"":""low""}]"
JOB,a,./workloads/query_job/9a.sql,One-step RL,852.978803217411,48.644000000000,ok,886c7581cf3aa969ef759925c2f5ff04f028206a5c5d8bf1705580bbaac34c47,1,True,b59cee0756ad5ccd2f011923fb5692a48405eb575fc07804fd525f5d5043af81,e3789f1ae9be719ccdbed9a81891e30be1a731a772aed57fa9fe2d2e93c94563,./results/models/ablation/rl/one_step/job/random_a/best.pt,"[{""action"":{""high_action"":""stop"",""order_decision"":""only_cost""},""phase"":""high""},{""action"":{""search_k"":1,""search_strategy"":""default""},""phase"":""search""},{""action"":{""execution_action"":""none"",""lip_action"":""selective""},""phase"":""low""}]"
JOB,a,./workloads/query_job/9b.sql,One-step RL,887.498892843723,53.060000000000,ok,8078dd223231eda190e9f3cf026f80ab7e46a368b87b14254a00ad3dcf6f4f90,1,True,d3e4c7e2475a417f999044b9390603c3a0ba86a1ff7b673397f708f7ab4e0601,46ec6dde7aee19295b6257841d059d4194f4abe09790af786867e468f86802e0,./results/models/ablation/rl/one_step/job/random_a/best.pt,"[{""action"":{""high_action"":""stop"",""order_decision"":""only_cost""},""phase"":""high""},{""action"":{""search_k"":1,""search_strategy"":""default""},""phase"":""search""},{""action"":{""execution_action"":""none"",""lip_action"":""selective""},""phase"":""low""}]"
JOB,a,./workloads/query_job/9d.sql,One-step RL,4374.307371675968,43.337000000000,ok,0e289ef9aab62d7cdc6d31fb6a14d705898bc5aae64eda813c4c66eea1574c1a,1,True,10a82f5cf2e3c423a8087f7300a8cc312d37feebe557a5e23c0351fcf2023c9a,9aefef7699279dd837c3ab6d2bd98b39da1c056a02cf7aec2d3e9f2d5c416e8e,./results/models/ablation/rl/one_step/job/random_a/best.pt,"[{""action"":{""high_action"":""stop"",""order_decision"":""only_cost""},""phase"":""high""},{""action"":{""search_k"":1,""search_strategy"":""default""},""phase"":""search""},{""action"":{""execution_action"":""conservative"",""lip_action"":""selective""},""phase"":""low""}]"
JOB,b,./workloads/query_job/10a.sql,One-step RL,3021.567851305008,86.184000000000,ok,929d0b936421c3cc037300fc273cb56746f39627e96a60da4dd6863044511457,1,True,a2b393e35dde547de9c7a883d96c739ea7ec90338a7b4d265787123bce57108e,4b4e51c456f652b23f8bd0e6749348b62a1f8be59f4394e58319f09e2965494b,./results/models/ablation/rl/one_step/job/random_b/best.pt,"[{""action"":{""high_action"":""split"",""order_decision"":""only_cost""},""phase"":""high""},{""action"":{""candidate_id"":0,""schedule_alpha"":0.5},""phase"":""select""},{""action"":{""search_k"":1,""search_strategy"":""default""},""phase"":""search""},{""action"":{""execution_action"":""none"",""lip_action"":""none""},""phase"":""low""},{""action"":{""high_action"":""stop"",""order_decision"":""only_cost""},""phase"":""high""},{""action"":{""search_k"":1,""search_strategy"":""default""},""phase"":""search""},{""action"":{""execution_action"":""none"",""lip_action"":""none""},""phase"":""low""}]"
JOB,b,./workloads/query_job/10b.sql,One-step RL,2866.141617298126,103.811000000000,ok,706843969f310473a0308417223dbd3b01f9c23dd72c30ca6a320928a1c6d9a0,1,True,34c65f0afcc1d590f4c5c35590df58899bd0b4b8fda189936d4b4079c847bae1,4de34ad590e4f1abfe3528d8145526f32cf0c12404a3cb2da715808af5fc1415,./results/models/ablation/rl/one_step/job/random_b/best.pt,"[{""action"":{""high_action"":""split"",""order_decision"":""only_cost""},""phase"":""high""},{""action"":{""candidate_id"":1,""schedule_alpha"":0.5},""phase"":""select""},{""action"":{""search_k"":1,""search_strategy"":""default""},""phase"":""search""},{""action"":{""execution_action"":""none"",""lip_action"":""none""},""phase"":""low""},{""action"":{""high_action"":""stop"",""order_decision"":""only_cost""},""phase"":""high""},{""action"":{""search_k"":1,""search_strategy"":""default""},""phase"":""search""},{""action"":{""execution_action"":""none"",""lip_action"":""none""},""phase"":""low""}]"
JOB,b,./workloads/query_job/11b.sql,One-step RL,296.416960656643,148.291000000000,ok,1140a97472e10ce6316cd6b2747dee298183b9dfeb896f858eb6598def2645fe,1,True,15ffd1ce800b8b5cbd19dc04871f5e482a577fa14b46f79175175f9c08797eec,bf209e41e044710538ca5bc2cd59e45846723ae9e4a248b5cb2b6040d7559117,./results/models/ablation/rl/one_step/job/random_b/best.pt,"[{""action"":{""high_action"":""split"",""order_decision"":""only_cost""},""phase"":""high""},{""action"":{""candidate_id"":1,""schedule_alpha"":0.5},""phase"":""select""},{""action"":{""search_k"":1,""search_strategy"":""default""},""phase"":""search""},{""action"":{""execution_action"":""none"",""lip_action"":""none""},""phase"":""low""},{""action"":{""high_action"":""split"",""order_decision"":""only_cost""},""phase"":""high""},{""action"":{""candidate_id"":1,""schedule_alpha"":0.5},""phase"":""select""},{""action"":{""search_k"":1,""search_strategy"":""default""},""phase"":""search""},{""action"":{""execution_action"":""none"",""lip_action"":""none""},""phase"":""low""},{""action"":{""high_action"":""stop"",""order_decision"":""only_cost""},""phase"":""high""},{""action"":{""search_k"":1,""search_strategy"":""default""},""phase"":""search""},{""action"":{""execution_action"":""none"",""lip_action"":""none""},""phase"":""low""}]"
JOB,b,./workloads/query_job/11c.sql,One-step RL,663.565121591091,158.807000000000,ok,e03dd6f5aa7f119762f6b549c488852bbe23e0297bd479e5946f75c06ef1bbca,1,True,8f9059e99141d162c6f1c9a28035d04757ee960cf87e45d231bb49264f06a72c,3b97f232c5a1706b5d34d7b7772fb200753ff07716733a387d3b2c403246fde8,./results/models/ablation/rl/one_step/job/random_b/best.pt,"[{""action"":{""high_action"":""split"",""order_decision"":""only_cost""},""phase"":""high""},{""action"":{""candidate_id"":1,""schedule_alpha"":0.5},""phase"":""select""},{""action"":{""search_k"":1,""search_strategy"":""default""},""phase"":""search""},{""action"":{""execution_action"":""none"",""lip_action"":""none""},""phase"":""low""},{""action"":{""high_action"":""split"",""order_decision"":""only_cost""},""phase"":""high""},{""action"":{""candidate_id"":0,""schedule_alpha"":0.5},""phase"":""select""},{""action"":{""search_k"":1,""search_strategy"":""default""},""phase"":""search""},{""action"":{""execution_action"":""none"",""lip_action"":""none""},""phase"":""low""},{""action"":{""high_action"":""stop"",""order_decision"":""only_cost""},""phase"":""high""},{""action"":{""search_k"":1,""search_strategy"":""default""},""phase"":""search""},{""action"":{""execution_action"":""none"",""lip_action"":""none""},""phase"":""low""}]"
JOB,b,./workloads/query_job/12b.sql,One-step RL,172.012425959110,141.641000000000,ok,c6ff9ec06ce589c648d889e9e9021a68976c3ccf8550d7c147b5054bdddcb545,1,True,89709bff712010e7993a355a27a4dc95bf1eb747a7576a3788708642ea7559ce,fb5493403f4df09955ca4d812fa3c67d79b4806f58fe5169747f3ad7a6cb5d3e,./results/models/ablation/rl/one_step/job/random_b/best.pt,"[{""action"":{""high_action"":""split"",""order_decision"":""only_cost""},""phase"":""high""},{""action"":{""candidate_id"":2,""schedule_alpha"":0.5},""phase"":""select""},{""action"":{""search_k"":1,""search_strategy"":""default""},""phase"":""search""},{""action"":{""execution_action"":""none"",""lip_action"":""none""},""phase"":""low""},{""action"":{""high_action"":""split"",""order_decision"":""only_cost""},""phase"":""high""},{""action"":{""candidate_id"":0,""schedule_alpha"":0.5},""phase"":""select""},{""action"":{""search_k"":1,""search_strategy"":""default""},""phase"":""search""},{""action"":{""execution_action"":""none"",""lip_action"":""none""},""phase"":""low""},{""action"":{""high_action"":""stop"",""order_decision"":""only_cost""},""phase"":""high""},{""action"":{""search_k"":1,""search_strategy"":""default""},""phase"":""search""},{""action"":{""execution_action"":""none"",""lip_action"":""none""},""phase"":""low""}]"
JOB,b,./workloads/query_job/12c.sql,One-step RL,1520.903684198856,137.310000000000,ok,fc048ce250bbfdae76cc58594ab66716a3f413669bed819d0adf4b9851bbc9c4,1,True,f7344db1af68b2ac692e9f0683e7348e1a855346aa393fdfe7655003e341657a,669de9e5b095678f05220d147d1bad1c6ac6f1e3b7d250f572dc873c0358bfef,./results/models/ablation/rl/one_step/job/random_b/best.pt,"[{""action"":{""high_action"":""split"",""order_decision"":""only_cost""},""phase"":""high""},{""action"":{""candidate_id"":2,""schedule_alpha"":0.5},""phase"":""select""},{""action"":{""search_k"":1,""search_strategy"":""default""},""phase"":""search""},{""action"":{""execution_action"":""none"",""lip_action"":""none""},""phase"":""low""},{""action"":{""high_action"":""split"",""order_decision"":""only_cost""},""phase"":""high""},{""action"":{""candidate_id"":1,""schedule_alpha"":0.5},""phase"":""select""},{""action"":{""search_k"":1,""search_strategy"":""default""},""phase"":""search""},{""action"":{""execution_action"":""none"",""lip_action"":""none""},""phase"":""low""},{""action"":{""high_action"":""stop"",""order_decision"":""only_cost""},""phase"":""high""},{""action"":{""search_k"":1,""search_strategy"":""default""},""phase"":""search""},{""action"":{""execution_action"":""none"",""lip_action"":""none""},""phase"":""low""}]"
JOB,b,./workloads/query_job/14b.sql,One-step RL,398.354247212410,169.618000000000,ok,74085e27c595ac219c6257d663e3ccccdf16299520347ac5488a715783f18a41,1,True,325b488e9bfb21fbbcc0b46a880e6cd61a9b99cf2b02d9084fd7abe79edc8f5f,cb43fc6fc80e820aa88c0a4acd7ba09f6af3f02df21a8c2516a3afde87f92b0d,./results/models/ablation/rl/one_step/job/random_b/best.pt,"[{""action"":{""high_action"":""split"",""order_decision"":""only_cost""},""phase"":""high""},{""action"":{""candidate_id"":2,""schedule_alpha"":0.5},""phase"":""select""},{""action"":{""search_k"":1,""search_strategy"":""default""},""phase"":""search""},{""action"":{""execution_action"":""none"",""lip_action"":""none""},""phase"":""low""},{""action"":{""high_action"":""split"",""order_decision"":""only_cost""},""phase"":""high""},{""action"":{""candidate_id"":0,""schedule_alpha"":0.5},""phase"":""select""},{""action"":{""search_k"":1,""search_strategy"":""default""},""phase"":""search""},{""action"":{""execution_action"":""none"",""lip_action"":""none""},""phase"":""low""},{""action"":{""high_action"":""split"",""order_decision"":""only_cost""},""phase"":""high""},{""action"":{""candidate_id"":1,""schedule_alpha"":0.5},""phase"":""select""},{""action"":{""search_k"":1,""search_strategy"":""default""},""phase"":""search""},{""action"":{""execution_action"":""none"",""lip_action"":""none""},""phase"":""low""},{""action"":{""high_action"":""stop"",""order_decision"":""only_cost""},""phase"":""high""},{""action"":{""search_k"":1,""search_strategy"":""default""},""phase"":""search""},{""action"":{""execution_action"":""none"",""lip_action"":""none""},""phase"":""low""}]"
JOB,b,./workloads/query_job/14c.sql,One-step RL,929.832689464092,170.426000000000,ok,f13c3a0e601dd42f5abd41675e0438c06c7c79b9e0a6b2e6974fe4952b94c09e,1,True,8f1f5fa2e670c8763f74e1a2c78ff2a791278a5ef52d7769ddb17b036e3c2b94,f5fdb507d742aaa6d2b9d60fa7acf4cb925c998145fadb0e600d830eaf693b69,./results/models/ablation/rl/one_step/job/random_b/best.pt,"[{""action"":{""high_action"":""split"",""order_decision"":""only_cost""},""phase"":""high""},{""action"":{""candidate_id"":2,""schedule_alpha"":0.5},""phase"":""select""},{""action"":{""search_k"":1,""search_strategy"":""default""},""phase"":""search""},{""action"":{""execution_action"":""none"",""lip_action"":""none""},""phase"":""low""},{""action"":{""high_action"":""split"",""order_decision"":""only_cost""},""phase"":""high""},{""action"":{""candidate_id"":0,""schedule_alpha"":0.5},""phase"":""select""},{""action"":{""search_k"":1,""search_strategy"":""default""},""phase"":""search""},{""action"":{""execution_action"":""none"",""lip_action"":""none""},""phase"":""low""},{""action"":{""high_action"":""split"",""order_decision"":""only_cost""},""phase"":""high""},{""action"":{""candidate_id"":1,""schedule_alpha"":0.5},""phase"":""select""},{""action"":{""search_k"":1,""search_strategy"":""default""},""phase"":""search""},{""action"":{""execution_action"":""none"",""lip_action"":""none""},""phase"":""low""},{""action"":{""high_action"":""stop"",""order_decision"":""only_cost""},""phase"":""high""},{""action"":{""search_k"":1,""search_strategy"":""default""},""phase"":""search""},{""action"":{""execution_action"":""none"",""lip_action"":""none""},""phase"":""low""}]"
JOB,b,./workloads/query_job/15d.sql,One-step RL,1025.546401739120,216.013000000000,ok,df3a19f8bdca38394c1c9a01f448c4e34ce26e4cc3c938d45c9a4e59526d24d5,1,True,ff92b2b0a954ecaed375d0c63313afc38b31a73c57811b897c95ed354fdfd14e,25162f4a0dadee0b7fba253efadee35938719fca40a2f39c83cce9e924aa46c0,./results/models/ablation/rl/one_step/job/random_b/best.pt,"[{""action"":{""high_action"":""split"",""order_decision"":""only_cost""},""phase"":""high""},{""action"":{""candidate_id"":2,""schedule_alpha"":0.5},""phase"":""select""},{""action"":{""search_k"":1,""search_strategy"":""default""},""phase"":""search""},{""action"":{""execution_action"":""none"",""lip_action"":""none""},""phase"":""low""},{""action"":{""high_action"":""split"",""order_decision"":""only_cost""},""phase"":""high""},{""action"":{""candidate_id"":0,""schedule_alpha"":0.5},""phase"":""select""},{""action"":{""search_k"":1,""search_strategy"":""default""},""phase"":""search""},{""action"":{""execution_action"":""none"",""lip_action"":""none""},""phase"":""low""},{""action"":{""high_action"":""split"",""order_decision"":""only_cost""},""phase"":""high""},{""action"":{""candidate_id"":0,""schedule_alpha"":0.5},""phase"":""select""},{""action"":{""search_k"":1,""search_strategy"":""default""},""phase"":""search""},{""action"":{""execution_action"":""none"",""lip_action"":""none""},""phase"":""low""},{""action"":{""high_action"":""stop"",""order_decision"":""only_cost""},""phase"":""high""},{""action"":{""search_k"":1,""search_strategy"":""default""},""phase"":""search""},{""action"":{""execution_action"":""none"",""lip_action"":""none""},""phase"":""low""}]"
JOB,b,./workloads/query_job/16a.sql,One-step RL,431.859798729420,162.687000000000,ok,bffefed9bcba1ce113c4f9365520889d2a59468ebb170e1a8e776353d8311bfb,1,True,bda6c2023d4de1546e45797c3fecde6afe98118c1ede1b7fc5678bfa8f617f61,d9e88b6c4d782dec637e1138ece4e4e8e59787c30cb9087da7d2dbb1356008c9,./results/models/ablation/rl/one_step/job/random_b/best.pt,"[{""action"":{""high_action"":""split"",""order_decision"":""only_cost""},""phase"":""high""},{""action"":{""candidate_id"":3,""schedule_alpha"":0.5},""phase"":""select""},{""action"":{""search_k"":1,""search_strategy"":""default""},""phase"":""search""},{""action"":{""execution_action"":""none"",""lip_action"":""none""},""phase"":""low""},{""action"":{""high_action"":""split"",""order_decision"":""only_cost""},""phase"":""high""},{""action"":{""candidate_id"":2,""schedule_alpha"":0.5},""phase"":""select""},{""action"":{""search_k"":1,""search_strategy"":""default""},""phase"":""search""},{""action"":{""execution_action"":""none"",""lip_action"":""none""},""phase"":""low""},{""action"":{""high_action"":""split"",""order_decision"":""only_cost""},""phase"":""high""},{""action"":{""candidate_id"":1,""schedule_alpha"":0.5},""phase"":""select""},{""action"":{""search_k"":1,""search_strategy"":""default""},""phase"":""search""},{""action"":{""execution_action"":""none"",""lip_action"":""none""},""phase"":""low""},{""action"":{""high_action"":""stop"",""order_decision"":""only_cost""},""phase"":""high""},{""action"":{""search_k"":1,""search_strategy"":""default""},""phase"":""search""},{""action"":{""execution_action"":""none"",""lip_action"":""none""},""phase"":""low""}]"
JOB,b,./workloads/query_job/16b.sql,One-step RL,7271.928556263447,171.600000000000,ok,e153889fdca6a79bf30b6f802a7d6fb574587af0fb56f36ecc25d831db945ea2,1,True,4f25862d77d7e55a3f0a87bd36616b3b3cb0a51ae288b628e30525661d870bad,cbf00ef6cb7c9511d9dc1fba33a6a570d66a18140bce4a8a133fff63373214a6,./results/models/ablation/rl/one_step/job/random_b/best.pt,"[{""action"":{""high_action"":""split"",""order_decision"":""only_cost""},""phase"":""high""},{""action"":{""candidate_id"":3,""schedule_alpha"":0.5},""phase"":""select""},{""action"":{""search_k"":1,""search_strategy"":""default""},""phase"":""search""},{""action"":{""execution_action"":""none"",""lip_action"":""none""},""phase"":""low""},{""action"":{""high_action"":""split"",""order_decision"":""only_cost""},""phase"":""high""},{""action"":{""candidate_id"":2,""schedule_alpha"":0.5},""phase"":""select""},{""action"":{""search_k"":1,""search_strategy"":""default""},""phase"":""search""},{""action"":{""execution_action"":""none"",""lip_action"":""none""},""phase"":""low""},{""action"":{""high_action"":""split"",""order_decision"":""only_cost""},""phase"":""high""},{""action"":{""candidate_id"":0,""schedule_alpha"":0.5},""phase"":""select""},{""action"":{""search_k"":1,""search_strategy"":""default""},""phase"":""search""},{""action"":{""execution_action"":""none"",""lip_action"":""none""},""phase"":""low""},{""action"":{""high_action"":""stop"",""order_decision"":""only_cost""},""phase"":""high""},{""action"":{""search_k"":1,""search_strategy"":""default""},""phase"":""search""},{""action"":{""execution_action"":""none"",""lip_action"":""none""},""phase"":""low""}]"
JOB,b,./workloads/query_job/17f.sql,One-step RL,4791.866853833199,123.414000000000,ok,966c1a52f852284091756356c99e5f43debac4e41bc8ee9f790f5c70bff4c7c4,1,True,94aa6ae99e28c12452a8d1ac2c48451e8f0f40d18974a7de1e4c0831b93df320,180f886b35f3adc661340964138da9fe1356f3338ef5769efee557e8ef138374,./results/models/ablation/rl/one_step/job/random_b/best.pt,"[{""action"":{""high_action"":""split"",""order_decision"":""only_cost""},""phase"":""high""},{""action"":{""candidate_id"":2,""schedule_alpha"":0.5},""phase"":""select""},{""action"":{""search_k"":1,""search_strategy"":""default""},""phase"":""search""},{""action"":{""execution_action"":""none"",""lip_action"":""none""},""phase"":""low""},{""action"":{""high_action"":""split"",""order_decision"":""only_cost""},""phase"":""high""},{""action"":{""candidate_id"":1,""schedule_alpha"":0.5},""phase"":""select""},{""action"":{""search_k"":1,""search_strategy"":""default""},""phase"":""search""},{""action"":{""execution_action"":""none"",""lip_action"":""none""},""phase"":""low""},{""action"":{""high_action"":""stop"",""order_decision"":""only_cost""},""phase"":""high""},{""action"":{""search_k"":1,""search_strategy"":""default""},""phase"":""search""},{""action"":{""execution_action"":""none"",""lip_action"":""none""},""phase"":""low""}]"
JOB,b,./workloads/query_job/18a.sql,One-step RL,7837.635546922684,165.383000000000,ok,4ea394ad5b6ff23d28102b48eef256f385144f05c176dcf273e5fc3dfc0f3ea7,1,True,3b5e2dc31cf37947ba4337472121eb198e5312ab3a45a9a32a459bef78dc4521,15ce75ffafa673bbf8bcbb23b097cf459010667ea2103a83cbe6ef6090eac4ef,./results/models/ablation/rl/one_step/job/random_b/best.pt,"[{""action"":{""high_action"":""split"",""order_decision"":""only_cost""},""phase"":""high""},{""action"":{""candidate_id"":2,""schedule_alpha"":0.5},""phase"":""select""},{""action"":{""search_k"":1,""search_strategy"":""default""},""phase"":""search""},{""action"":{""execution_action"":""none"",""lip_action"":""none""},""phase"":""low""},{""action"":{""high_action"":""split"",""order_decision"":""only_cost""},""phase"":""high""},{""action"":{""candidate_id"":0,""schedule_alpha"":0.5},""phase"":""select""},{""action"":{""search_k"":1,""search_strategy"":""default""},""phase"":""search""},{""action"":{""execution_action"":""none"",""lip_action"":""none""},""phase"":""low""},{""action"":{""high_action"":""stop"",""order_decision"":""only_cost""},""phase"":""high""},{""action"":{""search_k"":1,""search_strategy"":""default""},""phase"":""search""},{""action"":{""execution_action"":""none"",""lip_action"":""none""},""phase"":""low""}]"
JOB,b,./workloads/query_job/19a.sql,One-step RL,2305.950820446014,247.028000000000,ok,1f0ca7719cfc34a43e2d3322146638f13989d450c4591afc7b3885613918e4de,1,True,b33d35396f0d364c2ea74a5e57eaa4caa399642cc88c0e8ef792abde148dbb2d,6d6c4498eeb116c24a5f7f7f7149e3a7a573bf64c1d8a8370fef36d46f39333c,./results/models/ablation/rl/one_step/job/random_b/best.pt,"[{""action"":{""high_action"":""split"",""order_decision"":""only_cost""},""phase"":""high""},{""action"":{""candidate_id"":1,""schedule_alpha"":0.5},""phase"":""select""},{""action"":{""search_k"":1,""search_strategy"":""default""},""phase"":""search""},{""action"":{""execution_action"":""none"",""lip_action"":""none""},""phase"":""low""},{""action"":{""high_action"":""split"",""order_decision"":""only_cost""},""phase"":""high""},{""action"":{""candidate_id"":2,""schedule_alpha"":0.5},""phase"":""select""},{""action"":{""search_k"":1,""search_strategy"":""default""},""phase"":""search""},{""action"":{""execution_action"":""none"",""lip_action"":""none""},""phase"":""low""},{""action"":{""high_action"":""split"",""order_decision"":""only_cost""},""phase"":""high""},{""action"":{""candidate_id"":1,""schedule_alpha"":0.5},""phase"":""select""},{""action"":{""search_k"":1,""search_strategy"":""default""},""phase"":""search""},{""action"":{""execution_action"":""none"",""lip_action"":""none""},""phase"":""low""},{""action"":{""high_action"":""stop"",""order_decision"":""only_cost""},""phase"":""high""},{""action"":{""search_k"":1,""search_strategy"":""default""},""phase"":""search""},{""action"":{""execution_action"":""none"",""lip_action"":""none""},""phase"":""low""}]"
JOB,b,./workloads/query_job/1d.sql,One-step RL,100.482299923897,86.270000000000,ok,b68175a2c8e96f8bc107b1f09c2703f390d5a78ec2aa27991cd17eea2e6db1c8,1,True,36386cc19094579cff7e654edf3807a76610948e072097bdfc05b1135b59183e,d45d051cbb5be3b9ea5777cca19f73adc328a6c42b2a5b937cbe8bcf718b0d87,./results/models/ablation/rl/one_step/job/random_b/best.pt,"[{""action"":{""high_action"":""split"",""order_decision"":""only_cost""},""phase"":""high""},{""action"":{""candidate_id"":1,""schedule_alpha"":0.5},""phase"":""select""},{""action"":{""search_k"":1,""search_strategy"":""default""},""phase"":""search""},{""action"":{""execution_action"":""none"",""lip_action"":""none""},""phase"":""low""},{""action"":{""high_action"":""stop"",""order_decision"":""only_cost""},""phase"":""high""},{""action"":{""search_k"":1,""search_strategy"":""default""},""phase"":""search""},{""action"":{""execution_action"":""none"",""lip_action"":""none""},""phase"":""low""}]"
JOB,b,./workloads/query_job/20b.sql,One-step RL,960.087798535824,210.724000000000,ok,bdabdfce4c8cd4726f7228f6d5040b01cd2120ccf41064b215b2fd1b9c7cdbe3,1,True,907d22c1691beeb33308787d603b1fb315ecb3a776fc36b591305fad43577692,1a03a1237713835a80f884420fd92ff648945b6cc0e7e8476b56fa78370540d9,./results/models/ablation/rl/one_step/job/random_b/best.pt,"[{""action"":{""high_action"":""split"",""order_decision"":""only_cost""},""phase"":""high""},{""action"":{""candidate_id"":1,""schedule_alpha"":0.5},""phase"":""select""},{""action"":{""search_k"":1,""search_strategy"":""default""},""phase"":""search""},{""action"":{""execution_action"":""none"",""lip_action"":""none""},""phase"":""low""},{""action"":{""high_action"":""split"",""order_decision"":""only_cost""},""phase"":""high""},{""action"":{""candidate_id"":1,""schedule_alpha"":0.5},""phase"":""select""},{""action"":{""search_k"":1,""search_strategy"":""default""},""phase"":""search""},{""action"":{""execution_action"":""none"",""lip_action"":""none""},""phase"":""low""},{""action"":{""high_action"":""split"",""order_decision"":""only_cost""},""phase"":""high""},{""action"":{""candidate_id"":0,""schedule_alpha"":0.5},""phase"":""select""},{""action"":{""search_k"":1,""search_strategy"":""default""},""phase"":""search""},{""action"":{""execution_action"":""none"",""lip_action"":""none""},""phase"":""low""},{""action"":{""high_action"":""stop"",""order_decision"":""only_cost""},""phase"":""high""},{""action"":{""search_k"":1,""search_strategy"":""default""},""phase"":""search""},{""action"":{""execution_action"":""none"",""lip_action"":""none""},""phase"":""low""}]"
JOB,b,./workloads/query_job/22b.sql,One-step RL,773.589469492435,257.142000000000,ok,261344b3d5dbc63bbc8b73ff367b08e19136e387d0502f40684455f7a223d93f,1,True,3d36b8ade8ebb6969e5d97e73260fc3f663393019e35597ddca3b0572490d9d6,2f798ab2ae70a7750bdf07811193b466f7aae2e62842cd2b4fd42f846932d531,./results/models/ablation/rl/one_step/job/random_b/best.pt,"[{""action"":{""high_action"":""split"",""order_decision"":""only_cost""},""phase"":""high""},{""action"":{""candidate_id"":3,""schedule_alpha"":0.5},""phase"":""select""},{""action"":{""search_k"":1,""search_strategy"":""default""},""phase"":""search""},{""action"":{""execution_action"":""none"",""lip_action"":""none""},""phase"":""low""},{""action"":{""high_action"":""split"",""order_decision"":""only_cost""},""phase"":""high""},{""action"":{""candidate_id"":0,""schedule_alpha"":0.5},""phase"":""select""},{""action"":{""search_k"":1,""search_strategy"":""default""},""phase"":""search""},{""action"":{""execution_action"":""none"",""lip_action"":""none""},""phase"":""low""},{""action"":{""high_action"":""split"",""order_decision"":""only_cost""},""phase"":""high""},{""action"":{""candidate_id"":2,""schedule_alpha"":0.5},""phase"":""select""},{""action"":{""search_k"":1,""search_strategy"":""default""},""phase"":""search""},{""action"":{""execution_action"":""none"",""lip_action"":""none""},""phase"":""low""},{""action"":{""high_action"":""split"",""order_decision"":""only_cost""},""phase"":""high""},{""action"":{""candidate_id"":1,""schedule_alpha"":0.5},""phase"":""select""},{""action"":{""search_k"":1,""search_strategy"":""default""},""phase"":""search""},{""action"":{""execution_action"":""none"",""lip_action"":""none""},""phase"":""low""},{""action"":{""high_action"":""stop"",""order_decision"":""only_cost""},""phase"":""high""},{""action"":{""search_k"":1,""search_strategy"":""default""},""phase"":""search""},{""action"":{""execution_action"":""none"",""lip_action"":""none""},""phase"":""low""}]"
JOB,b,./workloads/query_job/23c.sql,One-step RL,986.392810940742,271.847000000000,ok,d6d3b9a56435f4fe61ee133589ebd35b7135f05afe08be1125990d58b250e9f9,1,True,5694758f952f595fbada3139d577c8d69395d2332968f4a59bb626471d7c69da,b3574af437424ff79aeaff559013714dc6a198b786f108feea5a45144f314d8d,./results/models/ablation/rl/one_step/job/random_b/best.pt,"[{""action"":{""high_action"":""split"",""order_decision"":""only_cost""},""phase"":""high""},{""action"":{""candidate_id"":2,""schedule_alpha"":0.5},""phase"":""select""},{""action"":{""search_k"":1,""search_strategy"":""default""},""phase"":""search""},{""action"":{""execution_action"":""none"",""lip_action"":""none""},""phase"":""low""},{""action"":{""high_action"":""split"",""order_decision"":""only_cost""},""phase"":""high""},{""action"":{""candidate_id"":1,""schedule_alpha"":0.5},""phase"":""select""},{""action"":{""search_k"":1,""search_strategy"":""default""},""phase"":""search""},{""action"":{""execution_action"":""none"",""lip_action"":""none""},""phase"":""low""},{""action"":{""high_action"":""split"",""order_decision"":""only_cost""},""phase"":""high""},{""action"":{""candidate_id"":0,""schedule_alpha"":0.5},""phase"":""select""},{""action"":{""search_k"":1,""search_strategy"":""default""},""phase"":""search""},{""action"":{""execution_action"":""none"",""lip_action"":""none""},""phase"":""low""},{""action"":{""high_action"":""split"",""order_decision"":""only_cost""},""phase"":""high""},{""action"":{""candidate_id"":0,""schedule_alpha"":0.5},""phase"":""select""},{""action"":{""search_k"":1,""search_strategy"":""default""},""phase"":""search""},{""action"":{""execution_action"":""none"",""lip_action"":""none""},""phase"":""low""},{""action"":{""high_action"":""stop"",""order_decision"":""only_cost""},""phase"":""high""},{""action"":{""search_k"":1,""search_strategy"":""default""},""phase"":""search""},{""action"":{""execution_action"":""none"",""lip_action"":""none""},""phase"":""low""}]"
JOB,b,./workloads/query_job/24a.sql,One-step RL,625.053606927395,338.477000000000,ok,f456596f387e349a6006b7f95149e83820f1855cb47322cf82c324c7abf10133,1,True,33785a38c4c04ad8c86c124f215bc91bd97d812a27dae86b4a6e6d38464d1d39,79e0840e2c4f50e1aa8d707ba036df0ed946e7d511ac70b2db0ef64e85b2df34,./results/models/ablation/rl/one_step/job/random_b/best.pt,"[{""action"":{""high_action"":""split"",""order_decision"":""only_cost""},""phase"":""high""},{""action"":{""candidate_id"":4,""schedule_alpha"":0.5},""phase"":""select""},{""action"":{""search_k"":1,""search_strategy"":""default""},""phase"":""search""},{""action"":{""execution_action"":""none"",""lip_action"":""none""},""phase"":""low""},{""action"":{""high_action"":""split"",""order_decision"":""only_cost""},""phase"":""high""},{""action"":{""candidate_id"":1,""schedule_alpha"":0.5},""phase"":""select""},{""action"":{""search_k"":1,""search_strategy"":""default""},""phase"":""search""},{""action"":{""execution_action"":""none"",""lip_action"":""none""},""phase"":""low""},{""action"":{""high_action"":""split"",""order_decision"":""only_cost""},""phase"":""high""},{""action"":{""candidate_id"":2,""schedule_alpha"":0.5},""phase"":""select""},{""action"":{""search_k"":1,""search_strategy"":""default""},""phase"":""search""},{""action"":{""execution_action"":""none"",""lip_action"":""none""},""phase"":""low""},{""action"":{""high_action"":""split"",""order_decision"":""only_cost""},""phase"":""high""},{""action"":{""candidate_id"":0,""schedule_alpha"":0.5},""phase"":""select""},{""action"":{""search_k"":1,""search_strategy"":""default""},""phase"":""search""},{""action"":{""execution_action"":""none"",""lip_action"":""none""},""phase"":""low""},{""action"":{""high_action"":""stop"",""order_decision"":""only_cost""},""phase"":""high""},{""action"":{""search_k"":1,""search_strategy"":""default""},""phase"":""search""},{""action"":{""execution_action"":""none"",""lip_action"":""none""},""phase"":""low""}]"
JOB,b,./workloads/query_job/25c.sql,One-step RL,3918.007560074329,227.922000000000,ok,67a630b3c65d3bcaa414c0e78677ad348267d0f04c2fa18b570f5906a0599ac5,1,True,cff42ea3308e20bce248627b95af9e0a4eb75f0ac6d924d28cad216bb59817d6,de0dcc87d091b3f08d6df57d89ec36b0ea4fc4fc1cbed428a947e6dd914d6a21,./results/models/ablation/rl/one_step/job/random_b/best.pt,"[{""action"":{""high_action"":""split"",""order_decision"":""only_cost""},""phase"":""high""},{""action"":{""candidate_id"":3,""schedule_alpha"":0.5},""phase"":""select""},{""action"":{""search_k"":1,""search_strategy"":""default""},""phase"":""search""},{""action"":{""execution_action"":""none"",""lip_action"":""none""},""phase"":""low""},{""action"":{""high_action"":""split"",""order_decision"":""only_cost""},""phase"":""high""},{""action"":{""candidate_id"":2,""schedule_alpha"":0.5},""phase"":""select""},{""action"":{""search_k"":1,""search_strategy"":""default""},""phase"":""search""},{""action"":{""execution_action"":""none"",""lip_action"":""none""},""phase"":""low""},{""action"":{""high_action"":""split"",""order_decision"":""only_cost""},""phase"":""high""},{""action"":{""candidate_id"":1,""schedule_alpha"":0.5},""phase"":""select""},{""action"":{""search_k"":1,""search_strategy"":""default""},""phase"":""search""},{""action"":{""execution_action"":""none"",""lip_action"":""none""},""phase"":""low""},{""action"":{""high_action"":""stop"",""order_decision"":""only_cost""},""phase"":""high""},{""action"":{""search_k"":1,""search_strategy"":""default""},""phase"":""search""},{""action"":{""execution_action"":""none"",""lip_action"":""none""},""phase"":""low""}]"
JOB,b,./workloads/query_job/26a.sql,One-step RL,1006.324194371700,246.526000000000,ok,2c7cebb1807f0b225f4f97c680278aa0ec35039ff7dbf43518e7a09bd026684a,1,True,0652e024cd3442f4fa9adb5c0607dc44d1b1fffe76e7340516f5221c0a495a2f,c706b618ba9f1e23d741a022d7a623f468b9b8d5fc75fb794a9fdf26e6de2345,./results/models/ablation/rl/one_step/job/random_b/best.pt,"[{""action"":{""high_action"":""split"",""order_decision"":""only_cost""},""phase"":""high""},{""action"":{""candidate_id"":3,""schedule_alpha"":0.5},""phase"":""select""},{""action"":{""search_k"":1,""search_strategy"":""default""},""phase"":""search""},{""action"":{""execution_action"":""none"",""lip_action"":""none""},""phase"":""low""},{""action"":{""high_action"":""split"",""order_decision"":""only_cost""},""phase"":""high""},{""action"":{""candidate_id"":2,""schedule_alpha"":0.5},""phase"":""select""},{""action"":{""search_k"":1,""search_strategy"":""default""},""phase"":""search""},{""action"":{""execution_action"":""none"",""lip_action"":""none""},""phase"":""low""},{""action"":{""high_action"":""split"",""order_decision"":""only_cost""},""phase"":""high""},{""action"":{""candidate_id"":2,""schedule_alpha"":0.5},""phase"":""select""},{""action"":{""search_k"":1,""search_strategy"":""default""},""phase"":""search""},{""action"":{""execution_action"":""none"",""lip_action"":""none""},""phase"":""low""},{""action"":{""high_action"":""split"",""order_decision"":""only_cost""},""phase"":""high""},{""action"":{""candidate_id"":0,""schedule_alpha"":0.5},""phase"":""select""},{""action"":{""search_k"":1,""search_strategy"":""default""},""phase"":""search""},{""action"":{""execution_action"":""none"",""lip_action"":""none""},""phase"":""low""},{""action"":{""high_action"":""stop"",""order_decision"":""only_cost""},""phase"":""high""},{""action"":{""search_k"":1,""search_strategy"":""default""},""phase"":""search""},{""action"":{""execution_action"":""none"",""lip_action"":""none""},""phase"":""low""}]"
JOB,b,./workloads/query_job/27a.sql,One-step RL,428.581804037094,247.467000000000,ok,17da2f55cbda32682db3bc710c4a0f0048b6fb05111deffe244b8be90c1e4968,1,True,473eb22278bd3f2e154d88c56a9ce3dbf349e1dc52665ecdb69e3dcc742ebfc3,33f1a4c79fd1412e77dbe1f6b312cfb9dd247a3e30dd014a1a3c83b6e89d1015,./results/models/ablation/rl/one_step/job/random_b/best.pt,"[{""action"":{""high_action"":""split"",""order_decision"":""only_cost""},""phase"":""high""},{""action"":{""candidate_id"":3,""schedule_alpha"":0.5},""phase"":""select""},{""action"":{""search_k"":1,""search_strategy"":""default""},""phase"":""search""},{""action"":{""execution_action"":""none"",""lip_action"":""none""},""phase"":""low""},{""action"":{""high_action"":""split"",""order_decision"":""only_cost""},""phase"":""high""},{""action"":{""candidate_id"":3,""schedule_alpha"":0.5},""phase"":""select""},{""action"":{""search_k"":1,""search_strategy"":""default""},""phase"":""search""},{""action"":{""execution_action"":""none"",""lip_action"":""none""},""phase"":""low""},{""action"":{""high_action"":""split"",""order_decision"":""only_cost""},""phase"":""high""},{""action"":{""candidate_id"":0,""schedule_alpha"":0.5},""phase"":""select""},{""action"":{""search_k"":1,""search_strategy"":""default""},""phase"":""search""},{""action"":{""execution_action"":""none"",""lip_action"":""none""},""phase"":""low""},{""action"":{""high_action"":""split"",""order_decision"":""only_cost""},""phase"":""high""},{""action"":{""candidate_id"":0,""schedule_alpha"":0.5},""phase"":""select""},{""action"":{""search_k"":1,""search_strategy"":""default""},""phase"":""search""},{""action"":{""execution_action"":""none"",""lip_action"":""none""},""phase"":""low""},{""action"":{""high_action"":""stop"",""order_decision"":""only_cost""},""phase"":""high""},{""action"":{""search_k"":1,""search_strategy"":""default""},""phase"":""search""},{""action"":{""execution_action"":""none"",""lip_action"":""none""},""phase"":""low""}]"
JOB,b,./workloads/query_job/27c.sql,One-step RL,457.901597023010,262.654000000000,ok,17da2f55cbda32682db3bc710c4a0f0048b6fb05111deffe244b8be90c1e4968,1,True,1ee83c64339721de5968596d91da971503a7554eea42edc7c88c3471632d6789,b999c5220dbac88564e5b33be6757d360b37f50af7bd2c846cfdba3f0350dc52,./results/models/ablation/rl/one_step/job/random_b/best.pt,"[{""action"":{""high_action"":""split"",""order_decision"":""only_cost""},""phase"":""high""},{""action"":{""candidate_id"":3,""schedule_alpha"":0.5},""phase"":""select""},{""action"":{""search_k"":1,""search_strategy"":""default""},""phase"":""search""},{""action"":{""execution_action"":""none"",""lip_action"":""none""},""phase"":""low""},{""action"":{""high_action"":""split"",""order_decision"":""only_cost""},""phase"":""high""},{""action"":{""candidate_id"":3,""schedule_alpha"":0.5},""phase"":""select""},{""action"":{""search_k"":1,""search_strategy"":""default""},""phase"":""search""},{""action"":{""execution_action"":""none"",""lip_action"":""none""},""phase"":""low""},{""action"":{""high_action"":""split"",""order_decision"":""only_cost""},""phase"":""high""},{""action"":{""candidate_id"":0,""schedule_alpha"":0.5},""phase"":""select""},{""action"":{""search_k"":1,""search_strategy"":""default""},""phase"":""search""},{""action"":{""execution_action"":""none"",""lip_action"":""none""},""phase"":""low""},{""action"":{""high_action"":""split"",""order_decision"":""only_cost""},""phase"":""high""},{""action"":{""candidate_id"":0,""schedule_alpha"":0.5},""phase"":""select""},{""action"":{""search_k"":1,""search_strategy"":""default""},""phase"":""search""},{""action"":{""execution_action"":""none"",""lip_action"":""none""},""phase"":""low""},{""action"":{""high_action"":""stop"",""order_decision"":""only_cost""},""phase"":""high""},{""action"":{""search_k"":1,""search_strategy"":""default""},""phase"":""search""},{""action"":{""execution_action"":""none"",""lip_action"":""none""},""phase"":""low""}]"
JOB,b,./workloads/query_job/28b.sql,One-step RL,1214.617520570755,381.602000000000,ok,1504c5fe4b85e0649828523441b52c0f8b7c17598529646d3d732ab63db821f5,1,True,857c6f1bcdd87c0d44d3774938144af8a97f70828ba0bf9dae71b041e890cd23,7042cc6dc724712c7efc2bd38988193f2a68efa7ff1af835b2b0295dd665a477,./results/models/ablation/rl/one_step/job/random_b/best.pt,"[{""action"":{""high_action"":""split"",""order_decision"":""only_cost""},""phase"":""high""},{""action"":{""candidate_id"":4,""schedule_alpha"":0.5},""phase"":""select""},{""action"":{""search_k"":1,""search_strategy"":""default""},""phase"":""search""},{""action"":{""execution_action"":""none"",""lip_action"":""none""},""phase"":""low""},{""action"":{""high_action"":""split"",""order_decision"":""only_cost""},""phase"":""high""},{""action"":{""candidate_id"":1,""schedule_alpha"":0.5},""phase"":""select""},{""action"":{""search_k"":1,""search_strategy"":""default""},""phase"":""search""},{""action"":{""execution_action"":""none"",""lip_action"":""none""},""phase"":""low""},{""action"":{""high_action"":""split"",""order_decision"":""only_cost""},""phase"":""high""},{""action"":{""candidate_id"":3,""schedule_alpha"":0.5},""phase"":""select""},{""action"":{""search_k"":1,""search_strategy"":""default""},""phase"":""search""},{""action"":{""execution_action"":""none"",""lip_action"":""none""},""phase"":""low""},{""action"":{""high_action"":""split"",""order_decision"":""only_cost""},""phase"":""high""},{""action"":{""candidate_id"":2,""schedule_alpha"":0.5},""phase"":""select""},{""action"":{""search_k"":1,""search_strategy"":""default""},""phase"":""search""},{""action"":{""execution_action"":""none"",""lip_action"":""none""},""phase"":""low""},{""action"":{""high_action"":""split"",""order_decision"":""only_cost""},""phase"":""high""},{""action"":{""candidate_id"":0,""schedule_alpha"":0.5},""phase"":""select""},{""action"":{""search_k"":1,""search_strategy"":""default""},""phase"":""search""},{""action"":{""execution_action"":""none"",""lip_action"":""none""},""phase"":""low""},{""action"":{""high_action"":""stop"",""order_decision"":""only_cost""},""phase"":""high""},{""action"":{""search_k"":1,""search_strategy"":""default""},""phase"":""search""},{""action"":{""execution_action"":""none"",""lip_action"":""none""},""phase"":""low""}]"
JOB,b,./workloads/query_job/29b.sql,One-step RL,415.637522935867,318.222000000000,ok,6931843f19cb52122ed461369626a4f45f6b0550fbb8e5608f26c0a53fbfa63e,1,True,2a1f6454476c885d9c0f402273d42a5482f8715ee17a24627a7f091747824ad9,cee63f1da402bb5f55816ca3b80a8794eea225b8b5f13e8cc7854a6ee69fb7f2,./results/models/ablation/rl/one_step/job/random_b/best.pt,"[{""action"":{""high_action"":""split"",""order_decision"":""only_cost""},""phase"":""high""},{""action"":{""candidate_id"":5,""schedule_alpha"":0.5},""phase"":""select""},{""action"":{""search_k"":1,""search_strategy"":""default""},""phase"":""search""},{""action"":{""execution_action"":""none"",""lip_action"":""none""},""phase"":""low""},{""action"":{""high_action"":""split"",""order_decision"":""only_cost""},""phase"":""high""},{""action"":{""candidate_id"":1,""schedule_alpha"":0.5},""phase"":""select""},{""action"":{""search_k"":1,""search_strategy"":""default""},""phase"":""search""},{""action"":{""execution_action"":""none"",""lip_action"":""none""},""phase"":""low""},{""action"":{""high_action"":""split"",""order_decision"":""only_cost""},""phase"":""high""},{""action"":{""candidate_id"":2,""schedule_alpha"":0.5},""phase"":""select""},{""action"":{""search_k"":1,""search_strategy"":""default""},""phase"":""search""},{""action"":{""execution_action"":""none"",""lip_action"":""none""},""phase"":""low""},{""action"":{""high_action"":""split"",""order_decision"":""only_cost""},""phase"":""high""},{""action"":{""candidate_id"":1,""schedule_alpha"":0.5},""phase"":""select""},{""action"":{""search_k"":1,""search_strategy"":""default""},""phase"":""search""},{""action"":{""execution_action"":""none"",""lip_action"":""none""},""phase"":""low""},{""action"":{""high_action"":""split"",""order_decision"":""only_cost""},""phase"":""high""},{""action"":{""candidate_id"":2,""schedule_alpha"":0.5},""phase"":""select""},{""action"":{""search_k"":1,""search_strategy"":""default""},""phase"":""search""},{""action"":{""execution_action"":""none"",""lip_action"":""none""},""phase"":""low""},{""action"":{""high_action"":""split"",""order_decision"":""only_cost""},""phase"":""high""},{""action"":{""candidate_id"":0,""schedule_alpha"":0.5},""phase"":""select""},{""action"":{""search_k"":1,""search_strategy"":""default""},""phase"":""search""},{""action"":{""execution_action"":""none"",""lip_action"":""none""},""phase"":""low""},{""action"":{""high_action"":""stop"",""order_decision"":""only_cost""},""phase"":""high""},{""action"":{""search_k"":1,""search_strategy"":""default""},""phase"":""search""},{""action"":{""execution_action"":""none"",""lip_action"":""none""},""phase"":""low""}]"
JOB,b,./workloads/query_job/2b.sql,One-step RL,684.844076633453,66.781000000000,ok,fc90f3c2c15c5abce95811297c6b9a8ee98e4e03347ce9e79c8ce8e6b57b03a0,1,True,3416f7e9e0786fb536bdef2012e00722daba57e8e11ef3138875b5b2c95dd35e,c66d8f7df234d5779262eed51c5b7d638f31ad9fc92bf3269e3831866d2b81f1,./results/models/ablation/rl/one_step/job/random_b/best.pt,"[{""action"":{""high_action"":""split"",""order_decision"":""only_cost""},""phase"":""high""},{""action"":{""candidate_id"":1,""schedule_alpha"":0.5},""phase"":""select""},{""action"":{""search_k"":1,""search_strategy"":""default""},""phase"":""search""},{""action"":{""execution_action"":""none"",""lip_action"":""none""},""phase"":""low""},{""action"":{""high_action"":""stop"",""order_decision"":""only_cost""},""phase"":""high""},{""action"":{""search_k"":1,""search_strategy"":""default""},""phase"":""search""},{""action"":{""execution_action"":""none"",""lip_action"":""none""},""phase"":""low""}]"
JOB,b,./workloads/query_job/2c.sql,One-step RL,459.205783903599,100.903000000000,ok,4f78f1a55542d807d5eaabd4ee2244ee9ba0258958f7de1c1ef4598cd5b46ab1,1,True,b5f86dc14141711d603728d6cce8a43fcad4ea40f3b900e200d1baff34cf11d1,1c8db917a01f54bf1ca8c93217e0b6fdbcd9b1af2c9b096218ae125f755d7e24,./results/models/ablation/rl/one_step/job/random_b/best.pt,"[{""action"":{""high_action"":""split"",""order_decision"":""only_cost""},""phase"":""high""},{""action"":{""candidate_id"":1,""schedule_alpha"":0.5},""phase"":""select""},{""action"":{""search_k"":1,""search_strategy"":""default""},""phase"":""search""},{""action"":{""execution_action"":""none"",""lip_action"":""none""},""phase"":""low""},{""action"":{""high_action"":""stop"",""order_decision"":""only_cost""},""phase"":""high""},{""action"":{""search_k"":1,""search_strategy"":""default""},""phase"":""search""},{""action"":{""execution_action"":""none"",""lip_action"":""none""},""phase"":""low""}]"
JOB,b,./workloads/query_job/2d.sql,One-step RL,979.102872312069,70.738000000000,ok,d55d5656333bd757f053124d39c4d7de4605203e41f67c025f0cc73ff2c7b9bb,1,True,801f8d176a1295233d228231adfa34f279162ea850e80a458c889f266f6dc315,82ace616496ad649cff4a3a143942bd3bb97a5e9cb416140e7f3fb35ef3ef824,./results/models/ablation/rl/one_step/job/random_b/best.pt,"[{""action"":{""high_action"":""split"",""order_decision"":""only_cost""},""phase"":""high""},{""action"":{""candidate_id"":1,""schedule_alpha"":0.5},""phase"":""select""},{""action"":{""search_k"":1,""search_strategy"":""default""},""phase"":""search""},{""action"":{""execution_action"":""none"",""lip_action"":""none""},""phase"":""low""},{""action"":{""high_action"":""stop"",""order_decision"":""only_cost""},""phase"":""high""},{""action"":{""search_k"":1,""search_strategy"":""default""},""phase"":""search""},{""action"":{""execution_action"":""none"",""lip_action"":""none""},""phase"":""low""}]"
JOB,b,./workloads/query_job/3a.sql,One-step RL,297.390915453434,72.538000000000,ok,4446b454452e8db43636d58c5e3a7f9041b179149913a47dfd28d049a31e3f4d,1,True,3e0d6388e111cb14c5a1a46f34bc1ceb8c1451d55c58f0e98ff6a8ed8e1321e7,103cfb4cee0903cd8f38beb683bc209ca64aedf3d4660653370f8f74e778a62c,./results/models/ablation/rl/one_step/job/random_b/best.pt,"[{""action"":{""high_action"":""split"",""order_decision"":""only_cost""},""phase"":""high""},{""action"":{""candidate_id"":1,""schedule_alpha"":0.5},""phase"":""select""},{""action"":{""search_k"":1,""search_strategy"":""default""},""phase"":""search""},{""action"":{""execution_action"":""none"",""lip_action"":""none""},""phase"":""low""},{""action"":{""high_action"":""stop"",""order_decision"":""only_cost""},""phase"":""high""},{""action"":{""search_k"":1,""search_strategy"":""default""},""phase"":""search""},{""action"":{""execution_action"":""none"",""lip_action"":""none""},""phase"":""low""}]"
JOB,b,./workloads/query_job/4c.sql,One-step RL,447.429649531841,106.634000000000,ok,5c9364f684db0004720ec4e9642a958681b071ff992dadc090178e95cc52235a,1,True,346a7563e3fcec90601c2506e0b4293950e60387c02ac0f0f145b5583a9142b0,5d69acdcc96dad9e3701be0b615d00aedac823b1d99ed07f0592342a3b732e89,./results/models/ablation/rl/one_step/job/random_b/best.pt,"[{""action"":{""high_action"":""split"",""order_decision"":""only_cost""},""phase"":""high""},{""action"":{""candidate_id"":1,""schedule_alpha"":0.5},""phase"":""select""},{""action"":{""search_k"":1,""search_strategy"":""default""},""phase"":""search""},{""action"":{""execution_action"":""none"",""lip_action"":""none""},""phase"":""low""},{""action"":{""high_action"":""stop"",""order_decision"":""only_cost""},""phase"":""high""},{""action"":{""search_k"":1,""search_strategy"":""default""},""phase"":""search""},{""action"":{""execution_action"":""none"",""lip_action"":""none""},""phase"":""low""}]"
JOB,b,./workloads/query_job/5c.sql,One-step RL,425.348885357380,102.577000000000,ok,c63c0f430af977fe1bf0c51442b833d536b07965c22254d5a737a187719cc641,1,True,54c4f6a82d98840db296d309dddfe22d9b0d73ae395ae03e408192bbeb28217f,190c8330a76a7baa04bff194951500eff804213f80808e16881580f7a96b7fdc,./results/models/ablation/rl/one_step/job/random_b/best.pt,"[{""action"":{""high_action"":""split"",""order_decision"":""only_cost""},""phase"":""high""},{""action"":{""candidate_id"":0,""schedule_alpha"":0.5},""phase"":""select""},{""action"":{""search_k"":1,""search_strategy"":""default""},""phase"":""search""},{""action"":{""execution_action"":""none"",""lip_action"":""none""},""phase"":""low""},{""action"":{""high_action"":""stop"",""order_decision"":""only_cost""},""phase"":""high""},{""action"":{""search_k"":1,""search_strategy"":""default""},""phase"":""search""},{""action"":{""execution_action"":""none"",""lip_action"":""none""},""phase"":""low""}]"
JOB,b,./workloads/query_job/6a.sql,One-step RL,157.468132674694,82.447000000000,ok,2e45680981dcedf844899f966540a92734a6200fc0d8bd8a547ceba0d0cf631f,1,True,fa6f2455fb0c74c76ee0c6b9367a45d18db3532a1645d1164af3e13f3d16e32e,1e89331db7ee44115e7bd07df029d4382d93167221e4945b90cf9eae7014423f,./results/models/ablation/rl/one_step/job/random_b/best.pt,"[{""action"":{""high_action"":""split"",""order_decision"":""only_cost""},""phase"":""high""},{""action"":{""candidate_id"":1,""schedule_alpha"":0.5},""phase"":""select""},{""action"":{""search_k"":1,""search_strategy"":""default""},""phase"":""search""},{""action"":{""execution_action"":""none"",""lip_action"":""none""},""phase"":""low""},{""action"":{""high_action"":""stop"",""order_decision"":""only_cost""},""phase"":""high""},{""action"":{""search_k"":1,""search_strategy"":""default""},""phase"":""search""},{""action"":{""execution_action"":""none"",""lip_action"":""none""},""phase"":""low""}]"
JOB,b,./workloads/query_job/6c.sql,One-step RL,121.407404541969,77.954000000000,ok,eb15d11fcc635c0f71eefa80cad2069e9f06841887450ba39d0be7466e8da9dd,1,True,48e82ec4c07b02ff829e023f9f3dcf18912f73a01e8209846ea389f2177dc404,909fba8a8b5b3701fe42c653e32c0278c0555f6ceb2c5e2319df9dc41d26c8f7,./results/models/ablation/rl/one_step/job/random_b/best.pt,"[{""action"":{""high_action"":""split"",""order_decision"":""only_cost""},""phase"":""high""},{""action"":{""candidate_id"":1,""schedule_alpha"":0.5},""phase"":""select""},{""action"":{""search_k"":1,""search_strategy"":""default""},""phase"":""search""},{""action"":{""execution_action"":""none"",""lip_action"":""none""},""phase"":""low""},{""action"":{""high_action"":""stop"",""order_decision"":""only_cost""},""phase"":""high""},{""action"":{""search_k"":1,""search_strategy"":""default""},""phase"":""search""},{""action"":{""execution_action"":""none"",""lip_action"":""none""},""phase"":""low""}]"
JOB,b,./workloads/query_job/7b.sql,One-step RL,517.522908747196,236.920000000000,ok,9d6ae68bd583de41667a4cae160a3da2b5ea5d39fe8dcce1e8fd3d20a5278abe,1,True,edf156dac38d68cbd8a06f991b58edd55987fefeeac08f3fef3d76463ff44819,bae9cc200376200c33a6c3e1915859be2c3a389e73d9bdceb99dda6228a66db3,./results/models/ablation/rl/one_step/job/random_b/best.pt,"[{""action"":{""high_action"":""split"",""order_decision"":""only_cost""},""phase"":""high""},{""action"":{""candidate_id"":3,""schedule_alpha"":0.5},""phase"":""select""},{""action"":{""search_k"":1,""search_strategy"":""default""},""phase"":""search""},{""action"":{""execution_action"":""none"",""lip_action"":""none""},""phase"":""low""},{""action"":{""high_action"":""split"",""order_decision"":""only_cost""},""phase"":""high""},{""action"":{""candidate_id"":0,""schedule_alpha"":0.5},""phase"":""select""},{""action"":{""search_k"":1,""search_strategy"":""default""},""phase"":""search""},{""action"":{""execution_action"":""none"",""lip_action"":""none""},""phase"":""low""},{""action"":{""high_action"":""split"",""order_decision"":""only_cost""},""phase"":""high""},{""action"":{""candidate_id"":0,""schedule_alpha"":0.5},""phase"":""select""},{""action"":{""search_k"":1,""search_strategy"":""default""},""phase"":""search""},{""action"":{""execution_action"":""none"",""lip_action"":""none""},""phase"":""low""},{""action"":{""high_action"":""stop"",""order_decision"":""only_cost""},""phase"":""high""},{""action"":{""search_k"":1,""search_strategy"":""default""},""phase"":""search""},{""action"":{""execution_action"":""none"",""lip_action"":""none""},""phase"":""low""}]"
JOB,b,./workloads/query_job/7c.sql,One-step RL,3019.600093364716,167.982000000000,ok,7cdabf89c2c21f17ae631979c9e8405f2f72c7561fa51440c4ebafa4ab13790d,1,True,5da17c5174c53bcc45725fa32280f11197a58dabd66d49be402d84702a1373d7,24aef44197ac301b4f80364a8dab1579e700a9b69e7999befd1933311220fdd5,./results/models/ablation/rl/one_step/job/random_b/best.pt,"[{""action"":{""high_action"":""split"",""order_decision"":""only_cost""},""phase"":""high""},{""action"":{""candidate_id"":3,""schedule_alpha"":0.5},""phase"":""select""},{""action"":{""search_k"":1,""search_strategy"":""default""},""phase"":""search""},{""action"":{""execution_action"":""none"",""lip_action"":""none""},""phase"":""low""},{""action"":{""high_action"":""split"",""order_decision"":""only_cost""},""phase"":""high""},{""action"":{""candidate_id"":2,""schedule_alpha"":0.5},""phase"":""select""},{""action"":{""search_k"":1,""search_strategy"":""default""},""phase"":""search""},{""action"":{""execution_action"":""none"",""lip_action"":""none""},""phase"":""low""},{""action"":{""high_action"":""split"",""order_decision"":""only_cost""},""phase"":""high""},{""action"":{""candidate_id"":0,""schedule_alpha"":0.5},""phase"":""select""},{""action"":{""search_k"":1,""search_strategy"":""default""},""phase"":""search""},{""action"":{""execution_action"":""none"",""lip_action"":""none""},""phase"":""low""},{""action"":{""high_action"":""stop"",""order_decision"":""only_cost""},""phase"":""high""},{""action"":{""search_k"":1,""search_strategy"":""default""},""phase"":""search""},{""action"":{""execution_action"":""none"",""lip_action"":""none""},""phase"":""low""}]"
JOB,b,./workloads/query_job/8b.sql,One-step RL,725.322976708412,175.666000000000,ok,e5b0fc3c68184c62fd7ca88151a039904e2fc3708d4c2773297d07ecda52eef1,1,True,7a9ed78b1ed9382f4bcf6603837fe7bcfbbffc9d58a6b96960c437676184ad9c,88cd41139eeffbba3fcf11ae466a5d78b372149a15ff766b3a615f6cbc54dca4,./results/models/ablation/rl/one_step/job/random_b/best.pt,"[{""action"":{""high_action"":""split"",""order_decision"":""only_cost""},""phase"":""high""},{""action"":{""candidate_id"":2,""schedule_alpha"":0.5},""phase"":""select""},{""action"":{""search_k"":1,""search_strategy"":""default""},""phase"":""search""},{""action"":{""execution_action"":""none"",""lip_action"":""none""},""phase"":""low""},{""action"":{""high_action"":""split"",""order_decision"":""only_cost""},""phase"":""high""},{""action"":{""candidate_id"":1,""schedule_alpha"":0.5},""phase"":""select""},{""action"":{""search_k"":1,""search_strategy"":""default""},""phase"":""search""},{""action"":{""execution_action"":""none"",""lip_action"":""none""},""phase"":""low""},{""action"":{""high_action"":""stop"",""order_decision"":""only_cost""},""phase"":""high""},{""action"":{""search_k"":1,""search_strategy"":""default""},""phase"":""search""},{""action"":{""execution_action"":""none"",""lip_action"":""none""},""phase"":""low""}]"
JOB,b,./workloads/query_job/8c.sql,One-step RL,6335.878722369671,125.353000000000,ok,ca648dbd161cd660e79b73f4d2feac37247f699997bfceb70abcc975adab600b,1,True,f452ca74bbb26e29e29fc1f212cbefebdd865445e73ef863748805c9a83ed8d0,5c955d44ce4cda7ad9c2ec3e6ffb9c2ae31c1ccafa86606dfe1f35705fea14db,./results/models/ablation/rl/one_step/job/random_b/best.pt,"[{""action"":{""high_action"":""split"",""order_decision"":""only_cost""},""phase"":""high""},{""action"":{""candidate_id"":2,""schedule_alpha"":0.5},""phase"":""select""},{""action"":{""search_k"":1,""search_strategy"":""default""},""phase"":""search""},{""action"":{""execution_action"":""none"",""lip_action"":""none""},""phase"":""low""},{""action"":{""high_action"":""split"",""order_decision"":""only_cost""},""phase"":""high""},{""action"":{""candidate_id"":0,""schedule_alpha"":0.5},""phase"":""select""},{""action"":{""search_k"":1,""search_strategy"":""default""},""phase"":""search""},{""action"":{""execution_action"":""none"",""lip_action"":""none""},""phase"":""low""},{""action"":{""high_action"":""stop"",""order_decision"":""only_cost""},""phase"":""high""},{""action"":{""search_k"":1,""search_strategy"":""default""},""phase"":""search""},{""action"":{""execution_action"":""none"",""lip_action"":""none""},""phase"":""low""}]"
JOB,c,./workloads/query_job/11a.sql,One-step RL,201.717823743820,44.131000000000,ok,83811c5c01e3bdbafff3ac6671360f1cb19c1452dd9ec0b095bcd21856c36865,1,True,a7f132ccdedde3f66b414b700d8c0c3bec56a5858f98a412037664bdbdc1a188,babe34f1014d1fda8fb891d4b3f8877177e0d393e7271c9c94f9096e1c8cbd30,./results/models/ablation/rl/one_step/job/random_c/best.pt,"[{""action"":{""high_action"":""split"",""order_decision"":""only_cost""},""phase"":""high""},{""action"":{""candidate_id"":1,""schedule_alpha"":0.5},""phase"":""select""},{""action"":{""search_k"":1,""search_strategy"":""default""},""phase"":""search""},{""action"":{""execution_action"":""none"",""lip_action"":""none""},""phase"":""low""},{""action"":{""high_action"":""split"",""order_decision"":""only_cost""},""phase"":""high""},{""action"":{""candidate_id"":1,""schedule_alpha"":0.5},""phase"":""select""},{""action"":{""search_k"":1,""search_strategy"":""default""},""phase"":""search""},{""action"":{""execution_action"":""conservative"",""lip_action"":""selective""},""phase"":""low""},{""action"":{""high_action"":""stop"",""order_decision"":""only_cost""},""phase"":""high""},{""action"":{""search_k"":1,""search_strategy"":""default""},""phase"":""search""},{""action"":{""execution_action"":""none"",""lip_action"":""none""},""phase"":""low""}]"
JOB,c,./workloads/query_job/12a.sql,One-step RL,670.888148248196,44.929000000000,ok,859e14caaec80c8e1bdf8043bc9dbcdc6810582adf44e5ae0ea485fc5cb8ed01,1,True,786cb4a0ddc4555d3ca055d8d4539192098d75ed2c97c090efa18622c35810d5,ad8d8b605290c3b82ad41754bfe3289ba5bb9d7ab5408da2d77342139ecac25b,./results/models/ablation/rl/one_step/job/random_c/best.pt,"[{""action"":{""high_action"":""split"",""order_decision"":""only_cost""},""phase"":""high""},{""action"":{""candidate_id"":2,""schedule_alpha"":0.5},""phase"":""select""},{""action"":{""search_k"":1,""search_strategy"":""default""},""phase"":""search""},{""action"":{""execution_action"":""none"",""lip_action"":""none""},""phase"":""low""},{""action"":{""high_action"":""split"",""order_decision"":""only_cost""},""phase"":""high""},{""action"":{""candidate_id"":1,""schedule_alpha"":0.5},""phase"":""select""},{""action"":{""search_k"":1,""search_strategy"":""default""},""phase"":""search""},{""action"":{""execution_action"":""conservative"",""lip_action"":""selective""},""phase"":""low""},{""action"":{""high_action"":""stop"",""order_decision"":""only_cost""},""phase"":""high""},{""action"":{""search_k"":1,""search_strategy"":""default""},""phase"":""search""},{""action"":{""execution_action"":""none"",""lip_action"":""none""},""phase"":""low""}]"
JOB,c,./workloads/query_job/13c.sql,One-step RL,1329.354077577591,98.324000000000,ok,62d718231272d8795fb939428fb8d114fb4735e7ff7ba5aa1c8431e0dd880cb9,1,True,e9e930cd9c090581246bfa44b93e4094eaeea664b0477618fe26a49737edc31e,1d64ae2a5542107b8cb20131d9e02e889595e36d84a79384b40825916af174dd,./results/models/ablation/rl/one_step/job/random_c/best.pt,"[{""action"":{""high_action"":""split"",""order_decision"":""only_cost""},""phase"":""high""},{""action"":{""candidate_id"":2,""schedule_alpha"":0.5},""phase"":""select""},{""action"":{""search_k"":1,""search_strategy"":""default""},""phase"":""search""},{""action"":{""execution_action"":""none"",""lip_action"":""none""},""phase"":""low""},{""action"":{""high_action"":""split"",""order_decision"":""only_cost""},""phase"":""high""},{""action"":{""candidate_id"":0,""schedule_alpha"":0.5},""phase"":""select""},{""action"":{""search_k"":1,""search_strategy"":""default""},""phase"":""search""},{""action"":{""execution_action"":""conservative"",""lip_action"":""selective""},""phase"":""low""},{""action"":{""high_action"":""split"",""order_decision"":""only_cost""},""phase"":""high""},{""action"":{""candidate_id"":0,""schedule_alpha"":0.5},""phase"":""select""},{""action"":{""search_k"":1,""search_strategy"":""default""},""phase"":""search""},{""action"":{""execution_action"":""none"",""lip_action"":""none""},""phase"":""low""},{""action"":{""high_action"":""stop"",""order_decision"":""only_cost""},""phase"":""high""},{""action"":{""search_k"":1,""search_strategy"":""default""},""phase"":""search""},{""action"":{""execution_action"":""none"",""lip_action"":""none""},""phase"":""low""}]"
JOB,c,./workloads/query_job/14a.sql,One-step RL,514.985896646976,59.398000000000,ok,f13c3a0e601dd42f5abd41675e0438c06c7c79b9e0a6b2e6974fe4952b94c09e,1,True,6487e56609d3d9319a0a333d132a980b6a32c9f5ddb3fe861f5b8adc7d1a9971,8184d503379849fe36d73ac3a194012a5eeaf0ecd723bdd44ebe8c961f9099ef,./results/models/ablation/rl/one_step/job/random_c/best.pt,"[{""action"":{""high_action"":""split"",""order_decision"":""only_cost""},""phase"":""high""},{""action"":{""candidate_id"":2,""schedule_alpha"":0.5},""phase"":""select""},{""action"":{""search_k"":1,""search_strategy"":""default""},""phase"":""search""},{""action"":{""execution_action"":""none"",""lip_action"":""none""},""phase"":""low""},{""action"":{""high_action"":""split"",""order_decision"":""only_cost""},""phase"":""high""},{""action"":{""candidate_id"":0,""schedule_alpha"":0.5},""phase"":""select""},{""action"":{""search_k"":1,""search_strategy"":""default""},""phase"":""search""},{""action"":{""execution_action"":""conservative"",""lip_action"":""selective""},""phase"":""low""},{""action"":{""high_action"":""split"",""order_decision"":""only_cost""},""phase"":""high""},{""action"":{""candidate_id"":1,""schedule_alpha"":0.5},""phase"":""select""},{""action"":{""search_k"":1,""search_strategy"":""default""},""phase"":""search""},{""action"":{""execution_action"":""none"",""lip_action"":""none""},""phase"":""low""},{""action"":{""high_action"":""stop"",""order_decision"":""only_cost""},""phase"":""high""},{""action"":{""search_k"":1,""search_strategy"":""default""},""phase"":""search""},{""action"":{""execution_action"":""none"",""lip_action"":""none""},""phase"":""low""}]"
JOB,c,./workloads/query_job/15a.sql,One-step RL,860.909581184387,193.800000000000,ok,0bf74f571c854c91dada16e78f6a511682855e8364304c1e74a2715a468ad523,1,True,9e2eebd9091956d24d63ec84a5691ff08bfda0fc4e2a4592bce4eccb1fccf71c,4171d901cd294ee8d082dda5230178794c76dd76f36d30dd4862e578475cb518,./results/models/ablation/rl/one_step/job/random_c/best.pt,"[{""action"":{""high_action"":""split"",""order_decision"":""only_cost""},""phase"":""high""},{""action"":{""candidate_id"":2,""schedule_alpha"":0.5},""phase"":""select""},{""action"":{""search_k"":1,""search_strategy"":""default""},""phase"":""search""},{""action"":{""execution_action"":""none"",""lip_action"":""none""},""phase"":""low""},{""action"":{""high_action"":""split"",""order_decision"":""only_cost""},""phase"":""high""},{""action"":{""candidate_id"":1,""schedule_alpha"":0.5},""phase"":""select""},{""action"":{""search_k"":1,""search_strategy"":""default""},""phase"":""search""},{""action"":{""execution_action"":""none"",""lip_action"":""none""},""phase"":""low""},{""action"":{""high_action"":""split"",""order_decision"":""only_cost""},""phase"":""high""},{""action"":{""candidate_id"":0,""schedule_alpha"":0.5},""phase"":""select""},{""action"":{""search_k"":1,""search_strategy"":""default""},""phase"":""search""},{""action"":{""execution_action"":""none"",""lip_action"":""none""},""phase"":""low""},{""action"":{""high_action"":""stop"",""order_decision"":""only_cost""},""phase"":""high""},{""action"":{""search_k"":1,""search_strategy"":""default""},""phase"":""search""},{""action"":{""execution_action"":""none"",""lip_action"":""none""},""phase"":""low""}]"
JOB,c,./workloads/query_job/15b.sql,One-step RL,326.998539268970,207.043000000000,ok,b25c3f018dd147bf4abce160072d7f8ba5b0f3abbe07bec34bc2e8b72eefff81,1,True,3f55302c01f440a8ed2bead85f5ca08a7ec51d75caa549ce98d56cef32a16282,cd81f23bd129bde1fd841246f69c2eea31079cc33c2241588dc250f84c6475c7,./results/models/ablation/rl/one_step/job/random_c/best.pt,"[{""action"":{""high_action"":""split"",""order_decision"":""only_cost""},""phase"":""high""},{""action"":{""candidate_id"":1,""schedule_alpha"":0.5},""phase"":""select""},{""action"":{""search_k"":1,""search_strategy"":""default""},""phase"":""search""},{""action"":{""execution_action"":""none"",""lip_action"":""none""},""phase"":""low""},{""action"":{""high_action"":""split"",""order_decision"":""only_cost""},""phase"":""high""},{""action"":{""candidate_id"":1,""schedule_alpha"":0.5},""phase"":""select""},{""action"":{""search_k"":1,""search_strategy"":""default""},""phase"":""search""},{""action"":{""execution_action"":""none"",""lip_action"":""none""},""phase"":""low""},{""action"":{""high_action"":""split"",""order_decision"":""only_cost""},""phase"":""high""},{""action"":{""candidate_id"":0,""schedule_alpha"":0.5},""phase"":""select""},{""action"":{""search_k"":1,""search_strategy"":""default""},""phase"":""search""},{""action"":{""execution_action"":""none"",""lip_action"":""none""},""phase"":""low""},{""action"":{""high_action"":""stop"",""order_decision"":""only_cost""},""phase"":""high""},{""action"":{""search_k"":1,""search_strategy"":""default""},""phase"":""search""},{""action"":{""execution_action"":""none"",""lip_action"":""none""},""phase"":""low""}]"
JOB,c,./workloads/query_job/16c.sql,One-step RL,1672.325283288956,102.263000000000,ok,1318f60bc0ac9eb3ca4ac578870bec99e9ac05ece5a440ba30e253efb9ea5aeb,1,True,d8de59bd1a95c7e471e0d164674163a80b66ebc76e6d68e82b902a5da988173f,455cadd99b396a086ee10aaf254cb7537b99962b7da955a40a21845286a32c38,./results/models/ablation/rl/one_step/job/random_c/best.pt,"[{""action"":{""high_action"":""split"",""order_decision"":""only_cost""},""phase"":""high""},{""action"":{""candidate_id"":3,""schedule_alpha"":0.5},""phase"":""select""},{""action"":{""search_k"":1,""search_strategy"":""default""},""phase"":""search""},{""action"":{""execution_action"":""none"",""lip_action"":""none""},""phase"":""low""},{""action"":{""high_action"":""split"",""order_decision"":""only_cost""},""phase"":""high""},{""action"":{""candidate_id"":2,""schedule_alpha"":0.5},""phase"":""select""},{""action"":{""search_k"":1,""search_strategy"":""default""},""phase"":""search""},{""action"":{""execution_action"":""conservative"",""lip_action"":""selective""},""phase"":""low""},{""action"":{""high_action"":""split"",""order_decision"":""only_cost""},""phase"":""high""},{""action"":{""candidate_id"":1,""schedule_alpha"":0.5},""phase"":""select""},{""action"":{""search_k"":1,""search_strategy"":""default""},""phase"":""search""},{""action"":{""execution_action"":""none"",""lip_action"":""none""},""phase"":""low""},{""action"":{""high_action"":""stop"",""order_decision"":""only_cost""},""phase"":""high""},{""action"":{""search_k"":1,""search_strategy"":""default""},""phase"":""search""},{""action"":{""execution_action"":""none"",""lip_action"":""none""},""phase"":""low""}]"
JOB,c,./workloads/query_job/16d.sql,One-step RL,1364.527523517609,63.577000000000,ok,1318f60bc0ac9eb3ca4ac578870bec99e9ac05ece5a440ba30e253efb9ea5aeb,1,True,15fd3f31f5fff9aa8e4a23529343029f1403a157ab8e9855d174d4ff260e0e83,cf24d8b8f8954a13ee7451082ae5fc5f4e842e48955d490bf1aed51853529b24,./results/models/ablation/rl/one_step/job/random_c/best.pt,"[{""action"":{""high_action"":""split"",""order_decision"":""only_cost""},""phase"":""high""},{""action"":{""candidate_id"":3,""schedule_alpha"":0.5},""phase"":""select""},{""action"":{""search_k"":1,""search_strategy"":""default""},""phase"":""search""},{""action"":{""execution_action"":""none"",""lip_action"":""none""},""phase"":""low""},{""action"":{""high_action"":""split"",""order_decision"":""only_cost""},""phase"":""high""},{""action"":{""candidate_id"":2,""schedule_alpha"":0.5},""phase"":""select""},{""action"":{""search_k"":1,""search_strategy"":""default""},""phase"":""search""},{""action"":{""execution_action"":""conservative"",""lip_action"":""selective""},""phase"":""low""},{""action"":{""high_action"":""split"",""order_decision"":""only_cost""},""phase"":""high""},{""action"":{""candidate_id"":1,""schedule_alpha"":0.5},""phase"":""select""},{""action"":{""search_k"":1,""search_strategy"":""default""},""phase"":""search""},{""action"":{""execution_action"":""none"",""lip_action"":""none""},""phase"":""low""},{""action"":{""high_action"":""stop"",""order_decision"":""only_cost""},""phase"":""high""},{""action"":{""search_k"":1,""search_strategy"":""default""},""phase"":""search""},{""action"":{""execution_action"":""none"",""lip_action"":""none""},""phase"":""low""}]"
JOB,c,./workloads/query_job/17a.sql,One-step RL,5447.128929197788,73.457000000000,ok,12f3484b478e4f8b8c8fb87fad1c71c58c270dfee71990c3ecc25050d8a36b0f,1,True,a5305dea2bab99b38242cbbf144a934d8b07ad8fef4280258e0f9fcf6792c4f7,8870b00e12cda7308205a2f4c3252113d63b05c81b69fd858a0dd6648a71f6f2,./results/models/ablation/rl/one_step/job/random_c/best.pt,"[{""action"":{""high_action"":""split"",""order_decision"":""only_cost""},""phase"":""high""},{""action"":{""candidate_id"":2,""schedule_alpha"":0.5},""phase"":""select""},{""action"":{""search_k"":1,""search_strategy"":""default""},""phase"":""search""},{""action"":{""execution_action"":""none"",""lip_action"":""none""},""phase"":""low""},{""action"":{""high_action"":""split"",""order_decision"":""only_cost""},""phase"":""high""},{""action"":{""candidate_id"":1,""schedule_alpha"":0.5},""phase"":""select""},{""action"":{""search_k"":1,""search_strategy"":""default""},""phase"":""search""},{""action"":{""execution_action"":""conservative"",""lip_action"":""selective""},""phase"":""low""},{""action"":{""high_action"":""stop"",""order_decision"":""only_cost""},""phase"":""high""},{""action"":{""search_k"":1,""search_strategy"":""default""},""phase"":""search""},{""action"":{""execution_action"":""none"",""lip_action"":""none""},""phase"":""low""}]"
JOB,c,./workloads/query_job/17b.sql,One-step RL,5676.744230091572,43.529000000000,ok,de642ce5a04416b5f5d58162138ce38932542abd6a7a7a08d538f1a6fc288f85,1,True,8d8821e2e9c29e48b220ba38af21acd584bc089c1835ece7c9769c3712734145,dc80626d4af679911b34dea67d1a328d62a0140673a9720b1319650d3ecc6573,./results/models/ablation/rl/one_step/job/random_c/best.pt,"[{""action"":{""high_action"":""split"",""order_decision"":""only_cost""},""phase"":""high""},{""action"":{""candidate_id"":2,""schedule_alpha"":0.5},""phase"":""select""},{""action"":{""search_k"":1,""search_strategy"":""default""},""phase"":""search""},{""action"":{""execution_action"":""none"",""lip_action"":""none""},""phase"":""low""},{""action"":{""high_action"":""split"",""order_decision"":""only_cost""},""phase"":""high""},{""action"":{""candidate_id"":0,""schedule_alpha"":0.5},""phase"":""select""},{""action"":{""search_k"":1,""search_strategy"":""default""},""phase"":""search""},{""action"":{""execution_action"":""conservative"",""lip_action"":""selective""},""phase"":""low""},{""action"":{""high_action"":""stop"",""order_decision"":""only_cost""},""phase"":""high""},{""action"":{""search_k"":1,""search_strategy"":""default""},""phase"":""search""},{""action"":{""execution_action"":""conservative"",""lip_action"":""selective""},""phase"":""low""}]"
JOB,c,./workloads/query_job/17c.sql,One-step RL,1005.763761699200,135.030000000000,ok,89318885181be4671a585035246d501b4eb546101d7a71035ac9eaf20c99bdff,1,True,4f83e84a06dfa5a876edceea62f3e0ce4f41327675bad39b4f489d0fe1235d5d,885182f330f14d68fa7721b6032e2d78083078b8a2d83e186b0c48214387186e,./results/models/ablation/rl/one_step/job/random_c/best.pt,"[{""action"":{""high_action"":""split"",""order_decision"":""only_cost""},""phase"":""high""},{""action"":{""candidate_id"":2,""schedule_alpha"":0.5},""phase"":""select""},{""action"":{""search_k"":1,""search_strategy"":""default""},""phase"":""search""},{""action"":{""execution_action"":""none"",""lip_action"":""none""},""phase"":""low""},{""action"":{""high_action"":""split"",""order_decision"":""only_cost""},""phase"":""high""},{""action"":{""candidate_id"":0,""schedule_alpha"":0.5},""phase"":""select""},{""action"":{""search_k"":1,""search_strategy"":""default""},""phase"":""search""},{""action"":{""execution_action"":""none"",""lip_action"":""none""},""phase"":""low""},{""action"":{""high_action"":""stop"",""order_decision"":""only_cost""},""phase"":""high""},{""action"":{""search_k"":1,""search_strategy"":""default""},""phase"":""search""},{""action"":{""execution_action"":""none"",""lip_action"":""none""},""phase"":""low""}]"
JOB,c,./workloads/query_job/17e.sql,One-step RL,5596.808619797230,142.569000000000,ok,f737f87f1aee3edfa2a8464fe8782aa3d0139b69867ac6bfd244eb890fff19b5,1,True,82d046613835b39702f8fab98496fc219de0c93a710e6c1e91cd19691848cd5f,4bcf8513e4f1136d0a304bf1ca3dc7e1525e4dcd581a703ed3612f5e43d67c71,./results/models/ablation/rl/one_step/job/random_c/best.pt,"[{""action"":{""high_action"":""split"",""order_decision"":""only_cost""},""phase"":""high""},{""action"":{""candidate_id"":2,""schedule_alpha"":0.5},""phase"":""select""},{""action"":{""search_k"":1,""search_strategy"":""default""},""phase"":""search""},{""action"":{""execution_action"":""none"",""lip_action"":""none""},""phase"":""low""},{""action"":{""high_action"":""split"",""order_decision"":""only_cost""},""phase"":""high""},{""action"":{""candidate_id"":1,""schedule_alpha"":0.5},""phase"":""select""},{""action"":{""search_k"":1,""search_strategy"":""default""},""phase"":""search""},{""action"":{""execution_action"":""conservative"",""lip_action"":""selective""},""phase"":""low""},{""action"":{""high_action"":""stop"",""order_decision"":""only_cost""},""phase"":""high""},{""action"":{""search_k"":1,""search_strategy"":""default""},""phase"":""search""},{""action"":{""execution_action"":""none"",""lip_action"":""none""},""phase"":""low""}]"
JOB,c,./workloads/query_job/19d.sql,One-step RL,6838.759347796440,66.826000000000,ok,a4539f795d93860062d39d330febb9a7e2eba327a0dde36ea917ef25d81da7fb,1,True,27d02916331b6466cc645ed9c3f672b0e833ca53fe1e31c853c85e190b7d73f1,c4f43517acf27807b16285f8039349bea8e35de1ab1e7e720732a453411a0744,./results/models/ablation/rl/one_step/job/random_c/best.pt,"[{""action"":{""high_action"":""split"",""order_decision"":""only_cost""},""phase"":""high""},{""action"":{""candidate_id"":1,""schedule_alpha"":0.5},""phase"":""select""},{""action"":{""search_k"":1,""search_strategy"":""default""},""phase"":""search""},{""action"":{""execution_action"":""none"",""lip_action"":""none""},""phase"":""low""},{""action"":{""high_action"":""split"",""order_decision"":""only_cost""},""phase"":""high""},{""action"":{""candidate_id"":0,""schedule_alpha"":0.5},""phase"":""select""},{""action"":{""search_k"":1,""search_strategy"":""default""},""phase"":""search""},{""action"":{""execution_action"":""none"",""lip_action"":""none""},""phase"":""low""},{""action"":{""high_action"":""split"",""order_decision"":""only_cost""},""phase"":""high""},{""action"":{""candidate_id"":1,""schedule_alpha"":0.5},""phase"":""select""},{""action"":{""search_k"":1,""search_strategy"":""default""},""phase"":""search""},{""action"":{""execution_action"":""conservative"",""lip_action"":""selective""},""phase"":""low""},{""action"":{""high_action"":""stop"",""order_decision"":""only_cost""},""phase"":""high""},{""action"":{""search_k"":1,""search_strategy"":""default""},""phase"":""search""},{""action"":{""execution_action"":""conservative"",""lip_action"":""selective""},""phase"":""low""}]"
JOB,c,./workloads/query_job/1b.sql,One-step RL,138.006806373596,117.613000000000,ok,be1d6ac40c20f262e1328dfd04b2021cc535502e6b32eff765a057282a5df4f7,1,True,c6e0cf18128bdbce9601e3358198f681c10d5862471045cd724113048e9b2060,d5516c82035194f811cc74720aff44a464bf74ab0fc4c3adfa088560b1a844fc,./results/models/ablation/rl/one_step/job/random_c/best.pt,"[{""action"":{""high_action"":""split"",""order_decision"":""only_cost""},""phase"":""high""},{""action"":{""candidate_id"":1,""schedule_alpha"":0.5},""phase"":""select""},{""action"":{""search_k"":1,""search_strategy"":""default""},""phase"":""search""},{""action"":{""execution_action"":""none"",""lip_action"":""none""},""phase"":""low""},{""action"":{""high_action"":""stop"",""order_decision"":""only_cost""},""phase"":""high""},{""action"":{""search_k"":1,""search_strategy"":""default""},""phase"":""search""},{""action"":{""execution_action"":""none"",""lip_action"":""none""},""phase"":""low""}]"
JOB,c,./workloads/query_job/1c.sql,One-step RL,480.357319116592,98.135000000000,ok,c9cfeb2c53a9c7d56ba455c5c333a8fac5db32559ebd94b17f2dbd68a69e1122,1,True,cd8271cf84fca4685d4374bf1e427a43d29013d55cba14421f2e6e0cf7304815,47a1beaec78491807c82a3ce9bce31926c23dbb626131f17b170c4c3d9944c7b,./results/models/ablation/rl/one_step/job/random_c/best.pt,"[{""action"":{""high_action"":""split"",""order_decision"":""only_cost""},""phase"":""high""},{""action"":{""candidate_id"":0,""schedule_alpha"":0.5},""phase"":""select""},{""action"":{""search_k"":1,""search_strategy"":""default""},""phase"":""search""},{""action"":{""execution_action"":""none"",""lip_action"":""none""},""phase"":""low""},{""action"":{""high_action"":""stop"",""order_decision"":""only_cost""},""phase"":""high""},{""action"":{""search_k"":1,""search_strategy"":""default""},""phase"":""search""},{""action"":{""execution_action"":""none"",""lip_action"":""none""},""phase"":""low""}]"
JOB,c,./workloads/query_job/20c.sql,One-step RL,1157.084196805954,58.894000000000,ok,568e7928022d673040c12df4a67123a0784853e4f2fd144a3c3ad416f6a0ff39,1,True,95a5b01ef813acd242535f3b073b36c4bb1bdda45b95ece0d5084b4b0c8bafd6,39ba1422e34d8fa29ba279637a44139433d997d57c4887565e8219fe2a177b1c,./results/models/ablation/rl/one_step/job/random_c/best.pt,"[{""action"":{""high_action"":""split"",""order_decision"":""only_cost""},""phase"":""high""},{""action"":{""candidate_id"":2,""schedule_alpha"":0.5},""phase"":""select""},{""action"":{""search_k"":1,""search_strategy"":""default""},""phase"":""search""},{""action"":{""execution_action"":""none"",""lip_action"":""none""},""phase"":""low""},{""action"":{""high_action"":""split"",""order_decision"":""only_cost""},""phase"":""high""},{""action"":{""candidate_id"":2,""schedule_alpha"":0.5},""phase"":""select""},{""action"":{""search_k"":1,""search_strategy"":""default""},""phase"":""search""},{""action"":{""execution_action"":""conservative"",""lip_action"":""selective""},""phase"":""low""},{""action"":{""high_action"":""split"",""order_decision"":""only_cost""},""phase"":""high""},{""action"":{""candidate_id"":0,""schedule_alpha"":0.5},""phase"":""select""},{""action"":{""search_k"":1,""search_strategy"":""default""},""phase"":""search""},{""action"":{""execution_action"":""conservative"",""lip_action"":""selective""},""phase"":""low""},{""action"":{""high_action"":""stop"",""order_decision"":""only_cost""},""phase"":""high""},{""action"":{""search_k"":1,""search_strategy"":""default""},""phase"":""search""},{""action"":{""execution_action"":""none"",""lip_action"":""none""},""phase"":""low""}]"
JOB,c,./workloads/query_job/21a.sql,One-step RL,284.843876957893,101.691000000000,ok,6114bcae99606cbd64c86c8dd7da67c69f8e545ea60c5213503552460a7306d0,1,True,3d1851eb76b835334997bdbd81f8c329ad875ebd29b777bfa4eba4473e9057f9,7994f23ef1ebfa2ef75d2d690d640759503a4eb4bef3ab3e209c27c64c46ccbb,./results/models/ablation/rl/one_step/job/random_c/best.pt,"[{""action"":{""high_action"":""split"",""order_decision"":""only_cost""},""phase"":""high""},{""action"":{""candidate_id"":2,""schedule_alpha"":0.5},""phase"":""select""},{""action"":{""search_k"":1,""search_strategy"":""default""},""phase"":""search""},{""action"":{""execution_action"":""none"",""lip_action"":""none""},""phase"":""low""},{""action"":{""high_action"":""split"",""order_decision"":""only_cost""},""phase"":""high""},{""action"":{""candidate_id"":2,""schedule_alpha"":0.5},""phase"":""select""},{""action"":{""search_k"":1,""search_strategy"":""default""},""phase"":""search""},{""action"":{""execution_action"":""conservative"",""lip_action"":""selective""},""phase"":""low""},{""action"":{""high_action"":""split"",""order_decision"":""only_cost""},""phase"":""high""},{""action"":{""candidate_id"":0,""schedule_alpha"":0.5},""phase"":""select""},{""action"":{""search_k"":1,""search_strategy"":""default""},""phase"":""search""},{""action"":{""execution_action"":""none"",""lip_action"":""none""},""phase"":""low""},{""action"":{""high_action"":""stop"",""order_decision"":""only_cost""},""phase"":""high""},{""action"":{""search_k"":1,""search_strategy"":""default""},""phase"":""search""},{""action"":{""execution_action"":""none"",""lip_action"":""none""},""phase"":""low""}]"
JOB,c,./workloads/query_job/21b.sql,One-step RL,275.470063090324,79.139000000000,ok,1da28682b56bf46849a42e55ba2b328e656ccb98f2f56a02e22549b0a2dec397,1,True,795f14d53fb00a1a4c62939a0bc44b0bb5bfe3b859963fc8432b2481ec575964,ef1709d85feee4acac194c78ff38a79fcd488203ec59eaefd4496f6a77edaddf,./results/models/ablation/rl/one_step/job/random_c/best.pt,"[{""action"":{""high_action"":""split"",""order_decision"":""only_cost""},""phase"":""high""},{""action"":{""candidate_id"":2,""schedule_alpha"":0.5},""phase"":""select""},{""action"":{""search_k"":1,""search_strategy"":""default""},""phase"":""search""},{""action"":{""execution_action"":""none"",""lip_action"":""none""},""phase"":""low""},{""action"":{""high_action"":""split"",""order_decision"":""only_cost""},""phase"":""high""},{""action"":{""candidate_id"":2,""schedule_alpha"":0.5},""phase"":""select""},{""action"":{""search_k"":1,""search_strategy"":""default""},""phase"":""search""},{""action"":{""execution_action"":""conservative"",""lip_action"":""selective""},""phase"":""low""},{""action"":{""high_action"":""split"",""order_decision"":""only_cost""},""phase"":""high""},{""action"":{""candidate_id"":0,""schedule_alpha"":0.5},""phase"":""select""},{""action"":{""search_k"":1,""search_strategy"":""default""},""phase"":""search""},{""action"":{""execution_action"":""none"",""lip_action"":""none""},""phase"":""low""},{""action"":{""high_action"":""stop"",""order_decision"":""only_cost""},""phase"":""high""},{""action"":{""search_k"":1,""search_strategy"":""default""},""phase"":""search""},{""action"":{""execution_action"":""none"",""lip_action"":""none""},""phase"":""low""}]"
JOB,c,./workloads/query_job/21c.sql,One-step RL,216.865815222263,57.963000000000,ok,83811c5c01e3bdbafff3ac6671360f1cb19c1452dd9ec0b095bcd21856c36865,1,True,f1e5fc420b4c1ef3f6b061edf834bcdad9c72dd21fb527acf4c2495404db0a54,04ed143a19cc2e93c70addf914ba46e712fbef322c2cdbbf5d8f4452b467d6ca,./results/models/ablation/rl/one_step/job/random_c/best.pt,"[{""action"":{""high_action"":""split"",""order_decision"":""only_cost""},""phase"":""high""},{""action"":{""candidate_id"":2,""schedule_alpha"":0.5},""phase"":""select""},{""action"":{""search_k"":1,""search_strategy"":""default""},""phase"":""search""},{""action"":{""execution_action"":""none"",""lip_action"":""none""},""phase"":""low""},{""action"":{""high_action"":""split"",""order_decision"":""only_cost""},""phase"":""high""},{""action"":{""candidate_id"":2,""schedule_alpha"":0.5},""phase"":""select""},{""action"":{""search_k"":1,""search_strategy"":""default""},""phase"":""search""},{""action"":{""execution_action"":""conservative"",""lip_action"":""selective""},""phase"":""low""},{""action"":{""high_action"":""split"",""order_decision"":""only_cost""},""phase"":""high""},{""action"":{""candidate_id"":0,""schedule_alpha"":0.5},""phase"":""select""},{""action"":{""search_k"":1,""search_strategy"":""default""},""phase"":""search""},{""action"":{""execution_action"":""none"",""lip_action"":""none""},""phase"":""low""},{""action"":{""high_action"":""stop"",""order_decision"":""only_cost""},""phase"":""high""},{""action"":{""search_k"":1,""search_strategy"":""default""},""phase"":""search""},{""action"":{""execution_action"":""none"",""lip_action"":""none""},""phase"":""low""}]"
JOB,c,./workloads/query_job/23a.sql,One-step RL,811.920553445816,99.980000000000,ok,e33290c8b8a911bae419941260d0bb2e09cceab157ff21cbd4088e50c3a1cc9b,1,True,619023cf2a31b273e95982b97cc9a8631c332571f656328053af79c8bf84c9d9,fef89d22d3d0657d9f80a18454d078ece1e6c96930a348623a3923cd80eccb58,./results/models/ablation/rl/one_step/job/random_c/best.pt,"[{""action"":{""high_action"":""split"",""order_decision"":""only_cost""},""phase"":""high""},{""action"":{""candidate_id"":2,""schedule_alpha"":0.5},""phase"":""select""},{""action"":{""search_k"":1,""search_strategy"":""default""},""phase"":""search""},{""action"":{""execution_action"":""none"",""lip_action"":""none""},""phase"":""low""},{""action"":{""high_action"":""split"",""order_decision"":""only_cost""},""phase"":""high""},{""action"":{""candidate_id"":1,""schedule_alpha"":0.5},""phase"":""select""},{""action"":{""search_k"":1,""search_strategy"":""default""},""phase"":""search""},{""action"":{""execution_action"":""conservative"",""lip_action"":""selective""},""phase"":""low""},{""action"":{""high_action"":""split"",""order_decision"":""only_cost""},""phase"":""high""},{""action"":{""candidate_id"":0,""schedule_alpha"":0.5},""phase"":""select""},{""action"":{""search_k"":1,""search_strategy"":""default""},""phase"":""search""},{""action"":{""execution_action"":""conservative"",""lip_action"":""selective""},""phase"":""low""},{""action"":{""high_action"":""split"",""order_decision"":""only_cost""},""phase"":""high""},{""action"":{""candidate_id"":0,""schedule_alpha"":0.5},""phase"":""select""},{""action"":{""search_k"":1,""search_strategy"":""default""},""phase"":""search""},{""action"":{""execution_action"":""none"",""lip_action"":""none""},""phase"":""low""},{""action"":{""high_action"":""stop"",""order_decision"":""only_cost""},""phase"":""high""},{""action"":{""search_k"":1,""search_strategy"":""default""},""phase"":""search""},{""action"":{""execution_action"":""none"",""lip_action"":""none""},""phase"":""low""}]"
JOB,c,./workloads/query_job/24b.sql,One-step RL,404.829621315002,285.748000000000,ok,c6a12dd8a9651eef2928671373921d7e677edea1ec96df6544103293106311ef,1,True,a0105c0c9d70eabe35f60231ae0e06ff11722212bb1687c82490406f9c98927a,2ca8feb974a734617b8cccc5a5253c2be6ce8af5f2779d65ecce5c9b03ee5de2,./results/models/ablation/rl/one_step/job/random_c/best.pt,"[{""action"":{""high_action"":""split"",""order_decision"":""only_cost""},""phase"":""high""},{""action"":{""candidate_id"":2,""schedule_alpha"":0.5},""phase"":""select""},{""action"":{""search_k"":1,""search_strategy"":""default""},""phase"":""search""},{""action"":{""execution_action"":""none"",""lip_action"":""none""},""phase"":""low""},{""action"":{""high_action"":""split"",""order_decision"":""only_cost""},""phase"":""high""},{""action"":{""candidate_id"":3,""schedule_alpha"":0.5},""phase"":""select""},{""action"":{""search_k"":1,""search_strategy"":""default""},""phase"":""search""},{""action"":{""execution_action"":""none"",""lip_action"":""none""},""phase"":""low""},{""action"":{""high_action"":""split"",""order_decision"":""only_cost""},""phase"":""high""},{""action"":{""candidate_id"":1,""schedule_alpha"":0.5},""phase"":""select""},{""action"":{""search_k"":1,""search_strategy"":""default""},""phase"":""search""},{""action"":{""execution_action"":""none"",""lip_action"":""none""},""phase"":""low""},{""action"":{""high_action"":""split"",""order_decision"":""only_cost""},""phase"":""high""},{""action"":{""candidate_id"":0,""schedule_alpha"":0.5},""phase"":""select""},{""action"":{""search_k"":1,""search_strategy"":""default""},""phase"":""search""},{""action"":{""execution_action"":""none"",""lip_action"":""none""},""phase"":""low""},{""action"":{""high_action"":""stop"",""order_decision"":""only_cost""},""phase"":""high""},{""action"":{""search_k"":1,""search_strategy"":""default""},""phase"":""search""},{""action"":{""execution_action"":""none"",""lip_action"":""none""},""phase"":""low""}]"
JOB,c,./workloads/query_job/25a.sql,One-step RL,1947.491347789764,60.470000000000,ok,3f61bc3b5b8945716ddc701b2a0b19f860043a01c2e6df0e838c90693f07dd20,1,True,febfc463fe77d5bf4f15173a5ed05b9619832bca3585d61055c4f2bf9f94f2b8,0ac15ebb89087b03ab7d86f0b2e393cd3df669806f066cf788c7310cee2992cd,./results/models/ablation/rl/one_step/job/random_c/best.pt,"[{""action"":{""high_action"":""split"",""order_decision"":""only_cost""},""phase"":""high""},{""action"":{""candidate_id"":3,""schedule_alpha"":0.5},""phase"":""select""},{""action"":{""search_k"":1,""search_strategy"":""default""},""phase"":""search""},{""action"":{""execution_action"":""none"",""lip_action"":""none""},""phase"":""low""},{""action"":{""high_action"":""split"",""order_decision"":""only_cost""},""phase"":""high""},{""action"":{""candidate_id"":1,""schedule_alpha"":0.5},""phase"":""select""},{""action"":{""search_k"":1,""search_strategy"":""default""},""phase"":""search""},{""action"":{""execution_action"":""conservative"",""lip_action"":""selective""},""phase"":""low""},{""action"":{""high_action"":""split"",""order_decision"":""only_cost""},""phase"":""high""},{""action"":{""candidate_id"":1,""schedule_alpha"":0.5},""phase"":""select""},{""action"":{""search_k"":1,""search_strategy"":""default""},""phase"":""search""},{""action"":{""execution_action"":""conservative"",""lip_action"":""selective""},""phase"":""low""},{""action"":{""high_action"":""stop"",""order_decision"":""only_cost""},""phase"":""high""},{""action"":{""search_k"":1,""search_strategy"":""default""},""phase"":""search""},{""action"":{""execution_action"":""none"",""lip_action"":""none""},""phase"":""low""}]"
JOB,c,./workloads/query_job/25b.sql,One-step RL,623.305521905422,184.094000000000,ok,a6dff347cc4e2c49ccacd365b50a365a6fabbfadf92d2cdfddeb9d790e3bbb17,1,True,281a9e85a78698c1d0f6c2d2068817ccdcdf7237bad1be460d828da654b0cb02,069737e86b588b2ae40b0289582ca1bf597d9c6255ddfe48c10a10aa943ed7e7,./results/models/ablation/rl/one_step/job/random_c/best.pt,"[{""action"":{""high_action"":""split"",""order_decision"":""only_cost""},""phase"":""high""},{""action"":{""candidate_id"":3,""schedule_alpha"":0.5},""phase"":""select""},{""action"":{""search_k"":1,""search_strategy"":""default""},""phase"":""search""},{""action"":{""execution_action"":""none"",""lip_action"":""none""},""phase"":""low""},{""action"":{""high_action"":""split"",""order_decision"":""only_cost""},""phase"":""high""},{""action"":{""candidate_id"":2,""schedule_alpha"":0.5},""phase"":""select""},{""action"":{""search_k"":1,""search_strategy"":""default""},""phase"":""search""},{""action"":{""execution_action"":""none"",""lip_action"":""none""},""phase"":""low""},{""action"":{""high_action"":""split"",""order_decision"":""only_cost""},""phase"":""high""},{""action"":{""candidate_id"":1,""schedule_alpha"":0.5},""phase"":""select""},{""action"":{""search_k"":1,""search_strategy"":""default""},""phase"":""search""},{""action"":{""execution_action"":""none"",""lip_action"":""none""},""phase"":""low""},{""action"":{""high_action"":""stop"",""order_decision"":""only_cost""},""phase"":""high""},{""action"":{""search_k"":1,""search_strategy"":""default""},""phase"":""search""},{""action"":{""execution_action"":""none"",""lip_action"":""none""},""phase"":""low""}]"
JOB,c,./workloads/query_job/26c.sql,One-step RL,1107.311099767685,78.296000000000,ok,028fa66983476fd11ebe0fc3fe75f01f243fb077ff18202487babf6b5905aae1,1,True,f3b7e4d426337bb138b2be9649a7a13eb49600a4c897ae5efe09aa0e98adc425,db5e074af52dc156b68749d8078320954e9c83cd1aa9dd7319fc722d8ca877b2,./results/models/ablation/rl/one_step/job/random_c/best.pt,"[{""action"":{""high_action"":""split"",""order_decision"":""only_cost""},""phase"":""high""},{""action"":{""candidate_id"":3,""schedule_alpha"":0.5},""phase"":""select""},{""action"":{""search_k"":1,""search_strategy"":""default""},""phase"":""search""},{""action"":{""execution_action"":""none"",""lip_action"":""none""},""phase"":""low""},{""action"":{""high_action"":""split"",""order_decision"":""only_cost""},""phase"":""high""},{""action"":{""candidate_id"":2,""schedule_alpha"":0.5},""phase"":""select""},{""action"":{""search_k"":1,""search_strategy"":""default""},""phase"":""search""},{""action"":{""execution_action"":""conservative"",""lip_action"":""selective""},""phase"":""low""},{""action"":{""high_action"":""split"",""order_decision"":""only_cost""},""phase"":""high""},{""action"":{""candidate_id"":0,""schedule_alpha"":0.5},""phase"":""select""},{""action"":{""search_k"":1,""search_strategy"":""default""},""phase"":""search""},{""action"":{""execution_action"":""conservative"",""lip_action"":""selective""},""phase"":""low""},{""action"":{""high_action"":""split"",""order_decision"":""only_cost""},""phase"":""high""},{""action"":{""candidate_id"":1,""schedule_alpha"":0.5},""phase"":""select""},{""action"":{""search_k"":1,""search_strategy"":""default""},""phase"":""search""},{""action"":{""execution_action"":""none"",""lip_action"":""none""},""phase"":""low""},{""action"":{""high_action"":""stop"",""order_decision"":""only_cost""},""phase"":""high""},{""action"":{""search_k"":1,""search_strategy"":""default""},""phase"":""search""},{""action"":{""execution_action"":""none"",""lip_action"":""none""},""phase"":""low""}]"
JOB,c,./workloads/query_job/27b.sql,One-step RL,281.721815466881,59.712000000000,ok,4eb4e5bb88d274fb571daa3d9537d134ac91e3971795bedfe21b63973b8a983c,1,True,750b484e371b1446e87d7839b51295232fcd1c4aba2ef47c74c1ba04db10e0d0,a41925dfbbc1c582a2f0193307f646e6a5b0ea66dd6a56bb0695a95102344adc,./results/models/ablation/rl/one_step/job/random_c/best.pt,"[{""action"":{""high_action"":""split"",""order_decision"":""only_cost""},""phase"":""high""},{""action"":{""candidate_id"":3,""schedule_alpha"":0.5},""phase"":""select""},{""action"":{""search_k"":1,""search_strategy"":""default""},""phase"":""search""},{""action"":{""execution_action"":""none"",""lip_action"":""none""},""phase"":""low""},{""action"":{""high_action"":""split"",""order_decision"":""only_cost""},""phase"":""high""},{""action"":{""candidate_id"":3,""schedule_alpha"":0.5},""phase"":""select""},{""action"":{""search_k"":1,""search_strategy"":""default""},""phase"":""search""},{""action"":{""execution_action"":""conservative"",""lip_action"":""selective""},""phase"":""low""},{""action"":{""high_action"":""split"",""order_decision"":""only_cost""},""phase"":""high""},{""action"":{""candidate_id"":0,""schedule_alpha"":0.5},""phase"":""select""},{""action"":{""search_k"":1,""search_strategy"":""default""},""phase"":""search""},{""action"":{""execution_action"":""conservative"",""lip_action"":""selective""},""phase"":""low""},{""action"":{""high_action"":""split"",""order_decision"":""only_cost""},""phase"":""high""},{""action"":{""candidate_id"":0,""schedule_alpha"":0.5},""phase"":""select""},{""action"":{""search_k"":1,""search_strategy"":""default""},""phase"":""search""},{""action"":{""execution_action"":""none"",""lip_action"":""none""},""phase"":""low""},{""action"":{""high_action"":""stop"",""order_decision"":""only_cost""},""phase"":""high""},{""action"":{""search_k"":1,""search_strategy"":""default""},""phase"":""search""},{""action"":{""execution_action"":""none"",""lip_action"":""none""},""phase"":""low""}]"
JOB,c,./workloads/query_job/28a.sql,One-step RL,687.775783240795,86.152000000000,ok,9bbfa4b43836dbcd01ed830b9188456a9d9309e4cc0ef0948c1f6ff8b2c0e39c,1,True,3e4770eb989047c56f457913fcdc918edda9e450bb637f0bb558c8d4337b357c,021ee502827b7d19257bfabb023fc62416407c807814c90ccc25891d1e88e670,./results/models/ablation/rl/one_step/job/random_c/best.pt,"[{""action"":{""high_action"":""split"",""order_decision"":""only_cost""},""phase"":""high""},{""action"":{""candidate_id"":4,""schedule_alpha"":0.5},""phase"":""select""},{""action"":{""search_k"":1,""search_strategy"":""default""},""phase"":""search""},{""action"":{""execution_action"":""none"",""lip_action"":""none""},""phase"":""low""},{""action"":{""high_action"":""split"",""order_decision"":""only_cost""},""phase"":""high""},{""action"":{""candidate_id"":1,""schedule_alpha"":0.5},""phase"":""select""},{""action"":{""search_k"":1,""search_strategy"":""default""},""phase"":""search""},{""action"":{""execution_action"":""conservative"",""lip_action"":""selective""},""phase"":""low""},{""action"":{""high_action"":""split"",""order_decision"":""only_cost""},""phase"":""high""},{""action"":{""candidate_id"":3,""schedule_alpha"":0.5},""phase"":""select""},{""action"":{""search_k"":1,""search_strategy"":""default""},""phase"":""search""},{""action"":{""execution_action"":""conservative"",""lip_action"":""selective""},""phase"":""low""},{""action"":{""high_action"":""split"",""order_decision"":""only_cost""},""phase"":""high""},{""action"":{""candidate_id"":0,""schedule_alpha"":0.5},""phase"":""select""},{""action"":{""search_k"":1,""search_strategy"":""default""},""phase"":""search""},{""action"":{""execution_action"":""conservative"",""lip_action"":""selective""},""phase"":""low""},{""action"":{""high_action"":""split"",""order_decision"":""only_cost""},""phase"":""high""},{""action"":{""candidate_id"":1,""schedule_alpha"":0.5},""phase"":""select""},{""action"":{""search_k"":1,""search_strategy"":""default""},""phase"":""search""},{""action"":{""execution_action"":""none"",""lip_action"":""none""},""phase"":""low""},{""action"":{""high_action"":""stop"",""order_decision"":""only_cost""},""phase"":""high""},{""action"":{""search_k"":1,""search_strategy"":""default""},""phase"":""search""},{""action"":{""execution_action"":""none"",""lip_action"":""none""},""phase"":""low""}]"
JOB,c,./workloads/query_job/29a.sql,One-step RL,449.789114296436,341.868000000000,ok,6931843f19cb52122ed461369626a4f45f6b0550fbb8e5608f26c0a53fbfa63e,1,True,8449905c675eb3ca264e1f1e5568fa03002e0a7bc486d54c71ffe8dbbe276332,adec67fecb9efcefc6f0dcd0e41f85e047b75e6ee4ec93c2b0f291ef93b51a92,./results/models/ablation/rl/one_step/job/random_c/best.pt,"[{""action"":{""high_action"":""split"",""order_decision"":""only_cost""},""phase"":""high""},{""action"":{""candidate_id"":5,""schedule_alpha"":0.5},""phase"":""select""},{""action"":{""search_k"":1,""search_strategy"":""default""},""phase"":""search""},{""action"":{""execution_action"":""none"",""lip_action"":""none""},""phase"":""low""},{""action"":{""high_action"":""split"",""order_decision"":""only_cost""},""phase"":""high""},{""action"":{""candidate_id"":1,""schedule_alpha"":0.5},""phase"":""select""},{""action"":{""search_k"":1,""search_strategy"":""default""},""phase"":""search""},{""action"":{""execution_action"":""none"",""lip_action"":""none""},""phase"":""low""},{""action"":{""high_action"":""split"",""order_decision"":""only_cost""},""phase"":""high""},{""action"":{""candidate_id"":2,""schedule_alpha"":0.5},""phase"":""select""},{""action"":{""search_k"":1,""search_strategy"":""default""},""phase"":""search""},{""action"":{""execution_action"":""none"",""lip_action"":""none""},""phase"":""low""},{""action"":{""high_action"":""split"",""order_decision"":""only_cost""},""phase"":""high""},{""action"":{""candidate_id"":1,""schedule_alpha"":0.5},""phase"":""select""},{""action"":{""search_k"":1,""search_strategy"":""default""},""phase"":""search""},{""action"":{""execution_action"":""none"",""lip_action"":""none""},""phase"":""low""},{""action"":{""high_action"":""split"",""order_decision"":""only_cost""},""phase"":""high""},{""action"":{""candidate_id"":2,""schedule_alpha"":0.5},""phase"":""select""},{""action"":{""search_k"":1,""search_strategy"":""default""},""phase"":""search""},{""action"":{""execution_action"":""none"",""lip_action"":""none""},""phase"":""low""},{""action"":{""high_action"":""split"",""order_decision"":""only_cost""},""phase"":""high""},{""action"":{""candidate_id"":1,""schedule_alpha"":0.5},""phase"":""select""},{""action"":{""search_k"":1,""search_strategy"":""default""},""phase"":""search""},{""action"":{""execution_action"":""none"",""lip_action"":""none""},""phase"":""low""},{""action"":{""high_action"":""stop"",""order_decision"":""only_cost""},""phase"":""high""},{""action"":{""search_k"":1,""search_strategy"":""default""},""phase"":""search""},{""action"":{""execution_action"":""none"",""lip_action"":""none""},""phase"":""low""}]"
JOB,c,./workloads/query_job/29c.sql,One-step RL,3526.427045464516,200.866000000000,ok,77d7c0fd6a7f7c2de253fe8fc44b2b6ae848c0c1e246c513425c8f83965bf0b0,1,True,77597410b9add80ec9afd08ffce96336a7f0dfb1f0b05e90174fb8a7d59f6acf,0691dc5e5d8c47c1b1ff3751c14fbf0576c98f07bbb44e4194c67e61c2ce3268,./results/models/ablation/rl/one_step/job/random_c/best.pt,"[{""action"":{""high_action"":""split"",""order_decision"":""only_cost""},""phase"":""high""},{""action"":{""candidate_id"":5,""schedule_alpha"":0.5},""phase"":""select""},{""action"":{""search_k"":1,""search_strategy"":""default""},""phase"":""search""},{""action"":{""execution_action"":""none"",""lip_action"":""none""},""phase"":""low""},{""action"":{""high_action"":""split"",""order_decision"":""only_cost""},""phase"":""high""},{""action"":{""candidate_id"":2,""schedule_alpha"":0.5},""phase"":""select""},{""action"":{""search_k"":1,""search_strategy"":""default""},""phase"":""search""},{""action"":{""execution_action"":""none"",""lip_action"":""none""},""phase"":""low""},{""action"":{""high_action"":""split"",""order_decision"":""only_cost""},""phase"":""high""},{""action"":{""candidate_id"":1,""schedule_alpha"":0.5},""phase"":""select""},{""action"":{""search_k"":1,""search_strategy"":""default""},""phase"":""search""},{""action"":{""execution_action"":""none"",""lip_action"":""none""},""phase"":""low""},{""action"":{""high_action"":""split"",""order_decision"":""only_cost""},""phase"":""high""},{""action"":{""candidate_id"":0,""schedule_alpha"":0.5},""phase"":""select""},{""action"":{""search_k"":1,""search_strategy"":""default""},""phase"":""search""},{""action"":{""execution_action"":""none"",""lip_action"":""none""},""phase"":""low""},{""action"":{""high_action"":""split"",""order_decision"":""only_cost""},""phase"":""high""},{""action"":{""candidate_id"":1,""schedule_alpha"":0.5},""phase"":""select""},{""action"":{""search_k"":1,""search_strategy"":""default""},""phase"":""search""},{""action"":{""execution_action"":""none"",""lip_action"":""none""},""phase"":""low""},{""action"":{""high_action"":""split"",""order_decision"":""only_cost""},""phase"":""high""},{""action"":{""candidate_id"":1,""schedule_alpha"":0.5},""phase"":""select""},{""action"":{""search_k"":1,""search_strategy"":""default""},""phase"":""search""},{""action"":{""execution_action"":""conservative"",""lip_action"":""selective""},""phase"":""low""},{""action"":{""high_action"":""stop"",""order_decision"":""only_cost""},""phase"":""high""},{""action"":{""search_k"":1,""search_strategy"":""default""},""phase"":""search""},{""action"":{""execution_action"":""none"",""lip_action"":""none""},""phase"":""low""}]"
JOB,c,./workloads/query_job/30a.sql,One-step RL,1656.165726482868,77.360000000000,ok,75f27277da0bf405cd685f3341baca046a6788152a4b13a72ad743837698d0b5,1,True,cfadf7297bd43e86160385879523daf17346659a22a33acbf3786166e9163927,a1ccfc78f532787477fdd2fb51a6bc7abc1ed7fb12501a317ebde55ca0701279,./results/models/ablation/rl/one_step/job/random_c/best.pt,"[{""action"":{""high_action"":""split"",""order_decision"":""only_cost""},""phase"":""high""},{""action"":{""candidate_id"":4,""schedule_alpha"":0.5},""phase"":""select""},{""action"":{""search_k"":1,""search_strategy"":""default""},""phase"":""search""},{""action"":{""execution_action"":""none"",""lip_action"":""none""},""phase"":""low""},{""action"":{""high_action"":""split"",""order_decision"":""only_cost""},""phase"":""high""},{""action"":{""candidate_id"":2,""schedule_alpha"":0.5},""phase"":""select""},{""action"":{""search_k"":1,""search_strategy"":""default""},""phase"":""search""},{""action"":{""execution_action"":""conservative"",""lip_action"":""selective""},""phase"":""low""},{""action"":{""high_action"":""split"",""order_decision"":""only_cost""},""phase"":""high""},{""action"":{""candidate_id"":2,""schedule_alpha"":0.5},""phase"":""select""},{""action"":{""search_k"":1,""search_strategy"":""default""},""phase"":""search""},{""action"":{""execution_action"":""conservative"",""lip_action"":""selective""},""phase"":""low""},{""action"":{""high_action"":""split"",""order_decision"":""only_cost""},""phase"":""high""},{""action"":{""candidate_id"":0,""schedule_alpha"":0.5},""phase"":""select""},{""action"":{""search_k"":1,""search_strategy"":""default""},""phase"":""search""},{""action"":{""execution_action"":""conservative"",""lip_action"":""selective""},""phase"":""low""},{""action"":{""high_action"":""stop"",""order_decision"":""only_cost""},""phase"":""high""},{""action"":{""search_k"":1,""search_strategy"":""default""},""phase"":""search""},{""action"":{""execution_action"":""none"",""lip_action"":""none""},""phase"":""low""}]"
JOB,c,./workloads/query_job/31a.sql,One-step RL,1145.778216421604,116.906000000000,ok,27264682db1c692f629cbc378c2d1c85c8c6d056671bebcf765b2be4f122e770,1,True,ba19437aaefee6da5d0161a64364db5720410597690c772109adc98934488d36,37be47330a851898bd6fca8ffd94b7149ab63a5d1fc7ea89c77ca14042f8ada7,./results/models/ablation/rl/one_step/job/random_c/best.pt,"[{""action"":{""high_action"":""split"",""order_decision"":""only_cost""},""phase"":""high""},{""action"":{""candidate_id"":4,""schedule_alpha"":0.5},""phase"":""select""},{""action"":{""search_k"":1,""search_strategy"":""default""},""phase"":""search""},{""action"":{""execution_action"":""none"",""lip_action"":""none""},""phase"":""low""},{""action"":{""high_action"":""split"",""order_decision"":""only_cost""},""phase"":""high""},{""action"":{""candidate_id"":1,""schedule_alpha"":0.5},""phase"":""select""},{""action"":{""search_k"":1,""search_strategy"":""default""},""phase"":""search""},{""action"":{""execution_action"":""none"",""lip_action"":""none""},""phase"":""low""},{""action"":{""high_action"":""split"",""order_decision"":""only_cost""},""phase"":""high""},{""action"":{""candidate_id"":2,""schedule_alpha"":0.5},""phase"":""select""},{""action"":{""search_k"":1,""search_strategy"":""default""},""phase"":""search""},{""action"":{""execution_action"":""conservative"",""lip_action"":""selective""},""phase"":""low""},{""action"":{""high_action"":""split"",""order_decision"":""only_cost""},""phase"":""high""},{""action"":{""candidate_id"":1,""schedule_alpha"":0.5},""phase"":""select""},{""action"":{""search_k"":1,""search_strategy"":""default""},""phase"":""search""},{""action"":{""execution_action"":""none"",""lip_action"":""none""},""phase"":""low""},{""action"":{""high_action"":""stop"",""order_decision"":""only_cost""},""phase"":""high""},{""action"":{""search_k"":1,""search_strategy"":""default""},""phase"":""search""},{""action"":{""execution_action"":""none"",""lip_action"":""none""},""phase"":""low""}]"
JOB,c,./workloads/query_job/31b.sql,One-step RL,855.623781681061,270.752000000000,ok,17bebc2b6a6ef3426f94300ca4385edad88ebd34fac62fd56a0fc58c24e5b98e,1,True,11e154b81196595c9f6586af705e2a15a4467a7ea65eb6fc4c6953fad900ea03,942bbf6a4bc8460791e267b26a1ca6d4b6b0b72524f0db793a16352e5d2fc5e7,./results/models/ablation/rl/one_step/job/random_c/best.pt,"[{""action"":{""high_action"":""split"",""order_decision"":""only_cost""},""phase"":""high""},{""action"":{""candidate_id"":4,""schedule_alpha"":0.5},""phase"":""select""},{""action"":{""search_k"":1,""search_strategy"":""default""},""phase"":""search""},{""action"":{""execution_action"":""none"",""lip_action"":""none""},""phase"":""low""},{""action"":{""high_action"":""split"",""order_decision"":""only_cost""},""phase"":""high""},{""action"":{""candidate_id"":3,""schedule_alpha"":0.5},""phase"":""select""},{""action"":{""search_k"":1,""search_strategy"":""default""},""phase"":""search""},{""action"":{""execution_action"":""none"",""lip_action"":""none""},""phase"":""low""},{""action"":{""high_action"":""split"",""order_decision"":""only_cost""},""phase"":""high""},{""action"":{""candidate_id"":1,""schedule_alpha"":0.5},""phase"":""select""},{""action"":{""search_k"":1,""search_strategy"":""default""},""phase"":""search""},{""action"":{""execution_action"":""none"",""lip_action"":""none""},""phase"":""low""},{""action"":{""high_action"":""split"",""order_decision"":""only_cost""},""phase"":""high""},{""action"":{""candidate_id"":1,""schedule_alpha"":0.5},""phase"":""select""},{""action"":{""search_k"":1,""search_strategy"":""default""},""phase"":""search""},{""action"":{""execution_action"":""none"",""lip_action"":""none""},""phase"":""low""},{""action"":{""high_action"":""stop"",""order_decision"":""only_cost""},""phase"":""high""},{""action"":{""search_k"":1,""search_strategy"":""default""},""phase"":""search""},{""action"":{""execution_action"":""none"",""lip_action"":""none""},""phase"":""low""}]"
JOB,c,./workloads/query_job/32b.sql,One-step RL,502.774856984615,37.281000000000,ok,136f26a2ebb961337e13a1b2c25ce51ab44ee67277b807b22bcb2f94ab99343c,1,True,9e0161e89dca75570b644a4ebf463b97d80361e29a4f2263d045bea5d1e34866,13ba2c5569607b1e77ed26861bf3e3870f3a749823aca4c2318a355ef2141c61,./results/models/ablation/rl/one_step/job/random_c/best.pt,"[{""action"":{""high_action"":""split"",""order_decision"":""only_cost""},""phase"":""high""},{""action"":{""candidate_id"":0,""schedule_alpha"":0.5},""phase"":""select""},{""action"":{""search_k"":1,""search_strategy"":""default""},""phase"":""search""},{""action"":{""execution_action"":""none"",""lip_action"":""none""},""phase"":""low""},{""action"":{""high_action"":""stop"",""order_decision"":""only_cost""},""phase"":""high""},{""action"":{""search_k"":1,""search_strategy"":""default""},""phase"":""search""},{""action"":{""execution_action"":""conservative"",""lip_action"":""selective""},""phase"":""low""}]"
JOB,c,./workloads/query_job/33c.sql,One-step RL,670.634925365448,108.469000000000,ok,68464506f3c0aa8fd4c37209daa0d0c9c8f54c57dca6a9b2860add78f906185b,1,True,777c6e9019cd9a5e756d6d9283a31fae57af6c4e7a0e99ab0fc7dccf72082f7b,11b20db1443aa4f1bf306c9a08b8e9b60a0232cc513a8fd9fdd5d53c7d972dc5,./results/models/ablation/rl/one_step/job/random_c/best.pt,"[{""action"":{""high_action"":""split"",""order_decision"":""only_cost""},""phase"":""high""},{""action"":{""candidate_id"":3,""schedule_alpha"":0.5},""phase"":""select""},{""action"":{""search_k"":1,""search_strategy"":""default""},""phase"":""search""},{""action"":{""execution_action"":""none"",""lip_action"":""none""},""phase"":""low""},{""action"":{""high_action"":""split"",""order_decision"":""only_cost""},""phase"":""high""},{""action"":{""candidate_id"":0,""schedule_alpha"":0.5},""phase"":""select""},{""action"":{""search_k"":1,""search_strategy"":""default""},""phase"":""search""},{""action"":{""execution_action"":""conservative"",""lip_action"":""selective""},""phase"":""low""},{""action"":{""high_action"":""split"",""order_decision"":""only_cost""},""phase"":""high""},{""action"":{""candidate_id"":3,""schedule_alpha"":0.5},""phase"":""select""},{""action"":{""search_k"":1,""search_strategy"":""default""},""phase"":""search""},{""action"":{""execution_action"":""none"",""lip_action"":""none""},""phase"":""low""},{""action"":{""high_action"":""split"",""order_decision"":""only_cost""},""phase"":""high""},{""action"":{""candidate_id"":0,""schedule_alpha"":0.5},""phase"":""select""},{""action"":{""search_k"":1,""search_strategy"":""default""},""phase"":""search""},{""action"":{""execution_action"":""conservative"",""lip_action"":""selective""},""phase"":""low""},{""action"":{""high_action"":""split"",""order_decision"":""only_cost""},""phase"":""high""},{""action"":{""candidate_id"":2,""schedule_alpha"":0.5},""phase"":""select""},{""action"":{""search_k"":1,""search_strategy"":""default""},""phase"":""search""},{""action"":{""execution_action"":""none"",""lip_action"":""none""},""phase"":""low""},{""action"":{""high_action"":""split"",""order_decision"":""only_cost""},""phase"":""high""},{""action"":{""candidate_id"":0,""schedule_alpha"":0.5},""phase"":""select""},{""action"":{""search_k"":1,""search_strategy"":""default""},""phase"":""search""},{""action"":{""execution_action"":""none"",""lip_action"":""none""},""phase"":""low""},{""action"":{""high_action"":""stop"",""order_decision"":""only_cost""},""phase"":""high""},{""action"":{""search_k"":1,""search_strategy"":""default""},""phase"":""search""},{""action"":{""execution_action"":""none"",""lip_action"":""none""},""phase"":""low""}]"
JOB,c,./workloads/query_job/5a.sql,One-step RL,354.243405163288,77.623000000000,ok,4f78f1a55542d807d5eaabd4ee2244ee9ba0258958f7de1c1ef4598cd5b46ab1,1,True,52dbfa82b51632d0afaea3008e5bf81143b5f266778029af739022a4a49f9fd0,853de6f68bc3cfd0a25809bee68edb558e7b75905d3559410ff673ce25f8f759,./results/models/ablation/rl/one_step/job/random_c/best.pt,"[{""action"":{""high_action"":""split"",""order_decision"":""only_cost""},""phase"":""high""},{""action"":{""candidate_id"":0,""schedule_alpha"":0.5},""phase"":""select""},{""action"":{""search_k"":1,""search_strategy"":""default""},""phase"":""search""},{""action"":{""execution_action"":""none"",""lip_action"":""none""},""phase"":""low""},{""action"":{""high_action"":""stop"",""order_decision"":""only_cost""},""phase"":""high""},{""action"":{""search_k"":1,""search_strategy"":""default""},""phase"":""search""},{""action"":{""execution_action"":""none"",""lip_action"":""none""},""phase"":""low""}]"
JOB,c,./workloads/query_job/6d.sql,One-step RL,1086.826741695404,94.248000000000,ok,bf8229c3af721fca42ad64803e348b47d39c54dfd46fcbc5d2ef84cd56b31b17,1,True,e3400ffd2087770c50203c6e8e2e3908c6d450aa97e9e963868b6c16a71d5393,0ef5c3cb27528007b70dc7a5ca9dc02ed799a87834c2388fffa63165d13c2e91,./results/models/ablation/rl/one_step/job/random_c/best.pt,"[{""action"":{""high_action"":""split"",""order_decision"":""only_cost""},""phase"":""high""},{""action"":{""candidate_id"":1,""schedule_alpha"":0.5},""phase"":""select""},{""action"":{""search_k"":1,""search_strategy"":""default""},""phase"":""search""},{""action"":{""execution_action"":""none"",""lip_action"":""none""},""phase"":""low""},{""action"":{""high_action"":""stop"",""order_decision"":""only_cost""},""phase"":""high""},{""action"":{""search_k"":1,""search_strategy"":""default""},""phase"":""search""},{""action"":{""execution_action"":""none"",""lip_action"":""none""},""phase"":""low""}]"
JOB,c,./workloads/query_job/6e.sql,One-step RL,150.249570608139,75.645000000000,ok,2e45680981dcedf844899f966540a92734a6200fc0d8bd8a547ceba0d0cf631f,1,True,ca34e6fc9f6dc5ff6c01c27b9604adc6300edc81f6dab3252e53f7d836f6c1f7,529257d3305b7fabb901d883841f36bd3a93fe5bc9f635970caf59b41661363a,./results/models/ablation/rl/one_step/job/random_c/best.pt,"[{""action"":{""high_action"":""split"",""order_decision"":""only_cost""},""phase"":""high""},{""action"":{""candidate_id"":1,""schedule_alpha"":0.5},""phase"":""select""},{""action"":{""search_k"":1,""search_strategy"":""default""},""phase"":""search""},{""action"":{""execution_action"":""none"",""lip_action"":""none""},""phase"":""low""},{""action"":{""high_action"":""stop"",""order_decision"":""only_cost""},""phase"":""high""},{""action"":{""search_k"":1,""search_strategy"":""default""},""phase"":""search""},{""action"":{""execution_action"":""none"",""lip_action"":""none""},""phase"":""low""}]"
JOB,c,./workloads/query_job/7a.sql,One-step RL,335.975743830204,59.686000000000,ok,4c15deaf8c868c357c511a9b1b16153f35d0a6d69bf0cb9d733dd8855dca6cb3,1,True,ba77f29a80063f1f49ae553e844d5862a97199b3d3d5f9368ac4a5bcc0baa3d6,06fadabaa75bcf122ee151fd33e33a414947cd4600a58392f40905099d787b80,./results/models/ablation/rl/one_step/job/random_c/best.pt,"[{""action"":{""high_action"":""split"",""order_decision"":""only_cost""},""phase"":""high""},{""action"":{""candidate_id"":3,""schedule_alpha"":0.5},""phase"":""select""},{""action"":{""search_k"":1,""search_strategy"":""default""},""phase"":""search""},{""action"":{""execution_action"":""none"",""lip_action"":""none""},""phase"":""low""},{""action"":{""high_action"":""split"",""order_decision"":""only_cost""},""phase"":""high""},{""action"":{""candidate_id"":0,""schedule_alpha"":0.5},""phase"":""select""},{""action"":{""search_k"":1,""search_strategy"":""default""},""phase"":""search""},{""action"":{""execution_action"":""none"",""lip_action"":""none""},""phase"":""low""},{""action"":{""high_action"":""split"",""order_decision"":""only_cost""},""phase"":""high""},{""action"":{""candidate_id"":1,""schedule_alpha"":0.5},""phase"":""select""},{""action"":{""search_k"":1,""search_strategy"":""default""},""phase"":""search""},{""action"":{""execution_action"":""none"",""lip_action"":""none""},""phase"":""low""},{""action"":{""high_action"":""stop"",""order_decision"":""only_cost""},""phase"":""high""},{""action"":{""search_k"":1,""search_strategy"":""default""},""phase"":""search""},{""action"":{""execution_action"":""conservative"",""lip_action"":""selective""},""phase"":""low""}]"
JOB,c,./workloads/query_job/8d.sql,One-step RL,6261.340841650963,51.604000000000,ok,42e9d5875e298e1e96988f68f4ea5385d847af85ed0e315fb1c559c113c45301,1,True,dcd8e17a306ea53e1bbe67fced60255af21c63e6d48d69841c3e580641fc1dce,32b3572dd2708860a927ba762b678880207b9738cff35a3e8b192a4843e44bf4,./results/models/ablation/rl/one_step/job/random_c/best.pt,"[{""action"":{""high_action"":""split"",""order_decision"":""only_cost""},""phase"":""high""},{""action"":{""candidate_id"":2,""schedule_alpha"":0.5},""phase"":""select""},{""action"":{""search_k"":1,""search_strategy"":""default""},""phase"":""search""},{""action"":{""execution_action"":""conservative"",""lip_action"":""selective""},""phase"":""low""},{""action"":{""high_action"":""split"",""order_decision"":""only_cost""},""phase"":""high""},{""action"":{""candidate_id"":0,""schedule_alpha"":0.5},""phase"":""select""},{""action"":{""search_k"":1,""search_strategy"":""default""},""phase"":""search""},{""action"":{""execution_action"":""conservative"",""lip_action"":""selective""},""phase"":""low""},{""action"":{""high_action"":""stop"",""order_decision"":""only_cost""},""phase"":""high""},{""action"":{""search_k"":1,""search_strategy"":""default""},""phase"":""search""},{""action"":{""execution_action"":""conservative"",""lip_action"":""selective""},""phase"":""low""}]"
JOB,c,./workloads/query_job/9c.sql,One-step RL,2280.582569539547,82.428000000000,ok,557da082f2ed4caf79da00c7414e7dd21a43ea04df959539305598466791daec,1,True,675d29193ccba9b272afb2c92e52d28cb1e04e7e6a36afc6f7529d106a738e21,3fb4221c29056cab5708cb1a87142587a4b3f7a91bff8701703314bd66b8821e,./results/models/ablation/rl/one_step/job/random_c/best.pt,"[{""action"":{""high_action"":""split"",""order_decision"":""only_cost""},""phase"":""high""},{""action"":{""candidate_id"":1,""schedule_alpha"":0.5},""phase"":""select""},{""action"":{""search_k"":1,""search_strategy"":""default""},""phase"":""search""},{""action"":{""execution_action"":""none"",""lip_action"":""none""},""phase"":""low""},{""action"":{""high_action"":""split"",""order_decision"":""only_cost""},""phase"":""high""},{""action"":{""candidate_id"":0,""schedule_alpha"":0.5},""phase"":""select""},{""action"":{""search_k"":1,""search_strategy"":""default""},""phase"":""search""},{""action"":{""execution_action"":""none"",""lip_action"":""none""},""phase"":""low""},{""action"":{""high_action"":""stop"",""order_decision"":""only_cost""},""phase"":""high""},{""action"":{""search_k"":1,""search_strategy"":""default""},""phase"":""search""},{""action"":{""execution_action"":""conservative"",""lip_action"":""selective""},""phase"":""low""}]"
JOB,,./workloads/query_job/10a.sql,PostgreSQL,1062.002897262573,0.000000000000,ok,,,,,,,
JOB,,./workloads/query_job/10b.sql,PostgreSQL,550.015948712826,0.000000000000,ok,,,,,,,
JOB,,./workloads/query_job/10c.sql,PostgreSQL,9237.700425088406,0.000000000000,ok,,,,,,,
JOB,,./workloads/query_job/11a.sql,PostgreSQL,97.215741872787,0.000000000000,ok,,,,,,,
JOB,,./workloads/query_job/11b.sql,PostgreSQL,70.258535444736,0.000000000000,ok,,,,,,,
JOB,,./workloads/query_job/11c.sql,PostgreSQL,159.269966185093,0.000000000000,ok,,,,,,,
JOB,,./workloads/query_job/11d.sql,PostgreSQL,138.537377119064,0.000000000000,ok,,,,,,,
JOB,,./workloads/query_job/12a.sql,PostgreSQL,1140.036240220070,0.000000000000,ok,,,,,,,
JOB,,./workloads/query_job/12b.sql,PostgreSQL,20.849838852882,0.000000000000,ok,,,,,,,
JOB,,./workloads/query_job/12c.sql,PostgreSQL,4895.386449992657,0.000000000000,ok,,,,,,,
JOB,,./workloads/query_job/13a.sql,PostgreSQL,4301.647722721100,0.000000000000,ok,,,,,,,
JOB,,./workloads/query_job/13b.sql,PostgreSQL,1089.247480034828,0.000000000000,ok,,,,,,,
JOB,,./workloads/query_job/13c.sql,PostgreSQL,1062.294617295265,0.000000000000,ok,,,,,,,
JOB,,./workloads/query_job/13d.sql,PostgreSQL,5162.559963762760,0.000000000000,ok,,,,,,,
JOB,,./workloads/query_job/14a.sql,PostgreSQL,624.498143792152,0.000000000000,ok,,,,,,,
JOB,,./workloads/query_job/14b.sql,PostgreSQL,186.990559101105,0.000000000000,ok,,,,,,,
JOB,,./workloads/query_job/14c.sql,PostgreSQL,729.836747050285,0.000000000000,ok,,,,,,,
JOB,,./workloads/query_job/15a.sql,PostgreSQL,934.111781418324,0.000000000000,ok,,,,,,,
JOB,,./workloads/query_job/15b.sql,PostgreSQL,96.578747034073,0.000000000000,ok,,,,,,,
JOB,,./workloads/query_job/15c.sql,PostgreSQL,986.266545951366,0.000000000000,ok,,,,,,,
JOB,,./workloads/query_job/15d.sql,PostgreSQL,1081.597425043583,0.000000000000,ok,,,,,,,
JOB,,./workloads/query_job/16a.sql,PostgreSQL,247.625730931759,0.000000000000,ok,,,,,,,
JOB,,./workloads/query_job/16b.sql,PostgreSQL,21611.640319228172,0.000000000000,ok,,,,,,,
JOB,,./workloads/query_job/16c.sql,PostgreSQL,1735.685698688030,0.000000000000,ok,,,,,,,
JOB,,./workloads/query_job/16d.sql,PostgreSQL,1408.553376793861,0.000000000000,ok,,,,,,,
JOB,,./workloads/query_job/17a.sql,PostgreSQL,11863.254874944687,0.000000000000,ok,,,,,,,
JOB,,./workloads/query_job/17b.sql,PostgreSQL,7820.629060268402,0.000000000000,ok,,,,,,,
JOB,,./workloads/query_job/17c.sql,PostgreSQL,7307.303510606289,0.000000000000,ok,,,,,,,
JOB,,./workloads/query_job/17d.sql,PostgreSQL,7518.435984849930,0.000000000000,ok,,,,,,,
JOB,,./workloads/query_job/17e.sql,PostgreSQL,10082.962311804295,0.000000000000,ok,,,,,,,
JOB,,./workloads/query_job/17f.sql,PostgreSQL,8577.061973512173,0.000000000000,ok,,,,,,,
JOB,,./workloads/query_job/18a.sql,PostgreSQL,9363.223992288113,0.000000000000,ok,,,,,,,
JOB,,./workloads/query_job/18b.sql,PostgreSQL,399.334855377674,0.000000000000,ok,,,,,,,
JOB,,./workloads/query_job/18c.sql,PostgreSQL,9879.471488296986,0.000000000000,ok,,,,,,,
JOB,,./workloads/query_job/19a.sql,PostgreSQL,981.471620500088,0.000000000000,ok,,,,,,,
JOB,,./workloads/query_job/19b.sql,PostgreSQL,511.048525571823,0.000000000000,ok,,,,,,,
JOB,,./workloads/query_job/19c.sql,PostgreSQL,1972.019322216511,0.000000000000,ok,,,,,,,
JOB,,./workloads/query_job/19d.sql,PostgreSQL,12959.958776831627,0.000000000000,ok,,,,,,,
JOB,,./workloads/query_job/1a.sql,PostgreSQL,125.739857554436,0.000000000000,ok,,,,,,,
JOB,,./workloads/query_job/1b.sql,PostgreSQL,11.884637176991,0.000000000000,ok,,,,,,,
JOB,,./workloads/query_job/1c.sql,PostgreSQL,19.848696887493,0.000000000000,ok,,,,,,,
JOB,,./workloads/query_job/1d.sql,PostgreSQL,9.564861655235,0.000000000000,ok,,,,,,,
JOB,,./workloads/query_job/20a.sql,PostgreSQL,4446.739353239536,0.000000000000,ok,,,,,,,
JOB,,./workloads/query_job/20b.sql,PostgreSQL,2001.977518200874,0.000000000000,ok,,,,,,,
JOB,,./workloads/query_job/20c.sql,PostgreSQL,1157.161042094231,0.000000000000,ok,,,,,,,
JOB,,./workloads/query_job/21a.sql,PostgreSQL,115.173719823360,0.000000000000,ok,,,,,,,
JOB,,./workloads/query_job/21b.sql,PostgreSQL,113.432332873344,0.000000000000,ok,,,,,,,
JOB,,./workloads/query_job/21c.sql,PostgreSQL,125.217385590076,0.000000000000,ok,,,,,,,
JOB,,./workloads/query_job/22a.sql,PostgreSQL,534.385412931442,0.000000000000,ok,,,,,,,
JOB,,./workloads/query_job/22b.sql,PostgreSQL,369.144991040230,0.000000000000,ok,,,,,,,
JOB,,./workloads/query_job/22c.sql,PostgreSQL,2017.125643789768,0.000000000000,ok,,,,,,,
JOB,,./workloads/query_job/22d.sql,PostgreSQL,940.366297960281,0.000000000000,ok,,,,,,,
JOB,,./workloads/query_job/23a.sql,PostgreSQL,412.200421094894,0.000000000000,ok,,,,,,,
JOB,,./workloads/query_job/23b.sql,PostgreSQL,124.304994940758,0.000000000000,ok,,,,,,,
JOB,,./workloads/query_job/23c.sql,PostgreSQL,506.239660084248,0.000000000000,ok,,,,,,,
JOB,,./workloads/query_job/24a.sql,PostgreSQL,396.160408854485,0.000000000000,ok,,,,,,,
JOB,,./workloads/query_job/24b.sql,PostgreSQL,434.322066605091,0.000000000000,ok,,,,,,,
JOB,,./workloads/query_job/25a.sql,PostgreSQL,3026.886664330959,0.000000000000,ok,,,,,,,
JOB,,./workloads/query_job/25b.sql,PostgreSQL,415.515519678593,0.000000000000,ok,,,,,,,
JOB,,./workloads/query_job/25c.sql,PostgreSQL,6725.454218685627,0.000000000000,ok,,,,,,,
JOB,,./workloads/query_job/26a.sql,PostgreSQL,1567.826792597771,0.000000000000,ok,,,,,,,
JOB,,./workloads/query_job/26b.sql,PostgreSQL,253.062307834625,0.000000000000,ok,,,,,,,
JOB,,./workloads/query_job/26c.sql,PostgreSQL,4432.994611561298,0.000000000000,ok,,,,,,,
JOB,,./workloads/query_job/27a.sql,PostgreSQL,121.552340686321,0.000000000000,ok,,,,,,,
JOB,,./workloads/query_job/27b.sql,PostgreSQL,97.973756492138,0.000000000000,ok,,,,,,,
JOB,,./workloads/query_job/27c.sql,PostgreSQL,122.231170535088,0.000000000000,ok,,,,,,,
JOB,,./workloads/query_job/28a.sql,PostgreSQL,1045.240662992001,0.000000000000,ok,,,,,,,
JOB,,./workloads/query_job/28b.sql,PostgreSQL,681.756019592285,0.000000000000,ok,,,,,,,
JOB,,./workloads/query_job/28c.sql,PostgreSQL,1357.850536704063,0.000000000000,ok,,,,,,,
JOB,,./workloads/query_job/29a.sql,PostgreSQL,2289.833426475525,0.000000000000,ok,,,,,,,
JOB,,./workloads/query_job/29b.sql,PostgreSQL,2185.845553874969,0.000000000000,ok,,,,,,,
JOB,,./workloads/query_job/29c.sql,PostgreSQL,9935.959734022617,0.000000000000,ok,,,,,,,
JOB,,./workloads/query_job/2a.sql,PostgreSQL,2242.476612329483,0.000000000000,ok,,,,,,,
JOB,,./workloads/query_job/2b.sql,PostgreSQL,542.424827814102,0.000000000000,ok,,,,,,,
JOB,,./workloads/query_job/2c.sql,PostgreSQL,408.168464899063,0.000000000000,ok,,,,,,,
JOB,,./workloads/query_job/2d.sql,PostgreSQL,2104.353629052639,0.000000000000,ok,,,,,,,
JOB,,./workloads/query_job/30a.sql,PostgreSQL,3002.848818898201,0.000000000000,ok,,,,,,,
JOB,,./workloads/query_job/30b.sql,PostgreSQL,575.853057205677,0.000000000000,ok,,,,,,,
JOB,,./workloads/query_job/30c.sql,PostgreSQL,2905.365847051144,0.000000000000,ok,,,,,,,
JOB,,./workloads/query_job/31a.sql,PostgreSQL,5913.183256983757,0.000000000000,ok,,,,,,,
JOB,,./workloads/query_job/31b.sql,PostgreSQL,537.854380905628,0.000000000000,ok,,,,,,,
JOB,,./workloads/query_job/31c.sql,PostgreSQL,8280.486769974232,0.000000000000,ok,,,,,,,
JOB,,./workloads/query_job/32a.sql,PostgreSQL,24.523176252842,0.000000000000,ok,,,,,,,
JOB,,./workloads/query_job/32b.sql,PostgreSQL,173.895455896854,0.000000000000,ok,,,,,,,
JOB,,./workloads/query_job/33a.sql,PostgreSQL,320.330306887627,0.000000000000,ok,,,,,,,
JOB,,./workloads/query_job/33b.sql,PostgreSQL,308.468446135521,0.000000000000,ok,,,,,,,
JOB,,./workloads/query_job/33c.sql,PostgreSQL,234.908789396286,0.000000000000,ok,,,,,,,
JOB,,./workloads/query_job/3a.sql,PostgreSQL,1450.624108314514,0.000000000000,ok,,,,,,,
JOB,,./workloads/query_job/3b.sql,PostgreSQL,109.037376940250,0.000000000000,ok,,,,,,,
JOB,,./workloads/query_job/3c.sql,PostgreSQL,1851.131595671177,0.000000000000,ok,,,,,,,
JOB,,./workloads/query_job/4a.sql,PostgreSQL,311.795756220818,0.000000000000,ok,,,,,,,
JOB,,./workloads/query_job/4b.sql,PostgreSQL,263.578563928604,0.000000000000,ok,,,,,,,
JOB,,./workloads/query_job/4c.sql,PostgreSQL,117.703966796398,0.000000000000,ok,,,,,,,
JOB,,./workloads/query_job/5a.sql,PostgreSQL,229.351252317429,0.000000000000,ok,,,,,,,
JOB,,./workloads/query_job/5b.sql,PostgreSQL,213.582336902618,0.000000000000,ok,,,,,,,
JOB,,./workloads/query_job/5c.sql,PostgreSQL,616.215929389000,0.000000000000,ok,,,,,,,
JOB,,./workloads/query_job/6a.sql,PostgreSQL,304.985016584396,0.000000000000,ok,,,,,,,
JOB,,./workloads/query_job/6b.sql,PostgreSQL,784.166216850281,0.000000000000,ok,,,,,,,
JOB,,./workloads/query_job/6c.sql,PostgreSQL,31.306013464928,0.000000000000,ok,,,,,,,
JOB,,./workloads/query_job/6d.sql,PostgreSQL,23747.168585658073,0.000000000000,ok,,,,,,,
JOB,,./workloads/query_job/6e.sql,PostgreSQL,36.193035542965,0.000000000000,ok,,,,,,,
JOB,,./workloads/query_job/6f.sql,PostgreSQL,4596.369124948978,0.000000000000,ok,,,,,,,
JOB,,./workloads/query_job/7a.sql,PostgreSQL,2774.266779422760,0.000000000000,ok,,,,,,,
JOB,,./workloads/query_job/7b.sql,PostgreSQL,320.623517036438,0.000000000000,ok,,,,,,,
JOB,,./workloads/query_job/7c.sql,PostgreSQL,6670.190609991550,0.000000000000,ok,,,,,,,
JOB,,./workloads/query_job/8a.sql,PostgreSQL,6612.681291997433,0.000000000000,ok,,,,,,,
JOB,,./workloads/query_job/8b.sql,PostgreSQL,467.543959617615,0.000000000000,ok,,,,,,,
JOB,,./workloads/query_job/8c.sql,PostgreSQL,5690.254107117653,0.000000000000,ok,,,,,,,
JOB,,./workloads/query_job/8d.sql,PostgreSQL,2412.313476204872,0.000000000000,ok,,,,,,,
JOB,,./workloads/query_job/9a.sql,PostgreSQL,1133.110374212265,0.000000000000,ok,,,,,,,
JOB,,./workloads/query_job/9b.sql,PostgreSQL,946.450598537922,0.000000000000,ok,,,,,,,
JOB,,./workloads/query_job/9c.sql,PostgreSQL,2788.395129144192,0.000000000000,ok,,,,,,,
JOB,,./workloads/query_job/9d.sql,PostgreSQL,5509.525291621685,0.000000000000,ok,,,,,,,
STACK,a,./workloads/query_stack/q11_0ea8bacd.sql,Full NQO,284.772336483002,18.175000000000,ok,e349f2f2474df8d4f2d41b1fc06430a33d5c22c90af8234d1126eae004afa1f8,1,,32659e921b06f27e5aae2bce4e456eedf4b09c41a7f62567f72d5e033d102a78,224e814dd1a5987c0a02b8418c15e99a970c0d1c84c5ad879bc93d3a3609e842,./results/models/stack/random/a/best.pt,"[{""action"":{""high_action"":""split"",""order_decision"":""only_cost""},""phase"":""high""},{""action"":{""candidate_id"":0,""schedule_alpha"":0.5},""phase"":""select""},{""action"":{""search_k"":1,""search_strategy"":""default""},""phase"":""search""},{""action"":{""execution_action"":""none"",""lip_action"":""none""},""phase"":""low""},{""action"":{""high_action"":""split"",""order_decision"":""only_cost""},""phase"":""high""},{""action"":{""candidate_id"":1,""schedule_alpha"":0.5},""phase"":""select""},{""action"":{""search_k"":1,""search_strategy"":""default""},""phase"":""search""},{""action"":{""execution_action"":""none"",""lip_action"":""none""},""phase"":""low""},{""action"":{""high_action"":""stop"",""order_decision"":""only_cost""},""phase"":""high""},{""action"":{""search_k"":1,""search_strategy"":""default""},""phase"":""search""},{""action"":{""execution_action"":""none"",""lip_action"":""none""},""phase"":""low""}]"
STACK,a,./workloads/query_stack/q11_33e1caf2.sql,Full NQO,147.251181304455,15.347000000000,ok,3b026bf77cd8c853ad726e848876fa9b9d14b214e0fdb060795e5de209531439,1,,85d560dfb4371d16caa3e29a43aa03dad2aba92b38ff21dfad00ba8e8800b4dc,4e352be9129d7f3065c716ba4538ec431e1d820381cc8b49fa4e8b002b7ff3f1,./results/models/stack/random/a/best.pt,"[{""action"":{""high_action"":""split"",""order_decision"":""only_cost""},""phase"":""high""},{""action"":{""candidate_id"":0,""schedule_alpha"":0.5},""phase"":""select""},{""action"":{""search_k"":1,""search_strategy"":""default""},""phase"":""search""},{""action"":{""execution_action"":""none"",""lip_action"":""none""},""phase"":""low""},{""action"":{""high_action"":""split"",""order_decision"":""only_cost""},""phase"":""high""},{""action"":{""candidate_id"":1,""schedule_alpha"":0.5},""phase"":""select""},{""action"":{""search_k"":1,""search_strategy"":""default""},""phase"":""search""},{""action"":{""execution_action"":""none"",""lip_action"":""none""},""phase"":""low""},{""action"":{""high_action"":""stop"",""order_decision"":""only_cost""},""phase"":""high""},{""action"":{""search_k"":1,""search_strategy"":""default""},""phase"":""search""},{""action"":{""execution_action"":""none"",""lip_action"":""none""},""phase"":""low""}]"
STACK,a,./workloads/query_stack/q11_6c5cba41.sql,Full NQO,263.266086578369,18.272000000000,ok,9ee7ec0e2d68030c0bea45ce77084e1189b45131e00caed35c89c85b8c97506b,1,,3afac4ae83050ce6a5bda87980920f7e4540ebce4a9028298a21507d9c7a7837,51cf209f2b9bce9f8c003214d2a8ba165154d190ed0b174e7412a2bd9e7bf966,./results/models/stack/random/a/best.pt,"[{""action"":{""high_action"":""split"",""order_decision"":""only_cost""},""phase"":""high""},{""action"":{""candidate_id"":0,""schedule_alpha"":0.5},""phase"":""select""},{""action"":{""search_k"":1,""search_strategy"":""default""},""phase"":""search""},{""action"":{""execution_action"":""none"",""lip_action"":""none""},""phase"":""low""},{""action"":{""high_action"":""split"",""order_decision"":""only_cost""},""phase"":""high""},{""action"":{""candidate_id"":1,""schedule_alpha"":0.5},""phase"":""select""},{""action"":{""search_k"":1,""search_strategy"":""default""},""phase"":""search""},{""action"":{""execution_action"":""none"",""lip_action"":""none""},""phase"":""low""},{""action"":{""high_action"":""stop"",""order_decision"":""only_cost""},""phase"":""high""},{""action"":{""search_k"":1,""search_strategy"":""default""},""phase"":""search""},{""action"":{""execution_action"":""none"",""lip_action"":""none""},""phase"":""low""}]"
STACK,a,./workloads/query_stack/q11_9389f588.sql,Full NQO,103.496111929417,18.557000000000,ok,e8807f4432a7632fddcc1e5456323b9a012fd4239fe6350e77c649c813f56d17,1,,5f61a7e49d6798bb5dfda9159799660314223dbcc73d072ea3d67bacb50f222d,75974203729c7f0dda3718707a8d18d5cfbbd38750cb76520f9d7e18ee1f9916,./results/models/stack/random/a/best.pt,"[{""action"":{""high_action"":""split"",""order_decision"":""only_cost""},""phase"":""high""},{""action"":{""candidate_id"":0,""schedule_alpha"":0.5},""phase"":""select""},{""action"":{""search_k"":1,""search_strategy"":""default""},""phase"":""search""},{""action"":{""execution_action"":""none"",""lip_action"":""none""},""phase"":""low""},{""action"":{""high_action"":""split"",""order_decision"":""only_cost""},""phase"":""high""},{""action"":{""candidate_id"":1,""schedule_alpha"":0.5},""phase"":""select""},{""action"":{""search_k"":1,""search_strategy"":""default""},""phase"":""search""},{""action"":{""execution_action"":""none"",""lip_action"":""none""},""phase"":""low""},{""action"":{""high_action"":""stop"",""order_decision"":""only_cost""},""phase"":""high""},{""action"":{""search_k"":1,""search_strategy"":""default""},""phase"":""search""},{""action"":{""execution_action"":""none"",""lip_action"":""none""},""phase"":""low""}]"
STACK,a,./workloads/query_stack/q11_aa96c8d7.sql,Full NQO,107.257843017578,19.069000000000,ok,70ae26643f4cb8280cc3f8568d58c9dcaae9ff78c7eb39886df79116206a91ef,1,,c731fb72b1be333c5ebc138b4cea34c8118fc129d5d74fa96fa02a947593788e,b5ebe45f891f1426ee8e8a1ad4027c9f2a25581950e981b72ce4c64d21fa00d5,./results/models/stack/random/a/best.pt,"[{""action"":{""high_action"":""split"",""order_decision"":""only_cost""},""phase"":""high""},{""action"":{""candidate_id"":0,""schedule_alpha"":0.5},""phase"":""select""},{""action"":{""search_k"":1,""search_strategy"":""default""},""phase"":""search""},{""action"":{""execution_action"":""none"",""lip_action"":""none""},""phase"":""low""},{""action"":{""high_action"":""split"",""order_decision"":""only_cost""},""phase"":""high""},{""action"":{""candidate_id"":1,""schedule_alpha"":0.5},""phase"":""select""},{""action"":{""search_k"":1,""search_strategy"":""default""},""phase"":""search""},{""action"":{""execution_action"":""none"",""lip_action"":""none""},""phase"":""low""},{""action"":{""high_action"":""stop"",""order_decision"":""only_cost""},""phase"":""high""},{""action"":{""search_k"":1,""search_strategy"":""default""},""phase"":""search""},{""action"":{""execution_action"":""none"",""lip_action"":""none""},""phase"":""low""}]"
STACK,a,./workloads/query_stack/q12_07007205.sql,Full NQO,589.007183909416,64.627000000000,ok,05bb5f175f4179b1313858f14bd4a26881b1d78c7677e41a72949d750e389322,14,,5fade5606e98b3b4361c2ffe427b35dfcb375c362f4e60af116805c83d236ee3,e8e3c0582b267e477990e758166a68b5922882d1625aa88a21782db0794f6e92,./results/models/stack/random/a/best.pt,"[{""action"":{""high_action"":""split"",""order_decision"":""only_cost""},""phase"":""high""},{""action"":{""candidate_id"":3,""schedule_alpha"":0.5},""phase"":""select""},{""action"":{""search_k"":1,""search_strategy"":""default""},""phase"":""search""},{""action"":{""execution_action"":""none"",""lip_action"":""none""},""phase"":""low""},{""action"":{""high_action"":""split"",""order_decision"":""only_cost""},""phase"":""high""},{""action"":{""candidate_id"":3,""schedule_alpha"":0.5},""phase"":""select""},{""action"":{""search_k"":1,""search_strategy"":""default""},""phase"":""search""},{""action"":{""execution_action"":""none"",""lip_action"":""none""},""phase"":""low""},{""action"":{""high_action"":""split"",""order_decision"":""only_cost""},""phase"":""high""},{""action"":{""candidate_id"":1,""schedule_alpha"":0.5},""phase"":""select""},{""action"":{""search_k"":1,""search_strategy"":""default""},""phase"":""search""},{""action"":{""execution_action"":""none"",""lip_action"":""none""},""phase"":""low""},{""action"":{""high_action"":""split"",""order_decision"":""only_cost""},""phase"":""high""},{""action"":{""candidate_id"":0,""schedule_alpha"":0.0},""phase"":""select""},{""action"":{""search_k"":1,""search_strategy"":""default""},""phase"":""search""},{""action"":{""execution_action"":""none"",""lip_action"":""none""},""phase"":""low""},{""action"":{""high_action"":""stop"",""order_decision"":""only_cost""},""phase"":""high""},{""action"":{""search_k"":1,""search_strategy"":""default""},""phase"":""search""},{""action"":{""execution_action"":""none"",""lip_action"":""none""},""phase"":""low""}]"
STACK,a,./workloads/query_stack/q12_76a47868.sql,Full NQO,898.061349987984,72.140000000000,ok,76e0efdb7c612efc084cab472853036e7af7c3f44b6fa0ac900f855a4d23837f,11,,d0c94ff76149d1484e4f6b9dd9b4ed5e3ecd05ec0e2f2f4fdd3f3c507d905426,99c1ba811a7e83ec60ad8ac244b0daf35f23d0348421600bf0b863fdd49bdaef,./results/models/stack/random/a/best.pt,"[{""action"":{""high_action"":""split"",""order_decision"":""only_cost""},""phase"":""high""},{""action"":{""candidate_id"":3,""schedule_alpha"":0.5},""phase"":""select""},{""action"":{""search_k"":1,""search_strategy"":""default""},""phase"":""search""},{""action"":{""execution_action"":""none"",""lip_action"":""none""},""phase"":""low""},{""action"":{""high_action"":""split"",""order_decision"":""only_cost""},""phase"":""high""},{""action"":{""candidate_id"":3,""schedule_alpha"":0.5},""phase"":""select""},{""action"":{""search_k"":1,""search_strategy"":""default""},""phase"":""search""},{""action"":{""execution_action"":""none"",""lip_action"":""none""},""phase"":""low""},{""action"":{""high_action"":""split"",""order_decision"":""only_cost""},""phase"":""high""},{""action"":{""candidate_id"":1,""schedule_alpha"":0.5},""phase"":""select""},{""action"":{""search_k"":1,""search_strategy"":""default""},""phase"":""search""},{""action"":{""execution_action"":""none"",""lip_action"":""none""},""phase"":""low""},{""action"":{""high_action"":""split"",""order_decision"":""only_cost""},""phase"":""high""},{""action"":{""candidate_id"":1,""schedule_alpha"":0.0},""phase"":""select""},{""action"":{""search_k"":1,""search_strategy"":""default""},""phase"":""search""},{""action"":{""execution_action"":""none"",""lip_action"":""none""},""phase"":""low""},{""action"":{""high_action"":""stop"",""order_decision"":""only_cost""},""phase"":""high""},{""action"":{""search_k"":1,""search_strategy"":""default""},""phase"":""search""},{""action"":{""execution_action"":""none"",""lip_action"":""none""},""phase"":""low""}]"
STACK,a,./workloads/query_stack/q13_13ad1b8c.sql,Full NQO,599.644638597965,117.053000000000,ok,c27e557d38a3ef5f28a4686010fdcac1b4188a62c69d9bf8b73de7b6e1e1f667,100,,64c2c3ac9aeaf6894177697255c599def7c7fef48d1fa046585ad2123007919f,4dc9420e145f735278cbae6fc239e09005b86558a442fed3bb2f622463d665fc,./results/models/stack/random/a/best.pt,"[{""action"":{""high_action"":""split"",""order_decision"":""only_cost""},""phase"":""high""},{""action"":{""candidate_id"":3,""schedule_alpha"":0.5},""phase"":""select""},{""action"":{""search_k"":1,""search_strategy"":""default""},""phase"":""search""},{""action"":{""execution_action"":""none"",""lip_action"":""none""},""phase"":""low""},{""action"":{""high_action"":""split"",""order_decision"":""only_cost""},""phase"":""high""},{""action"":{""candidate_id"":3,""schedule_alpha"":0.5},""phase"":""select""},{""action"":{""search_k"":1,""search_strategy"":""default""},""phase"":""search""},{""action"":{""execution_action"":""none"",""lip_action"":""none""},""phase"":""low""},{""action"":{""high_action"":""split"",""order_decision"":""only_cost""},""phase"":""high""},{""action"":{""candidate_id"":1,""schedule_alpha"":0.5},""phase"":""select""},{""action"":{""search_k"":1,""search_strategy"":""default""},""phase"":""search""},{""action"":{""execution_action"":""none"",""lip_action"":""none""},""phase"":""low""},{""action"":{""high_action"":""split"",""order_decision"":""only_cost""},""phase"":""high""},{""action"":{""candidate_id"":1,""schedule_alpha"":0.5},""phase"":""select""},{""action"":{""search_k"":1,""search_strategy"":""default""},""phase"":""search""},{""action"":{""execution_action"":""none"",""lip_action"":""none""},""phase"":""low""},{""action"":{""high_action"":""split"",""order_decision"":""only_cost""},""phase"":""high""},{""action"":{""candidate_id"":0,""schedule_alpha"":0.5},""phase"":""select""},{""action"":{""search_k"":1,""search_strategy"":""default""},""phase"":""search""},{""action"":{""execution_action"":""none"",""lip_action"":""none""},""phase"":""low""},{""action"":{""high_action"":""stop"",""order_decision"":""only_cost""},""phase"":""high""},{""action"":{""search_k"":1,""search_strategy"":""default""},""phase"":""search""},{""action"":{""execution_action"":""none"",""lip_action"":""selective""},""phase"":""low""}]"
STACK,a,./workloads/query_stack/q13_1ddcc865.sql,Full NQO,1913.273431360722,91.980000000000,ok,f04db08ffdd7b2d34c537b80c529d5ee4655c478bf55b6b443cda2c29fe8c485,100,,f63a5a118fd3604962c26ae2a4c94d5c939933de7336188e8e643a7f3da52c19,b5de7a203a09672d7b0eccb650e1c03c4899d5e9228ad7ff373bc123addd615d,./results/models/stack/random/a/best.pt,"[{""action"":{""high_action"":""split"",""order_decision"":""only_cost""},""phase"":""high""},{""action"":{""candidate_id"":3,""schedule_alpha"":0.5},""phase"":""select""},{""action"":{""search_k"":1,""search_strategy"":""default""},""phase"":""search""},{""action"":{""execution_action"":""none"",""lip_action"":""none""},""phase"":""low""},{""action"":{""high_action"":""split"",""order_decision"":""only_cost""},""phase"":""high""},{""action"":{""candidate_id"":3,""schedule_alpha"":0.5},""phase"":""select""},{""action"":{""search_k"":1,""search_strategy"":""default""},""phase"":""search""},{""action"":{""execution_action"":""none"",""lip_action"":""none""},""phase"":""low""},{""action"":{""high_action"":""split"",""order_decision"":""only_cost""},""phase"":""high""},{""action"":{""candidate_id"":1,""schedule_alpha"":0.5},""phase"":""select""},{""action"":{""search_k"":1,""search_strategy"":""default""},""phase"":""search""},{""action"":{""execution_action"":""none"",""lip_action"":""selective""},""phase"":""low""},{""action"":{""high_action"":""split"",""order_decision"":""only_cost""},""phase"":""high""},{""action"":{""candidate_id"":1,""schedule_alpha"":0.5},""phase"":""select""},{""action"":{""search_k"":1,""search_strategy"":""default""},""phase"":""search""},{""action"":{""execution_action"":""none"",""lip_action"":""selective""},""phase"":""low""},{""action"":{""high_action"":""split"",""order_decision"":""only_cost""},""phase"":""high""},{""action"":{""candidate_id"":0,""schedule_alpha"":0.5},""phase"":""select""},{""action"":{""search_k"":1,""search_strategy"":""default""},""phase"":""search""},{""action"":{""execution_action"":""none"",""lip_action"":""none""},""phase"":""low""},{""action"":{""high_action"":""stop"",""order_decision"":""only_cost""},""phase"":""high""},{""action"":{""search_k"":1,""search_strategy"":""default""},""phase"":""search""},{""action"":{""execution_action"":""none"",""lip_action"":""selective""},""phase"":""low""}]"
STACK,a,./workloads/query_stack/q13_add0df9d.sql,Full NQO,836.596734821796,156.579000000000,ok,4daad1f8d536afd5e4a011cf36f5007c65521f947b5b789682c59e292db70bb8,100,,11c26af919df19813736c825c4ad48f4d610e93c2ef28295199845943dc19f25,ea2bee6c16c98febb62d77cfd4ea0a396db723bfc7ff0ebe9f2dcfd32d9741d7,./results/models/stack/random/a/best.pt,"[{""action"":{""high_action"":""split"",""order_decision"":""only_cost""},""phase"":""high""},{""action"":{""candidate_id"":3,""schedule_alpha"":0.5},""phase"":""select""},{""action"":{""search_k"":1,""search_strategy"":""default""},""phase"":""search""},{""action"":{""execution_action"":""none"",""lip_action"":""none""},""phase"":""low""},{""action"":{""high_action"":""split"",""order_decision"":""only_cost""},""phase"":""high""},{""action"":{""candidate_id"":3,""schedule_alpha"":0.5},""phase"":""select""},{""action"":{""search_k"":1,""search_strategy"":""default""},""phase"":""search""},{""action"":{""execution_action"":""none"",""lip_action"":""none""},""phase"":""low""},{""action"":{""high_action"":""split"",""order_decision"":""only_cost""},""phase"":""high""},{""action"":{""candidate_id"":1,""schedule_alpha"":0.5},""phase"":""select""},{""action"":{""search_k"":1,""search_strategy"":""default""},""phase"":""search""},{""action"":{""execution_action"":""none"",""lip_action"":""none""},""phase"":""low""},{""action"":{""high_action"":""split"",""order_decision"":""only_cost""},""phase"":""high""},{""action"":{""candidate_id"":1,""schedule_alpha"":0.5},""phase"":""select""},{""action"":{""search_k"":1,""search_strategy"":""default""},""phase"":""search""},{""action"":{""execution_action"":""none"",""lip_action"":""none""},""phase"":""low""},{""action"":{""high_action"":""split"",""order_decision"":""only_cost""},""phase"":""high""},{""action"":{""candidate_id"":0,""schedule_alpha"":0.5},""phase"":""select""},{""action"":{""search_k"":1,""search_strategy"":""default""},""phase"":""search""},{""action"":{""execution_action"":""none"",""lip_action"":""none""},""phase"":""low""},{""action"":{""high_action"":""stop"",""order_decision"":""only_cost""},""phase"":""high""},{""action"":{""search_k"":1,""search_strategy"":""default""},""phase"":""search""},{""action"":{""execution_action"":""none"",""lip_action"":""selective""},""phase"":""low""}]"
STACK,a,./workloads/query_stack/q14_5e4835cd.sql,Full NQO,505.149312317371,40.173000000000,ok,14127c168564cfe475a814f6f226c7b1548e036eee949d874aba3fd90031c613,1,,4a78010f260da053ebf7713a111093d99c4ccd7c1fdc9f7fd0557c75593de62e,eed60dc66ed21789fcff6bafdfacc709426192056a3b69e95949420ad4716ed8,./results/models/stack/random/a/best.pt,"[{""action"":{""high_action"":""split"",""order_decision"":""only_cost""},""phase"":""high""},{""action"":{""candidate_id"":3,""schedule_alpha"":0.5},""phase"":""select""},{""action"":{""search_k"":1,""search_strategy"":""default""},""phase"":""search""},{""action"":{""execution_action"":""none"",""lip_action"":""none""},""phase"":""low""},{""action"":{""high_action"":""split"",""order_decision"":""only_cost""},""phase"":""high""},{""action"":{""candidate_id"":3,""schedule_alpha"":0.5},""phase"":""select""},{""action"":{""search_k"":1,""search_strategy"":""default""},""phase"":""search""},{""action"":{""execution_action"":""none"",""lip_action"":""none""},""phase"":""low""},{""action"":{""high_action"":""split"",""order_decision"":""only_cost""},""phase"":""high""},{""action"":{""candidate_id"":1,""schedule_alpha"":0.5},""phase"":""select""},{""action"":{""search_k"":1,""search_strategy"":""default""},""phase"":""search""},{""action"":{""execution_action"":""none"",""lip_action"":""none""},""phase"":""low""},{""action"":{""high_action"":""split"",""order_decision"":""only_cost""},""phase"":""high""},{""action"":{""candidate_id"":1,""schedule_alpha"":0.5},""phase"":""select""},{""action"":{""search_k"":1,""search_strategy"":""default""},""phase"":""search""},{""action"":{""execution_action"":""none"",""lip_action"":""none""},""phase"":""low""},{""action"":{""high_action"":""split"",""order_decision"":""only_cost""},""phase"":""high""},{""action"":{""candidate_id"":0,""schedule_alpha"":0.5},""phase"":""select""},{""action"":{""search_k"":1,""search_strategy"":""default""},""phase"":""search""},{""action"":{""execution_action"":""none"",""lip_action"":""none""},""phase"":""low""},{""action"":{""high_action"":""stop"",""order_decision"":""only_cost""},""phase"":""high""},{""action"":{""search_k"":1,""search_strategy"":""default""},""phase"":""search""},{""action"":{""execution_action"":""none"",""lip_action"":""none""},""phase"":""low""}]"
STACK,a,./workloads/query_stack/q14_63c0776f.sql,Full NQO,340.786024928093,39.557000000000,ok,65419f1249c055759a971aeb710eb11b18f9baff0adab7df6bd23e65e14f1aa7,1,,0fb9ffcc7fe26e447d7d6a635915c4f0669be138e2335bfb5eccd9f6a069062e,7306b3ad722a70ef43b730db759ddc9bf65aca9c5fc5d8011825606d646ab07d,./results/models/stack/random/a/best.pt,"[{""action"":{""high_action"":""split"",""order_decision"":""only_cost""},""phase"":""high""},{""action"":{""candidate_id"":3,""schedule_alpha"":0.5},""phase"":""select""},{""action"":{""search_k"":1,""search_strategy"":""default""},""phase"":""search""},{""action"":{""execution_action"":""none"",""lip_action"":""none""},""phase"":""low""},{""action"":{""high_action"":""split"",""order_decision"":""only_cost""},""phase"":""high""},{""action"":{""candidate_id"":3,""schedule_alpha"":0.5},""phase"":""select""},{""action"":{""search_k"":1,""search_strategy"":""default""},""phase"":""search""},{""action"":{""execution_action"":""none"",""lip_action"":""none""},""phase"":""low""},{""action"":{""high_action"":""split"",""order_decision"":""only_cost""},""phase"":""high""},{""action"":{""candidate_id"":1,""schedule_alpha"":0.5},""phase"":""select""},{""action"":{""search_k"":1,""search_strategy"":""default""},""phase"":""search""},{""action"":{""execution_action"":""none"",""lip_action"":""none""},""phase"":""low""},{""action"":{""high_action"":""split"",""order_decision"":""only_cost""},""phase"":""high""},{""action"":{""candidate_id"":1,""schedule_alpha"":0.5},""phase"":""select""},{""action"":{""search_k"":1,""search_strategy"":""default""},""phase"":""search""},{""action"":{""execution_action"":""none"",""lip_action"":""none""},""phase"":""low""},{""action"":{""high_action"":""split"",""order_decision"":""only_cost""},""phase"":""high""},{""action"":{""candidate_id"":0,""schedule_alpha"":0.5},""phase"":""select""},{""action"":{""search_k"":1,""search_strategy"":""default""},""phase"":""search""},{""action"":{""execution_action"":""none"",""lip_action"":""none""},""phase"":""low""},{""action"":{""high_action"":""stop"",""order_decision"":""only_cost""},""phase"":""high""},{""action"":{""search_k"":1,""search_strategy"":""default""},""phase"":""search""},{""action"":{""execution_action"":""none"",""lip_action"":""none""},""phase"":""low""}]"
STACK,a,./workloads/query_stack/q15_3e37e626.sql,Full NQO,401.101164519787,72.326000000000,ok,23394de368e19ac28a4f7d6417b11ebabbe2b953543d04a019e20db4f7330805,43,,52626544e6b1a1e409813eb291fdfb73a0a882ebcf6f840229400b46c9764353,78e30e74983794e404ce5781d448573ecce6152f4cee67364d950e0d25d66b77,./results/models/stack/random/a/best.pt,"[{""action"":{""high_action"":""split"",""order_decision"":""only_cost""},""phase"":""high""},{""action"":{""candidate_id"":1,""schedule_alpha"":0.5},""phase"":""select""},{""action"":{""search_k"":1,""search_strategy"":""default""},""phase"":""search""},{""action"":{""execution_action"":""none"",""lip_action"":""none""},""phase"":""low""},{""action"":{""high_action"":""split"",""order_decision"":""only_cost""},""phase"":""high""},{""action"":{""candidate_id"":1,""schedule_alpha"":0.5},""phase"":""select""},{""action"":{""search_k"":1,""search_strategy"":""default""},""phase"":""search""},{""action"":{""execution_action"":""none"",""lip_action"":""none""},""phase"":""low""},{""action"":{""high_action"":""split"",""order_decision"":""only_cost""},""phase"":""high""},{""action"":{""candidate_id"":0,""schedule_alpha"":0.5},""phase"":""select""},{""action"":{""search_k"":1,""search_strategy"":""default""},""phase"":""search""},{""action"":{""execution_action"":""none"",""lip_action"":""none""},""phase"":""low""},{""action"":{""high_action"":""stop"",""order_decision"":""only_cost""},""phase"":""high""},{""action"":{""search_k"":1,""search_strategy"":""default""},""phase"":""search""},{""action"":{""execution_action"":""none"",""lip_action"":""selective""},""phase"":""low""}]"
STACK,a,./workloads/query_stack/q15_d5546c01.sql,Full NQO,192.750774323940,103.160000000000,ok,39f37f8d1931b3bdf767e7510dd69509fbf23af1f7654933d0a4d291cbdd4418,0,,1f7f2351f5316549043a441b301d44ace3c87093c283fa93dd5e9bde76c8750a,6131d9c9ee1e521904fe62011e8320f41c0e7780ade49f68608cdc89c6fbbeb7,./results/models/stack/random/a/best.pt,"[{""action"":{""high_action"":""split"",""order_decision"":""only_cost""},""phase"":""high""},{""action"":{""candidate_id"":1,""schedule_alpha"":0.5},""phase"":""select""},{""action"":{""search_k"":1,""search_strategy"":""default""},""phase"":""search""},{""action"":{""execution_action"":""none"",""lip_action"":""none""},""phase"":""low""},{""action"":{""high_action"":""split"",""order_decision"":""only_cost""},""phase"":""high""},{""action"":{""candidate_id"":1,""schedule_alpha"":0.5},""phase"":""select""},{""action"":{""search_k"":1,""search_strategy"":""default""},""phase"":""search""},{""action"":{""execution_action"":""none"",""lip_action"":""none""},""phase"":""low""},{""action"":{""high_action"":""split"",""order_decision"":""only_cost""},""phase"":""high""},{""action"":{""candidate_id"":0,""schedule_alpha"":0.5},""phase"":""select""},{""action"":{""search_k"":1,""search_strategy"":""default""},""phase"":""search""},{""action"":{""execution_action"":""none"",""lip_action"":""none""},""phase"":""low""},{""action"":{""high_action"":""stop"",""order_decision"":""only_cost""},""phase"":""high""},{""action"":{""search_k"":1,""search_strategy"":""default""},""phase"":""search""},{""action"":{""execution_action"":""none"",""lip_action"":""selective""},""phase"":""low""}]"
STACK,a,./workloads/query_stack/q1_q1-009.sql,Full NQO,62.224715948105,72.158843278885,timeout,,,,61e30b5d0c620f2cc4ff6fa60f10f584a35a7edcedb1abddd268625783d14b14,6ea91eba7c9f4ebdc40f708c3684f26157a0be5ec178312f8e8a09291b8173fc,./results/models/stack/random/a/best.pt,"[{""action"":{""high_action"":""split"",""order_decision"":""only_cost""},""phase"":""high""}]"
STACK,a,./workloads/query_stack/q1_q1-075.sql,Full NQO,384.468868374825,18.839000000000,ok,806ab1e6dc9ec99abde1ddb9090f84d77cca8c86224442c3ccbc840127773c20,1,,669071896dd5dd07007ed505afc446cb4de2309b19ef9655356068a4b8d10be8,1d3144e18ed883f8944ff9503628724ea9d026c197e1b4a317f42f88a56a4661,./results/models/stack/random/a/best.pt,"[{""action"":{""high_action"":""split"",""order_decision"":""only_cost""},""phase"":""high""},{""action"":{""candidate_id"":0,""schedule_alpha"":0.5},""phase"":""select""},{""action"":{""search_k"":1,""search_strategy"":""default""},""phase"":""search""},{""action"":{""execution_action"":""none"",""lip_action"":""none""},""phase"":""low""},{""action"":{""high_action"":""split"",""order_decision"":""only_cost""},""phase"":""high""},{""action"":{""candidate_id"":1,""schedule_alpha"":0.5},""phase"":""select""},{""action"":{""search_k"":1,""search_strategy"":""default""},""phase"":""search""},{""action"":{""execution_action"":""none"",""lip_action"":""none""},""phase"":""low""},{""action"":{""high_action"":""stop"",""order_decision"":""only_cost""},""phase"":""high""},{""action"":{""search_k"":1,""search_strategy"":""default""},""phase"":""search""},{""action"":{""execution_action"":""none"",""lip_action"":""none""},""phase"":""low""}]"
STACK,a,./workloads/query_stack/q2_q2-012.sql,Full NQO,867.777958512306,138.357000000000,ok,0c72a996aff17d5cf2385808714691e03eeae078feb603727bd285ed83162d82,42,,460a4f05f57290be6d0d84520dec3072d3f1f2c933926cba5f2f596cfb9e86db,cb84053d5b3d45ae94e4d0a928e54234270761ea6c7ee17a7458d636adbd2296,./results/models/stack/random/a/best.pt,"[{""action"":{""high_action"":""split"",""order_decision"":""only_cost""},""phase"":""high""},{""action"":{""candidate_id"":0,""schedule_alpha"":0.5},""phase"":""select""},{""action"":{""search_k"":1,""search_strategy"":""default""},""phase"":""search""},{""action"":{""execution_action"":""none"",""lip_action"":""none""},""phase"":""low""},{""action"":{""high_action"":""split"",""order_decision"":""only_cost""},""phase"":""high""},{""action"":{""candidate_id"":3,""schedule_alpha"":0.5},""phase"":""select""},{""action"":{""search_k"":1,""search_strategy"":""default""},""phase"":""search""},{""action"":{""execution_action"":""none"",""lip_action"":""none""},""phase"":""low""},{""action"":{""high_action"":""split"",""order_decision"":""only_cost""},""phase"":""high""},{""action"":{""candidate_id"":1,""schedule_alpha"":0.5},""phase"":""select""},{""action"":{""search_k"":1,""search_strategy"":""default""},""phase"":""search""},{""action"":{""execution_action"":""none"",""lip_action"":""none""},""phase"":""low""},{""action"":{""high_action"":""split"",""order_decision"":""only_cost""},""phase"":""high""},{""action"":{""candidate_id"":3,""schedule_alpha"":0.5},""phase"":""select""},{""action"":{""search_k"":1,""search_strategy"":""default""},""phase"":""search""},{""action"":{""execution_action"":""none"",""lip_action"":""none""},""phase"":""low""},{""action"":{""high_action"":""split"",""order_decision"":""only_cost""},""phase"":""high""},{""action"":{""candidate_id"":0,""schedule_alpha"":0.0},""phase"":""select""},{""action"":{""search_k"":1,""search_strategy"":""default""},""phase"":""search""},{""action"":{""execution_action"":""none"",""lip_action"":""none""},""phase"":""low""},{""action"":{""high_action"":""split"",""order_decision"":""only_cost""},""phase"":""high""},{""action"":{""candidate_id"":1,""schedule_alpha"":0.0},""phase"":""select""},{""action"":{""search_k"":1,""search_strategy"":""default""},""phase"":""search""},{""action"":{""execution_action"":""none"",""lip_action"":""none""},""phase"":""low""},{""action"":{""high_action"":""stop"",""order_decision"":""only_cost""},""phase"":""high""},{""action"":{""search_k"":1,""search_strategy"":""default""},""phase"":""search""},{""action"":{""execution_action"":""none"",""lip_action"":""none""},""phase"":""low""}]"
STACK,a,./workloads/query_stack/q2_q2-032.sql,Full NQO,703.132942318916,104.148000000000,ok,216acde5b813524d45ac581fa2f7d38ac46b42e538ec967f54400b57065d6c7d,64,,d70ef27c3704f707d10e6cdcbbd7a71c86adc60b690c3b034fab15c0fd1674af,edc75166f461cdf875bb59b83fbd8c29fed2ae317051e7a70becbcd30941e773,./results/models/stack/random/a/best.pt,"[{""action"":{""high_action"":""split"",""order_decision"":""only_cost""},""phase"":""high""},{""action"":{""candidate_id"":0,""schedule_alpha"":0.5},""phase"":""select""},{""action"":{""search_k"":1,""search_strategy"":""default""},""phase"":""search""},{""action"":{""execution_action"":""none"",""lip_action"":""none""},""phase"":""low""},{""action"":{""high_action"":""split"",""order_decision"":""only_cost""},""phase"":""high""},{""action"":{""candidate_id"":3,""schedule_alpha"":0.5},""phase"":""select""},{""action"":{""search_k"":1,""search_strategy"":""default""},""phase"":""search""},{""action"":{""execution_action"":""none"",""lip_action"":""none""},""phase"":""low""},{""action"":{""high_action"":""split"",""order_decision"":""only_cost""},""phase"":""high""},{""action"":{""candidate_id"":1,""schedule_alpha"":0.5},""phase"":""select""},{""action"":{""search_k"":1,""search_strategy"":""default""},""phase"":""search""},{""action"":{""execution_action"":""none"",""lip_action"":""none""},""phase"":""low""},{""action"":{""high_action"":""split"",""order_decision"":""only_cost""},""phase"":""high""},{""action"":{""candidate_id"":3,""schedule_alpha"":0.5},""phase"":""select""},{""action"":{""search_k"":1,""search_strategy"":""default""},""phase"":""search""},{""action"":{""execution_action"":""none"",""lip_action"":""none""},""phase"":""low""},{""action"":{""high_action"":""split"",""order_decision"":""only_cost""},""phase"":""high""},{""action"":{""candidate_id"":0,""schedule_alpha"":0.0},""phase"":""select""},{""action"":{""search_k"":1,""search_strategy"":""default""},""phase"":""search""},{""action"":{""execution_action"":""none"",""lip_action"":""none""},""phase"":""low""},{""action"":{""high_action"":""split"",""order_decision"":""only_cost""},""phase"":""high""},{""action"":{""candidate_id"":1,""schedule_alpha"":0.0},""phase"":""select""},{""action"":{""search_k"":1,""search_strategy"":""default""},""phase"":""search""},{""action"":{""execution_action"":""none"",""lip_action"":""none""},""phase"":""low""},{""action"":{""high_action"":""stop"",""order_decision"":""only_cost""},""phase"":""high""},{""action"":{""search_k"":1,""search_strategy"":""default""},""phase"":""search""},{""action"":{""execution_action"":""none"",""lip_action"":""none""},""phase"":""low""}]"
STACK,a,./workloads/query_stack/q2_q2-035.sql,Full NQO,772.876143455505,107.845000000000,ok,7dde5286d3a49e885c56ee37d42b39b5355f4bfe86288386030d4a14652eff42,260,,815f6393bde00ee506d4e3877d6b7c416a95b1920bb42d8df60a6c152aac0b9f,2e64d479000d292db4f15d54de2dc8f39a98ce13f8ebb064a175d7c3601d7dfe,./results/models/stack/random/a/best.pt,"[{""action"":{""high_action"":""split"",""order_decision"":""only_cost""},""phase"":""high""},{""action"":{""candidate_id"":0,""schedule_alpha"":0.5},""phase"":""select""},{""action"":{""search_k"":1,""search_strategy"":""default""},""phase"":""search""},{""action"":{""execution_action"":""none"",""lip_action"":""none""},""phase"":""low""},{""action"":{""high_action"":""split"",""order_decision"":""only_cost""},""phase"":""high""},{""action"":{""candidate_id"":3,""schedule_alpha"":0.5},""phase"":""select""},{""action"":{""search_k"":1,""search_strategy"":""default""},""phase"":""search""},{""action"":{""execution_action"":""none"",""lip_action"":""none""},""phase"":""low""},{""action"":{""high_action"":""split"",""order_decision"":""only_cost""},""phase"":""high""},{""action"":{""candidate_id"":1,""schedule_alpha"":0.5},""phase"":""select""},{""action"":{""search_k"":1,""search_strategy"":""default""},""phase"":""search""},{""action"":{""execution_action"":""none"",""lip_action"":""none""},""phase"":""low""},{""action"":{""high_action"":""split"",""order_decision"":""only_cost""},""phase"":""high""},{""action"":{""candidate_id"":3,""schedule_alpha"":0.5},""phase"":""select""},{""action"":{""search_k"":1,""search_strategy"":""default""},""phase"":""search""},{""action"":{""execution_action"":""none"",""lip_action"":""none""},""phase"":""low""},{""action"":{""high_action"":""split"",""order_decision"":""only_cost""},""phase"":""high""},{""action"":{""candidate_id"":2,""schedule_alpha"":0.0},""phase"":""select""},{""action"":{""search_k"":1,""search_strategy"":""default""},""phase"":""search""},{""action"":{""execution_action"":""none"",""lip_action"":""none""},""phase"":""low""},{""action"":{""high_action"":""split"",""order_decision"":""only_cost""},""phase"":""high""},{""action"":{""candidate_id"":0,""schedule_alpha"":0.0},""phase"":""select""},{""action"":{""search_k"":1,""search_strategy"":""default""},""phase"":""search""},{""action"":{""execution_action"":""none"",""lip_action"":""none""},""phase"":""low""},{""action"":{""high_action"":""stop"",""order_decision"":""only_cost""},""phase"":""high""},{""action"":{""search_k"":1,""search_strategy"":""default""},""phase"":""search""},{""action"":{""execution_action"":""none"",""lip_action"":""none""},""phase"":""low""}]"
STACK,a,./workloads/query_stack/q2_q2-050.sql,Full NQO,477.249071002007,103.103000000000,ok,1e27f384fa81958d1078acb4bc8cbe0ad028ba630444fbf5b11bc7b9a721c652,5,,442689f3fc8e01d732b7992daff36c6a8918690c1feb575ffae846dfb9cfc30b,1fe500292b7d590186a79378413d8ca6a107806d87a98e4d3fe82d493fc9aed9,./results/models/stack/random/a/best.pt,"[{""action"":{""high_action"":""split"",""order_decision"":""only_cost""},""phase"":""high""},{""action"":{""candidate_id"":0,""schedule_alpha"":0.5},""phase"":""select""},{""action"":{""search_k"":1,""search_strategy"":""default""},""phase"":""search""},{""action"":{""execution_action"":""none"",""lip_action"":""none""},""phase"":""low""},{""action"":{""high_action"":""split"",""order_decision"":""only_cost""},""phase"":""high""},{""action"":{""candidate_id"":3,""schedule_alpha"":0.5},""phase"":""select""},{""action"":{""search_k"":1,""search_strategy"":""default""},""phase"":""search""},{""action"":{""execution_action"":""none"",""lip_action"":""none""},""phase"":""low""},{""action"":{""high_action"":""split"",""order_decision"":""only_cost""},""phase"":""high""},{""action"":{""candidate_id"":1,""schedule_alpha"":0.5},""phase"":""select""},{""action"":{""search_k"":1,""search_strategy"":""default""},""phase"":""search""},{""action"":{""execution_action"":""none"",""lip_action"":""none""},""phase"":""low""},{""action"":{""high_action"":""split"",""order_decision"":""only_cost""},""phase"":""high""},{""action"":{""candidate_id"":3,""schedule_alpha"":0.5},""phase"":""select""},{""action"":{""search_k"":1,""search_strategy"":""default""},""phase"":""search""},{""action"":{""execution_action"":""none"",""lip_action"":""none""},""phase"":""low""},{""action"":{""high_action"":""split"",""order_decision"":""only_cost""},""phase"":""high""},{""action"":{""candidate_id"":2,""schedule_alpha"":0.0},""phase"":""select""},{""action"":{""search_k"":1,""search_strategy"":""default""},""phase"":""search""},{""action"":{""execution_action"":""none"",""lip_action"":""none""},""phase"":""low""},{""action"":{""high_action"":""split"",""order_decision"":""only_cost""},""phase"":""high""},{""action"":{""candidate_id"":0,""schedule_alpha"":0.0},""phase"":""select""},{""action"":{""search_k"":1,""search_strategy"":""default""},""phase"":""search""},{""action"":{""execution_action"":""none"",""lip_action"":""none""},""phase"":""low""},{""action"":{""high_action"":""stop"",""order_decision"":""only_cost""},""phase"":""high""},{""action"":{""search_k"":1,""search_strategy"":""default""},""phase"":""search""},{""action"":{""execution_action"":""none"",""lip_action"":""none""},""phase"":""low""}]"
STACK,a,./workloads/query_stack/q2_q2-098.sql,Full NQO,3671.839781105518,126.571000000000,ok,296776255fa5947d731d01e34f4d9e5afc8f65b116b688516e1b4283bd45f000,96,,a7968ef3b45ab1404591508139574ab6400050581454668d78160b879c48698a,ff64eb572c0e91c3dc1d312907fe38fa69215738b386be7867766de6ceb27bfc,./results/models/stack/random/a/best.pt,"[{""action"":{""high_action"":""split"",""order_decision"":""only_cost""},""phase"":""high""},{""action"":{""candidate_id"":4,""schedule_alpha"":0.5},""phase"":""select""},{""action"":{""search_k"":1,""search_strategy"":""default""},""phase"":""search""},{""action"":{""execution_action"":""none"",""lip_action"":""none""},""phase"":""low""},{""action"":{""high_action"":""split"",""order_decision"":""only_cost""},""phase"":""high""},{""action"":{""candidate_id"":5,""schedule_alpha"":0.5},""phase"":""select""},{""action"":{""search_k"":1,""search_strategy"":""default""},""phase"":""search""},{""action"":{""execution_action"":""none"",""lip_action"":""none""},""phase"":""low""},{""action"":{""high_action"":""split"",""order_decision"":""only_cost""},""phase"":""high""},{""action"":{""candidate_id"":0,""schedule_alpha"":0.5},""phase"":""select""},{""action"":{""search_k"":1,""search_strategy"":""default""},""phase"":""search""},{""action"":{""execution_action"":""none"",""lip_action"":""none""},""phase"":""low""},{""action"":{""high_action"":""split"",""order_decision"":""only_cost""},""phase"":""high""},{""action"":{""candidate_id"":1,""schedule_alpha"":0.5},""phase"":""select""},{""action"":{""search_k"":1,""search_strategy"":""default""},""phase"":""search""},{""action"":{""execution_action"":""none"",""lip_action"":""none""},""phase"":""low""},{""action"":{""high_action"":""split"",""order_decision"":""only_cost""},""phase"":""high""},{""action"":{""candidate_id"":0,""schedule_alpha"":0.0},""phase"":""select""},{""action"":{""search_k"":1,""search_strategy"":""default""},""phase"":""search""},{""action"":{""execution_action"":""none"",""lip_action"":""none""},""phase"":""low""},{""action"":{""high_action"":""split"",""order_decision"":""only_cost""},""phase"":""high""},{""action"":{""candidate_id"":0,""schedule_alpha"":0.0},""phase"":""select""},{""action"":{""search_k"":1,""search_strategy"":""default""},""phase"":""search""},{""action"":{""execution_action"":""none"",""lip_action"":""none""},""phase"":""low""},{""action"":{""high_action"":""split"",""order_decision"":""only_cost""},""phase"":""high""},{""action"":{""candidate_id"":0,""schedule_alpha"":0.0},""phase"":""select""},{""action"":{""search_k"":1,""search_strategy"":""default""},""phase"":""search""},{""action"":{""execution_action"":""none"",""lip_action"":""none""},""phase"":""low""},{""action"":{""high_action"":""stop"",""order_decision"":""only_cost""},""phase"":""high""},{""action"":{""search_k"":1,""search_strategy"":""default""},""phase"":""search""},{""action"":{""execution_action"":""none"",""lip_action"":""selective""},""phase"":""low""}]"
STACK,a,./workloads/query_stack/q3_q3-043.sql,Full NQO,1300.458274781704,128.906000000000,ok,4c0f0a0bbb0c6e05c315b00e38442781160c6fb878b398b0d3c96fc9c63bf954,1,,d1620db341db8c163b1ae27a93a1b87dfb7dd46ea3ee68ce5c39bc5e07d2c1f0,e12fbb9b0b55d0901a7d827c51a9dd8d672db8708e01eb8dfb2409690d7d57d7,./results/models/stack/random/a/best.pt,"[{""action"":{""high_action"":""split"",""order_decision"":""only_cost""},""phase"":""high""},{""action"":{""candidate_id"":0,""schedule_alpha"":0.5},""phase"":""select""},{""action"":{""search_k"":1,""search_strategy"":""default""},""phase"":""search""},{""action"":{""execution_action"":""none"",""lip_action"":""none""},""phase"":""low""},{""action"":{""high_action"":""split"",""order_decision"":""only_cost""},""phase"":""high""},{""action"":{""candidate_id"":4,""schedule_alpha"":0.5},""phase"":""select""},{""action"":{""search_k"":1,""search_strategy"":""default""},""phase"":""search""},{""action"":{""execution_action"":""none"",""lip_action"":""none""},""phase"":""low""},{""action"":{""high_action"":""split"",""order_decision"":""only_cost""},""phase"":""high""},{""action"":{""candidate_id"":2,""schedule_alpha"":0.5},""phase"":""select""},{""action"":{""search_k"":1,""search_strategy"":""default""},""phase"":""search""},{""action"":{""execution_action"":""none"",""lip_action"":""none""},""phase"":""low""},{""action"":{""high_action"":""split"",""order_decision"":""only_cost""},""phase"":""high""},{""action"":{""candidate_id"":4,""schedule_alpha"":0.5},""phase"":""select""},{""action"":{""search_k"":1,""search_strategy"":""default""},""phase"":""search""},{""action"":{""execution_action"":""none"",""lip_action"":""none""},""phase"":""low""},{""action"":{""high_action"":""split"",""order_decision"":""only_cost""},""phase"":""high""},{""action"":{""candidate_id"":0,""schedule_alpha"":0.5},""phase"":""select""},{""action"":{""search_k"":1,""search_strategy"":""default""},""phase"":""search""},{""action"":{""execution_action"":""none"",""lip_action"":""none""},""phase"":""low""},{""action"":{""high_action"":""split"",""order_decision"":""only_cost""},""phase"":""high""},{""action"":{""candidate_id"":2,""schedule_alpha"":0.0},""phase"":""select""},{""action"":{""search_k"":1,""search_strategy"":""default""},""phase"":""search""},{""action"":{""execution_action"":""none"",""lip_action"":""none""},""phase"":""low""},{""action"":{""high_action"":""split"",""order_decision"":""only_cost""},""phase"":""high""},{""action"":{""candidate_id"":0,""schedule_alpha"":0.0},""phase"":""select""},{""action"":{""search_k"":1,""search_strategy"":""default""},""phase"":""search""},{""action"":{""execution_action"":""none"",""lip_action"":""none""},""phase"":""low""},{""action"":{""high_action"":""stop"",""order_decision"":""only_cost""},""phase"":""high""},{""action"":{""search_k"":1,""search_strategy"":""default""},""phase"":""search""},{""action"":{""execution_action"":""none"",""lip_action"":""selective""},""phase"":""low""}]"
STACK,a,./workloads/query_stack/q3_q3-086.sql,Full NQO,930.941924452782,123.184000000000,ok,7471f50a1908d54777534ac7b79962c5e0fbacd1732b5c22e4ba066329f8a78e,1,,bca8e7a10c2f0d5235cc4a38751bb58c455511bd369d30c4de08bfa8e4023967,fe439a4362380129e2ef7cc95a8e5573a156ca556184782d33b3e957902c1206,./results/models/stack/random/a/best.pt,"[{""action"":{""high_action"":""split"",""order_decision"":""only_cost""},""phase"":""high""},{""action"":{""candidate_id"":0,""schedule_alpha"":0.5},""phase"":""select""},{""action"":{""search_k"":1,""search_strategy"":""default""},""phase"":""search""},{""action"":{""execution_action"":""none"",""lip_action"":""none""},""phase"":""low""},{""action"":{""high_action"":""split"",""order_decision"":""only_cost""},""phase"":""high""},{""action"":{""candidate_id"":4,""schedule_alpha"":0.5},""phase"":""select""},{""action"":{""search_k"":1,""search_strategy"":""default""},""phase"":""search""},{""action"":{""execution_action"":""none"",""lip_action"":""none""},""phase"":""low""},{""action"":{""high_action"":""split"",""order_decision"":""only_cost""},""phase"":""high""},{""action"":{""candidate_id"":2,""schedule_alpha"":0.5},""phase"":""select""},{""action"":{""search_k"":1,""search_strategy"":""default""},""phase"":""search""},{""action"":{""execution_action"":""none"",""lip_action"":""none""},""phase"":""low""},{""action"":{""high_action"":""split"",""order_decision"":""only_cost""},""phase"":""high""},{""action"":{""candidate_id"":4,""schedule_alpha"":0.5},""phase"":""select""},{""action"":{""search_k"":1,""search_strategy"":""default""},""phase"":""search""},{""action"":{""execution_action"":""none"",""lip_action"":""none""},""phase"":""low""},{""action"":{""high_action"":""split"",""order_decision"":""only_cost""},""phase"":""high""},{""action"":{""candidate_id"":0,""schedule_alpha"":0.5},""phase"":""select""},{""action"":{""search_k"":1,""search_strategy"":""default""},""phase"":""search""},{""action"":{""execution_action"":""none"",""lip_action"":""none""},""phase"":""low""},{""action"":{""high_action"":""split"",""order_decision"":""only_cost""},""phase"":""high""},{""action"":{""candidate_id"":0,""schedule_alpha"":0.0},""phase"":""select""},{""action"":{""search_k"":1,""search_strategy"":""default""},""phase"":""search""},{""action"":{""execution_action"":""none"",""lip_action"":""none""},""phase"":""low""},{""action"":{""high_action"":""split"",""order_decision"":""only_cost""},""phase"":""high""},{""action"":{""candidate_id"":1,""schedule_alpha"":0.0},""phase"":""select""},{""action"":{""search_k"":1,""search_strategy"":""default""},""phase"":""search""},{""action"":{""execution_action"":""none"",""lip_action"":""none""},""phase"":""low""},{""action"":{""high_action"":""stop"",""order_decision"":""only_cost""},""phase"":""high""},{""action"":{""search_k"":1,""search_strategy"":""default""},""phase"":""search""},{""action"":{""execution_action"":""none"",""lip_action"":""selective""},""phase"":""low""}]"
STACK,a,./workloads/query_stack/q4_q4-041.sql,Full NQO,354.611307382584,73.804000000000,ok,8052f9dd5c2ce14bfe8b7a420b7826cf81794f93d4535bf03b3e955ca1d84b77,1,,6d76970f47bfead19bba78050f964e2e5465614047ba3c32c635aba29341203b,660b58c090b38f0e5db5c964ef15de5f1a230633ef51d8c917123d8dabf9e090,./results/models/stack/random/a/best.pt,"[{""action"":{""high_action"":""split"",""order_decision"":""only_cost""},""phase"":""high""},{""action"":{""candidate_id"":0,""schedule_alpha"":0.5},""phase"":""select""},{""action"":{""search_k"":1,""search_strategy"":""default""},""phase"":""search""},{""action"":{""execution_action"":""none"",""lip_action"":""none""},""phase"":""low""},{""action"":{""high_action"":""split"",""order_decision"":""only_cost""},""phase"":""high""},{""action"":{""candidate_id"":2,""schedule_alpha"":0.5},""phase"":""select""},{""action"":{""search_k"":1,""search_strategy"":""default""},""phase"":""search""},{""action"":{""execution_action"":""none"",""lip_action"":""none""},""phase"":""low""},{""action"":{""high_action"":""split"",""order_decision"":""only_cost""},""phase"":""high""},{""action"":{""candidate_id"":0,""schedule_alpha"":0.0},""phase"":""select""},{""action"":{""search_k"":1,""search_strategy"":""default""},""phase"":""search""},{""action"":{""execution_action"":""none"",""lip_action"":""none""},""phase"":""low""},{""action"":{""high_action"":""split"",""order_decision"":""only_cost""},""phase"":""high""},{""action"":{""candidate_id"":0,""schedule_alpha"":0.0},""phase"":""select""},{""action"":{""search_k"":1,""search_strategy"":""default""},""phase"":""search""},{""action"":{""execution_action"":""none"",""lip_action"":""none""},""phase"":""low""},{""action"":{""high_action"":""stop"",""order_decision"":""only_cost""},""phase"":""high""},{""action"":{""search_k"":1,""search_strategy"":""default""},""phase"":""search""},{""action"":{""execution_action"":""none"",""lip_action"":""none""},""phase"":""low""}]"
STACK,a,./workloads/query_stack/q4_q4-086.sql,Full NQO,276.904158294201,70.498000000000,ok,93034f366ea7f433ff55e70e5063853c27a605a794de24273d665ea1c169aaa5,1,,31f0ea05a29207e8b8c2763dd5ad6ff2ba8a2f022e4ff820484f5ec2bdec28ba,86037eebb0a2ef7bfecd74f8093226b8bf3161d9db34409dabd857fb35dff5d4,./results/models/stack/random/a/best.pt,"[{""action"":{""high_action"":""split"",""order_decision"":""only_cost""},""phase"":""high""},{""action"":{""candidate_id"":0,""schedule_alpha"":0.5},""phase"":""select""},{""action"":{""search_k"":1,""search_strategy"":""default""},""phase"":""search""},{""action"":{""execution_action"":""none"",""lip_action"":""none""},""phase"":""low""},{""action"":{""high_action"":""split"",""order_decision"":""only_cost""},""phase"":""high""},{""action"":{""candidate_id"":2,""schedule_alpha"":0.5},""phase"":""select""},{""action"":{""search_k"":1,""search_strategy"":""default""},""phase"":""search""},{""action"":{""execution_action"":""none"",""lip_action"":""none""},""phase"":""low""},{""action"":{""high_action"":""split"",""order_decision"":""only_cost""},""phase"":""high""},{""action"":{""candidate_id"":0,""schedule_alpha"":0.0},""phase"":""select""},{""action"":{""search_k"":1,""search_strategy"":""default""},""phase"":""search""},{""action"":{""execution_action"":""none"",""lip_action"":""none""},""phase"":""low""},{""action"":{""high_action"":""split"",""order_decision"":""only_cost""},""phase"":""high""},{""action"":{""candidate_id"":0,""schedule_alpha"":0.0},""phase"":""select""},{""action"":{""search_k"":1,""search_strategy"":""default""},""phase"":""search""},{""action"":{""execution_action"":""none"",""lip_action"":""none""},""phase"":""low""},{""action"":{""high_action"":""stop"",""order_decision"":""only_cost""},""phase"":""high""},{""action"":{""search_k"":1,""search_strategy"":""default""},""phase"":""search""},{""action"":{""execution_action"":""none"",""lip_action"":""none""},""phase"":""low""}]"
STACK,a,./workloads/query_stack/q4_q4-089.sql,Full NQO,348.733812570572,129.250000000000,ok,73081d2b1e0a4e71a4c298714c8eae13ea81cf0796f5434c40c682bd294aa1b6,1,,34b3f1f2a1c4ead24a774a4f17fde20c5afaeaefb1f51eb93cb1997e751d5e66,10bcd953c17020a6baf9be1589e1e56309731632d53bd35616d3c33cf73138cd,./results/models/stack/random/a/best.pt,"[{""action"":{""high_action"":""split"",""order_decision"":""only_cost""},""phase"":""high""},{""action"":{""candidate_id"":0,""schedule_alpha"":0.5},""phase"":""select""},{""action"":{""search_k"":1,""search_strategy"":""default""},""phase"":""search""},{""action"":{""execution_action"":""none"",""lip_action"":""none""},""phase"":""low""},{""action"":{""high_action"":""split"",""order_decision"":""only_cost""},""phase"":""high""},{""action"":{""candidate_id"":2,""schedule_alpha"":0.5},""phase"":""select""},{""action"":{""search_k"":1,""search_strategy"":""default""},""phase"":""search""},{""action"":{""execution_action"":""none"",""lip_action"":""none""},""phase"":""low""},{""action"":{""high_action"":""split"",""order_decision"":""only_cost""},""phase"":""high""},{""action"":{""candidate_id"":0,""schedule_alpha"":0.0},""phase"":""select""},{""action"":{""search_k"":1,""search_strategy"":""default""},""phase"":""search""},{""action"":{""execution_action"":""none"",""lip_action"":""none""},""phase"":""low""},{""action"":{""high_action"":""split"",""order_decision"":""only_cost""},""phase"":""high""},{""action"":{""candidate_id"":0,""schedule_alpha"":0.0},""phase"":""select""},{""action"":{""search_k"":1,""search_strategy"":""default""},""phase"":""search""},{""action"":{""execution_action"":""none"",""lip_action"":""none""},""phase"":""low""},{""action"":{""high_action"":""stop"",""order_decision"":""only_cost""},""phase"":""high""},{""action"":{""search_k"":1,""search_strategy"":""default""},""phase"":""search""},{""action"":{""execution_action"":""none"",""lip_action"":""none""},""phase"":""low""}]"
STACK,a,./workloads/query_stack/q5_q5-032.sql,Full NQO,128.095507621765,67.046000000000,ok,c477fc5cdc9f42cb68ce4b5e84826064e0ef04fbabe63d5ca7f0fc8fb38f76f3,1,,7c8760e224d92efafe5ae0c3d0f92bc92f8538663d54caeb2af878d810051617,966ed29c187918eb8727530c4e95571af9e347e207154d2ac14ef231de44b81c,./results/models/stack/random/a/best.pt,"[{""action"":{""high_action"":""split"",""order_decision"":""only_cost""},""phase"":""high""},{""action"":{""candidate_id"":0,""schedule_alpha"":0.5},""phase"":""select""},{""action"":{""search_k"":1,""search_strategy"":""default""},""phase"":""search""},{""action"":{""execution_action"":""none"",""lip_action"":""none""},""phase"":""low""},{""action"":{""high_action"":""split"",""order_decision"":""only_cost""},""phase"":""high""},{""action"":{""candidate_id"":1,""schedule_alpha"":0.5},""phase"":""select""},{""action"":{""search_k"":1,""search_strategy"":""default""},""phase"":""search""},{""action"":{""execution_action"":""none"",""lip_action"":""none""},""phase"":""low""},{""action"":{""high_action"":""split"",""order_decision"":""only_cost""},""phase"":""high""},{""action"":{""candidate_id"":0,""schedule_alpha"":0.0},""phase"":""select""},{""action"":{""search_k"":1,""search_strategy"":""default""},""phase"":""search""},{""action"":{""execution_action"":""none"",""lip_action"":""none""},""phase"":""low""},{""action"":{""high_action"":""split"",""order_decision"":""only_cost""},""phase"":""high""},{""action"":{""candidate_id"":1,""schedule_alpha"":0.0},""phase"":""select""},{""action"":{""search_k"":1,""search_strategy"":""default""},""phase"":""search""},{""action"":{""execution_action"":""none"",""lip_action"":""none""},""phase"":""low""},{""action"":{""high_action"":""stop"",""order_decision"":""only_cost""},""phase"":""high""},{""action"":{""search_k"":1,""search_strategy"":""default""},""phase"":""search""},{""action"":{""execution_action"":""none"",""lip_action"":""none""},""phase"":""low""}]"
STACK,a,./workloads/query_stack/q5_q5-059.sql,Full NQO,141.730815172195,70.744000000000,ok,2bb4771eebb7b47365089a6a19756f2e83053e8323d7cd31fa1b6cfcfa7c9c64,1,,9e256fba118418a8646797321b92ae8b24274999341c1d10dc999e1ba7dd4541,784ab510a960fd7d99404e07ea99fada519cbd5ab337b04ef73766841b104b40,./results/models/stack/random/a/best.pt,"[{""action"":{""high_action"":""split"",""order_decision"":""only_cost""},""phase"":""high""},{""action"":{""candidate_id"":0,""schedule_alpha"":0.5},""phase"":""select""},{""action"":{""search_k"":1,""search_strategy"":""default""},""phase"":""search""},{""action"":{""execution_action"":""none"",""lip_action"":""none""},""phase"":""low""},{""action"":{""high_action"":""split"",""order_decision"":""only_cost""},""phase"":""high""},{""action"":{""candidate_id"":1,""schedule_alpha"":0.5},""phase"":""select""},{""action"":{""search_k"":1,""search_strategy"":""default""},""phase"":""search""},{""action"":{""execution_action"":""none"",""lip_action"":""none""},""phase"":""low""},{""action"":{""high_action"":""split"",""order_decision"":""only_cost""},""phase"":""high""},{""action"":{""candidate_id"":0,""schedule_alpha"":0.0},""phase"":""select""},{""action"":{""search_k"":1,""search_strategy"":""default""},""phase"":""search""},{""action"":{""execution_action"":""none"",""lip_action"":""none""},""phase"":""low""},{""action"":{""high_action"":""split"",""order_decision"":""only_cost""},""phase"":""high""},{""action"":{""candidate_id"":0,""schedule_alpha"":0.0},""phase"":""select""},{""action"":{""search_k"":1,""search_strategy"":""default""},""phase"":""search""},{""action"":{""execution_action"":""none"",""lip_action"":""none""},""phase"":""low""},{""action"":{""high_action"":""stop"",""order_decision"":""only_cost""},""phase"":""high""},{""action"":{""search_k"":1,""search_strategy"":""default""},""phase"":""search""},{""action"":{""execution_action"":""none"",""lip_action"":""none""},""phase"":""low""}]"
STACK,a,./workloads/query_stack/q6_q6-002.sql,Full NQO,134.426169097424,71.814000000000,ok,492b793683e8ee0b48e89a3fadeb7893533f8d436ad0e3a7fd5090567858a03d,1,,1a0c550629fe60c777f7a05de4a9a35e125232833cdbfd1133e465102a33a989,d8d367229c602639420560848df4bdb59b3fd7adff5e615c16ee5bfc88915def,./results/models/stack/random/a/best.pt,"[{""action"":{""high_action"":""split"",""order_decision"":""only_cost""},""phase"":""high""},{""action"":{""candidate_id"":0,""schedule_alpha"":0.5},""phase"":""select""},{""action"":{""search_k"":1,""search_strategy"":""default""},""phase"":""search""},{""action"":{""execution_action"":""none"",""lip_action"":""none""},""phase"":""low""},{""action"":{""high_action"":""split"",""order_decision"":""only_cost""},""phase"":""high""},{""action"":{""candidate_id"":1,""schedule_alpha"":0.5},""phase"":""select""},{""action"":{""search_k"":1,""search_strategy"":""default""},""phase"":""search""},{""action"":{""execution_action"":""none"",""lip_action"":""none""},""phase"":""low""},{""action"":{""high_action"":""split"",""order_decision"":""only_cost""},""phase"":""high""},{""action"":{""candidate_id"":0,""schedule_alpha"":0.0},""phase"":""select""},{""action"":{""search_k"":1,""search_strategy"":""default""},""phase"":""search""},{""action"":{""execution_action"":""none"",""lip_action"":""none""},""phase"":""low""},{""action"":{""high_action"":""split"",""order_decision"":""only_cost""},""phase"":""high""},{""action"":{""candidate_id"":1,""schedule_alpha"":0.0},""phase"":""select""},{""action"":{""search_k"":1,""search_strategy"":""default""},""phase"":""search""},{""action"":{""execution_action"":""none"",""lip_action"":""none""},""phase"":""low""},{""action"":{""high_action"":""stop"",""order_decision"":""only_cost""},""phase"":""high""},{""action"":{""search_k"":1,""search_strategy"":""default""},""phase"":""search""},{""action"":{""execution_action"":""none"",""lip_action"":""none""},""phase"":""low""}]"
STACK,a,./workloads/query_stack/q6_q6-060.sql,Full NQO,144.910462200642,68.682000000000,ok,9d496b98a2b4127b40592841377adc54986f308f7dee83ae1f1b877c695192c0,1,,3b0a8f951ca48e5efb18d17883d569d921f7b30d4d5efbfb748f64db68046728,535b06d8876cdf74da8398bfd3e407b9136adac3cced953f85b0c6143a290083,./results/models/stack/random/a/best.pt,"[{""action"":{""high_action"":""split"",""order_decision"":""only_cost""},""phase"":""high""},{""action"":{""candidate_id"":0,""schedule_alpha"":0.5},""phase"":""select""},{""action"":{""search_k"":1,""search_strategy"":""default""},""phase"":""search""},{""action"":{""execution_action"":""none"",""lip_action"":""none""},""phase"":""low""},{""action"":{""high_action"":""split"",""order_decision"":""only_cost""},""phase"":""high""},{""action"":{""candidate_id"":1,""schedule_alpha"":0.5},""phase"":""select""},{""action"":{""search_k"":1,""search_strategy"":""default""},""phase"":""search""},{""action"":{""execution_action"":""none"",""lip_action"":""none""},""phase"":""low""},{""action"":{""high_action"":""split"",""order_decision"":""only_cost""},""phase"":""high""},{""action"":{""candidate_id"":0,""schedule_alpha"":0.0},""phase"":""select""},{""action"":{""search_k"":1,""search_strategy"":""default""},""phase"":""search""},{""action"":{""execution_action"":""none"",""lip_action"":""none""},""phase"":""low""},{""action"":{""high_action"":""split"",""order_decision"":""only_cost""},""phase"":""high""},{""action"":{""candidate_id"":1,""schedule_alpha"":0.0},""phase"":""select""},{""action"":{""search_k"":1,""search_strategy"":""default""},""phase"":""search""},{""action"":{""execution_action"":""none"",""lip_action"":""none""},""phase"":""low""},{""action"":{""high_action"":""stop"",""order_decision"":""only_cost""},""phase"":""high""},{""action"":{""search_k"":1,""search_strategy"":""default""},""phase"":""search""},{""action"":{""execution_action"":""none"",""lip_action"":""none""},""phase"":""low""}]"
STACK,a,./workloads/query_stack/q6_q6-065.sql,Full NQO,113.946639001369,70.438000000000,ok,ad2301e16f8ac0e556a59dd245bfdf55c48548fd352f0cf92a385882c89aebbd,1,,e6e89071d41e9faf891fd6c82402d7722e5814df0dbf0aed014264fc72754af7,b11d9ac9ed4c334f27d825f3c6bb125a180fec830c075621b7cb335da34b3df1,./results/models/stack/random/a/best.pt,"[{""action"":{""high_action"":""split"",""order_decision"":""only_cost""},""phase"":""high""},{""action"":{""candidate_id"":0,""schedule_alpha"":0.5},""phase"":""select""},{""action"":{""search_k"":1,""search_strategy"":""default""},""phase"":""search""},{""action"":{""execution_action"":""none"",""lip_action"":""none""},""phase"":""low""},{""action"":{""high_action"":""split"",""order_decision"":""only_cost""},""phase"":""high""},{""action"":{""candidate_id"":1,""schedule_alpha"":0.5},""phase"":""select""},{""action"":{""search_k"":1,""search_strategy"":""default""},""phase"":""search""},{""action"":{""execution_action"":""none"",""lip_action"":""none""},""phase"":""low""},{""action"":{""high_action"":""split"",""order_decision"":""only_cost""},""phase"":""high""},{""action"":{""candidate_id"":0,""schedule_alpha"":0.0},""phase"":""select""},{""action"":{""search_k"":1,""search_strategy"":""default""},""phase"":""search""},{""action"":{""execution_action"":""none"",""lip_action"":""none""},""phase"":""low""},{""action"":{""high_action"":""split"",""order_decision"":""only_cost""},""phase"":""high""},{""action"":{""candidate_id"":1,""schedule_alpha"":0.0},""phase"":""select""},{""action"":{""search_k"":1,""search_strategy"":""default""},""phase"":""search""},{""action"":{""execution_action"":""none"",""lip_action"":""none""},""phase"":""low""},{""action"":{""high_action"":""stop"",""order_decision"":""only_cost""},""phase"":""high""},{""action"":{""search_k"":1,""search_strategy"":""default""},""phase"":""search""},{""action"":{""execution_action"":""none"",""lip_action"":""none""},""phase"":""low""}]"
STACK,a,./workloads/query_stack/q6_q6-067.sql,Full NQO,123.075231909752,70.976000000000,ok,ad2301e16f8ac0e556a59dd245bfdf55c48548fd352f0cf92a385882c89aebbd,1,,ad3096bd326d1b3a29c8ea66670b7213f81f4771f96043a5bed555f1e3458ad5,e184a9aeed43408e2cb4802222b97576718d1d461821ae6adee5b7c6988053c0,./results/models/stack/random/a/best.pt,"[{""action"":{""high_action"":""split"",""order_decision"":""only_cost""},""phase"":""high""},{""action"":{""candidate_id"":0,""schedule_alpha"":0.5},""phase"":""select""},{""action"":{""search_k"":1,""search_strategy"":""default""},""phase"":""search""},{""action"":{""execution_action"":""none"",""lip_action"":""none""},""phase"":""low""},{""action"":{""high_action"":""split"",""order_decision"":""only_cost""},""phase"":""high""},{""action"":{""candidate_id"":1,""schedule_alpha"":0.5},""phase"":""select""},{""action"":{""search_k"":1,""search_strategy"":""default""},""phase"":""search""},{""action"":{""execution_action"":""none"",""lip_action"":""none""},""phase"":""low""},{""action"":{""high_action"":""split"",""order_decision"":""only_cost""},""phase"":""high""},{""action"":{""candidate_id"":0,""schedule_alpha"":0.0},""phase"":""select""},{""action"":{""search_k"":1,""search_strategy"":""default""},""phase"":""search""},{""action"":{""execution_action"":""none"",""lip_action"":""none""},""phase"":""low""},{""action"":{""high_action"":""split"",""order_decision"":""only_cost""},""phase"":""high""},{""action"":{""candidate_id"":1,""schedule_alpha"":0.0},""phase"":""select""},{""action"":{""search_k"":1,""search_strategy"":""default""},""phase"":""search""},{""action"":{""execution_action"":""none"",""lip_action"":""none""},""phase"":""low""},{""action"":{""high_action"":""stop"",""order_decision"":""only_cost""},""phase"":""high""},{""action"":{""search_k"":1,""search_strategy"":""default""},""phase"":""search""},{""action"":{""execution_action"":""none"",""lip_action"":""none""},""phase"":""low""}]"
STACK,a,./workloads/query_stack/q6_q6-085.sql,Full NQO,142.137669026852,100.300000000000,ok,6bc192e9007268a766125dd12e9147e22327c03dc5f9824ad072a3f886d14f42,1,,d1e43d44efa8ab6dcbe0baee7f41bdf8041d74ca0948c3089e544e9aaa9c977e,019604d537acf3eb0b673eef4b21408914cb91f862f5f5577ad1b3ef001ac83d,./results/models/stack/random/a/best.pt,"[{""action"":{""high_action"":""split"",""order_decision"":""only_cost""},""phase"":""high""},{""action"":{""candidate_id"":0,""schedule_alpha"":0.5},""phase"":""select""},{""action"":{""search_k"":1,""search_strategy"":""default""},""phase"":""search""},{""action"":{""execution_action"":""none"",""lip_action"":""none""},""phase"":""low""},{""action"":{""high_action"":""split"",""order_decision"":""only_cost""},""phase"":""high""},{""action"":{""candidate_id"":1,""schedule_alpha"":0.5},""phase"":""select""},{""action"":{""search_k"":1,""search_strategy"":""default""},""phase"":""search""},{""action"":{""execution_action"":""none"",""lip_action"":""none""},""phase"":""low""},{""action"":{""high_action"":""split"",""order_decision"":""only_cost""},""phase"":""high""},{""action"":{""candidate_id"":0,""schedule_alpha"":0.0},""phase"":""select""},{""action"":{""search_k"":1,""search_strategy"":""default""},""phase"":""search""},{""action"":{""execution_action"":""none"",""lip_action"":""none""},""phase"":""low""},{""action"":{""high_action"":""split"",""order_decision"":""only_cost""},""phase"":""high""},{""action"":{""candidate_id"":1,""schedule_alpha"":0.0},""phase"":""select""},{""action"":{""search_k"":1,""search_strategy"":""default""},""phase"":""search""},{""action"":{""execution_action"":""none"",""lip_action"":""none""},""phase"":""low""},{""action"":{""high_action"":""stop"",""order_decision"":""only_cost""},""phase"":""high""},{""action"":{""search_k"":1,""search_strategy"":""default""},""phase"":""search""},{""action"":{""execution_action"":""none"",""lip_action"":""none""},""phase"":""low""}]"
STACK,a,./workloads/query_stack/q7_q7-085.sql,Full NQO,5952.979974448681,38.236000000000,ok,6d776eb7da1ae8477f7038ddf562c90e9a7a7070bdd1e4229ad8df4edf82ad33,1,,dacfd4d25408d11d5a349dc65945c2308c3fad42ba902407488077825755c483,36c06f174181afaae867f2afde3b96c09f34efaedf74a7bb35df80d0c3d62b4b,./results/models/stack/random/a/best.pt,"[{""action"":{""high_action"":""stop"",""order_decision"":""only_cost""},""phase"":""high""},{""action"":{""search_k"":1,""search_strategy"":""default""},""phase"":""search""},{""action"":{""execution_action"":""none"",""lip_action"":""selective""},""phase"":""low""}]"
STACK,a,./workloads/query_stack/q7_q7-099.sql,Full NQO,5732.008866965771,15.316000000000,ok,e6097a493b497f00231f62efb8f5a998c223e2cd8bf8f4813d3f9efb2ac1da29,1,,8c9d81cd8f551c4f16ebe57f9be5c26de5f6fddebbfc05382b6cc4ce8e40fd77,321cda967f66512a4fcac9a0022bb90dcb065123587451aa3e4c7ef0e7df57d6,./results/models/stack/random/a/best.pt,"[{""action"":{""high_action"":""stop"",""order_decision"":""only_cost""},""phase"":""high""},{""action"":{""search_k"":1,""search_strategy"":""default""},""phase"":""search""},{""action"":{""execution_action"":""none"",""lip_action"":""selective""},""phase"":""low""}]"
STACK,a,./workloads/query_stack/q8_q8-006.sql,Full NQO,1593.852750957012,58.618664741516,timeout,,,,6be53c8f20acdbe6c33604ab37812c9f428ed5b6e5891d5b28a36c0e8cc4983c,00e1c22ae5344e542d29035a9acc697b15d1adb2b4dbacb4b20a4cec13daa194,./results/models/stack/random/a/best.pt,"[{""action"":{""high_action"":""split"",""order_decision"":""only_cost""},""phase"":""high""},{""action"":{""candidate_id"":3,""schedule_alpha"":0.5},""phase"":""select""},{""action"":{""search_k"":1,""search_strategy"":""default""},""phase"":""search""},{""action"":{""execution_action"":""none"",""lip_action"":""none""},""phase"":""low""}]"
STACK,a,./workloads/query_stack/q8_q8-076.sql,Full NQO,1486.036442220211,56.393779814243,timeout,,,,874a8c472e3849157cbde87156ed103b548bec4661b8e2741d0090f78cdf42fe,3056b1785a1e031c3af6d5216b4fc18669d2be6f12fe5cb50b177f47cb8ddaa2,./results/models/stack/random/a/best.pt,"[{""action"":{""high_action"":""split"",""order_decision"":""only_cost""},""phase"":""high""},{""action"":{""candidate_id"":3,""schedule_alpha"":0.5},""phase"":""select""},{""action"":{""search_k"":1,""search_strategy"":""default""},""phase"":""search""},{""action"":{""execution_action"":""none"",""lip_action"":""none""},""phase"":""low""}]"
STACK,b,./workloads/query_stack/q11_87c4bd09.sql,Full NQO,878.001786768436,38.301000000000,ok,0adac76689f76028d5867469b355dcd74d4fa3a6e2559fbe6b8230f79b0e54ab,1,,9873510d9ed4d025ee583218d9ce87c22da5d771733d95a147b965659c673b5b,cccc03193e41d9e80fffa9d953b7905310d1ce5e99d82e6b5bbdc13cd0eeaed1,./results/models/stack/random/b/best.pt,"[{""action"":{""high_action"":""stop"",""order_decision"":""only_cost""},""phase"":""high""},{""action"":{""search_k"":1,""search_strategy"":""default""},""phase"":""search""},{""action"":{""execution_action"":""none"",""lip_action"":""none""},""phase"":""low""}]"
STACK,b,./workloads/query_stack/q11_c1ae2a99.sql,Full NQO,3845.843032002449,33.482000000000,ok,bb8e782f5dc25a16c10ffe18833283f7370c51fc216d687eb544549b48b557ee,1,,d7ad65fc328fbb79a9a1b292a603b83ce2014cd0e6e4c0ae86e857cdda7bc74c,3ecfcb9105ec27d1f1964ed7a510e7b9465b1ebfd6b9aca3aea98cd6db57fa0d,./results/models/stack/random/b/best.pt,"[{""action"":{""high_action"":""stop"",""order_decision"":""only_cost""},""phase"":""high""},{""action"":{""search_k"":1,""search_strategy"":""default""},""phase"":""search""},{""action"":{""execution_action"":""none"",""lip_action"":""none""},""phase"":""low""}]"
STACK,b,./workloads/query_stack/q12_06c8d688.sql,Full NQO,259.258575737476,47.855000000000,ok,7cbf5c7670ad4b36ecdc24b3e7d6e0b72f5c221a1ca93a703327ea17f0a33beb,9,,b88c47011e1b8fce7592b9928d5b6ef637cc884635db97c32d30aa6b5efdb95c,9c9138cb28d2168eadea39ab484dbd99ee9f5cdb63ece60134ff9766d732cc9c,./results/models/stack/random/b/best.pt,"[{""action"":{""high_action"":""stop"",""order_decision"":""only_cost""},""phase"":""high""},{""action"":{""search_k"":1,""search_strategy"":""default""},""phase"":""search""},{""action"":{""execution_action"":""none"",""lip_action"":""none""},""phase"":""low""}]"
STACK,b,./workloads/query_stack/q12_812a3eff.sql,Full NQO,1628.010258078575,46.164000000000,ok,d93d1c79cf73c78e79235ced2f92a14c120c18f4d839484bc6189f32792cf33e,12,,3754509f3a6b757578423af01f1bd423f4f47e58c849a38869197430bae3c7ea,21532f60a3be231d596cba1aa868e1639281335b1bf2d08c0d090d581b8965af,./results/models/stack/random/b/best.pt,"[{""action"":{""high_action"":""stop"",""order_decision"":""only_cost""},""phase"":""high""},{""action"":{""search_k"":1,""search_strategy"":""default""},""phase"":""search""},{""action"":{""execution_action"":""none"",""lip_action"":""none""},""phase"":""low""}]"
STACK,b,./workloads/query_stack/q12_bde6c0cf.sql,Full NQO,206.075109541416,44.399000000000,ok,ed94496358940d6dcbd7d3fae6008a1bf59cf8a927d60aff7f4d025b2078c569,2,,9ad902789db0da030b87b145306c7504fe7c53be5d537f4193f3d0ef1f3086d5,fb37794f96de10b072f0f455ab62e5d32886c7f4ea255bcf36d867132854ecde,./results/models/stack/random/b/best.pt,"[{""action"":{""high_action"":""stop"",""order_decision"":""only_cost""},""phase"":""high""},{""action"":{""search_k"":1,""search_strategy"":""default""},""phase"":""search""},{""action"":{""execution_action"":""none"",""lip_action"":""none""},""phase"":""low""}]"
STACK,b,./workloads/query_stack/q13_a091adce.sql,Full NQO,491.180293262005,41.423000000000,ok,a08c6a91086a32f0f168696c5193f4df662d2c7e1b5741b9192890614e79cb33,7,,03b63292aa63a2591a242f31b848aed8ae20756eaab66f7ab8c640b1fc8989ab,b522c49779c5cf042c82d1b8bd799393fa3d978268cfc9d1c3c029966ebc280b,./results/models/stack/random/b/best.pt,"[{""action"":{""high_action"":""split"",""order_decision"":""only_cost""},""phase"":""high""},{""action"":{""candidate_id"":3,""schedule_alpha"":0.5},""phase"":""select""},{""action"":{""search_k"":1,""search_strategy"":""default""},""phase"":""search""},{""action"":{""execution_action"":""none"",""lip_action"":""none""},""phase"":""low""},{""action"":{""high_action"":""split"",""order_decision"":""only_cost""},""phase"":""high""},{""action"":{""candidate_id"":3,""schedule_alpha"":0.5},""phase"":""select""},{""action"":{""search_k"":1,""search_strategy"":""default""},""phase"":""search""},{""action"":{""execution_action"":""none"",""lip_action"":""none""},""phase"":""low""},{""action"":{""high_action"":""split"",""order_decision"":""only_cost""},""phase"":""high""},{""action"":{""candidate_id"":1,""schedule_alpha"":0.5},""phase"":""select""},{""action"":{""search_k"":1,""search_strategy"":""default""},""phase"":""search""},{""action"":{""execution_action"":""none"",""lip_action"":""none""},""phase"":""low""},{""action"":{""high_action"":""split"",""order_decision"":""only_cost""},""phase"":""high""},{""action"":{""candidate_id"":1,""schedule_alpha"":0.5},""phase"":""select""},{""action"":{""search_k"":1,""search_strategy"":""default""},""phase"":""search""},{""action"":{""execution_action"":""none"",""lip_action"":""none""},""phase"":""low""},{""action"":{""high_action"":""split"",""order_decision"":""only_cost""},""phase"":""high""},{""action"":{""candidate_id"":0,""schedule_alpha"":0.5},""phase"":""select""},{""action"":{""search_k"":1,""search_strategy"":""default""},""phase"":""search""},{""action"":{""execution_action"":""none"",""lip_action"":""none""},""phase"":""low""},{""action"":{""high_action"":""stop"",""order_decision"":""only_cost""},""phase"":""high""},{""action"":{""search_k"":1,""search_strategy"":""default""},""phase"":""search""},{""action"":{""execution_action"":""none"",""lip_action"":""none""},""phase"":""low""}]"
STACK,b,./workloads/query_stack/q13_a3d03772.sql,Full NQO,914.341464638710,40.958000000000,ok,d810a8f52be505eb1db3998aaf5b583b11c7f14faa86a86041dea72c4641a9d3,100,,efaa3408139e90499f38d10fa8ef06e5d44e08e9893423db23ad6ac4b995221d,8fda42768b3a2f0fd058694bd30e7e3d370049ccbf3309ff87fe6c8f70c88d7c,./results/models/stack/random/b/best.pt,"[{""action"":{""high_action"":""split"",""order_decision"":""only_cost""},""phase"":""high""},{""action"":{""candidate_id"":3,""schedule_alpha"":0.5},""phase"":""select""},{""action"":{""search_k"":1,""search_strategy"":""default""},""phase"":""search""},{""action"":{""execution_action"":""none"",""lip_action"":""none""},""phase"":""low""},{""action"":{""high_action"":""split"",""order_decision"":""only_cost""},""phase"":""high""},{""action"":{""candidate_id"":3,""schedule_alpha"":0.5},""phase"":""select""},{""action"":{""search_k"":1,""search_strategy"":""default""},""phase"":""search""},{""action"":{""execution_action"":""none"",""lip_action"":""none""},""phase"":""low""},{""action"":{""high_action"":""split"",""order_decision"":""only_cost""},""phase"":""high""},{""action"":{""candidate_id"":1,""schedule_alpha"":0.5},""phase"":""select""},{""action"":{""search_k"":1,""search_strategy"":""default""},""phase"":""search""},{""action"":{""execution_action"":""none"",""lip_action"":""none""},""phase"":""low""},{""action"":{""high_action"":""split"",""order_decision"":""only_cost""},""phase"":""high""},{""action"":{""candidate_id"":1,""schedule_alpha"":0.5},""phase"":""select""},{""action"":{""search_k"":1,""search_strategy"":""default""},""phase"":""search""},{""action"":{""execution_action"":""none"",""lip_action"":""none""},""phase"":""low""},{""action"":{""high_action"":""split"",""order_decision"":""only_cost""},""phase"":""high""},{""action"":{""candidate_id"":0,""schedule_alpha"":0.5},""phase"":""select""},{""action"":{""search_k"":1,""search_strategy"":""default""},""phase"":""search""},{""action"":{""execution_action"":""none"",""lip_action"":""none""},""phase"":""low""},{""action"":{""high_action"":""stop"",""order_decision"":""only_cost""},""phase"":""high""},{""action"":{""search_k"":1,""search_strategy"":""default""},""phase"":""search""},{""action"":{""execution_action"":""none"",""lip_action"":""none""},""phase"":""low""}]"
STACK,b,./workloads/query_stack/q14_4063b6cb.sql,Full NQO,472.166150808334,39.894000000000,ok,b54c2097d06810c037d8f05a25b377fe885c5f81cf6f1e27b2336ff1675b26f5,1,,1999596ffc3a2da50381cee04b4ba8ddd4cca3d1e81b7af6cd305106d00009af,b71441f59f2f1e84aaa839693f36e2cdad82e9f4d9bd2589d7b0a59d8529b1d1,./results/models/stack/random/b/best.pt,"[{""action"":{""high_action"":""split"",""order_decision"":""only_cost""},""phase"":""high""},{""action"":{""candidate_id"":3,""schedule_alpha"":0.5},""phase"":""select""},{""action"":{""search_k"":1,""search_strategy"":""default""},""phase"":""search""},{""action"":{""execution_action"":""none"",""lip_action"":""none""},""phase"":""low""},{""action"":{""high_action"":""split"",""order_decision"":""only_cost""},""phase"":""high""},{""action"":{""candidate_id"":3,""schedule_alpha"":0.5},""phase"":""select""},{""action"":{""search_k"":1,""search_strategy"":""default""},""phase"":""search""},{""action"":{""execution_action"":""none"",""lip_action"":""none""},""phase"":""low""},{""action"":{""high_action"":""split"",""order_decision"":""only_cost""},""phase"":""high""},{""action"":{""candidate_id"":1,""schedule_alpha"":0.5},""phase"":""select""},{""action"":{""search_k"":1,""search_strategy"":""default""},""phase"":""search""},{""action"":{""execution_action"":""none"",""lip_action"":""none""},""phase"":""low""},{""action"":{""high_action"":""split"",""order_decision"":""only_cost""},""phase"":""high""},{""action"":{""candidate_id"":1,""schedule_alpha"":0.5},""phase"":""select""},{""action"":{""search_k"":1,""search_strategy"":""default""},""phase"":""search""},{""action"":{""execution_action"":""none"",""lip_action"":""none""},""phase"":""low""},{""action"":{""high_action"":""split"",""order_decision"":""only_cost""},""phase"":""high""},{""action"":{""candidate_id"":0,""schedule_alpha"":0.5},""phase"":""select""},{""action"":{""search_k"":1,""search_strategy"":""default""},""phase"":""search""},{""action"":{""execution_action"":""none"",""lip_action"":""none""},""phase"":""low""},{""action"":{""high_action"":""stop"",""order_decision"":""only_cost""},""phase"":""high""},{""action"":{""search_k"":1,""search_strategy"":""default""},""phase"":""search""},{""action"":{""execution_action"":""none"",""lip_action"":""none""},""phase"":""low""}]"
STACK,b,./workloads/query_stack/q14_5dbc1d1f.sql,Full NQO,13520.259022712708,41.939000000000,ok,bb56c0df8119ed058c77621e5b7f3efa1a6af55aaef384fcac58e729b7d6e853,1,,a11c88e8971cd2401f05143a04d2257643e7edae7e51c34fbec52f7d5d454b47,59dd914311cab14d0f1d9f20db3a3751ad41a39c90cb40401de9f8e0942e5aa5,./results/models/stack/random/b/best.pt,"[{""action"":{""high_action"":""split"",""order_decision"":""only_cost""},""phase"":""high""},{""action"":{""candidate_id"":3,""schedule_alpha"":0.5},""phase"":""select""},{""action"":{""search_k"":1,""search_strategy"":""default""},""phase"":""search""},{""action"":{""execution_action"":""none"",""lip_action"":""none""},""phase"":""low""},{""action"":{""high_action"":""split"",""order_decision"":""only_cost""},""phase"":""high""},{""action"":{""candidate_id"":3,""schedule_alpha"":0.5},""phase"":""select""},{""action"":{""search_k"":1,""search_strategy"":""default""},""phase"":""search""},{""action"":{""execution_action"":""none"",""lip_action"":""none""},""phase"":""low""},{""action"":{""high_action"":""split"",""order_decision"":""only_cost""},""phase"":""high""},{""action"":{""candidate_id"":1,""schedule_alpha"":0.5},""phase"":""select""},{""action"":{""search_k"":1,""search_strategy"":""default""},""phase"":""search""},{""action"":{""execution_action"":""none"",""lip_action"":""none""},""phase"":""low""},{""action"":{""high_action"":""split"",""order_decision"":""only_cost""},""phase"":""high""},{""action"":{""candidate_id"":1,""schedule_alpha"":0.5},""phase"":""select""},{""action"":{""search_k"":1,""search_strategy"":""default""},""phase"":""search""},{""action"":{""execution_action"":""none"",""lip_action"":""none""},""phase"":""low""},{""action"":{""high_action"":""split"",""order_decision"":""only_cost""},""phase"":""high""},{""action"":{""candidate_id"":0,""schedule_alpha"":0.5},""phase"":""select""},{""action"":{""search_k"":1,""search_strategy"":""default""},""phase"":""search""},{""action"":{""execution_action"":""none"",""lip_action"":""none""},""phase"":""low""},{""action"":{""high_action"":""stop"",""order_decision"":""only_cost""},""phase"":""high""},{""action"":{""search_k"":1,""search_strategy"":""default""},""phase"":""search""},{""action"":{""execution_action"":""none"",""lip_action"":""none""},""phase"":""low""}]"
STACK,b,./workloads/query_stack/q14_97e68ad5.sql,Full NQO,6092.876702547073,42.919000000000,ok,334f2b776c8ce2494d66db9c13d72fa1a6e95ac709970f148a607f2b195eecb1,1,,384cf10d0dc141bae63b5423589c1515574211afad099db2857174bc3867ee06,97078cb6950dbb8f7ac1c13185fd425244dd08e2483c59c9e0084e6d8df17808,./results/models/stack/random/b/best.pt,"[{""action"":{""high_action"":""split"",""order_decision"":""only_cost""},""phase"":""high""},{""action"":{""candidate_id"":3,""schedule_alpha"":0.5},""phase"":""select""},{""action"":{""search_k"":1,""search_strategy"":""default""},""phase"":""search""},{""action"":{""execution_action"":""none"",""lip_action"":""none""},""phase"":""low""},{""action"":{""high_action"":""split"",""order_decision"":""only_cost""},""phase"":""high""},{""action"":{""candidate_id"":3,""schedule_alpha"":0.5},""phase"":""select""},{""action"":{""search_k"":1,""search_strategy"":""default""},""phase"":""search""},{""action"":{""execution_action"":""none"",""lip_action"":""none""},""phase"":""low""},{""action"":{""high_action"":""split"",""order_decision"":""only_cost""},""phase"":""high""},{""action"":{""candidate_id"":1,""schedule_alpha"":0.5},""phase"":""select""},{""action"":{""search_k"":1,""search_strategy"":""default""},""phase"":""search""},{""action"":{""execution_action"":""none"",""lip_action"":""none""},""phase"":""low""},{""action"":{""high_action"":""split"",""order_decision"":""only_cost""},""phase"":""high""},{""action"":{""candidate_id"":1,""schedule_alpha"":0.5},""phase"":""select""},{""action"":{""search_k"":1,""search_strategy"":""default""},""phase"":""search""},{""action"":{""execution_action"":""none"",""lip_action"":""none""},""phase"":""low""},{""action"":{""high_action"":""split"",""order_decision"":""only_cost""},""phase"":""high""},{""action"":{""candidate_id"":0,""schedule_alpha"":0.5},""phase"":""select""},{""action"":{""search_k"":1,""search_strategy"":""default""},""phase"":""search""},{""action"":{""execution_action"":""none"",""lip_action"":""none""},""phase"":""low""},{""action"":{""high_action"":""stop"",""order_decision"":""only_cost""},""phase"":""high""},{""action"":{""search_k"":1,""search_strategy"":""default""},""phase"":""search""},{""action"":{""execution_action"":""none"",""lip_action"":""none""},""phase"":""low""}]"
STACK,b,./workloads/query_stack/q15_21e4988a.sql,Full NQO,560.403555631638,27.471000000000,ok,1660f09370e5a70e78b7f2e19fc4bf363f2543645d9e97ff5ced9c3ae4e4153d,53,,04de20e0b8cfe896f7d59a13f7773cc24f82d198ce5075d7a9397aaad62765b3,17f1b3fb7613846d4e5de63922eaa9a2a2ee97453b663bdc7b17f58e6cc202a6,./results/models/stack/random/b/best.pt,"[{""action"":{""high_action"":""split"",""order_decision"":""only_cost""},""phase"":""high""},{""action"":{""candidate_id"":1,""schedule_alpha"":0.5},""phase"":""select""},{""action"":{""search_k"":1,""search_strategy"":""default""},""phase"":""search""},{""action"":{""execution_action"":""none"",""lip_action"":""none""},""phase"":""low""},{""action"":{""high_action"":""split"",""order_decision"":""only_cost""},""phase"":""high""},{""action"":{""candidate_id"":1,""schedule_alpha"":0.5},""phase"":""select""},{""action"":{""search_k"":1,""search_strategy"":""default""},""phase"":""search""},{""action"":{""execution_action"":""none"",""lip_action"":""none""},""phase"":""low""},{""action"":{""high_action"":""split"",""order_decision"":""only_cost""},""phase"":""high""},{""action"":{""candidate_id"":0,""schedule_alpha"":0.5},""phase"":""select""},{""action"":{""search_k"":1,""search_strategy"":""default""},""phase"":""search""},{""action"":{""execution_action"":""none"",""lip_action"":""none""},""phase"":""low""},{""action"":{""high_action"":""stop"",""order_decision"":""only_cost""},""phase"":""high""},{""action"":{""search_k"":1,""search_strategy"":""default""},""phase"":""search""},{""action"":{""execution_action"":""none"",""lip_action"":""none""},""phase"":""low""}]"
STACK,b,./workloads/query_stack/q15_78995a5f.sql,Full NQO,669.096000492573,27.455000000000,ok,f913fffa52ef6f774243dc5f5c15df98f650c6370cdb7631929071a81a6a6b2c,85,,d812c91c80551d29e52d00ffd741e532a5f99ec5901db292c5616c4831c2f20d,0c3aab8d48f2276ccfc4c42bea74116eb2334b46c359c554cff23e9b3436c32e,./results/models/stack/random/b/best.pt,"[{""action"":{""high_action"":""split"",""order_decision"":""only_cost""},""phase"":""high""},{""action"":{""candidate_id"":1,""schedule_alpha"":0.5},""phase"":""select""},{""action"":{""search_k"":1,""search_strategy"":""default""},""phase"":""search""},{""action"":{""execution_action"":""none"",""lip_action"":""none""},""phase"":""low""},{""action"":{""high_action"":""split"",""order_decision"":""only_cost""},""phase"":""high""},{""action"":{""candidate_id"":1,""schedule_alpha"":0.5},""phase"":""select""},{""action"":{""search_k"":1,""search_strategy"":""default""},""phase"":""search""},{""action"":{""execution_action"":""none"",""lip_action"":""none""},""phase"":""low""},{""action"":{""high_action"":""split"",""order_decision"":""only_cost""},""phase"":""high""},{""action"":{""candidate_id"":0,""schedule_alpha"":0.5},""phase"":""select""},{""action"":{""search_k"":1,""search_strategy"":""default""},""phase"":""search""},{""action"":{""execution_action"":""none"",""lip_action"":""none""},""phase"":""low""},{""action"":{""high_action"":""stop"",""order_decision"":""only_cost""},""phase"":""high""},{""action"":{""search_k"":1,""search_strategy"":""default""},""phase"":""search""},{""action"":{""execution_action"":""none"",""lip_action"":""none""},""phase"":""low""}]"
STACK,b,./workloads/query_stack/q15_b8ddf65b.sql,Full NQO,204.155467450619,27.044000000000,ok,39f37f8d1931b3bdf767e7510dd69509fbf23af1f7654933d0a4d291cbdd4418,0,,06724f87d0d6d48e580cfa9ffea0327d5b3d07212ea15a682f5c991a5bde4a7b,0110f9da9f7b03ec8a35d84a9fddd9e9b85b67f2f8ea0e8a9832f62ea3ae3712,./results/models/stack/random/b/best.pt,"[{""action"":{""high_action"":""split"",""order_decision"":""only_cost""},""phase"":""high""},{""action"":{""candidate_id"":1,""schedule_alpha"":0.5},""phase"":""select""},{""action"":{""search_k"":1,""search_strategy"":""default""},""phase"":""search""},{""action"":{""execution_action"":""none"",""lip_action"":""none""},""phase"":""low""},{""action"":{""high_action"":""split"",""order_decision"":""only_cost""},""phase"":""high""},{""action"":{""candidate_id"":1,""schedule_alpha"":0.5},""phase"":""select""},{""action"":{""search_k"":1,""search_strategy"":""default""},""phase"":""search""},{""action"":{""execution_action"":""none"",""lip_action"":""none""},""phase"":""low""},{""action"":{""high_action"":""split"",""order_decision"":""only_cost""},""phase"":""high""},{""action"":{""candidate_id"":0,""schedule_alpha"":0.5},""phase"":""select""},{""action"":{""search_k"":1,""search_strategy"":""default""},""phase"":""search""},{""action"":{""execution_action"":""none"",""lip_action"":""none""},""phase"":""low""},{""action"":{""high_action"":""stop"",""order_decision"":""only_cost""},""phase"":""high""},{""action"":{""search_k"":1,""search_strategy"":""default""},""phase"":""search""},{""action"":{""execution_action"":""none"",""lip_action"":""none""},""phase"":""low""}]"
STACK,b,./workloads/query_stack/q16_374e3e4c.sql,Full NQO,5900.102689862251,27.256000000000,ok,54d4efd1b9fad2e2bea57e5b911106d37dfd248550e48caf6e5a16921c5cc884,1,,2cd0299b9a32bc888a2584af0d7dc49d3b93be59f4680b6f00e4f05d2076e964,710229c0f8d7cf19e546cc67e8b926a724e4b0fac3e303434e6f007ebad37303,./results/models/stack/random/b/best.pt,"[{""action"":{""high_action"":""split"",""order_decision"":""only_cost""},""phase"":""high""},{""action"":{""candidate_id"":1,""schedule_alpha"":0.5},""phase"":""select""},{""action"":{""search_k"":1,""search_strategy"":""default""},""phase"":""search""},{""action"":{""execution_action"":""none"",""lip_action"":""none""},""phase"":""low""},{""action"":{""high_action"":""split"",""order_decision"":""only_cost""},""phase"":""high""},{""action"":{""candidate_id"":1,""schedule_alpha"":0.5},""phase"":""select""},{""action"":{""search_k"":1,""search_strategy"":""default""},""phase"":""search""},{""action"":{""execution_action"":""none"",""lip_action"":""none""},""phase"":""low""},{""action"":{""high_action"":""split"",""order_decision"":""only_cost""},""phase"":""high""},{""action"":{""candidate_id"":0,""schedule_alpha"":0.5},""phase"":""select""},{""action"":{""search_k"":1,""search_strategy"":""default""},""phase"":""search""},{""action"":{""execution_action"":""none"",""lip_action"":""none""},""phase"":""low""},{""action"":{""high_action"":""stop"",""order_decision"":""only_cost""},""phase"":""high""},{""action"":{""search_k"":1,""search_strategy"":""default""},""phase"":""search""},{""action"":{""execution_action"":""none"",""lip_action"":""none""},""phase"":""low""}]"
STACK,b,./workloads/query_stack/q16_d5290889.sql,Full NQO,132.031895220280,26.798000000000,ok,6df0e219ac573723d552586b66c486c20731ea236011d7d2c4401ec2789e452e,1,,71af0d3e42e5343590a0f4623d72af11d8ae096ee0f83f3304ad53aa2243b7d8,14a5f2e14f71c13cd8fe6e3d33daffa9431f8af215c71328444126e0a9404d9b,./results/models/stack/random/b/best.pt,"[{""action"":{""high_action"":""split"",""order_decision"":""only_cost""},""phase"":""high""},{""action"":{""candidate_id"":1,""schedule_alpha"":0.5},""phase"":""select""},{""action"":{""search_k"":1,""search_strategy"":""default""},""phase"":""search""},{""action"":{""execution_action"":""none"",""lip_action"":""none""},""phase"":""low""},{""action"":{""high_action"":""split"",""order_decision"":""only_cost""},""phase"":""high""},{""action"":{""candidate_id"":1,""schedule_alpha"":0.5},""phase"":""select""},{""action"":{""search_k"":1,""search_strategy"":""default""},""phase"":""search""},{""action"":{""execution_action"":""none"",""lip_action"":""none""},""phase"":""low""},{""action"":{""high_action"":""split"",""order_decision"":""only_cost""},""phase"":""high""},{""action"":{""candidate_id"":0,""schedule_alpha"":0.5},""phase"":""select""},{""action"":{""search_k"":1,""search_strategy"":""default""},""phase"":""search""},{""action"":{""execution_action"":""none"",""lip_action"":""none""},""phase"":""low""},{""action"":{""high_action"":""stop"",""order_decision"":""only_cost""},""phase"":""high""},{""action"":{""search_k"":1,""search_strategy"":""default""},""phase"":""search""},{""action"":{""execution_action"":""none"",""lip_action"":""none""},""phase"":""low""}]"
STACK,b,./workloads/query_stack/q16_f67cec3d.sql,Full NQO,1582.987941801548,15.629000000000,timeout,,,,45729f106600a6ddb4cb013fadf960db28296b6fdd6849db0ba3bd540ae85318,ea9c169007df9a0b98427f8038468546df0f55540bcf0b6ce85001e4cde01015,./results/models/stack/random/b/best.pt,"[{""action"":{""high_action"":""split"",""order_decision"":""only_cost""},""phase"":""high""},{""action"":{""candidate_id"":1,""schedule_alpha"":0.5},""phase"":""select""},{""action"":{""search_k"":1,""search_strategy"":""default""},""phase"":""search""},{""action"":{""execution_action"":""none"",""lip_action"":""none""},""phase"":""low""},{""action"":{""high_action"":""split"",""order_decision"":""only_cost""},""phase"":""high""},{""action"":{""candidate_id"":0,""schedule_alpha"":0.5},""phase"":""select""},{""action"":{""search_k"":1,""search_strategy"":""default""},""phase"":""search""},{""action"":{""execution_action"":""none"",""lip_action"":""none""},""phase"":""low""}]"
STACK,b,./workloads/query_stack/q1_q1-067.sql,Full NQO,146.396793425083,37.555000000000,ok,efd47e404577282b5d30f83a721f02a9e869b9fcd7d91266a565314a53d0814f,1,,d5c91bcc044b615bb18b9bbeb24c83fe1143d8128e3a313f24e4e09490ac79a4,ec7d574049e46155540673bb292a07c6ae43b9b5f6765c16cfa6545b44a5d2e8,./results/models/stack/random/b/best.pt,"[{""action"":{""high_action"":""stop"",""order_decision"":""only_cost""},""phase"":""high""},{""action"":{""search_k"":1,""search_strategy"":""default""},""phase"":""search""},{""action"":{""execution_action"":""none"",""lip_action"":""none""},""phase"":""low""}]"
STACK,b,./workloads/query_stack/q1_q1-098.sql,Full NQO,4669.990867376328,38.049000000000,ok,4095cbc1ecc697ca9f9646c193a5682ada5316dba77f81108b62ba3cb1a82ab6,1,,d264c19161d7e0557f99a115a318aecb5a02e564cce5d2a44fc0a80fa35d7d3f,9b29804fb88b5384c8d1c2a42f4e166e718f5e0245473823d3a6e98a441962d8,./results/models/stack/random/b/best.pt,"[{""action"":{""high_action"":""stop"",""order_decision"":""only_cost""},""phase"":""high""},{""action"":{""search_k"":1,""search_strategy"":""default""},""phase"":""search""},{""action"":{""execution_action"":""none"",""lip_action"":""none""},""phase"":""low""}]"
STACK,b,./workloads/query_stack/q1_q1-099.sql,Full NQO,4522.849649190903,62.260000000000,ok,43cad99fe214168bad67fa959cc8fb22a625668be9c526dcb4cda29c3f5f08c3,1,,e6f7cd9764319f00c9ac9829a5890f1165d2fadfd7d32b227714cb68b8a54b4e,faf1ff508be5c1b4d95d66310a87a2c604d4199953fd90feb55e447b2e372524,./results/models/stack/random/b/best.pt,"[{""action"":{""high_action"":""stop"",""order_decision"":""only_cost""},""phase"":""high""},{""action"":{""search_k"":1,""search_strategy"":""default""},""phase"":""search""},{""action"":{""execution_action"":""none"",""lip_action"":""none""},""phase"":""low""}]"
STACK,b,./workloads/query_stack/q1_q1-100.sql,Full NQO,4114.532642066479,14.515000000000,ok,30d34f6a188fd1b13047dc951deb7bfb9a74d8113d5f305ae8170f782b81c64f,1,,87e28b092ceb343ff0180b6ff9ae834e6f3f6985a6abc838d3193cc8b09fa75b,d83185eb7f7d44691bcade82225b488122b1167f3ebe98f8aa61156595054bab,./results/models/stack/random/b/best.pt,"[{""action"":{""high_action"":""stop"",""order_decision"":""only_cost""},""phase"":""high""},{""action"":{""search_k"":1,""search_strategy"":""default""},""phase"":""search""},{""action"":{""execution_action"":""none"",""lip_action"":""none""},""phase"":""low""}]"
STACK,b,./workloads/query_stack/q2_q2-001.sql,Full NQO,1195.242680609226,55.912000000000,ok,c2a22d1cadee1419b10b6b0e89c3a6305e0a2763bbeb6505ce8afa140290b844,8,,dcefe2399b501f217046db353c110bd7703fcdf5e3eaf0871cfdeb6468a8d43f,a39f055506740f2eedc23d1eac1250b087d869dfbfdd6cdb87c21cb08b866428,./results/models/stack/random/b/best.pt,"[{""action"":{""high_action"":""split"",""order_decision"":""only_cost""},""phase"":""high""},{""action"":{""candidate_id"":0,""schedule_alpha"":0.5},""phase"":""select""},{""action"":{""search_k"":1,""search_strategy"":""default""},""phase"":""search""},{""action"":{""execution_action"":""none"",""lip_action"":""none""},""phase"":""low""},{""action"":{""high_action"":""split"",""order_decision"":""only_cost""},""phase"":""high""},{""action"":{""candidate_id"":3,""schedule_alpha"":0.5},""phase"":""select""},{""action"":{""search_k"":1,""search_strategy"":""default""},""phase"":""search""},{""action"":{""execution_action"":""none"",""lip_action"":""none""},""phase"":""low""},{""action"":{""high_action"":""split"",""order_decision"":""only_cost""},""phase"":""high""},{""action"":{""candidate_id"":1,""schedule_alpha"":0.5},""phase"":""select""},{""action"":{""search_k"":1,""search_strategy"":""default""},""phase"":""search""},{""action"":{""execution_action"":""none"",""lip_action"":""none""},""phase"":""low""},{""action"":{""high_action"":""split"",""order_decision"":""only_cost""},""phase"":""high""},{""action"":{""candidate_id"":3,""schedule_alpha"":0.5},""phase"":""select""},{""action"":{""search_k"":1,""search_strategy"":""default""},""phase"":""search""},{""action"":{""execution_action"":""none"",""lip_action"":""none""},""phase"":""low""},{""action"":{""high_action"":""split"",""order_decision"":""only_cost""},""phase"":""high""},{""action"":{""candidate_id"":0,""schedule_alpha"":0.5},""phase"":""select""},{""action"":{""search_k"":1,""search_strategy"":""default""},""phase"":""search""},{""action"":{""execution_action"":""none"",""lip_action"":""none""},""phase"":""low""},{""action"":{""high_action"":""split"",""order_decision"":""only_cost""},""phase"":""high""},{""action"":{""candidate_id"":0,""schedule_alpha"":0.5},""phase"":""select""},{""action"":{""search_k"":1,""search_strategy"":""default""},""phase"":""search""},{""action"":{""execution_action"":""none"",""lip_action"":""none""},""phase"":""low""},{""action"":{""high_action"":""split"",""order_decision"":""only_cost""},""phase"":""high""},{""action"":{""candidate_id"":1,""schedule_alpha"":0.5},""phase"":""select""},{""action"":{""search_k"":1,""search_strategy"":""default""},""phase"":""search""},{""action"":{""execution_action"":""none"",""lip_action"":""none""},""phase"":""low""},{""action"":{""high_action"":""stop"",""order_decision"":""only_cost""},""phase"":""high""},{""action"":{""search_k"":1,""search_strategy"":""default""},""phase"":""search""},{""action"":{""execution_action"":""none"",""lip_action"":""none""},""phase"":""low""}]"
STACK,b,./workloads/query_stack/q2_q2-081.sql,Full NQO,958.485424518585,56.250000000000,ok,1a7d78a8eb8abd7af47cccb03fcdc9f93bc4eace3114dc327e9797bd85744335,87,,3e8a163dd4a6445db7949acc99448a9e73fc484e5c89188d8633a65981ec8978,ab8c95f8a297437641b2f01ae1a628b897ab1d2bf0ec949b221d2d93348d239e,./results/models/stack/random/b/best.pt,"[{""action"":{""high_action"":""split"",""order_decision"":""only_cost""},""phase"":""high""},{""action"":{""candidate_id"":0,""schedule_alpha"":0.5},""phase"":""select""},{""action"":{""search_k"":1,""search_strategy"":""default""},""phase"":""search""},{""action"":{""execution_action"":""none"",""lip_action"":""none""},""phase"":""low""},{""action"":{""high_action"":""split"",""order_decision"":""only_cost""},""phase"":""high""},{""action"":{""candidate_id"":3,""schedule_alpha"":0.5},""phase"":""select""},{""action"":{""search_k"":1,""search_strategy"":""default""},""phase"":""search""},{""action"":{""execution_action"":""none"",""lip_action"":""none""},""phase"":""low""},{""action"":{""high_action"":""split"",""order_decision"":""only_cost""},""phase"":""high""},{""action"":{""candidate_id"":1,""schedule_alpha"":0.5},""phase"":""select""},{""action"":{""search_k"":1,""search_strategy"":""default""},""phase"":""search""},{""action"":{""execution_action"":""none"",""lip_action"":""none""},""phase"":""low""},{""action"":{""high_action"":""split"",""order_decision"":""only_cost""},""phase"":""high""},{""action"":{""candidate_id"":3,""schedule_alpha"":0.5},""phase"":""select""},{""action"":{""search_k"":1,""search_strategy"":""default""},""phase"":""search""},{""action"":{""execution_action"":""none"",""lip_action"":""none""},""phase"":""low""},{""action"":{""high_action"":""split"",""order_decision"":""only_cost""},""phase"":""high""},{""action"":{""candidate_id"":0,""schedule_alpha"":0.5},""phase"":""select""},{""action"":{""search_k"":1,""search_strategy"":""default""},""phase"":""search""},{""action"":{""execution_action"":""none"",""lip_action"":""none""},""phase"":""low""},{""action"":{""high_action"":""split"",""order_decision"":""only_cost""},""phase"":""high""},{""action"":{""candidate_id"":0,""schedule_alpha"":0.5},""phase"":""select""},{""action"":{""search_k"":1,""search_strategy"":""default""},""phase"":""search""},{""action"":{""execution_action"":""none"",""lip_action"":""none""},""phase"":""low""},{""action"":{""high_action"":""split"",""order_decision"":""only_cost""},""phase"":""high""},{""action"":{""candidate_id"":1,""schedule_alpha"":0.5},""phase"":""select""},{""action"":{""search_k"":1,""search_strategy"":""default""},""phase"":""search""},{""action"":{""execution_action"":""none"",""lip_action"":""none""},""phase"":""low""},{""action"":{""high_action"":""stop"",""order_decision"":""only_cost""},""phase"":""high""},{""action"":{""search_k"":1,""search_strategy"":""default""},""phase"":""search""},{""action"":{""execution_action"":""none"",""lip_action"":""none""},""phase"":""low""}]"
STACK,b,./workloads/query_stack/q3_q3-018.sql,Full NQO,1431.265160441399,66.509000000000,ok,ce8ae4a1c41bb6ace1751e8b691713500edc7b921b9a42bfde4909ad43ad647a,1,,575601bf9f5ce579a229db99839ebe7de26ac9d8057c5e917ba1574901bd907b,8b9868442319ef24885cbe780a74e455c05eed94997f20e5cf72805bd6184263,./results/models/stack/random/b/best.pt,"[{""action"":{""high_action"":""split"",""order_decision"":""only_cost""},""phase"":""high""},{""action"":{""candidate_id"":0,""schedule_alpha"":0.5},""phase"":""select""},{""action"":{""search_k"":1,""search_strategy"":""default""},""phase"":""search""},{""action"":{""execution_action"":""none"",""lip_action"":""none""},""phase"":""low""},{""action"":{""high_action"":""split"",""order_decision"":""only_cost""},""phase"":""high""},{""action"":{""candidate_id"":4,""schedule_alpha"":0.5},""phase"":""select""},{""action"":{""search_k"":1,""search_strategy"":""default""},""phase"":""search""},{""action"":{""execution_action"":""none"",""lip_action"":""none""},""phase"":""low""},{""action"":{""high_action"":""split"",""order_decision"":""only_cost""},""phase"":""high""},{""action"":{""candidate_id"":2,""schedule_alpha"":0.5},""phase"":""select""},{""action"":{""search_k"":1,""search_strategy"":""default""},""phase"":""search""},{""action"":{""execution_action"":""none"",""lip_action"":""none""},""phase"":""low""},{""action"":{""high_action"":""split"",""order_decision"":""only_cost""},""phase"":""high""},{""action"":{""candidate_id"":4,""schedule_alpha"":0.5},""phase"":""select""},{""action"":{""search_k"":1,""search_strategy"":""default""},""phase"":""search""},{""action"":{""execution_action"":""none"",""lip_action"":""none""},""phase"":""low""},{""action"":{""high_action"":""split"",""order_decision"":""only_cost""},""phase"":""high""},{""action"":{""candidate_id"":0,""schedule_alpha"":0.5},""phase"":""select""},{""action"":{""search_k"":1,""search_strategy"":""default""},""phase"":""search""},{""action"":{""execution_action"":""none"",""lip_action"":""none""},""phase"":""low""},{""action"":{""high_action"":""split"",""order_decision"":""only_cost""},""phase"":""high""},{""action"":{""candidate_id"":0,""schedule_alpha"":0.5},""phase"":""select""},{""action"":{""search_k"":1,""search_strategy"":""default""},""phase"":""search""},{""action"":{""execution_action"":""none"",""lip_action"":""none""},""phase"":""low""},{""action"":{""high_action"":""split"",""order_decision"":""only_cost""},""phase"":""high""},{""action"":{""candidate_id"":0,""schedule_alpha"":0.5},""phase"":""select""},{""action"":{""search_k"":1,""search_strategy"":""default""},""phase"":""search""},{""action"":{""execution_action"":""none"",""lip_action"":""none""},""phase"":""low""},{""action"":{""high_action"":""split"",""order_decision"":""only_cost""},""phase"":""high""},{""action"":{""candidate_id"":1,""schedule_alpha"":0.5},""phase"":""select""},{""action"":{""search_k"":1,""search_strategy"":""default""},""phase"":""search""},{""action"":{""execution_action"":""none"",""lip_action"":""none""},""phase"":""low""},{""action"":{""high_action"":""stop"",""order_decision"":""only_cost""},""phase"":""high""},{""action"":{""search_k"":1,""search_strategy"":""default""},""phase"":""search""},{""action"":{""execution_action"":""none"",""lip_action"":""none""},""phase"":""low""}]"
STACK,b,./workloads/query_stack/q3_q3-040.sql,Full NQO,7758.327551186085,152.484000000000,ok,7339417584b8a11219c126574a9eb259201d823711355fede0b243967980ea5c,1,,ad56d05692cc9669015822067a0fe12250161eec9464d26a4e14fabf9ddede3f,b539460ad3255aa986694277e14684cd37c93c5794ad58f617ab669e3e68fe1a,./results/models/stack/random/b/best.pt,"[{""action"":{""high_action"":""split"",""order_decision"":""only_cost""},""phase"":""high""},{""action"":{""candidate_id"":0,""schedule_alpha"":0.5},""phase"":""select""},{""action"":{""search_k"":1,""search_strategy"":""default""},""phase"":""search""},{""action"":{""execution_action"":""none"",""lip_action"":""none""},""phase"":""low""},{""action"":{""high_action"":""split"",""order_decision"":""only_cost""},""phase"":""high""},{""action"":{""candidate_id"":4,""schedule_alpha"":0.5},""phase"":""select""},{""action"":{""search_k"":1,""search_strategy"":""default""},""phase"":""search""},{""action"":{""execution_action"":""none"",""lip_action"":""none""},""phase"":""low""},{""action"":{""high_action"":""split"",""order_decision"":""only_cost""},""phase"":""high""},{""action"":{""candidate_id"":2,""schedule_alpha"":0.5},""phase"":""select""},{""action"":{""search_k"":1,""search_strategy"":""default""},""phase"":""search""},{""action"":{""execution_action"":""none"",""lip_action"":""none""},""phase"":""low""},{""action"":{""high_action"":""split"",""order_decision"":""only_cost""},""phase"":""high""},{""action"":{""candidate_id"":4,""schedule_alpha"":0.5},""phase"":""select""},{""action"":{""search_k"":1,""search_strategy"":""default""},""phase"":""search""},{""action"":{""execution_action"":""none"",""lip_action"":""none""},""phase"":""low""},{""action"":{""high_action"":""split"",""order_decision"":""only_cost""},""phase"":""high""},{""action"":{""candidate_id"":3,""schedule_alpha"":0.5},""phase"":""select""},{""action"":{""search_k"":1,""search_strategy"":""default""},""phase"":""search""},{""action"":{""execution_action"":""none"",""lip_action"":""none""},""phase"":""low""},{""action"":{""high_action"":""split"",""order_decision"":""only_cost""},""phase"":""high""},{""action"":{""candidate_id"":2,""schedule_alpha"":0.5},""phase"":""select""},{""action"":{""search_k"":1,""search_strategy"":""default""},""phase"":""search""},{""action"":{""execution_action"":""none"",""lip_action"":""none""},""phase"":""low""},{""action"":{""high_action"":""split"",""order_decision"":""only_cost""},""phase"":""high""},{""action"":{""candidate_id"":0,""schedule_alpha"":0.5},""phase"":""select""},{""action"":{""search_k"":1,""search_strategy"":""default""},""phase"":""search""},{""action"":{""execution_action"":""none"",""lip_action"":""none""},""phase"":""low""},{""action"":{""high_action"":""stop"",""order_decision"":""only_cost""},""phase"":""high""},{""action"":{""search_k"":1,""search_strategy"":""default""},""phase"":""search""},{""action"":{""execution_action"":""conservative"",""lip_action"":""none""},""phase"":""low""}]"
STACK,b,./workloads/query_stack/q3_q3-046.sql,Full NQO,1148.266382515430,141.527000000000,ok,64043c6a0d07cdab8939a506f1a097454642c5f07efa20f7d4c6ef417b0776a6,1,,6373f2f5f27fbe6b17554586456e25e78eba5f098667687cb46de24204e83bc5,641991943f4b9a6877bfc84df94e50b96399c52d975e10f29e9e38908cf105ec,./results/models/stack/random/b/best.pt,"[{""action"":{""high_action"":""split"",""order_decision"":""only_cost""},""phase"":""high""},{""action"":{""candidate_id"":0,""schedule_alpha"":0.5},""phase"":""select""},{""action"":{""search_k"":1,""search_strategy"":""default""},""phase"":""search""},{""action"":{""execution_action"":""none"",""lip_action"":""none""},""phase"":""low""},{""action"":{""high_action"":""split"",""order_decision"":""only_cost""},""phase"":""high""},{""action"":{""candidate_id"":4,""schedule_alpha"":0.5},""phase"":""select""},{""action"":{""search_k"":1,""search_strategy"":""default""},""phase"":""search""},{""action"":{""execution_action"":""none"",""lip_action"":""none""},""phase"":""low""},{""action"":{""high_action"":""split"",""order_decision"":""only_cost""},""phase"":""high""},{""action"":{""candidate_id"":2,""schedule_alpha"":0.5},""phase"":""select""},{""action"":{""search_k"":1,""search_strategy"":""default""},""phase"":""search""},{""action"":{""execution_action"":""none"",""lip_action"":""none""},""phase"":""low""},{""action"":{""high_action"":""split"",""order_decision"":""only_cost""},""phase"":""high""},{""action"":{""candidate_id"":4,""schedule_alpha"":0.5},""phase"":""select""},{""action"":{""search_k"":1,""search_strategy"":""default""},""phase"":""search""},{""action"":{""execution_action"":""none"",""lip_action"":""none""},""phase"":""low""},{""action"":{""high_action"":""split"",""order_decision"":""only_cost""},""phase"":""high""},{""action"":{""candidate_id"":3,""schedule_alpha"":0.5},""phase"":""select""},{""action"":{""search_k"":1,""search_strategy"":""default""},""phase"":""search""},{""action"":{""execution_action"":""none"",""lip_action"":""none""},""phase"":""low""},{""action"":{""high_action"":""split"",""order_decision"":""only_cost""},""phase"":""high""},{""action"":{""candidate_id"":0,""schedule_alpha"":0.5},""phase"":""select""},{""action"":{""search_k"":1,""search_strategy"":""default""},""phase"":""search""},{""action"":{""execution_action"":""none"",""lip_action"":""none""},""phase"":""low""},{""action"":{""high_action"":""split"",""order_decision"":""only_cost""},""phase"":""high""},{""action"":{""candidate_id"":0,""schedule_alpha"":0.5},""phase"":""select""},{""action"":{""search_k"":1,""search_strategy"":""default""},""phase"":""search""},{""action"":{""execution_action"":""none"",""lip_action"":""none""},""phase"":""low""},{""action"":{""high_action"":""stop"",""order_decision"":""only_cost""},""phase"":""high""},{""action"":{""search_k"":1,""search_strategy"":""default""},""phase"":""search""},{""action"":{""execution_action"":""conservative"",""lip_action"":""none""},""phase"":""low""}]"
STACK,b,./workloads/query_stack/q4_q4-002.sql,Full NQO,209.333412349224,53.773000000000,ok,8d9224427d50897f4028dc9ce9334831ba3edb2057fb9035641159bd97fd4b36,1,,1fc9cfb2c4e5dfae6af83e118bbff3e09d75bce402bb03d5bcf2ca633f61be0b,1bb9d8bed84a29b9be5709bb4079e4ccb3f71a705ff36312584eb55dc4bcb082,./results/models/stack/random/b/best.pt,"[{""action"":{""high_action"":""stop"",""order_decision"":""only_cost""},""phase"":""high""},{""action"":{""search_k"":1,""search_strategy"":""default""},""phase"":""search""},{""action"":{""execution_action"":""none"",""lip_action"":""none""},""phase"":""low""}]"
STACK,b,./workloads/query_stack/q4_q4-026.sql,Full NQO,183.444544672966,50.712000000000,ok,6bb5579c822808fcb721d8cf11517f9c65d428fb1724a44346b6b50f66a5c12a,1,,38b427022a8417152e0854f0c652f945fa058e1199d8c6b56c3e42cb9a83652b,aa3ecba41a75eed55b3ccaf4771622a702f57dabb0ed915ec9fc979e80cb2fb3,./results/models/stack/random/b/best.pt,"[{""action"":{""high_action"":""stop"",""order_decision"":""only_cost""},""phase"":""high""},{""action"":{""search_k"":1,""search_strategy"":""default""},""phase"":""search""},{""action"":{""execution_action"":""none"",""lip_action"":""none""},""phase"":""low""}]"
STACK,b,./workloads/query_stack/q4_q4-042.sql,Full NQO,172.911010682583,48.964000000000,ok,099f4aa74a0c476baaea1bc1bcc8e97e65f380bd7505b0e3c053b8ff1b3eabfa,1,,b49af436216a0a9cfaef4b06bc6f8fe7aeb7f3db497a781f1a4763e8997d36e9,fde91f56b0ccd6acaa1816f2d0b92ab6753dd00b4b5f8328b8100d9f01b4ea98,./results/models/stack/random/b/best.pt,"[{""action"":{""high_action"":""stop"",""order_decision"":""only_cost""},""phase"":""high""},{""action"":{""search_k"":1,""search_strategy"":""default""},""phase"":""search""},{""action"":{""execution_action"":""none"",""lip_action"":""none""},""phase"":""low""}]"
STACK,b,./workloads/query_stack/q4_q4-064.sql,Full NQO,151.713207364082,41.727000000000,ok,5bc034fe2d35132d09a20748a3a8eda5057620d1e40f06136eb5805ed1a2d193,1,,2c048d39e7d90d47c471bad055cb309e14b2a84ed70fc6922777bf4b7df23cb3,36c4a6a6295581faa41eee1fbf069981eada712fc8c5f6f8df5a297192cfd1b1,./results/models/stack/random/b/best.pt,"[{""action"":{""high_action"":""stop"",""order_decision"":""only_cost""},""phase"":""high""},{""action"":{""search_k"":1,""search_strategy"":""default""},""phase"":""search""},{""action"":{""execution_action"":""none"",""lip_action"":""none""},""phase"":""low""}]"
STACK,b,./workloads/query_stack/q5_q5-041.sql,Full NQO,161.431401968002,85.017000000000,ok,cf96deac7d2faa6a3af89cedc636bf721427ff716ea6eb7050927ac3c0e0802a,1,,525228935c8050391d658c14fa496dc8a7af75458f17fb5482f2e38faa325132,342b14066507ebe6779c211d47d9ba3a4d7c988dd26872d77c50c358aeeb4cd1,./results/models/stack/random/b/best.pt,"[{""action"":{""high_action"":""stop"",""order_decision"":""only_cost""},""phase"":""high""},{""action"":{""search_k"":1,""search_strategy"":""default""},""phase"":""search""},{""action"":{""execution_action"":""none"",""lip_action"":""none""},""phase"":""low""}]"
STACK,b,./workloads/query_stack/q5_q5-052.sql,Full NQO,96.906550228596,49.663000000000,ok,c6851781f092f229ce385161d54d84a1934580365f9dbd03ce28cad1d40a1d73,1,,444e7591275ee3a9a31885794dbd36f4e0d982ed35bdd64a90aa43e9522b07b6,b93b5ceef4464991ff149944b79077b0e6fa11f70d86a37873ecdb38e3802a8b,./results/models/stack/random/b/best.pt,"[{""action"":{""high_action"":""stop"",""order_decision"":""only_cost""},""phase"":""high""},{""action"":{""search_k"":1,""search_strategy"":""default""},""phase"":""search""},{""action"":{""execution_action"":""none"",""lip_action"":""none""},""phase"":""low""}]"
STACK,b,./workloads/query_stack/q5_q5-079.sql,Full NQO,183.725826442242,51.963000000000,ok,ad2301e16f8ac0e556a59dd245bfdf55c48548fd352f0cf92a385882c89aebbd,1,,59f5bae6b817bc41c33f32d26d1452776b88ae7eaa0bc1be29ac028a1374d765,49120826eeeb5ccc84f4a2ecc05caa1e449c75314b052caec81dda17ea587642,./results/models/stack/random/b/best.pt,"[{""action"":{""high_action"":""stop"",""order_decision"":""only_cost""},""phase"":""high""},{""action"":{""search_k"":1,""search_strategy"":""default""},""phase"":""search""},{""action"":{""execution_action"":""none"",""lip_action"":""none""},""phase"":""low""}]"
STACK,b,./workloads/query_stack/q5_q5-082.sql,Full NQO,137.931972742081,52.476000000000,ok,64043c6a0d07cdab8939a506f1a097454642c5f07efa20f7d4c6ef417b0776a6,1,,2c61acd685869ce2eaa327b5eec0007bbf0e0f24e39acc4ab03f59c28d8c0c62,8e7d3f25974bca3bd6f6d36f4bdbd1c2d32333f41eeb7e0adea152eff0c754ce,./results/models/stack/random/b/best.pt,"[{""action"":{""high_action"":""stop"",""order_decision"":""only_cost""},""phase"":""high""},{""action"":{""search_k"":1,""search_strategy"":""default""},""phase"":""search""},{""action"":{""execution_action"":""none"",""lip_action"":""none""},""phase"":""low""}]"
STACK,b,./workloads/query_stack/q6_q6-064.sql,Full NQO,56.301780045033,21.743000000000,ok,e6f0f8d79adc05f93040da91ab04f3d215ad4b06c20176285c0994a20326a1c7,1,,c0b0007913944d45a2a73f9387064e2f06024f4be89f4e0902f403592e61f4ba,f4b017e750ddd7363d3880b916550315ec9f678da6ef5087cb3b2905d0a77a01,./results/models/stack/random/b/best.pt,"[{""action"":{""high_action"":""stop"",""order_decision"":""only_cost""},""phase"":""high""},{""action"":{""search_k"":1,""search_strategy"":""default""},""phase"":""search""},{""action"":{""execution_action"":""none"",""lip_action"":""none""},""phase"":""low""}]"
STACK,b,./workloads/query_stack/q7_q7-036.sql,Full NQO,5453.402742743492,19.254000000000,ok,fa879e4fc50b8c9696eb4dbd6a0b301941889f11c3953bede1a1f9308c6c8618,1,,93aba5e2c2261d0ba50ae5b51447a26f13b2b6dd6c2a2821ac2892ebb0d7f252,616c54c1ef328b20960e1812caa2aa958c3533568d260c77bc7f65d4021f385f,./results/models/stack/random/b/best.pt,"[{""action"":{""high_action"":""split"",""order_decision"":""only_cost""},""phase"":""high""},{""action"":{""candidate_id"":1,""schedule_alpha"":0.5},""phase"":""select""},{""action"":{""search_k"":1,""search_strategy"":""default""},""phase"":""search""},{""action"":{""execution_action"":""none"",""lip_action"":""none""},""phase"":""low""},{""action"":{""high_action"":""split"",""order_decision"":""only_cost""},""phase"":""high""},{""action"":{""candidate_id"":0,""schedule_alpha"":0.5},""phase"":""select""},{""action"":{""search_k"":1,""search_strategy"":""default""},""phase"":""search""},{""action"":{""execution_action"":""none"",""lip_action"":""none""},""phase"":""low""},{""action"":{""high_action"":""stop"",""order_decision"":""only_cost""},""phase"":""high""},{""action"":{""search_k"":1,""search_strategy"":""default""},""phase"":""search""},{""action"":{""execution_action"":""none"",""lip_action"":""none""},""phase"":""low""}]"
STACK,b,./workloads/query_stack/q7_q7-047.sql,Full NQO,5651.062354445457,19.444000000000,ok,fa879e4fc50b8c9696eb4dbd6a0b301941889f11c3953bede1a1f9308c6c8618,1,,f360dce8e6ad3e084088ae05c9b43602e54f1a158decaa17af366189d1015620,87b6229f81d33dc77c9797e3f571fcf8dc453f2d8f5f409f84acb5a843fcf3af,./results/models/stack/random/b/best.pt,"[{""action"":{""high_action"":""split"",""order_decision"":""only_cost""},""phase"":""high""},{""action"":{""candidate_id"":1,""schedule_alpha"":0.5},""phase"":""select""},{""action"":{""search_k"":1,""search_strategy"":""default""},""phase"":""search""},{""action"":{""execution_action"":""none"",""lip_action"":""none""},""phase"":""low""},{""action"":{""high_action"":""split"",""order_decision"":""only_cost""},""phase"":""high""},{""action"":{""candidate_id"":1,""schedule_alpha"":0.5},""phase"":""select""},{""action"":{""search_k"":1,""search_strategy"":""default""},""phase"":""search""},{""action"":{""execution_action"":""none"",""lip_action"":""none""},""phase"":""low""},{""action"":{""high_action"":""stop"",""order_decision"":""only_cost""},""phase"":""high""},{""action"":{""search_k"":1,""search_strategy"":""default""},""phase"":""search""},{""action"":{""execution_action"":""none"",""lip_action"":""none""},""phase"":""low""}]"
STACK,b,./workloads/query_stack/q7_q7-095.sql,Full NQO,5577.702239155769,19.621000000000,ok,6e5557b7569a2d9a71b5f22b1f0b662ac75e91e1a3f70a0e8efb120b7f2df8f8,1,,95ab0494c49d039897c82b180ed58b5cb28a5d4968880d2d52aac9a99b170293,494751b6340425fdc2df04e71b267491d8065635967e388991794c81a342c155,./results/models/stack/random/b/best.pt,"[{""action"":{""high_action"":""split"",""order_decision"":""only_cost""},""phase"":""high""},{""action"":{""candidate_id"":1,""schedule_alpha"":0.5},""phase"":""select""},{""action"":{""search_k"":1,""search_strategy"":""default""},""phase"":""search""},{""action"":{""execution_action"":""none"",""lip_action"":""none""},""phase"":""low""},{""action"":{""high_action"":""split"",""order_decision"":""only_cost""},""phase"":""high""},{""action"":{""candidate_id"":0,""schedule_alpha"":0.5},""phase"":""select""},{""action"":{""search_k"":1,""search_strategy"":""default""},""phase"":""search""},{""action"":{""execution_action"":""none"",""lip_action"":""none""},""phase"":""low""},{""action"":{""high_action"":""stop"",""order_decision"":""only_cost""},""phase"":""high""},{""action"":{""search_k"":1,""search_strategy"":""default""},""phase"":""search""},{""action"":{""execution_action"":""none"",""lip_action"":""none""},""phase"":""low""}]"
STACK,c,./workloads/query_stack/q11_e4ca3559.sql,Full NQO,182.864829897881,20.593000000000,ok,ab3e2686f1f4fa73ecc53675c92aebd79c076e9ba20aacfba85c80ca50fd9f81,1,,b2c270e6de3f8b8fdfa53bf4d470112b258412b4de484e2d5c59b2e2825f0e9c,e3593ea076e61d07ecab61c636cda35679c8b7c939ea64bca44ba95190aab78b,./results/models/stack/random/c/best.pt,"[{""action"":{""high_action"":""split"",""order_decision"":""only_cost""},""phase"":""high""},{""action"":{""candidate_id"":0,""schedule_alpha"":0.5},""phase"":""select""},{""action"":{""search_k"":1,""search_strategy"":""default""},""phase"":""search""},{""action"":{""execution_action"":""none"",""lip_action"":""none""},""phase"":""low""},{""action"":{""high_action"":""split"",""order_decision"":""only_cost""},""phase"":""high""},{""action"":{""candidate_id"":1,""schedule_alpha"":0.5},""phase"":""select""},{""action"":{""search_k"":1,""search_strategy"":""default""},""phase"":""search""},{""action"":{""execution_action"":""none"",""lip_action"":""none""},""phase"":""low""},{""action"":{""high_action"":""stop"",""order_decision"":""only_cost""},""phase"":""high""},{""action"":{""search_k"":1,""search_strategy"":""default""},""phase"":""search""},{""action"":{""execution_action"":""none"",""lip_action"":""none""},""phase"":""low""}]"
STACK,c,./workloads/query_stack/q12_547c6bf1.sql,Full NQO,161.631524562836,30.628000000000,ok,9fbfc45e96c49c916707e21ed9289d7920e041e608ff529b37dc531d59ef2cbf,3,,1e642ae24fb0c4d284099c737db03acda40e9ac4096ccbbab725790c7562f5a5,1592ab17ff1e6dca14c7ec24e522df5d16110eb904ddefc3bf84c50831f5c0a4,./results/models/stack/random/c/best.pt,"[{""action"":{""high_action"":""split"",""order_decision"":""only_cost""},""phase"":""high""},{""action"":{""candidate_id"":3,""schedule_alpha"":0.5},""phase"":""select""},{""action"":{""search_k"":1,""search_strategy"":""default""},""phase"":""search""},{""action"":{""execution_action"":""none"",""lip_action"":""none""},""phase"":""low""},{""action"":{""high_action"":""split"",""order_decision"":""only_cost""},""phase"":""high""},{""action"":{""candidate_id"":3,""schedule_alpha"":0.5},""phase"":""select""},{""action"":{""search_k"":1,""search_strategy"":""default""},""phase"":""search""},{""action"":{""execution_action"":""none"",""lip_action"":""none""},""phase"":""low""},{""action"":{""high_action"":""split"",""order_decision"":""only_cost""},""phase"":""high""},{""action"":{""candidate_id"":1,""schedule_alpha"":0.5},""phase"":""select""},{""action"":{""search_k"":1,""search_strategy"":""default""},""phase"":""search""},{""action"":{""execution_action"":""none"",""lip_action"":""none""},""phase"":""low""},{""action"":{""high_action"":""split"",""order_decision"":""only_cost""},""phase"":""high""},{""action"":{""candidate_id"":1,""schedule_alpha"":0.5},""phase"":""select""},{""action"":{""search_k"":1,""search_strategy"":""default""},""phase"":""search""},{""action"":{""execution_action"":""none"",""lip_action"":""none""},""phase"":""low""},{""action"":{""high_action"":""stop"",""order_decision"":""only_cost""},""phase"":""high""},{""action"":{""search_k"":1,""search_strategy"":""default""},""phase"":""search""},{""action"":{""execution_action"":""none"",""lip_action"":""none""},""phase"":""low""}]"
STACK,c,./workloads/query_stack/q12_55de941e.sql,Full NQO,4726.681970059872,31.619000000000,ok,ed936f160a5bbf03b84f27326c40026d39192e8573f0bddfac6d48db21462eca,9,,6b239e23919b7259ce8fd081b2c3e572f22306be7b6e0fa6b869ca795f0758a8,2dc9c7d89b6650ca4e1988f579ee4fe8f6690a86bc20b377b9e448dab6d9ed8f,./results/models/stack/random/c/best.pt,"[{""action"":{""high_action"":""split"",""order_decision"":""only_cost""},""phase"":""high""},{""action"":{""candidate_id"":3,""schedule_alpha"":0.5},""phase"":""select""},{""action"":{""search_k"":1,""search_strategy"":""default""},""phase"":""search""},{""action"":{""execution_action"":""none"",""lip_action"":""none""},""phase"":""low""},{""action"":{""high_action"":""split"",""order_decision"":""only_cost""},""phase"":""high""},{""action"":{""candidate_id"":3,""schedule_alpha"":0.5},""phase"":""select""},{""action"":{""search_k"":1,""search_strategy"":""default""},""phase"":""search""},{""action"":{""execution_action"":""none"",""lip_action"":""none""},""phase"":""low""},{""action"":{""high_action"":""split"",""order_decision"":""only_cost""},""phase"":""high""},{""action"":{""candidate_id"":1,""schedule_alpha"":0.5},""phase"":""select""},{""action"":{""search_k"":1,""search_strategy"":""default""},""phase"":""search""},{""action"":{""execution_action"":""none"",""lip_action"":""none""},""phase"":""low""},{""action"":{""high_action"":""split"",""order_decision"":""only_cost""},""phase"":""high""},{""action"":{""candidate_id"":0,""schedule_alpha"":0.5},""phase"":""select""},{""action"":{""search_k"":1,""search_strategy"":""default""},""phase"":""search""},{""action"":{""execution_action"":""none"",""lip_action"":""none""},""phase"":""low""},{""action"":{""high_action"":""stop"",""order_decision"":""only_cost""},""phase"":""high""},{""action"":{""search_k"":1,""search_strategy"":""default""},""phase"":""search""},{""action"":{""execution_action"":""none"",""lip_action"":""none""},""phase"":""low""}]"
STACK,c,./workloads/query_stack/q12_5a5ff9bd.sql,Full NQO,547.505095601082,32.637000000000,ok,1a51bed290669655d6e645dbe3fa43bc3948d0b44ce6eaf21817db2c0f56de80,11,,18b6b952f276660ecc3e8b846cb12d408c85cf074c90fc046e7739739f09db5a,c347af88650e076a5f3c0a48493b11f20fb495a3ca944413f2f0ee035b4de92b,./results/models/stack/random/c/best.pt,"[{""action"":{""high_action"":""split"",""order_decision"":""only_cost""},""phase"":""high""},{""action"":{""candidate_id"":3,""schedule_alpha"":0.5},""phase"":""select""},{""action"":{""search_k"":1,""search_strategy"":""default""},""phase"":""search""},{""action"":{""execution_action"":""none"",""lip_action"":""none""},""phase"":""low""},{""action"":{""high_action"":""split"",""order_decision"":""only_cost""},""phase"":""high""},{""action"":{""candidate_id"":3,""schedule_alpha"":0.5},""phase"":""select""},{""action"":{""search_k"":1,""search_strategy"":""default""},""phase"":""search""},{""action"":{""execution_action"":""none"",""lip_action"":""none""},""phase"":""low""},{""action"":{""high_action"":""split"",""order_decision"":""only_cost""},""phase"":""high""},{""action"":{""candidate_id"":1,""schedule_alpha"":0.5},""phase"":""select""},{""action"":{""search_k"":1,""search_strategy"":""default""},""phase"":""search""},{""action"":{""execution_action"":""none"",""lip_action"":""none""},""phase"":""low""},{""action"":{""high_action"":""split"",""order_decision"":""only_cost""},""phase"":""high""},{""action"":{""candidate_id"":1,""schedule_alpha"":0.5},""phase"":""select""},{""action"":{""search_k"":1,""search_strategy"":""default""},""phase"":""search""},{""action"":{""execution_action"":""none"",""lip_action"":""none""},""phase"":""low""},{""action"":{""high_action"":""stop"",""order_decision"":""only_cost""},""phase"":""high""},{""action"":{""search_k"":1,""search_strategy"":""default""},""phase"":""search""},{""action"":{""execution_action"":""none"",""lip_action"":""none""},""phase"":""low""}]"
STACK,c,./workloads/query_stack/q13_935e2051.sql,Full NQO,14390.379361808300,152.439000000000,ok,a709b0ceec21e3d700b045e2ef4561b2998577a1d14ebf2a4f4fd9b19fb0ea38,100,,d82bafe7f070a47c721ff79ee4fc1f2efa43114be62566f2b221fccedd2ccc14,c237dcea418cfd7a77268d8fbd9d99e22db56b9602a7eaff81635115eeeb1026,./results/models/stack/random/c/best.pt,"[{""action"":{""high_action"":""split"",""order_decision"":""only_cost""},""phase"":""high""},{""action"":{""candidate_id"":3,""schedule_alpha"":0.5},""phase"":""select""},{""action"":{""search_k"":1,""search_strategy"":""default""},""phase"":""search""},{""action"":{""execution_action"":""none"",""lip_action"":""none""},""phase"":""low""},{""action"":{""high_action"":""split"",""order_decision"":""only_cost""},""phase"":""high""},{""action"":{""candidate_id"":3,""schedule_alpha"":0.5},""phase"":""select""},{""action"":{""search_k"":1,""search_strategy"":""default""},""phase"":""search""},{""action"":{""execution_action"":""none"",""lip_action"":""none""},""phase"":""low""},{""action"":{""high_action"":""split"",""order_decision"":""only_cost""},""phase"":""high""},{""action"":{""candidate_id"":1,""schedule_alpha"":0.5},""phase"":""select""},{""action"":{""search_k"":1,""search_strategy"":""default""},""phase"":""search""},{""action"":{""execution_action"":""conservative"",""lip_action"":""none""},""phase"":""low""},{""action"":{""high_action"":""split"",""order_decision"":""only_cost""},""phase"":""high""},{""action"":{""candidate_id"":1,""schedule_alpha"":0.5},""phase"":""select""},{""action"":{""search_k"":1,""search_strategy"":""default""},""phase"":""search""},{""action"":{""execution_action"":""none"",""lip_action"":""none""},""phase"":""low""},{""action"":{""high_action"":""split"",""order_decision"":""only_cost""},""phase"":""high""},{""action"":{""candidate_id"":0,""schedule_alpha"":0.5},""phase"":""select""},{""action"":{""search_k"":1,""search_strategy"":""default""},""phase"":""search""},{""action"":{""execution_action"":""none"",""lip_action"":""none""},""phase"":""low""},{""action"":{""high_action"":""stop"",""order_decision"":""only_cost""},""phase"":""high""},{""action"":{""search_k"":1,""search_strategy"":""default""},""phase"":""search""},{""action"":{""execution_action"":""none"",""lip_action"":""none""},""phase"":""low""}]"
STACK,c,./workloads/query_stack/q13_d383cd5b.sql,Full NQO,313.908092677593,39.291000000000,ok,45dde614f4629165c93e3ca3a061d5d3fd50a3814f1e5d35356b3f6c35a2dd47,39,,0a33a7d48d4ffbf5c6c0d0cf2ec8382b19450ff16ad46a4031dbb6da60e7347c,70f5dcbbb04a3c0fef98969c13427f051cc0c96099723a50cfd5f7230133e214,./results/models/stack/random/c/best.pt,"[{""action"":{""high_action"":""split"",""order_decision"":""only_cost""},""phase"":""high""},{""action"":{""candidate_id"":3,""schedule_alpha"":0.5},""phase"":""select""},{""action"":{""search_k"":1,""search_strategy"":""default""},""phase"":""search""},{""action"":{""execution_action"":""none"",""lip_action"":""none""},""phase"":""low""},{""action"":{""high_action"":""split"",""order_decision"":""only_cost""},""phase"":""high""},{""action"":{""candidate_id"":3,""schedule_alpha"":0.5},""phase"":""select""},{""action"":{""search_k"":1,""search_strategy"":""default""},""phase"":""search""},{""action"":{""execution_action"":""none"",""lip_action"":""none""},""phase"":""low""},{""action"":{""high_action"":""split"",""order_decision"":""only_cost""},""phase"":""high""},{""action"":{""candidate_id"":1,""schedule_alpha"":0.5},""phase"":""select""},{""action"":{""search_k"":1,""search_strategy"":""default""},""phase"":""search""},{""action"":{""execution_action"":""none"",""lip_action"":""none""},""phase"":""low""},{""action"":{""high_action"":""split"",""order_decision"":""only_cost""},""phase"":""high""},{""action"":{""candidate_id"":1,""schedule_alpha"":0.5},""phase"":""select""},{""action"":{""search_k"":1,""search_strategy"":""default""},""phase"":""search""},{""action"":{""execution_action"":""none"",""lip_action"":""none""},""phase"":""low""},{""action"":{""high_action"":""split"",""order_decision"":""only_cost""},""phase"":""high""},{""action"":{""candidate_id"":0,""schedule_alpha"":0.5},""phase"":""select""},{""action"":{""search_k"":1,""search_strategy"":""default""},""phase"":""search""},{""action"":{""execution_action"":""none"",""lip_action"":""none""},""phase"":""low""},{""action"":{""high_action"":""stop"",""order_decision"":""only_cost""},""phase"":""high""},{""action"":{""search_k"":1,""search_strategy"":""default""},""phase"":""search""},{""action"":{""execution_action"":""none"",""lip_action"":""none""},""phase"":""low""}]"
STACK,c,./workloads/query_stack/q13_d4707be2.sql,Full NQO,863.551855087280,39.584000000000,ok,9893535665d036e9aff66d0afd386a7ee4323f75c6446f606135ada96f04d69a,5,,5b65c8a182b6a3b613ca7ed367e33b7420780a04b053b8cc5cfe0d3e6f83ae2e,60c931d3c7c89dc924415f1c8df6c70a10b324353ad29a15544f721c56b018dc,./results/models/stack/random/c/best.pt,"[{""action"":{""high_action"":""split"",""order_decision"":""only_cost""},""phase"":""high""},{""action"":{""candidate_id"":3,""schedule_alpha"":0.5},""phase"":""select""},{""action"":{""search_k"":1,""search_strategy"":""default""},""phase"":""search""},{""action"":{""execution_action"":""none"",""lip_action"":""none""},""phase"":""low""},{""action"":{""high_action"":""split"",""order_decision"":""only_cost""},""phase"":""high""},{""action"":{""candidate_id"":3,""schedule_alpha"":0.5},""phase"":""select""},{""action"":{""search_k"":1,""search_strategy"":""default""},""phase"":""search""},{""action"":{""execution_action"":""none"",""lip_action"":""none""},""phase"":""low""},{""action"":{""high_action"":""split"",""order_decision"":""only_cost""},""phase"":""high""},{""action"":{""candidate_id"":1,""schedule_alpha"":0.5},""phase"":""select""},{""action"":{""search_k"":1,""search_strategy"":""default""},""phase"":""search""},{""action"":{""execution_action"":""none"",""lip_action"":""none""},""phase"":""low""},{""action"":{""high_action"":""split"",""order_decision"":""only_cost""},""phase"":""high""},{""action"":{""candidate_id"":1,""schedule_alpha"":0.5},""phase"":""select""},{""action"":{""search_k"":1,""search_strategy"":""default""},""phase"":""search""},{""action"":{""execution_action"":""none"",""lip_action"":""none""},""phase"":""low""},{""action"":{""high_action"":""split"",""order_decision"":""only_cost""},""phase"":""high""},{""action"":{""candidate_id"":0,""schedule_alpha"":0.5},""phase"":""select""},{""action"":{""search_k"":1,""search_strategy"":""default""},""phase"":""search""},{""action"":{""execution_action"":""none"",""lip_action"":""none""},""phase"":""low""},{""action"":{""high_action"":""stop"",""order_decision"":""only_cost""},""phase"":""high""},{""action"":{""search_k"":1,""search_strategy"":""default""},""phase"":""search""},{""action"":{""execution_action"":""none"",""lip_action"":""none""},""phase"":""low""}]"
STACK,c,./workloads/query_stack/q14_719e692d.sql,Full NQO,1635.324835777283,41.936000000000,ok,ebb8d61d10ba762aebef5131b60d91915c71c0138f4d0434ee04e01d1df22f0b,1,,d74ab0f9d5e65c2cfddf195052eef00250ae0395ce5ef5f916459de2c9a3a07b,7d51207f98d88ac8eb6aa91379a91462182bb6955ed9a82b2f92b7d055635da1,./results/models/stack/random/c/best.pt,"[{""action"":{""high_action"":""split"",""order_decision"":""only_cost""},""phase"":""high""},{""action"":{""candidate_id"":3,""schedule_alpha"":0.5},""phase"":""select""},{""action"":{""search_k"":1,""search_strategy"":""default""},""phase"":""search""},{""action"":{""execution_action"":""none"",""lip_action"":""none""},""phase"":""low""},{""action"":{""high_action"":""split"",""order_decision"":""only_cost""},""phase"":""high""},{""action"":{""candidate_id"":3,""schedule_alpha"":0.5},""phase"":""select""},{""action"":{""search_k"":1,""search_strategy"":""default""},""phase"":""search""},{""action"":{""execution_action"":""none"",""lip_action"":""none""},""phase"":""low""},{""action"":{""high_action"":""split"",""order_decision"":""only_cost""},""phase"":""high""},{""action"":{""candidate_id"":1,""schedule_alpha"":0.5},""phase"":""select""},{""action"":{""search_k"":1,""search_strategy"":""default""},""phase"":""search""},{""action"":{""execution_action"":""none"",""lip_action"":""none""},""phase"":""low""},{""action"":{""high_action"":""split"",""order_decision"":""only_cost""},""phase"":""high""},{""action"":{""candidate_id"":1,""schedule_alpha"":0.5},""phase"":""select""},{""action"":{""search_k"":1,""search_strategy"":""default""},""phase"":""search""},{""action"":{""execution_action"":""none"",""lip_action"":""none""},""phase"":""low""},{""action"":{""high_action"":""split"",""order_decision"":""only_cost""},""phase"":""high""},{""action"":{""candidate_id"":0,""schedule_alpha"":0.5},""phase"":""select""},{""action"":{""search_k"":1,""search_strategy"":""default""},""phase"":""search""},{""action"":{""execution_action"":""none"",""lip_action"":""none""},""phase"":""low""},{""action"":{""high_action"":""stop"",""order_decision"":""only_cost""},""phase"":""high""},{""action"":{""search_k"":1,""search_strategy"":""default""},""phase"":""search""},{""action"":{""execution_action"":""none"",""lip_action"":""none""},""phase"":""low""}]"
STACK,c,./workloads/query_stack/q14_74fd1af6.sql,Full NQO,5855.434782803059,36.981000000000,ok,3b761369c29de1fbfbb19afc9da08d6a95e223b27fd34a05ff1d6982d5f19586,1,,1931c5f4dcaadb5221cd2254100c7120c77a98ff5cf04c4ecdad564648d854f5,1f11ea8d1538f53f99e649e945f2ad8622f1582bfad61229f43248eb7196b8b9,./results/models/stack/random/c/best.pt,"[{""action"":{""high_action"":""split"",""order_decision"":""only_cost""},""phase"":""high""},{""action"":{""candidate_id"":3,""schedule_alpha"":0.5},""phase"":""select""},{""action"":{""search_k"":1,""search_strategy"":""default""},""phase"":""search""},{""action"":{""execution_action"":""none"",""lip_action"":""none""},""phase"":""low""},{""action"":{""high_action"":""split"",""order_decision"":""only_cost""},""phase"":""high""},{""action"":{""candidate_id"":3,""schedule_alpha"":0.5},""phase"":""select""},{""action"":{""search_k"":1,""search_strategy"":""default""},""phase"":""search""},{""action"":{""execution_action"":""none"",""lip_action"":""none""},""phase"":""low""},{""action"":{""high_action"":""split"",""order_decision"":""only_cost""},""phase"":""high""},{""action"":{""candidate_id"":1,""schedule_alpha"":0.5},""phase"":""select""},{""action"":{""search_k"":1,""search_strategy"":""default""},""phase"":""search""},{""action"":{""execution_action"":""none"",""lip_action"":""none""},""phase"":""low""},{""action"":{""high_action"":""split"",""order_decision"":""only_cost""},""phase"":""high""},{""action"":{""candidate_id"":1,""schedule_alpha"":0.5},""phase"":""select""},{""action"":{""search_k"":1,""search_strategy"":""default""},""phase"":""search""},{""action"":{""execution_action"":""none"",""lip_action"":""none""},""phase"":""low""},{""action"":{""high_action"":""split"",""order_decision"":""only_cost""},""phase"":""high""},{""action"":{""candidate_id"":0,""schedule_alpha"":0.5},""phase"":""select""},{""action"":{""search_k"":1,""search_strategy"":""default""},""phase"":""search""},{""action"":{""execution_action"":""none"",""lip_action"":""none""},""phase"":""low""},{""action"":{""high_action"":""stop"",""order_decision"":""only_cost""},""phase"":""high""},{""action"":{""search_k"":1,""search_strategy"":""default""},""phase"":""search""},{""action"":{""execution_action"":""none"",""lip_action"":""none""},""phase"":""low""}]"
STACK,c,./workloads/query_stack/q14_b49361f8.sql,Full NQO,405.265621840954,41.557000000000,ok,969d74d42f62e26fa0db6e5bcfbe73cfd39bd0bee628e1a2b7bac85672da7dc7,1,,cac2f3228dd6c6db513541675ce7d7f149aa6e469efdd0dcce37056570b56547,5dfc4d9b30094a531ff9b55933735b7eaee84cde47008000e0885d1823c35cfe,./results/models/stack/random/c/best.pt,"[{""action"":{""high_action"":""split"",""order_decision"":""only_cost""},""phase"":""high""},{""action"":{""candidate_id"":3,""schedule_alpha"":0.5},""phase"":""select""},{""action"":{""search_k"":1,""search_strategy"":""default""},""phase"":""search""},{""action"":{""execution_action"":""none"",""lip_action"":""none""},""phase"":""low""},{""action"":{""high_action"":""split"",""order_decision"":""only_cost""},""phase"":""high""},{""action"":{""candidate_id"":3,""schedule_alpha"":0.5},""phase"":""select""},{""action"":{""search_k"":1,""search_strategy"":""default""},""phase"":""search""},{""action"":{""execution_action"":""none"",""lip_action"":""none""},""phase"":""low""},{""action"":{""high_action"":""split"",""order_decision"":""only_cost""},""phase"":""high""},{""action"":{""candidate_id"":1,""schedule_alpha"":0.5},""phase"":""select""},{""action"":{""search_k"":1,""search_strategy"":""default""},""phase"":""search""},{""action"":{""execution_action"":""none"",""lip_action"":""none""},""phase"":""low""},{""action"":{""high_action"":""split"",""order_decision"":""only_cost""},""phase"":""high""},{""action"":{""candidate_id"":1,""schedule_alpha"":0.5},""phase"":""select""},{""action"":{""search_k"":1,""search_strategy"":""default""},""phase"":""search""},{""action"":{""execution_action"":""none"",""lip_action"":""none""},""phase"":""low""},{""action"":{""high_action"":""split"",""order_decision"":""only_cost""},""phase"":""high""},{""action"":{""candidate_id"":0,""schedule_alpha"":0.5},""phase"":""select""},{""action"":{""search_k"":1,""search_strategy"":""default""},""phase"":""search""},{""action"":{""execution_action"":""none"",""lip_action"":""none""},""phase"":""low""},{""action"":{""high_action"":""stop"",""order_decision"":""only_cost""},""phase"":""high""},{""action"":{""search_k"":1,""search_strategy"":""default""},""phase"":""search""},{""action"":{""execution_action"":""none"",""lip_action"":""none""},""phase"":""low""}]"
STACK,c,./workloads/query_stack/q15_543ab3f7.sql,Full NQO,107.875816524029,26.539000000000,ok,b5de167d40941317a62ce34f775428763184c054b938b979bdf442f507469adc,5,,be79b94b2188ab65014f4ac295ca3da452cc184daddbbdd3b9b5ffbbf671ae8b,ccfdfb4045a6efd18c4d1edc177d469964ab6ed73bb96c0f86a774a812d18841,./results/models/stack/random/c/best.pt,"[{""action"":{""high_action"":""split"",""order_decision"":""only_cost""},""phase"":""high""},{""action"":{""candidate_id"":1,""schedule_alpha"":0.5},""phase"":""select""},{""action"":{""search_k"":1,""search_strategy"":""default""},""phase"":""search""},{""action"":{""execution_action"":""none"",""lip_action"":""none""},""phase"":""low""},{""action"":{""high_action"":""split"",""order_decision"":""only_cost""},""phase"":""high""},{""action"":{""candidate_id"":1,""schedule_alpha"":0.5},""phase"":""select""},{""action"":{""search_k"":1,""search_strategy"":""default""},""phase"":""search""},{""action"":{""execution_action"":""none"",""lip_action"":""none""},""phase"":""low""},{""action"":{""high_action"":""split"",""order_decision"":""only_cost""},""phase"":""high""},{""action"":{""candidate_id"":0,""schedule_alpha"":0.5},""phase"":""select""},{""action"":{""search_k"":1,""search_strategy"":""default""},""phase"":""search""},{""action"":{""execution_action"":""none"",""lip_action"":""none""},""phase"":""low""},{""action"":{""high_action"":""stop"",""order_decision"":""only_cost""},""phase"":""high""},{""action"":{""search_k"":1,""search_strategy"":""default""},""phase"":""search""},{""action"":{""execution_action"":""none"",""lip_action"":""none""},""phase"":""low""}]"
STACK,c,./workloads/query_stack/q15_b2ee2c78.sql,Full NQO,649.727903306484,28.277000000000,ok,4f2a2a4af4cc7c51e656a7011a3af7914868d559c69a1464aa67d54fdb02b16b,80,,efa1055ecd0f043de18decc920ee112e95ba5dd55ac48f3b86b7b451b024d00e,f6fdd35aa3c678fe8c3b9924afdf8347b68858710776eb378b60afb4fba8f3cb,./results/models/stack/random/c/best.pt,"[{""action"":{""high_action"":""split"",""order_decision"":""only_cost""},""phase"":""high""},{""action"":{""candidate_id"":1,""schedule_alpha"":0.5},""phase"":""select""},{""action"":{""search_k"":1,""search_strategy"":""default""},""phase"":""search""},{""action"":{""execution_action"":""none"",""lip_action"":""none""},""phase"":""low""},{""action"":{""high_action"":""split"",""order_decision"":""only_cost""},""phase"":""high""},{""action"":{""candidate_id"":1,""schedule_alpha"":0.5},""phase"":""select""},{""action"":{""search_k"":1,""search_strategy"":""default""},""phase"":""search""},{""action"":{""execution_action"":""none"",""lip_action"":""none""},""phase"":""low""},{""action"":{""high_action"":""split"",""order_decision"":""only_cost""},""phase"":""high""},{""action"":{""candidate_id"":0,""schedule_alpha"":0.5},""phase"":""select""},{""action"":{""search_k"":1,""search_strategy"":""default""},""phase"":""search""},{""action"":{""execution_action"":""none"",""lip_action"":""none""},""phase"":""low""},{""action"":{""high_action"":""stop"",""order_decision"":""only_cost""},""phase"":""high""},{""action"":{""search_k"":1,""search_strategy"":""default""},""phase"":""search""},{""action"":{""execution_action"":""none"",""lip_action"":""none""},""phase"":""low""}]"
STACK,c,./workloads/query_stack/q15_c9619ad4.sql,Full NQO,690.070725977421,27.208000000000,ok,6bd4586b45a0439088c3cc815feb62cfd22926e30b74e207eb611081b13bc629,33,,1cdca1964f01cac0d511a215c3b92376fdbc35fbb6511d24e083f90391989773,5c2bbcbdc73dbe389ba5e566c367e9b570fec0b5f2ce24afbed07fd1e278e1d2,./results/models/stack/random/c/best.pt,"[{""action"":{""high_action"":""split"",""order_decision"":""only_cost""},""phase"":""high""},{""action"":{""candidate_id"":1,""schedule_alpha"":0.5},""phase"":""select""},{""action"":{""search_k"":1,""search_strategy"":""default""},""phase"":""search""},{""action"":{""execution_action"":""none"",""lip_action"":""none""},""phase"":""low""},{""action"":{""high_action"":""split"",""order_decision"":""only_cost""},""phase"":""high""},{""action"":{""candidate_id"":1,""schedule_alpha"":0.5},""phase"":""select""},{""action"":{""search_k"":1,""search_strategy"":""default""},""phase"":""search""},{""action"":{""execution_action"":""none"",""lip_action"":""none""},""phase"":""low""},{""action"":{""high_action"":""split"",""order_decision"":""only_cost""},""phase"":""high""},{""action"":{""candidate_id"":0,""schedule_alpha"":0.5},""phase"":""select""},{""action"":{""search_k"":1,""search_strategy"":""default""},""phase"":""search""},{""action"":{""execution_action"":""none"",""lip_action"":""none""},""phase"":""low""},{""action"":{""high_action"":""stop"",""order_decision"":""only_cost""},""phase"":""high""},{""action"":{""search_k"":1,""search_strategy"":""default""},""phase"":""search""},{""action"":{""execution_action"":""none"",""lip_action"":""none""},""phase"":""low""}]"
STACK,c,./workloads/query_stack/q16_1e863562.sql,Full NQO,3580.447450280190,27.025000000000,ok,d1e57e7b71a37991f5cbf6c0748694fc9ed5016441100b48bbd5f218abc2a3af,1,,5dc47d94290db128bb50d469b9c17ba3c48b11be70b5ddc358dbbfa44d83c769,64ddb81db488ce4e8c3cef1e2ae35524e08c909719ad9cc87e5782afd0856ae0,./results/models/stack/random/c/best.pt,"[{""action"":{""high_action"":""split"",""order_decision"":""only_cost""},""phase"":""high""},{""action"":{""candidate_id"":1,""schedule_alpha"":0.5},""phase"":""select""},{""action"":{""search_k"":1,""search_strategy"":""default""},""phase"":""search""},{""action"":{""execution_action"":""none"",""lip_action"":""none""},""phase"":""low""},{""action"":{""high_action"":""split"",""order_decision"":""only_cost""},""phase"":""high""},{""action"":{""candidate_id"":1,""schedule_alpha"":0.5},""phase"":""select""},{""action"":{""search_k"":1,""search_strategy"":""default""},""phase"":""search""},{""action"":{""execution_action"":""none"",""lip_action"":""none""},""phase"":""low""},{""action"":{""high_action"":""split"",""order_decision"":""only_cost""},""phase"":""high""},{""action"":{""candidate_id"":0,""schedule_alpha"":0.5},""phase"":""select""},{""action"":{""search_k"":1,""search_strategy"":""default""},""phase"":""search""},{""action"":{""execution_action"":""none"",""lip_action"":""none""},""phase"":""low""},{""action"":{""high_action"":""stop"",""order_decision"":""only_cost""},""phase"":""high""},{""action"":{""search_k"":1,""search_strategy"":""default""},""phase"":""search""},{""action"":{""execution_action"":""none"",""lip_action"":""none""},""phase"":""low""}]"
STACK,c,./workloads/query_stack/q16_b1a96cd4.sql,Full NQO,738.976828753948,27.420000000000,ok,41b58143a8eeb8fdec2ac943a75e5dce841e5f91f0195101e60066219d775f05,1,,f4819109218cea53d3274c7fbaecf662f4978ecbee217ff08a902d66aacf2db2,bfda2b75c81242490958eab36c019ca632dda885e748bdd1fdd4bb8f5b8f63de,./results/models/stack/random/c/best.pt,"[{""action"":{""high_action"":""split"",""order_decision"":""only_cost""},""phase"":""high""},{""action"":{""candidate_id"":1,""schedule_alpha"":0.5},""phase"":""select""},{""action"":{""search_k"":1,""search_strategy"":""default""},""phase"":""search""},{""action"":{""execution_action"":""none"",""lip_action"":""none""},""phase"":""low""},{""action"":{""high_action"":""split"",""order_decision"":""only_cost""},""phase"":""high""},{""action"":{""candidate_id"":1,""schedule_alpha"":0.5},""phase"":""select""},{""action"":{""search_k"":1,""search_strategy"":""default""},""phase"":""search""},{""action"":{""execution_action"":""none"",""lip_action"":""none""},""phase"":""low""},{""action"":{""high_action"":""split"",""order_decision"":""only_cost""},""phase"":""high""},{""action"":{""candidate_id"":0,""schedule_alpha"":0.5},""phase"":""select""},{""action"":{""search_k"":1,""search_strategy"":""default""},""phase"":""search""},{""action"":{""execution_action"":""none"",""lip_action"":""none""},""phase"":""low""},{""action"":{""high_action"":""stop"",""order_decision"":""only_cost""},""phase"":""high""},{""action"":{""search_k"":1,""search_strategy"":""default""},""phase"":""search""},{""action"":{""execution_action"":""none"",""lip_action"":""none""},""phase"":""low""}]"
STACK,c,./workloads/query_stack/q16_ea9efde5.sql,Full NQO,249.097466468811,26.782000000000,ok,ad066d12fc4fb54c3407e8d8ade387dbe9db61ad779fbaf8596895c87b6d15aa,1,,b3fe12cf7fe0c513d913dace4094084f268b70bb3e59010ec42f7d4a127f8017,62b9955d82dd45886b36acc8daf5471ecbc9d13f4ca5165f0f74a1f9b6da772a,./results/models/stack/random/c/best.pt,"[{""action"":{""high_action"":""split"",""order_decision"":""only_cost""},""phase"":""high""},{""action"":{""candidate_id"":1,""schedule_alpha"":0.5},""phase"":""select""},{""action"":{""search_k"":1,""search_strategy"":""default""},""phase"":""search""},{""action"":{""execution_action"":""none"",""lip_action"":""none""},""phase"":""low""},{""action"":{""high_action"":""split"",""order_decision"":""only_cost""},""phase"":""high""},{""action"":{""candidate_id"":1,""schedule_alpha"":0.5},""phase"":""select""},{""action"":{""search_k"":1,""search_strategy"":""default""},""phase"":""search""},{""action"":{""execution_action"":""none"",""lip_action"":""none""},""phase"":""low""},{""action"":{""high_action"":""split"",""order_decision"":""only_cost""},""phase"":""high""},{""action"":{""candidate_id"":0,""schedule_alpha"":0.5},""phase"":""select""},{""action"":{""search_k"":1,""search_strategy"":""default""},""phase"":""search""},{""action"":{""execution_action"":""none"",""lip_action"":""none""},""phase"":""low""},{""action"":{""high_action"":""stop"",""order_decision"":""only_cost""},""phase"":""high""},{""action"":{""search_k"":1,""search_strategy"":""default""},""phase"":""search""},{""action"":{""execution_action"":""none"",""lip_action"":""none""},""phase"":""low""}]"
STACK,c,./workloads/query_stack/q16_ed2ffeae.sql,Full NQO,1479.719355702400,27.071000000000,ok,1f5b522694ac21e12061ac5fe3b435c6d090355aa4909e541e8a2c0f591f9efe,1,,0ed1a5245443af9b36081f3c6b953e9c0532066f39c17ae5f5793d40ac23f5ed,2155891e56e3f50593ec03e88eb9837187e396a9dd99205f1c00346d0d125ae3,./results/models/stack/random/c/best.pt,"[{""action"":{""high_action"":""split"",""order_decision"":""only_cost""},""phase"":""high""},{""action"":{""candidate_id"":1,""schedule_alpha"":0.5},""phase"":""select""},{""action"":{""search_k"":1,""search_strategy"":""default""},""phase"":""search""},{""action"":{""execution_action"":""none"",""lip_action"":""none""},""phase"":""low""},{""action"":{""high_action"":""split"",""order_decision"":""only_cost""},""phase"":""high""},{""action"":{""candidate_id"":1,""schedule_alpha"":0.5},""phase"":""select""},{""action"":{""search_k"":1,""search_strategy"":""default""},""phase"":""search""},{""action"":{""execution_action"":""none"",""lip_action"":""none""},""phase"":""low""},{""action"":{""high_action"":""split"",""order_decision"":""only_cost""},""phase"":""high""},{""action"":{""candidate_id"":0,""schedule_alpha"":0.5},""phase"":""select""},{""action"":{""search_k"":1,""search_strategy"":""default""},""phase"":""search""},{""action"":{""execution_action"":""none"",""lip_action"":""none""},""phase"":""low""},{""action"":{""high_action"":""stop"",""order_decision"":""only_cost""},""phase"":""high""},{""action"":{""search_k"":1,""search_strategy"":""default""},""phase"":""search""},{""action"":{""execution_action"":""none"",""lip_action"":""none""},""phase"":""low""}]"
STACK,c,./workloads/query_stack/q16_fbe34e8f.sql,Full NQO,2713.898457586765,27.655000000000,ok,7202cb33d764a70a4db92f7ee198c34db2e7d59491dc31cc3c655d406dc29487,1,,e47f54cb088ac9cee8bc4c03fad7e5fb0a53217f68b912cd593b67f5d251c8d6,13235db3b40f5741816b4c5babef9b039e01410528f3291f14019ccb4d266c77,./results/models/stack/random/c/best.pt,"[{""action"":{""high_action"":""split"",""order_decision"":""only_cost""},""phase"":""high""},{""action"":{""candidate_id"":1,""schedule_alpha"":0.5},""phase"":""select""},{""action"":{""search_k"":1,""search_strategy"":""default""},""phase"":""search""},{""action"":{""execution_action"":""none"",""lip_action"":""none""},""phase"":""low""},{""action"":{""high_action"":""split"",""order_decision"":""only_cost""},""phase"":""high""},{""action"":{""candidate_id"":1,""schedule_alpha"":0.5},""phase"":""select""},{""action"":{""search_k"":1,""search_strategy"":""default""},""phase"":""search""},{""action"":{""execution_action"":""none"",""lip_action"":""none""},""phase"":""low""},{""action"":{""high_action"":""split"",""order_decision"":""only_cost""},""phase"":""high""},{""action"":{""candidate_id"":0,""schedule_alpha"":0.5},""phase"":""select""},{""action"":{""search_k"":1,""search_strategy"":""default""},""phase"":""search""},{""action"":{""execution_action"":""none"",""lip_action"":""none""},""phase"":""low""},{""action"":{""high_action"":""stop"",""order_decision"":""only_cost""},""phase"":""high""},{""action"":{""search_k"":1,""search_strategy"":""default""},""phase"":""search""},{""action"":{""execution_action"":""none"",""lip_action"":""none""},""phase"":""low""}]"
STACK,c,./workloads/query_stack/q1_q1-031.sql,Full NQO,53.383074700832,25.790952146053,timeout,,,,2384f70bdb3611435f8512ae6442d30159356535fae06d4cfbf5ebdad2522178,50449ccc4cb3c3783bdd2f154ba5265f965d6d8d519c647d146841e1dfe83848,./results/models/stack/random/c/best.pt,"[{""action"":{""high_action"":""split"",""order_decision"":""only_cost""},""phase"":""high""}]"
STACK,c,./workloads/query_stack/q1_q1-035.sql,Full NQO,60.430839657784,19.635856151581,timeout,,,,55627a5132182f128d13097990aeef95d0d16d9ea7e7872a411c2a0568510c98,8d5d59e9b7f5dcc497a08ec5ee7a02ffef05b9128af7b49b58161f21b63b3610,./results/models/stack/random/c/best.pt,"[{""action"":{""high_action"":""split"",""order_decision"":""only_cost""},""phase"":""high""}]"
STACK,c,./workloads/query_stack/q2_q2-094.sql,Full NQO,1087.936013936996,193.527000000000,ok,d0d8cdab081896241156e9724fb3acb1c9cffd1c34bf78ea9c055b48168fda45,17,,079073b4554453acc6b0dc5f39c2f1ecdd2afc2ecc43d5c632684328d129f0e3,265d06d441a1b15e87afb3fe8133bfbd705ef1ad1b227ad340758ac2d4a64951,./results/models/stack/random/c/best.pt,"[{""action"":{""high_action"":""split"",""order_decision"":""only_cost""},""phase"":""high""},{""action"":{""candidate_id"":0,""schedule_alpha"":0.5},""phase"":""select""},{""action"":{""search_k"":1,""search_strategy"":""default""},""phase"":""search""},{""action"":{""execution_action"":""none"",""lip_action"":""none""},""phase"":""low""},{""action"":{""high_action"":""split"",""order_decision"":""only_cost""},""phase"":""high""},{""action"":{""candidate_id"":3,""schedule_alpha"":0.5},""phase"":""select""},{""action"":{""search_k"":1,""search_strategy"":""default""},""phase"":""search""},{""action"":{""execution_action"":""none"",""lip_action"":""none""},""phase"":""low""},{""action"":{""high_action"":""split"",""order_decision"":""only_cost""},""phase"":""high""},{""action"":{""candidate_id"":1,""schedule_alpha"":0.5},""phase"":""select""},{""action"":{""search_k"":1,""search_strategy"":""default""},""phase"":""search""},{""action"":{""execution_action"":""none"",""lip_action"":""none""},""phase"":""low""},{""action"":{""high_action"":""split"",""order_decision"":""only_cost""},""phase"":""high""},{""action"":{""candidate_id"":3,""schedule_alpha"":0.5},""phase"":""select""},{""action"":{""search_k"":1,""search_strategy"":""default""},""phase"":""search""},{""action"":{""execution_action"":""none"",""lip_action"":""none""},""phase"":""low""},{""action"":{""high_action"":""split"",""order_decision"":""only_cost""},""phase"":""high""},{""action"":{""candidate_id"":0,""schedule_alpha"":0.5},""phase"":""select""},{""action"":{""search_k"":1,""search_strategy"":""default""},""phase"":""search""},{""action"":{""execution_action"":""none"",""lip_action"":""none""},""phase"":""low""},{""action"":{""high_action"":""split"",""order_decision"":""only_cost""},""phase"":""high""},{""action"":{""candidate_id"":0,""schedule_alpha"":0.5},""phase"":""select""},{""action"":{""search_k"":1,""search_strategy"":""default""},""phase"":""search""},{""action"":{""execution_action"":""none"",""lip_action"":""none""},""phase"":""low""},{""action"":{""high_action"":""split"",""order_decision"":""only_cost""},""phase"":""high""},{""action"":{""candidate_id"":1,""schedule_alpha"":0.5},""phase"":""select""},{""action"":{""search_k"":1,""search_strategy"":""default""},""phase"":""search""},{""action"":{""execution_action"":""none"",""lip_action"":""none""},""phase"":""low""},{""action"":{""high_action"":""stop"",""order_decision"":""only_cost""},""phase"":""high""},{""action"":{""search_k"":1,""search_strategy"":""default""},""phase"":""search""},{""action"":{""execution_action"":""conservative"",""lip_action"":""selective""},""phase"":""low""}]"
STACK,c,./workloads/query_stack/q3_q3-066.sql,Full NQO,1052.268885076046,159.074000000000,ok,8e1e8f5d1a4199b0ebf310296b9f7f61e32ae978687b0c87cb3da769ebd6e5f3,1,,7134b4bc49e557cba23eb4b744690c99bb333f5f5edca5da740f32eba3479806,3caed833d33257b36e632a1e14ffacb6b75ce5bbd3ce714ea05b3f214b96172c,./results/models/stack/random/c/best.pt,"[{""action"":{""high_action"":""split"",""order_decision"":""only_cost""},""phase"":""high""},{""action"":{""candidate_id"":0,""schedule_alpha"":0.5},""phase"":""select""},{""action"":{""search_k"":1,""search_strategy"":""default""},""phase"":""search""},{""action"":{""execution_action"":""none"",""lip_action"":""none""},""phase"":""low""},{""action"":{""high_action"":""split"",""order_decision"":""only_cost""},""phase"":""high""},{""action"":{""candidate_id"":4,""schedule_alpha"":0.5},""phase"":""select""},{""action"":{""search_k"":1,""search_strategy"":""default""},""phase"":""search""},{""action"":{""execution_action"":""none"",""lip_action"":""none""},""phase"":""low""},{""action"":{""high_action"":""split"",""order_decision"":""only_cost""},""phase"":""high""},{""action"":{""candidate_id"":2,""schedule_alpha"":0.5},""phase"":""select""},{""action"":{""search_k"":1,""search_strategy"":""default""},""phase"":""search""},{""action"":{""execution_action"":""none"",""lip_action"":""none""},""phase"":""low""},{""action"":{""high_action"":""split"",""order_decision"":""only_cost""},""phase"":""high""},{""action"":{""candidate_id"":4,""schedule_alpha"":0.5},""phase"":""select""},{""action"":{""search_k"":1,""search_strategy"":""default""},""phase"":""search""},{""action"":{""execution_action"":""none"",""lip_action"":""none""},""phase"":""low""},{""action"":{""high_action"":""split"",""order_decision"":""only_cost""},""phase"":""high""},{""action"":{""candidate_id"":0,""schedule_alpha"":0.5},""phase"":""select""},{""action"":{""search_k"":1,""search_strategy"":""default""},""phase"":""search""},{""action"":{""execution_action"":""none"",""lip_action"":""none""},""phase"":""low""},{""action"":{""high_action"":""split"",""order_decision"":""only_cost""},""phase"":""high""},{""action"":{""candidate_id"":0,""schedule_alpha"":0.5},""phase"":""select""},{""action"":{""search_k"":1,""search_strategy"":""default""},""phase"":""search""},{""action"":{""execution_action"":""none"",""lip_action"":""none""},""phase"":""low""},{""action"":{""high_action"":""split"",""order_decision"":""only_cost""},""phase"":""high""},{""action"":{""candidate_id"":1,""schedule_alpha"":0.5},""phase"":""select""},{""action"":{""search_k"":1,""search_strategy"":""default""},""phase"":""search""},{""action"":{""execution_action"":""none"",""lip_action"":""none""},""phase"":""low""},{""action"":{""high_action"":""stop"",""order_decision"":""only_cost""},""phase"":""high""},{""action"":{""search_k"":1,""search_strategy"":""default""},""phase"":""search""},{""action"":{""execution_action"":""conservative"",""lip_action"":""selective""},""phase"":""low""}]"
STACK,c,./workloads/query_stack/q3_q3-068.sql,Full NQO,1828.699633479118,57.228000000000,ok,15ad17c1ee3ad2b2e90a786f175ae3444bf0014bf70e31f1019f72ed9a18b52a,1,,20fdf39e506792d619008bb9204a187a34af177bb3e9af0b8b8f9549238f1d95,409ad07ed58bf1a29a271fac2f8427abeb85d41e305c6a46d717dd3d6e06fe48,./results/models/stack/random/c/best.pt,"[{""action"":{""high_action"":""split"",""order_decision"":""only_cost""},""phase"":""high""},{""action"":{""candidate_id"":0,""schedule_alpha"":0.5},""phase"":""select""},{""action"":{""search_k"":1,""search_strategy"":""default""},""phase"":""search""},{""action"":{""execution_action"":""none"",""lip_action"":""none""},""phase"":""low""},{""action"":{""high_action"":""split"",""order_decision"":""only_cost""},""phase"":""high""},{""action"":{""candidate_id"":4,""schedule_alpha"":0.5},""phase"":""select""},{""action"":{""search_k"":1,""search_strategy"":""default""},""phase"":""search""},{""action"":{""execution_action"":""none"",""lip_action"":""none""},""phase"":""low""},{""action"":{""high_action"":""split"",""order_decision"":""only_cost""},""phase"":""high""},{""action"":{""candidate_id"":2,""schedule_alpha"":0.5},""phase"":""select""},{""action"":{""search_k"":1,""search_strategy"":""default""},""phase"":""search""},{""action"":{""execution_action"":""none"",""lip_action"":""none""},""phase"":""low""},{""action"":{""high_action"":""split"",""order_decision"":""only_cost""},""phase"":""high""},{""action"":{""candidate_id"":4,""schedule_alpha"":0.5},""phase"":""select""},{""action"":{""search_k"":1,""search_strategy"":""default""},""phase"":""search""},{""action"":{""execution_action"":""none"",""lip_action"":""none""},""phase"":""low""},{""action"":{""high_action"":""split"",""order_decision"":""only_cost""},""phase"":""high""},{""action"":{""candidate_id"":3,""schedule_alpha"":0.5},""phase"":""select""},{""action"":{""search_k"":1,""search_strategy"":""default""},""phase"":""search""},{""action"":{""execution_action"":""none"",""lip_action"":""none""},""phase"":""low""},{""action"":{""high_action"":""split"",""order_decision"":""only_cost""},""phase"":""high""},{""action"":{""candidate_id"":0,""schedule_alpha"":0.5},""phase"":""select""},{""action"":{""search_k"":1,""search_strategy"":""default""},""phase"":""search""},{""action"":{""execution_action"":""none"",""lip_action"":""none""},""phase"":""low""},{""action"":{""high_action"":""split"",""order_decision"":""only_cost""},""phase"":""high""},{""action"":{""candidate_id"":1,""schedule_alpha"":0.5},""phase"":""select""},{""action"":{""search_k"":1,""search_strategy"":""default""},""phase"":""search""},{""action"":{""execution_action"":""none"",""lip_action"":""none""},""phase"":""low""},{""action"":{""high_action"":""stop"",""order_decision"":""only_cost""},""phase"":""high""},{""action"":{""search_k"":1,""search_strategy"":""default""},""phase"":""search""},{""action"":{""execution_action"":""none"",""lip_action"":""none""},""phase"":""low""}]"
STACK,c,./workloads/query_stack/q3_q3-099.sql,Full NQO,553.339958190918,188.942000000000,ok,fa879e4fc50b8c9696eb4dbd6a0b301941889f11c3953bede1a1f9308c6c8618,1,,8a24de58b74abe30a7192e5e681d1695956a79beadbdabc3522640fe4fbbf175,9f9b46abb5f30e878474a60766932b64594b21d71a0000f489270915b1df78a1,./results/models/stack/random/c/best.pt,"[{""action"":{""high_action"":""split"",""order_decision"":""only_cost""},""phase"":""high""},{""action"":{""candidate_id"":5,""schedule_alpha"":0.5},""phase"":""select""},{""action"":{""search_k"":1,""search_strategy"":""default""},""phase"":""search""},{""action"":{""execution_action"":""none"",""lip_action"":""none""},""phase"":""low""},{""action"":{""high_action"":""split"",""order_decision"":""only_cost""},""phase"":""high""},{""action"":{""candidate_id"":6,""schedule_alpha"":0.5},""phase"":""select""},{""action"":{""search_k"":1,""search_strategy"":""default""},""phase"":""search""},{""action"":{""execution_action"":""none"",""lip_action"":""none""},""phase"":""low""},{""action"":{""high_action"":""split"",""order_decision"":""only_cost""},""phase"":""high""},{""action"":{""candidate_id"":0,""schedule_alpha"":0.5},""phase"":""select""},{""action"":{""search_k"":1,""search_strategy"":""default""},""phase"":""search""},{""action"":{""execution_action"":""none"",""lip_action"":""none""},""phase"":""low""},{""action"":{""high_action"":""split"",""order_decision"":""only_cost""},""phase"":""high""},{""action"":{""candidate_id"":2,""schedule_alpha"":0.5},""phase"":""select""},{""action"":{""search_k"":1,""search_strategy"":""default""},""phase"":""search""},{""action"":{""execution_action"":""none"",""lip_action"":""none""},""phase"":""low""},{""action"":{""high_action"":""split"",""order_decision"":""only_cost""},""phase"":""high""},{""action"":{""candidate_id"":0,""schedule_alpha"":0.5},""phase"":""select""},{""action"":{""search_k"":1,""search_strategy"":""default""},""phase"":""search""},{""action"":{""execution_action"":""none"",""lip_action"":""none""},""phase"":""low""},{""action"":{""high_action"":""split"",""order_decision"":""only_cost""},""phase"":""high""},{""action"":{""candidate_id"":2,""schedule_alpha"":0.5},""phase"":""select""},{""action"":{""search_k"":1,""search_strategy"":""default""},""phase"":""search""},{""action"":{""execution_action"":""none"",""lip_action"":""none""},""phase"":""low""},{""action"":{""high_action"":""split"",""order_decision"":""only_cost""},""phase"":""high""},{""action"":{""candidate_id"":0,""schedule_alpha"":0.5},""phase"":""select""},{""action"":{""search_k"":1,""search_strategy"":""default""},""phase"":""search""},{""action"":{""execution_action"":""none"",""lip_action"":""none""},""phase"":""low""},{""action"":{""high_action"":""stop"",""order_decision"":""only_cost""},""phase"":""high""},{""action"":{""search_k"":1,""search_strategy"":""default""},""phase"":""search""},{""action"":{""execution_action"":""conservative"",""lip_action"":""selective""},""phase"":""low""}]"
STACK,c,./workloads/query_stack/q4_q4-074.sql,Full NQO,356.764964759350,34.175000000000,ok,52364deeccd5ed1ad0488d008c0dbde2320a4be5c9fd243b9a1b6315f8633526,1,,fdbb767a1b391d7437b3e5be411e0344295cc4f79c1ff73569cb0a9bc7adfb4a,2b820f2b3b1bbb2b9434663d47ddb18623a8a1e844c4d0440c1baa02e5a81cca,./results/models/stack/random/c/best.pt,"[{""action"":{""high_action"":""split"",""order_decision"":""only_cost""},""phase"":""high""},{""action"":{""candidate_id"":0,""schedule_alpha"":0.5},""phase"":""select""},{""action"":{""search_k"":1,""search_strategy"":""default""},""phase"":""search""},{""action"":{""execution_action"":""none"",""lip_action"":""none""},""phase"":""low""},{""action"":{""high_action"":""split"",""order_decision"":""only_cost""},""phase"":""high""},{""action"":{""candidate_id"":2,""schedule_alpha"":0.5},""phase"":""select""},{""action"":{""search_k"":1,""search_strategy"":""default""},""phase"":""search""},{""action"":{""execution_action"":""none"",""lip_action"":""none""},""phase"":""low""},{""action"":{""high_action"":""split"",""order_decision"":""only_cost""},""phase"":""high""},{""action"":{""candidate_id"":0,""schedule_alpha"":0.5},""phase"":""select""},{""action"":{""search_k"":1,""search_strategy"":""default""},""phase"":""search""},{""action"":{""execution_action"":""none"",""lip_action"":""none""},""phase"":""low""},{""action"":{""high_action"":""split"",""order_decision"":""only_cost""},""phase"":""high""},{""action"":{""candidate_id"":0,""schedule_alpha"":0.5},""phase"":""select""},{""action"":{""search_k"":1,""search_strategy"":""default""},""phase"":""search""},{""action"":{""execution_action"":""none"",""lip_action"":""none""},""phase"":""low""},{""action"":{""high_action"":""stop"",""order_decision"":""only_cost""},""phase"":""high""},{""action"":{""search_k"":1,""search_strategy"":""default""},""phase"":""search""},{""action"":{""execution_action"":""none"",""lip_action"":""none""},""phase"":""low""}]"
STACK,c,./workloads/query_stack/q5_q5-015.sql,Full NQO,63.655689358711,32.610000000000,ok,1858f04d363cf5872d24a5f919513b6bbc758306539d1fb71c7d8ae739b7dde3,1,,b1e7a380fc9105c7e1d268da9db7ae88bc5449bbc9ee49afc5210296ffc6cf9f,f22a62789e6d207e0c2a8554ad10159058e61ec6a1b519fabad7e9ec543f2e92,./results/models/stack/random/c/best.pt,"[{""action"":{""high_action"":""split"",""order_decision"":""only_cost""},""phase"":""high""},{""action"":{""candidate_id"":0,""schedule_alpha"":0.5},""phase"":""select""},{""action"":{""search_k"":1,""search_strategy"":""default""},""phase"":""search""},{""action"":{""execution_action"":""none"",""lip_action"":""none""},""phase"":""low""},{""action"":{""high_action"":""split"",""order_decision"":""only_cost""},""phase"":""high""},{""action"":{""candidate_id"":1,""schedule_alpha"":0.5},""phase"":""select""},{""action"":{""search_k"":1,""search_strategy"":""default""},""phase"":""search""},{""action"":{""execution_action"":""none"",""lip_action"":""none""},""phase"":""low""},{""action"":{""high_action"":""split"",""order_decision"":""only_cost""},""phase"":""high""},{""action"":{""candidate_id"":0,""schedule_alpha"":0.5},""phase"":""select""},{""action"":{""search_k"":1,""search_strategy"":""default""},""phase"":""search""},{""action"":{""execution_action"":""none"",""lip_action"":""none""},""phase"":""low""},{""action"":{""high_action"":""split"",""order_decision"":""only_cost""},""phase"":""high""},{""action"":{""candidate_id"":1,""schedule_alpha"":0.5},""phase"":""select""},{""action"":{""search_k"":1,""search_strategy"":""default""},""phase"":""search""},{""action"":{""execution_action"":""none"",""lip_action"":""none""},""phase"":""low""},{""action"":{""high_action"":""stop"",""order_decision"":""only_cost""},""phase"":""high""},{""action"":{""search_k"":1,""search_strategy"":""default""},""phase"":""search""},{""action"":{""execution_action"":""none"",""lip_action"":""none""},""phase"":""low""}]"
STACK,c,./workloads/query_stack/q5_q5-077.sql,Full NQO,77.325478196144,33.214000000000,ok,2bb4771eebb7b47365089a6a19756f2e83053e8323d7cd31fa1b6cfcfa7c9c64,1,,c557a01106e5cf12166a22b6dd9f77c690dcfea28c3fd1ae973063ddb20dcb41,5589c71cd2e0c23dc7ea3d3592bc7f6b92be6c833fc247d3acfbf9cb33ca8a46,./results/models/stack/random/c/best.pt,"[{""action"":{""high_action"":""split"",""order_decision"":""only_cost""},""phase"":""high""},{""action"":{""candidate_id"":0,""schedule_alpha"":0.5},""phase"":""select""},{""action"":{""search_k"":1,""search_strategy"":""default""},""phase"":""search""},{""action"":{""execution_action"":""none"",""lip_action"":""none""},""phase"":""low""},{""action"":{""high_action"":""split"",""order_decision"":""only_cost""},""phase"":""high""},{""action"":{""candidate_id"":1,""schedule_alpha"":0.5},""phase"":""select""},{""action"":{""search_k"":1,""search_strategy"":""default""},""phase"":""search""},{""action"":{""execution_action"":""none"",""lip_action"":""none""},""phase"":""low""},{""action"":{""high_action"":""split"",""order_decision"":""only_cost""},""phase"":""high""},{""action"":{""candidate_id"":0,""schedule_alpha"":0.5},""phase"":""select""},{""action"":{""search_k"":1,""search_strategy"":""default""},""phase"":""search""},{""action"":{""execution_action"":""none"",""lip_action"":""none""},""phase"":""low""},{""action"":{""high_action"":""split"",""order_decision"":""only_cost""},""phase"":""high""},{""action"":{""candidate_id"":0,""schedule_alpha"":0.5},""phase"":""select""},{""action"":{""search_k"":1,""search_strategy"":""default""},""phase"":""search""},{""action"":{""execution_action"":""none"",""lip_action"":""none""},""phase"":""low""},{""action"":{""high_action"":""stop"",""order_decision"":""only_cost""},""phase"":""high""},{""action"":{""search_k"":1,""search_strategy"":""default""},""phase"":""search""},{""action"":{""execution_action"":""none"",""lip_action"":""none""},""phase"":""low""}]"
STACK,c,./workloads/query_stack/q6_q6-009.sql,Full NQO,68.887986242771,31.078000000000,ok,2bb4771eebb7b47365089a6a19756f2e83053e8323d7cd31fa1b6cfcfa7c9c64,1,,e9a94a2551e6d9ee3bc10eede4cecf0f7a48a75f0c44b62da2b66a03b19b911c,ce5d66af01f58ba1c6787650cf4c3db24a610f91063e9352e2bd11ca3443e493,./results/models/stack/random/c/best.pt,"[{""action"":{""high_action"":""split"",""order_decision"":""only_cost""},""phase"":""high""},{""action"":{""candidate_id"":0,""schedule_alpha"":0.5},""phase"":""select""},{""action"":{""search_k"":1,""search_strategy"":""default""},""phase"":""search""},{""action"":{""execution_action"":""none"",""lip_action"":""none""},""phase"":""low""},{""action"":{""high_action"":""split"",""order_decision"":""only_cost""},""phase"":""high""},{""action"":{""candidate_id"":1,""schedule_alpha"":0.5},""phase"":""select""},{""action"":{""search_k"":1,""search_strategy"":""default""},""phase"":""search""},{""action"":{""execution_action"":""none"",""lip_action"":""none""},""phase"":""low""},{""action"":{""high_action"":""split"",""order_decision"":""only_cost""},""phase"":""high""},{""action"":{""candidate_id"":0,""schedule_alpha"":0.5},""phase"":""select""},{""action"":{""search_k"":1,""search_strategy"":""default""},""phase"":""search""},{""action"":{""execution_action"":""none"",""lip_action"":""none""},""phase"":""low""},{""action"":{""high_action"":""split"",""order_decision"":""only_cost""},""phase"":""high""},{""action"":{""candidate_id"":1,""schedule_alpha"":0.5},""phase"":""select""},{""action"":{""search_k"":1,""search_strategy"":""default""},""phase"":""search""},{""action"":{""execution_action"":""none"",""lip_action"":""none""},""phase"":""low""},{""action"":{""high_action"":""stop"",""order_decision"":""only_cost""},""phase"":""high""},{""action"":{""search_k"":1,""search_strategy"":""default""},""phase"":""search""},{""action"":{""execution_action"":""none"",""lip_action"":""none""},""phase"":""low""}]"
STACK,c,./workloads/query_stack/q6_q6-069.sql,Full NQO,72.303093969822,33.312000000000,ok,ad2301e16f8ac0e556a59dd245bfdf55c48548fd352f0cf92a385882c89aebbd,1,,1342a950869485969d7a821c4acdb8308076671bf4deb6c98bf91a1e8b77972e,0017d405d2510fb9bf0e7901ce588863cd623180c180b21b70a3f6835433044c,./results/models/stack/random/c/best.pt,"[{""action"":{""high_action"":""split"",""order_decision"":""only_cost""},""phase"":""high""},{""action"":{""candidate_id"":0,""schedule_alpha"":0.5},""phase"":""select""},{""action"":{""search_k"":1,""search_strategy"":""default""},""phase"":""search""},{""action"":{""execution_action"":""none"",""lip_action"":""none""},""phase"":""low""},{""action"":{""high_action"":""split"",""order_decision"":""only_cost""},""phase"":""high""},{""action"":{""candidate_id"":1,""schedule_alpha"":0.5},""phase"":""select""},{""action"":{""search_k"":1,""search_strategy"":""default""},""phase"":""search""},{""action"":{""execution_action"":""none"",""lip_action"":""none""},""phase"":""low""},{""action"":{""high_action"":""split"",""order_decision"":""only_cost""},""phase"":""high""},{""action"":{""candidate_id"":0,""schedule_alpha"":0.5},""phase"":""select""},{""action"":{""search_k"":1,""search_strategy"":""default""},""phase"":""search""},{""action"":{""execution_action"":""none"",""lip_action"":""none""},""phase"":""low""},{""action"":{""high_action"":""split"",""order_decision"":""only_cost""},""phase"":""high""},{""action"":{""candidate_id"":1,""schedule_alpha"":0.5},""phase"":""select""},{""action"":{""search_k"":1,""search_strategy"":""default""},""phase"":""search""},{""action"":{""execution_action"":""none"",""lip_action"":""none""},""phase"":""low""},{""action"":{""high_action"":""stop"",""order_decision"":""only_cost""},""phase"":""high""},{""action"":{""search_k"":1,""search_strategy"":""default""},""phase"":""search""},{""action"":{""execution_action"":""none"",""lip_action"":""none""},""phase"":""low""}]"
STACK,c,./workloads/query_stack/q7_q7-034.sql,Full NQO,5399.835363030434,17.875000000000,ok,fa879e4fc50b8c9696eb4dbd6a0b301941889f11c3953bede1a1f9308c6c8618,1,,c11de721d05106b15cd0c3283053207cb534833814dc45392c7559f5e1d8249d,adb6686c520e7db84bbda144852402d8eb645cbbd669c6a4d64b1913ba32db3a,./results/models/stack/random/c/best.pt,"[{""action"":{""high_action"":""split"",""order_decision"":""only_cost""},""phase"":""high""},{""action"":{""candidate_id"":2,""schedule_alpha"":0.5},""phase"":""select""},{""action"":{""search_k"":1,""search_strategy"":""default""},""phase"":""search""},{""action"":{""execution_action"":""none"",""lip_action"":""none""},""phase"":""low""},{""action"":{""high_action"":""split"",""order_decision"":""only_cost""},""phase"":""high""},{""action"":{""candidate_id"":1,""schedule_alpha"":0.5},""phase"":""select""},{""action"":{""search_k"":1,""search_strategy"":""default""},""phase"":""search""},{""action"":{""execution_action"":""none"",""lip_action"":""none""},""phase"":""low""},{""action"":{""high_action"":""stop"",""order_decision"":""only_cost""},""phase"":""high""},{""action"":{""search_k"":1,""search_strategy"":""default""},""phase"":""search""},{""action"":{""execution_action"":""none"",""lip_action"":""none""},""phase"":""low""}]"
STACK,c,./workloads/query_stack/q7_q7-077.sql,Full NQO,5553.531028330326,19.034000000000,ok,91ceb6f253ad07a97c56603d48d7757d57db954f6118e3b861b1b2a27fffc679,1,,ad708d1064a4a92cd613c209922639a671554338795557cdcd45a3b6c7320fc1,69ff8e64b0b1a204b5dee7d8d2d53152b7b8bb2329a7f9452f125658d7e0ca44,./results/models/stack/random/c/best.pt,"[{""action"":{""high_action"":""split"",""order_decision"":""only_cost""},""phase"":""high""},{""action"":{""candidate_id"":1,""schedule_alpha"":0.5},""phase"":""select""},{""action"":{""search_k"":1,""search_strategy"":""default""},""phase"":""search""},{""action"":{""execution_action"":""none"",""lip_action"":""none""},""phase"":""low""},{""action"":{""high_action"":""split"",""order_decision"":""only_cost""},""phase"":""high""},{""action"":{""candidate_id"":1,""schedule_alpha"":0.5},""phase"":""select""},{""action"":{""search_k"":1,""search_strategy"":""default""},""phase"":""search""},{""action"":{""execution_action"":""none"",""lip_action"":""none""},""phase"":""low""},{""action"":{""high_action"":""stop"",""order_decision"":""only_cost""},""phase"":""high""},{""action"":{""search_k"":1,""search_strategy"":""default""},""phase"":""search""},{""action"":{""execution_action"":""none"",""lip_action"":""none""},""phase"":""low""}]"
STACK,c,./workloads/query_stack/q7_q7-082.sql,Full NQO,5424.683369696140,19.594000000000,ok,64043c6a0d07cdab8939a506f1a097454642c5f07efa20f7d4c6ef417b0776a6,1,,466075e19bbcc2ac6739ee8f6e4dd3721b15fceec510844b49fc976e980957be,4f2f352d638396c0b874fcdbe87b1ce487980046f15b2783a888fb98276138da,./results/models/stack/random/c/best.pt,"[{""action"":{""high_action"":""split"",""order_decision"":""only_cost""},""phase"":""high""},{""action"":{""candidate_id"":1,""schedule_alpha"":0.5},""phase"":""select""},{""action"":{""search_k"":1,""search_strategy"":""default""},""phase"":""search""},{""action"":{""execution_action"":""none"",""lip_action"":""none""},""phase"":""low""},{""action"":{""high_action"":""split"",""order_decision"":""only_cost""},""phase"":""high""},{""action"":{""candidate_id"":1,""schedule_alpha"":0.5},""phase"":""select""},{""action"":{""search_k"":1,""search_strategy"":""default""},""phase"":""search""},{""action"":{""execution_action"":""none"",""lip_action"":""none""},""phase"":""low""},{""action"":{""high_action"":""stop"",""order_decision"":""only_cost""},""phase"":""high""},{""action"":{""search_k"":1,""search_strategy"":""default""},""phase"":""search""},{""action"":{""execution_action"":""none"",""lip_action"":""none""},""phase"":""low""}]"
STACK,c,./workloads/query_stack/q8_q8-025.sql,Full NQO,1578.901894390583,62.522381544113,timeout,,,,6a56f4e256067ca60c36684c59fb70f354ae39ac394b526efa52eb97f5645fc0,75f6a9f80561db27157f0a975e7e2232427f67cad8e16865f6e0a585183abeb2,./results/models/stack/random/c/best.pt,"[{""action"":{""high_action"":""split"",""order_decision"":""only_cost""},""phase"":""high""},{""action"":{""candidate_id"":3,""schedule_alpha"":0.5},""phase"":""select""},{""action"":{""search_k"":1,""search_strategy"":""default""},""phase"":""search""},{""action"":{""execution_action"":""none"",""lip_action"":""none""},""phase"":""low""}]"
STACK,c,./workloads/query_stack/q8_q8-046.sql,Full NQO,1487.167328596115,62.413163483143,timeout,,,,5d8f31c48e544decf9cf3c6b7c0e8beb70acfaec575fd8f99dcb23dd7a883d28,c9fd520e191fe622044d064e4684f90d652bacbd242ea8d5513af45c157313a3,./results/models/stack/random/c/best.pt,"[{""action"":{""high_action"":""split"",""order_decision"":""only_cost""},""phase"":""high""},{""action"":{""candidate_id"":3,""schedule_alpha"":0.5},""phase"":""select""},{""action"":{""search_k"":1,""search_strategy"":""default""},""phase"":""search""},{""action"":{""execution_action"":""none"",""lip_action"":""none""},""phase"":""low""}]"
STACK,c,./workloads/query_stack/q8_q8-062.sql,Full NQO,1576.657183468342,59.309236705303,timeout,,,,f724a8e42a991a5e02cbaccbf5207ae0be5f5312321a59d9cb46c50f3e2c3359,8df1d9bfcd750deb9b5cb8325d71b5a755ef1d5a2e48872e969dc193d2205142,./results/models/stack/random/c/best.pt,"[{""action"":{""high_action"":""split"",""order_decision"":""only_cost""},""phase"":""high""},{""action"":{""candidate_id"":3,""schedule_alpha"":0.5},""phase"":""select""},{""action"":{""search_k"":1,""search_strategy"":""default""},""phase"":""search""},{""action"":{""execution_action"":""none"",""lip_action"":""none""},""phase"":""low""}]"
STACK,c,./workloads/query_stack/q8_q8-065.sql,Full NQO,1588.566824793816,64.018823206425,timeout,,,,0952ae99dbb7f351f1056fb3fdf893f6e86b71ae99879359a115d01dd7055490,5ad5d125fb7e382cfd826b3cf394d506c6aafbefee6e30cba85286ffb4747927,./results/models/stack/random/c/best.pt,"[{""action"":{""high_action"":""split"",""order_decision"":""only_cost""},""phase"":""high""},{""action"":{""candidate_id"":3,""schedule_alpha"":0.5},""phase"":""select""},{""action"":{""search_k"":1,""search_strategy"":""default""},""phase"":""search""},{""action"":{""execution_action"":""none"",""lip_action"":""none""},""phase"":""low""}]"
STACK,c,./workloads/query_stack/q8_q8-074.sql,Full NQO,1531.034111976624,61.014249920845,timeout,,,,e5c10310d9e85b1aa09e2030351b90ad7376f8572b0b20685d8c8688fcf29ad2,dc530e8a28e799128627d4313107f4c5038b6f6ec32106224d606fd53ba724af,./results/models/stack/random/c/best.pt,"[{""action"":{""high_action"":""split"",""order_decision"":""only_cost""},""phase"":""high""},{""action"":{""candidate_id"":3,""schedule_alpha"":0.5},""phase"":""select""},{""action"":{""search_k"":1,""search_strategy"":""default""},""phase"":""search""},{""action"":{""execution_action"":""none"",""lip_action"":""none""},""phase"":""low""}]"
STACK,c,./workloads/query_stack/q8_q8-096.sql,Full NQO,1562.350094318390,62.328509986401,timeout,,,,539218256395e277b14b55f37615b9e88c0fea28848c00d5fd2f0f088b726e33,9a3917c5814e862c7b70fc293d28179e31a95b9b2c543494a51227e2c2173cbf,./results/models/stack/random/c/best.pt,"[{""action"":{""high_action"":""split"",""order_decision"":""only_cost""},""phase"":""high""},{""action"":{""candidate_id"":3,""schedule_alpha"":0.5},""phase"":""select""},{""action"":{""search_k"":1,""search_strategy"":""default""},""phase"":""search""},{""action"":{""execution_action"":""none"",""lip_action"":""none""},""phase"":""low""}]"
STACK,a,./workloads/query_stack/q11_0ea8bacd.sql,One-step RL,276.419788599014,36.464000000000,ok,e349f2f2474df8d4f2d41b1fc06430a33d5c22c90af8234d1126eae004afa1f8,1,True,83356c39de0bc259190f81ad057d6d6a4094441fed328a01a1553411fc8645b9,563ed60297073a9aa74182ed82432dbaa98c3bddb444ded5ea5e16bda3080f38,./results/models/ablation/rl/one_step/stack/random_a/best.pt,"[{""action"":{""high_action"":""stop"",""order_decision"":""only_cost""},""phase"":""high""},{""action"":{""search_k"":1,""search_strategy"":""default""},""phase"":""search""},{""action"":{""execution_action"":""none"",""lip_action"":""none""},""phase"":""low""}]"
STACK,a,./workloads/query_stack/q11_33e1caf2.sql,One-step RL,147.251181304455,15.347000000000,ok,3b026bf77cd8c853ad726e848876fa9b9d14b214e0fdb060795e5de209531439,1,True,85d560dfb4371d16caa3e29a43aa03dad2aba92b38ff21dfad00ba8e8800b4dc,4e352be9129d7f3065c716ba4538ec431e1d820381cc8b49fa4e8b002b7ff3f1,./results/models/ablation/rl/one_step/stack/random_a/best.pt,"[{""action"":{""high_action"":""split"",""order_decision"":""only_cost""},""phase"":""high""},{""action"":{""candidate_id"":0,""schedule_alpha"":0.5},""phase"":""select""},{""action"":{""search_k"":1,""search_strategy"":""default""},""phase"":""search""},{""action"":{""execution_action"":""none"",""lip_action"":""none""},""phase"":""low""},{""action"":{""high_action"":""split"",""order_decision"":""only_cost""},""phase"":""high""},{""action"":{""candidate_id"":1,""schedule_alpha"":0.5},""phase"":""select""},{""action"":{""search_k"":1,""search_strategy"":""default""},""phase"":""search""},{""action"":{""execution_action"":""none"",""lip_action"":""none""},""phase"":""low""},{""action"":{""high_action"":""stop"",""order_decision"":""only_cost""},""phase"":""high""},{""action"":{""search_k"":1,""search_strategy"":""default""},""phase"":""search""},{""action"":{""execution_action"":""none"",""lip_action"":""none""},""phase"":""low""}]"
STACK,a,./workloads/query_stack/q11_6c5cba41.sql,One-step RL,263.266086578369,18.272000000000,ok,9ee7ec0e2d68030c0bea45ce77084e1189b45131e00caed35c89c85b8c97506b,1,True,3afac4ae83050ce6a5bda87980920f7e4540ebce4a9028298a21507d9c7a7837,51cf209f2b9bce9f8c003214d2a8ba165154d190ed0b174e7412a2bd9e7bf966,./results/models/ablation/rl/one_step/stack/random_a/best.pt,"[{""action"":{""high_action"":""split"",""order_decision"":""only_cost""},""phase"":""high""},{""action"":{""candidate_id"":0,""schedule_alpha"":0.5},""phase"":""select""},{""action"":{""search_k"":1,""search_strategy"":""default""},""phase"":""search""},{""action"":{""execution_action"":""none"",""lip_action"":""none""},""phase"":""low""},{""action"":{""high_action"":""split"",""order_decision"":""only_cost""},""phase"":""high""},{""action"":{""candidate_id"":1,""schedule_alpha"":0.5},""phase"":""select""},{""action"":{""search_k"":1,""search_strategy"":""default""},""phase"":""search""},{""action"":{""execution_action"":""none"",""lip_action"":""none""},""phase"":""low""},{""action"":{""high_action"":""stop"",""order_decision"":""only_cost""},""phase"":""high""},{""action"":{""search_k"":1,""search_strategy"":""default""},""phase"":""search""},{""action"":{""execution_action"":""none"",""lip_action"":""none""},""phase"":""low""}]"
STACK,a,./workloads/query_stack/q11_9389f588.sql,One-step RL,146.520942449570,36.259000000000,ok,e8807f4432a7632fddcc1e5456323b9a012fd4239fe6350e77c649c813f56d17,1,True,f1e1f6334193e53a1f58070a66adc36ee8593d575ace1bb2408dda967e08509c,6d7106811db3cba74e97accc094bd2c071f5e4d257d5c61d6a244416d21a401b,./results/models/ablation/rl/one_step/stack/random_a/best.pt,"[{""action"":{""high_action"":""stop"",""order_decision"":""only_cost""},""phase"":""high""},{""action"":{""search_k"":1,""search_strategy"":""default""},""phase"":""search""},{""action"":{""execution_action"":""none"",""lip_action"":""none""},""phase"":""low""}]"
STACK,a,./workloads/query_stack/q11_aa96c8d7.sql,One-step RL,107.257843017578,19.069000000000,ok,70ae26643f4cb8280cc3f8568d58c9dcaae9ff78c7eb39886df79116206a91ef,1,True,c731fb72b1be333c5ebc138b4cea34c8118fc129d5d74fa96fa02a947593788e,b5ebe45f891f1426ee8e8a1ad4027c9f2a25581950e981b72ce4c64d21fa00d5,./results/models/ablation/rl/one_step/stack/random_a/best.pt,"[{""action"":{""high_action"":""split"",""order_decision"":""only_cost""},""phase"":""high""},{""action"":{""candidate_id"":0,""schedule_alpha"":0.5},""phase"":""select""},{""action"":{""search_k"":1,""search_strategy"":""default""},""phase"":""search""},{""action"":{""execution_action"":""none"",""lip_action"":""none""},""phase"":""low""},{""action"":{""high_action"":""split"",""order_decision"":""only_cost""},""phase"":""high""},{""action"":{""candidate_id"":1,""schedule_alpha"":0.5},""phase"":""select""},{""action"":{""search_k"":1,""search_strategy"":""default""},""phase"":""search""},{""action"":{""execution_action"":""none"",""lip_action"":""none""},""phase"":""low""},{""action"":{""high_action"":""stop"",""order_decision"":""only_cost""},""phase"":""high""},{""action"":{""search_k"":1,""search_strategy"":""default""},""phase"":""search""},{""action"":{""execution_action"":""none"",""lip_action"":""none""},""phase"":""low""}]"
STACK,a,./workloads/query_stack/q12_07007205.sql,One-step RL,572.355121374130,33.861000000000,ok,05bb5f175f4179b1313858f14bd4a26881b1d78c7677e41a72949d750e389322,14,True,a98b761873c618381f4171abd054168280960021accca4df0b6cd3a7c3407e05,5e0bb322a5dd615f1e0301f44b3a686f41ddc60915a7192c63125fc34fa5f314,./results/models/ablation/rl/one_step/stack/random_a/best.pt,"[{""action"":{""high_action"":""split"",""order_decision"":""only_cost""},""phase"":""high""},{""action"":{""candidate_id"":3,""schedule_alpha"":0.5},""phase"":""select""},{""action"":{""search_k"":1,""search_strategy"":""default""},""phase"":""search""},{""action"":{""execution_action"":""none"",""lip_action"":""none""},""phase"":""low""},{""action"":{""high_action"":""split"",""order_decision"":""only_cost""},""phase"":""high""},{""action"":{""candidate_id"":3,""schedule_alpha"":0.5},""phase"":""select""},{""action"":{""search_k"":1,""search_strategy"":""default""},""phase"":""search""},{""action"":{""execution_action"":""none"",""lip_action"":""none""},""phase"":""low""},{""action"":{""high_action"":""split"",""order_decision"":""only_cost""},""phase"":""high""},{""action"":{""candidate_id"":1,""schedule_alpha"":0.5},""phase"":""select""},{""action"":{""search_k"":1,""search_strategy"":""default""},""phase"":""search""},{""action"":{""execution_action"":""none"",""lip_action"":""none""},""phase"":""low""},{""action"":{""high_action"":""split"",""order_decision"":""only_cost""},""phase"":""high""},{""action"":{""candidate_id"":0,""schedule_alpha"":0.5},""phase"":""select""},{""action"":{""search_k"":1,""search_strategy"":""default""},""phase"":""search""},{""action"":{""execution_action"":""none"",""lip_action"":""none""},""phase"":""low""},{""action"":{""high_action"":""stop"",""order_decision"":""only_cost""},""phase"":""high""},{""action"":{""search_k"":1,""search_strategy"":""default""},""phase"":""search""},{""action"":{""execution_action"":""none"",""lip_action"":""none""},""phase"":""low""}]"
STACK,a,./workloads/query_stack/q12_76a47868.sql,One-step RL,1145.986713469028,32.834000000000,ok,76e0efdb7c612efc084cab472853036e7af7c3f44b6fa0ac900f855a4d23837f,11,True,d376b49a0dc840dcd2e8097adc514cdeb1984a0acc5e0b178692496ccd87ba70,826a8a3f8c83ff8b08514032e9ddab86006fad1fb2cc3ea77f32acf081f4ea22,./results/models/ablation/rl/one_step/stack/random_a/best.pt,"[{""action"":{""high_action"":""split"",""order_decision"":""only_cost""},""phase"":""high""},{""action"":{""candidate_id"":3,""schedule_alpha"":0.5},""phase"":""select""},{""action"":{""search_k"":1,""search_strategy"":""default""},""phase"":""search""},{""action"":{""execution_action"":""none"",""lip_action"":""none""},""phase"":""low""},{""action"":{""high_action"":""split"",""order_decision"":""only_cost""},""phase"":""high""},{""action"":{""candidate_id"":3,""schedule_alpha"":0.5},""phase"":""select""},{""action"":{""search_k"":1,""search_strategy"":""default""},""phase"":""search""},{""action"":{""execution_action"":""none"",""lip_action"":""none""},""phase"":""low""},{""action"":{""high_action"":""split"",""order_decision"":""only_cost""},""phase"":""high""},{""action"":{""candidate_id"":1,""schedule_alpha"":0.5},""phase"":""select""},{""action"":{""search_k"":1,""search_strategy"":""default""},""phase"":""search""},{""action"":{""execution_action"":""none"",""lip_action"":""none""},""phase"":""low""},{""action"":{""high_action"":""split"",""order_decision"":""only_cost""},""phase"":""high""},{""action"":{""candidate_id"":1,""schedule_alpha"":0.5},""phase"":""select""},{""action"":{""search_k"":1,""search_strategy"":""default""},""phase"":""search""},{""action"":{""execution_action"":""none"",""lip_action"":""none""},""phase"":""low""},{""action"":{""high_action"":""stop"",""order_decision"":""only_cost""},""phase"":""high""},{""action"":{""search_k"":1,""search_strategy"":""default""},""phase"":""search""},{""action"":{""execution_action"":""none"",""lip_action"":""none""},""phase"":""low""}]"
STACK,a,./workloads/query_stack/q13_13ad1b8c.sql,One-step RL,554.905682802200,41.822000000000,ok,c27e557d38a3ef5f28a4686010fdcac1b4188a62c69d9bf8b73de7b6e1e1f667,100,True,054ac8d32922110550170b05dc2610a723c142df3c277fe25c2b408fee64c153,6463bb2d517b33fd9b0fcca5efe946f2d12f720e8bca15d2d62524f9c95b7553,./results/models/ablation/rl/one_step/stack/random_a/best.pt,"[{""action"":{""high_action"":""split"",""order_decision"":""only_cost""},""phase"":""high""},{""action"":{""candidate_id"":3,""schedule_alpha"":0.5},""phase"":""select""},{""action"":{""search_k"":1,""search_strategy"":""default""},""phase"":""search""},{""action"":{""execution_action"":""none"",""lip_action"":""none""},""phase"":""low""},{""action"":{""high_action"":""split"",""order_decision"":""only_cost""},""phase"":""high""},{""action"":{""candidate_id"":3,""schedule_alpha"":0.5},""phase"":""select""},{""action"":{""search_k"":1,""search_strategy"":""default""},""phase"":""search""},{""action"":{""execution_action"":""none"",""lip_action"":""none""},""phase"":""low""},{""action"":{""high_action"":""split"",""order_decision"":""only_cost""},""phase"":""high""},{""action"":{""candidate_id"":1,""schedule_alpha"":0.5},""phase"":""select""},{""action"":{""search_k"":1,""search_strategy"":""default""},""phase"":""search""},{""action"":{""execution_action"":""none"",""lip_action"":""none""},""phase"":""low""},{""action"":{""high_action"":""split"",""order_decision"":""only_cost""},""phase"":""high""},{""action"":{""candidate_id"":1,""schedule_alpha"":0.5},""phase"":""select""},{""action"":{""search_k"":1,""search_strategy"":""default""},""phase"":""search""},{""action"":{""execution_action"":""none"",""lip_action"":""none""},""phase"":""low""},{""action"":{""high_action"":""split"",""order_decision"":""only_cost""},""phase"":""high""},{""action"":{""candidate_id"":0,""schedule_alpha"":0.5},""phase"":""select""},{""action"":{""search_k"":1,""search_strategy"":""default""},""phase"":""search""},{""action"":{""execution_action"":""none"",""lip_action"":""none""},""phase"":""low""},{""action"":{""high_action"":""stop"",""order_decision"":""only_cost""},""phase"":""high""},{""action"":{""search_k"":1,""search_strategy"":""default""},""phase"":""search""},{""action"":{""execution_action"":""none"",""lip_action"":""none""},""phase"":""low""}]"
STACK,a,./workloads/query_stack/q13_1ddcc865.sql,One-step RL,3725.948259234428,41.690000000000,ok,f04db08ffdd7b2d34c537b80c529d5ee4655c478bf55b6b443cda2c29fe8c485,100,True,4d16929c05a6e7dbe421e031d13410bad264be3162be63cb93c5e33d72b8cef7,f45a497f37961464d07c388ca7eab269fa2a18bd42d168c1712f7396b77cb766,./results/models/ablation/rl/one_step/stack/random_a/best.pt,"[{""action"":{""high_action"":""split"",""order_decision"":""only_cost""},""phase"":""high""},{""action"":{""candidate_id"":3,""schedule_alpha"":0.5},""phase"":""select""},{""action"":{""search_k"":1,""search_strategy"":""default""},""phase"":""search""},{""action"":{""execution_action"":""none"",""lip_action"":""none""},""phase"":""low""},{""action"":{""high_action"":""split"",""order_decision"":""only_cost""},""phase"":""high""},{""action"":{""candidate_id"":3,""schedule_alpha"":0.5},""phase"":""select""},{""action"":{""search_k"":1,""search_strategy"":""default""},""phase"":""search""},{""action"":{""execution_action"":""none"",""lip_action"":""none""},""phase"":""low""},{""action"":{""high_action"":""split"",""order_decision"":""only_cost""},""phase"":""high""},{""action"":{""candidate_id"":1,""schedule_alpha"":0.5},""phase"":""select""},{""action"":{""search_k"":1,""search_strategy"":""default""},""phase"":""search""},{""action"":{""execution_action"":""none"",""lip_action"":""none""},""phase"":""low""},{""action"":{""high_action"":""split"",""order_decision"":""only_cost""},""phase"":""high""},{""action"":{""candidate_id"":1,""schedule_alpha"":0.5},""phase"":""select""},{""action"":{""search_k"":1,""search_strategy"":""default""},""phase"":""search""},{""action"":{""execution_action"":""none"",""lip_action"":""none""},""phase"":""low""},{""action"":{""high_action"":""split"",""order_decision"":""only_cost""},""phase"":""high""},{""action"":{""candidate_id"":0,""schedule_alpha"":0.5},""phase"":""select""},{""action"":{""search_k"":1,""search_strategy"":""default""},""phase"":""search""},{""action"":{""execution_action"":""none"",""lip_action"":""none""},""phase"":""low""},{""action"":{""high_action"":""stop"",""order_decision"":""only_cost""},""phase"":""high""},{""action"":{""search_k"":1,""search_strategy"":""default""},""phase"":""search""},{""action"":{""execution_action"":""none"",""lip_action"":""none""},""phase"":""low""}]"
STACK,a,./workloads/query_stack/q13_add0df9d.sql,One-step RL,923.336304724216,41.646000000000,ok,4daad1f8d536afd5e4a011cf36f5007c65521f947b5b789682c59e292db70bb8,100,True,d164a8a158bde80fa8dc5e1350ba11deed3aa780d9b6450868dacd74e6b80a2a,eb20838b081f889a8b7c4c1ec491f503cc4e4534d9163b0f3ef1a8b268116ab8,./results/models/ablation/rl/one_step/stack/random_a/best.pt,"[{""action"":{""high_action"":""split"",""order_decision"":""only_cost""},""phase"":""high""},{""action"":{""candidate_id"":3,""schedule_alpha"":0.5},""phase"":""select""},{""action"":{""search_k"":1,""search_strategy"":""default""},""phase"":""search""},{""action"":{""execution_action"":""none"",""lip_action"":""none""},""phase"":""low""},{""action"":{""high_action"":""split"",""order_decision"":""only_cost""},""phase"":""high""},{""action"":{""candidate_id"":3,""schedule_alpha"":0.5},""phase"":""select""},{""action"":{""search_k"":1,""search_strategy"":""default""},""phase"":""search""},{""action"":{""execution_action"":""none"",""lip_action"":""none""},""phase"":""low""},{""action"":{""high_action"":""split"",""order_decision"":""only_cost""},""phase"":""high""},{""action"":{""candidate_id"":1,""schedule_alpha"":0.5},""phase"":""select""},{""action"":{""search_k"":1,""search_strategy"":""default""},""phase"":""search""},{""action"":{""execution_action"":""none"",""lip_action"":""none""},""phase"":""low""},{""action"":{""high_action"":""split"",""order_decision"":""only_cost""},""phase"":""high""},{""action"":{""candidate_id"":1,""schedule_alpha"":0.5},""phase"":""select""},{""action"":{""search_k"":1,""search_strategy"":""default""},""phase"":""search""},{""action"":{""execution_action"":""none"",""lip_action"":""none""},""phase"":""low""},{""action"":{""high_action"":""split"",""order_decision"":""only_cost""},""phase"":""high""},{""action"":{""candidate_id"":0,""schedule_alpha"":0.5},""phase"":""select""},{""action"":{""search_k"":1,""search_strategy"":""default""},""phase"":""search""},{""action"":{""execution_action"":""none"",""lip_action"":""none""},""phase"":""low""},{""action"":{""high_action"":""stop"",""order_decision"":""only_cost""},""phase"":""high""},{""action"":{""search_k"":1,""search_strategy"":""default""},""phase"":""search""},{""action"":{""execution_action"":""none"",""lip_action"":""none""},""phase"":""low""}]"
STACK,a,./workloads/query_stack/q14_5e4835cd.sql,One-step RL,505.149312317371,40.173000000000,ok,14127c168564cfe475a814f6f226c7b1548e036eee949d874aba3fd90031c613,1,True,4a78010f260da053ebf7713a111093d99c4ccd7c1fdc9f7fd0557c75593de62e,eed60dc66ed21789fcff6bafdfacc709426192056a3b69e95949420ad4716ed8,./results/models/ablation/rl/one_step/stack/random_a/best.pt,"[{""action"":{""high_action"":""split"",""order_decision"":""only_cost""},""phase"":""high""},{""action"":{""candidate_id"":3,""schedule_alpha"":0.5},""phase"":""select""},{""action"":{""search_k"":1,""search_strategy"":""default""},""phase"":""search""},{""action"":{""execution_action"":""none"",""lip_action"":""none""},""phase"":""low""},{""action"":{""high_action"":""split"",""order_decision"":""only_cost""},""phase"":""high""},{""action"":{""candidate_id"":3,""schedule_alpha"":0.5},""phase"":""select""},{""action"":{""search_k"":1,""search_strategy"":""default""},""phase"":""search""},{""action"":{""execution_action"":""none"",""lip_action"":""none""},""phase"":""low""},{""action"":{""high_action"":""split"",""order_decision"":""only_cost""},""phase"":""high""},{""action"":{""candidate_id"":1,""schedule_alpha"":0.5},""phase"":""select""},{""action"":{""search_k"":1,""search_strategy"":""default""},""phase"":""search""},{""action"":{""execution_action"":""none"",""lip_action"":""none""},""phase"":""low""},{""action"":{""high_action"":""split"",""order_decision"":""only_cost""},""phase"":""high""},{""action"":{""candidate_id"":1,""schedule_alpha"":0.5},""phase"":""select""},{""action"":{""search_k"":1,""search_strategy"":""default""},""phase"":""search""},{""action"":{""execution_action"":""none"",""lip_action"":""none""},""phase"":""low""},{""action"":{""high_action"":""split"",""order_decision"":""only_cost""},""phase"":""high""},{""action"":{""candidate_id"":0,""schedule_alpha"":0.5},""phase"":""select""},{""action"":{""search_k"":1,""search_strategy"":""default""},""phase"":""search""},{""action"":{""execution_action"":""none"",""lip_action"":""none""},""phase"":""low""},{""action"":{""high_action"":""stop"",""order_decision"":""only_cost""},""phase"":""high""},{""action"":{""search_k"":1,""search_strategy"":""default""},""phase"":""search""},{""action"":{""execution_action"":""none"",""lip_action"":""none""},""phase"":""low""}]"
STACK,a,./workloads/query_stack/q14_63c0776f.sql,One-step RL,340.786024928093,39.557000000000,ok,65419f1249c055759a971aeb710eb11b18f9baff0adab7df6bd23e65e14f1aa7,1,True,0fb9ffcc7fe26e447d7d6a635915c4f0669be138e2335bfb5eccd9f6a069062e,7306b3ad722a70ef43b730db759ddc9bf65aca9c5fc5d8011825606d646ab07d,./results/models/ablation/rl/one_step/stack/random_a/best.pt,"[{""action"":{""high_action"":""split"",""order_decision"":""only_cost""},""phase"":""high""},{""action"":{""candidate_id"":3,""schedule_alpha"":0.5},""phase"":""select""},{""action"":{""search_k"":1,""search_strategy"":""default""},""phase"":""search""},{""action"":{""execution_action"":""none"",""lip_action"":""none""},""phase"":""low""},{""action"":{""high_action"":""split"",""order_decision"":""only_cost""},""phase"":""high""},{""action"":{""candidate_id"":3,""schedule_alpha"":0.5},""phase"":""select""},{""action"":{""search_k"":1,""search_strategy"":""default""},""phase"":""search""},{""action"":{""execution_action"":""none"",""lip_action"":""none""},""phase"":""low""},{""action"":{""high_action"":""split"",""order_decision"":""only_cost""},""phase"":""high""},{""action"":{""candidate_id"":1,""schedule_alpha"":0.5},""phase"":""select""},{""action"":{""search_k"":1,""search_strategy"":""default""},""phase"":""search""},{""action"":{""execution_action"":""none"",""lip_action"":""none""},""phase"":""low""},{""action"":{""high_action"":""split"",""order_decision"":""only_cost""},""phase"":""high""},{""action"":{""candidate_id"":1,""schedule_alpha"":0.5},""phase"":""select""},{""action"":{""search_k"":1,""search_strategy"":""default""},""phase"":""search""},{""action"":{""execution_action"":""none"",""lip_action"":""none""},""phase"":""low""},{""action"":{""high_action"":""split"",""order_decision"":""only_cost""},""phase"":""high""},{""action"":{""candidate_id"":0,""schedule_alpha"":0.5},""phase"":""select""},{""action"":{""search_k"":1,""search_strategy"":""default""},""phase"":""search""},{""action"":{""execution_action"":""none"",""lip_action"":""none""},""phase"":""low""},{""action"":{""high_action"":""stop"",""order_decision"":""only_cost""},""phase"":""high""},{""action"":{""search_k"":1,""search_strategy"":""default""},""phase"":""search""},{""action"":{""execution_action"":""none"",""lip_action"":""none""},""phase"":""low""}]"
STACK,a,./workloads/query_stack/q15_3e37e626.sql,One-step RL,650.038182735443,27.289000000000,ok,23394de368e19ac28a4f7d6417b11ebabbe2b953543d04a019e20db4f7330805,43,True,8c952a3b694ee657401255abb9589ecb9ea13123ee2f2b564929319ddfb728bc,adbe1777e793c5dbcabf4deb923921a2b5f10c98978f2889717aaff4d2f8d26f,./results/models/ablation/rl/one_step/stack/random_a/best.pt,"[{""action"":{""high_action"":""split"",""order_decision"":""only_cost""},""phase"":""high""},{""action"":{""candidate_id"":1,""schedule_alpha"":0.5},""phase"":""select""},{""action"":{""search_k"":1,""search_strategy"":""default""},""phase"":""search""},{""action"":{""execution_action"":""none"",""lip_action"":""none""},""phase"":""low""},{""action"":{""high_action"":""split"",""order_decision"":""only_cost""},""phase"":""high""},{""action"":{""candidate_id"":1,""schedule_alpha"":0.5},""phase"":""select""},{""action"":{""search_k"":1,""search_strategy"":""default""},""phase"":""search""},{""action"":{""execution_action"":""none"",""lip_action"":""none""},""phase"":""low""},{""action"":{""high_action"":""split"",""order_decision"":""only_cost""},""phase"":""high""},{""action"":{""candidate_id"":0,""schedule_alpha"":0.5},""phase"":""select""},{""action"":{""search_k"":1,""search_strategy"":""default""},""phase"":""search""},{""action"":{""execution_action"":""none"",""lip_action"":""none""},""phase"":""low""},{""action"":{""high_action"":""stop"",""order_decision"":""only_cost""},""phase"":""high""},{""action"":{""search_k"":1,""search_strategy"":""default""},""phase"":""search""},{""action"":{""execution_action"":""none"",""lip_action"":""none""},""phase"":""low""}]"
STACK,a,./workloads/query_stack/q15_d5546c01.sql,One-step RL,107.023291289806,26.414000000000,ok,39f37f8d1931b3bdf767e7510dd69509fbf23af1f7654933d0a4d291cbdd4418,0,True,395302ebec67dd17302ff8990bc641d13678a7341db5b6071c7a39a0cd9443b7,c97ecff8e2bc93a1f6816afcdb89c78a12fe578f2ca9f37edd5ee5871e2122ae,./results/models/ablation/rl/one_step/stack/random_a/best.pt,"[{""action"":{""high_action"":""split"",""order_decision"":""only_cost""},""phase"":""high""},{""action"":{""candidate_id"":1,""schedule_alpha"":0.5},""phase"":""select""},{""action"":{""search_k"":1,""search_strategy"":""default""},""phase"":""search""},{""action"":{""execution_action"":""none"",""lip_action"":""none""},""phase"":""low""},{""action"":{""high_action"":""split"",""order_decision"":""only_cost""},""phase"":""high""},{""action"":{""candidate_id"":1,""schedule_alpha"":0.5},""phase"":""select""},{""action"":{""search_k"":1,""search_strategy"":""default""},""phase"":""search""},{""action"":{""execution_action"":""none"",""lip_action"":""none""},""phase"":""low""},{""action"":{""high_action"":""split"",""order_decision"":""only_cost""},""phase"":""high""},{""action"":{""candidate_id"":0,""schedule_alpha"":0.5},""phase"":""select""},{""action"":{""search_k"":1,""search_strategy"":""default""},""phase"":""search""},{""action"":{""execution_action"":""none"",""lip_action"":""none""},""phase"":""low""},{""action"":{""high_action"":""stop"",""order_decision"":""only_cost""},""phase"":""high""},{""action"":{""search_k"":1,""search_strategy"":""default""},""phase"":""search""},{""action"":{""execution_action"":""none"",""lip_action"":""none""},""phase"":""low""}]"
STACK,a,./workloads/query_stack/q1_q1-009.sql,One-step RL,66.872887313366,52.072000000000,ok,c17f9563e35b1d3affbba9d589f0939444dd322b179133e04b468e4c071e85cb,1,True,f6e0bfe5c2903e6a2545e0f16515dea9e3de107e9926dca5844a03da2394dd41,e7c22830f79d0da08b0e790690f5879258222db8018c11be2caf98bc9d2ddd58,./results/models/ablation/rl/one_step/stack/random_a/best.pt,"[{""action"":{""high_action"":""stop"",""order_decision"":""only_cost""},""phase"":""high""},{""action"":{""search_k"":1,""search_strategy"":""default""},""phase"":""search""},{""action"":{""execution_action"":""none"",""lip_action"":""none""},""phase"":""low""}]"
STACK,a,./workloads/query_stack/q1_q1-075.sql,One-step RL,194.359093904495,30.150000000000,ok,806ab1e6dc9ec99abde1ddb9090f84d77cca8c86224442c3ccbc840127773c20,1,True,bc1aaeaeb2dbb8d6b805069b21c2cdbd57a311dd1374b357853e718a1abff4e5,391b0c06c6b62c170de92170286ed06e28baba99aa7d2f92332cf46ef2852345,./results/models/ablation/rl/one_step/stack/random_a/best.pt,"[{""action"":{""high_action"":""stop"",""order_decision"":""only_cost""},""phase"":""high""},{""action"":{""search_k"":1,""search_strategy"":""default""},""phase"":""search""},{""action"":{""execution_action"":""none"",""lip_action"":""none""},""phase"":""low""}]"
STACK,a,./workloads/query_stack/q2_q2-012.sql,One-step RL,1147.398397326469,124.525000000000,ok,0c72a996aff17d5cf2385808714691e03eeae078feb603727bd285ed83162d82,42,True,bc6f481a2ea378d5dd49efdfebfb47a62ffab1087967ac87b38cda6eedaf17c4,0844c22d8b150e87a20a75fe96a26c8aafb980c17253f383c4ec96574a9ed738,./results/models/ablation/rl/one_step/stack/random_a/best.pt,"[{""action"":{""high_action"":""split"",""order_decision"":""only_cost""},""phase"":""high""},{""action"":{""candidate_id"":0,""schedule_alpha"":0.5},""phase"":""select""},{""action"":{""search_k"":1,""search_strategy"":""default""},""phase"":""search""},{""action"":{""execution_action"":""none"",""lip_action"":""none""},""phase"":""low""},{""action"":{""high_action"":""split"",""order_decision"":""only_cost""},""phase"":""high""},{""action"":{""candidate_id"":3,""schedule_alpha"":0.5},""phase"":""select""},{""action"":{""search_k"":1,""search_strategy"":""default""},""phase"":""search""},{""action"":{""execution_action"":""none"",""lip_action"":""none""},""phase"":""low""},{""action"":{""high_action"":""split"",""order_decision"":""only_cost""},""phase"":""high""},{""action"":{""candidate_id"":1,""schedule_alpha"":0.5},""phase"":""select""},{""action"":{""search_k"":1,""search_strategy"":""default""},""phase"":""search""},{""action"":{""execution_action"":""none"",""lip_action"":""none""},""phase"":""low""},{""action"":{""high_action"":""split"",""order_decision"":""only_cost""},""phase"":""high""},{""action"":{""candidate_id"":3,""schedule_alpha"":0.5},""phase"":""select""},{""action"":{""search_k"":1,""search_strategy"":""default""},""phase"":""search""},{""action"":{""execution_action"":""none"",""lip_action"":""none""},""phase"":""low""},{""action"":{""high_action"":""split"",""order_decision"":""only_cost""},""phase"":""high""},{""action"":{""candidate_id"":0,""schedule_alpha"":0.5},""phase"":""select""},{""action"":{""search_k"":1,""search_strategy"":""default""},""phase"":""search""},{""action"":{""execution_action"":""none"",""lip_action"":""none""},""phase"":""low""},{""action"":{""high_action"":""split"",""order_decision"":""only_cost""},""phase"":""high""},{""action"":{""candidate_id"":0,""schedule_alpha"":0.5},""phase"":""select""},{""action"":{""search_k"":1,""search_strategy"":""default""},""phase"":""search""},{""action"":{""execution_action"":""none"",""lip_action"":""none""},""phase"":""low""},{""action"":{""high_action"":""split"",""order_decision"":""only_cost""},""phase"":""high""},{""action"":{""candidate_id"":1,""schedule_alpha"":0.5},""phase"":""select""},{""action"":{""search_k"":1,""search_strategy"":""default""},""phase"":""search""},{""action"":{""execution_action"":""none"",""lip_action"":""none""},""phase"":""low""},{""action"":{""high_action"":""stop"",""order_decision"":""only_cost""},""phase"":""high""},{""action"":{""search_k"":1,""search_strategy"":""default""},""phase"":""search""},{""action"":{""execution_action"":""conservative"",""lip_action"":""none""},""phase"":""low""}]"
STACK,a,./workloads/query_stack/q2_q2-032.sql,One-step RL,754.938140511513,141.193000000000,ok,216acde5b813524d45ac581fa2f7d38ac46b42e538ec967f54400b57065d6c7d,64,True,4f2f2b16e9b1f87a5864e82af5cb115fe71f74bd1c8a6c9e1cb5029ad09f3df6,8b8cf86a025a995f5ff26082720b3e8866eb4c9663e88400534daab5e91c5b9f,./results/models/ablation/rl/one_step/stack/random_a/best.pt,"[{""action"":{""high_action"":""split"",""order_decision"":""only_cost""},""phase"":""high""},{""action"":{""candidate_id"":0,""schedule_alpha"":0.5},""phase"":""select""},{""action"":{""search_k"":1,""search_strategy"":""default""},""phase"":""search""},{""action"":{""execution_action"":""none"",""lip_action"":""none""},""phase"":""low""},{""action"":{""high_action"":""split"",""order_decision"":""only_cost""},""phase"":""high""},{""action"":{""candidate_id"":3,""schedule_alpha"":0.5},""phase"":""select""},{""action"":{""search_k"":1,""search_strategy"":""default""},""phase"":""search""},{""action"":{""execution_action"":""none"",""lip_action"":""none""},""phase"":""low""},{""action"":{""high_action"":""split"",""order_decision"":""only_cost""},""phase"":""high""},{""action"":{""candidate_id"":1,""schedule_alpha"":0.5},""phase"":""select""},{""action"":{""search_k"":1,""search_strategy"":""default""},""phase"":""search""},{""action"":{""execution_action"":""none"",""lip_action"":""none""},""phase"":""low""},{""action"":{""high_action"":""split"",""order_decision"":""only_cost""},""phase"":""high""},{""action"":{""candidate_id"":3,""schedule_alpha"":0.5},""phase"":""select""},{""action"":{""search_k"":1,""search_strategy"":""default""},""phase"":""search""},{""action"":{""execution_action"":""none"",""lip_action"":""none""},""phase"":""low""},{""action"":{""high_action"":""split"",""order_decision"":""only_cost""},""phase"":""high""},{""action"":{""candidate_id"":0,""schedule_alpha"":0.5},""phase"":""select""},{""action"":{""search_k"":1,""search_strategy"":""default""},""phase"":""search""},{""action"":{""execution_action"":""none"",""lip_action"":""none""},""phase"":""low""},{""action"":{""high_action"":""split"",""order_decision"":""only_cost""},""phase"":""high""},{""action"":{""candidate_id"":1,""schedule_alpha"":0.5},""phase"":""select""},{""action"":{""search_k"":1,""search_strategy"":""default""},""phase"":""search""},{""action"":{""execution_action"":""none"",""lip_action"":""none""},""phase"":""low""},{""action"":{""high_action"":""stop"",""order_decision"":""only_cost""},""phase"":""high""},{""action"":{""search_k"":1,""search_strategy"":""default""},""phase"":""search""},{""action"":{""execution_action"":""conservative"",""lip_action"":""none""},""phase"":""low""}]"
STACK,a,./workloads/query_stack/q2_q2-035.sql,One-step RL,1288.078337907791,46.954000000000,ok,7dde5286d3a49e885c56ee37d42b39b5355f4bfe86288386030d4a14652eff42,260,True,a1fc04c96459a7df56ec4ed7ce6102a2536651fffb6cdde50ff6c38abd6fd273,966e4f83bc3e4ad3599c0cf982122abc6b07d305ddff45cacec726910857a6f9,./results/models/ablation/rl/one_step/stack/random_a/best.pt,"[{""action"":{""high_action"":""split"",""order_decision"":""only_cost""},""phase"":""high""},{""action"":{""candidate_id"":0,""schedule_alpha"":0.5},""phase"":""select""},{""action"":{""search_k"":1,""search_strategy"":""default""},""phase"":""search""},{""action"":{""execution_action"":""none"",""lip_action"":""none""},""phase"":""low""},{""action"":{""high_action"":""split"",""order_decision"":""only_cost""},""phase"":""high""},{""action"":{""candidate_id"":3,""schedule_alpha"":0.5},""phase"":""select""},{""action"":{""search_k"":1,""search_strategy"":""default""},""phase"":""search""},{""action"":{""execution_action"":""none"",""lip_action"":""none""},""phase"":""low""},{""action"":{""high_action"":""split"",""order_decision"":""only_cost""},""phase"":""high""},{""action"":{""candidate_id"":1,""schedule_alpha"":0.5},""phase"":""select""},{""action"":{""search_k"":1,""search_strategy"":""default""},""phase"":""search""},{""action"":{""execution_action"":""none"",""lip_action"":""none""},""phase"":""low""},{""action"":{""high_action"":""split"",""order_decision"":""only_cost""},""phase"":""high""},{""action"":{""candidate_id"":3,""schedule_alpha"":0.5},""phase"":""select""},{""action"":{""search_k"":1,""search_strategy"":""default""},""phase"":""search""},{""action"":{""execution_action"":""none"",""lip_action"":""none""},""phase"":""low""},{""action"":{""high_action"":""split"",""order_decision"":""only_cost""},""phase"":""high""},{""action"":{""candidate_id"":2,""schedule_alpha"":0.5},""phase"":""select""},{""action"":{""search_k"":1,""search_strategy"":""default""},""phase"":""search""},{""action"":{""execution_action"":""none"",""lip_action"":""none""},""phase"":""low""},{""action"":{""high_action"":""split"",""order_decision"":""only_cost""},""phase"":""high""},{""action"":{""candidate_id"":1,""schedule_alpha"":0.5},""phase"":""select""},{""action"":{""search_k"":1,""search_strategy"":""default""},""phase"":""search""},{""action"":{""execution_action"":""none"",""lip_action"":""none""},""phase"":""low""},{""action"":{""high_action"":""stop"",""order_decision"":""only_cost""},""phase"":""high""},{""action"":{""search_k"":1,""search_strategy"":""default""},""phase"":""search""},{""action"":{""execution_action"":""none"",""lip_action"":""none""},""phase"":""low""}]"
STACK,a,./workloads/query_stack/q2_q2-050.sql,One-step RL,899.749904870987,48.899000000000,ok,1e27f384fa81958d1078acb4bc8cbe0ad028ba630444fbf5b11bc7b9a721c652,5,True,2e9097e05fd53a5526addb96be403ac540139589a0334b6c5ec44271cb2c2b50,25108b04fbde6bede2673ec497a876f52cd7e6d676c87de3895403ab51b8f81f,./results/models/ablation/rl/one_step/stack/random_a/best.pt,"[{""action"":{""high_action"":""split"",""order_decision"":""only_cost""},""phase"":""high""},{""action"":{""candidate_id"":0,""schedule_alpha"":0.5},""phase"":""select""},{""action"":{""search_k"":1,""search_strategy"":""default""},""phase"":""search""},{""action"":{""execution_action"":""none"",""lip_action"":""none""},""phase"":""low""},{""action"":{""high_action"":""split"",""order_decision"":""only_cost""},""phase"":""high""},{""action"":{""candidate_id"":3,""schedule_alpha"":0.5},""phase"":""select""},{""action"":{""search_k"":1,""search_strategy"":""default""},""phase"":""search""},{""action"":{""execution_action"":""none"",""lip_action"":""none""},""phase"":""low""},{""action"":{""high_action"":""split"",""order_decision"":""only_cost""},""phase"":""high""},{""action"":{""candidate_id"":1,""schedule_alpha"":0.5},""phase"":""select""},{""action"":{""search_k"":1,""search_strategy"":""default""},""phase"":""search""},{""action"":{""execution_action"":""none"",""lip_action"":""none""},""phase"":""low""},{""action"":{""high_action"":""split"",""order_decision"":""only_cost""},""phase"":""high""},{""action"":{""candidate_id"":3,""schedule_alpha"":0.5},""phase"":""select""},{""action"":{""search_k"":1,""search_strategy"":""default""},""phase"":""search""},{""action"":{""execution_action"":""none"",""lip_action"":""none""},""phase"":""low""},{""action"":{""high_action"":""split"",""order_decision"":""only_cost""},""phase"":""high""},{""action"":{""candidate_id"":2,""schedule_alpha"":0.5},""phase"":""select""},{""action"":{""search_k"":1,""search_strategy"":""default""},""phase"":""search""},{""action"":{""execution_action"":""none"",""lip_action"":""none""},""phase"":""low""},{""action"":{""high_action"":""split"",""order_decision"":""only_cost""},""phase"":""high""},{""action"":{""candidate_id"":1,""schedule_alpha"":0.5},""phase"":""select""},{""action"":{""search_k"":1,""search_strategy"":""default""},""phase"":""search""},{""action"":{""execution_action"":""none"",""lip_action"":""none""},""phase"":""low""},{""action"":{""high_action"":""stop"",""order_decision"":""only_cost""},""phase"":""high""},{""action"":{""search_k"":1,""search_strategy"":""default""},""phase"":""search""},{""action"":{""execution_action"":""none"",""lip_action"":""none""},""phase"":""low""}]"
STACK,a,./workloads/query_stack/q2_q2-098.sql,One-step RL,4157.110348343849,167.637000000000,ok,296776255fa5947d731d01e34f4d9e5afc8f65b116b688516e1b4283bd45f000,96,True,aadba07126b8dda37c1f86ffb95703d9c3c65ddd97908043aea9b9af1a93d404,c0299d09f79ae08934c6afcba409fe35102737fe4fd5d9e74719f802d92b1eac,./results/models/ablation/rl/one_step/stack/random_a/best.pt,"[{""action"":{""high_action"":""split"",""order_decision"":""only_cost""},""phase"":""high""},{""action"":{""candidate_id"":4,""schedule_alpha"":0.5},""phase"":""select""},{""action"":{""search_k"":1,""search_strategy"":""default""},""phase"":""search""},{""action"":{""execution_action"":""none"",""lip_action"":""none""},""phase"":""low""},{""action"":{""high_action"":""split"",""order_decision"":""only_cost""},""phase"":""high""},{""action"":{""candidate_id"":5,""schedule_alpha"":0.5},""phase"":""select""},{""action"":{""search_k"":1,""search_strategy"":""default""},""phase"":""search""},{""action"":{""execution_action"":""none"",""lip_action"":""none""},""phase"":""low""},{""action"":{""high_action"":""split"",""order_decision"":""only_cost""},""phase"":""high""},{""action"":{""candidate_id"":0,""schedule_alpha"":0.5},""phase"":""select""},{""action"":{""search_k"":1,""search_strategy"":""default""},""phase"":""search""},{""action"":{""execution_action"":""none"",""lip_action"":""none""},""phase"":""low""},{""action"":{""high_action"":""split"",""order_decision"":""only_cost""},""phase"":""high""},{""action"":{""candidate_id"":1,""schedule_alpha"":0.5},""phase"":""select""},{""action"":{""search_k"":1,""search_strategy"":""default""},""phase"":""search""},{""action"":{""execution_action"":""none"",""lip_action"":""none""},""phase"":""low""},{""action"":{""high_action"":""split"",""order_decision"":""only_cost""},""phase"":""high""},{""action"":{""candidate_id"":0,""schedule_alpha"":0.5},""phase"":""select""},{""action"":{""search_k"":1,""search_strategy"":""default""},""phase"":""search""},{""action"":{""execution_action"":""none"",""lip_action"":""none""},""phase"":""low""},{""action"":{""high_action"":""split"",""order_decision"":""only_cost""},""phase"":""high""},{""action"":{""candidate_id"":0,""schedule_alpha"":0.5},""phase"":""select""},{""action"":{""search_k"":1,""search_strategy"":""default""},""phase"":""search""},{""action"":{""execution_action"":""none"",""lip_action"":""none""},""phase"":""low""},{""action"":{""high_action"":""split"",""order_decision"":""only_cost""},""phase"":""high""},{""action"":{""candidate_id"":0,""schedule_alpha"":0.5},""phase"":""select""},{""action"":{""search_k"":1,""search_strategy"":""default""},""phase"":""search""},{""action"":{""execution_action"":""none"",""lip_action"":""none""},""phase"":""low""},{""action"":{""high_action"":""stop"",""order_decision"":""only_cost""},""phase"":""high""},{""action"":{""search_k"":1,""search_strategy"":""default""},""phase"":""search""},{""action"":{""execution_action"":""conservative"",""lip_action"":""none""},""phase"":""low""}]"
STACK,a,./workloads/query_stack/q3_q3-043.sql,One-step RL,1538.005404174328,58.438000000000,ok,4c0f0a0bbb0c6e05c315b00e38442781160c6fb878b398b0d3c96fc9c63bf954,1,True,f3427bdaa807597eedca971c7a17b7ef9d99f38e105b2161939fe182c6462df9,4add2820a29dfe0c45cdc46fe99ea1ad7ba81568769955e4b9703dbc058ee0c4,./results/models/ablation/rl/one_step/stack/random_a/best.pt,"[{""action"":{""high_action"":""split"",""order_decision"":""only_cost""},""phase"":""high""},{""action"":{""candidate_id"":0,""schedule_alpha"":0.5},""phase"":""select""},{""action"":{""search_k"":1,""search_strategy"":""default""},""phase"":""search""},{""action"":{""execution_action"":""none"",""lip_action"":""none""},""phase"":""low""},{""action"":{""high_action"":""split"",""order_decision"":""only_cost""},""phase"":""high""},{""action"":{""candidate_id"":4,""schedule_alpha"":0.5},""phase"":""select""},{""action"":{""search_k"":1,""search_strategy"":""default""},""phase"":""search""},{""action"":{""execution_action"":""none"",""lip_action"":""none""},""phase"":""low""},{""action"":{""high_action"":""split"",""order_decision"":""only_cost""},""phase"":""high""},{""action"":{""candidate_id"":2,""schedule_alpha"":0.5},""phase"":""select""},{""action"":{""search_k"":1,""search_strategy"":""default""},""phase"":""search""},{""action"":{""execution_action"":""none"",""lip_action"":""none""},""phase"":""low""},{""action"":{""high_action"":""split"",""order_decision"":""only_cost""},""phase"":""high""},{""action"":{""candidate_id"":4,""schedule_alpha"":0.5},""phase"":""select""},{""action"":{""search_k"":1,""search_strategy"":""default""},""phase"":""search""},{""action"":{""execution_action"":""none"",""lip_action"":""none""},""phase"":""low""},{""action"":{""high_action"":""split"",""order_decision"":""only_cost""},""phase"":""high""},{""action"":{""candidate_id"":0,""schedule_alpha"":0.5},""phase"":""select""},{""action"":{""search_k"":1,""search_strategy"":""default""},""phase"":""search""},{""action"":{""execution_action"":""none"",""lip_action"":""none""},""phase"":""low""},{""action"":{""high_action"":""split"",""order_decision"":""only_cost""},""phase"":""high""},{""action"":{""candidate_id"":2,""schedule_alpha"":0.5},""phase"":""select""},{""action"":{""search_k"":1,""search_strategy"":""default""},""phase"":""search""},{""action"":{""execution_action"":""none"",""lip_action"":""none""},""phase"":""low""},{""action"":{""high_action"":""split"",""order_decision"":""only_cost""},""phase"":""high""},{""action"":{""candidate_id"":0,""schedule_alpha"":0.5},""phase"":""select""},{""action"":{""search_k"":1,""search_strategy"":""default""},""phase"":""search""},{""action"":{""execution_action"":""none"",""lip_action"":""none""},""phase"":""low""},{""action"":{""high_action"":""stop"",""order_decision"":""only_cost""},""phase"":""high""},{""action"":{""search_k"":1,""search_strategy"":""default""},""phase"":""search""},{""action"":{""execution_action"":""none"",""lip_action"":""none""},""phase"":""low""}]"
STACK,a,./workloads/query_stack/q3_q3-086.sql,One-step RL,1379.328034818172,167.744000000000,ok,7471f50a1908d54777534ac7b79962c5e0fbacd1732b5c22e4ba066329f8a78e,1,True,7c57c0e68b302aef2532d644deee2d53c46d67b93aaad951b831edca78d4942d,78831704e0181980b22c24487be45be2b51ed5faabfa6b047e30112096910a2c,./results/models/ablation/rl/one_step/stack/random_a/best.pt,"[{""action"":{""high_action"":""split"",""order_decision"":""only_cost""},""phase"":""high""},{""action"":{""candidate_id"":0,""schedule_alpha"":0.5},""phase"":""select""},{""action"":{""search_k"":1,""search_strategy"":""default""},""phase"":""search""},{""action"":{""execution_action"":""none"",""lip_action"":""none""},""phase"":""low""},{""action"":{""high_action"":""split"",""order_decision"":""only_cost""},""phase"":""high""},{""action"":{""candidate_id"":4,""schedule_alpha"":0.5},""phase"":""select""},{""action"":{""search_k"":1,""search_strategy"":""default""},""phase"":""search""},{""action"":{""execution_action"":""none"",""lip_action"":""none""},""phase"":""low""},{""action"":{""high_action"":""split"",""order_decision"":""only_cost""},""phase"":""high""},{""action"":{""candidate_id"":2,""schedule_alpha"":0.5},""phase"":""select""},{""action"":{""search_k"":1,""search_strategy"":""default""},""phase"":""search""},{""action"":{""execution_action"":""none"",""lip_action"":""none""},""phase"":""low""},{""action"":{""high_action"":""split"",""order_decision"":""only_cost""},""phase"":""high""},{""action"":{""candidate_id"":4,""schedule_alpha"":0.5},""phase"":""select""},{""action"":{""search_k"":1,""search_strategy"":""default""},""phase"":""search""},{""action"":{""execution_action"":""none"",""lip_action"":""none""},""phase"":""low""},{""action"":{""high_action"":""split"",""order_decision"":""only_cost""},""phase"":""high""},{""action"":{""candidate_id"":0,""schedule_alpha"":0.5},""phase"":""select""},{""action"":{""search_k"":1,""search_strategy"":""default""},""phase"":""search""},{""action"":{""execution_action"":""none"",""lip_action"":""none""},""phase"":""low""},{""action"":{""high_action"":""split"",""order_decision"":""only_cost""},""phase"":""high""},{""action"":{""candidate_id"":0,""schedule_alpha"":0.5},""phase"":""select""},{""action"":{""search_k"":1,""search_strategy"":""default""},""phase"":""search""},{""action"":{""execution_action"":""none"",""lip_action"":""none""},""phase"":""low""},{""action"":{""high_action"":""split"",""order_decision"":""only_cost""},""phase"":""high""},{""action"":{""candidate_id"":0,""schedule_alpha"":0.5},""phase"":""select""},{""action"":{""search_k"":1,""search_strategy"":""default""},""phase"":""search""},{""action"":{""execution_action"":""none"",""lip_action"":""none""},""phase"":""low""},{""action"":{""high_action"":""split"",""order_decision"":""only_cost""},""phase"":""high""},{""action"":{""candidate_id"":1,""schedule_alpha"":0.5},""phase"":""select""},{""action"":{""search_k"":1,""search_strategy"":""default""},""phase"":""search""},{""action"":{""execution_action"":""none"",""lip_action"":""none""},""phase"":""low""},{""action"":{""high_action"":""stop"",""order_decision"":""only_cost""},""phase"":""high""},{""action"":{""search_k"":1,""search_strategy"":""default""},""phase"":""search""},{""action"":{""execution_action"":""conservative"",""lip_action"":""none""},""phase"":""low""}]"
STACK,a,./workloads/query_stack/q4_q4-041.sql,One-step RL,455.962918698788,80.720000000000,ok,8052f9dd5c2ce14bfe8b7a420b7826cf81794f93d4535bf03b3e955ca1d84b77,1,True,a1fd04e4feae2c6197fa7c5cc799b7d922aa2862500c8ecb09d238b0f9675028,e715740af19693ba87cb551c846b387626edd0e5cb011005717ca5a22176a555,./results/models/ablation/rl/one_step/stack/random_a/best.pt,"[{""action"":{""high_action"":""stop"",""order_decision"":""only_cost""},""phase"":""high""},{""action"":{""search_k"":1,""search_strategy"":""default""},""phase"":""search""},{""action"":{""execution_action"":""none"",""lip_action"":""none""},""phase"":""low""}]"
STACK,a,./workloads/query_stack/q4_q4-086.sql,One-step RL,208.944566547871,36.487000000000,ok,93034f366ea7f433ff55e70e5063853c27a605a794de24273d665ea1c169aaa5,1,True,3c860bddc0963c594c3e81771ccef88b9c729b35cb94b7b09c203d195350e0e5,7ec61d7888fdc77a2730cbd19ec1bbd3ccf611af7ad822df788c366051d8d871,./results/models/ablation/rl/one_step/stack/random_a/best.pt,"[{""action"":{""high_action"":""stop"",""order_decision"":""only_cost""},""phase"":""high""},{""action"":{""search_k"":1,""search_strategy"":""default""},""phase"":""search""},{""action"":{""execution_action"":""none"",""lip_action"":""none""},""phase"":""low""}]"
STACK,a,./workloads/query_stack/q4_q4-089.sql,One-step RL,292.997166514397,40.273000000000,ok,73081d2b1e0a4e71a4c298714c8eae13ea81cf0796f5434c40c682bd294aa1b6,1,True,737c21bf8622d8f428dfec7329c0891485d7bce53a8ebe561eba1ebe22a73901,2642952a8b408ec814594c39dd15292a5b9dfe10f5f4cb0af1446808dff8ef74,./results/models/ablation/rl/one_step/stack/random_a/best.pt,"[{""action"":{""high_action"":""stop"",""order_decision"":""only_cost""},""phase"":""high""},{""action"":{""search_k"":1,""search_strategy"":""default""},""phase"":""search""},{""action"":{""execution_action"":""none"",""lip_action"":""none""},""phase"":""low""}]"
STACK,a,./workloads/query_stack/q5_q5-032.sql,One-step RL,79.724624752998,22.332000000000,ok,c477fc5cdc9f42cb68ce4b5e84826064e0ef04fbabe63d5ca7f0fc8fb38f76f3,1,True,3c4ff366b4b5f5c09b71d089d2214ec107682f73776a033da219ec4cbbc30c8a,063797ca1dc0bd36e56c08aef107edc44f8dcab0a64d6f6cc459d50bdefabf68,./results/models/ablation/rl/one_step/stack/random_a/best.pt,"[{""action"":{""high_action"":""stop"",""order_decision"":""only_cost""},""phase"":""high""},{""action"":{""search_k"":1,""search_strategy"":""default""},""phase"":""search""},{""action"":{""execution_action"":""none"",""lip_action"":""none""},""phase"":""low""}]"
STACK,a,./workloads/query_stack/q5_q5-059.sql,One-step RL,155.346244573593,78.260000000000,ok,2bb4771eebb7b47365089a6a19756f2e83053e8323d7cd31fa1b6cfcfa7c9c64,1,True,5fd287049fd97b0a44a7ee7a95b39bbd05dccd6d5a917593a478054fa528ecfa,ffe4bee84d1815c82afe533befd369e7ceb042cf1ff1e9224f6e15a09a47a980,./results/models/ablation/rl/one_step/stack/random_a/best.pt,"[{""action"":{""high_action"":""stop"",""order_decision"":""only_cost""},""phase"":""high""},{""action"":{""search_k"":1,""search_strategy"":""default""},""phase"":""search""},{""action"":{""execution_action"":""none"",""lip_action"":""none""},""phase"":""low""}]"
STACK,a,./workloads/query_stack/q6_q6-002.sql,One-step RL,171.522170305252,34.222000000000,ok,492b793683e8ee0b48e89a3fadeb7893533f8d436ad0e3a7fd5090567858a03d,1,True,bfd0f4aa3974e451c4839ce9028fe07e4b886d432b935aac5a146b790f980400,3b53ece4c8c665348e40b3828c9e4ba61fa9e8a830401cfedf2ea7132141c016,./results/models/ablation/rl/one_step/stack/random_a/best.pt,"[{""action"":{""high_action"":""split"",""order_decision"":""only_cost""},""phase"":""high""},{""action"":{""candidate_id"":0,""schedule_alpha"":0.5},""phase"":""select""},{""action"":{""search_k"":1,""search_strategy"":""default""},""phase"":""search""},{""action"":{""execution_action"":""none"",""lip_action"":""none""},""phase"":""low""},{""action"":{""high_action"":""split"",""order_decision"":""only_cost""},""phase"":""high""},{""action"":{""candidate_id"":1,""schedule_alpha"":0.5},""phase"":""select""},{""action"":{""search_k"":1,""search_strategy"":""default""},""phase"":""search""},{""action"":{""execution_action"":""none"",""lip_action"":""none""},""phase"":""low""},{""action"":{""high_action"":""split"",""order_decision"":""only_cost""},""phase"":""high""},{""action"":{""candidate_id"":0,""schedule_alpha"":0.5},""phase"":""select""},{""action"":{""search_k"":1,""search_strategy"":""default""},""phase"":""search""},{""action"":{""execution_action"":""none"",""lip_action"":""none""},""phase"":""low""},{""action"":{""high_action"":""split"",""order_decision"":""only_cost""},""phase"":""high""},{""action"":{""candidate_id"":1,""schedule_alpha"":0.5},""phase"":""select""},{""action"":{""search_k"":1,""search_strategy"":""default""},""phase"":""search""},{""action"":{""execution_action"":""none"",""lip_action"":""none""},""phase"":""low""},{""action"":{""high_action"":""stop"",""order_decision"":""only_cost""},""phase"":""high""},{""action"":{""search_k"":1,""search_strategy"":""default""},""phase"":""search""},{""action"":{""execution_action"":""none"",""lip_action"":""none""},""phase"":""low""}]"
STACK,a,./workloads/query_stack/q6_q6-060.sql,One-step RL,175.544030964375,33.415000000000,ok,9d496b98a2b4127b40592841377adc54986f308f7dee83ae1f1b877c695192c0,1,True,9cc6e8c1c1746e210b79a693814071ee0f5038b12a08f0a0e460f5260a58ae25,a817d45138579bc3ac6c1ef5757614e07630efc552fd0fcb88d468cceb789a84,./results/models/ablation/rl/one_step/stack/random_a/best.pt,"[{""action"":{""high_action"":""split"",""order_decision"":""only_cost""},""phase"":""high""},{""action"":{""candidate_id"":0,""schedule_alpha"":0.5},""phase"":""select""},{""action"":{""search_k"":1,""search_strategy"":""default""},""phase"":""search""},{""action"":{""execution_action"":""none"",""lip_action"":""none""},""phase"":""low""},{""action"":{""high_action"":""split"",""order_decision"":""only_cost""},""phase"":""high""},{""action"":{""candidate_id"":1,""schedule_alpha"":0.5},""phase"":""select""},{""action"":{""search_k"":1,""search_strategy"":""default""},""phase"":""search""},{""action"":{""execution_action"":""none"",""lip_action"":""none""},""phase"":""low""},{""action"":{""high_action"":""split"",""order_decision"":""only_cost""},""phase"":""high""},{""action"":{""candidate_id"":0,""schedule_alpha"":0.5},""phase"":""select""},{""action"":{""search_k"":1,""search_strategy"":""default""},""phase"":""search""},{""action"":{""execution_action"":""none"",""lip_action"":""none""},""phase"":""low""},{""action"":{""high_action"":""split"",""order_decision"":""only_cost""},""phase"":""high""},{""action"":{""candidate_id"":1,""schedule_alpha"":0.5},""phase"":""select""},{""action"":{""search_k"":1,""search_strategy"":""default""},""phase"":""search""},{""action"":{""execution_action"":""none"",""lip_action"":""none""},""phase"":""low""},{""action"":{""high_action"":""stop"",""order_decision"":""only_cost""},""phase"":""high""},{""action"":{""search_k"":1,""search_strategy"":""default""},""phase"":""search""},{""action"":{""execution_action"":""none"",""lip_action"":""none""},""phase"":""low""}]"
STACK,a,./workloads/query_stack/q6_q6-065.sql,One-step RL,68.070106208324,33.025000000000,ok,ad2301e16f8ac0e556a59dd245bfdf55c48548fd352f0cf92a385882c89aebbd,1,True,d6edc1afff8b8f5a977174769c62cc72016a3a0ccc8ee4dabb1eb833167fce20,9072672702de38f3d285127473f2e0a8d8e376ac65c00bd2a791655adacc0d6f,./results/models/ablation/rl/one_step/stack/random_a/best.pt,"[{""action"":{""high_action"":""split"",""order_decision"":""only_cost""},""phase"":""high""},{""action"":{""candidate_id"":0,""schedule_alpha"":0.5},""phase"":""select""},{""action"":{""search_k"":1,""search_strategy"":""default""},""phase"":""search""},{""action"":{""execution_action"":""none"",""lip_action"":""none""},""phase"":""low""},{""action"":{""high_action"":""split"",""order_decision"":""only_cost""},""phase"":""high""},{""action"":{""candidate_id"":1,""schedule_alpha"":0.5},""phase"":""select""},{""action"":{""search_k"":1,""search_strategy"":""default""},""phase"":""search""},{""action"":{""execution_action"":""none"",""lip_action"":""none""},""phase"":""low""},{""action"":{""high_action"":""split"",""order_decision"":""only_cost""},""phase"":""high""},{""action"":{""candidate_id"":0,""schedule_alpha"":0.5},""phase"":""select""},{""action"":{""search_k"":1,""search_strategy"":""default""},""phase"":""search""},{""action"":{""execution_action"":""none"",""lip_action"":""none""},""phase"":""low""},{""action"":{""high_action"":""split"",""order_decision"":""only_cost""},""phase"":""high""},{""action"":{""candidate_id"":1,""schedule_alpha"":0.5},""phase"":""select""},{""action"":{""search_k"":1,""search_strategy"":""default""},""phase"":""search""},{""action"":{""execution_action"":""none"",""lip_action"":""none""},""phase"":""low""},{""action"":{""high_action"":""stop"",""order_decision"":""only_cost""},""phase"":""high""},{""action"":{""search_k"":1,""search_strategy"":""default""},""phase"":""search""},{""action"":{""execution_action"":""none"",""lip_action"":""none""},""phase"":""low""}]"
STACK,a,./workloads/query_stack/q6_q6-067.sql,One-step RL,87.881505489349,33.613000000000,ok,ad2301e16f8ac0e556a59dd245bfdf55c48548fd352f0cf92a385882c89aebbd,1,True,01daaaf3865dc4534efad2c6aac536446af3156f56c794ac17dc58a952c5d40e,db913a36a84903c0ae14bb218fd0310dfc8638e38ad3f421a3b6c323ef26182e,./results/models/ablation/rl/one_step/stack/random_a/best.pt,"[{""action"":{""high_action"":""split"",""order_decision"":""only_cost""},""phase"":""high""},{""action"":{""candidate_id"":0,""schedule_alpha"":0.5},""phase"":""select""},{""action"":{""search_k"":1,""search_strategy"":""default""},""phase"":""search""},{""action"":{""execution_action"":""none"",""lip_action"":""none""},""phase"":""low""},{""action"":{""high_action"":""split"",""order_decision"":""only_cost""},""phase"":""high""},{""action"":{""candidate_id"":1,""schedule_alpha"":0.5},""phase"":""select""},{""action"":{""search_k"":1,""search_strategy"":""default""},""phase"":""search""},{""action"":{""execution_action"":""none"",""lip_action"":""none""},""phase"":""low""},{""action"":{""high_action"":""split"",""order_decision"":""only_cost""},""phase"":""high""},{""action"":{""candidate_id"":0,""schedule_alpha"":0.5},""phase"":""select""},{""action"":{""search_k"":1,""search_strategy"":""default""},""phase"":""search""},{""action"":{""execution_action"":""none"",""lip_action"":""none""},""phase"":""low""},{""action"":{""high_action"":""split"",""order_decision"":""only_cost""},""phase"":""high""},{""action"":{""candidate_id"":1,""schedule_alpha"":0.5},""phase"":""select""},{""action"":{""search_k"":1,""search_strategy"":""default""},""phase"":""search""},{""action"":{""execution_action"":""none"",""lip_action"":""none""},""phase"":""low""},{""action"":{""high_action"":""stop"",""order_decision"":""only_cost""},""phase"":""high""},{""action"":{""search_k"":1,""search_strategy"":""default""},""phase"":""search""},{""action"":{""execution_action"":""none"",""lip_action"":""none""},""phase"":""low""}]"
STACK,a,./workloads/query_stack/q6_q6-085.sql,One-step RL,74.036501348019,32.981000000000,ok,6bc192e9007268a766125dd12e9147e22327c03dc5f9824ad072a3f886d14f42,1,True,3f4efa18353e1d56a7e0d5db93fd457826a000c5779ddbafe259f432c50951cf,c8bed8cd79eb70ff55bd255aea55f54abac5d04707e0917dfe7be30f06bb524d,./results/models/ablation/rl/one_step/stack/random_a/best.pt,"[{""action"":{""high_action"":""split"",""order_decision"":""only_cost""},""phase"":""high""},{""action"":{""candidate_id"":0,""schedule_alpha"":0.5},""phase"":""select""},{""action"":{""search_k"":1,""search_strategy"":""default""},""phase"":""search""},{""action"":{""execution_action"":""none"",""lip_action"":""none""},""phase"":""low""},{""action"":{""high_action"":""split"",""order_decision"":""only_cost""},""phase"":""high""},{""action"":{""candidate_id"":1,""schedule_alpha"":0.5},""phase"":""select""},{""action"":{""search_k"":1,""search_strategy"":""default""},""phase"":""search""},{""action"":{""execution_action"":""none"",""lip_action"":""none""},""phase"":""low""},{""action"":{""high_action"":""split"",""order_decision"":""only_cost""},""phase"":""high""},{""action"":{""candidate_id"":0,""schedule_alpha"":0.5},""phase"":""select""},{""action"":{""search_k"":1,""search_strategy"":""default""},""phase"":""search""},{""action"":{""execution_action"":""none"",""lip_action"":""none""},""phase"":""low""},{""action"":{""high_action"":""split"",""order_decision"":""only_cost""},""phase"":""high""},{""action"":{""candidate_id"":1,""schedule_alpha"":0.5},""phase"":""select""},{""action"":{""search_k"":1,""search_strategy"":""default""},""phase"":""search""},{""action"":{""execution_action"":""none"",""lip_action"":""none""},""phase"":""low""},{""action"":{""high_action"":""stop"",""order_decision"":""only_cost""},""phase"":""high""},{""action"":{""search_k"":1,""search_strategy"":""default""},""phase"":""search""},{""action"":{""execution_action"":""none"",""lip_action"":""none""},""phase"":""low""}]"
STACK,a,./workloads/query_stack/q7_q7-085.sql,One-step RL,5634.436950087547,19.984000000000,ok,6d776eb7da1ae8477f7038ddf562c90e9a7a7070bdd1e4229ad8df4edf82ad33,1,True,db21b19584ab0ea1385186a65760794bb91bfabfbdf6a117b4d9e6d4486a40f0,91717994747adf5ffa2f95989684952fd758c393aa8b7bb34537562405053317,./results/models/ablation/rl/one_step/stack/random_a/best.pt,"[{""action"":{""high_action"":""split"",""order_decision"":""only_cost""},""phase"":""high""},{""action"":{""candidate_id"":1,""schedule_alpha"":0.5},""phase"":""select""},{""action"":{""search_k"":1,""search_strategy"":""default""},""phase"":""search""},{""action"":{""execution_action"":""none"",""lip_action"":""none""},""phase"":""low""},{""action"":{""high_action"":""split"",""order_decision"":""only_cost""},""phase"":""high""},{""action"":{""candidate_id"":1,""schedule_alpha"":0.5},""phase"":""select""},{""action"":{""search_k"":1,""search_strategy"":""default""},""phase"":""search""},{""action"":{""execution_action"":""none"",""lip_action"":""none""},""phase"":""low""},{""action"":{""high_action"":""stop"",""order_decision"":""only_cost""},""phase"":""high""},{""action"":{""search_k"":1,""search_strategy"":""default""},""phase"":""search""},{""action"":{""execution_action"":""none"",""lip_action"":""none""},""phase"":""low""}]"
STACK,a,./workloads/query_stack/q7_q7-099.sql,One-step RL,5487.493455410004,19.821000000000,ok,e6097a493b497f00231f62efb8f5a998c223e2cd8bf8f4813d3f9efb2ac1da29,1,True,cd5a16e90446344f08e5c8847b3d789b394c9b72bd0279a8658e5fe84532cc03,6d2ba9e701c27f1366c0076e145c7889c3362977007702e1cdeeaaca5f82873e,./results/models/ablation/rl/one_step/stack/random_a/best.pt,"[{""action"":{""high_action"":""split"",""order_decision"":""only_cost""},""phase"":""high""},{""action"":{""candidate_id"":1,""schedule_alpha"":0.5},""phase"":""select""},{""action"":{""search_k"":1,""search_strategy"":""default""},""phase"":""search""},{""action"":{""execution_action"":""none"",""lip_action"":""none""},""phase"":""low""},{""action"":{""high_action"":""split"",""order_decision"":""only_cost""},""phase"":""high""},{""action"":{""candidate_id"":0,""schedule_alpha"":0.5},""phase"":""select""},{""action"":{""search_k"":1,""search_strategy"":""default""},""phase"":""search""},{""action"":{""execution_action"":""none"",""lip_action"":""none""},""phase"":""low""},{""action"":{""high_action"":""stop"",""order_decision"":""only_cost""},""phase"":""high""},{""action"":{""search_k"":1,""search_strategy"":""default""},""phase"":""search""},{""action"":{""execution_action"":""none"",""lip_action"":""none""},""phase"":""low""}]"
STACK,a,./workloads/query_stack/q8_q8-006.sql,One-step RL,374.434001743793,57.533000000000,ok,fa879e4fc50b8c9696eb4dbd6a0b301941889f11c3953bede1a1f9308c6c8618,1,True,2dff44ad69921cc06ee63e2fdefad97e0967d7553f9603b06f6e0b6828460c03,c7e66a4c75f20a7f53a9d9efb999e18d64e67d32d3a959a9716b0be3a2b83161,./results/models/ablation/rl/one_step/stack/random_a/best.pt,"[{""action"":{""high_action"":""stop"",""order_decision"":""only_cost""},""phase"":""high""},{""action"":{""search_k"":1,""search_strategy"":""default""},""phase"":""search""},{""action"":{""execution_action"":""none"",""lip_action"":""none""},""phase"":""low""}]"
STACK,a,./workloads/query_stack/q8_q8-076.sql,One-step RL,349.082894623280,44.710000000000,ok,fa879e4fc50b8c9696eb4dbd6a0b301941889f11c3953bede1a1f9308c6c8618,1,True,e1190d9c6d4b547c1ea9156d76977196870965bd6d5b70eacd1ecfa7c6877ba3,661659337c4419c7ca33a4c02d505b80f34296a343d1e47c981e0cfe75c0c487,./results/models/ablation/rl/one_step/stack/random_a/best.pt,"[{""action"":{""high_action"":""stop"",""order_decision"":""only_cost""},""phase"":""high""},{""action"":{""search_k"":1,""search_strategy"":""default""},""phase"":""search""},{""action"":{""execution_action"":""none"",""lip_action"":""none""},""phase"":""low""}]"
STACK,b,./workloads/query_stack/q11_87c4bd09.sql,One-step RL,878.001786768436,38.301000000000,ok,0adac76689f76028d5867469b355dcd74d4fa3a6e2559fbe6b8230f79b0e54ab,1,True,9873510d9ed4d025ee583218d9ce87c22da5d771733d95a147b965659c673b5b,cccc03193e41d9e80fffa9d953b7905310d1ce5e99d82e6b5bbdc13cd0eeaed1,./results/models/ablation/rl/one_step/stack/random_b/best.pt,"[{""action"":{""high_action"":""stop"",""order_decision"":""only_cost""},""phase"":""high""},{""action"":{""search_k"":1,""search_strategy"":""default""},""phase"":""search""},{""action"":{""execution_action"":""none"",""lip_action"":""none""},""phase"":""low""}]"
STACK,b,./workloads/query_stack/q11_c1ae2a99.sql,One-step RL,3845.843032002449,33.482000000000,ok,bb8e782f5dc25a16c10ffe18833283f7370c51fc216d687eb544549b48b557ee,1,True,d7ad65fc328fbb79a9a1b292a603b83ce2014cd0e6e4c0ae86e857cdda7bc74c,3ecfcb9105ec27d1f1964ed7a510e7b9465b1ebfd6b9aca3aea98cd6db57fa0d,./results/models/ablation/rl/one_step/stack/random_b/best.pt,"[{""action"":{""high_action"":""stop"",""order_decision"":""only_cost""},""phase"":""high""},{""action"":{""search_k"":1,""search_strategy"":""default""},""phase"":""search""},{""action"":{""execution_action"":""none"",""lip_action"":""none""},""phase"":""low""}]"
STACK,b,./workloads/query_stack/q12_06c8d688.sql,One-step RL,259.258575737476,47.855000000000,ok,7cbf5c7670ad4b36ecdc24b3e7d6e0b72f5c221a1ca93a703327ea17f0a33beb,9,True,b88c47011e1b8fce7592b9928d5b6ef637cc884635db97c32d30aa6b5efdb95c,9c9138cb28d2168eadea39ab484dbd99ee9f5cdb63ece60134ff9766d732cc9c,./results/models/ablation/rl/one_step/stack/random_b/best.pt,"[{""action"":{""high_action"":""stop"",""order_decision"":""only_cost""},""phase"":""high""},{""action"":{""search_k"":1,""search_strategy"":""default""},""phase"":""search""},{""action"":{""execution_action"":""none"",""lip_action"":""none""},""phase"":""low""}]"
STACK,b,./workloads/query_stack/q12_812a3eff.sql,One-step RL,1628.010258078575,46.164000000000,ok,d93d1c79cf73c78e79235ced2f92a14c120c18f4d839484bc6189f32792cf33e,12,True,3754509f3a6b757578423af01f1bd423f4f47e58c849a38869197430bae3c7ea,21532f60a3be231d596cba1aa868e1639281335b1bf2d08c0d090d581b8965af,./results/models/ablation/rl/one_step/stack/random_b/best.pt,"[{""action"":{""high_action"":""stop"",""order_decision"":""only_cost""},""phase"":""high""},{""action"":{""search_k"":1,""search_strategy"":""default""},""phase"":""search""},{""action"":{""execution_action"":""none"",""lip_action"":""none""},""phase"":""low""}]"
STACK,b,./workloads/query_stack/q12_bde6c0cf.sql,One-step RL,206.075109541416,44.399000000000,ok,ed94496358940d6dcbd7d3fae6008a1bf59cf8a927d60aff7f4d025b2078c569,2,True,9ad902789db0da030b87b145306c7504fe7c53be5d537f4193f3d0ef1f3086d5,fb37794f96de10b072f0f455ab62e5d32886c7f4ea255bcf36d867132854ecde,./results/models/ablation/rl/one_step/stack/random_b/best.pt,"[{""action"":{""high_action"":""stop"",""order_decision"":""only_cost""},""phase"":""high""},{""action"":{""search_k"":1,""search_strategy"":""default""},""phase"":""search""},{""action"":{""execution_action"":""none"",""lip_action"":""none""},""phase"":""low""}]"
STACK,b,./workloads/query_stack/q13_a091adce.sql,One-step RL,557.914152741432,51.692000000000,ok,a08c6a91086a32f0f168696c5193f4df662d2c7e1b5741b9192890614e79cb33,7,True,c1cd4707663e7d79f5dd7ada11a673e467d8cad4c96a594f02b359bcdd87ffa1,c96af8b1d302583450410321c9515f86c0f644aef65e39509de6917a27657ae0,./results/models/ablation/rl/one_step/stack/random_b/best.pt,"[{""action"":{""high_action"":""stop"",""order_decision"":""only_cost""},""phase"":""high""},{""action"":{""search_k"":1,""search_strategy"":""default""},""phase"":""search""},{""action"":{""execution_action"":""none"",""lip_action"":""none""},""phase"":""low""}]"
STACK,b,./workloads/query_stack/q13_a3d03772.sql,One-step RL,1858.465582132339,49.035000000000,ok,d810a8f52be505eb1db3998aaf5b583b11c7f14faa86a86041dea72c4641a9d3,100,True,64a29fb44e2d99589f6224a1fe9090ef37a38015989fb8f34ae46bfc00e07d99,80e8b3109159973c6624cca347939f631b3feb90fe4af1db9cfd1c95f44dc94d,./results/models/ablation/rl/one_step/stack/random_b/best.pt,"[{""action"":{""high_action"":""stop"",""order_decision"":""only_cost""},""phase"":""high""},{""action"":{""search_k"":1,""search_strategy"":""default""},""phase"":""search""},{""action"":{""execution_action"":""none"",""lip_action"":""none""},""phase"":""low""}]"
STACK,b,./workloads/query_stack/q14_4063b6cb.sql,One-step RL,472.166150808334,39.894000000000,ok,b54c2097d06810c037d8f05a25b377fe885c5f81cf6f1e27b2336ff1675b26f5,1,True,1999596ffc3a2da50381cee04b4ba8ddd4cca3d1e81b7af6cd305106d00009af,b71441f59f2f1e84aaa839693f36e2cdad82e9f4d9bd2589d7b0a59d8529b1d1,./results/models/ablation/rl/one_step/stack/random_b/best.pt,"[{""action"":{""high_action"":""split"",""order_decision"":""only_cost""},""phase"":""high""},{""action"":{""candidate_id"":3,""schedule_alpha"":0.5},""phase"":""select""},{""action"":{""search_k"":1,""search_strategy"":""default""},""phase"":""search""},{""action"":{""execution_action"":""none"",""lip_action"":""none""},""phase"":""low""},{""action"":{""high_action"":""split"",""order_decision"":""only_cost""},""phase"":""high""},{""action"":{""candidate_id"":3,""schedule_alpha"":0.5},""phase"":""select""},{""action"":{""search_k"":1,""search_strategy"":""default""},""phase"":""search""},{""action"":{""execution_action"":""none"",""lip_action"":""none""},""phase"":""low""},{""action"":{""high_action"":""split"",""order_decision"":""only_cost""},""phase"":""high""},{""action"":{""candidate_id"":1,""schedule_alpha"":0.5},""phase"":""select""},{""action"":{""search_k"":1,""search_strategy"":""default""},""phase"":""search""},{""action"":{""execution_action"":""none"",""lip_action"":""none""},""phase"":""low""},{""action"":{""high_action"":""split"",""order_decision"":""only_cost""},""phase"":""high""},{""action"":{""candidate_id"":1,""schedule_alpha"":0.5},""phase"":""select""},{""action"":{""search_k"":1,""search_strategy"":""default""},""phase"":""search""},{""action"":{""execution_action"":""none"",""lip_action"":""none""},""phase"":""low""},{""action"":{""high_action"":""split"",""order_decision"":""only_cost""},""phase"":""high""},{""action"":{""candidate_id"":0,""schedule_alpha"":0.5},""phase"":""select""},{""action"":{""search_k"":1,""search_strategy"":""default""},""phase"":""search""},{""action"":{""execution_action"":""none"",""lip_action"":""none""},""phase"":""low""},{""action"":{""high_action"":""stop"",""order_decision"":""only_cost""},""phase"":""high""},{""action"":{""search_k"":1,""search_strategy"":""default""},""phase"":""search""},{""action"":{""execution_action"":""none"",""lip_action"":""none""},""phase"":""low""}]"
STACK,b,./workloads/query_stack/q14_5dbc1d1f.sql,One-step RL,14491.189047694206,144.881000000000,ok,bb56c0df8119ed058c77621e5b7f3efa1a6af55aaef384fcac58e729b7d6e853,1,True,768db859a4e31cb4077e22c1019ddc85721c0e1f99c37cbf2ceac69efb0baf30,c73db13e4fb2bbed1872e493a5643d996be153d948a03c2c6ffff7c588bcde35,./results/models/ablation/rl/one_step/stack/random_b/best.pt,"[{""action"":{""high_action"":""split"",""order_decision"":""only_cost""},""phase"":""high""},{""action"":{""candidate_id"":3,""schedule_alpha"":0.5},""phase"":""select""},{""action"":{""search_k"":1,""search_strategy"":""default""},""phase"":""search""},{""action"":{""execution_action"":""none"",""lip_action"":""none""},""phase"":""low""},{""action"":{""high_action"":""split"",""order_decision"":""only_cost""},""phase"":""high""},{""action"":{""candidate_id"":3,""schedule_alpha"":0.5},""phase"":""select""},{""action"":{""search_k"":1,""search_strategy"":""default""},""phase"":""search""},{""action"":{""execution_action"":""none"",""lip_action"":""none""},""phase"":""low""},{""action"":{""high_action"":""split"",""order_decision"":""only_cost""},""phase"":""high""},{""action"":{""candidate_id"":1,""schedule_alpha"":0.5},""phase"":""select""},{""action"":{""search_k"":1,""search_strategy"":""default""},""phase"":""search""},{""action"":{""execution_action"":""none"",""lip_action"":""none""},""phase"":""low""},{""action"":{""high_action"":""split"",""order_decision"":""only_cost""},""phase"":""high""},{""action"":{""candidate_id"":1,""schedule_alpha"":0.5},""phase"":""select""},{""action"":{""search_k"":1,""search_strategy"":""default""},""phase"":""search""},{""action"":{""execution_action"":""none"",""lip_action"":""none""},""phase"":""low""},{""action"":{""high_action"":""split"",""order_decision"":""only_cost""},""phase"":""high""},{""action"":{""candidate_id"":0,""schedule_alpha"":0.5},""phase"":""select""},{""action"":{""search_k"":1,""search_strategy"":""default""},""phase"":""search""},{""action"":{""execution_action"":""conservative"",""lip_action"":""none""},""phase"":""low""},{""action"":{""high_action"":""stop"",""order_decision"":""only_cost""},""phase"":""high""},{""action"":{""search_k"":1,""search_strategy"":""default""},""phase"":""search""},{""action"":{""execution_action"":""none"",""lip_action"":""none""},""phase"":""low""}]"
STACK,b,./workloads/query_stack/q14_97e68ad5.sql,One-step RL,6092.876702547073,42.919000000000,ok,334f2b776c8ce2494d66db9c13d72fa1a6e95ac709970f148a607f2b195eecb1,1,True,384cf10d0dc141bae63b5423589c1515574211afad099db2857174bc3867ee06,97078cb6950dbb8f7ac1c13185fd425244dd08e2483c59c9e0084e6d8df17808,./results/models/ablation/rl/one_step/stack/random_b/best.pt,"[{""action"":{""high_action"":""split"",""order_decision"":""only_cost""},""phase"":""high""},{""action"":{""candidate_id"":3,""schedule_alpha"":0.5},""phase"":""select""},{""action"":{""search_k"":1,""search_strategy"":""default""},""phase"":""search""},{""action"":{""execution_action"":""none"",""lip_action"":""none""},""phase"":""low""},{""action"":{""high_action"":""split"",""order_decision"":""only_cost""},""phase"":""high""},{""action"":{""candidate_id"":3,""schedule_alpha"":0.5},""phase"":""select""},{""action"":{""search_k"":1,""search_strategy"":""default""},""phase"":""search""},{""action"":{""execution_action"":""none"",""lip_action"":""none""},""phase"":""low""},{""action"":{""high_action"":""split"",""order_decision"":""only_cost""},""phase"":""high""},{""action"":{""candidate_id"":1,""schedule_alpha"":0.5},""phase"":""select""},{""action"":{""search_k"":1,""search_strategy"":""default""},""phase"":""search""},{""action"":{""execution_action"":""none"",""lip_action"":""none""},""phase"":""low""},{""action"":{""high_action"":""split"",""order_decision"":""only_cost""},""phase"":""high""},{""action"":{""candidate_id"":1,""schedule_alpha"":0.5},""phase"":""select""},{""action"":{""search_k"":1,""search_strategy"":""default""},""phase"":""search""},{""action"":{""execution_action"":""none"",""lip_action"":""none""},""phase"":""low""},{""action"":{""high_action"":""split"",""order_decision"":""only_cost""},""phase"":""high""},{""action"":{""candidate_id"":0,""schedule_alpha"":0.5},""phase"":""select""},{""action"":{""search_k"":1,""search_strategy"":""default""},""phase"":""search""},{""action"":{""execution_action"":""none"",""lip_action"":""none""},""phase"":""low""},{""action"":{""high_action"":""stop"",""order_decision"":""only_cost""},""phase"":""high""},{""action"":{""search_k"":1,""search_strategy"":""default""},""phase"":""search""},{""action"":{""execution_action"":""none"",""lip_action"":""none""},""phase"":""low""}]"
STACK,b,./workloads/query_stack/q15_21e4988a.sql,One-step RL,560.403555631638,27.471000000000,ok,1660f09370e5a70e78b7f2e19fc4bf363f2543645d9e97ff5ced9c3ae4e4153d,53,True,04de20e0b8cfe896f7d59a13f7773cc24f82d198ce5075d7a9397aaad62765b3,17f1b3fb7613846d4e5de63922eaa9a2a2ee97453b663bdc7b17f58e6cc202a6,./results/models/ablation/rl/one_step/stack/random_b/best.pt,"[{""action"":{""high_action"":""split"",""order_decision"":""only_cost""},""phase"":""high""},{""action"":{""candidate_id"":1,""schedule_alpha"":0.5},""phase"":""select""},{""action"":{""search_k"":1,""search_strategy"":""default""},""phase"":""search""},{""action"":{""execution_action"":""none"",""lip_action"":""none""},""phase"":""low""},{""action"":{""high_action"":""split"",""order_decision"":""only_cost""},""phase"":""high""},{""action"":{""candidate_id"":1,""schedule_alpha"":0.5},""phase"":""select""},{""action"":{""search_k"":1,""search_strategy"":""default""},""phase"":""search""},{""action"":{""execution_action"":""none"",""lip_action"":""none""},""phase"":""low""},{""action"":{""high_action"":""split"",""order_decision"":""only_cost""},""phase"":""high""},{""action"":{""candidate_id"":0,""schedule_alpha"":0.5},""phase"":""select""},{""action"":{""search_k"":1,""search_strategy"":""default""},""phase"":""search""},{""action"":{""execution_action"":""none"",""lip_action"":""none""},""phase"":""low""},{""action"":{""high_action"":""stop"",""order_decision"":""only_cost""},""phase"":""high""},{""action"":{""search_k"":1,""search_strategy"":""default""},""phase"":""search""},{""action"":{""execution_action"":""none"",""lip_action"":""none""},""phase"":""low""}]"
STACK,b,./workloads/query_stack/q15_78995a5f.sql,One-step RL,669.096000492573,27.455000000000,ok,f913fffa52ef6f774243dc5f5c15df98f650c6370cdb7631929071a81a6a6b2c,85,True,d812c91c80551d29e52d00ffd741e532a5f99ec5901db292c5616c4831c2f20d,0c3aab8d48f2276ccfc4c42bea74116eb2334b46c359c554cff23e9b3436c32e,./results/models/ablation/rl/one_step/stack/random_b/best.pt,"[{""action"":{""high_action"":""split"",""order_decision"":""only_cost""},""phase"":""high""},{""action"":{""candidate_id"":1,""schedule_alpha"":0.5},""phase"":""select""},{""action"":{""search_k"":1,""search_strategy"":""default""},""phase"":""search""},{""action"":{""execution_action"":""none"",""lip_action"":""none""},""phase"":""low""},{""action"":{""high_action"":""split"",""order_decision"":""only_cost""},""phase"":""high""},{""action"":{""candidate_id"":1,""schedule_alpha"":0.5},""phase"":""select""},{""action"":{""search_k"":1,""search_strategy"":""default""},""phase"":""search""},{""action"":{""execution_action"":""none"",""lip_action"":""none""},""phase"":""low""},{""action"":{""high_action"":""split"",""order_decision"":""only_cost""},""phase"":""high""},{""action"":{""candidate_id"":0,""schedule_alpha"":0.5},""phase"":""select""},{""action"":{""search_k"":1,""search_strategy"":""default""},""phase"":""search""},{""action"":{""execution_action"":""none"",""lip_action"":""none""},""phase"":""low""},{""action"":{""high_action"":""stop"",""order_decision"":""only_cost""},""phase"":""high""},{""action"":{""search_k"":1,""search_strategy"":""default""},""phase"":""search""},{""action"":{""execution_action"":""none"",""lip_action"":""none""},""phase"":""low""}]"
STACK,b,./workloads/query_stack/q15_b8ddf65b.sql,One-step RL,204.155467450619,27.044000000000,ok,39f37f8d1931b3bdf767e7510dd69509fbf23af1f7654933d0a4d291cbdd4418,0,True,06724f87d0d6d48e580cfa9ffea0327d5b3d07212ea15a682f5c991a5bde4a7b,0110f9da9f7b03ec8a35d84a9fddd9e9b85b67f2f8ea0e8a9832f62ea3ae3712,./results/models/ablation/rl/one_step/stack/random_b/best.pt,"[{""action"":{""high_action"":""split"",""order_decision"":""only_cost""},""phase"":""high""},{""action"":{""candidate_id"":1,""schedule_alpha"":0.5},""phase"":""select""},{""action"":{""search_k"":1,""search_strategy"":""default""},""phase"":""search""},{""action"":{""execution_action"":""none"",""lip_action"":""none""},""phase"":""low""},{""action"":{""high_action"":""split"",""order_decision"":""only_cost""},""phase"":""high""},{""action"":{""candidate_id"":1,""schedule_alpha"":0.5},""phase"":""select""},{""action"":{""search_k"":1,""search_strategy"":""default""},""phase"":""search""},{""action"":{""execution_action"":""none"",""lip_action"":""none""},""phase"":""low""},{""action"":{""high_action"":""split"",""order_decision"":""only_cost""},""phase"":""high""},{""action"":{""candidate_id"":0,""schedule_alpha"":0.5},""phase"":""select""},{""action"":{""search_k"":1,""search_strategy"":""default""},""phase"":""search""},{""action"":{""execution_action"":""none"",""lip_action"":""none""},""phase"":""low""},{""action"":{""high_action"":""stop"",""order_decision"":""only_cost""},""phase"":""high""},{""action"":{""search_k"":1,""search_strategy"":""default""},""phase"":""search""},{""action"":{""execution_action"":""none"",""lip_action"":""none""},""phase"":""low""}]"
STACK,b,./workloads/query_stack/q16_374e3e4c.sql,One-step RL,5900.102689862251,27.256000000000,ok,54d4efd1b9fad2e2bea57e5b911106d37dfd248550e48caf6e5a16921c5cc884,1,True,2cd0299b9a32bc888a2584af0d7dc49d3b93be59f4680b6f00e4f05d2076e964,710229c0f8d7cf19e546cc67e8b926a724e4b0fac3e303434e6f007ebad37303,./results/models/ablation/rl/one_step/stack/random_b/best.pt,"[{""action"":{""high_action"":""split"",""order_decision"":""only_cost""},""phase"":""high""},{""action"":{""candidate_id"":1,""schedule_alpha"":0.5},""phase"":""select""},{""action"":{""search_k"":1,""search_strategy"":""default""},""phase"":""search""},{""action"":{""execution_action"":""none"",""lip_action"":""none""},""phase"":""low""},{""action"":{""high_action"":""split"",""order_decision"":""only_cost""},""phase"":""high""},{""action"":{""candidate_id"":1,""schedule_alpha"":0.5},""phase"":""select""},{""action"":{""search_k"":1,""search_strategy"":""default""},""phase"":""search""},{""action"":{""execution_action"":""none"",""lip_action"":""none""},""phase"":""low""},{""action"":{""high_action"":""split"",""order_decision"":""only_cost""},""phase"":""high""},{""action"":{""candidate_id"":0,""schedule_alpha"":0.5},""phase"":""select""},{""action"":{""search_k"":1,""search_strategy"":""default""},""phase"":""search""},{""action"":{""execution_action"":""none"",""lip_action"":""none""},""phase"":""low""},{""action"":{""high_action"":""stop"",""order_decision"":""only_cost""},""phase"":""high""},{""action"":{""search_k"":1,""search_strategy"":""default""},""phase"":""search""},{""action"":{""execution_action"":""none"",""lip_action"":""none""},""phase"":""low""}]"
STACK,b,./workloads/query_stack/q16_d5290889.sql,One-step RL,132.031895220280,26.798000000000,ok,6df0e219ac573723d552586b66c486c20731ea236011d7d2c4401ec2789e452e,1,True,71af0d3e42e5343590a0f4623d72af11d8ae096ee0f83f3304ad53aa2243b7d8,14a5f2e14f71c13cd8fe6e3d33daffa9431f8af215c71328444126e0a9404d9b,./results/models/ablation/rl/one_step/stack/random_b/best.pt,"[{""action"":{""high_action"":""split"",""order_decision"":""only_cost""},""phase"":""high""},{""action"":{""candidate_id"":1,""schedule_alpha"":0.5},""phase"":""select""},{""action"":{""search_k"":1,""search_strategy"":""default""},""phase"":""search""},{""action"":{""execution_action"":""none"",""lip_action"":""none""},""phase"":""low""},{""action"":{""high_action"":""split"",""order_decision"":""only_cost""},""phase"":""high""},{""action"":{""candidate_id"":1,""schedule_alpha"":0.5},""phase"":""select""},{""action"":{""search_k"":1,""search_strategy"":""default""},""phase"":""search""},{""action"":{""execution_action"":""none"",""lip_action"":""none""},""phase"":""low""},{""action"":{""high_action"":""split"",""order_decision"":""only_cost""},""phase"":""high""},{""action"":{""candidate_id"":0,""schedule_alpha"":0.5},""phase"":""select""},{""action"":{""search_k"":1,""search_strategy"":""default""},""phase"":""search""},{""action"":{""execution_action"":""none"",""lip_action"":""none""},""phase"":""low""},{""action"":{""high_action"":""stop"",""order_decision"":""only_cost""},""phase"":""high""},{""action"":{""search_k"":1,""search_strategy"":""default""},""phase"":""search""},{""action"":{""execution_action"":""none"",""lip_action"":""none""},""phase"":""low""}]"
STACK,b,./workloads/query_stack/q16_f67cec3d.sql,One-step RL,3771.962277591228,27.276000000000,ok,fa879e4fc50b8c9696eb4dbd6a0b301941889f11c3953bede1a1f9308c6c8618,1,True,8ee5b4843797a9cd4aeaedd7d8633fc0bbe0b2b6afd309f683e00764912a982a,42e5cfc272fd074a0beea45ef14e48af053be9b5b3cc500fc3f67e235263c957,./results/models/ablation/rl/one_step/stack/random_b/best.pt,"[{""action"":{""high_action"":""split"",""order_decision"":""only_cost""},""phase"":""high""},{""action"":{""candidate_id"":1,""schedule_alpha"":0.5},""phase"":""select""},{""action"":{""search_k"":1,""search_strategy"":""default""},""phase"":""search""},{""action"":{""execution_action"":""none"",""lip_action"":""none""},""phase"":""low""},{""action"":{""high_action"":""split"",""order_decision"":""only_cost""},""phase"":""high""},{""action"":{""candidate_id"":0,""schedule_alpha"":0.5},""phase"":""select""},{""action"":{""search_k"":1,""search_strategy"":""default""},""phase"":""search""},{""action"":{""execution_action"":""none"",""lip_action"":""none""},""phase"":""low""},{""action"":{""high_action"":""split"",""order_decision"":""only_cost""},""phase"":""high""},{""action"":{""candidate_id"":0,""schedule_alpha"":0.5},""phase"":""select""},{""action"":{""search_k"":1,""search_strategy"":""default""},""phase"":""search""},{""action"":{""execution_action"":""none"",""lip_action"":""none""},""phase"":""low""},{""action"":{""high_action"":""stop"",""order_decision"":""only_cost""},""phase"":""high""},{""action"":{""search_k"":1,""search_strategy"":""default""},""phase"":""search""},{""action"":{""execution_action"":""none"",""lip_action"":""none""},""phase"":""low""}]"
STACK,b,./workloads/query_stack/q1_q1-067.sql,One-step RL,146.396793425083,37.555000000000,ok,efd47e404577282b5d30f83a721f02a9e869b9fcd7d91266a565314a53d0814f,1,True,d5c91bcc044b615bb18b9bbeb24c83fe1143d8128e3a313f24e4e09490ac79a4,ec7d574049e46155540673bb292a07c6ae43b9b5f6765c16cfa6545b44a5d2e8,./results/models/ablation/rl/one_step/stack/random_b/best.pt,"[{""action"":{""high_action"":""stop"",""order_decision"":""only_cost""},""phase"":""high""},{""action"":{""search_k"":1,""search_strategy"":""default""},""phase"":""search""},{""action"":{""execution_action"":""none"",""lip_action"":""none""},""phase"":""low""}]"
STACK,b,./workloads/query_stack/q1_q1-098.sql,One-step RL,4669.990867376328,38.049000000000,ok,4095cbc1ecc697ca9f9646c193a5682ada5316dba77f81108b62ba3cb1a82ab6,1,True,d264c19161d7e0557f99a115a318aecb5a02e564cce5d2a44fc0a80fa35d7d3f,9b29804fb88b5384c8d1c2a42f4e166e718f5e0245473823d3a6e98a441962d8,./results/models/ablation/rl/one_step/stack/random_b/best.pt,"[{""action"":{""high_action"":""stop"",""order_decision"":""only_cost""},""phase"":""high""},{""action"":{""search_k"":1,""search_strategy"":""default""},""phase"":""search""},{""action"":{""execution_action"":""none"",""lip_action"":""none""},""phase"":""low""}]"
STACK,b,./workloads/query_stack/q1_q1-099.sql,One-step RL,4522.849649190903,62.260000000000,ok,43cad99fe214168bad67fa959cc8fb22a625668be9c526dcb4cda29c3f5f08c3,1,True,e6f7cd9764319f00c9ac9829a5890f1165d2fadfd7d32b227714cb68b8a54b4e,faf1ff508be5c1b4d95d66310a87a2c604d4199953fd90feb55e447b2e372524,./results/models/ablation/rl/one_step/stack/random_b/best.pt,"[{""action"":{""high_action"":""stop"",""order_decision"":""only_cost""},""phase"":""high""},{""action"":{""search_k"":1,""search_strategy"":""default""},""phase"":""search""},{""action"":{""execution_action"":""none"",""lip_action"":""none""},""phase"":""low""}]"
STACK,b,./workloads/query_stack/q1_q1-100.sql,One-step RL,4114.532642066479,14.515000000000,ok,30d34f6a188fd1b13047dc951deb7bfb9a74d8113d5f305ae8170f782b81c64f,1,True,87e28b092ceb343ff0180b6ff9ae834e6f3f6985a6abc838d3193cc8b09fa75b,d83185eb7f7d44691bcade82225b488122b1167f3ebe98f8aa61156595054bab,./results/models/ablation/rl/one_step/stack/random_b/best.pt,"[{""action"":{""high_action"":""stop"",""order_decision"":""only_cost""},""phase"":""high""},{""action"":{""search_k"":1,""search_strategy"":""default""},""phase"":""search""},{""action"":{""execution_action"":""none"",""lip_action"":""none""},""phase"":""low""}]"
STACK,b,./workloads/query_stack/q2_q2-001.sql,One-step RL,1195.242680609226,55.912000000000,ok,c2a22d1cadee1419b10b6b0e89c3a6305e0a2763bbeb6505ce8afa140290b844,8,True,dcefe2399b501f217046db353c110bd7703fcdf5e3eaf0871cfdeb6468a8d43f,a39f055506740f2eedc23d1eac1250b087d869dfbfdd6cdb87c21cb08b866428,./results/models/ablation/rl/one_step/stack/random_b/best.pt,"[{""action"":{""high_action"":""split"",""order_decision"":""only_cost""},""phase"":""high""},{""action"":{""candidate_id"":0,""schedule_alpha"":0.5},""phase"":""select""},{""action"":{""search_k"":1,""search_strategy"":""default""},""phase"":""search""},{""action"":{""execution_action"":""none"",""lip_action"":""none""},""phase"":""low""},{""action"":{""high_action"":""split"",""order_decision"":""only_cost""},""phase"":""high""},{""action"":{""candidate_id"":3,""schedule_alpha"":0.5},""phase"":""select""},{""action"":{""search_k"":1,""search_strategy"":""default""},""phase"":""search""},{""action"":{""execution_action"":""none"",""lip_action"":""none""},""phase"":""low""},{""action"":{""high_action"":""split"",""order_decision"":""only_cost""},""phase"":""high""},{""action"":{""candidate_id"":1,""schedule_alpha"":0.5},""phase"":""select""},{""action"":{""search_k"":1,""search_strategy"":""default""},""phase"":""search""},{""action"":{""execution_action"":""none"",""lip_action"":""none""},""phase"":""low""},{""action"":{""high_action"":""split"",""order_decision"":""only_cost""},""phase"":""high""},{""action"":{""candidate_id"":3,""schedule_alpha"":0.5},""phase"":""select""},{""action"":{""search_k"":1,""search_strategy"":""default""},""phase"":""search""},{""action"":{""execution_action"":""none"",""lip_action"":""none""},""phase"":""low""},{""action"":{""high_action"":""split"",""order_decision"":""only_cost""},""phase"":""high""},{""action"":{""candidate_id"":0,""schedule_alpha"":0.5},""phase"":""select""},{""action"":{""search_k"":1,""search_strategy"":""default""},""phase"":""search""},{""action"":{""execution_action"":""none"",""lip_action"":""none""},""phase"":""low""},{""action"":{""high_action"":""split"",""order_decision"":""only_cost""},""phase"":""high""},{""action"":{""candidate_id"":0,""schedule_alpha"":0.5},""phase"":""select""},{""action"":{""search_k"":1,""search_strategy"":""default""},""phase"":""search""},{""action"":{""execution_action"":""none"",""lip_action"":""none""},""phase"":""low""},{""action"":{""high_action"":""split"",""order_decision"":""only_cost""},""phase"":""high""},{""action"":{""candidate_id"":1,""schedule_alpha"":0.5},""phase"":""select""},{""action"":{""search_k"":1,""search_strategy"":""default""},""phase"":""search""},{""action"":{""execution_action"":""none"",""lip_action"":""none""},""phase"":""low""},{""action"":{""high_action"":""stop"",""order_decision"":""only_cost""},""phase"":""high""},{""action"":{""search_k"":1,""search_strategy"":""default""},""phase"":""search""},{""action"":{""execution_action"":""none"",""lip_action"":""none""},""phase"":""low""}]"
STACK,b,./workloads/query_stack/q2_q2-081.sql,One-step RL,958.485424518585,56.250000000000,ok,1a7d78a8eb8abd7af47cccb03fcdc9f93bc4eace3114dc327e9797bd85744335,87,True,3e8a163dd4a6445db7949acc99448a9e73fc484e5c89188d8633a65981ec8978,ab8c95f8a297437641b2f01ae1a628b897ab1d2bf0ec949b221d2d93348d239e,./results/models/ablation/rl/one_step/stack/random_b/best.pt,"[{""action"":{""high_action"":""split"",""order_decision"":""only_cost""},""phase"":""high""},{""action"":{""candidate_id"":0,""schedule_alpha"":0.5},""phase"":""select""},{""action"":{""search_k"":1,""search_strategy"":""default""},""phase"":""search""},{""action"":{""execution_action"":""none"",""lip_action"":""none""},""phase"":""low""},{""action"":{""high_action"":""split"",""order_decision"":""only_cost""},""phase"":""high""},{""action"":{""candidate_id"":3,""schedule_alpha"":0.5},""phase"":""select""},{""action"":{""search_k"":1,""search_strategy"":""default""},""phase"":""search""},{""action"":{""execution_action"":""none"",""lip_action"":""none""},""phase"":""low""},{""action"":{""high_action"":""split"",""order_decision"":""only_cost""},""phase"":""high""},{""action"":{""candidate_id"":1,""schedule_alpha"":0.5},""phase"":""select""},{""action"":{""search_k"":1,""search_strategy"":""default""},""phase"":""search""},{""action"":{""execution_action"":""none"",""lip_action"":""none""},""phase"":""low""},{""action"":{""high_action"":""split"",""order_decision"":""only_cost""},""phase"":""high""},{""action"":{""candidate_id"":3,""schedule_alpha"":0.5},""phase"":""select""},{""action"":{""search_k"":1,""search_strategy"":""default""},""phase"":""search""},{""action"":{""execution_action"":""none"",""lip_action"":""none""},""phase"":""low""},{""action"":{""high_action"":""split"",""order_decision"":""only_cost""},""phase"":""high""},{""action"":{""candidate_id"":0,""schedule_alpha"":0.5},""phase"":""select""},{""action"":{""search_k"":1,""search_strategy"":""default""},""phase"":""search""},{""action"":{""execution_action"":""none"",""lip_action"":""none""},""phase"":""low""},{""action"":{""high_action"":""split"",""order_decision"":""only_cost""},""phase"":""high""},{""action"":{""candidate_id"":0,""schedule_alpha"":0.5},""phase"":""select""},{""action"":{""search_k"":1,""search_strategy"":""default""},""phase"":""search""},{""action"":{""execution_action"":""none"",""lip_action"":""none""},""phase"":""low""},{""action"":{""high_action"":""split"",""order_decision"":""only_cost""},""phase"":""high""},{""action"":{""candidate_id"":1,""schedule_alpha"":0.5},""phase"":""select""},{""action"":{""search_k"":1,""search_strategy"":""default""},""phase"":""search""},{""action"":{""execution_action"":""none"",""lip_action"":""none""},""phase"":""low""},{""action"":{""high_action"":""stop"",""order_decision"":""only_cost""},""phase"":""high""},{""action"":{""search_k"":1,""search_strategy"":""default""},""phase"":""search""},{""action"":{""execution_action"":""none"",""lip_action"":""none""},""phase"":""low""}]"
STACK,b,./workloads/query_stack/q3_q3-018.sql,One-step RL,1431.265160441399,66.509000000000,ok,ce8ae4a1c41bb6ace1751e8b691713500edc7b921b9a42bfde4909ad43ad647a,1,True,575601bf9f5ce579a229db99839ebe7de26ac9d8057c5e917ba1574901bd907b,8b9868442319ef24885cbe780a74e455c05eed94997f20e5cf72805bd6184263,./results/models/ablation/rl/one_step/stack/random_b/best.pt,"[{""action"":{""high_action"":""split"",""order_decision"":""only_cost""},""phase"":""high""},{""action"":{""candidate_id"":0,""schedule_alpha"":0.5},""phase"":""select""},{""action"":{""search_k"":1,""search_strategy"":""default""},""phase"":""search""},{""action"":{""execution_action"":""none"",""lip_action"":""none""},""phase"":""low""},{""action"":{""high_action"":""split"",""order_decision"":""only_cost""},""phase"":""high""},{""action"":{""candidate_id"":4,""schedule_alpha"":0.5},""phase"":""select""},{""action"":{""search_k"":1,""search_strategy"":""default""},""phase"":""search""},{""action"":{""execution_action"":""none"",""lip_action"":""none""},""phase"":""low""},{""action"":{""high_action"":""split"",""order_decision"":""only_cost""},""phase"":""high""},{""action"":{""candidate_id"":2,""schedule_alpha"":0.5},""phase"":""select""},{""action"":{""search_k"":1,""search_strategy"":""default""},""phase"":""search""},{""action"":{""execution_action"":""none"",""lip_action"":""none""},""phase"":""low""},{""action"":{""high_action"":""split"",""order_decision"":""only_cost""},""phase"":""high""},{""action"":{""candidate_id"":4,""schedule_alpha"":0.5},""phase"":""select""},{""action"":{""search_k"":1,""search_strategy"":""default""},""phase"":""search""},{""action"":{""execution_action"":""none"",""lip_action"":""none""},""phase"":""low""},{""action"":{""high_action"":""split"",""order_decision"":""only_cost""},""phase"":""high""},{""action"":{""candidate_id"":0,""schedule_alpha"":0.5},""phase"":""select""},{""action"":{""search_k"":1,""search_strategy"":""default""},""phase"":""search""},{""action"":{""execution_action"":""none"",""lip_action"":""none""},""phase"":""low""},{""action"":{""high_action"":""split"",""order_decision"":""only_cost""},""phase"":""high""},{""action"":{""candidate_id"":0,""schedule_alpha"":0.5},""phase"":""select""},{""action"":{""search_k"":1,""search_strategy"":""default""},""phase"":""search""},{""action"":{""execution_action"":""none"",""lip_action"":""none""},""phase"":""low""},{""action"":{""high_action"":""split"",""order_decision"":""only_cost""},""phase"":""high""},{""action"":{""candidate_id"":0,""schedule_alpha"":0.5},""phase"":""select""},{""action"":{""search_k"":1,""search_strategy"":""default""},""phase"":""search""},{""action"":{""execution_action"":""none"",""lip_action"":""none""},""phase"":""low""},{""action"":{""high_action"":""split"",""order_decision"":""only_cost""},""phase"":""high""},{""action"":{""candidate_id"":1,""schedule_alpha"":0.5},""phase"":""select""},{""action"":{""search_k"":1,""search_strategy"":""default""},""phase"":""search""},{""action"":{""execution_action"":""none"",""lip_action"":""none""},""phase"":""low""},{""action"":{""high_action"":""stop"",""order_decision"":""only_cost""},""phase"":""high""},{""action"":{""search_k"":1,""search_strategy"":""default""},""phase"":""search""},{""action"":{""execution_action"":""none"",""lip_action"":""none""},""phase"":""low""}]"
STACK,b,./workloads/query_stack/q3_q3-040.sql,One-step RL,26239.951692521572,137.646000000000,ok,7339417584b8a11219c126574a9eb259201d823711355fede0b243967980ea5c,1,True,0bae5df06459ca5a5634c077b2bacf55aea44df842cdcbd6d36697e82d97afca,5427cb5af6e5444fdc43616520f71efdc8811ab47b7f248e792ec831f4e76f3b,./results/models/ablation/rl/one_step/stack/random_b/best.pt,"[{""action"":{""high_action"":""split"",""order_decision"":""only_cost""},""phase"":""high""},{""action"":{""candidate_id"":0,""schedule_alpha"":0.5},""phase"":""select""},{""action"":{""search_k"":1,""search_strategy"":""default""},""phase"":""search""},{""action"":{""execution_action"":""none"",""lip_action"":""none""},""phase"":""low""},{""action"":{""high_action"":""split"",""order_decision"":""only_cost""},""phase"":""high""},{""action"":{""candidate_id"":4,""schedule_alpha"":0.5},""phase"":""select""},{""action"":{""search_k"":1,""search_strategy"":""default""},""phase"":""search""},{""action"":{""execution_action"":""none"",""lip_action"":""none""},""phase"":""low""},{""action"":{""high_action"":""split"",""order_decision"":""only_cost""},""phase"":""high""},{""action"":{""candidate_id"":2,""schedule_alpha"":0.5},""phase"":""select""},{""action"":{""search_k"":1,""search_strategy"":""default""},""phase"":""search""},{""action"":{""execution_action"":""none"",""lip_action"":""none""},""phase"":""low""},{""action"":{""high_action"":""split"",""order_decision"":""only_cost""},""phase"":""high""},{""action"":{""candidate_id"":4,""schedule_alpha"":0.5},""phase"":""select""},{""action"":{""search_k"":1,""search_strategy"":""default""},""phase"":""search""},{""action"":{""execution_action"":""none"",""lip_action"":""none""},""phase"":""low""},{""action"":{""high_action"":""split"",""order_decision"":""only_cost""},""phase"":""high""},{""action"":{""candidate_id"":3,""schedule_alpha"":0.5},""phase"":""select""},{""action"":{""search_k"":1,""search_strategy"":""default""},""phase"":""search""},{""action"":{""execution_action"":""none"",""lip_action"":""none""},""phase"":""low""},{""action"":{""high_action"":""split"",""order_decision"":""only_cost""},""phase"":""high""},{""action"":{""candidate_id"":2,""schedule_alpha"":0.5},""phase"":""select""},{""action"":{""search_k"":1,""search_strategy"":""default""},""phase"":""search""},{""action"":{""execution_action"":""none"",""lip_action"":""none""},""phase"":""low""},{""action"":{""high_action"":""split"",""order_decision"":""only_cost""},""phase"":""high""},{""action"":{""candidate_id"":0,""schedule_alpha"":0.5},""phase"":""select""},{""action"":{""search_k"":1,""search_strategy"":""default""},""phase"":""search""},{""action"":{""execution_action"":""none"",""lip_action"":""none""},""phase"":""low""},{""action"":{""high_action"":""stop"",""order_decision"":""only_cost""},""phase"":""high""},{""action"":{""search_k"":1,""search_strategy"":""default""},""phase"":""search""},{""action"":{""execution_action"":""conservative"",""lip_action"":""none""},""phase"":""low""}]"
STACK,b,./workloads/query_stack/q3_q3-046.sql,One-step RL,1148.266382515430,141.527000000000,ok,64043c6a0d07cdab8939a506f1a097454642c5f07efa20f7d4c6ef417b0776a6,1,True,6373f2f5f27fbe6b17554586456e25e78eba5f098667687cb46de24204e83bc5,641991943f4b9a6877bfc84df94e50b96399c52d975e10f29e9e38908cf105ec,./results/models/ablation/rl/one_step/stack/random_b/best.pt,"[{""action"":{""high_action"":""split"",""order_decision"":""only_cost""},""phase"":""high""},{""action"":{""candidate_id"":0,""schedule_alpha"":0.5},""phase"":""select""},{""action"":{""search_k"":1,""search_strategy"":""default""},""phase"":""search""},{""action"":{""execution_action"":""none"",""lip_action"":""none""},""phase"":""low""},{""action"":{""high_action"":""split"",""order_decision"":""only_cost""},""phase"":""high""},{""action"":{""candidate_id"":4,""schedule_alpha"":0.5},""phase"":""select""},{""action"":{""search_k"":1,""search_strategy"":""default""},""phase"":""search""},{""action"":{""execution_action"":""none"",""lip_action"":""none""},""phase"":""low""},{""action"":{""high_action"":""split"",""order_decision"":""only_cost""},""phase"":""high""},{""action"":{""candidate_id"":2,""schedule_alpha"":0.5},""phase"":""select""},{""action"":{""search_k"":1,""search_strategy"":""default""},""phase"":""search""},{""action"":{""execution_action"":""none"",""lip_action"":""none""},""phase"":""low""},{""action"":{""high_action"":""split"",""order_decision"":""only_cost""},""phase"":""high""},{""action"":{""candidate_id"":4,""schedule_alpha"":0.5},""phase"":""select""},{""action"":{""search_k"":1,""search_strategy"":""default""},""phase"":""search""},{""action"":{""execution_action"":""none"",""lip_action"":""none""},""phase"":""low""},{""action"":{""high_action"":""split"",""order_decision"":""only_cost""},""phase"":""high""},{""action"":{""candidate_id"":3,""schedule_alpha"":0.5},""phase"":""select""},{""action"":{""search_k"":1,""search_strategy"":""default""},""phase"":""search""},{""action"":{""execution_action"":""none"",""lip_action"":""none""},""phase"":""low""},{""action"":{""high_action"":""split"",""order_decision"":""only_cost""},""phase"":""high""},{""action"":{""candidate_id"":0,""schedule_alpha"":0.5},""phase"":""select""},{""action"":{""search_k"":1,""search_strategy"":""default""},""phase"":""search""},{""action"":{""execution_action"":""none"",""lip_action"":""none""},""phase"":""low""},{""action"":{""high_action"":""split"",""order_decision"":""only_cost""},""phase"":""high""},{""action"":{""candidate_id"":0,""schedule_alpha"":0.5},""phase"":""select""},{""action"":{""search_k"":1,""search_strategy"":""default""},""phase"":""search""},{""action"":{""execution_action"":""none"",""lip_action"":""none""},""phase"":""low""},{""action"":{""high_action"":""stop"",""order_decision"":""only_cost""},""phase"":""high""},{""action"":{""search_k"":1,""search_strategy"":""default""},""phase"":""search""},{""action"":{""execution_action"":""conservative"",""lip_action"":""none""},""phase"":""low""}]"
STACK,b,./workloads/query_stack/q4_q4-002.sql,One-step RL,246.671438217163,32.817000000000,ok,8d9224427d50897f4028dc9ce9334831ba3edb2057fb9035641159bd97fd4b36,1,True,08dd525ee3c6975da52735e795d97dbe2d979f6ead913c55c12974f91a5eeee1,080b740f06498a9a70384b412e61048fd739881ce6cb0fba18718ff2dd0a3a77,./results/models/ablation/rl/one_step/stack/random_b/best.pt,"[{""action"":{""high_action"":""split"",""order_decision"":""only_cost""},""phase"":""high""},{""action"":{""candidate_id"":0,""schedule_alpha"":0.5},""phase"":""select""},{""action"":{""search_k"":1,""search_strategy"":""default""},""phase"":""search""},{""action"":{""execution_action"":""none"",""lip_action"":""none""},""phase"":""low""},{""action"":{""high_action"":""split"",""order_decision"":""only_cost""},""phase"":""high""},{""action"":{""candidate_id"":2,""schedule_alpha"":0.5},""phase"":""select""},{""action"":{""search_k"":1,""search_strategy"":""default""},""phase"":""search""},{""action"":{""execution_action"":""none"",""lip_action"":""none""},""phase"":""low""},{""action"":{""high_action"":""split"",""order_decision"":""only_cost""},""phase"":""high""},{""action"":{""candidate_id"":0,""schedule_alpha"":0.5},""phase"":""select""},{""action"":{""search_k"":1,""search_strategy"":""default""},""phase"":""search""},{""action"":{""execution_action"":""none"",""lip_action"":""none""},""phase"":""low""},{""action"":{""high_action"":""split"",""order_decision"":""only_cost""},""phase"":""high""},{""action"":{""candidate_id"":0,""schedule_alpha"":0.5},""phase"":""select""},{""action"":{""search_k"":1,""search_strategy"":""default""},""phase"":""search""},{""action"":{""execution_action"":""none"",""lip_action"":""none""},""phase"":""low""},{""action"":{""high_action"":""stop"",""order_decision"":""only_cost""},""phase"":""high""},{""action"":{""search_k"":1,""search_strategy"":""default""},""phase"":""search""},{""action"":{""execution_action"":""none"",""lip_action"":""none""},""phase"":""low""}]"
STACK,b,./workloads/query_stack/q4_q4-026.sql,One-step RL,165.867887437344,33.562000000000,ok,6bb5579c822808fcb721d8cf11517f9c65d428fb1724a44346b6b50f66a5c12a,1,True,775cf610f2b9ba12bedb3cad789b287398a310744d9c6239df4db881bf24c2de,0d9c1143bcbde9dd02cd03d27b001bb83f55879c92cf7839d29c3ce89f4cfb27,./results/models/ablation/rl/one_step/stack/random_b/best.pt,"[{""action"":{""high_action"":""split"",""order_decision"":""only_cost""},""phase"":""high""},{""action"":{""candidate_id"":0,""schedule_alpha"":0.5},""phase"":""select""},{""action"":{""search_k"":1,""search_strategy"":""default""},""phase"":""search""},{""action"":{""execution_action"":""none"",""lip_action"":""none""},""phase"":""low""},{""action"":{""high_action"":""split"",""order_decision"":""only_cost""},""phase"":""high""},{""action"":{""candidate_id"":2,""schedule_alpha"":0.5},""phase"":""select""},{""action"":{""search_k"":1,""search_strategy"":""default""},""phase"":""search""},{""action"":{""execution_action"":""none"",""lip_action"":""none""},""phase"":""low""},{""action"":{""high_action"":""split"",""order_decision"":""only_cost""},""phase"":""high""},{""action"":{""candidate_id"":0,""schedule_alpha"":0.5},""phase"":""select""},{""action"":{""search_k"":1,""search_strategy"":""default""},""phase"":""search""},{""action"":{""execution_action"":""none"",""lip_action"":""none""},""phase"":""low""},{""action"":{""high_action"":""split"",""order_decision"":""only_cost""},""phase"":""high""},{""action"":{""candidate_id"":0,""schedule_alpha"":0.5},""phase"":""select""},{""action"":{""search_k"":1,""search_strategy"":""default""},""phase"":""search""},{""action"":{""execution_action"":""none"",""lip_action"":""none""},""phase"":""low""},{""action"":{""high_action"":""stop"",""order_decision"":""only_cost""},""phase"":""high""},{""action"":{""search_k"":1,""search_strategy"":""default""},""phase"":""search""},{""action"":{""execution_action"":""none"",""lip_action"":""none""},""phase"":""low""}]"
STACK,b,./workloads/query_stack/q4_q4-042.sql,One-step RL,237.684577703476,34.513000000000,ok,099f4aa74a0c476baaea1bc1bcc8e97e65f380bd7505b0e3c053b8ff1b3eabfa,1,True,244d6b97c3a583f7f58b713aa3c463b5acaab97ea5ca03cbda7dac43cd0f7a6c,08a74a3ce1c48e95cafdd8e0903bf9ceb63913b36ebeee4980602e9ff195ac39,./results/models/ablation/rl/one_step/stack/random_b/best.pt,"[{""action"":{""high_action"":""split"",""order_decision"":""only_cost""},""phase"":""high""},{""action"":{""candidate_id"":0,""schedule_alpha"":0.5},""phase"":""select""},{""action"":{""search_k"":1,""search_strategy"":""default""},""phase"":""search""},{""action"":{""execution_action"":""none"",""lip_action"":""none""},""phase"":""low""},{""action"":{""high_action"":""split"",""order_decision"":""only_cost""},""phase"":""high""},{""action"":{""candidate_id"":2,""schedule_alpha"":0.5},""phase"":""select""},{""action"":{""search_k"":1,""search_strategy"":""default""},""phase"":""search""},{""action"":{""execution_action"":""none"",""lip_action"":""none""},""phase"":""low""},{""action"":{""high_action"":""split"",""order_decision"":""only_cost""},""phase"":""high""},{""action"":{""candidate_id"":0,""schedule_alpha"":0.5},""phase"":""select""},{""action"":{""search_k"":1,""search_strategy"":""default""},""phase"":""search""},{""action"":{""execution_action"":""none"",""lip_action"":""none""},""phase"":""low""},{""action"":{""high_action"":""split"",""order_decision"":""only_cost""},""phase"":""high""},{""action"":{""candidate_id"":0,""schedule_alpha"":0.5},""phase"":""select""},{""action"":{""search_k"":1,""search_strategy"":""default""},""phase"":""search""},{""action"":{""execution_action"":""none"",""lip_action"":""none""},""phase"":""low""},{""action"":{""high_action"":""stop"",""order_decision"":""only_cost""},""phase"":""high""},{""action"":{""search_k"":1,""search_strategy"":""default""},""phase"":""search""},{""action"":{""execution_action"":""none"",""lip_action"":""none""},""phase"":""low""}]"
STACK,b,./workloads/query_stack/q4_q4-064.sql,One-step RL,152.991436421871,34.223000000000,ok,5bc034fe2d35132d09a20748a3a8eda5057620d1e40f06136eb5805ed1a2d193,1,True,8dfd08c51f24f9760dbd2f26a18e507587bc55fba1590e7c10cbaabd88d5e54c,dfb3843d50b0c46677901d9609a6475655e58251a6510f62b0dc329354495b3b,./results/models/ablation/rl/one_step/stack/random_b/best.pt,"[{""action"":{""high_action"":""split"",""order_decision"":""only_cost""},""phase"":""high""},{""action"":{""candidate_id"":0,""schedule_alpha"":0.5},""phase"":""select""},{""action"":{""search_k"":1,""search_strategy"":""default""},""phase"":""search""},{""action"":{""execution_action"":""none"",""lip_action"":""none""},""phase"":""low""},{""action"":{""high_action"":""split"",""order_decision"":""only_cost""},""phase"":""high""},{""action"":{""candidate_id"":2,""schedule_alpha"":0.5},""phase"":""select""},{""action"":{""search_k"":1,""search_strategy"":""default""},""phase"":""search""},{""action"":{""execution_action"":""none"",""lip_action"":""none""},""phase"":""low""},{""action"":{""high_action"":""split"",""order_decision"":""only_cost""},""phase"":""high""},{""action"":{""candidate_id"":0,""schedule_alpha"":0.5},""phase"":""select""},{""action"":{""search_k"":1,""search_strategy"":""default""},""phase"":""search""},{""action"":{""execution_action"":""none"",""lip_action"":""none""},""phase"":""low""},{""action"":{""high_action"":""split"",""order_decision"":""only_cost""},""phase"":""high""},{""action"":{""candidate_id"":0,""schedule_alpha"":0.5},""phase"":""select""},{""action"":{""search_k"":1,""search_strategy"":""default""},""phase"":""search""},{""action"":{""execution_action"":""none"",""lip_action"":""none""},""phase"":""low""},{""action"":{""high_action"":""stop"",""order_decision"":""only_cost""},""phase"":""high""},{""action"":{""search_k"":1,""search_strategy"":""default""},""phase"":""search""},{""action"":{""execution_action"":""none"",""lip_action"":""none""},""phase"":""low""}]"
STACK,b,./workloads/query_stack/q5_q5-041.sql,One-step RL,161.431401968002,85.017000000000,ok,cf96deac7d2faa6a3af89cedc636bf721427ff716ea6eb7050927ac3c0e0802a,1,True,525228935c8050391d658c14fa496dc8a7af75458f17fb5482f2e38faa325132,342b14066507ebe6779c211d47d9ba3a4d7c988dd26872d77c50c358aeeb4cd1,./results/models/ablation/rl/one_step/stack/random_b/best.pt,"[{""action"":{""high_action"":""stop"",""order_decision"":""only_cost""},""phase"":""high""},{""action"":{""search_k"":1,""search_strategy"":""default""},""phase"":""search""},{""action"":{""execution_action"":""none"",""lip_action"":""none""},""phase"":""low""}]"
STACK,b,./workloads/query_stack/q5_q5-052.sql,One-step RL,96.906550228596,49.663000000000,ok,c6851781f092f229ce385161d54d84a1934580365f9dbd03ce28cad1d40a1d73,1,True,444e7591275ee3a9a31885794dbd36f4e0d982ed35bdd64a90aa43e9522b07b6,b93b5ceef4464991ff149944b79077b0e6fa11f70d86a37873ecdb38e3802a8b,./results/models/ablation/rl/one_step/stack/random_b/best.pt,"[{""action"":{""high_action"":""stop"",""order_decision"":""only_cost""},""phase"":""high""},{""action"":{""search_k"":1,""search_strategy"":""default""},""phase"":""search""},{""action"":{""execution_action"":""none"",""lip_action"":""none""},""phase"":""low""}]"
STACK,b,./workloads/query_stack/q5_q5-079.sql,One-step RL,183.725826442242,51.963000000000,ok,ad2301e16f8ac0e556a59dd245bfdf55c48548fd352f0cf92a385882c89aebbd,1,True,59f5bae6b817bc41c33f32d26d1452776b88ae7eaa0bc1be29ac028a1374d765,49120826eeeb5ccc84f4a2ecc05caa1e449c75314b052caec81dda17ea587642,./results/models/ablation/rl/one_step/stack/random_b/best.pt,"[{""action"":{""high_action"":""stop"",""order_decision"":""only_cost""},""phase"":""high""},{""action"":{""search_k"":1,""search_strategy"":""default""},""phase"":""search""},{""action"":{""execution_action"":""none"",""lip_action"":""none""},""phase"":""low""}]"
STACK,b,./workloads/query_stack/q5_q5-082.sql,One-step RL,137.931972742081,52.476000000000,ok,64043c6a0d07cdab8939a506f1a097454642c5f07efa20f7d4c6ef417b0776a6,1,True,2c61acd685869ce2eaa327b5eec0007bbf0e0f24e39acc4ab03f59c28d8c0c62,8e7d3f25974bca3bd6f6d36f4bdbd1c2d32333f41eeb7e0adea152eff0c754ce,./results/models/ablation/rl/one_step/stack/random_b/best.pt,"[{""action"":{""high_action"":""stop"",""order_decision"":""only_cost""},""phase"":""high""},{""action"":{""search_k"":1,""search_strategy"":""default""},""phase"":""search""},{""action"":{""execution_action"":""none"",""lip_action"":""none""},""phase"":""low""}]"
STACK,b,./workloads/query_stack/q6_q6-064.sql,One-step RL,56.301780045033,21.743000000000,ok,e6f0f8d79adc05f93040da91ab04f3d215ad4b06c20176285c0994a20326a1c7,1,True,c0b0007913944d45a2a73f9387064e2f06024f4be89f4e0902f403592e61f4ba,f4b017e750ddd7363d3880b916550315ec9f678da6ef5087cb3b2905d0a77a01,./results/models/ablation/rl/one_step/stack/random_b/best.pt,"[{""action"":{""high_action"":""stop"",""order_decision"":""only_cost""},""phase"":""high""},{""action"":{""search_k"":1,""search_strategy"":""default""},""phase"":""search""},{""action"":{""execution_action"":""none"",""lip_action"":""none""},""phase"":""low""}]"
STACK,b,./workloads/query_stack/q7_q7-036.sql,One-step RL,5453.402742743492,19.254000000000,ok,fa879e4fc50b8c9696eb4dbd6a0b301941889f11c3953bede1a1f9308c6c8618,1,True,93aba5e2c2261d0ba50ae5b51447a26f13b2b6dd6c2a2821ac2892ebb0d7f252,616c54c1ef328b20960e1812caa2aa958c3533568d260c77bc7f65d4021f385f,./results/models/ablation/rl/one_step/stack/random_b/best.pt,"[{""action"":{""high_action"":""split"",""order_decision"":""only_cost""},""phase"":""high""},{""action"":{""candidate_id"":1,""schedule_alpha"":0.5},""phase"":""select""},{""action"":{""search_k"":1,""search_strategy"":""default""},""phase"":""search""},{""action"":{""execution_action"":""none"",""lip_action"":""none""},""phase"":""low""},{""action"":{""high_action"":""split"",""order_decision"":""only_cost""},""phase"":""high""},{""action"":{""candidate_id"":0,""schedule_alpha"":0.5},""phase"":""select""},{""action"":{""search_k"":1,""search_strategy"":""default""},""phase"":""search""},{""action"":{""execution_action"":""none"",""lip_action"":""none""},""phase"":""low""},{""action"":{""high_action"":""stop"",""order_decision"":""only_cost""},""phase"":""high""},{""action"":{""search_k"":1,""search_strategy"":""default""},""phase"":""search""},{""action"":{""execution_action"":""none"",""lip_action"":""none""},""phase"":""low""}]"
STACK,b,./workloads/query_stack/q7_q7-047.sql,One-step RL,5651.062354445457,19.444000000000,ok,fa879e4fc50b8c9696eb4dbd6a0b301941889f11c3953bede1a1f9308c6c8618,1,True,f360dce8e6ad3e084088ae05c9b43602e54f1a158decaa17af366189d1015620,87b6229f81d33dc77c9797e3f571fcf8dc453f2d8f5f409f84acb5a843fcf3af,./results/models/ablation/rl/one_step/stack/random_b/best.pt,"[{""action"":{""high_action"":""split"",""order_decision"":""only_cost""},""phase"":""high""},{""action"":{""candidate_id"":1,""schedule_alpha"":0.5},""phase"":""select""},{""action"":{""search_k"":1,""search_strategy"":""default""},""phase"":""search""},{""action"":{""execution_action"":""none"",""lip_action"":""none""},""phase"":""low""},{""action"":{""high_action"":""split"",""order_decision"":""only_cost""},""phase"":""high""},{""action"":{""candidate_id"":1,""schedule_alpha"":0.5},""phase"":""select""},{""action"":{""search_k"":1,""search_strategy"":""default""},""phase"":""search""},{""action"":{""execution_action"":""none"",""lip_action"":""none""},""phase"":""low""},{""action"":{""high_action"":""stop"",""order_decision"":""only_cost""},""phase"":""high""},{""action"":{""search_k"":1,""search_strategy"":""default""},""phase"":""search""},{""action"":{""execution_action"":""none"",""lip_action"":""none""},""phase"":""low""}]"
STACK,b,./workloads/query_stack/q7_q7-095.sql,One-step RL,5577.702239155769,19.621000000000,ok,6e5557b7569a2d9a71b5f22b1f0b662ac75e91e1a3f70a0e8efb120b7f2df8f8,1,True,95ab0494c49d039897c82b180ed58b5cb28a5d4968880d2d52aac9a99b170293,494751b6340425fdc2df04e71b267491d8065635967e388991794c81a342c155,./results/models/ablation/rl/one_step/stack/random_b/best.pt,"[{""action"":{""high_action"":""split"",""order_decision"":""only_cost""},""phase"":""high""},{""action"":{""candidate_id"":1,""schedule_alpha"":0.5},""phase"":""select""},{""action"":{""search_k"":1,""search_strategy"":""default""},""phase"":""search""},{""action"":{""execution_action"":""none"",""lip_action"":""none""},""phase"":""low""},{""action"":{""high_action"":""split"",""order_decision"":""only_cost""},""phase"":""high""},{""action"":{""candidate_id"":0,""schedule_alpha"":0.5},""phase"":""select""},{""action"":{""search_k"":1,""search_strategy"":""default""},""phase"":""search""},{""action"":{""execution_action"":""none"",""lip_action"":""none""},""phase"":""low""},{""action"":{""high_action"":""stop"",""order_decision"":""only_cost""},""phase"":""high""},{""action"":{""search_k"":1,""search_strategy"":""default""},""phase"":""search""},{""action"":{""execution_action"":""none"",""lip_action"":""none""},""phase"":""low""}]"
STACK,c,./workloads/query_stack/q11_e4ca3559.sql,One-step RL,189.573593437672,36.574000000000,ok,ab3e2686f1f4fa73ecc53675c92aebd79c076e9ba20aacfba85c80ca50fd9f81,1,True,b50e01790c2bf604234386774637b7f8a415ba726b40299067f097951f783c4b,9f820ba8f2c652d0bf4e6221643cccf3f2472a6edd92bcfe25d612e3c3691e90,./results/models/ablation/rl/one_step/stack/random_c/best.pt,"[{""action"":{""high_action"":""stop"",""order_decision"":""only_cost""},""phase"":""high""},{""action"":{""search_k"":1,""search_strategy"":""default""},""phase"":""search""},{""action"":{""execution_action"":""none"",""lip_action"":""none""},""phase"":""low""}]"
STACK,c,./workloads/query_stack/q12_547c6bf1.sql,One-step RL,161.024890840054,42.364000000000,ok,9fbfc45e96c49c916707e21ed9289d7920e041e608ff529b37dc531d59ef2cbf,3,True,0a1ede763b028c1a8b610021a3068083dcd6964cf20012e775abbbc242fe0390,0c666a0ffe19bd16295d266ae71bee55eff4e2b2a4b6d36b9855b786883419a6,./results/models/ablation/rl/one_step/stack/random_c/best.pt,"[{""action"":{""high_action"":""stop"",""order_decision"":""only_cost""},""phase"":""high""},{""action"":{""search_k"":1,""search_strategy"":""default""},""phase"":""search""},{""action"":{""execution_action"":""none"",""lip_action"":""none""},""phase"":""low""}]"
STACK,c,./workloads/query_stack/q12_55de941e.sql,One-step RL,4981.072120368481,47.847000000000,ok,ed936f160a5bbf03b84f27326c40026d39192e8573f0bddfac6d48db21462eca,9,True,a328781b06847ceb4b0fabb9470741bc24ca43238954d4a2ab1baf57d3773ad4,5b236c017bb98bc5e6d40a261790cdd19599d534cb0aea64d2c7775533a90fcb,./results/models/ablation/rl/one_step/stack/random_c/best.pt,"[{""action"":{""high_action"":""stop"",""order_decision"":""only_cost""},""phase"":""high""},{""action"":{""search_k"":1,""search_strategy"":""default""},""phase"":""search""},{""action"":{""execution_action"":""none"",""lip_action"":""none""},""phase"":""low""}]"
STACK,c,./workloads/query_stack/q12_5a5ff9bd.sql,One-step RL,445.222772657871,45.697000000000,ok,1a51bed290669655d6e645dbe3fa43bc3948d0b44ce6eaf21817db2c0f56de80,11,True,949bdb781afe5e6c788fb8433d44ae8d4231b02b7b2d4fad5c7515a673f56891,23f4e4843f12a350a2133288a5f2cdeeb4731dab40783ab1e832baac344fbd2a,./results/models/ablation/rl/one_step/stack/random_c/best.pt,"[{""action"":{""high_action"":""stop"",""order_decision"":""only_cost""},""phase"":""high""},{""action"":{""search_k"":1,""search_strategy"":""default""},""phase"":""search""},{""action"":{""execution_action"":""none"",""lip_action"":""none""},""phase"":""low""}]"
STACK,c,./workloads/query_stack/q13_935e2051.sql,One-step RL,13616.174876689911,242.104000000000,ok,a709b0ceec21e3d700b045e2ef4561b2998577a1d14ebf2a4f4fd9b19fb0ea38,100,True,1fba1b33d70a1dff66e1ac5f60de5435696a68d98931fbf74f2fbcdc887e87c0,237471749c938d8ead5334d2ad209269bcb546416452848efd5c5507edbfdfcc,./results/models/ablation/rl/one_step/stack/random_c/best.pt,"[{""action"":{""high_action"":""split"",""order_decision"":""only_cost""},""phase"":""high""},{""action"":{""candidate_id"":3,""schedule_alpha"":0.5},""phase"":""select""},{""action"":{""search_k"":1,""search_strategy"":""default""},""phase"":""search""},{""action"":{""execution_action"":""none"",""lip_action"":""none""},""phase"":""low""},{""action"":{""high_action"":""split"",""order_decision"":""only_cost""},""phase"":""high""},{""action"":{""candidate_id"":3,""schedule_alpha"":0.5},""phase"":""select""},{""action"":{""search_k"":1,""search_strategy"":""default""},""phase"":""search""},{""action"":{""execution_action"":""none"",""lip_action"":""none""},""phase"":""low""},{""action"":{""high_action"":""split"",""order_decision"":""only_cost""},""phase"":""high""},{""action"":{""candidate_id"":1,""schedule_alpha"":0.5},""phase"":""select""},{""action"":{""search_k"":1,""search_strategy"":""default""},""phase"":""search""},{""action"":{""execution_action"":""none"",""lip_action"":""none""},""phase"":""low""},{""action"":{""high_action"":""split"",""order_decision"":""only_cost""},""phase"":""high""},{""action"":{""candidate_id"":1,""schedule_alpha"":0.5},""phase"":""select""},{""action"":{""search_k"":1,""search_strategy"":""default""},""phase"":""search""},{""action"":{""execution_action"":""none"",""lip_action"":""none""},""phase"":""low""},{""action"":{""high_action"":""split"",""order_decision"":""only_cost""},""phase"":""high""},{""action"":{""candidate_id"":0,""schedule_alpha"":0.5},""phase"":""select""},{""action"":{""search_k"":1,""search_strategy"":""default""},""phase"":""search""},{""action"":{""execution_action"":""none"",""lip_action"":""none""},""phase"":""low""},{""action"":{""high_action"":""stop"",""order_decision"":""only_cost""},""phase"":""high""},{""action"":{""search_k"":1,""search_strategy"":""default""},""phase"":""search""},{""action"":{""execution_action"":""none"",""lip_action"":""none""},""phase"":""low""}]"
STACK,c,./workloads/query_stack/q13_d383cd5b.sql,One-step RL,313.908092677593,39.291000000000,ok,45dde614f4629165c93e3ca3a061d5d3fd50a3814f1e5d35356b3f6c35a2dd47,39,True,0a33a7d48d4ffbf5c6c0d0cf2ec8382b19450ff16ad46a4031dbb6da60e7347c,70f5dcbbb04a3c0fef98969c13427f051cc0c96099723a50cfd5f7230133e214,./results/models/ablation/rl/one_step/stack/random_c/best.pt,"[{""action"":{""high_action"":""split"",""order_decision"":""only_cost""},""phase"":""high""},{""action"":{""candidate_id"":3,""schedule_alpha"":0.5},""phase"":""select""},{""action"":{""search_k"":1,""search_strategy"":""default""},""phase"":""search""},{""action"":{""execution_action"":""none"",""lip_action"":""none""},""phase"":""low""},{""action"":{""high_action"":""split"",""order_decision"":""only_cost""},""phase"":""high""},{""action"":{""candidate_id"":3,""schedule_alpha"":0.5},""phase"":""select""},{""action"":{""search_k"":1,""search_strategy"":""default""},""phase"":""search""},{""action"":{""execution_action"":""none"",""lip_action"":""none""},""phase"":""low""},{""action"":{""high_action"":""split"",""order_decision"":""only_cost""},""phase"":""high""},{""action"":{""candidate_id"":1,""schedule_alpha"":0.5},""phase"":""select""},{""action"":{""search_k"":1,""search_strategy"":""default""},""phase"":""search""},{""action"":{""execution_action"":""none"",""lip_action"":""none""},""phase"":""low""},{""action"":{""high_action"":""split"",""order_decision"":""only_cost""},""phase"":""high""},{""action"":{""candidate_id"":1,""schedule_alpha"":0.5},""phase"":""select""},{""action"":{""search_k"":1,""search_strategy"":""default""},""phase"":""search""},{""action"":{""execution_action"":""none"",""lip_action"":""none""},""phase"":""low""},{""action"":{""high_action"":""split"",""order_decision"":""only_cost""},""phase"":""high""},{""action"":{""candidate_id"":0,""schedule_alpha"":0.5},""phase"":""select""},{""action"":{""search_k"":1,""search_strategy"":""default""},""phase"":""search""},{""action"":{""execution_action"":""none"",""lip_action"":""none""},""phase"":""low""},{""action"":{""high_action"":""stop"",""order_decision"":""only_cost""},""phase"":""high""},{""action"":{""search_k"":1,""search_strategy"":""default""},""phase"":""search""},{""action"":{""execution_action"":""none"",""lip_action"":""none""},""phase"":""low""}]"
STACK,c,./workloads/query_stack/q13_d4707be2.sql,One-step RL,863.551855087280,39.584000000000,ok,9893535665d036e9aff66d0afd386a7ee4323f75c6446f606135ada96f04d69a,5,True,5b65c8a182b6a3b613ca7ed367e33b7420780a04b053b8cc5cfe0d3e6f83ae2e,60c931d3c7c89dc924415f1c8df6c70a10b324353ad29a15544f721c56b018dc,./results/models/ablation/rl/one_step/stack/random_c/best.pt,"[{""action"":{""high_action"":""split"",""order_decision"":""only_cost""},""phase"":""high""},{""action"":{""candidate_id"":3,""schedule_alpha"":0.5},""phase"":""select""},{""action"":{""search_k"":1,""search_strategy"":""default""},""phase"":""search""},{""action"":{""execution_action"":""none"",""lip_action"":""none""},""phase"":""low""},{""action"":{""high_action"":""split"",""order_decision"":""only_cost""},""phase"":""high""},{""action"":{""candidate_id"":3,""schedule_alpha"":0.5},""phase"":""select""},{""action"":{""search_k"":1,""search_strategy"":""default""},""phase"":""search""},{""action"":{""execution_action"":""none"",""lip_action"":""none""},""phase"":""low""},{""action"":{""high_action"":""split"",""order_decision"":""only_cost""},""phase"":""high""},{""action"":{""candidate_id"":1,""schedule_alpha"":0.5},""phase"":""select""},{""action"":{""search_k"":1,""search_strategy"":""default""},""phase"":""search""},{""action"":{""execution_action"":""none"",""lip_action"":""none""},""phase"":""low""},{""action"":{""high_action"":""split"",""order_decision"":""only_cost""},""phase"":""high""},{""action"":{""candidate_id"":1,""schedule_alpha"":0.5},""phase"":""select""},{""action"":{""search_k"":1,""search_strategy"":""default""},""phase"":""search""},{""action"":{""execution_action"":""none"",""lip_action"":""none""},""phase"":""low""},{""action"":{""high_action"":""split"",""order_decision"":""only_cost""},""phase"":""high""},{""action"":{""candidate_id"":0,""schedule_alpha"":0.5},""phase"":""select""},{""action"":{""search_k"":1,""search_strategy"":""default""},""phase"":""search""},{""action"":{""execution_action"":""none"",""lip_action"":""none""},""phase"":""low""},{""action"":{""high_action"":""stop"",""order_decision"":""only_cost""},""phase"":""high""},{""action"":{""search_k"":1,""search_strategy"":""default""},""phase"":""search""},{""action"":{""execution_action"":""none"",""lip_action"":""none""},""phase"":""low""}]"
STACK,c,./workloads/query_stack/q14_719e692d.sql,One-step RL,745.112709701061,51.753000000000,ok,ebb8d61d10ba762aebef5131b60d91915c71c0138f4d0434ee04e01d1df22f0b,1,True,effebde815c75fe785aa404bb122f540299c2e8f72ecdf6f79347644b773eaab,158e40c70f2cb0a413a74eef239b7dfff696704e4a2ba2915f24a9f7306fa929,./results/models/ablation/rl/one_step/stack/random_c/best.pt,"[{""action"":{""high_action"":""stop"",""order_decision"":""only_cost""},""phase"":""high""},{""action"":{""search_k"":1,""search_strategy"":""default""},""phase"":""search""},{""action"":{""execution_action"":""none"",""lip_action"":""none""},""phase"":""low""}]"
STACK,c,./workloads/query_stack/q14_74fd1af6.sql,One-step RL,5855.434782803059,36.981000000000,ok,3b761369c29de1fbfbb19afc9da08d6a95e223b27fd34a05ff1d6982d5f19586,1,True,1931c5f4dcaadb5221cd2254100c7120c77a98ff5cf04c4ecdad564648d854f5,1f11ea8d1538f53f99e649e945f2ad8622f1582bfad61229f43248eb7196b8b9,./results/models/ablation/rl/one_step/stack/random_c/best.pt,"[{""action"":{""high_action"":""split"",""order_decision"":""only_cost""},""phase"":""high""},{""action"":{""candidate_id"":3,""schedule_alpha"":0.5},""phase"":""select""},{""action"":{""search_k"":1,""search_strategy"":""default""},""phase"":""search""},{""action"":{""execution_action"":""none"",""lip_action"":""none""},""phase"":""low""},{""action"":{""high_action"":""split"",""order_decision"":""only_cost""},""phase"":""high""},{""action"":{""candidate_id"":3,""schedule_alpha"":0.5},""phase"":""select""},{""action"":{""search_k"":1,""search_strategy"":""default""},""phase"":""search""},{""action"":{""execution_action"":""none"",""lip_action"":""none""},""phase"":""low""},{""action"":{""high_action"":""split"",""order_decision"":""only_cost""},""phase"":""high""},{""action"":{""candidate_id"":1,""schedule_alpha"":0.5},""phase"":""select""},{""action"":{""search_k"":1,""search_strategy"":""default""},""phase"":""search""},{""action"":{""execution_action"":""none"",""lip_action"":""none""},""phase"":""low""},{""action"":{""high_action"":""split"",""order_decision"":""only_cost""},""phase"":""high""},{""action"":{""candidate_id"":1,""schedule_alpha"":0.5},""phase"":""select""},{""action"":{""search_k"":1,""search_strategy"":""default""},""phase"":""search""},{""action"":{""execution_action"":""none"",""lip_action"":""none""},""phase"":""low""},{""action"":{""high_action"":""split"",""order_decision"":""only_cost""},""phase"":""high""},{""action"":{""candidate_id"":0,""schedule_alpha"":0.5},""phase"":""select""},{""action"":{""search_k"":1,""search_strategy"":""default""},""phase"":""search""},{""action"":{""execution_action"":""none"",""lip_action"":""none""},""phase"":""low""},{""action"":{""high_action"":""stop"",""order_decision"":""only_cost""},""phase"":""high""},{""action"":{""search_k"":1,""search_strategy"":""default""},""phase"":""search""},{""action"":{""execution_action"":""none"",""lip_action"":""none""},""phase"":""low""}]"
STACK,c,./workloads/query_stack/q14_b49361f8.sql,One-step RL,360.141299664974,50.683000000000,ok,969d74d42f62e26fa0db6e5bcfbe73cfd39bd0bee628e1a2b7bac85672da7dc7,1,True,6b467f738a30b0fe1e96c673d7378baeea38420b55114ea7736aba623c29298c,d2ac3cb9ab4456c5dd6d0914ff4d683dedf6790d09a9841d5d7e7b9758b29b7b,./results/models/ablation/rl/one_step/stack/random_c/best.pt,"[{""action"":{""high_action"":""stop"",""order_decision"":""only_cost""},""phase"":""high""},{""action"":{""search_k"":1,""search_strategy"":""default""},""phase"":""search""},{""action"":{""execution_action"":""none"",""lip_action"":""none""},""phase"":""low""}]"
STACK,c,./workloads/query_stack/q15_543ab3f7.sql,One-step RL,107.875816524029,26.539000000000,ok,b5de167d40941317a62ce34f775428763184c054b938b979bdf442f507469adc,5,True,be79b94b2188ab65014f4ac295ca3da452cc184daddbbdd3b9b5ffbbf671ae8b,ccfdfb4045a6efd18c4d1edc177d469964ab6ed73bb96c0f86a774a812d18841,./results/models/ablation/rl/one_step/stack/random_c/best.pt,"[{""action"":{""high_action"":""split"",""order_decision"":""only_cost""},""phase"":""high""},{""action"":{""candidate_id"":1,""schedule_alpha"":0.5},""phase"":""select""},{""action"":{""search_k"":1,""search_strategy"":""default""},""phase"":""search""},{""action"":{""execution_action"":""none"",""lip_action"":""none""},""phase"":""low""},{""action"":{""high_action"":""split"",""order_decision"":""only_cost""},""phase"":""high""},{""action"":{""candidate_id"":1,""schedule_alpha"":0.5},""phase"":""select""},{""action"":{""search_k"":1,""search_strategy"":""default""},""phase"":""search""},{""action"":{""execution_action"":""none"",""lip_action"":""none""},""phase"":""low""},{""action"":{""high_action"":""split"",""order_decision"":""only_cost""},""phase"":""high""},{""action"":{""candidate_id"":0,""schedule_alpha"":0.5},""phase"":""select""},{""action"":{""search_k"":1,""search_strategy"":""default""},""phase"":""search""},{""action"":{""execution_action"":""none"",""lip_action"":""none""},""phase"":""low""},{""action"":{""high_action"":""stop"",""order_decision"":""only_cost""},""phase"":""high""},{""action"":{""search_k"":1,""search_strategy"":""default""},""phase"":""search""},{""action"":{""execution_action"":""none"",""lip_action"":""none""},""phase"":""low""}]"
STACK,c,./workloads/query_stack/q15_b2ee2c78.sql,One-step RL,649.727903306484,28.277000000000,ok,4f2a2a4af4cc7c51e656a7011a3af7914868d559c69a1464aa67d54fdb02b16b,80,True,efa1055ecd0f043de18decc920ee112e95ba5dd55ac48f3b86b7b451b024d00e,f6fdd35aa3c678fe8c3b9924afdf8347b68858710776eb378b60afb4fba8f3cb,./results/models/ablation/rl/one_step/stack/random_c/best.pt,"[{""action"":{""high_action"":""split"",""order_decision"":""only_cost""},""phase"":""high""},{""action"":{""candidate_id"":1,""schedule_alpha"":0.5},""phase"":""select""},{""action"":{""search_k"":1,""search_strategy"":""default""},""phase"":""search""},{""action"":{""execution_action"":""none"",""lip_action"":""none""},""phase"":""low""},{""action"":{""high_action"":""split"",""order_decision"":""only_cost""},""phase"":""high""},{""action"":{""candidate_id"":1,""schedule_alpha"":0.5},""phase"":""select""},{""action"":{""search_k"":1,""search_strategy"":""default""},""phase"":""search""},{""action"":{""execution_action"":""none"",""lip_action"":""none""},""phase"":""low""},{""action"":{""high_action"":""split"",""order_decision"":""only_cost""},""phase"":""high""},{""action"":{""candidate_id"":0,""schedule_alpha"":0.5},""phase"":""select""},{""action"":{""search_k"":1,""search_strategy"":""default""},""phase"":""search""},{""action"":{""execution_action"":""none"",""lip_action"":""none""},""phase"":""low""},{""action"":{""high_action"":""stop"",""order_decision"":""only_cost""},""phase"":""high""},{""action"":{""search_k"":1,""search_strategy"":""default""},""phase"":""search""},{""action"":{""execution_action"":""none"",""lip_action"":""none""},""phase"":""low""}]"
STACK,c,./workloads/query_stack/q15_c9619ad4.sql,One-step RL,690.070725977421,27.208000000000,ok,6bd4586b45a0439088c3cc815feb62cfd22926e30b74e207eb611081b13bc629,33,True,1cdca1964f01cac0d511a215c3b92376fdbc35fbb6511d24e083f90391989773,5c2bbcbdc73dbe389ba5e566c367e9b570fec0b5f2ce24afbed07fd1e278e1d2,./results/models/ablation/rl/one_step/stack/random_c/best.pt,"[{""action"":{""high_action"":""split"",""order_decision"":""only_cost""},""phase"":""high""},{""action"":{""candidate_id"":1,""schedule_alpha"":0.5},""phase"":""select""},{""action"":{""search_k"":1,""search_strategy"":""default""},""phase"":""search""},{""action"":{""execution_action"":""none"",""lip_action"":""none""},""phase"":""low""},{""action"":{""high_action"":""split"",""order_decision"":""only_cost""},""phase"":""high""},{""action"":{""candidate_id"":1,""schedule_alpha"":0.5},""phase"":""select""},{""action"":{""search_k"":1,""search_strategy"":""default""},""phase"":""search""},{""action"":{""execution_action"":""none"",""lip_action"":""none""},""phase"":""low""},{""action"":{""high_action"":""split"",""order_decision"":""only_cost""},""phase"":""high""},{""action"":{""candidate_id"":0,""schedule_alpha"":0.5},""phase"":""select""},{""action"":{""search_k"":1,""search_strategy"":""default""},""phase"":""search""},{""action"":{""execution_action"":""none"",""lip_action"":""none""},""phase"":""low""},{""action"":{""high_action"":""stop"",""order_decision"":""only_cost""},""phase"":""high""},{""action"":{""search_k"":1,""search_strategy"":""default""},""phase"":""search""},{""action"":{""execution_action"":""none"",""lip_action"":""none""},""phase"":""low""}]"
STACK,c,./workloads/query_stack/q16_1e863562.sql,One-step RL,3580.447450280190,27.025000000000,ok,d1e57e7b71a37991f5cbf6c0748694fc9ed5016441100b48bbd5f218abc2a3af,1,True,5dc47d94290db128bb50d469b9c17ba3c48b11be70b5ddc358dbbfa44d83c769,64ddb81db488ce4e8c3cef1e2ae35524e08c909719ad9cc87e5782afd0856ae0,./results/models/ablation/rl/one_step/stack/random_c/best.pt,"[{""action"":{""high_action"":""split"",""order_decision"":""only_cost""},""phase"":""high""},{""action"":{""candidate_id"":1,""schedule_alpha"":0.5},""phase"":""select""},{""action"":{""search_k"":1,""search_strategy"":""default""},""phase"":""search""},{""action"":{""execution_action"":""none"",""lip_action"":""none""},""phase"":""low""},{""action"":{""high_action"":""split"",""order_decision"":""only_cost""},""phase"":""high""},{""action"":{""candidate_id"":1,""schedule_alpha"":0.5},""phase"":""select""},{""action"":{""search_k"":1,""search_strategy"":""default""},""phase"":""search""},{""action"":{""execution_action"":""none"",""lip_action"":""none""},""phase"":""low""},{""action"":{""high_action"":""split"",""order_decision"":""only_cost""},""phase"":""high""},{""action"":{""candidate_id"":0,""schedule_alpha"":0.5},""phase"":""select""},{""action"":{""search_k"":1,""search_strategy"":""default""},""phase"":""search""},{""action"":{""execution_action"":""none"",""lip_action"":""none""},""phase"":""low""},{""action"":{""high_action"":""stop"",""order_decision"":""only_cost""},""phase"":""high""},{""action"":{""search_k"":1,""search_strategy"":""default""},""phase"":""search""},{""action"":{""execution_action"":""none"",""lip_action"":""none""},""phase"":""low""}]"
STACK,c,./workloads/query_stack/q16_b1a96cd4.sql,One-step RL,738.976828753948,27.420000000000,ok,41b58143a8eeb8fdec2ac943a75e5dce841e5f91f0195101e60066219d775f05,1,True,f4819109218cea53d3274c7fbaecf662f4978ecbee217ff08a902d66aacf2db2,bfda2b75c81242490958eab36c019ca632dda885e748bdd1fdd4bb8f5b8f63de,./results/models/ablation/rl/one_step/stack/random_c/best.pt,"[{""action"":{""high_action"":""split"",""order_decision"":""only_cost""},""phase"":""high""},{""action"":{""candidate_id"":1,""schedule_alpha"":0.5},""phase"":""select""},{""action"":{""search_k"":1,""search_strategy"":""default""},""phase"":""search""},{""action"":{""execution_action"":""none"",""lip_action"":""none""},""phase"":""low""},{""action"":{""high_action"":""split"",""order_decision"":""only_cost""},""phase"":""high""},{""action"":{""candidate_id"":1,""schedule_alpha"":0.5},""phase"":""select""},{""action"":{""search_k"":1,""search_strategy"":""default""},""phase"":""search""},{""action"":{""execution_action"":""none"",""lip_action"":""none""},""phase"":""low""},{""action"":{""high_action"":""split"",""order_decision"":""only_cost""},""phase"":""high""},{""action"":{""candidate_id"":0,""schedule_alpha"":0.5},""phase"":""select""},{""action"":{""search_k"":1,""search_strategy"":""default""},""phase"":""search""},{""action"":{""execution_action"":""none"",""lip_action"":""none""},""phase"":""low""},{""action"":{""high_action"":""stop"",""order_decision"":""only_cost""},""phase"":""high""},{""action"":{""search_k"":1,""search_strategy"":""default""},""phase"":""search""},{""action"":{""execution_action"":""none"",""lip_action"":""none""},""phase"":""low""}]"
STACK,c,./workloads/query_stack/q16_ea9efde5.sql,One-step RL,813.222758471966,48.157000000000,ok,ad066d12fc4fb54c3407e8d8ade387dbe9db61ad779fbaf8596895c87b6d15aa,1,True,6aed12a07ff9b3431a64ffef2027832648ae7e6eee45702dde69d018bb2b3c1e,3359717d1466f66d5a75d3fd083909179735c56700f70f2a5c79d4c3be2b12f1,./results/models/ablation/rl/one_step/stack/random_c/best.pt,"[{""action"":{""high_action"":""stop"",""order_decision"":""only_cost""},""phase"":""high""},{""action"":{""search_k"":1,""search_strategy"":""default""},""phase"":""search""},{""action"":{""execution_action"":""none"",""lip_action"":""none""},""phase"":""low""}]"
STACK,c,./workloads/query_stack/q16_ed2ffeae.sql,One-step RL,1479.719355702400,27.071000000000,ok,1f5b522694ac21e12061ac5fe3b435c6d090355aa4909e541e8a2c0f591f9efe,1,True,0ed1a5245443af9b36081f3c6b953e9c0532066f39c17ae5f5793d40ac23f5ed,2155891e56e3f50593ec03e88eb9837187e396a9dd99205f1c00346d0d125ae3,./results/models/ablation/rl/one_step/stack/random_c/best.pt,"[{""action"":{""high_action"":""split"",""order_decision"":""only_cost""},""phase"":""high""},{""action"":{""candidate_id"":1,""schedule_alpha"":0.5},""phase"":""select""},{""action"":{""search_k"":1,""search_strategy"":""default""},""phase"":""search""},{""action"":{""execution_action"":""none"",""lip_action"":""none""},""phase"":""low""},{""action"":{""high_action"":""split"",""order_decision"":""only_cost""},""phase"":""high""},{""action"":{""candidate_id"":1,""schedule_alpha"":0.5},""phase"":""select""},{""action"":{""search_k"":1,""search_strategy"":""default""},""phase"":""search""},{""action"":{""execution_action"":""none"",""lip_action"":""none""},""phase"":""low""},{""action"":{""high_action"":""split"",""order_decision"":""only_cost""},""phase"":""high""},{""action"":{""candidate_id"":0,""schedule_alpha"":0.5},""phase"":""select""},{""action"":{""search_k"":1,""search_strategy"":""default""},""phase"":""search""},{""action"":{""execution_action"":""none"",""lip_action"":""none""},""phase"":""low""},{""action"":{""high_action"":""stop"",""order_decision"":""only_cost""},""phase"":""high""},{""action"":{""search_k"":1,""search_strategy"":""default""},""phase"":""search""},{""action"":{""execution_action"":""none"",""lip_action"":""none""},""phase"":""low""}]"
STACK,c,./workloads/query_stack/q16_fbe34e8f.sql,One-step RL,7977.967500686646,39.275000000000,ok,7202cb33d764a70a4db92f7ee198c34db2e7d59491dc31cc3c655d406dc29487,1,True,68ebab8ee9f46f543ab927309bdb20794d3bdcd5d3927a4307a110960aa0a3f2,42ff94ce54c32c9f4be865055b2b1ffca9d7f60cd28498e05b98fdfd0b16f19b,./results/models/ablation/rl/one_step/stack/random_c/best.pt,"[{""action"":{""high_action"":""stop"",""order_decision"":""only_cost""},""phase"":""high""},{""action"":{""search_k"":1,""search_strategy"":""default""},""phase"":""search""},{""action"":{""execution_action"":""none"",""lip_action"":""none""},""phase"":""low""}]"
STACK,c,./workloads/query_stack/q1_q1-031.sql,One-step RL,52.642144262791,37.549000000000,ok,c6851781f092f229ce385161d54d84a1934580365f9dbd03ce28cad1d40a1d73,1,True,92f12780fa27ca09be703aa2619467bc712453f35fcd4e2bbd2219834d6c8a67,2a49eeadc7a1940335063034b5c3599518403cc102144608323dc61cb55ee1f1,./results/models/ablation/rl/one_step/stack/random_c/best.pt,"[{""action"":{""high_action"":""stop"",""order_decision"":""only_cost""},""phase"":""high""},{""action"":{""search_k"":1,""search_strategy"":""default""},""phase"":""search""},{""action"":{""execution_action"":""none"",""lip_action"":""none""},""phase"":""low""}]"
STACK,c,./workloads/query_stack/q1_q1-035.sql,One-step RL,57.136453688145,41.317000000000,ok,4c0f0a0bbb0c6e05c315b00e38442781160c6fb878b398b0d3c96fc9c63bf954,1,True,3232aebf6766a21f70dcf3aecca5edb3c6c0b2262ebd3a8a80ae7ff548cdf8ee,16e045bdc5019aa50d59c561d333ce8e8fced09f334bd62eded8ff4511854a0f,./results/models/ablation/rl/one_step/stack/random_c/best.pt,"[{""action"":{""high_action"":""stop"",""order_decision"":""only_cost""},""phase"":""high""},{""action"":{""search_k"":1,""search_strategy"":""default""},""phase"":""search""},{""action"":{""execution_action"":""none"",""lip_action"":""none""},""phase"":""low""}]"
STACK,c,./workloads/query_stack/q2_q2-094.sql,One-step RL,1280.244216322899,227.992000000000,ok,d0d8cdab081896241156e9724fb3acb1c9cffd1c34bf78ea9c055b48168fda45,17,True,cfb98910fd2fe26feeeb5dda8f60015a106bdcbd0ff4737cde0fd81301a26eb7,d6d007ad2a74cfd66d8f1b20a6bdd4bda4bc604da1056eef2dd59a5e7b853a46,./results/models/ablation/rl/one_step/stack/random_c/best.pt,"[{""action"":{""high_action"":""split"",""order_decision"":""only_cost""},""phase"":""high""},{""action"":{""candidate_id"":0,""schedule_alpha"":0.5},""phase"":""select""},{""action"":{""search_k"":1,""search_strategy"":""default""},""phase"":""search""},{""action"":{""execution_action"":""none"",""lip_action"":""none""},""phase"":""low""},{""action"":{""high_action"":""split"",""order_decision"":""only_cost""},""phase"":""high""},{""action"":{""candidate_id"":3,""schedule_alpha"":0.5},""phase"":""select""},{""action"":{""search_k"":1,""search_strategy"":""default""},""phase"":""search""},{""action"":{""execution_action"":""none"",""lip_action"":""none""},""phase"":""low""},{""action"":{""high_action"":""split"",""order_decision"":""only_cost""},""phase"":""high""},{""action"":{""candidate_id"":1,""schedule_alpha"":0.5},""phase"":""select""},{""action"":{""search_k"":1,""search_strategy"":""default""},""phase"":""search""},{""action"":{""execution_action"":""none"",""lip_action"":""none""},""phase"":""low""},{""action"":{""high_action"":""split"",""order_decision"":""only_cost""},""phase"":""high""},{""action"":{""candidate_id"":3,""schedule_alpha"":0.5},""phase"":""select""},{""action"":{""search_k"":1,""search_strategy"":""default""},""phase"":""search""},{""action"":{""execution_action"":""none"",""lip_action"":""none""},""phase"":""low""},{""action"":{""high_action"":""split"",""order_decision"":""only_cost""},""phase"":""high""},{""action"":{""candidate_id"":0,""schedule_alpha"":0.5},""phase"":""select""},{""action"":{""search_k"":1,""search_strategy"":""default""},""phase"":""search""},{""action"":{""execution_action"":""none"",""lip_action"":""none""},""phase"":""low""},{""action"":{""high_action"":""split"",""order_decision"":""only_cost""},""phase"":""high""},{""action"":{""candidate_id"":0,""schedule_alpha"":0.5},""phase"":""select""},{""action"":{""search_k"":1,""search_strategy"":""default""},""phase"":""search""},{""action"":{""execution_action"":""none"",""lip_action"":""none""},""phase"":""low""},{""action"":{""high_action"":""split"",""order_decision"":""only_cost""},""phase"":""high""},{""action"":{""candidate_id"":1,""schedule_alpha"":0.5},""phase"":""select""},{""action"":{""search_k"":1,""search_strategy"":""default""},""phase"":""search""},{""action"":{""execution_action"":""none"",""lip_action"":""none""},""phase"":""low""},{""action"":{""high_action"":""stop"",""order_decision"":""only_cost""},""phase"":""high""},{""action"":{""search_k"":1,""search_strategy"":""default""},""phase"":""search""},{""action"":{""execution_action"":""conservative"",""lip_action"":""none""},""phase"":""low""}]"
STACK,c,./workloads/query_stack/q3_q3-066.sql,One-step RL,1422.289162874222,55.789000000000,ok,8e1e8f5d1a4199b0ebf310296b9f7f61e32ae978687b0c87cb3da769ebd6e5f3,1,True,0fc2830da721fb13ea19329abdd8550b63dacd81c53c4c314e84a80af641b163,dc04edee6c2685839f5851901c846d94c5b489b842f90abc210f288ba859395a,./results/models/ablation/rl/one_step/stack/random_c/best.pt,"[{""action"":{""high_action"":""split"",""order_decision"":""only_cost""},""phase"":""high""},{""action"":{""candidate_id"":0,""schedule_alpha"":0.5},""phase"":""select""},{""action"":{""search_k"":1,""search_strategy"":""default""},""phase"":""search""},{""action"":{""execution_action"":""none"",""lip_action"":""none""},""phase"":""low""},{""action"":{""high_action"":""split"",""order_decision"":""only_cost""},""phase"":""high""},{""action"":{""candidate_id"":4,""schedule_alpha"":0.5},""phase"":""select""},{""action"":{""search_k"":1,""search_strategy"":""default""},""phase"":""search""},{""action"":{""execution_action"":""none"",""lip_action"":""none""},""phase"":""low""},{""action"":{""high_action"":""split"",""order_decision"":""only_cost""},""phase"":""high""},{""action"":{""candidate_id"":2,""schedule_alpha"":0.5},""phase"":""select""},{""action"":{""search_k"":1,""search_strategy"":""default""},""phase"":""search""},{""action"":{""execution_action"":""none"",""lip_action"":""none""},""phase"":""low""},{""action"":{""high_action"":""split"",""order_decision"":""only_cost""},""phase"":""high""},{""action"":{""candidate_id"":4,""schedule_alpha"":0.5},""phase"":""select""},{""action"":{""search_k"":1,""search_strategy"":""default""},""phase"":""search""},{""action"":{""execution_action"":""none"",""lip_action"":""none""},""phase"":""low""},{""action"":{""high_action"":""split"",""order_decision"":""only_cost""},""phase"":""high""},{""action"":{""candidate_id"":0,""schedule_alpha"":0.5},""phase"":""select""},{""action"":{""search_k"":1,""search_strategy"":""default""},""phase"":""search""},{""action"":{""execution_action"":""none"",""lip_action"":""none""},""phase"":""low""},{""action"":{""high_action"":""split"",""order_decision"":""only_cost""},""phase"":""high""},{""action"":{""candidate_id"":0,""schedule_alpha"":0.5},""phase"":""select""},{""action"":{""search_k"":1,""search_strategy"":""default""},""phase"":""search""},{""action"":{""execution_action"":""none"",""lip_action"":""none""},""phase"":""low""},{""action"":{""high_action"":""split"",""order_decision"":""only_cost""},""phase"":""high""},{""action"":{""candidate_id"":1,""schedule_alpha"":0.5},""phase"":""select""},{""action"":{""search_k"":1,""search_strategy"":""default""},""phase"":""search""},{""action"":{""execution_action"":""none"",""lip_action"":""none""},""phase"":""low""},{""action"":{""high_action"":""stop"",""order_decision"":""only_cost""},""phase"":""high""},{""action"":{""search_k"":1,""search_strategy"":""default""},""phase"":""search""},{""action"":{""execution_action"":""none"",""lip_action"":""none""},""phase"":""low""}]"
STACK,c,./workloads/query_stack/q3_q3-068.sql,One-step RL,1828.699633479118,57.228000000000,ok,15ad17c1ee3ad2b2e90a786f175ae3444bf0014bf70e31f1019f72ed9a18b52a,1,True,20fdf39e506792d619008bb9204a187a34af177bb3e9af0b8b8f9549238f1d95,409ad07ed58bf1a29a271fac2f8427abeb85d41e305c6a46d717dd3d6e06fe48,./results/models/ablation/rl/one_step/stack/random_c/best.pt,"[{""action"":{""high_action"":""split"",""order_decision"":""only_cost""},""phase"":""high""},{""action"":{""candidate_id"":0,""schedule_alpha"":0.5},""phase"":""select""},{""action"":{""search_k"":1,""search_strategy"":""default""},""phase"":""search""},{""action"":{""execution_action"":""none"",""lip_action"":""none""},""phase"":""low""},{""action"":{""high_action"":""split"",""order_decision"":""only_cost""},""phase"":""high""},{""action"":{""candidate_id"":4,""schedule_alpha"":0.5},""phase"":""select""},{""action"":{""search_k"":1,""search_strategy"":""default""},""phase"":""search""},{""action"":{""execution_action"":""none"",""lip_action"":""none""},""phase"":""low""},{""action"":{""high_action"":""split"",""order_decision"":""only_cost""},""phase"":""high""},{""action"":{""candidate_id"":2,""schedule_alpha"":0.5},""phase"":""select""},{""action"":{""search_k"":1,""search_strategy"":""default""},""phase"":""search""},{""action"":{""execution_action"":""none"",""lip_action"":""none""},""phase"":""low""},{""action"":{""high_action"":""split"",""order_decision"":""only_cost""},""phase"":""high""},{""action"":{""candidate_id"":4,""schedule_alpha"":0.5},""phase"":""select""},{""action"":{""search_k"":1,""search_strategy"":""default""},""phase"":""search""},{""action"":{""execution_action"":""none"",""lip_action"":""none""},""phase"":""low""},{""action"":{""high_action"":""split"",""order_decision"":""only_cost""},""phase"":""high""},{""action"":{""candidate_id"":3,""schedule_alpha"":0.5},""phase"":""select""},{""action"":{""search_k"":1,""search_strategy"":""default""},""phase"":""search""},{""action"":{""execution_action"":""none"",""lip_action"":""none""},""phase"":""low""},{""action"":{""high_action"":""split"",""order_decision"":""only_cost""},""phase"":""high""},{""action"":{""candidate_id"":0,""schedule_alpha"":0.5},""phase"":""select""},{""action"":{""search_k"":1,""search_strategy"":""default""},""phase"":""search""},{""action"":{""execution_action"":""none"",""lip_action"":""none""},""phase"":""low""},{""action"":{""high_action"":""split"",""order_decision"":""only_cost""},""phase"":""high""},{""action"":{""candidate_id"":1,""schedule_alpha"":0.5},""phase"":""select""},{""action"":{""search_k"":1,""search_strategy"":""default""},""phase"":""search""},{""action"":{""execution_action"":""none"",""lip_action"":""none""},""phase"":""low""},{""action"":{""high_action"":""stop"",""order_decision"":""only_cost""},""phase"":""high""},{""action"":{""search_k"":1,""search_strategy"":""default""},""phase"":""search""},{""action"":{""execution_action"":""none"",""lip_action"":""none""},""phase"":""low""}]"
STACK,c,./workloads/query_stack/q3_q3-099.sql,One-step RL,438.974447548389,56.417000000000,ok,fa879e4fc50b8c9696eb4dbd6a0b301941889f11c3953bede1a1f9308c6c8618,1,True,404c1a0a753e182eefbaf7b70ffb635c0364c776744cda5110ba1b4394205009,849a44e772e2353cc2e22b204eb9c132c0bebbe42d158aa5bf4d38f6f6c1acb7,./results/models/ablation/rl/one_step/stack/random_c/best.pt,"[{""action"":{""high_action"":""split"",""order_decision"":""only_cost""},""phase"":""high""},{""action"":{""candidate_id"":5,""schedule_alpha"":0.5},""phase"":""select""},{""action"":{""search_k"":1,""search_strategy"":""default""},""phase"":""search""},{""action"":{""execution_action"":""none"",""lip_action"":""none""},""phase"":""low""},{""action"":{""high_action"":""split"",""order_decision"":""only_cost""},""phase"":""high""},{""action"":{""candidate_id"":6,""schedule_alpha"":0.5},""phase"":""select""},{""action"":{""search_k"":1,""search_strategy"":""default""},""phase"":""search""},{""action"":{""execution_action"":""none"",""lip_action"":""none""},""phase"":""low""},{""action"":{""high_action"":""split"",""order_decision"":""only_cost""},""phase"":""high""},{""action"":{""candidate_id"":0,""schedule_alpha"":0.5},""phase"":""select""},{""action"":{""search_k"":1,""search_strategy"":""default""},""phase"":""search""},{""action"":{""execution_action"":""none"",""lip_action"":""none""},""phase"":""low""},{""action"":{""high_action"":""split"",""order_decision"":""only_cost""},""phase"":""high""},{""action"":{""candidate_id"":2,""schedule_alpha"":0.5},""phase"":""select""},{""action"":{""search_k"":1,""search_strategy"":""default""},""phase"":""search""},{""action"":{""execution_action"":""none"",""lip_action"":""none""},""phase"":""low""},{""action"":{""high_action"":""split"",""order_decision"":""only_cost""},""phase"":""high""},{""action"":{""candidate_id"":0,""schedule_alpha"":0.5},""phase"":""select""},{""action"":{""search_k"":1,""search_strategy"":""default""},""phase"":""search""},{""action"":{""execution_action"":""none"",""lip_action"":""none""},""phase"":""low""},{""action"":{""high_action"":""split"",""order_decision"":""only_cost""},""phase"":""high""},{""action"":{""candidate_id"":2,""schedule_alpha"":0.5},""phase"":""select""},{""action"":{""search_k"":1,""search_strategy"":""default""},""phase"":""search""},{""action"":{""execution_action"":""none"",""lip_action"":""none""},""phase"":""low""},{""action"":{""high_action"":""split"",""order_decision"":""only_cost""},""phase"":""high""},{""action"":{""candidate_id"":0,""schedule_alpha"":0.5},""phase"":""select""},{""action"":{""search_k"":1,""search_strategy"":""default""},""phase"":""search""},{""action"":{""execution_action"":""none"",""lip_action"":""none""},""phase"":""low""},{""action"":{""high_action"":""stop"",""order_decision"":""only_cost""},""phase"":""high""},{""action"":{""search_k"":1,""search_strategy"":""default""},""phase"":""search""},{""action"":{""execution_action"":""none"",""lip_action"":""none""},""phase"":""low""}]"
STACK,c,./workloads/query_stack/q4_q4-074.sql,One-step RL,261.649012565613,40.398000000000,ok,52364deeccd5ed1ad0488d008c0dbde2320a4be5c9fd243b9a1b6315f8633526,1,True,d636772074e94b52b05655a1b6fbbd3dd0b85ebb666704bf45d519782124b202,fe6f2945c13a19ef74e08f44b18cb5c88b5288dd87adf52448d53669f96d3690,./results/models/ablation/rl/one_step/stack/random_c/best.pt,"[{""action"":{""high_action"":""stop"",""order_decision"":""only_cost""},""phase"":""high""},{""action"":{""search_k"":1,""search_strategy"":""default""},""phase"":""search""},{""action"":{""execution_action"":""none"",""lip_action"":""none""},""phase"":""low""}]"
STACK,c,./workloads/query_stack/q5_q5-015.sql,One-step RL,115.198545157909,70.800000000000,ok,1858f04d363cf5872d24a5f919513b6bbc758306539d1fb71c7d8ae739b7dde3,1,True,a72e687435679f54e95cc50ac1f949805bde249e7dd1ff1367b6ac3703c84a68,4a78cd7f877378e31d22b96fa5bbde261fe9b4359b34ad690362f0bee9c8d8b5,./results/models/ablation/rl/one_step/stack/random_c/best.pt,"[{""action"":{""high_action"":""stop"",""order_decision"":""only_cost""},""phase"":""high""},{""action"":{""search_k"":1,""search_strategy"":""default""},""phase"":""search""},{""action"":{""execution_action"":""none"",""lip_action"":""none""},""phase"":""low""}]"
STACK,c,./workloads/query_stack/q5_q5-077.sql,One-step RL,118.122838437557,62.432000000000,ok,2bb4771eebb7b47365089a6a19756f2e83053e8323d7cd31fa1b6cfcfa7c9c64,1,True,d216094be4b7f0948b1b79e11aec75aa822de8664c5e3b26a5bfd872378f9c0e,7e4ffe2f8211b585b51b9682ecff7434bb9b30072bc9a12224f5f5e0762dd617,./results/models/ablation/rl/one_step/stack/random_c/best.pt,"[{""action"":{""high_action"":""stop"",""order_decision"":""only_cost""},""phase"":""high""},{""action"":{""search_k"":1,""search_strategy"":""default""},""phase"":""search""},{""action"":{""execution_action"":""none"",""lip_action"":""none""},""phase"":""low""}]"
STACK,c,./workloads/query_stack/q6_q6-009.sql,One-step RL,67.805446684361,21.674000000000,ok,2bb4771eebb7b47365089a6a19756f2e83053e8323d7cd31fa1b6cfcfa7c9c64,1,True,dd981f3a53fc119e1335529e007418f03f374c591faf47dba1c46b5521e2b31e,66de7f56f3b26070ace0ec6ad1a9018a0c06b1628c778fad41431bb19eb16b90,./results/models/ablation/rl/one_step/stack/random_c/best.pt,"[{""action"":{""high_action"":""stop"",""order_decision"":""only_cost""},""phase"":""high""},{""action"":{""search_k"":1,""search_strategy"":""default""},""phase"":""search""},{""action"":{""execution_action"":""none"",""lip_action"":""none""},""phase"":""low""}]"
STACK,c,./workloads/query_stack/q6_q6-069.sql,One-step RL,99.195092916489,56.062000000000,ok,ad2301e16f8ac0e556a59dd245bfdf55c48548fd352f0cf92a385882c89aebbd,1,True,af83b13798914cacfaa67f59929d672a30337be2438f661af9d11d2f2e2b48f0,074f6f363d6d0f771266afc24b3df3ef1d71be014306befb267660f76a5d8833,./results/models/ablation/rl/one_step/stack/random_c/best.pt,"[{""action"":{""high_action"":""stop"",""order_decision"":""only_cost""},""phase"":""high""},{""action"":{""search_k"":1,""search_strategy"":""default""},""phase"":""search""},{""action"":{""execution_action"":""none"",""lip_action"":""none""},""phase"":""low""}]"
STACK,c,./workloads/query_stack/q7_q7-034.sql,One-step RL,5399.835363030434,17.875000000000,ok,fa879e4fc50b8c9696eb4dbd6a0b301941889f11c3953bede1a1f9308c6c8618,1,True,c11de721d05106b15cd0c3283053207cb534833814dc45392c7559f5e1d8249d,adb6686c520e7db84bbda144852402d8eb645cbbd669c6a4d64b1913ba32db3a,./results/models/ablation/rl/one_step/stack/random_c/best.pt,"[{""action"":{""high_action"":""split"",""order_decision"":""only_cost""},""phase"":""high""},{""action"":{""candidate_id"":2,""schedule_alpha"":0.5},""phase"":""select""},{""action"":{""search_k"":1,""search_strategy"":""default""},""phase"":""search""},{""action"":{""execution_action"":""none"",""lip_action"":""none""},""phase"":""low""},{""action"":{""high_action"":""split"",""order_decision"":""only_cost""},""phase"":""high""},{""action"":{""candidate_id"":1,""schedule_alpha"":0.5},""phase"":""select""},{""action"":{""search_k"":1,""search_strategy"":""default""},""phase"":""search""},{""action"":{""execution_action"":""none"",""lip_action"":""none""},""phase"":""low""},{""action"":{""high_action"":""stop"",""order_decision"":""only_cost""},""phase"":""high""},{""action"":{""search_k"":1,""search_strategy"":""default""},""phase"":""search""},{""action"":{""execution_action"":""none"",""lip_action"":""none""},""phase"":""low""}]"
STACK,c,./workloads/query_stack/q7_q7-077.sql,One-step RL,5553.531028330326,19.034000000000,ok,91ceb6f253ad07a97c56603d48d7757d57db954f6118e3b861b1b2a27fffc679,1,True,ad708d1064a4a92cd613c209922639a671554338795557cdcd45a3b6c7320fc1,69ff8e64b0b1a204b5dee7d8d2d53152b7b8bb2329a7f9452f125658d7e0ca44,./results/models/ablation/rl/one_step/stack/random_c/best.pt,"[{""action"":{""high_action"":""split"",""order_decision"":""only_cost""},""phase"":""high""},{""action"":{""candidate_id"":1,""schedule_alpha"":0.5},""phase"":""select""},{""action"":{""search_k"":1,""search_strategy"":""default""},""phase"":""search""},{""action"":{""execution_action"":""none"",""lip_action"":""none""},""phase"":""low""},{""action"":{""high_action"":""split"",""order_decision"":""only_cost""},""phase"":""high""},{""action"":{""candidate_id"":1,""schedule_alpha"":0.5},""phase"":""select""},{""action"":{""search_k"":1,""search_strategy"":""default""},""phase"":""search""},{""action"":{""execution_action"":""none"",""lip_action"":""none""},""phase"":""low""},{""action"":{""high_action"":""stop"",""order_decision"":""only_cost""},""phase"":""high""},{""action"":{""search_k"":1,""search_strategy"":""default""},""phase"":""search""},{""action"":{""execution_action"":""none"",""lip_action"":""none""},""phase"":""low""}]"
STACK,c,./workloads/query_stack/q7_q7-082.sql,One-step RL,5424.683369696140,19.594000000000,ok,64043c6a0d07cdab8939a506f1a097454642c5f07efa20f7d4c6ef417b0776a6,1,True,466075e19bbcc2ac6739ee8f6e4dd3721b15fceec510844b49fc976e980957be,4f2f352d638396c0b874fcdbe87b1ce487980046f15b2783a888fb98276138da,./results/models/ablation/rl/one_step/stack/random_c/best.pt,"[{""action"":{""high_action"":""split"",""order_decision"":""only_cost""},""phase"":""high""},{""action"":{""candidate_id"":1,""schedule_alpha"":0.5},""phase"":""select""},{""action"":{""search_k"":1,""search_strategy"":""default""},""phase"":""search""},{""action"":{""execution_action"":""none"",""lip_action"":""none""},""phase"":""low""},{""action"":{""high_action"":""split"",""order_decision"":""only_cost""},""phase"":""high""},{""action"":{""candidate_id"":1,""schedule_alpha"":0.5},""phase"":""select""},{""action"":{""search_k"":1,""search_strategy"":""default""},""phase"":""search""},{""action"":{""execution_action"":""none"",""lip_action"":""none""},""phase"":""low""},{""action"":{""high_action"":""stop"",""order_decision"":""only_cost""},""phase"":""high""},{""action"":{""search_k"":1,""search_strategy"":""default""},""phase"":""search""},{""action"":{""execution_action"":""none"",""lip_action"":""none""},""phase"":""low""}]"
STACK,c,./workloads/query_stack/q8_q8-025.sql,One-step RL,367.025159299374,59.786000000000,ok,fa879e4fc50b8c9696eb4dbd6a0b301941889f11c3953bede1a1f9308c6c8618,1,True,255ed7cdc7c750bc45273907998e3f3111d9a63c27d221f32b9fb8f74aa8c723,02001da7b184475c3ced74ecb52b75f31851a3a05b37b6cf8cc9e00a41411243,./results/models/ablation/rl/one_step/stack/random_c/best.pt,"[{""action"":{""high_action"":""stop"",""order_decision"":""only_cost""},""phase"":""high""},{""action"":{""search_k"":1,""search_strategy"":""default""},""phase"":""search""},{""action"":{""execution_action"":""none"",""lip_action"":""none""},""phase"":""low""}]"
STACK,c,./workloads/query_stack/q8_q8-046.sql,One-step RL,341.846406459808,42.950000000000,ok,fa879e4fc50b8c9696eb4dbd6a0b301941889f11c3953bede1a1f9308c6c8618,1,True,c029928f33e0735cb0b0f385e2c1e00e89b7523c8da78f69eeffac1f47e42dfc,be416e5bcb3571c65f5656dd67d87686d12bc27a39efc51a22837802cce3fd20,./results/models/ablation/rl/one_step/stack/random_c/best.pt,"[{""action"":{""high_action"":""stop"",""order_decision"":""only_cost""},""phase"":""high""},{""action"":{""search_k"":1,""search_strategy"":""default""},""phase"":""search""},{""action"":{""execution_action"":""none"",""lip_action"":""none""},""phase"":""low""}]"
STACK,c,./workloads/query_stack/q8_q8-062.sql,One-step RL,365.074582397938,55.690000000000,ok,fa879e4fc50b8c9696eb4dbd6a0b301941889f11c3953bede1a1f9308c6c8618,1,True,61b1c1432e42929427f74ece18fbb3cad37a58cfecec4cb5f59f22a0c18fdee2,ec9b606b261db9c9eadfad2f92801ce983c6e29b5c4216f226fa07fdaf84a8a6,./results/models/ablation/rl/one_step/stack/random_c/best.pt,"[{""action"":{""high_action"":""stop"",""order_decision"":""only_cost""},""phase"":""high""},{""action"":{""search_k"":1,""search_strategy"":""default""},""phase"":""search""},{""action"":{""execution_action"":""none"",""lip_action"":""none""},""phase"":""low""}]"
STACK,c,./workloads/query_stack/q8_q8-065.sql,One-step RL,362.655855715275,57.924000000000,ok,fa879e4fc50b8c9696eb4dbd6a0b301941889f11c3953bede1a1f9308c6c8618,1,True,778605860faf72f577dd6e053827cfc1823f9b8f93be490894310729e783ef18,e659202b52a8ea3c5aae71c2ab18b497af68b6369725c80c7bc68ab68b5e355e,./results/models/ablation/rl/one_step/stack/random_c/best.pt,"[{""action"":{""high_action"":""stop"",""order_decision"":""only_cost""},""phase"":""high""},{""action"":{""search_k"":1,""search_strategy"":""default""},""phase"":""search""},{""action"":{""execution_action"":""none"",""lip_action"":""none""},""phase"":""low""}]"
STACK,c,./workloads/query_stack/q8_q8-074.sql,One-step RL,365.817397832870,56.249000000000,ok,fa879e4fc50b8c9696eb4dbd6a0b301941889f11c3953bede1a1f9308c6c8618,1,True,5934ae6c90bced178ffeca027508cd919b7c682d9b5677d87a75dad87b4e7f0a,0812b7efed2a87b6255f75d1faf12065b86eb5aaa7964e68548a2cc4b82c8162,./results/models/ablation/rl/one_step/stack/random_c/best.pt,"[{""action"":{""high_action"":""stop"",""order_decision"":""only_cost""},""phase"":""high""},{""action"":{""search_k"":1,""search_strategy"":""default""},""phase"":""search""},{""action"":{""execution_action"":""none"",""lip_action"":""none""},""phase"":""low""}]"
STACK,c,./workloads/query_stack/q8_q8-096.sql,One-step RL,352.775916457176,46.080000000000,ok,fa879e4fc50b8c9696eb4dbd6a0b301941889f11c3953bede1a1f9308c6c8618,1,True,806896680ade4ec0510cf12586f1b7390d32bb84eec28552108349f48f522299,06b03347351e3ffd939ebef7935a0cde00a1a1c934efdcf0ad1205024445c88d,./results/models/ablation/rl/one_step/stack/random_c/best.pt,"[{""action"":{""high_action"":""stop"",""order_decision"":""only_cost""},""phase"":""high""},{""action"":{""search_k"":1,""search_strategy"":""default""},""phase"":""search""},{""action"":{""execution_action"":""none"",""lip_action"":""none""},""phase"":""low""}]"
STACK,,./workloads/query_stack/q11_0ea8bacd.sql,PostgreSQL,284.417137503624,0.000000000000,ok,,,,,,,
STACK,,./workloads/query_stack/q11_33e1caf2.sql,PostgreSQL,108.129180967808,0.000000000000,ok,,,,,,,
STACK,,./workloads/query_stack/q11_6c5cba41.sql,PostgreSQL,231.520086526871,0.000000000000,ok,,,,,,,
STACK,,./workloads/query_stack/q11_87c4bd09.sql,PostgreSQL,960.816450417042,0.000000000000,ok,,,,,,,
STACK,,./workloads/query_stack/q11_9389f588.sql,PostgreSQL,69.342702627182,0.000000000000,ok,,,,,,,
STACK,,./workloads/query_stack/q11_aa96c8d7.sql,PostgreSQL,66.775336861610,0.000000000000,ok,,,,,,,
STACK,,./workloads/query_stack/q11_c1ae2a99.sql,PostgreSQL,5325.720064342022,0.000000000000,ok,,,,,,,
STACK,,./workloads/query_stack/q11_e4ca3559.sql,PostgreSQL,143.114872276783,0.000000000000,ok,,,,,,,
STACK,,./workloads/query_stack/q12_06c8d688.sql,PostgreSQL,168.147496879101,0.000000000000,ok,,,,,,,
STACK,,./workloads/query_stack/q12_07007205.sql,PostgreSQL,359.389565885067,0.000000000000,ok,,,,,,,
STACK,,./workloads/query_stack/q12_547c6bf1.sql,PostgreSQL,85.612520575523,0.000000000000,ok,,,,,,,
STACK,,./workloads/query_stack/q12_55de941e.sql,PostgreSQL,4205.616310238838,0.000000000000,ok,,,,,,,
STACK,,./workloads/query_stack/q12_5a5ff9bd.sql,PostgreSQL,395.064346492290,0.000000000000,ok,,,,,,,
STACK,,./workloads/query_stack/q12_76a47868.sql,PostgreSQL,1608.694761991501,0.000000000000,ok,,,,,,,
STACK,,./workloads/query_stack/q12_812a3eff.sql,PostgreSQL,1818.125419318676,0.000000000000,ok,,,,,,,
STACK,,./workloads/query_stack/q12_bde6c0cf.sql,PostgreSQL,108.589760959148,0.000000000000,ok,,,,,,,
STACK,,./workloads/query_stack/q13_13ad1b8c.sql,PostgreSQL,1014.010399580002,0.000000000000,ok,,,,,,,
STACK,,./workloads/query_stack/q13_1ddcc865.sql,PostgreSQL,3133.785724639893,0.000000000000,ok,,,,,,,
STACK,,./workloads/query_stack/q13_935e2051.sql,PostgreSQL,16069.959938526154,0.000000000000,ok,,,,,,,
STACK,,./workloads/query_stack/q13_a091adce.sql,PostgreSQL,415.625371038914,0.000000000000,ok,,,,,,,
STACK,,./workloads/query_stack/q13_a3d03772.sql,PostgreSQL,1696.597293019295,0.000000000000,ok,,,,,,,
STACK,,./workloads/query_stack/q13_add0df9d.sql,PostgreSQL,1492.243200540543,0.000000000000,ok,,,,,,,
STACK,,./workloads/query_stack/q13_d383cd5b.sql,PostgreSQL,410.328149795532,0.000000000000,ok,,,,,,,
STACK,,./workloads/query_stack/q13_d4707be2.sql,PostgreSQL,883.494533598423,0.000000000000,ok,,,,,,,
STACK,,./workloads/query_stack/q14_4063b6cb.sql,PostgreSQL,549.360722303391,0.000000000000,ok,,,,,,,
STACK,,./workloads/query_stack/q14_5dbc1d1f.sql,PostgreSQL,7919.037416577339,0.000000000000,ok,,,,,,,
STACK,,./workloads/query_stack/q14_5e4835cd.sql,PostgreSQL,265.623614192009,0.000000000000,ok,,,,,,,
STACK,,./workloads/query_stack/q14_63c0776f.sql,PostgreSQL,207.315437495708,0.000000000000,ok,,,,,,,
STACK,,./workloads/query_stack/q14_719e692d.sql,PostgreSQL,1012.952074408531,0.000000000000,ok,,,,,,,
STACK,,./workloads/query_stack/q14_74fd1af6.sql,PostgreSQL,8084.465406835079,0.000000000000,ok,,,,,,,
STACK,,./workloads/query_stack/q14_97e68ad5.sql,PostgreSQL,7904.176071286201,0.000000000000,ok,,,,,,,
STACK,,./workloads/query_stack/q14_b49361f8.sql,PostgreSQL,318.123780190945,0.000000000000,ok,,,,,,,
STACK,,./workloads/query_stack/q15_21e4988a.sql,PostgreSQL,258.500173687935,0.000000000000,ok,,,,,,,
STACK,,./workloads/query_stack/q15_3e37e626.sql,PostgreSQL,521.226152777672,0.000000000000,ok,,,,,,,
STACK,,./workloads/query_stack/q15_543ab3f7.sql,PostgreSQL,307.011790573597,0.000000000000,ok,,,,,,,
STACK,,./workloads/query_stack/q15_78995a5f.sql,PostgreSQL,466.083183884621,0.000000000000,ok,,,,,,,
STACK,,./workloads/query_stack/q15_b2ee2c78.sql,PostgreSQL,578.476101160049,0.000000000000,ok,,,,,,,
STACK,,./workloads/query_stack/q15_b8ddf65b.sql,PostgreSQL,532.303243875504,0.000000000000,ok,,,,,,,
STACK,,./workloads/query_stack/q15_c9619ad4.sql,PostgreSQL,833.094753324986,0.000000000000,ok,,,,,,,
STACK,,./workloads/query_stack/q15_d5546c01.sql,PostgreSQL,245.911322534084,0.000000000000,ok,,,,,,,
STACK,,./workloads/query_stack/q16_1e863562.sql,PostgreSQL,7932.550020515919,0.000000000000,ok,,,,,,,
STACK,,./workloads/query_stack/q16_374e3e4c.sql,PostgreSQL,10883.960306644440,0.000000000000,ok,,,,,,,
STACK,,./workloads/query_stack/q16_b1a96cd4.sql,PostgreSQL,1375.021129846573,0.000000000000,ok,,,,,,,
STACK,,./workloads/query_stack/q16_d5290889.sql,PostgreSQL,286.011122167110,0.000000000000,ok,,,,,,,
STACK,,./workloads/query_stack/q16_ea9efde5.sql,PostgreSQL,710.174560546875,0.000000000000,ok,,,,,,,
STACK,,./workloads/query_stack/q16_ed2ffeae.sql,PostgreSQL,3090.743184089661,0.000000000000,ok,,,,,,,
STACK,,./workloads/query_stack/q16_f67cec3d.sql,PostgreSQL,316.597588360310,0.000000000000,ok,,,,,,,
STACK,,./workloads/query_stack/q16_fbe34e8f.sql,PostgreSQL,9082.508079707623,0.000000000000,ok,,,,,,,
STACK,,./workloads/query_stack/q1_q1-009.sql,PostgreSQL,12.444943189621,0.000000000000,ok,,,,,,,
STACK,,./workloads/query_stack/q1_q1-031.sql,PostgreSQL,10.676614940166,0.000000000000,ok,,,,,,,
STACK,,./workloads/query_stack/q1_q1-035.sql,PostgreSQL,12.086167931557,0.000000000000,ok,,,,,,,
STACK,,./workloads/query_stack/q1_q1-067.sql,PostgreSQL,75.539939105511,0.000000000000,ok,,,,,,,
STACK,,./workloads/query_stack/q1_q1-075.sql,PostgreSQL,108.796685934067,0.000000000000,ok,,,,,,,
STACK,,./workloads/query_stack/q1_q1-098.sql,PostgreSQL,3713.282011449337,0.000000000000,ok,,,,,,,
STACK,,./workloads/query_stack/q1_q1-099.sql,PostgreSQL,3067.337699234486,0.000000000000,ok,,,,,,,
STACK,,./workloads/query_stack/q1_q1-100.sql,PostgreSQL,3408.977039158344,0.000000000000,ok,,,,,,,
STACK,,./workloads/query_stack/q2_q2-001.sql,PostgreSQL,16922.305501997471,0.000000000000,ok,,,,,,,
STACK,,./workloads/query_stack/q2_q2-012.sql,PostgreSQL,20593.424074351788,0.000000000000,ok,,,,,,,
STACK,,./workloads/query_stack/q2_q2-032.sql,PostgreSQL,2810.697570443153,0.000000000000,ok,,,,,,,
STACK,,./workloads/query_stack/q2_q2-035.sql,PostgreSQL,3532.598279416561,0.000000000000,ok,,,,,,,
STACK,,./workloads/query_stack/q2_q2-050.sql,PostgreSQL,1364.017054438591,0.000000000000,ok,,,,,,,
STACK,,./workloads/query_stack/q2_q2-081.sql,PostgreSQL,16500.324621796608,0.000000000000,ok,,,,,,,
STACK,,./workloads/query_stack/q2_q2-094.sql,PostgreSQL,10710.183568298817,0.000000000000,ok,,,,,,,
STACK,,./workloads/query_stack/q2_q2-098.sql,PostgreSQL,18999.794758856297,0.000000000000,ok,,,,,,,
STACK,,./workloads/query_stack/q3_q3-018.sql,PostgreSQL,1620.034970343113,0.000000000000,ok,,,,,,,
STACK,,./workloads/query_stack/q3_q3-040.sql,PostgreSQL,11670.507967472076,0.000000000000,ok,,,,,,,
STACK,,./workloads/query_stack/q3_q3-043.sql,PostgreSQL,1853.586070239544,0.000000000000,ok,,,,,,,
STACK,,./workloads/query_stack/q3_q3-046.sql,PostgreSQL,1039.924465119839,0.000000000000,ok,,,,,,,
STACK,,./workloads/query_stack/q3_q3-066.sql,PostgreSQL,3293.494194746017,0.000000000000,ok,,,,,,,
STACK,,./workloads/query_stack/q3_q3-068.sql,PostgreSQL,1527.367241680622,0.000000000000,ok,,,,,,,
STACK,,./workloads/query_stack/q3_q3-086.sql,PostgreSQL,1456.392139196396,0.000000000000,ok,,,,,,,
STACK,,./workloads/query_stack/q3_q3-099.sql,PostgreSQL,26959.115095436573,0.000000000000,ok,,,,,,,
STACK,,./workloads/query_stack/q4_q4-002.sql,PostgreSQL,216.472424566746,0.000000000000,ok,,,,,,,
STACK,,./workloads/query_stack/q4_q4-026.sql,PostgreSQL,106.605507433414,0.000000000000,ok,,,,,,,
STACK,,./workloads/query_stack/q4_q4-041.sql,PostgreSQL,238.893598318100,0.000000000000,ok,,,,,,,
STACK,,./workloads/query_stack/q4_q4-042.sql,PostgreSQL,92.879049479961,0.000000000000,ok,,,,,,,
STACK,,./workloads/query_stack/q4_q4-064.sql,PostgreSQL,83.009906113148,0.000000000000,ok,,,,,,,
STACK,,./workloads/query_stack/q4_q4-074.sql,PostgreSQL,325.040630996227,0.000000000000,ok,,,,,,,
STACK,,./workloads/query_stack/q4_q4-086.sql,PostgreSQL,131.465181708336,0.000000000000,ok,,,,,,,
STACK,,./workloads/query_stack/q4_q4-089.sql,PostgreSQL,176.207378506660,0.000000000000,ok,,,,,,,
STACK,,./workloads/query_stack/q5_q5-015.sql,PostgreSQL,24.831272661686,0.000000000000,ok,,,,,,,
STACK,,./workloads/query_stack/q5_q5-032.sql,PostgreSQL,41.040681302547,0.000000000000,ok,,,,,,,
STACK,,./workloads/query_stack/q5_q5-041.sql,PostgreSQL,57.526655495167,0.000000000000,ok,,,,,,,
STACK,,./workloads/query_stack/q5_q5-052.sql,PostgreSQL,37.277869880199,0.000000000000,ok,,,,,,,
STACK,,./workloads/query_stack/q5_q5-059.sql,PostgreSQL,51.151245832443,0.000000000000,ok,,,,,,,
STACK,,./workloads/query_stack/q5_q5-077.sql,PostgreSQL,37.616625428200,0.000000000000,ok,,,,,,,
STACK,,./workloads/query_stack/q5_q5-079.sql,PostgreSQL,122.508369386196,0.000000000000,ok,,,,,,,
STACK,,./workloads/query_stack/q5_q5-082.sql,PostgreSQL,63.337974250317,0.000000000000,ok,,,,,,,
STACK,,./workloads/query_stack/q6_q6-002.sql,PostgreSQL,94.753369688988,0.000000000000,ok,,,,,,,
STACK,,./workloads/query_stack/q6_q6-009.sql,PostgreSQL,36.420419812202,0.000000000000,ok,,,,,,,
STACK,,./workloads/query_stack/q6_q6-060.sql,PostgreSQL,108.854278922081,0.000000000000,ok,,,,,,,
STACK,,./workloads/query_stack/q6_q6-064.sql,PostgreSQL,55.231429636478,0.000000000000,ok,,,,,,,
STACK,,./workloads/query_stack/q6_q6-065.sql,PostgreSQL,39.654918015003,0.000000000000,ok,,,,,,,
STACK,,./workloads/query_stack/q6_q6-067.sql,PostgreSQL,39.964772760868,0.000000000000,ok,,,,,,,
STACK,,./workloads/query_stack/q6_q6-069.sql,PostgreSQL,40.823012590408,0.000000000000,ok,,,,,,,
STACK,,./workloads/query_stack/q6_q6-085.sql,PostgreSQL,37.958122789860,0.000000000000,ok,,,,,,,
STACK,,./workloads/query_stack/q7_q7-034.sql,PostgreSQL,7602.097041904926,0.000000000000,ok,,,,,,,
STACK,,./workloads/query_stack/q7_q7-036.sql,PostgreSQL,4312.948644161224,0.000000000000,ok,,,,,,,
STACK,,./workloads/query_stack/q7_q7-047.sql,PostgreSQL,4721.473172307014,0.000000000000,ok,,,,,,,
STACK,,./workloads/query_stack/q7_q7-077.sql,PostgreSQL,4245.826125144958,0.000000000000,ok,,,,,,,
STACK,,./workloads/query_stack/q7_q7-082.sql,PostgreSQL,4327.682591974735,0.000000000000,ok,,,,,,,
STACK,,./workloads/query_stack/q7_q7-085.sql,PostgreSQL,5650.465108454227,0.000000000000,ok,,,,,,,
STACK,,./workloads/query_stack/q7_q7-095.sql,PostgreSQL,5144.637778401375,0.000000000000,ok,,,,,,,
STACK,,./workloads/query_stack/q7_q7-099.sql,PostgreSQL,5233.617044985294,0.000000000000,ok,,,,,,,
STACK,,./workloads/query_stack/q8_q8-006.sql,PostgreSQL,318.770550191402,0.000000000000,ok,,,,,,,
STACK,,./workloads/query_stack/q8_q8-025.sql,PostgreSQL,315.780378878117,0.000000000000,ok,,,,,,,
STACK,,./workloads/query_stack/q8_q8-046.sql,PostgreSQL,297.433465719223,0.000000000000,ok,,,,,,,
STACK,,./workloads/query_stack/q8_q8-062.sql,PostgreSQL,315.331436693668,0.000000000000,ok,,,,,,,
STACK,,./workloads/query_stack/q8_q8-065.sql,PostgreSQL,317.713364958763,0.000000000000,ok,,,,,,,
STACK,,./workloads/query_stack/q8_q8-074.sql,PostgreSQL,306.206822395325,0.000000000000,ok,,,,,,,
STACK,,./workloads/query_stack/q8_q8-076.sql,PostgreSQL,297.207288444042,0.000000000000,ok,,,,,,,
STACK,,./workloads/query_stack/q8_q8-096.sql,PostgreSQL,312.470018863678,0.000000000000,ok,,,,,,,
